controller,seed,epoch,viol_s,loss_pct,pods
HPA,100,1,80.0,4.564056816350204,44.397222222222226
HPA,100,2,80.0,4.613731831270396,45.19166666666667
HPA,100,3,50.0,1.978562771466108,41.61388888888889
HPA,100,4,65.0,3.47702886339577,44.16111111111111
HPA,100,5,85.0,4.925576795960507,44.40555555555556
HPA,100,6,45.0,1.5867960749307741,41.08888888888889
HPA,100,7,45.0,1.56949837218876,41.77777777777778
HPA,100,8,75.0,4.448902046635183,46.93611111111111
HPA,100,9,75.0,4.450138395383618,46.675
HPA,100,10,80.0,4.753125436862316,44.16388888888889
HPA,100,11,60.0,3.3082975215332877,45.18055555555556
HPA,101,1,80.0,5.681352331809009,55.458333333333336
HPA,101,2,85.0,5.965701021807879,54.45
HPA,101,3,85.0,6.157495566644666,58.43055555555556
HPA,101,4,80.0,5.750854940884754,57.516666666666666
HPA,101,5,90.0,6.502825122668543,55.44166666666667
HPA,101,6,80.0,5.797943536936567,57.11944444444445
HPA,101,7,85.0,6.282063966659135,54.958333333333336
HPA,101,8,90.0,6.170305681566468,57.36388888888889
HPA,101,9,80.0,5.591951622403801,54.43333333333333
HPA,101,10,75.0,5.559424861495932,55.958333333333336
HPA,101,11,80.0,5.9131314363608745,57.46666666666667
HPA,102,1,95.0,5.816485382692971,54.830555555555556
HPA,102,2,90.0,5.664744102526253,55.044444444444444
HPA,102,3,90.0,5.67010547949498,54.583333333333336
HPA,102,4,100.0,6.011054488933654,54.19444444444444
HPA,102,5,85.0,5.4429079524608515,53.294444444444444
HPA,102,6,95.0,5.781891465023992,54.3
HPA,102,7,85.0,5.441406498677825,53.8
HPA,102,8,90.0,5.469571008448826,56.46111111111111
HPA,102,9,90.0,5.6513606418204905,53.61944444444445
HPA,102,10,80.0,5.087409914964258,54.21944444444444
HPA,102,11,95.0,5.758709817998442,54.06388888888889
HPA,103,1,130.0,7.997697862799447,60.03055555555556
HPA,103,2,110.0,6.297357291352479,57.513888888888886
HPA,103,3,120.0,7.556340292352049,61.19444444444444
HPA,103,4,105.0,6.228833952520474,56.05555555555556
HPA,103,5,110.0,6.208033066933904,57.477777777777774
HPA,103,6,90.0,5.464612102885136,55.67777777777778
HPA,103,7,115.0,6.710459068311936,58.138888888888886
HPA,103,8,110.0,6.130890678581413,57.36666666666667
HPA,103,9,110.0,6.4937651750548,59.522222222222226
HPA,103,10,100.0,5.8392096188487175,57.6
HPA,103,11,110.0,6.4284420273098775,57.92777777777778
HPA,104,1,160.0,11.199793544617343,68.0111111111111
HPA,104,2,165.0,11.617329469629034,66.61944444444444
HPA,104,3,150.0,10.561308809559023,65.06666666666666
HPA,104,4,155.0,10.728015162658554,67.08888888888889
HPA,104,5,165.0,11.123067524022057,66.89166666666667
HPA,104,6,145.0,10.168751184324776,64.42222222222222
HPA,104,7,160.0,11.329800105438393,64.7
HPA,104,8,160.0,11.025866078164427,64.83888888888889
HPA,104,9,145.0,10.276661510042373,66.525
HPA,104,10,165.0,11.515724288444684,67.40555555555555
HPA,104,11,165.0,11.419295247926442,65.43055555555556
HPA,105,1,85.0,5.301851875462338,48.425
HPA,105,2,80.0,5.2494747659218355,48.769444444444446
HPA,105,3,70.0,4.6200745684148,50.73888888888889
HPA,105,4,75.0,5.269533859049858,48.894444444444446
HPA,105,5,75.0,5.232701879350021,49.58888888888889
HPA,105,6,80.0,5.286579632176336,50.56111111111111
HPA,105,7,75.0,5.163872945756398,49.34166666666667
HPA,105,8,75.0,5.196219720525352,48.48888888888889
HPA,105,9,80.0,5.2332323584283085,49.044444444444444
HPA,105,10,75.0,5.189191610379784,49.21388888888889
HPA,105,11,70.0,5.198873866792142,50.19166666666667
HPA,106,1,80.0,4.780770152171854,41.94444444444444
HPA,106,2,45.0,1.683293128985297,40.05833333333333
HPA,106,3,80.0,4.686248286301997,42.202777777777776
HPA,106,4,45.0,1.6230341409176563,41.50833333333333
HPA,106,5,70.0,4.435744752349247,46.71666666666667
HPA,106,6,80.0,4.811551899296629,42.68333333333333
HPA,106,7,35.0,1.5458697757274709,42.0
HPA,106,8,80.0,4.886857721185511,42.92777777777778
HPA,106,9,45.0,1.6843062800150022,41.30555555555556
HPA,106,10,65.0,3.5423492423364067,43.38611111111111
HPA,106,11,65.0,3.93203918157502,44.15833333333333
HPA,107,1,100.0,6.6982733865548205,53.28333333333333
HPA,107,2,85.0,6.344670221737592,57.96666666666667
HPA,107,3,80.0,5.721077814172215,57.00833333333333
HPA,107,4,85.0,6.1444521338965945,55.772222222222226
HPA,107,5,85.0,6.294166299098625,57.125
HPA,107,6,85.0,6.153666815176284,57.61944444444445
HPA,107,7,90.0,6.262891010090854,56.611111111111114
HPA,107,8,85.0,6.1274870251253555,58.33888888888889
HPA,107,9,80.0,5.831434599007535,57.99166666666667
HPA,107,10,75.0,5.617134640507826,54.958333333333336
HPA,107,11,85.0,6.066131766810878,58.00833333333333
HPA,108,1,85.0,5.445578385083172,54.986111111111114
HPA,108,2,85.0,5.562876419782404,55.15
HPA,108,3,95.0,5.6700874002746815,57.59444444444444
HPA,108,4,85.0,5.413292087674259,55.141666666666666
HPA,108,5,85.0,5.474249525985931,56.641666666666666
HPA,108,6,90.0,5.503754519875425,57.638888888888886
HPA,108,7,80.0,5.171224356899473,55.15277777777778
HPA,108,8,85.0,5.365912575029186,55.30277777777778
HPA,108,9,90.0,5.737756175236052,56.01111111111111
HPA,108,10,90.0,5.495182837887813,54.69444444444444
HPA,108,11,80.0,5.153009670176689,57.46666666666667
HPA,109,1,115.0,6.756158414457247,57.85
HPA,109,2,115.0,7.039915639146277,60.33611111111111
HPA,109,3,115.0,6.234130185252562,58.263888888888886
HPA,109,4,110.0,6.3396480843909035,55.24444444444445
HPA,109,5,105.0,6.331219438049285,58.955555555555556
HPA,109,6,105.0,5.907020470141111,58.794444444444444
HPA,109,7,115.0,6.685130213476286,57.71666666666667
HPA,109,8,110.0,6.088614016462646,58.65
HPA,109,9,115.0,6.562130211402217,56.977777777777774
HPA,109,10,105.0,6.423180769467618,56.375
HPA,109,11,110.0,6.2915143331106265,56.333333333333336
HPA,110,1,160.0,10.84947612431375,66.09722222222223
HPA,110,2,170.0,12.056184214056188,66.45833333333333
HPA,110,3,150.0,10.672406526015765,67.63333333333334
HPA,110,4,170.0,12.119168574981732,66.09166666666667
HPA,110,5,165.0,11.298920677987123,67.70833333333333
HPA,110,6,165.0,11.49096672407971,65.38055555555556
HPA,110,7,160.0,11.320195842446745,64.36666666666666
HPA,110,8,150.0,10.631038393536008,68.05
HPA,110,9,160.0,11.12424155970685,66.56944444444444
HPA,110,10,160.0,10.88101231315488,65.61111111111111
HPA,110,11,160.0,10.924873268899882,65.04166666666667
HPA,111,1,85.0,5.244126624860557,48.84722222222222
HPA,111,2,70.0,5.138203374935113,48.730555555555554
HPA,111,3,75.0,4.996189056682798,50.44166666666667
HPA,111,4,75.0,5.2744626718549075,48.916666666666664
HPA,111,5,75.0,5.362801631465997,48.51111111111111
HPA,111,6,80.0,5.372048583456534,48.975
HPA,111,7,80.0,5.305107128200981,50.513888888888886
HPA,111,8,60.0,4.177293073005495,49.541666666666664
HPA,111,9,80.0,5.329164030248911,51.269444444444446
HPA,111,10,70.0,5.099996619711888,51.85
HPA,111,11,80.0,5.1063507516271205,49.84722222222222
HPA,112,1,60.0,3.5533839923998833,44.388888888888886
HPA,112,2,75.0,4.550647315751921,44.61666666666667
HPA,112,3,75.0,4.516480680889689,45.166666666666664
HPA,112,4,45.0,1.6311868165339583,41.34444444444444
HPA,112,5,75.0,4.525694375298861,44.31111111111111
HPA,112,6,80.0,4.740581622725825,44.236111111111114
HPA,112,7,75.0,4.748451876986937,43.41111111111111
HPA,112,8,45.0,1.627132975022616,40.56666666666667
HPA,112,9,70.0,3.645359876083065,44.15
HPA,112,10,80.0,4.72055392138504,43.7
HPA,112,11,70.0,4.329221651894988,42.861111111111114
HPA,113,1,85.0,6.287335441416364,56.36388888888889
HPA,113,2,80.0,5.817315331513395,55.43333333333333
HPA,113,3,75.0,5.582876027188988,54.958333333333336
HPA,113,4,85.0,6.030645157991666,57.96666666666667
HPA,113,5,75.0,5.568189727140971,54.95
HPA,113,6,75.0,5.574326304480448,56.49166666666667
HPA,113,7,90.0,6.392808587881927,57.66111111111111
HPA,113,8,75.0,5.527887207535609,55.855555555555554
HPA,113,9,75.0,5.484884992177308,55.11944444444445
HPA,113,10,75.0,5.495553630191708,55.855555555555554
HPA,113,11,70.0,5.428679535461534,57.5
HPA,114,1,85.0,5.503382386823952,53.3
HPA,114,2,80.0,5.167443346037992,55.13055555555555
HPA,114,3,100.0,5.870180974255534,55.81666666666667
HPA,114,4,100.0,5.865802401232411,56.19166666666667
HPA,114,5,85.0,5.338214775542715,54.675
HPA,114,6,90.0,5.486420401451253,56.522222222222226
HPA,114,7,90.0,5.493956859306404,54.797222222222224
HPA,114,8,85.0,5.4119880504941875,54.84166666666667
HPA,114,9,80.0,5.143809546611944,55.63055555555555
HPA,114,10,90.0,5.5187458448349265,54.15833333333333
HPA,114,11,90.0,5.446323765294037,55.88333333333333
HPA,115,1,105.0,6.4205023140571305,58.733333333333334
HPA,115,2,115.0,6.52707812994281,58.23888888888889
HPA,115,3,120.0,7.429411922071505,60.99166666666667
HPA,115,4,100.0,5.797281763119832,57.513888888888886
HPA,115,5,115.0,6.549445536609399,56.88611111111111
HPA,115,6,115.0,6.820942392677642,58.391666666666666
HPA,115,7,105.0,5.982255276670334,56.391666666666666
HPA,115,8,125.0,7.468601453767787,61.93333333333333
HPA,115,9,100.0,5.5429943004019595,56.50555555555555
HPA,115,10,115.0,6.758685116114982,56.827777777777776
HPA,115,11,110.0,6.3694982866250305,57.25277777777778
HPA,116,1,170.0,11.54414185580479,66.74722222222222
HPA,116,2,160.0,11.05710064735762,65.63333333333334
HPA,116,3,145.0,10.338274294519067,65.43611111111112
HPA,116,4,140.0,9.588932064184498,66.34722222222223
HPA,116,5,160.0,11.35789127094997,68.2
HPA,116,6,160.0,11.086569360039022,66.16944444444445
HPA,116,7,165.0,11.553393502476716,67.675
HPA,116,8,160.0,11.274777919396639,66.10555555555555
HPA,116,9,165.0,11.457166170505173,66.33055555555555
HPA,116,10,160.0,11.12282562156185,66.23333333333333
HPA,116,11,155.0,10.804009537749115,67.21944444444445
HPA,117,1,80.0,5.287574039581067,48.71388888888889
HPA,117,2,80.0,5.356882373389005,49.78611111111111
HPA,117,3,75.0,4.758742509321023,50.50555555555555
HPA,117,4,75.0,4.820790674516351,48.916666666666664
HPA,117,5,80.0,5.238944119036059,49.26111111111111
HPA,117,6,80.0,5.311825054476415,48.483333333333334
HPA,117,7,80.0,5.302896165182592,51.233333333333334
HPA,117,8,80.0,5.260443265074599,48.41111111111111
HPA,117,9,80.0,5.325908466562035,48.86388888888889
HPA,117,10,75.0,5.26719760845582,51.73888888888889
HPA,117,11,70.0,5.172252203683558,47.41111111111111
HPA,118,1,65.0,3.576671386390251,44.608333333333334
HPA,118,2,70.0,4.4440123945093895,45.46111111111111
HPA,118,3,75.0,4.400007485343849,45.388888888888886
HPA,118,4,80.0,4.782519001498375,44.666666666666664
HPA,118,5,35.0,1.5199623959850084,41.30277777777778
HPA,118,6,80.0,4.842143057565284,43.90277777777778
HPA,118,7,75.0,4.765947370721035,44.230555555555554
HPA,118,8,80.0,4.824771644796277,43.65
HPA,118,9,80.0,4.8727891674583805,42.43611111111111
HPA,118,10,75.0,4.322874148730394,42.38055555555555
HPA,118,11,70.0,3.6530347619308623,42.894444444444446
HPA,119,1,90.0,6.3885204829110975,57.40555555555556
HPA,119,2,75.0,5.593943387483879,54.45
HPA,119,3,85.0,6.173609612202213,57.5
HPA,119,4,90.0,6.254999470966838,57.62777777777778
HPA,119,5,85.0,6.099551599900888,56.88055555555555
HPA,119,6,90.0,6.313385556436135,56.45
HPA,119,7,75.0,5.520421213200633,55.611111111111114
HPA,119,8,95.0,6.372604180908015,56.33888888888889
HPA,119,9,85.0,6.07147944315013,57.96666666666667
HPA,119,10,90.0,6.403169557014299,55.958333333333336
HPA,119,11,75.0,5.591953145880824,56.99166666666667
HPA,120,1,75.0,4.767813789485375,55.675
HPA,120,2,90.0,5.597233266512891,55.31111111111111
HPA,120,3,95.0,5.872036965007843,54.15555555555556
HPA,120,4,80.0,5.333061935718709,55.00555555555555
HPA,120,5,80.0,5.1963298929566974,56.24444444444445
HPA,120,6,85.0,5.054211419764298,54.47222222222222
HPA,120,7,85.0,5.393176258044163,54.67777777777778
HPA,120,8,85.0,5.224373017115935,56.27777777777778
HPA,120,9,95.0,5.771944558838815,59.18888888888889
HPA,120,10,90.0,5.395976773275423,53.105555555555554
HPA,120,11,90.0,5.6232330289330505,55.702777777777776
HPA,121,1,110.0,6.619995416991086,55.833333333333336
HPA,121,2,115.0,6.844567722147222,59.58611111111111
HPA,121,3,120.0,6.693241122423077,59.605555555555554
HPA,121,4,125.0,7.625915359537916,60.55277777777778
HPA,121,5,105.0,6.089642164628229,57.291666666666664
HPA,121,6,130.0,7.676581281208472,60.95
HPA,121,7,120.0,7.510071900811077,60.68055555555556
HPA,121,8,100.0,5.984397118687257,57.15
HPA,121,9,105.0,6.110584589926582,57.733333333333334
HPA,121,10,115.0,6.750128554349222,57.8
HPA,121,11,115.0,6.681793521103508,58.96111111111111
HPA,122,1,175.0,11.928203057409203,64.68055555555556
HPA,122,2,165.0,11.471655553281634,66.56111111111112
HPA,122,3,150.0,10.548552479102192,69.37777777777778
HPA,122,4,165.0,11.634045112558244,66.51388888888889
HPA,122,5,150.0,10.521902753825362,64.71111111111111
HPA,122,6,165.0,11.294126091627355,65.08333333333333
HPA,122,7,140.0,9.462224590170221,63.958333333333336
HPA,122,8,145.0,10.252607358374533,66.80833333333334
HPA,122,9,165.0,11.235951509261232,66.15555555555555
HPA,122,10,170.0,11.503683992827984,66.225
HPA,122,11,165.0,11.238059010877278,67.87222222222222
HPA,123,1,75.0,5.312780154888108,50.58611111111111
HPA,123,2,75.0,5.177477392259777,49.75277777777778
HPA,123,3,75.0,5.225052562897458,50.513888888888886
HPA,123,4,80.0,5.245826476430981,48.983333333333334
HPA,123,5,80.0,5.31884703914246,48.11666666666667
HPA,123,6,80.0,5.222660191286588,49.34166666666667
HPA,123,7,80.0,5.170928800436137,49.21666666666667
HPA,123,8,75.0,5.225213768915116,49.71666666666667
HPA,123,9,85.0,5.293053277338055,48.45
HPA,123,10,70.0,5.190519065452315,48.86388888888889
HPA,123,11,80.0,5.174568926256107,48.80833333333333
HPA,124,1,75.0,4.747462212803677,44.68888888888889
HPA,124,2,40.0,1.535933134454448,41.55555555555556
HPA,124,3,75.0,4.430270499040889,44.675
HPA,124,4,40.0,1.592005288002618,40.31666666666667
HPA,124,5,65.0,3.546185770814536,43.1
HPA,124,6,65.0,3.4980961296735003,43.11666666666667
HPA,124,7,85.0,4.961258623304598,44.15
HPA,124,8,80.0,4.570011332854973,43.2
HPA,124,9,80.0,4.803761182152321,42.919444444444444
HPA,124,10,80.0,4.687856585757311,45.44166666666667
HPA,124,11,40.0,1.725437199671398,41.55555555555556
HPA,125,1,75.0,5.731233509605637,55.830555555555556
HPA,125,2,80.0,5.803346044518531,55.577777777777776
HPA,125,3,80.0,5.943959781027064,57.397222222222226
HPA,125,4,85.0,6.153388921369418,55.58611111111111
HPA,125,5,75.0,5.5346136945333635,55.34722222222222
HPA,125,6,85.0,6.329971990379746,57.458333333333336
HPA,125,7,85.0,6.332516171322656,57.458333333333336
HPA,125,8,80.0,5.911616367043515,56.96666666666667
HPA,125,9,90.0,6.202299660524757,55.077777777777776
HPA,125,10,85.0,6.216877160671864,57.37222222222222
HPA,125,11,90.0,6.1436433101133225,54.96666666666667
HPA,126,1,85.0,5.1487278347868815,56.66111111111111
HPA,126,2,80.0,5.058505559587001,55.81666666666667
HPA,126,3,90.0,5.506407208706577,57.55
HPA,126,4,85.0,5.335201805078338,55.56666666666667
HPA,126,5,85.0,5.351962358549112,56.65
HPA,126,6,85.0,5.332672309027686,55.13333333333333
HPA,126,7,90.0,5.582536188715192,55.075
HPA,126,8,105.0,6.1589140614796705,58.03888888888889
HPA,126,9,85.0,5.422160538075548,55.71111111111111
HPA,126,10,100.0,5.974709635704989,58.080555555555556
HPA,126,11,85.0,5.486237850170383,53.96666666666667
HPA,127,1,120.0,7.089102072140241,56.95
HPA,127,2,120.0,7.067421160554089,56.102777777777774
HPA,127,3,120.0,7.3205413530713415,61.608333333333334
HPA,127,4,115.0,6.682638373782357,58.46944444444444
HPA,127,5,110.0,6.827449617577763,59.63055555555555
HPA,127,6,120.0,7.142219873299882,60.75555555555555
HPA,127,7,125.0,7.524794672692381,61.480555555555554
HPA,127,8,120.0,6.837296029348394,58.15555555555556
HPA,127,9,110.0,6.297682052063958,57.96111111111111
HPA,127,10,110.0,6.214699554380266,58.00555555555555
HPA,127,11,115.0,6.952022341444408,58.92777777777778
HPA,128,1,160.0,11.011139101764456,64.80277777777778
HPA,128,2,160.0,11.230909125275357,65.69166666666666
HPA,128,3,165.0,11.54345998649321,67.19444444444444
HPA,128,4,160.0,10.791131797308672,66.16666666666667
HPA,128,5,170.0,12.110241026535162,66.68611111111112
HPA,128,6,160.0,11.238375164374691,65.76666666666667
HPA,128,7,160.0,10.915465349192155,66.7611111111111
HPA,128,8,150.0,10.495578051216437,64.1361111111111
HPA,128,9,150.0,10.135796115653351,64.4888888888889
HPA,128,10,160.0,11.06357839813028,67.6
HPA,128,11,155.0,10.591998840031792,63.24444444444445
HPA,129,1,80.0,5.369846438547887,48.78611111111111
HPA,129,2,80.0,5.2671155583366325,51.37222222222222
HPA,129,3,80.0,5.283811232727576,48.94722222222222
HPA,129,4,75.0,5.180339697560788,50.78055555555556
HPA,129,5,75.0,5.114998158084127,49.49444444444445
HPA,129,6,80.0,5.311515998430383,50.15555555555556
HPA,129,7,75.0,5.1485412444604695,49.233333333333334
HPA,129,8,75.0,4.951868159061279,48.083333333333336
HPA,129,9,80.0,4.9914463108283735,50.37222222222222
HPA,129,10,80.0,5.188209281523626,49.06111111111111
HPA,129,11,80.0,5.211780729253556,48.43888888888889
HPA-fast,100,1,30.0,1.24349415129128,48.06666666666667
HPA-fast,100,2,0.0,0.0,46.84444444444444
HPA-fast,100,3,40.0,1.9130287418373748,47.55833333333333
HPA-fast,100,4,5.0,0.11363260132614128,46.486111111111114
HPA-fast,100,5,40.0,1.6406330647690037,47.11388888888889
HPA-fast,100,6,40.0,1.5916252887749893,47.07222222222222
HPA-fast,100,7,0.0,0.028666698175339178,47.125
HPA-fast,100,8,30.0,1.1634230771158438,46.77777777777778
HPA-fast,100,9,45.0,1.7520734134945037,46.78611111111111
HPA-fast,100,10,45.0,1.6621850830813467,48.12777777777778
HPA-fast,100,11,0.0,0.03199204464900962,46.977777777777774
HPA-fast,101,1,90.0,6.507658694767016,49.827777777777776
HPA-fast,101,2,80.0,5.805948640749337,49.44166666666667
HPA-fast,101,3,100.0,6.899503664154183,49.11388888888889
HPA-fast,101,4,80.0,5.7570063820731825,48.63611111111111
HPA-fast,101,5,95.0,6.659241559515017,49.50555555555555
HPA-fast,101,6,95.0,6.507438831643142,49.327777777777776
HPA-fast,101,7,90.0,6.5345736064855275,49.022222222222226
HPA-fast,101,8,75.0,5.586182142655138,49.022222222222226
HPA-fast,101,9,75.0,5.543599944496059,48.81666666666667
HPA-fast,101,10,90.0,6.478394193257331,49.50555555555555
HPA-fast,101,11,90.0,6.56349642546502,48.708333333333336
HPA-fast,102,1,85.0,5.4973705622415,47.9
HPA-fast,102,2,80.0,5.1700016360561545,50.27777777777778
HPA-fast,102,3,80.0,5.041638537428639,49.72222222222222
HPA-fast,102,4,95.0,5.528372643779866,48.82222222222222
HPA-fast,102,5,75.0,4.845724060245871,49.138888888888886
HPA-fast,102,6,85.0,5.177909573247952,50.05833333333333
HPA-fast,102,7,75.0,4.916857095692151,50.125
HPA-fast,102,8,80.0,5.130392221366775,49.28611111111111
HPA-fast,102,9,90.0,5.599640057675737,49.78333333333333
HPA-fast,102,10,70.0,4.727952426927495,48.205555555555556
HPA-fast,102,11,85.0,5.368903514793455,48.87777777777778
HPA-fast,103,1,100.0,6.14666167774126,50.50833333333333
HPA-fast,103,2,35.0,2.061902028239815,45.291666666666664
HPA-fast,103,3,45.0,2.713554369401616,45.791666666666664
HPA-fast,103,4,95.0,5.46151085647939,50.93611111111111
HPA-fast,103,5,45.0,2.712262773814178,46.46666666666667
HPA-fast,103,6,90.0,5.425886761843701,51.16388888888889
HPA-fast,103,7,90.0,5.527754939389773,50.977777777777774
HPA-fast,103,8,90.0,5.332101755207996,50.638888888888886
HPA-fast,103,9,45.0,2.794617042502845,46.67777777777778
HPA-fast,103,10,95.0,5.661932017249027,50.84444444444444
HPA-fast,103,11,105.0,6.155335313578425,50.00555555555555
HPA-fast,104,1,130.0,9.130597610398928,49.52777777777778
HPA-fast,104,2,135.0,9.38353956131982,49.55277777777778
HPA-fast,104,3,135.0,9.474179697362784,51.644444444444446
HPA-fast,104,4,145.0,10.067628031880515,49.21111111111111
HPA-fast,104,5,135.0,9.367368661608722,51.91388888888889
HPA-fast,104,6,135.0,9.420434421564705,50.34444444444444
HPA-fast,104,7,140.0,9.9218101121331,50.102777777777774
HPA-fast,104,8,130.0,9.083325531526842,50.75
HPA-fast,104,9,140.0,9.772237201939449,50.375
HPA-fast,104,10,130.0,8.834680027465547,50.797222222222224
HPA-fast,104,11,140.0,9.565541628282926,50.475
HPA-fast,105,1,140.0,8.892738799496879,51.227777777777774
HPA-fast,105,2,100.0,5.603736496926248,47.59166666666667
HPA-fast,105,3,105.0,5.5993179318255315,48.13611111111111
HPA-fast,105,4,135.0,8.578885747951336,50.56666666666667
HPA-fast,105,5,145.0,9.224796345201847,51.48888888888889
HPA-fast,105,6,100.0,5.212491353269644,48.19722222222222
HPA-fast,105,7,85.0,5.411095596031156,46.65833333333333
HPA-fast,105,8,140.0,8.56989159376791,51.147222222222226
HPA-fast,105,9,150.0,9.369601462760347,51.513888888888886
HPA-fast,105,10,135.0,8.186793403469705,51.605555555555554
HPA-fast,105,11,140.0,8.910457110331604,51.07222222222222
HPA-fast,106,1,5.0,0.05983030754068697,46.797222222222224
HPA-fast,106,2,0.0,0.02261721125120797,47.075
HPA-fast,106,3,0.0,0.0,46.3
HPA-fast,106,4,35.0,1.5601447977522498,47.26111111111111
HPA-fast,106,5,0.0,0.0,46.733333333333334
HPA-fast,106,6,35.0,1.3192470056184513,47.06666666666667
HPA-fast,106,7,0.0,0.0,46.772222222222226
HPA-fast,106,8,5.0,0.11909593491296055,46.15
HPA-fast,106,9,0.0,0.012771866847138824,46.827777777777776
HPA-fast,106,10,35.0,1.5117061194522163,47.355555555555554
HPA-fast,106,11,40.0,1.621990716451538,47.297222222222224
HPA-fast,107,1,95.0,6.533202382090286,48.68611111111111
HPA-fast,107,2,90.0,6.447590199195141,49.24722222222222
HPA-fast,107,3,80.0,5.715936076438788,49.577777777777776
HPA-fast,107,4,80.0,5.852511217353529,48.15
HPA-fast,107,5,80.0,5.833084236432362,50.19722222222222
HPA-fast,107,6,90.0,6.541968066027537,50.05555555555556
HPA-fast,107,7,90.0,6.377918876307742,49.419444444444444
HPA-fast,107,8,90.0,6.306030945998531,49.894444444444446
HPA-fast,107,9,80.0,5.872308128919634,49.50833333333333
HPA-fast,107,10,95.0,6.6070222058771,49.425
HPA-fast,107,11,90.0,6.341098814476542,49.90277777777778
HPA-fast,108,1,70.0,4.995290717301904,49.888888888888886
HPA-fast,108,2,80.0,5.166881824990388,47.81944444444444
HPA-fast,108,3,90.0,5.445828540905884,49.81944444444444
HPA-fast,108,4,70.0,4.724101200122243,50.55277777777778
HPA-fast,108,5,80.0,5.077443871239118,49.66388888888889
HPA-fast,108,6,85.0,5.254665916269596,48.40277777777778
HPA-fast,108,7,75.0,5.048959911950357,49.475
HPA-fast,108,8,70.0,4.724633569786441,49.275
HPA-fast,108,9,75.0,4.9158517163838455,50.78888888888889
HPA-fast,108,10,80.0,5.009596152125873,49.71944444444444
HPA-fast,108,11,70.0,4.581705482148301,49.577777777777776
HPA-fast,109,1,45.0,2.720546433361559,45.791666666666664
HPA-fast,109,2,95.0,5.246664612458063,50.31944444444444
HPA-fast,109,3,95.0,5.430941983773141,48.791666666666664
HPA-fast,109,4,110.0,6.2460553202628555,49.93333333333333
HPA-fast,109,5,90.0,5.288853587576936,49.394444444444446
HPA-fast,109,6,45.0,2.749042926600709,46.78611111111111
HPA-fast,109,7,45.0,2.739143739063077,47.40833333333333
HPA-fast,109,8,45.0,2.7654249565809086,47.333333333333336
HPA-fast,109,9,110.0,6.2886990152901,50.49444444444445
HPA-fast,109,10,95.0,5.917982399324173,50.25833333333333
HPA-fast,109,11,45.0,2.7419362695928817,45.53055555555556
HPA-fast,110,1,140.0,9.568936725166555,50.208333333333336
HPA-fast,110,2,130.0,8.999544556075756,52.21111111111111
HPA-fast,110,3,130.0,9.057449367236249,50.68055555555556
HPA-fast,110,4,140.0,9.752070818206649,52.33611111111111
HPA-fast,110,5,125.0,8.983631284899197,50.30833333333333
HPA-fast,110,6,135.0,9.48008180494747,49.733333333333334
HPA-fast,110,7,140.0,9.71904727307178,48.455555555555556
HPA-fast,110,8,140.0,9.903148642593774,50.733333333333334
HPA-fast,110,9,125.0,8.874454453025482,50.90555555555556
HPA-fast,110,10,140.0,9.66383818627815,50.147222222222226
HPA-fast,110,11,135.0,9.149171454534244,50.71388888888889
HPA-fast,111,1,145.0,8.822884102030681,50.75277777777778
HPA-fast,111,2,135.0,8.53549637001918,51.34444444444444
HPA-fast,111,3,105.0,4.020969557295329,47.06111111111111
HPA-fast,111,4,100.0,5.410171529368224,46.6
HPA-fast,111,5,130.0,8.224989268434745,51.50555555555555
HPA-fast,111,6,140.0,9.02545924161161,51.019444444444446
HPA-fast,111,7,95.0,5.525312689882645,46.90277777777778
HPA-fast,111,8,135.0,8.367964446007402,50.55
HPA-fast,111,9,140.0,8.800871296892666,51.40277777777778
HPA-fast,111,10,140.0,8.821025895300593,51.56388888888889
HPA-fast,111,11,125.0,6.600390179224802,50.9
HPA-fast,112,1,25.0,1.002291503404873,47.044444444444444
HPA-fast,112,2,0.0,0.0,46.43333333333333
HPA-fast,112,3,35.0,1.588173859990094,47.61944444444445
HPA-fast,112,4,5.0,0.04796647533830134,46.8
HPA-fast,112,5,30.0,1.309690454745649,47.975
HPA-fast,112,6,0.0,0.018627251450065163,46.416666666666664
HPA-fast,112,7,0.0,0.0,45.99166666666667
HPA-fast,112,8,30.0,1.1856699450042196,46.95
HPA-fast,112,9,35.0,1.4786942619774202,47.833333333333336
HPA-fast,112,10,0.0,0.02917330703126053,47.266666666666666
HPA-fast,112,11,0.0,0.0,47.394444444444446
HPA-fast,113,1,90.0,6.5356392775652195,48.48888888888889
HPA-fast,113,2,90.0,6.4935155543738965,49.044444444444444
HPA-fast,113,3,85.0,6.079466740758455,49.53888888888889
HPA-fast,113,4,95.0,6.406799062373059,48.96388888888889
HPA-fast,113,5,75.0,5.587887175410899,48.46111111111111
HPA-fast,113,6,80.0,5.7863039491766965,49.53611111111111
HPA-fast,113,7,75.0,5.599088982058009,49.525
HPA-fast,113,8,90.0,6.383666351108785,49.90277777777778
HPA-fast,113,9,95.0,6.506719277637596,49.86944444444445
HPA-fast,113,10,95.0,6.504792305593776,49.41111111111111
HPA-fast,113,11,75.0,5.520316427970561,48.80833333333333
HPA-fast,114,1,80.0,5.059104412663773,49.35
HPA-fast,114,2,75.0,4.977165344604906,49.147222222222226
HPA-fast,114,3,85.0,5.021291983877607,48.68055555555556
HPA-fast,114,4,85.0,5.356288874495297,48.602777777777774
HPA-fast,114,5,65.0,4.732636860413065,49.36944444444445
HPA-fast,114,6,85.0,5.204843198855702,49.21111111111111
HPA-fast,114,7,85.0,5.174393907207753,49.08611111111111
HPA-fast,114,8,80.0,5.012291751569031,48.475
HPA-fast,114,9,75.0,4.951105192561556,49.477777777777774
HPA-fast,114,10,75.0,4.771604889557879,50.00833333333333
HPA-fast,114,11,85.0,5.259401361267257,48.66111111111111
HPA-fast,115,1,90.0,5.397822901973514,50.575
HPA-fast,115,2,40.0,2.4400430294305497,47.044444444444444
HPA-fast,115,3,90.0,5.406284307665976,49.81111111111111
HPA-fast,115,4,90.0,5.382095862107372,50.30833333333333
HPA-fast,115,5,90.0,5.307098260438536,49.62777777777778
HPA-fast,115,6,45.0,2.7528464055188606,46.84166666666667
HPA-fast,115,7,90.0,5.283388080579576,50.291666666666664
HPA-fast,115,8,100.0,5.515069380142467,50.394444444444446
HPA-fast,115,9,90.0,5.250913706135396,49.6
HPA-fast,115,10,90.0,5.345663219689046,50.28611111111111
HPA-fast,115,11,45.0,2.7400118323240963,46.769444444444446
HPA-fast,116,1,140.0,9.701191323118707,50.38611111111111
HPA-fast,116,2,140.0,9.858545315017054,51.00833333333333
HPA-fast,116,3,140.0,9.803409972484655,49.763888888888886
HPA-fast,116,4,140.0,9.56720402281882,50.23888888888889
HPA-fast,116,5,135.0,9.3529551468012,49.37222222222222
HPA-fast,116,6,135.0,9.009162043680064,50.24722222222222
HPA-fast,116,7,135.0,9.497859598051562,50.144444444444446
HPA-fast,116,8,130.0,9.328550829349524,50.56111111111111
HPA-fast,116,9,145.0,9.905936294586137,50.55
HPA-fast,116,10,140.0,9.897730947595829,51.575
HPA-fast,116,11,130.0,8.977349271521218,50.36388888888889
HPA-fast,117,1,135.0,8.115419006780089,50.65555555555556
HPA-fast,117,2,140.0,8.913729260914105,50.794444444444444
HPA-fast,117,3,145.0,8.935953428442389,51.641666666666666
HPA-fast,117,4,135.0,8.309110177383971,52.169444444444444
HPA-fast,117,5,100.0,5.5530734100532335,46.547222222222224
HPA-fast,117,6,145.0,9.090104634664897,51.227777777777774
HPA-fast,117,7,150.0,9.366725042664125,50.74166666666667
HPA-fast,117,8,140.0,8.842461149994218,51.15833333333333
HPA-fast,117,9,150.0,9.358909938915028,51.861111111111114
HPA-fast,117,10,140.0,8.934406967564213,50.87777777777778
HPA-fast,117,11,135.0,8.431323638019384,51.41388888888889
HPA-fast,118,1,0.0,0.0,46.825
HPA-fast,118,2,0.0,0.0,46.19444444444444
HPA-fast,118,3,5.0,0.05750705447179483,46.452777777777776
HPA-fast,118,4,5.0,0.04643750525552548,47.61666666666667
HPA-fast,118,5,45.0,2.134800214409116,48.31111111111111
HPA-fast,118,6,45.0,1.7364989068736958,47.93055555555556
HPA-fast,118,7,40.0,1.9098682880842266,47.547222222222224
HPA-fast,118,8,35.0,1.336364004836832,47.68611111111111
HPA-fast,118,9,35.0,1.5863124418072805,46.67777777777778
HPA-fast,118,10,0.0,0.009088692551140198,46.730555555555554
HPA-fast,118,11,0.0,0.005826835249178597,46.227777777777774
HPA-fast,119,1,90.0,6.590044280352203,48.31111111111111
HPA-fast,119,2,75.0,5.541024942227679,48.81388888888889
HPA-fast,119,3,95.0,6.7723251191861955,49.0
HPA-fast,119,4,90.0,6.408602772097549,49.388888888888886
HPA-fast,119,5,80.0,5.820714301123808,48.93611111111111
HPA-fast,119,6,95.0,6.554164147843311,49.227777777777774
HPA-fast,119,7,95.0,6.516067298249794,48.78333333333333
HPA-fast,119,8,90.0,6.486748843829471,49.486111111111114
HPA-fast,119,9,90.0,6.517246205086613,48.68888888888889
HPA-fast,119,10,90.0,6.429831180707413,48.975
HPA-fast,119,11,90.0,6.543523701966292,48.81666666666667
HPA-fast,120,1,80.0,5.051015596559372,50.266666666666666
HPA-fast,120,2,75.0,4.939791855534947,49.513888888888886
HPA-fast,120,3,90.0,5.636632641630079,49.30555555555556
HPA-fast,120,4,75.0,5.094814418382409,49.33611111111111
HPA-fast,120,5,80.0,5.344283040722786,48.25
HPA-fast,120,6,80.0,4.943748839322626,50.30555555555556
HPA-fast,120,7,75.0,5.019353733420983,48.31111111111111
HPA-fast,120,8,80.0,5.057698653723364,49.041666666666664
HPA-fast,120,9,75.0,4.684542540593362,47.91388888888889
HPA-fast,120,10,85.0,5.285476995723926,49.38055555555555
HPA-fast,120,11,75.0,4.8616513152521135,49.24444444444445
HPA-fast,121,1,45.0,2.7070829336460656,47.08888888888889
HPA-fast,121,2,45.0,2.738752374718978,46.047222222222224
HPA-fast,121,3,50.0,2.807296769461809,46.78888888888889
HPA-fast,121,4,40.0,2.444378731082264,46.480555555555554
HPA-fast,121,5,105.0,6.09627703890645,49.986111111111114
HPA-fast,121,6,95.0,5.447649152115819,50.925
HPA-fast,121,7,90.0,5.229790786914668,49.40833333333333
HPA-fast,121,8,45.0,2.7219549501592444,47.18611111111111
HPA-fast,121,9,45.0,2.7231833205452083,46.93333333333333
HPA-fast,121,10,45.0,2.7748031685935537,46.33611111111111
HPA-fast,121,11,90.0,5.433517740968918,50.266666666666666
HPA-fast,122,1,140.0,9.799614025160452,50.1
HPA-fast,122,2,140.0,9.924728986251651,50.236111111111114
HPA-fast,122,3,135.0,9.294911639263937,51.16388888888889
HPA-fast,122,4,130.0,9.07514574639199,50.98888888888889
HPA-fast,122,5,150.0,10.257723321613621,50.00277777777778
HPA-fast,122,6,145.0,9.81862152237275,49.40833333333333
HPA-fast,122,7,145.0,9.957701537270669,49.075
HPA-fast,122,8,135.0,9.640240145034017,51.544444444444444
HPA-fast,122,9,130.0,9.376605105849755,50.666666666666664
HPA-fast,122,10,140.0,9.510643228266847,50.269444444444446
HPA-fast,122,11,135.0,9.436694121559997,50.602777777777774
HPA-fast,123,1,140.0,8.818988396430727,50.775
HPA-fast,123,2,140.0,8.916917867530817,51.31666666666667
HPA-fast,123,3,90.0,5.608931041595477,46.58611111111111
HPA-fast,123,4,95.0,5.7429991809426095,46.65
HPA-fast,123,5,95.0,5.422848235031063,46.21388888888889
HPA-fast,123,6,135.0,8.214012468331033,51.71388888888889
HPA-fast,123,7,140.0,8.388012543285662,52.075
HPA-fast,123,8,145.0,8.867009494009693,51.75833333333333
HPA-fast,123,9,140.0,8.895604599577334,51.0
HPA-fast,123,10,140.0,8.765253118844274,51.452777777777776
HPA-fast,123,11,140.0,8.680474207470946,51.75
HPA-fast,124,1,40.0,1.6473138200158166,47.230555555555554
HPA-fast,124,2,0.0,0.0,45.952777777777776
HPA-fast,124,3,0.0,0.0,46.94444444444444
HPA-fast,124,4,45.0,2.2927022015339804,47.458333333333336
HPA-fast,124,5,35.0,1.2799628600676516,46.84722222222222
HPA-fast,124,6,0.0,0.0,46.61944444444445
HPA-fast,124,7,5.0,0.09497171854214725,46.166666666666664
HPA-fast,124,8,35.0,1.3398743521257916,47.03055555555556
HPA-fast,124,9,0.0,0.010372672006087047,46.647222222222226
HPA-fast,124,10,40.0,1.5932225736803418,46.608333333333334
HPA-fast,124,11,35.0,1.5499874342125186,46.80277777777778
HPA-fast,125,1,95.0,6.641327309500222,49.477777777777774
HPA-fast,125,2,90.0,6.132467421079824,49.11666666666667
HPA-fast,125,3,80.0,5.906503692560971,49.15
HPA-fast,125,4,90.0,6.587385809927538,50.43611111111111
HPA-fast,125,5,90.0,6.442797088304553,50.294444444444444
HPA-fast,125,6,90.0,6.546532219995582,50.28333333333333
HPA-fast,125,7,90.0,6.400739257295818,49.68888888888889
HPA-fast,125,8,80.0,5.905180468587757,50.263888888888886
HPA-fast,125,9,90.0,6.506816111010039,49.93333333333333
HPA-fast,125,10,75.0,5.606814526901238,49.00277777777778
HPA-fast,125,11,90.0,6.329630724391844,49.23888888888889
HPA-fast,126,1,80.0,5.089069094479992,49.65277777777778
HPA-fast,126,2,75.0,4.829833524588755,48.90277777777778
HPA-fast,126,3,85.0,5.1035396494741985,48.75555555555555
HPA-fast,126,4,75.0,4.7454578786404245,49.56666666666667
HPA-fast,126,5,75.0,4.959617051335396,49.59722222222222
HPA-fast,126,6,70.0,4.701094915779636,49.71111111111111
HPA-fast,126,7,85.0,5.393911787429406,49.03333333333333
HPA-fast,126,8,100.0,5.806374640819745,49.30277777777778
HPA-fast,126,9,75.0,4.85657980457197,49.97222222222222
HPA-fast,126,10,80.0,4.937340189302963,50.13333333333333
HPA-fast,126,11,80.0,5.047043842729826,49.03333333333333
HPA-fast,127,1,85.0,5.207433570528575,50.25833333333333
HPA-fast,127,2,105.0,6.059132295281843,50.169444444444444
HPA-fast,127,3,90.0,5.437650550284479,51.08611111111111
HPA-fast,127,4,90.0,5.300182659283403,51.28055555555556
HPA-fast,127,5,100.0,6.182855974895951,50.075
HPA-fast,127,6,110.0,6.417047379987261,49.87222222222222
HPA-fast,127,7,45.0,2.69782478314341,46.82222222222222
HPA-fast,127,8,90.0,5.379165423324861,51.50277777777778
HPA-fast,127,9,45.0,2.6835387366176855,45.74722222222222
HPA-fast,127,10,50.0,2.7686336760484487,46.202777777777776
HPA-fast,127,11,45.0,2.7039798017615024,46.0
HPA-fast,128,1,140.0,9.798962847414327,50.43888888888889
HPA-fast,128,2,135.0,9.68365256398136,50.94722222222222
HPA-fast,128,3,135.0,9.09910714100638,50.53333333333333
HPA-fast,128,4,140.0,9.79340671955966,49.766666666666666
HPA-fast,128,5,130.0,9.174151375485096,50.19722222222222
HPA-fast,128,6,145.0,9.930385072819291,50.769444444444446
HPA-fast,128,7,140.0,9.328999052303432,50.172222222222224
HPA-fast,128,8,140.0,9.551590470412519,51.40833333333333
HPA-fast,128,9,140.0,9.325005882134253,50.55833333333333
HPA-fast,128,10,130.0,9.359069940015974,50.21111111111111
HPA-fast,128,11,135.0,9.204496034986143,50.93611111111111
HPA-fast,129,1,140.0,8.564634518034985,52.71111111111111
HPA-fast,129,2,130.0,6.74949976048087,46.63333333333333
HPA-fast,129,3,90.0,5.480905689772875,46.233333333333334
HPA-fast,129,4,110.0,5.503365214204514,48.32222222222222
HPA-fast,129,5,140.0,8.73467590323267,50.09444444444444
HPA-fast,129,6,140.0,8.852189549122869,51.861111111111114
HPA-fast,129,7,135.0,8.633070512193708,51.24722222222222
HPA-fast,129,8,145.0,8.660584020001094,51.080555555555556
HPA-fast,129,9,95.0,5.578322387814216,46.94722222222222
HPA-fast,129,10,145.0,9.154847669899413,51.73888888888889
HPA-fast,129,11,140.0,8.748688535057635,52.672222222222224
HPA-45,100,1,35.0,1.4653960375574426,51.605555555555554
HPA-45,100,2,45.0,1.9987137096015073,52.65277777777778
HPA-45,100,3,60.0,3.390788149257362,53.391666666666666
HPA-45,100,4,35.0,1.4435235796065204,50.27777777777778
HPA-45,100,5,35.0,1.5454180597564537,51.93888888888889
HPA-45,100,6,35.0,1.4637402504450225,51.81944444444444
HPA-45,100,7,35.0,1.470407845718058,50.85
HPA-45,100,8,40.0,1.8367655116626525,51.63611111111111
HPA-45,100,9,60.0,3.338269811948591,53.40833333333333
HPA-45,100,10,35.0,1.4740409287431477,52.35
HPA-45,100,11,60.0,3.2553265222210137,54.44166666666667
HPA-45,101,1,70.0,5.219893975609713,73.01666666666667
HPA-45,101,2,75.0,5.411872606873914,72.66944444444445
HPA-45,101,3,70.0,5.239363257952934,70.57777777777778
HPA-45,101,4,75.0,5.350015182828127,75.06111111111112
HPA-45,101,5,70.0,5.237164185057164,74.09166666666667
HPA-45,101,6,70.0,5.081114817166332,71.31111111111112
HPA-45,101,7,80.0,5.795788553619429,73.525
HPA-45,101,8,70.0,5.032273423092226,71.65833333333333
HPA-45,101,9,70.0,5.161208502940184,69.21111111111111
HPA-45,101,10,80.0,5.743376158047441,70.12777777777778
HPA-45,101,11,80.0,5.689000608228434,73.8861111111111
HPA-45,102,1,75.0,4.56026926229759,69.28333333333333
HPA-45,102,2,75.0,4.6537047844882995,71.17777777777778
HPA-45,102,3,70.0,4.434655080942851,67.48055555555555
HPA-45,102,4,95.0,5.317008958426806,69.93888888888888
HPA-45,102,5,75.0,4.672512562310372,69.68333333333334
HPA-45,102,6,75.0,4.684674767696306,69.23611111111111
HPA-45,102,7,70.0,4.455721094548015,68.41944444444445
HPA-45,102,8,85.0,5.438484023750878,69.30833333333334
HPA-45,102,9,80.0,5.075480074797989,70.02777777777777
HPA-45,102,10,75.0,4.754672201960375,69.75
HPA-45,102,11,75.0,4.726489667902789,71.35
HPA-45,103,1,85.0,4.941502835648426,71.97222222222223
HPA-45,103,2,80.0,4.740997308084516,69.36111111111111
HPA-45,103,3,80.0,4.670864356866922,69.94722222222222
HPA-45,103,4,65.0,3.954546895409994,69.33611111111111
HPA-45,103,5,75.0,4.579959255889287,69.56388888888888
HPA-45,103,6,95.0,5.842971276482912,69.98611111111111
HPA-45,103,7,80.0,4.796847296362561,70.56666666666666
HPA-45,103,8,65.0,3.570630584568113,66.18333333333334
HPA-45,103,9,85.0,4.828211481760636,69.55833333333334
HPA-45,103,10,105.0,6.0283063410570215,70.86944444444444
HPA-45,103,11,40.0,2.4987031196971987,58.97222222222222
HPA-45,104,1,145.0,9.93626848181739,81.25
HPA-45,104,2,135.0,9.117687097634054,81.55
HPA-45,104,3,140.0,9.52125650173481,83.11944444444444
HPA-45,104,4,120.0,8.139544177219927,79.35
HPA-45,104,5,110.0,7.381868499280175,79.89444444444445
HPA-45,104,6,110.0,7.660305467940754,77.35
HPA-45,104,7,115.0,8.11231835726799,78.65277777777777
HPA-45,104,8,120.0,8.279760259564185,80.20277777777778
HPA-45,104,9,120.0,8.217134999525943,79.14444444444445
HPA-45,104,10,115.0,7.965333268862073,79.64722222222223
HPA-45,104,11,95.0,6.2879180290676295,73.09722222222223
HPA-45,105,1,55.0,2.9129287261970727,57.31666666666667
HPA-45,105,2,60.0,2.963915999467792,58.28055555555556
HPA-45,105,3,50.0,2.187653507598153,57.31388888888889
HPA-45,105,4,50.0,2.680927010309364,57.73888888888889
HPA-45,105,5,50.0,2.5400210567570136,58.05833333333333
HPA-45,105,6,35.0,1.8949917613341083,58.666666666666664
HPA-45,105,7,45.0,2.0409785059089414,57.69444444444444
HPA-45,105,8,75.0,5.010244576055822,63.53055555555556
HPA-45,105,9,55.0,3.005439594486281,61.96944444444444
HPA-45,105,10,70.0,4.629311804503011,61.49722222222222
HPA-45,105,11,65.0,4.504483490557421,64.31388888888888
HPA-45,106,1,35.0,1.5325408954694808,51.397222222222226
HPA-45,106,2,60.0,3.2704569748891354,52.4
HPA-45,106,3,60.0,3.4438819045427893,52.90833333333333
HPA-45,106,4,40.0,1.944641525569124,50.333333333333336
HPA-45,106,5,35.0,1.4975964398653119,51.375
HPA-45,106,6,60.0,3.4064349650159476,52.9
HPA-45,106,7,40.0,1.919116142274524,52.01111111111111
HPA-45,106,8,35.0,1.5300531829091524,52.61944444444445
HPA-45,106,9,35.0,1.5224092902729747,51.88333333333333
HPA-45,106,10,35.0,1.5117061194522163,51.66111111111111
HPA-45,106,11,60.0,3.386348569456654,53.46666666666667
HPA-45,107,1,75.0,5.479573828468354,74.75
HPA-45,107,2,75.0,5.638427543150448,75.2388888888889
HPA-45,107,3,75.0,5.571422060024722,73.75833333333334
HPA-45,107,4,70.0,5.151572923986391,72.15833333333333
HPA-45,107,5,75.0,5.480045033771475,73.78055555555555
HPA-45,107,6,70.0,5.245738116268073,74.51944444444445
HPA-45,107,7,75.0,5.34332268888873,74.38888888888889
HPA-45,107,8,70.0,5.228885824499341,72.98611111111111
HPA-45,107,9,75.0,5.609264632949995,69.50555555555556
HPA-45,107,10,70.0,5.207795340374844,73.93611111111112
HPA-45,107,11,80.0,5.849791880324517,75.35833333333333
HPA-45,108,1,75.0,4.651864151450146,69.16111111111111
HPA-45,108,2,70.0,4.411142478046182,68.53611111111111
HPA-45,108,3,80.0,5.0370188638225954,72.10555555555555
HPA-45,108,4,70.0,4.73075724153299,70.81944444444444
HPA-45,108,5,75.0,4.714731476267087,68.43333333333334
HPA-45,108,6,75.0,4.523569612514422,69.83055555555555
HPA-45,108,7,80.0,4.991131566599815,69.91111111111111
HPA-45,108,8,70.0,4.434425082169313,69.72222222222223
HPA-45,108,9,75.0,4.812509221034144,70.875
HPA-45,108,10,75.0,4.619585636013945,68.41111111111111
HPA-45,108,11,70.0,4.4169411317882545,70.98611111111111
HPA-45,109,1,75.0,4.503131234130353,70.94722222222222
HPA-45,109,2,80.0,4.630828710387103,69.36666666666666
HPA-45,109,3,40.0,2.1742583959610595,57.71666666666667
HPA-45,109,4,80.0,4.908276399592415,70.675
HPA-45,109,5,75.0,4.494749018660038,68.10555555555555
HPA-45,109,6,80.0,4.613474752475644,70.18888888888888
HPA-45,109,7,80.0,4.693354336624522,69.67777777777778
HPA-45,109,8,80.0,5.058912909987578,70.86111111111111
HPA-45,109,9,80.0,5.001921285756095,71.00277777777778
HPA-45,109,10,80.0,4.927564101903725,68.71388888888889
HPA-45,109,11,95.0,5.1897348436547475,70.425
HPA-45,110,1,120.0,8.174630915991132,77.75833333333334
HPA-45,110,2,130.0,8.872350870348566,84.21388888888889
HPA-45,110,3,105.0,7.215149786281216,75.95277777777778
HPA-45,110,4,115.0,8.086044177089736,79.35
HPA-45,110,5,130.0,8.70932302927635,83.30277777777778
HPA-45,110,6,130.0,8.648994389712062,81.24166666666666
HPA-45,110,7,115.0,7.911136879043967,79.25277777777778
HPA-45,110,8,150.0,10.219183509842267,83.30833333333334
HPA-45,110,9,110.0,7.758350149343373,74.31388888888888
HPA-45,110,10,135.0,9.32435499138624,81.05555555555556
HPA-45,110,11,125.0,8.53744680974,79.28888888888889
HPA-45,111,1,40.0,2.0471357319472805,57.93333333333333
HPA-45,111,2,45.0,2.854663940857849,59.833333333333336
HPA-45,111,3,65.0,4.428617405620006,61.15
HPA-45,111,4,65.0,4.197481140732062,65.08333333333333
HPA-45,111,5,65.0,4.5730571846007155,64.53888888888889
HPA-45,111,6,80.0,5.321499382102446,61.84722222222222
HPA-45,111,7,50.0,2.216846864466393,59.42777777777778
HPA-45,111,8,65.0,4.485331611199483,61.69722222222222
HPA-45,111,9,70.0,4.244462617454847,61.90277777777778
HPA-45,111,10,45.0,2.717530920390532,57.66388888888889
HPA-45,111,11,55.0,2.4574354775087515,57.022222222222226
HPA-45,112,1,35.0,1.4605545742292114,51.57222222222222
HPA-45,112,2,35.0,1.470396459420964,51.647222222222226
HPA-45,112,3,35.0,1.382887592398474,53.33611111111111
HPA-45,112,4,35.0,1.4979457060274148,51.875
HPA-45,112,5,35.0,1.5961113364681534,52.605555555555554
HPA-45,112,6,40.0,1.8806837284994216,53.65277777777778
HPA-45,112,7,35.0,1.5344238196515647,51.86666666666667
HPA-45,112,8,30.0,1.168757139325316,51.35
HPA-45,112,9,60.0,3.3282301087921073,55.26111111111111
HPA-45,112,10,45.0,1.9319611914020318,53.38611111111111
HPA-45,112,11,55.0,3.5466696521271324,54.669444444444444
HPA-45,113,1,75.0,5.420808809777045,74.78888888888889
HPA-45,113,2,75.0,5.581375458866589,73.55833333333334
HPA-45,113,3,75.0,5.29782398410984,71.47777777777777
HPA-45,113,4,80.0,5.512282626665954,74.06388888888888
HPA-45,113,5,75.0,5.309254853367795,73.8
HPA-45,113,6,70.0,5.0440920152556075,72.65
HPA-45,113,7,80.0,5.79268164228538,73.81666666666666
HPA-45,113,8,70.0,5.134524363842297,70.3638888888889
HPA-45,113,9,65.0,4.809171805785306,73.53611111111111
HPA-45,113,10,75.0,5.230274285826219,73.1
HPA-45,113,11,80.0,5.882778869099292,74.56111111111112
HPA-45,114,1,75.0,4.790469290353217,69.98611111111111
HPA-45,114,2,80.0,5.094808189074307,71.34722222222223
HPA-45,114,3,80.0,4.776613879128977,70.41388888888889
HPA-45,114,4,75.0,4.671687095096977,69.23611111111111
HPA-45,114,5,75.0,4.468046998009079,69.95833333333333
HPA-45,114,6,75.0,4.795729076676347,69.85833333333333
HPA-45,114,7,75.0,4.545945865456435,70.29166666666667
HPA-45,114,8,85.0,5.21804578302233,69.69166666666666
HPA-45,114,9,70.0,4.349882624658951,69.00277777777778
HPA-45,114,10,75.0,4.575500886099504,69.23333333333333
HPA-45,114,11,80.0,4.631691002377258,68.90833333333333
HPA-45,115,1,85.0,5.351745249055206,72.62222222222222
HPA-45,115,2,75.0,4.564982643918059,70.55
HPA-45,115,3,75.0,4.538025062182339,67.96388888888889
HPA-45,115,4,90.0,5.556283558180364,71.42777777777778
HPA-45,115,5,80.0,4.701849051171736,69.95
HPA-45,115,6,45.0,2.4776804018132204,61.18333333333333
HPA-45,115,7,80.0,4.6207826195104325,68.94166666666666
HPA-45,115,8,80.0,4.716407743696449,70.11666666666666
HPA-45,115,9,35.0,2.0792666056814957,57.78055555555556
HPA-45,115,10,80.0,4.627553659732797,69.57222222222222
HPA-45,115,11,80.0,4.755839023166375,68.31388888888888
HPA-45,116,1,150.0,10.31970081163741,82.44166666666666
HPA-45,116,2,120.0,8.198672480587032,80.2388888888889
HPA-45,116,3,120.0,8.241434888537336,79.7388888888889
HPA-45,116,4,130.0,8.627290977774093,80.99444444444444
HPA-45,116,5,115.0,7.516943379205054,77.3638888888889
HPA-45,116,6,130.0,9.108710697711675,80.50555555555556
HPA-45,116,7,120.0,8.364496828808111,78.96111111111111
HPA-45,116,8,125.0,8.985598677664564,83.03888888888889
HPA-45,116,9,110.0,7.7548880085339,76.21666666666667
HPA-45,116,10,100.0,6.810930387251391,74.625
HPA-45,116,11,115.0,7.781831749040824,76.24444444444444
HPA-45,117,1,65.0,4.724230437325893,63.325
HPA-45,117,2,55.0,2.625641169020365,57.73888888888889
HPA-45,117,3,75.0,4.8866082483574385,65.84444444444445
HPA-45,117,4,65.0,4.451589071408724,60.483333333333334
HPA-45,117,5,55.0,2.621432625696718,58.230555555555554
HPA-45,117,6,55.0,2.79323459471007,57.69444444444444
HPA-45,117,7,65.0,4.625689925668775,63.96666666666667
HPA-45,117,8,70.0,5.162921460049208,64.92222222222222
HPA-45,117,9,70.0,4.530828413147459,62.33611111111111
HPA-45,117,10,50.0,2.9269391513984333,59.797222222222224
HPA-45,117,11,65.0,4.602659363833639,61.55833333333333
HPA-45,118,1,40.0,1.5308947213991897,53.63611111111111
HPA-45,118,2,60.0,3.2432303081574188,52.91388888888889
HPA-45,118,3,60.0,3.319116281770762,53.56666666666667
HPA-45,118,4,55.0,3.2182432639856096,55.53055555555556
HPA-45,118,5,35.0,1.4795117842396621,52.34166666666667
HPA-45,118,6,45.0,2.1207518427543204,51.35
HPA-45,118,7,60.0,3.3186004516508327,53.958333333333336
HPA-45,118,8,40.0,1.856131562118768,53.38333333333333
HPA-45,118,9,55.0,3.2685625149357245,53.74444444444445
HPA-45,118,10,35.0,1.4888530324960292,50.333333333333336
HPA-45,118,11,30.0,1.087377623184771,49.85
HPA-45,119,1,80.0,5.873914412516523,74.62777777777778
HPA-45,119,2,75.0,5.483376539348894,72.39166666666667
HPA-45,119,3,65.0,4.951891396199293,72.92222222222222
HPA-45,119,4,80.0,5.557102208004949,73.03333333333333
HPA-45,119,5,65.0,5.095753364246858,73.94166666666666
HPA-45,119,6,70.0,5.283173272410602,70.78333333333333
HPA-45,119,7,75.0,5.4800003102791095,72.97777777777777
HPA-45,119,8,80.0,5.876482355981394,68.51944444444445
HPA-45,119,9,70.0,5.258834903897425,72.58055555555555
HPA-45,119,10,70.0,5.382928079843574,73.425
HPA-45,119,11,80.0,5.84928793780084,71.20277777777778
HPA-45,120,1,75.0,4.44701622715794,67.96388888888889
HPA-45,120,2,75.0,4.947589178755274,70.90555555555555
HPA-45,120,3,80.0,4.919704462685381,70.73611111111111
HPA-45,120,4,70.0,4.658493249407547,70.63333333333334
HPA-45,120,5,70.0,4.521526075955151,68.93055555555556
HPA-45,120,6,75.0,4.5001879343213975,68.92777777777778
HPA-45,120,7,70.0,4.4695342796230335,68.875
HPA-45,120,8,70.0,4.4546166251921315,67.84444444444445
HPA-45,120,9,75.0,4.4832565271790585,69.76388888888889
HPA-45,120,10,70.0,4.35566493503583,68.78333333333333
HPA-45,120,11,85.0,5.475107317661099,70.4
HPA-45,121,1,75.0,4.609633579119565,69.84444444444445
HPA-45,121,2,80.0,4.7042446451051045,69.40833333333333
HPA-45,121,3,80.0,4.724243040313015,67.49444444444444
HPA-45,121,4,85.0,4.996574253727493,71.325
HPA-45,121,5,85.0,4.975428042852503,71.43055555555556
HPA-45,121,6,80.0,4.928189693226037,67.425
HPA-45,121,7,80.0,4.648983475040702,71.87777777777778
HPA-45,121,8,80.0,4.670917156488407,69.66111111111111
HPA-45,121,9,75.0,4.389472561520414,69.01944444444445
HPA-45,121,10,90.0,5.2768122323854305,71.88055555555556
HPA-45,121,11,85.0,5.332190400131809,71.86666666666666
HPA-45,122,1,150.0,10.17845389984532,81.43611111111112
HPA-45,122,2,125.0,8.553888628300388,82.23611111111111
HPA-45,122,3,110.0,7.465436388329472,76.53888888888889
HPA-45,122,4,140.0,9.74311043306172,80.1
HPA-45,122,5,135.0,9.14293937499856,80.44444444444444
HPA-45,122,6,125.0,8.643268167895457,82.80277777777778
HPA-45,122,7,130.0,9.11701306673386,79.025
HPA-45,122,8,130.0,9.011635788526885,82.71388888888889
HPA-45,122,9,130.0,8.77477220336983,85.71111111111111
HPA-45,122,10,120.0,8.286927938019929,78.7
HPA-45,122,11,110.0,7.27381283833285,77.19166666666666
HPA-45,123,1,50.0,3.1924334112717556,58.96111111111111
HPA-45,123,2,65.0,4.302464073641699,63.19166666666667
HPA-45,123,3,70.0,4.7863820637710885,61.583333333333336
HPA-45,123,4,65.0,4.517849402884555,61.43611111111111
HPA-45,123,5,70.0,4.532023801659967,62.46944444444444
HPA-45,123,6,45.0,2.7762745252779553,56.294444444444444
HPA-45,123,7,55.0,2.422216333589844,58.225
HPA-45,123,8,70.0,4.75875927656676,63.00833333333333
HPA-45,123,9,55.0,2.8251848987257966,57.68888888888889
HPA-45,123,10,65.0,4.844689133503732,62.272222222222226
HPA-45,123,11,75.0,4.644176436098546,66.2388888888889
HPA-45,124,1,30.0,1.178406422778111,51.388888888888886
HPA-45,124,2,35.0,1.2945228930231978,51.858333333333334
HPA-45,124,3,30.0,1.1962176402226854,51.36666666666667
HPA-45,124,4,35.0,1.5055584758339347,51.11388888888889
HPA-45,124,5,40.0,1.7984018622025477,50.06388888888889
HPA-45,124,6,30.0,1.1484814098513207,50.352777777777774
HPA-45,124,7,35.0,1.5466717908426353,50.388888888888886
HPA-45,124,8,45.0,1.9807553975007441,52.358333333333334
HPA-45,124,9,35.0,1.5208991076001488,52.32222222222222
HPA-45,124,10,35.0,1.346136783761176,54.62222222222222
HPA-45,124,11,40.0,1.9309004131835672,51.611111111111114
HPA-45,125,1,80.0,5.934693911943956,74.66111111111111
HPA-45,125,2,75.0,5.363789235129568,74.95
HPA-45,125,3,75.0,5.490644113518495,72.6
HPA-45,125,4,80.0,5.964294563106865,74.12777777777778
HPA-45,125,5,75.0,5.378765689068354,74.78888888888889
HPA-45,125,6,75.0,5.614129247198196,75.90833333333333
HPA-45,125,7,70.0,5.207457309958707,74.83611111111111
HPA-45,125,8,80.0,5.816933462127061,74.9888888888889
HPA-45,125,9,70.0,5.235891118406311,73.31388888888888
HPA-45,125,10,70.0,5.196978239601513,71.88055555555556
HPA-45,125,11,70.0,5.229611761924913,74.25555555555556
HPA-45,126,1,75.0,4.727157806210891,71.74722222222222
HPA-45,126,2,70.0,4.707237099966322,71.85555555555555
HPA-45,126,3,80.0,4.634846376704105,68.50555555555556
HPA-45,126,4,70.0,4.496260434614152,69.25277777777778
HPA-45,126,5,70.0,4.535537858742488,67.55555555555556
HPA-45,126,6,70.0,4.502433592165356,68.41388888888889
HPA-45,126,7,75.0,4.834900469576331,73.97222222222223
HPA-45,126,8,95.0,5.268239041349776,71.40277777777777
HPA-45,126,9,75.0,4.800293856560134,69.68055555555556
HPA-45,126,10,80.0,4.961689618262765,71.84166666666667
HPA-45,126,11,70.0,4.457034251735226,69.36111111111111
HPA-45,127,1,85.0,4.930677723730314,68.86666666666666
HPA-45,127,2,95.0,5.491725156598115,73.93055555555556
HPA-45,127,3,80.0,4.9073005401754966,69.48611111111111
HPA-45,127,4,75.0,4.478319218967819,68.875
HPA-45,127,5,90.0,5.498848237289433,72.39444444444445
HPA-45,127,6,80.0,4.6766868602796885,69.30277777777778
HPA-45,127,7,80.0,4.95262027959823,71.34444444444445
HPA-45,127,8,80.0,4.7134932747866065,70.77222222222223
HPA-45,127,9,75.0,4.412624317829428,64.34166666666667
HPA-45,127,10,35.0,2.091456550019055,58.69722222222222
HPA-45,127,11,85.0,4.989133443903282,71.76666666666667
HPA-45,128,1,110.0,7.489201406025236,78.85277777777777
HPA-45,128,2,145.0,10.151553386227064,81.70555555555555
HPA-45,128,3,130.0,8.987743203645493,78.13333333333334
HPA-45,128,4,120.0,8.1767707850121,78.29444444444445
HPA-45,128,5,120.0,8.606245441250838,76.81666666666666
HPA-45,128,6,120.0,8.162145394710363,78.3
HPA-45,128,7,120.0,8.228018898909607,80.41666666666667
HPA-45,128,8,120.0,8.35382369066674,82.0111111111111
HPA-45,128,9,135.0,9.40479143214793,77.36666666666666
HPA-45,128,10,125.0,8.735915215735645,81.82222222222222
HPA-45,128,11,125.0,8.633488274490176,80.06944444444444
HPA-45,129,1,45.0,2.7134765753584755,57.21111111111111
HPA-45,129,2,70.0,5.221316417717969,63.90833333333333
HPA-45,129,3,65.0,4.579295025885832,64.12777777777778
HPA-45,129,4,70.0,4.6886974573071,63.25555555555555
HPA-45,129,5,45.0,2.8911314631496654,58.38333333333333
HPA-45,129,6,75.0,4.549059289178025,62.00555555555555
HPA-45,129,7,45.0,3.007065416974619,55.888888888888886
HPA-45,129,8,45.0,2.042575938359148,57.147222222222226
HPA-45,129,9,55.0,2.8175553168735545,57.50555555555555
HPA-45,129,10,75.0,4.897241812197839,63.38611111111111
HPA-45,129,11,75.0,4.86275948788959,62.297222222222224
PredHPA,100,1,0.0,0.0,76.4888888888889
PredHPA,100,2,0.0,0.0,79.60277777777777
PredHPA,100,3,0.0,0.0,77.85
PredHPA,100,4,0.0,0.0,80.49444444444444
PredHPA,100,5,0.0,0.0,77.86666666666666
PredHPA,100,6,0.0,0.0,78.0
PredHPA,100,7,0.0,0.0,79.6
PredHPA,100,8,0.0,0.0,78.91666666666667
PredHPA,100,9,0.0,0.0,77.31944444444444
PredHPA,100,10,0.0,0.0,78.69166666666666
PredHPA,100,11,0.0,0.0,78.84722222222223
PredHPA,101,1,25.0,1.459865788715664,72.68888888888888
PredHPA,101,2,55.0,3.1096595251422166,87.53888888888889
PredHPA,101,3,35.0,1.622033745398066,73.62777777777778
PredHPA,101,4,30.0,1.652417244428106,74.87777777777778
PredHPA,101,5,55.0,3.393015660062282,90.85833333333333
PredHPA,101,6,25.0,1.5650083261440795,73.08888888888889
PredHPA,101,7,30.0,1.5975021638911846,73.05277777777778
PredHPA,101,8,35.0,1.8446696208277324,74.4
PredHPA,101,9,30.0,1.7182046294780484,74.39444444444445
PredHPA,101,10,55.0,3.0070487021597647,82.00833333333334
PredHPA,101,11,35.0,1.83103674347036,75.21388888888889
PredHPA,102,1,45.0,3.1528177111575517,87.69166666666666
PredHPA,102,2,50.0,3.162292106965414,89.8
PredHPA,102,3,45.0,3.0277068736828894,86.8638888888889
PredHPA,102,4,45.0,2.923430014822981,89.16944444444445
PredHPA,102,5,40.0,2.575505470465189,85.72222222222223
PredHPA,102,6,50.0,3.204894242963874,88.74166666666666
PredHPA,102,7,25.0,0.338746561140002,67.89166666666667
PredHPA,102,8,45.0,3.6713677796202604,87.53611111111111
PredHPA,102,9,10.0,0.14137228904476107,67.43333333333334
PredHPA,102,10,45.0,2.8856765728788036,89.29722222222222
PredHPA,102,11,45.0,3.1326995373394895,86.97222222222223
PredHPA,103,1,55.0,2.6364299052173856,79.33611111111111
PredHPA,103,2,35.0,1.5902994239932244,74.88888888888889
PredHPA,103,3,65.0,3.6548754244426607,90.88888888888889
PredHPA,103,4,65.0,3.5002347970648717,89.07777777777778
PredHPA,103,5,35.0,1.5947803788419979,75.56111111111112
PredHPA,103,6,65.0,3.45363473748459,91.17222222222222
PredHPA,103,7,70.0,3.4700667713714495,90.8
PredHPA,103,8,50.0,2.4441264555263187,79.55
PredHPA,103,9,40.0,2.017404732480965,77.13333333333334
PredHPA,103,10,55.0,3.113792100234114,89.33611111111111
PredHPA,103,11,65.0,3.5361248418913083,91.06666666666666
PredHPA,104,1,75.0,4.762402355820572,94.61666666666666
PredHPA,104,2,80.0,5.189453191383297,95.53055555555555
PredHPA,104,3,85.0,5.919771993617939,96.20277777777778
PredHPA,104,4,75.0,5.198372748093439,95.86111111111111
PredHPA,104,5,80.0,5.076232958877236,97.80277777777778
PredHPA,104,6,80.0,5.664827886571677,96.86944444444444
PredHPA,104,7,85.0,5.794789705712522,97.12222222222222
PredHPA,104,8,80.0,5.494787117346622,95.68333333333334
PredHPA,104,9,75.0,5.106576140993857,96.46666666666667
PredHPA,104,10,75.0,5.20123008012312,96.0
PredHPA,104,11,80.0,5.300281216960245,96.58611111111111
PredHPA,105,1,20.0,0.27835736590563487,67.21944444444445
PredHPA,105,2,55.0,4.1137654079442925,81.11944444444444
PredHPA,105,3,10.0,0.07361743893466999,67.06666666666666
PredHPA,105,4,10.0,0.0650134182845985,66.575
PredHPA,105,5,10.0,0.10653831623030907,64.8638888888889
PredHPA,105,6,5.0,0.044080256149159336,67.78055555555555
PredHPA,105,7,10.0,0.07197560449925255,66.25
PredHPA,105,8,10.0,0.062395127579417675,65.13333333333334
PredHPA,105,9,45.0,2.873375516439236,77.81111111111112
PredHPA,105,10,10.0,0.1479871809848654,67.82222222222222
PredHPA,105,11,10.0,0.18381303065311272,67.26944444444445
PredHPA,106,1,0.0,0.0,79.325
PredHPA,106,2,0.0,0.0,78.56388888888888
PredHPA,106,3,0.0,0.0,77.92222222222222
PredHPA,106,4,0.0,0.0,79.72222222222223
PredHPA,106,5,0.0,0.0,78.47777777777777
PredHPA,106,6,0.0,0.0,79.24722222222222
PredHPA,106,7,0.0,0.0,78.43611111111112
PredHPA,106,8,0.0,0.0,78.84444444444445
PredHPA,106,9,0.0,0.0,78.94444444444444
PredHPA,106,10,0.0,0.0,79.12777777777778
PredHPA,106,11,0.0,0.0,77.96388888888889
PredHPA,107,1,25.0,1.5312157083475886,72.31666666666666
PredHPA,107,2,35.0,1.6523431294033997,75.34444444444445
PredHPA,107,3,35.0,1.8396281783942037,76.99444444444444
PredHPA,107,4,35.0,1.6549478002926499,72.81944444444444
PredHPA,107,5,30.0,1.4347849724134276,76.12222222222222
PredHPA,107,6,40.0,1.948773513516644,76.01944444444445
PredHPA,107,7,25.0,1.653604964101485,76.19722222222222
PredHPA,107,8,20.0,1.3853018463146238,75.26944444444445
PredHPA,107,9,40.0,1.6810079330213723,75.26944444444445
PredHPA,107,10,30.0,1.646769789193847,74.11111111111111
PredHPA,107,11,30.0,1.7373543743755548,75.99722222222222
PredHPA,108,1,25.0,0.7983661372882978,69.71388888888889
PredHPA,108,2,45.0,2.497787930595252,85.625
PredHPA,108,3,25.0,0.5504979923290021,67.70555555555555
PredHPA,108,4,50.0,2.9622508617528687,90.27222222222223
PredHPA,108,5,50.0,3.11890272037908,89.26388888888889
PredHPA,108,6,50.0,3.190594338307473,88.92777777777778
PredHPA,108,7,40.0,2.6057925474298638,86.56666666666666
PredHPA,108,8,50.0,3.002736044844645,90.12222222222222
PredHPA,108,9,50.0,3.2821175497241284,89.27222222222223
PredHPA,108,10,20.0,0.2625098005853088,68.13888888888889
PredHPA,108,11,15.0,0.315494408052297,68.275
PredHPA,109,1,60.0,3.072594337064549,89.13888888888889
PredHPA,109,2,40.0,1.9097502671648892,77.29722222222222
PredHPA,109,3,35.0,1.7363870722888808,72.46388888888889
PredHPA,109,4,30.0,1.5686051830890668,76.63333333333334
PredHPA,109,5,35.0,1.887121124512725,75.125
PredHPA,109,6,35.0,1.611876140560442,77.0
PredHPA,109,7,35.0,1.7821301696763991,75.68611111111112
PredHPA,109,8,35.0,1.8324774623091789,76.35555555555555
PredHPA,109,9,65.0,3.7828708647931086,93.09166666666667
PredHPA,109,10,65.0,3.351335382355336,90.58611111111111
PredHPA,109,11,70.0,3.6856418575200056,91.60277777777777
PredHPA,110,1,85.0,5.397444707111044,96.75
PredHPA,110,2,80.0,5.375649518712377,97.92777777777778
PredHPA,110,3,85.0,5.946584599295656,97.62222222222222
PredHPA,110,4,80.0,5.428644368364366,96.75277777777778
PredHPA,110,5,80.0,5.559716204318777,97.82222222222222
PredHPA,110,6,90.0,5.842906891519939,97.24166666666666
PredHPA,110,7,85.0,5.633657371309242,96.725
PredHPA,110,8,80.0,5.6604547911556,97.56388888888888
PredHPA,110,9,90.0,5.908586889957035,95.99444444444444
PredHPA,110,10,80.0,5.303583366561215,98.1
PredHPA,110,11,80.0,5.497692479445138,94.69722222222222
PredHPA,111,1,10.0,0.0897627529560463,65.75
PredHPA,111,2,40.0,2.319354947984631,74.37222222222222
PredHPA,111,3,10.0,0.2984627067394996,65.89444444444445
PredHPA,111,4,45.0,2.74538361556651,78.25555555555556
PredHPA,111,5,10.0,0.06834964504496277,68.18888888888888
PredHPA,111,6,50.0,3.0133985429360854,75.94444444444444
PredHPA,111,7,10.0,0.19611176344662695,64.06944444444444
PredHPA,111,8,5.0,0.04395254518865244,67.60555555555555
PredHPA,111,9,10.0,0.05995249474819442,67.20833333333333
PredHPA,111,10,10.0,0.0731911220798298,66.68888888888888
PredHPA,111,11,15.0,0.31060968922310694,65.89444444444445
PredHPA,112,1,0.0,0.0,77.86666666666666
PredHPA,112,2,0.0,0.0,78.30555555555556
PredHPA,112,3,0.0,0.0,79.46666666666667
PredHPA,112,4,0.0,0.0,81.94166666666666
PredHPA,112,5,0.0,0.0,80.88333333333334
PredHPA,112,6,0.0,0.0,81.36111111111111
PredHPA,112,7,0.0,0.0,77.50277777777778
PredHPA,112,8,0.0,0.0,78.06111111111112
PredHPA,112,9,0.0,0.0,79.35
PredHPA,112,10,0.0,0.0,80.6
PredHPA,112,11,0.0,0.0,80.21111111111111
PredHPA,113,1,40.0,1.7113520943000449,74.6138888888889
PredHPA,113,2,40.0,1.8082209017231787,74.73055555555555
PredHPA,113,3,30.0,1.6281030763474535,76.56388888888888
PredHPA,113,4,30.0,1.44586969044882,73.40833333333333
PredHPA,113,5,30.0,1.793609019702691,74.55277777777778
PredHPA,113,6,30.0,1.7243112102620084,79.33888888888889
PredHPA,113,7,25.0,1.5981957411136838,74.25
PredHPA,113,8,25.0,1.4346422100309342,74.775
PredHPA,113,9,30.0,1.6051555460962375,75.94722222222222
PredHPA,113,10,25.0,1.4195877902949627,72.93055555555556
PredHPA,113,11,25.0,1.462889698690495,72.66111111111111
PredHPA,114,1,50.0,3.1214509311266347,89.0111111111111
PredHPA,114,2,45.0,2.9171899878349894,87.57777777777778
PredHPA,114,3,50.0,3.195295035467216,90.35833333333333
PredHPA,114,4,30.0,0.9699274306025907,69.64166666666667
PredHPA,114,5,25.0,0.38453552755095544,68.81388888888888
PredHPA,114,6,50.0,3.220534451123569,87.99166666666666
PredHPA,114,7,45.0,3.0373613472579386,87.2611111111111
PredHPA,114,8,35.0,1.3835796024191716,69.8861111111111
PredHPA,114,9,10.0,0.10172591428507793,68.09444444444445
PredHPA,114,10,15.0,0.19481861863139827,67.75277777777778
PredHPA,114,11,50.0,2.9551501601844943,87.44722222222222
PredHPA,115,1,30.0,1.5767831097736162,75.2
PredHPA,115,2,35.0,1.6010163064009153,76.15833333333333
PredHPA,115,3,60.0,3.268573033367672,87.85555555555555
PredHPA,115,4,35.0,1.805799007067077,75.86944444444444
PredHPA,115,5,65.0,3.3924176233614878,88.07222222222222
PredHPA,115,6,35.0,1.7955808780993343,75.775
PredHPA,115,7,35.0,1.653367435402009,74.56666666666666
PredHPA,115,8,45.0,2.101337038991913,78.35
PredHPA,115,9,60.0,3.27767996814321,90.59444444444445
PredHPA,115,10,30.0,1.5093715238108985,75.68333333333334
PredHPA,115,11,35.0,1.6876999715780827,74.45555555555555
PredHPA,116,1,85.0,5.826107451144313,95.475
PredHPA,116,2,80.0,5.46648237956493,98.16944444444445
PredHPA,116,3,80.0,5.647769996419505,97.06111111111112
PredHPA,116,4,80.0,5.423199045539917,93.95555555555555
PredHPA,116,5,80.0,5.55963839394773,95.43333333333334
PredHPA,116,6,80.0,5.615909012366527,94.49722222222222
PredHPA,116,7,75.0,5.229792144315049,97.77222222222223
PredHPA,116,8,85.0,5.581177670555492,96.76388888888889
PredHPA,116,9,80.0,5.562660218038729,96.50277777777778
PredHPA,116,10,75.0,4.845122782991195,96.675
PredHPA,116,11,75.0,5.082301114019372,95.93888888888888
PredHPA,117,1,15.0,0.35547340295309926,67.32222222222222
PredHPA,117,2,0.0,0.027859579098699072,65.31944444444444
PredHPA,117,3,45.0,3.3525473116130633,80.35277777777777
PredHPA,117,4,20.0,0.7578602248850985,67.25
PredHPA,117,5,20.0,0.4013479592827496,68.64722222222223
PredHPA,117,6,10.0,0.07107763096997344,64.46388888888889
PredHPA,117,7,60.0,4.191688541585936,76.55833333333334
PredHPA,117,8,55.0,4.083181001279101,80.78055555555555
PredHPA,117,9,10.0,0.23893401309428297,65.71944444444445
PredHPA,117,10,10.0,0.07511377809973352,64.22222222222223
PredHPA,117,11,10.0,0.06733103025987619,65.86111111111111
PredHPA,118,1,0.0,0.0,79.80277777777778
PredHPA,118,2,0.0,0.0,77.00277777777778
PredHPA,118,3,0.0,0.0,78.56388888888888
PredHPA,118,4,0.0,0.0,79.63888888888889
PredHPA,118,5,0.0,0.0,78.24166666666666
PredHPA,118,6,0.0,0.0,79.95833333333333
PredHPA,118,7,0.0,0.0,78.3
PredHPA,118,8,0.0,0.0,78.35
PredHPA,118,9,0.0,0.0,78.85
PredHPA,118,10,0.0,0.0,79.4888888888889
PredHPA,118,11,0.0,0.0,78.83888888888889
PredHPA,119,1,25.0,1.6309036206932026,77.13333333333334
PredHPA,119,2,30.0,1.5358610312154353,73.78333333333333
PredHPA,119,3,25.0,1.567763289569768,73.98055555555555
PredHPA,119,4,35.0,1.3963604813673647,73.0111111111111
PredHPA,119,5,25.0,1.58204969520781,74.15
PredHPA,119,6,20.0,1.4334956456061754,74.50833333333334
PredHPA,119,7,45.0,2.0215631681013146,75.40277777777777
PredHPA,119,8,25.0,1.5332460341009657,74.08611111111111
PredHPA,119,9,35.0,1.7339779127303556,72.68055555555556
PredHPA,119,10,30.0,1.6855728776495105,76.38333333333334
PredHPA,119,11,25.0,1.6696733570700784,77.01944444444445
PredHPA,120,1,45.0,3.1349105826353307,89.0111111111111
PredHPA,120,2,45.0,2.859044251950793,87.6
PredHPA,120,3,45.0,3.050377920896974,88.63888888888889
PredHPA,120,4,45.0,3.261747810307636,89.45555555555555
PredHPA,120,5,50.0,3.1930588437630303,89.25555555555556
PredHPA,120,6,20.0,0.2677765500708085,68.08055555555555
PredHPA,120,7,40.0,2.2575717917658333,81.71111111111111
PredHPA,120,8,45.0,2.9000654217507638,88.1
PredHPA,120,9,15.0,0.12940983217648583,68.65555555555555
PredHPA,120,10,45.0,2.9638059438243047,88.43611111111112
PredHPA,120,11,45.0,3.0200621267064576,86.72777777777777
PredHPA,121,1,30.0,1.5501017705328968,74.94722222222222
PredHPA,121,2,50.0,2.4320842742522553,80.15833333333333
PredHPA,121,3,35.0,1.8918835312284221,75.43611111111112
PredHPA,121,4,65.0,3.499268258546495,90.50277777777778
PredHPA,121,5,65.0,3.499420526905994,90.53611111111111
PredHPA,121,6,30.0,1.500380081423014,74.93888888888888
PredHPA,121,7,60.0,3.2510877700031804,88.69166666666666
PredHPA,121,8,30.0,1.5405466558931935,76.15555555555555
PredHPA,121,9,70.0,3.685568056173283,89.44722222222222
PredHPA,121,10,30.0,1.7307688596499116,75.99722222222222
PredHPA,121,11,35.0,1.906107284063141,75.83333333333333
PredHPA,122,1,85.0,5.646504004226783,96.05555555555556
PredHPA,122,2,80.0,5.418206138801207,96.925
PredHPA,122,3,75.0,4.940327449527404,95.6
PredHPA,122,4,80.0,5.640001454151156,97.40833333333333
PredHPA,122,5,90.0,5.792448370775394,95.8861111111111
PredHPA,122,6,80.0,5.2915142709003105,95.94444444444444
PredHPA,122,7,80.0,5.271169899163142,95.03611111111111
PredHPA,122,8,80.0,5.648551019787185,96.28333333333333
PredHPA,122,9,90.0,5.768947193275786,96.96111111111111
PredHPA,122,10,80.0,5.317400221353131,96.0
PredHPA,122,11,85.0,5.605926367115077,97.92222222222222
PredHPA,123,1,25.0,1.2166543209455316,72.25
PredHPA,123,2,60.0,4.2575505421648,82.58888888888889
PredHPA,123,3,10.0,0.20391819559090196,65.71944444444445
PredHPA,123,4,45.0,2.6212253012090625,75.87777777777778
PredHPA,123,5,5.0,0.0447281790503018,64.33333333333333
PredHPA,123,6,40.0,2.3700375974478827,73.90555555555555
PredHPA,123,7,60.0,4.214876644684873,81.15555555555555
PredHPA,123,8,35.0,1.943867459268489,72.90277777777777
PredHPA,123,9,40.0,2.2198276490512647,73.81666666666666
PredHPA,123,10,40.0,2.0814639958679493,72.78611111111111
PredHPA,123,11,50.0,3.0108911770801217,79.31944444444444
PredHPA,124,1,0.0,0.0,78.31666666666666
PredHPA,124,2,0.0,0.0,77.55
PredHPA,124,3,0.0,0.0,79.81111111111112
PredHPA,124,4,0.0,0.0,79.23611111111111
PredHPA,124,5,0.0,0.0,77.46111111111111
PredHPA,124,6,0.0,0.0,78.56666666666666
PredHPA,124,7,0.0,0.0,80.36666666666666
PredHPA,124,8,0.0,0.0,78.39166666666667
PredHPA,124,9,0.0,0.0,78.55555555555556
PredHPA,124,10,0.0,0.0,79.03611111111111
PredHPA,124,11,0.0,0.0,77.93055555555556
PredHPA,125,1,40.0,1.783142059702436,75.26944444444445
PredHPA,125,2,25.0,1.542606150396919,75.13888888888889
PredHPA,125,3,45.0,2.222368864749802,78.77222222222223
PredHPA,125,4,50.0,2.354370619051871,75.60277777777777
PredHPA,125,5,35.0,1.6173433351824418,74.525
PredHPA,125,6,45.0,1.9012188399155083,78.80277777777778
PredHPA,125,7,25.0,1.483457778897701,74.77777777777777
PredHPA,125,8,50.0,2.440332043393234,78.53333333333333
PredHPA,125,9,60.0,3.3313262542333244,86.99444444444444
PredHPA,125,10,50.0,2.31492576154686,77.8861111111111
PredHPA,125,11,30.0,1.6871327987113327,79.39166666666667
PredHPA,126,1,25.0,0.4343322706282349,68.34166666666667
PredHPA,126,2,45.0,2.9771779911258234,88.87222222222222
PredHPA,126,3,45.0,3.1951844617015723,88.91944444444445
PredHPA,126,4,35.0,1.2235092183996543,70.78611111111111
PredHPA,126,5,45.0,2.955354084970374,89.41666666666667
PredHPA,126,6,45.0,3.260712456617032,90.18333333333334
PredHPA,126,7,25.0,0.46611216200911354,68.14444444444445
PredHPA,126,8,50.0,3.166277605569412,88.16388888888889
PredHPA,126,9,25.0,0.6915996308517469,68.51388888888889
PredHPA,126,10,45.0,3.1258331911421133,89.31944444444444
PredHPA,126,11,25.0,0.5874919738657502,68.13333333333334
PredHPA,127,1,60.0,3.3402045059657826,90.67222222222222
PredHPA,127,2,65.0,3.4255355829712064,89.83611111111111
PredHPA,127,3,30.0,1.6322876314278756,74.68055555555556
PredHPA,127,4,30.0,1.5115417514334872,74.26944444444445
PredHPA,127,5,65.0,3.231898613548845,89.65555555555555
PredHPA,127,6,60.0,3.1986190797315572,88.50277777777778
PredHPA,127,7,65.0,3.339611604652748,90.46666666666667
PredHPA,127,8,65.0,3.6672473923898496,91.06666666666666
PredHPA,127,9,60.0,3.2899270637642974,88.14722222222223
PredHPA,127,10,35.0,1.8573692097434535,76.17222222222222
PredHPA,127,11,30.0,1.4610752191696275,74.02777777777777
PredHPA,128,1,85.0,5.7858718703477585,96.7
PredHPA,128,2,85.0,5.690768157054649,97.78888888888889
PredHPA,128,3,85.0,5.5232643442200136,97.28333333333333
PredHPA,128,4,80.0,5.492801955401461,95.72777777777777
PredHPA,128,5,80.0,5.442569923088536,99.14444444444445
PredHPA,128,6,85.0,5.754633966966249,95.4888888888889
PredHPA,128,7,75.0,5.293290825787911,96.48055555555555
PredHPA,128,8,80.0,5.646546713672318,96.70833333333333
PredHPA,128,9,80.0,5.1867654063958994,97.14166666666667
PredHPA,128,10,80.0,5.554773236565358,97.0111111111111
PredHPA,128,11,80.0,5.56565415407928,96.93333333333334
PredHPA,129,1,10.0,0.0773340697039937,68.53333333333333
PredHPA,129,2,55.0,3.4972821263360654,79.89166666666667
PredHPA,129,3,10.0,0.1267150817299223,66.74444444444444
PredHPA,129,4,5.0,0.05081547944028042,66.79166666666667
PredHPA,129,5,10.0,0.2024055933879776,64.80833333333334
PredHPA,129,6,60.0,4.49683981306751,86.96388888888889
PredHPA,129,7,10.0,0.09988568765260109,65.25833333333334
PredHPA,129,8,0.0,0.02705117150419989,67.28055555555555
PredHPA,129,9,10.0,0.08956850794615834,67.64722222222223
PredHPA,129,10,5.0,0.039505519001947764,64.92222222222222
PredHPA,129,11,50.0,2.8867328204293496,78.45
ARC-noChaos,100,1,0.0,0.009732589805488967,63.78055555555556
ARC-noChaos,100,2,0.0,0.0,64.70833333333333
ARC-noChaos,100,3,0.0,0.0,63.825
ARC-noChaos,100,4,0.0,0.0,64.25277777777778
ARC-noChaos,100,5,0.0,0.0,65.21388888888889
ARC-noChaos,100,6,5.0,0.04528889032249239,65.11111111111111
ARC-noChaos,100,7,0.0,0.0,64.63055555555556
ARC-noChaos,100,8,5.0,0.049976721511024724,63.81944444444444
ARC-noChaos,100,9,0.0,0.0,63.98888888888889
ARC-noChaos,100,10,0.0,0.0,64.38055555555556
ARC-noChaos,100,11,0.0,0.0,64.18333333333334
ARC-noChaos,101,1,45.0,2.7038807219240457,55.46111111111111
ARC-noChaos,101,2,35.0,2.4084699008294908,55.672222222222224
ARC-noChaos,101,3,45.0,2.6514016300115073,54.41388888888889
ARC-noChaos,101,4,40.0,2.4487151795391293,54.727777777777774
ARC-noChaos,101,5,45.0,3.024824257788805,55.38055555555555
ARC-noChaos,101,6,45.0,2.654386406129927,54.986111111111114
ARC-noChaos,101,7,35.0,2.356938093451877,54.74722222222222
ARC-noChaos,101,8,60.0,4.188928306203987,54.483333333333334
ARC-noChaos,101,9,45.0,3.0326388076384214,54.794444444444444
ARC-noChaos,101,10,50.0,3.1601294709322825,55.03888888888889
ARC-noChaos,101,11,50.0,2.794761728222872,54.669444444444444
ARC-noChaos,102,1,25.0,1.2745408140570014,57.21666666666667
ARC-noChaos,102,2,20.0,1.1587262578905633,57.59166666666667
ARC-noChaos,102,3,25.0,1.22051637462256,57.141666666666666
ARC-noChaos,102,4,30.0,1.8798161903379462,57.71111111111111
ARC-noChaos,102,5,20.0,1.1605575172718985,57.30833333333333
ARC-noChaos,102,6,30.0,1.880334819194407,57.708333333333336
ARC-noChaos,102,7,20.0,1.0837573665685607,58.05277777777778
ARC-noChaos,102,8,20.0,1.2391254723518763,57.21666666666667
ARC-noChaos,102,9,25.0,1.82391794817639,57.28055555555556
ARC-noChaos,102,10,25.0,1.8359259711937193,57.16111111111111
ARC-noChaos,102,11,20.0,1.1345028268525015,57.916666666666664
ARC-noChaos,103,1,30.0,1.9262045310252773,58.397222222222226
ARC-noChaos,103,2,25.0,1.6105688073169477,58.669444444444444
ARC-noChaos,103,3,30.0,1.907451388140835,58.861111111111114
ARC-noChaos,103,4,30.0,1.9387042027158796,58.12777777777778
ARC-noChaos,103,5,35.0,1.9285198173217277,58.647222222222226
ARC-noChaos,103,6,25.0,1.6482114414293259,58.516666666666666
ARC-noChaos,103,7,30.0,1.9389410867827417,58.144444444444446
ARC-noChaos,103,8,35.0,2.23421184255046,58.61666666666667
ARC-noChaos,103,9,35.0,1.9789415783939446,58.769444444444446
ARC-noChaos,103,10,25.0,1.6681651829039912,57.46111111111111
ARC-noChaos,103,11,25.0,1.6130053095267827,57.53611111111111
ARC-noChaos,104,1,55.0,3.619280656655388,53.12222222222222
ARC-noChaos,104,2,60.0,4.064401729135836,54.33888888888889
ARC-noChaos,104,3,55.0,4.17554445259396,54.25
ARC-noChaos,104,4,55.0,4.043997335249161,53.330555555555556
ARC-noChaos,104,5,60.0,4.061050332339433,53.169444444444444
ARC-noChaos,104,6,55.0,3.8937629267444818,54.125
ARC-noChaos,104,7,60.0,3.849919362521359,53.52777777777778
ARC-noChaos,104,8,65.0,4.094275242190593,53.38333333333333
ARC-noChaos,104,9,55.0,4.112385735830126,53.458333333333336
ARC-noChaos,104,10,60.0,4.3251337212997125,53.925
ARC-noChaos,104,11,55.0,4.0870462240710115,54.75277777777778
ARC-noChaos,105,1,35.0,1.0434132229051873,55.00555555555555
ARC-noChaos,105,2,40.0,1.538195063345682,54.727777777777774
ARC-noChaos,105,3,35.0,1.3089262121799616,55.24444444444445
ARC-noChaos,105,4,30.0,1.2909949651685682,55.13333333333333
ARC-noChaos,105,5,35.0,1.5513234446097535,55.21666666666667
ARC-noChaos,105,6,45.0,1.6194631526208036,55.40555555555556
ARC-noChaos,105,7,35.0,1.6552368067796253,54.625
ARC-noChaos,105,8,35.0,1.5521536843536632,54.84166666666667
ARC-noChaos,105,9,40.0,1.1708967826828287,54.78888888888889
ARC-noChaos,105,10,40.0,1.6398998555166688,54.294444444444444
ARC-noChaos,105,11,30.0,1.586929267626902,55.48888888888889
ARC-noChaos,106,1,5.0,0.05983030754068697,58.21944444444444
ARC-noChaos,106,2,5.0,0.061823731066834586,58.225
ARC-noChaos,106,3,0.0,0.0193936193928268,58.50277777777778
ARC-noChaos,106,4,5.0,0.04843590971040923,58.49166666666667
ARC-noChaos,106,5,0.0,0.03291914809608887,58.44444444444444
ARC-noChaos,106,6,5.0,0.04843371338628666,58.46666666666667
ARC-noChaos,106,7,0.0,0.022293965850961328,58.519444444444446
ARC-noChaos,106,8,5.0,0.08047487943507736,57.397222222222226
ARC-noChaos,106,9,5.0,0.05166765947250962,59.43055555555556
ARC-noChaos,106,10,5.0,0.04684148529735532,57.725
ARC-noChaos,106,11,10.0,0.2146070960083235,57.43888888888889
ARC-noChaos,107,1,45.0,2.348083060654216,56.71111111111111
ARC-noChaos,107,2,50.0,3.0712447951027344,57.31944444444444
ARC-noChaos,107,3,40.0,2.0729836217946107,57.22222222222222
ARC-noChaos,107,4,40.0,1.74139160917115,57.34722222222222
ARC-noChaos,107,5,30.0,1.5595325784693914,58.391666666666666
ARC-noChaos,107,6,40.0,2.011047279927902,57.980555555555554
ARC-noChaos,107,7,50.0,2.355865006876734,56.99722222222222
ARC-noChaos,107,8,40.0,2.143097147615025,57.69444444444444
ARC-noChaos,107,9,50.0,2.3866945895613334,57.577777777777776
ARC-noChaos,107,10,45.0,2.150005222650153,57.486111111111114
ARC-noChaos,107,11,45.0,2.150541960939445,57.263888888888886
ARC-noChaos,108,1,30.0,2.195122220869705,54.63611111111111
ARC-noChaos,108,2,25.0,1.8031417163191565,54.50277777777778
ARC-noChaos,108,3,25.0,1.8058027228225693,55.11388888888889
ARC-noChaos,108,4,35.0,2.5274590725404167,55.766666666666666
ARC-noChaos,108,5,30.0,2.0381341911404394,54.96111111111111
ARC-noChaos,108,6,30.0,2.1396783560145183,55.486111111111114
ARC-noChaos,108,7,25.0,1.8290770014484092,55.53055555555556
ARC-noChaos,108,8,35.0,2.686202431115381,55.00833333333333
ARC-noChaos,108,9,35.0,2.729068487798325,55.85
ARC-noChaos,108,10,30.0,2.1659612723604726,55.51111111111111
ARC-noChaos,108,11,30.0,1.8257086198110506,55.208333333333336
ARC-noChaos,109,1,25.0,1.143609933009504,57.66388888888889
ARC-noChaos,109,2,30.0,1.488398000468405,57.59166666666667
ARC-noChaos,109,3,30.0,1.8586692862167742,57.644444444444446
ARC-noChaos,109,4,25.0,1.203441922540971,57.416666666666664
ARC-noChaos,109,5,30.0,1.5293992842810078,57.736111111111114
ARC-noChaos,109,6,30.0,1.2767734425709554,57.702777777777776
ARC-noChaos,109,7,25.0,1.663552201902796,57.06388888888889
ARC-noChaos,109,8,30.0,1.3037105818161865,57.375
ARC-noChaos,109,9,25.0,1.670246279643528,56.888888888888886
ARC-noChaos,109,10,30.0,1.4809243594374855,57.77777777777778
ARC-noChaos,109,11,30.0,1.2442954402518858,57.075
ARC-noChaos,110,1,50.0,3.794284690856342,55.06388888888889
ARC-noChaos,110,2,50.0,3.7956643992906325,55.03888888888889
ARC-noChaos,110,3,55.0,4.056527871701688,55.19444444444444
ARC-noChaos,110,4,55.0,4.101192226398032,55.57222222222222
ARC-noChaos,110,5,55.0,3.677374854883464,54.96388888888889
ARC-noChaos,110,6,50.0,3.805395192518324,54.730555555555554
ARC-noChaos,110,7,65.0,4.168101353302456,54.638888888888886
ARC-noChaos,110,8,55.0,3.9781453276065526,54.53333333333333
ARC-noChaos,110,9,50.0,3.812691159732462,54.90555555555556
ARC-noChaos,110,10,55.0,4.143492712016805,54.852777777777774
ARC-noChaos,110,11,50.0,3.658351396654691,54.33611111111111
ARC-noChaos,111,1,40.0,1.4018816048176896,54.15277777777778
ARC-noChaos,111,2,35.0,1.6024566103145954,54.888888888888886
ARC-noChaos,111,3,40.0,1.5692115361189973,54.42777777777778
ARC-noChaos,111,4,35.0,1.6099931218448549,54.708333333333336
ARC-noChaos,111,5,35.0,1.5463842355593838,55.25
ARC-noChaos,111,6,35.0,1.1149379944212723,54.102777777777774
ARC-noChaos,111,7,40.0,1.550071000655795,55.06666666666667
ARC-noChaos,111,8,25.0,1.262679186917548,54.08611111111111
ARC-noChaos,111,9,45.0,1.658405260201834,54.49166666666667
ARC-noChaos,111,10,35.0,2.0108832570541746,54.855555555555554
ARC-noChaos,111,11,45.0,1.9956603762919967,53.638888888888886
ARC-noChaos,112,1,5.0,0.09116838579303899,55.702777777777776
ARC-noChaos,112,2,5.0,0.08280260223411107,57.35
ARC-noChaos,112,3,5.0,0.06173566443734568,57.605555555555554
ARC-noChaos,112,4,10.0,0.20786251175247683,56.17777777777778
ARC-noChaos,112,5,5.0,0.1548610324566213,56.388888888888886
ARC-noChaos,112,6,5.0,0.0567188685304032,57.275
ARC-noChaos,112,7,5.0,0.06110055294844541,57.03888888888889
ARC-noChaos,112,8,30.0,1.0551501281478082,57.138888888888886
ARC-noChaos,112,9,5.0,0.09900396648578891,56.647222222222226
ARC-noChaos,112,10,5.0,0.06997935692115709,57.74722222222222
ARC-noChaos,112,11,5.0,0.09922513089613005,57.13333333333333
ARC-noChaos,113,1,45.0,2.8213457118622887,59.3
ARC-noChaos,113,2,45.0,3.14665298006932,59.675
ARC-noChaos,113,3,40.0,2.467525946182425,58.88333333333333
ARC-noChaos,113,4,50.0,3.216698390273076,59.83611111111111
ARC-noChaos,113,5,45.0,3.4797769769781772,59.53055555555556
ARC-noChaos,113,6,50.0,3.412189778891994,60.12222222222222
ARC-noChaos,113,7,45.0,3.523924225411612,59.391666666666666
ARC-noChaos,113,8,40.0,2.488990749596953,59.6
ARC-noChaos,113,9,45.0,2.552744774359128,59.51111111111111
ARC-noChaos,113,10,45.0,2.810053684892755,59.37777777777778
ARC-noChaos,113,11,40.0,2.5529557953275273,59.105555555555554
ARC-noChaos,114,1,25.0,1.7961108278961468,61.325
ARC-noChaos,114,2,25.0,1.8655275045185715,60.647222222222226
ARC-noChaos,114,3,35.0,2.223620453465236,60.580555555555556
ARC-noChaos,114,4,30.0,1.9496436830855002,61.00555555555555
ARC-noChaos,114,5,25.0,1.8032129202277036,60.986111111111114
ARC-noChaos,114,6,30.0,1.9439403253611598,61.77777777777778
ARC-noChaos,114,7,30.0,1.8991259331415322,61.27777777777778
ARC-noChaos,114,8,30.0,1.9245930622342144,60.86666666666667
ARC-noChaos,114,9,30.0,1.9361164747779824,61.236111111111114
ARC-noChaos,114,10,30.0,1.9071529938810339,60.95
ARC-noChaos,114,11,25.0,1.8371552813176817,60.477777777777774
ARC-noChaos,115,1,35.0,1.973922131419048,57.541666666666664
ARC-noChaos,115,2,35.0,1.7089950284171262,56.708333333333336
ARC-noChaos,115,3,30.0,1.8740416231247226,56.40555555555556
ARC-noChaos,115,4,30.0,1.660875671191464,57.84444444444444
ARC-noChaos,115,5,35.0,2.1852754471259117,56.78611111111111
ARC-noChaos,115,6,25.0,1.6613432063542155,57.26111111111111
ARC-noChaos,115,7,25.0,1.604426909211032,56.833333333333336
ARC-noChaos,115,8,25.0,1.6526559306954347,55.96944444444444
ARC-noChaos,115,9,30.0,1.8795904950118736,57.15
ARC-noChaos,115,10,30.0,1.6265844370745297,57.513888888888886
ARC-noChaos,115,11,30.0,1.9143605700323363,57.44444444444444
ARC-noChaos,116,1,60.0,4.044859120920785,56.23888888888889
ARC-noChaos,116,2,55.0,4.174952635008166,55.916666666666664
ARC-noChaos,116,3,60.0,4.18986591266397,55.71666666666667
ARC-noChaos,116,4,55.0,3.8912383992265043,55.52777777777778
ARC-noChaos,116,5,55.0,4.04033906225364,55.17777777777778
ARC-noChaos,116,6,55.0,3.9554851188857154,55.90555555555556
ARC-noChaos,116,7,55.0,4.14683079740562,56.12777777777778
ARC-noChaos,116,8,50.0,3.672802993963442,56.36388888888889
ARC-noChaos,116,9,55.0,4.035895485944763,56.077777777777776
ARC-noChaos,116,10,55.0,4.039282012875988,56.27777777777778
ARC-noChaos,116,11,60.0,4.064863775949579,55.977777777777774
ARC-noChaos,117,1,35.0,1.2947726259699976,55.81388888888889
ARC-noChaos,117,2,35.0,1.4080963055731033,56.144444444444446
ARC-noChaos,117,3,35.0,1.2611802974384356,55.96944444444444
ARC-noChaos,117,4,40.0,1.6551213180404756,56.18611111111111
ARC-noChaos,117,5,45.0,1.8977149207661914,56.644444444444446
ARC-noChaos,117,6,45.0,1.5633323959033385,56.69722222222222
ARC-noChaos,117,7,40.0,1.7397338026528875,55.580555555555556
ARC-noChaos,117,8,40.0,1.4815162055038744,55.86944444444445
ARC-noChaos,117,9,45.0,1.9275683865440651,56.44444444444444
ARC-noChaos,117,10,40.0,1.9316379017432217,56.25277777777778
ARC-noChaos,117,11,35.0,1.6148547326141127,55.41111111111111
ARC-noChaos,118,1,0.0,0.0,64.16944444444445
ARC-noChaos,118,2,0.0,0.0,62.97222222222222
ARC-noChaos,118,3,0.0,0.0,62.95
ARC-noChaos,118,4,0.0,0.0,64.07777777777778
ARC-noChaos,118,5,0.0,0.0,63.955555555555556
ARC-noChaos,118,6,0.0,0.0,64.19722222222222
ARC-noChaos,118,7,0.0,0.0,63.68055555555556
ARC-noChaos,118,8,0.0,0.0,64.40833333333333
ARC-noChaos,118,9,0.0,0.0,63.44722222222222
ARC-noChaos,118,10,0.0,0.0,64.14722222222223
ARC-noChaos,118,11,0.0,0.0,64.075
ARC-noChaos,119,1,50.0,3.503399539429519,56.13611111111111
ARC-noChaos,119,2,50.0,3.1968582261746703,55.81111111111111
ARC-noChaos,119,3,35.0,2.225318266917453,55.66388888888889
ARC-noChaos,119,4,35.0,2.1799770221990533,55.608333333333334
ARC-noChaos,119,5,45.0,3.036927587812066,55.31944444444444
ARC-noChaos,119,6,45.0,2.875991462531069,56.022222222222226
ARC-noChaos,119,7,40.0,2.6975006853157457,56.1
ARC-noChaos,119,8,45.0,2.9542990768945177,56.458333333333336
ARC-noChaos,119,9,45.0,3.4564416415462595,55.24722222222222
ARC-noChaos,119,10,45.0,2.9999805713604055,56.55
ARC-noChaos,119,11,50.0,3.3140873089171796,55.93888888888889
ARC-noChaos,120,1,30.0,1.8919732729223426,55.480555555555554
ARC-noChaos,120,2,30.0,1.8131220651679603,55.90277777777778
ARC-noChaos,120,3,25.0,1.8605158104301411,55.44722222222222
ARC-noChaos,120,4,25.0,1.851784083977548,56.53055555555556
ARC-noChaos,120,5,30.0,2.22254712446458,54.825
ARC-noChaos,120,6,25.0,1.7957999526501012,55.71388888888889
ARC-noChaos,120,7,25.0,1.8352836722753119,56.041666666666664
ARC-noChaos,120,8,30.0,1.8810921849977125,55.230555555555554
ARC-noChaos,120,9,30.0,1.8678933877611548,56.272222222222226
ARC-noChaos,120,10,30.0,1.8647871011333805,56.525
ARC-noChaos,120,11,25.0,1.8594907007964845,56.00833333333333
ARC-noChaos,121,1,25.0,1.164099124966711,57.65833333333333
ARC-noChaos,121,2,25.0,1.275532631423848,57.78611111111111
ARC-noChaos,121,3,25.0,1.173948635123756,58.025
ARC-noChaos,121,4,30.0,1.294774458140524,57.53888888888889
ARC-noChaos,121,5,30.0,1.398484989493598,57.93611111111111
ARC-noChaos,121,6,30.0,1.2931505353544703,58.19166666666667
ARC-noChaos,121,7,25.0,1.0945147581389536,58.63333333333333
ARC-noChaos,121,8,25.0,1.176584195942254,58.07222222222222
ARC-noChaos,121,9,25.0,1.1362120614848759,58.19166666666667
ARC-noChaos,121,10,25.0,1.3566390579694443,58.28055555555556
ARC-noChaos,121,11,30.0,1.2594541774535783,57.74722222222222
ARC-noChaos,122,1,55.0,3.7063080782046787,54.94722222222222
ARC-noChaos,122,2,60.0,4.3290836313978005,55.93611111111111
ARC-noChaos,122,3,50.0,3.7208781903051213,55.888888888888886
ARC-noChaos,122,4,55.0,3.8995530866575145,55.705555555555556
ARC-noChaos,122,5,60.0,4.309625065230504,55.175
ARC-noChaos,122,6,50.0,3.629298551997362,55.827777777777776
ARC-noChaos,122,7,50.0,3.6123805305441015,56.09444444444444
ARC-noChaos,122,8,50.0,3.8063782580219363,56.125
ARC-noChaos,122,9,55.0,3.786683705938032,55.19722222222222
ARC-noChaos,122,10,60.0,3.920357915912953,55.61944444444445
ARC-noChaos,122,11,55.0,4.078207888003005,55.80277777777778
ARC-noChaos,123,1,35.0,1.7335753668647147,54.18055555555556
ARC-noChaos,123,2,55.0,2.238614945442241,53.172222222222224
ARC-noChaos,123,3,50.0,1.9400473740032398,51.827777777777776
ARC-noChaos,123,4,40.0,1.9263513274673572,51.91111111111111
ARC-noChaos,123,5,40.0,1.6942669515405795,52.125
ARC-noChaos,123,6,45.0,1.696073109872942,51.977777777777774
ARC-noChaos,123,7,40.0,1.5697721494726702,54.858333333333334
ARC-noChaos,123,8,35.0,1.6470519479462875,54.08888888888889
ARC-noChaos,123,9,35.0,1.3500783775327485,54.34444444444444
ARC-noChaos,123,10,30.0,1.3494274640438841,52.16111111111111
ARC-noChaos,123,11,40.0,1.5083340419427604,52.45
ARC-noChaos,124,1,30.0,1.292182729689284,65.50833333333334
ARC-noChaos,124,2,25.0,0.9760048316439396,65.56111111111112
ARC-noChaos,124,3,0.0,0.0,65.65555555555555
ARC-noChaos,124,4,30.0,1.2907528277447122,65.21111111111111
ARC-noChaos,124,5,25.0,0.9532304192306107,65.71388888888889
ARC-noChaos,124,6,30.0,1.2722211157129792,65.60833333333333
ARC-noChaos,124,7,30.0,1.060183202779108,65.64444444444445
ARC-noChaos,124,8,25.0,1.0026266455000488,65.66944444444445
ARC-noChaos,124,9,25.0,0.9565080129058323,65.08055555555555
ARC-noChaos,124,10,30.0,1.3137100952575587,66.00833333333334
ARC-noChaos,124,11,25.0,0.9942803484470963,64.81944444444444
ARC-noChaos,125,1,50.0,2.6982897750339574,57.272222222222226
ARC-noChaos,125,2,35.0,1.553382172395823,57.108333333333334
ARC-noChaos,125,3,55.0,3.3329080949327627,56.84444444444444
ARC-noChaos,125,4,45.0,2.232909681166595,57.019444444444446
ARC-noChaos,125,5,40.0,1.8606837940320253,56.891666666666666
ARC-noChaos,125,6,50.0,2.054747445826177,56.644444444444446
ARC-noChaos,125,7,45.0,1.8939870128053204,56.625
ARC-noChaos,125,8,40.0,1.6704170313354028,57.547222222222224
ARC-noChaos,125,9,40.0,2.712237631811254,56.59444444444444
ARC-noChaos,125,10,55.0,3.5546860923815427,56.44722222222222
ARC-noChaos,125,11,55.0,3.6399347755122435,57.102777777777774
ARC-noChaos,126,1,35.0,2.2073531908451294,54.28611111111111
ARC-noChaos,126,2,30.0,2.2082976014072164,54.708333333333336
ARC-noChaos,126,3,30.0,1.9994408558874133,55.0
ARC-noChaos,126,4,30.0,2.1674012646887064,54.88611111111111
ARC-noChaos,126,5,25.0,1.8987813761379368,54.18333333333333
ARC-noChaos,126,6,35.0,2.0554072170657856,55.55
ARC-noChaos,126,7,25.0,1.8220869485028324,54.83888888888889
ARC-noChaos,126,8,25.0,1.8656831850961786,54.86944444444445
ARC-noChaos,126,9,25.0,1.828104165950517,55.233333333333334
ARC-noChaos,126,10,25.0,1.8335049260991165,55.66111111111111
ARC-noChaos,126,11,30.0,1.822332234956514,55.06666666666667
ARC-noChaos,127,1,30.0,1.4863131714905164,64.81666666666666
ARC-noChaos,127,2,30.0,1.4410614836215196,64.09444444444445
ARC-noChaos,127,3,30.0,1.3098734549896185,64.03888888888889
ARC-noChaos,127,4,30.0,1.062321380750908,64.48055555555555
ARC-noChaos,127,5,25.0,1.194994912189995,64.35277777777777
ARC-noChaos,127,6,30.0,1.2848375219176589,64.89444444444445
ARC-noChaos,127,7,25.0,1.165789137356954,65.13888888888889
ARC-noChaos,127,8,25.0,1.3083326972323617,65.0
ARC-noChaos,127,9,25.0,0.9735882055465828,64.46666666666667
ARC-noChaos,127,10,25.0,1.2013035129631477,64.60555555555555
ARC-noChaos,127,11,30.0,1.090892809861188,63.94722222222222
ARC-noChaos,128,1,50.0,3.5513943981827945,56.03888888888889
ARC-noChaos,128,2,55.0,4.1354442889344085,55.68055555555556
ARC-noChaos,128,3,50.0,3.8174394497417885,56.36944444444445
ARC-noChaos,128,4,60.0,4.275802053259503,56.50833333333333
ARC-noChaos,128,5,55.0,4.033955543679135,55.50555555555555
ARC-noChaos,128,6,50.0,3.7499769965460006,55.98888888888889
ARC-noChaos,128,7,50.0,3.8286569230638667,55.78055555555556
ARC-noChaos,128,8,55.0,4.0594052521767505,55.59722222222222
ARC-noChaos,128,9,55.0,3.729569904827623,57.06111111111111
ARC-noChaos,128,10,50.0,3.74964245807361,56.62777777777778
ARC-noChaos,128,11,50.0,3.7625080113134146,57.31111111111111
ARC-noChaos,129,1,35.0,1.587523479756081,60.26111111111111
ARC-noChaos,129,2,30.0,1.4870886175722964,59.894444444444446
ARC-noChaos,129,3,25.0,1.2580226403267503,60.16111111111111
ARC-noChaos,129,4,30.0,1.6381310897937928,59.99444444444445
ARC-noChaos,129,5,25.0,1.2413517143437636,60.330555555555556
ARC-noChaos,129,6,30.0,1.5806727454914515,60.580555555555556
ARC-noChaos,129,7,20.0,1.1469838440530067,60.36388888888889
ARC-noChaos,129,8,30.0,1.475735602939332,59.96388888888889
ARC-noChaos,129,9,25.0,1.2138797085518571,60.07222222222222
ARC-noChaos,129,10,25.0,1.2382454285335687,61.333333333333336
ARC-noChaos,129,11,30.0,1.4883922910516323,59.97222222222222
ARC,100,1,0.0,0.009732589805488967,64.30555555555556
ARC,100,2,5.0,0.06283989177549021,63.91111111111111
ARC,100,3,0.0,0.0,63.833333333333336
ARC,100,4,0.0,0.0,64.04444444444445
ARC,100,5,0.0,0.0,63.638888888888886
ARC,100,6,0.0,0.040792270216372106,62.75
ARC,100,7,5.0,0.07340865417277964,62.736111111111114
ARC,100,8,5.0,0.049976721511024724,61.86944444444445
ARC,100,9,0.0,0.0,61.575
ARC,100,10,5.0,0.045755348593590206,62.00277777777778
ARC,100,11,5.0,0.07791133293506558,61.84444444444444
ARC,101,1,45.0,2.7038807219240457,58.105555555555554
ARC,101,2,35.0,1.4072667405276351,61.266666666666666
ARC,101,3,25.0,1.1452707073291157,61.77777777777778
ARC,101,4,15.0,0.8965089980753072,60.916666666666664
ARC,101,5,15.0,0.14863263358971812,62.138888888888886
ARC,101,6,20.0,1.0033223473952857,59.075
ARC,101,7,25.0,1.1217139266153087,59.108333333333334
ARC,101,8,20.0,1.1966916496570335,59.519444444444446
ARC,101,9,55.0,2.9843020469372483,60.725
ARC,101,10,15.0,0.25813585398569705,62.975
ARC,101,11,15.0,1.0071087213507246,61.105555555555554
ARC,102,1,30.0,1.9800891565393997,58.74722222222222
ARC,102,2,20.0,1.1587262578905633,62.080555555555556
ARC,102,3,10.0,0.2944820293781847,64.01666666666667
ARC,102,4,10.0,0.2354118377167813,64.38888888888889
ARC,102,5,10.0,0.3278297584812906,64.21111111111111
ARC,102,6,15.0,0.4779918590711474,64.65277777777777
ARC,102,7,10.0,0.13727921933642806,64.2388888888889
ARC,102,8,10.0,0.1457506422496757,63.93333333333333
ARC,102,9,10.0,0.14137228904476107,64.16666666666667
ARC,102,10,20.0,1.1094545475068718,63.58611111111111
ARC,102,11,15.0,0.6889313294679456,65.03333333333333
ARC,103,1,25.0,1.646222684390175,58.3
ARC,103,2,25.0,1.1609900500722414,59.833333333333336
ARC,103,3,30.0,1.4708559184461123,60.46666666666667
ARC,103,4,25.0,1.327625101287866,59.99444444444445
ARC,103,5,25.0,1.2178454025763452,60.43055555555556
ARC,103,6,25.0,1.002531849746091,60.86388888888889
ARC,103,7,35.0,1.8401655668692785,60.769444444444446
ARC,103,8,25.0,1.3507852392632747,61.275
ARC,103,9,25.0,1.302690043433452,60.31666666666667
ARC,103,10,35.0,1.6327634462421248,60.07222222222222
ARC,103,11,25.0,1.1379581062775257,60.18611111111111
ARC,104,1,50.0,3.6833301292740095,55.291666666666664
ARC,104,2,55.0,3.7036128181425876,59.794444444444444
ARC,104,3,50.0,3.341871245338368,62.03055555555556
ARC,104,4,50.0,3.5599201144098647,61.975
ARC,104,5,50.0,3.573547442491354,62.275
ARC,104,6,45.0,2.472129957188529,62.34444444444444
ARC,104,7,50.0,3.472491104550035,61.15833333333333
ARC,104,8,35.0,1.890981151184834,61.269444444444446
ARC,104,9,50.0,3.511717791529667,61.65555555555556
ARC,104,10,45.0,3.16787046670991,61.96111111111111
ARC,104,11,50.0,3.122604866052725,62.916666666666664
ARC,105,1,40.0,1.5225934450348255,57.111111111111114
ARC,105,2,40.0,1.538195063345682,57.93611111111111
ARC,105,3,40.0,1.711120376477604,59.19444444444444
ARC,105,4,30.0,1.2909949651685682,58.855555555555554
ARC,105,5,35.0,1.5513234446097535,57.83888888888889
ARC,105,6,40.0,1.5722058549230034,58.61944444444445
ARC,105,7,35.0,1.5434607642186182,57.916666666666664
ARC,105,8,30.0,1.248338204130639,57.666666666666664
ARC,105,9,40.0,1.6156407471086265,57.44444444444444
ARC,105,10,30.0,1.2992411276683935,57.34722222222222
ARC,105,11,25.0,1.1971861431683162,58.25555555555555
ARC,106,1,5.0,0.05983030754068697,58.21944444444444
ARC,106,2,5.0,0.061823731066834586,58.06388888888889
ARC,106,3,0.0,0.019750054849931864,57.422222222222224
ARC,106,4,5.0,0.04843590971040923,57.09166666666667
ARC,106,5,0.0,0.03291914809608887,57.297222222222224
ARC,106,6,5.0,0.046328608309498254,56.166666666666664
ARC,106,7,0.0,0.022293965850961328,56.53333333333333
ARC,106,8,5.0,0.3478351925239709,55.394444444444446
ARC,106,9,5.0,0.04929060672638208,57.74722222222222
ARC,106,10,5.0,0.04486860074828236,57.272222222222226
ARC,106,11,0.0,0.012571567881858314,56.78611111111111
ARC,107,1,45.0,2.472279605281813,61.06666666666667
ARC,107,2,30.0,1.3915550831926082,62.102777777777774
ARC,107,3,15.0,0.614970160486461,65.56111111111112
ARC,107,4,20.0,1.142130295832866,64.77777777777777
ARC,107,5,0.0,0.0,65.425
ARC,107,6,0.0,0.003862174849367239,64.17222222222222
ARC,107,7,25.0,1.3863722833277192,62.94166666666667
ARC,107,8,0.0,0.01142241950978784,63.88611111111111
ARC,107,9,10.0,0.059664665463210476,63.61944444444445
ARC,107,10,0.0,0.0,62.227777777777774
ARC,107,11,45.0,2.150541960939445,63.641666666666666
ARC,108,1,30.0,1.891824979355361,55.888888888888886
ARC,108,2,25.0,1.8031417163191565,57.30555555555556
ARC,108,3,20.0,1.0960164795749017,59.68888888888889
ARC,108,4,20.0,1.1862672463421764,59.96111111111111
ARC,108,5,20.0,1.1294129662628105,59.59722222222222
ARC,108,6,20.0,1.1903632753279547,59.980555555555554
ARC,108,7,20.0,1.1494790220035966,60.355555555555554
ARC,108,8,20.0,1.1739266404190651,59.56388888888889
ARC,108,9,20.0,1.1664141088099322,60.43888888888889
ARC,108,10,20.0,1.0429804507198548,59.95
ARC,108,11,20.0,1.0668015987893908,60.455555555555556
ARC,109,1,30.0,1.3498237267641766,56.861111111111114
ARC,109,2,30.0,1.4851259209361367,59.16388888888889
ARC,109,3,25.0,1.012452081465165,59.81666666666667
ARC,109,4,25.0,1.203441922540971,59.236111111111114
ARC,109,5,0.0,0.0,60.00555555555555
ARC,109,6,25.0,1.220136085402479,60.297222222222224
ARC,109,7,0.0,0.0,60.02777777777778
ARC,109,8,0.0,0.0,60.03611111111111
ARC,109,9,30.0,1.4414109461177826,59.36666666666667
ARC,109,10,0.0,0.0,60.44444444444444
ARC,109,11,0.0,0.0,59.733333333333334
ARC,110,1,55.0,4.097991871627182,56.111111111111114
ARC,110,2,50.0,3.135755368599691,59.71388888888889
ARC,110,3,55.0,3.695324380405951,61.94722222222222
ARC,110,4,50.0,3.33819222483992,63.108333333333334
ARC,110,5,25.0,1.5765277821638501,63.18611111111111
ARC,110,6,50.0,3.5807762583355163,61.955555555555556
ARC,110,7,50.0,3.0822243401553706,61.90833333333333
ARC,110,8,50.0,3.607299939911468,62.24722222222222
ARC,110,9,25.0,1.8377329562243916,63.13611111111111
ARC,110,10,50.0,3.256820971800467,62.522222222222226
ARC,110,11,55.0,3.413913605378782,62.00277777777778
ARC,111,1,40.0,1.4018816048176896,56.641666666666666
ARC,111,2,30.0,1.5616579450893453,57.55277777777778
ARC,111,3,30.0,1.218131230857089,58.27777777777778
ARC,111,4,35.0,1.0310337711271322,58.30833333333333
ARC,111,5,30.0,1.1360311114180122,58.01111111111111
ARC,111,6,35.0,1.3254820503885822,57.169444444444444
ARC,111,7,40.0,1.6914354382722707,57.53611111111111
ARC,111,8,25.0,1.0452018717647782,57.08888888888889
ARC,111,9,20.0,0.10952815915439285,57.78055555555556
ARC,111,10,15.0,0.4262610021436797,57.19444444444444
ARC,111,11,15.0,0.08188053236493076,56.605555555555554
ARC,112,1,5.0,0.09116838579303899,55.32222222222222
ARC,112,2,5.0,0.08280260223411107,56.513888888888886
ARC,112,3,5.0,0.11978216673386166,55.65555555555556
ARC,112,4,10.0,0.20786251175247683,55.26111111111111
ARC,112,5,30.0,1.0820710290713853,56.458333333333336
ARC,112,6,5.0,0.12867527938300594,56.07222222222222
ARC,112,7,5.0,0.06110055294844541,56.6
ARC,112,8,5.0,0.10735678654387737,56.12777777777778
ARC,112,9,5.0,0.09900396648578891,55.63055555555555
ARC,112,10,5.0,0.12943327606020905,56.858333333333334
ARC,112,11,5.0,0.09922513089613005,54.725
ARC,113,1,35.0,2.3447649589859343,58.46388888888889
ARC,113,2,45.0,3.14665298006932,59.28333333333333
ARC,113,3,45.0,2.717374314168497,60.452777777777776
ARC,113,4,30.0,2.1702160895817335,62.65555555555556
ARC,113,5,20.0,1.165567768118847,63.044444444444444
ARC,113,6,50.0,2.636968805680051,66.14722222222223
ARC,113,7,10.0,0.9174351790906865,65.81666666666666
ARC,113,8,25.0,1.0697350394414218,65.45
ARC,113,9,25.0,1.1663664239577987,64.71388888888889
ARC,113,10,20.0,1.0172934374088838,64.23055555555555
ARC,113,11,20.0,0.8797164405031643,62.98888888888889
ARC,114,1,25.0,1.7961108278961468,62.53333333333333
ARC,114,2,20.0,1.118083627204458,65.42222222222222
ARC,114,3,20.0,1.1822389598565852,66.26666666666667
ARC,114,4,20.0,1.1611771877095167,65.91388888888889
ARC,114,5,20.0,1.0762408764238507,67.00833333333334
ARC,114,6,15.0,1.0231204244800507,67.46111111111111
ARC,114,7,20.0,1.1471043960511462,67.19444444444444
ARC,114,8,25.0,1.3051397980841206,66.375
ARC,114,9,20.0,1.1131226911207381,66.175
ARC,114,10,20.0,1.0739027201071116,65.875
ARC,114,11,20.0,1.1084664796696675,66.25
ARC,115,1,25.0,1.6476238419422695,57.291666666666664
ARC,115,2,30.0,1.9289562351384681,57.425
ARC,115,3,25.0,1.087862842953291,58.022222222222226
ARC,115,4,30.0,1.474629652635162,59.03333333333333
ARC,115,5,25.0,1.165264198143301,58.48888888888889
ARC,115,6,10.0,0.10209424016552893,58.65833333333333
ARC,115,7,25.0,1.0159394967737323,58.897222222222226
ARC,115,8,25.0,1.237763019355187,58.24444444444445
ARC,115,9,30.0,1.3271923632759086,58.90555555555556
ARC,115,10,25.0,1.1219545591060753,59.80277777777778
ARC,115,11,25.0,1.2768325379725831,58.394444444444446
ARC,116,1,55.0,3.758097570006691,57.87777777777778
ARC,116,2,50.0,3.6508400403614694,61.78888888888889
ARC,116,3,50.0,3.321860686170708,64.13888888888889
ARC,116,4,30.0,1.3884627871032174,63.702777777777776
ARC,116,5,50.0,3.513186873476437,63.63055555555555
ARC,116,6,35.0,1.9285846596098555,64.49722222222222
ARC,116,7,50.0,3.1573312579878166,64.7611111111111
ARC,116,8,50.0,3.331331034343754,65.15555555555555
ARC,116,9,50.0,3.303834270742345,64.83888888888889
ARC,116,10,50.0,3.311994458077483,64.81111111111112
ARC,116,11,50.0,3.2609604094625433,64.1138888888889
ARC,117,1,35.0,1.2947726259699976,58.794444444444444
ARC,117,2,35.0,1.489316185785905,58.78888888888889
ARC,117,3,40.0,1.6520286116899041,60.0
ARC,117,4,40.0,1.4786745968655701,59.25277777777778
ARC,117,5,45.0,1.5186040862013472,59.55
ARC,117,6,40.0,1.6850359673580506,59.43611111111111
ARC,117,7,20.0,0.40483138022411325,58.56666666666667
ARC,117,8,20.0,0.17120307456185424,58.611111111111114
ARC,117,9,40.0,1.7162176625088899,58.486111111111114
ARC,117,10,30.0,1.2824640751936678,58.263888888888886
ARC,117,11,30.0,1.5602690372391703,58.43333333333333
ARC,118,1,0.0,0.0,63.625
ARC,118,2,0.0,0.0,62.21388888888889
ARC,118,3,0.0,0.0,62.547222222222224
ARC,118,4,0.0,0.0,63.43888888888889
ARC,118,5,0.0,0.0,62.28333333333333
ARC,118,6,0.0,0.0,62.105555555555554
ARC,118,7,0.0,0.0,61.25277777777778
ARC,118,8,0.0,0.0,62.11388888888889
ARC,118,9,0.0,0.0,60.611111111111114
ARC,118,10,0.0,0.0,61.11944444444445
ARC,118,11,0.0,0.0,60.858333333333334
ARC,119,1,50.0,2.5221929288572476,56.68888888888889
ARC,119,2,45.0,3.010572225075059,58.57222222222222
ARC,119,3,25.0,1.232769416851931,59.477777777777774
ARC,119,4,40.0,1.564427018873471,61.85
ARC,119,5,25.0,1.31085619563015,61.97222222222222
ARC,119,6,0.0,0.013982294398495743,62.50555555555555
ARC,119,7,25.0,1.1932406464691514,61.68333333333333
ARC,119,8,25.0,1.261206288303729,61.48888888888889
ARC,119,9,25.0,1.271074358552049,59.769444444444446
ARC,119,10,20.0,0.9554580626336739,61.24722222222222
ARC,119,11,25.0,1.3645087777100606,60.08611111111111
ARC,120,1,30.0,1.8919732729223426,57.297222222222224
ARC,120,2,30.0,1.8131220651679603,59.480555555555554
ARC,120,3,25.0,1.255195290266642,60.90833333333333
ARC,120,4,20.0,1.0200952428912613,61.49722222222222
ARC,120,5,25.0,1.2766222572397345,59.263888888888886
ARC,120,6,20.0,1.0699621553762473,60.541666666666664
ARC,120,7,20.0,1.133764384564162,60.394444444444446
ARC,120,8,20.0,1.179179571595168,60.46944444444444
ARC,120,9,20.0,1.050213870279637,61.483333333333334
ARC,120,10,20.0,1.1345027409777053,61.58611111111111
ARC,120,11,20.0,1.1451343062853891,61.263888888888886
ARC,121,1,25.0,1.164099124966711,57.73888888888889
ARC,121,2,25.0,1.275223665161218,59.62222222222222
ARC,121,3,0.0,0.0,60.61388888888889
ARC,121,4,0.0,0.0,59.59722222222222
ARC,121,5,25.0,1.2576553951986535,60.31944444444444
ARC,121,6,0.0,0.0,61.544444444444444
ARC,121,7,0.0,0.0,60.78333333333333
ARC,121,8,0.0,0.0,60.06666666666667
ARC,121,9,0.0,0.0,59.88055555555555
ARC,121,10,25.0,1.3566390579694443,60.425
ARC,121,11,0.0,0.0,60.91388888888889
ARC,122,1,55.0,4.1355196449075144,56.077777777777776
ARC,122,2,50.0,3.231303861836765,60.78333333333333
ARC,122,3,60.0,3.7218677518793597,62.891666666666666
ARC,122,4,55.0,3.9133854193196815,63.47222222222222
ARC,122,5,50.0,3.407500985346401,62.59722222222222
ARC,122,6,50.0,3.4211904079107347,63.952777777777776
ARC,122,7,55.0,3.1982177270877377,63.09166666666667
ARC,122,8,55.0,4.038799585587927,63.34166666666667
ARC,122,9,55.0,3.6558181286840075,63.00555555555555
ARC,122,10,50.0,3.0043335966025153,63.05277777777778
ARC,122,11,55.0,3.482911238349018,62.955555555555556
ARC,123,1,35.0,1.5659056328000576,54.31111111111111
ARC,123,2,30.0,1.2333798313956534,55.78611111111111
ARC,123,3,35.0,1.6532282364080886,55.58611111111111
ARC,123,4,30.0,1.1109693381920582,55.05555555555556
ARC,123,5,40.0,1.6104578140249348,55.352777777777774
ARC,123,6,40.0,1.7484201555307055,55.544444444444444
ARC,123,7,40.0,1.542344668151796,55.580555555555556
ARC,123,8,40.0,1.6528805414514847,54.98888888888889
ARC,123,9,45.0,1.5352085014428085,55.00555555555555
ARC,123,10,30.0,1.5274351182558266,54.19166666666667
ARC,123,11,40.0,1.4080550722002316,53.975
ARC,124,1,25.0,1.0135421388011823,65.06388888888888
ARC,124,2,0.0,0.0,65.49166666666666
ARC,124,3,0.0,0.0,65.6361111111111
ARC,124,4,0.0,0.004197633525138134,65.42777777777778
ARC,124,5,0.0,0.017565914034656238,65.68055555555556
ARC,124,6,0.0,0.013804638998649033,65.15833333333333
ARC,124,7,35.0,1.3548823334171733,65.83333333333333
ARC,124,8,0.0,0.0,66.775
ARC,124,9,0.0,0.0,65.99444444444444
ARC,124,10,5.0,0.10443499560286451,65.87777777777778
ARC,124,11,0.0,0.0,65.31111111111112
ARC,125,1,55.0,2.731703234322036,58.34166666666667
ARC,125,2,45.0,2.335123870677336,58.08611111111111
ARC,125,3,45.0,2.7358343059690315,59.92777777777778
ARC,125,4,35.0,1.3274274863036006,62.227777777777774
ARC,125,5,40.0,1.4262455501620308,62.480555555555554
ARC,125,6,35.0,1.78870676067161,62.55833333333333
ARC,125,7,35.0,1.714711637763422,64.25555555555556
ARC,125,8,0.0,0.006477384914105322,65.13055555555556
ARC,125,9,25.0,1.25596543766604,63.644444444444446
ARC,125,10,30.0,1.3299841800639256,62.672222222222224
ARC,125,11,0.0,0.0,63.19444444444444
ARC,126,1,25.0,1.8235485768918203,55.11944444444445
ARC,126,2,20.0,1.149838707332962,56.125
ARC,126,3,25.0,1.8528181106648,58.23888888888889
ARC,126,4,20.0,1.1322792243175117,60.861111111111114
ARC,126,5,25.0,1.3765414213423255,59.78333333333333
ARC,126,6,15.0,1.062998795594805,60.9
ARC,126,7,20.0,1.0866245528376006,60.858333333333334
ARC,126,8,20.0,1.1853272207051346,60.69444444444444
ARC,126,9,25.0,1.1760534340131579,59.96666666666667
ARC,126,10,20.0,1.163476969506283,60.75277777777778
ARC,126,11,10.0,0.18132839889493102,60.78333333333333
ARC,127,1,30.0,1.4863131714905164,64.3
ARC,127,2,25.0,1.2292804446337624,65.69722222222222
ARC,127,3,0.0,0.0,66.96944444444445
ARC,127,4,0.0,0.0,65.93333333333334
ARC,127,5,35.0,1.4799221218383396,65.47222222222223
ARC,127,6,0.0,0.0,66.9888888888889
ARC,127,7,0.0,0.0,66.85277777777777
ARC,127,8,10.0,0.26866564199492515,66.19444444444444
ARC,127,9,25.0,0.9735882055465828,66.13055555555556
ARC,127,10,0.0,0.0,67.23333333333333
ARC,127,11,0.0,0.0,66.025
ARC,128,1,60.0,4.388806239094589,58.13611111111111
ARC,128,2,55.0,3.89029255227209,60.80833333333333
ARC,128,3,50.0,3.59730796929314,63.519444444444446
ARC,128,4,45.0,3.194732490726848,64.24444444444444
ARC,128,5,50.0,3.105406114368048,63.21111111111111
ARC,128,6,50.0,3.005565463673987,64.08333333333333
ARC,128,7,50.0,3.199520843652881,63.916666666666664
ARC,128,8,45.0,3.153850301000083,63.638888888888886
ARC,128,9,55.0,3.6768784488884876,65.15277777777777
ARC,128,10,55.0,3.274130492153615,64.33055555555555
ARC,128,11,50.0,3.4143763590555487,64.77222222222223
ARC,129,1,35.0,1.587523479756081,63.0
ARC,129,2,30.0,1.4712260500769903,64.19166666666666
ARC,129,3,25.0,1.2580226403267503,64.60833333333333
ARC,129,4,25.0,1.215936279729457,64.48333333333333
ARC,129,5,25.0,1.064208043030801,64.06666666666666
ARC,129,6,30.0,1.5806727454914515,63.419444444444444
ARC,129,7,25.0,1.2547743298070069,63.53333333333333
ARC,129,8,25.0,1.23539370162411,62.775
ARC,129,9,25.0,1.2138797085518571,62.766666666666666
ARC,129,10,40.0,1.620210998702365,62.925
ARC,129,11,25.0,1.2381976543735074,62.147222222222226
