controller,seed,epoch,viol_s,loss_pct,pods
HPA,100,1,135.0,7.02621066359812,53.09444444444444
HPA,100,2,25.0,1.1853592636524302,43.019444444444446
HPA,100,3,95.0,4.002672407698748,46.98888888888889
HPA,100,4,30.0,1.189906673489416,44.602777777777774
HPA,100,5,45.0,2.5872285799778405,45.74722222222222
HPA,100,6,80.0,4.505928373762225,47.422222222222224
HPA,100,7,140.0,10.509103295533128,61.83888888888889
HPA,100,8,80.0,3.4634071654704113,51.09722222222222
HPA,100,9,70.0,3.11200926163937,48.11944444444445
HPA,100,10,75.0,3.8581270697592207,50.275
HPA,100,11,55.0,2.8551161792365165,48.047222222222224
HPA,101,1,75.0,4.472978595496347,50.78888888888889
HPA,101,2,75.0,4.441044765284308,57.233333333333334
HPA,101,3,40.0,3.0581358716244234,58.275
HPA,101,4,85.0,4.2405477062473995,45.44722222222222
HPA,101,5,85.0,8.587191442749242,57.41388888888889
HPA,101,6,95.0,6.702476101750676,46.87777777777778
HPA,101,7,40.0,0.6409056771542132,27.908333333333335
HPA,101,8,85.0,4.563210825404851,34.15555555555556
HPA,101,9,80.0,4.77312343937365,34.15277777777778
HPA,101,10,130.0,7.866857516525738,42.81388888888889
HPA,101,11,80.0,4.599132371533177,35.730555555555554
HPA,102,1,140.0,7.040851300582773,41.266666666666666
HPA,102,2,85.0,4.294701657410571,46.43888888888889
HPA,102,3,40.0,0.9573395751854563,42.59444444444444
HPA,102,4,60.0,2.7702577240969806,43.36944444444445
HPA,102,5,110.0,6.630797637635366,57.044444444444444
HPA,102,6,80.0,7.793657257960485,58.108333333333334
HPA,102,7,120.0,4.740765885127852,45.269444444444446
HPA,102,8,130.0,6.35153628798032,53.84166666666667
HPA,102,9,135.0,7.688843670224976,70.92222222222222
HPA,102,10,85.0,3.6641231021788623,56.58611111111111
HPA,102,11,100.0,5.8641394919006,51.025
HPA,103,1,100.0,5.901882561024607,49.897222222222226
HPA,103,2,120.0,7.897198603939715,65.22222222222223
HPA,103,3,115.0,5.976993207651926,54.875
HPA,103,4,120.0,6.433092766668313,59.361111111111114
HPA,103,5,90.0,3.2378824734234257,46.37222222222222
HPA,103,6,30.0,1.8538192834119283,49.44722222222222
HPA,103,7,35.0,1.7293766316714643,44.02777777777778
HPA,103,8,40.0,1.6769815587808434,44.55833333333333
HPA,103,9,15.0,0.3037265031430425,37.355555555555554
HPA,103,10,100.0,3.4791740907976876,41.897222222222226
HPA,103,11,65.0,2.946723283832753,36.94722222222222
HPA,104,1,125.0,7.285343002843126,74.64166666666667
HPA,104,2,120.0,6.778136193742846,54.93611111111111
HPA,104,3,90.0,4.450115660586884,43.08611111111111
HPA,104,4,145.0,7.85798117160581,51.952777777777776
HPA,104,5,135.0,7.55324407506599,46.166666666666664
HPA,104,6,120.0,6.339656012547579,47.82222222222222
HPA,104,7,95.0,4.805115465781851,39.263888888888886
HPA,104,8,75.0,2.5144702613843717,34.43333333333333
HPA,104,9,85.0,4.055496137064596,37.55
HPA,104,10,85.0,4.639122991070943,38.33888888888889
HPA,104,11,95.0,4.7358630535716095,38.46944444444444
HPA,105,1,110.0,5.384298178093394,54.30833333333333
HPA,105,2,115.0,8.082440979154203,70.525
HPA,105,3,130.0,8.726941961862666,71.28888888888889
HPA,105,4,115.0,6.4478963611415585,63.144444444444446
HPA,105,5,70.0,5.539460376495809,54.22222222222222
HPA,105,6,35.0,3.414436040753932,42.42777777777778
HPA,105,7,45.0,2.405903472185089,37.36944444444445
HPA,105,8,105.0,6.839219156519327,32.297222222222224
HPA,105,9,55.0,2.762622228389733,44.827777777777776
HPA,105,10,95.0,3.945326324195697,39.19722222222222
HPA,105,11,85.0,4.382947004956428,40.09166666666667
HPA,106,1,135.0,6.953673743459287,52.416666666666664
HPA,106,2,25.0,1.1562309680958283,42.18333333333333
HPA,106,3,100.0,3.9794550859269306,46.63611111111111
HPA,106,4,30.0,1.1777903627446684,45.611111111111114
HPA,106,5,35.0,1.922876216418945,44.17777777777778
HPA,106,6,85.0,4.756197445130672,48.544444444444444
HPA,106,7,145.0,10.723283000246376,61.672222222222224
HPA,106,8,90.0,3.787700588464249,50.06111111111111
HPA,106,9,65.0,2.9477688852356354,47.544444444444444
HPA,106,10,80.0,3.835316616339457,48.43611111111111
HPA,106,11,45.0,2.3985008598609636,43.94722222222222
HPA,107,1,145.0,7.806504863369657,60.580555555555556
HPA,107,2,50.0,2.814473298120723,56.61944444444445
HPA,107,3,40.0,2.956047275694218,58.602777777777774
HPA,107,4,80.0,4.299022990441548,45.141666666666666
HPA,107,5,80.0,8.010430332653096,57.53611111111111
HPA,107,6,90.0,6.414497467633518,46.80555555555556
HPA,107,7,35.0,0.7113794810850504,27.92222222222222
HPA,107,8,90.0,4.61123626979143,35.07222222222222
HPA,107,9,90.0,5.228886115455767,35.19444444444444
HPA,107,10,125.0,7.838660245717777,44.28888888888889
HPA,107,11,85.0,4.702154225765409,36.59166666666667
HPA,108,1,105.0,4.645965680276931,40.78611111111111
HPA,108,2,85.0,4.395330598854208,45.63055555555555
HPA,108,3,40.0,0.8693109661626397,43.38055555555555
HPA,108,4,70.0,3.0637099106726517,45.986111111111114
HPA,108,5,85.0,4.589943339373981,50.81666666666667
HPA,108,6,80.0,7.7898404265725585,56.980555555555554
HPA,108,7,115.0,4.44625591135952,45.647222222222226
HPA,108,8,125.0,6.200137440384379,54.68333333333333
HPA,108,9,145.0,8.525513481743797,72.12777777777778
HPA,108,10,90.0,4.0771771518214095,60.18611111111111
HPA,108,11,95.0,5.789058328479657,49.297222222222224
HPA,109,1,110.0,6.196715505079009,50.15833333333333
HPA,109,2,130.0,8.640102696275498,65.45555555555555
HPA,109,3,115.0,5.642460854638054,56.138888888888886
HPA,109,4,110.0,5.89069502874705,59.86388888888889
HPA,109,5,75.0,2.9747832710517508,44.49166666666667
HPA,109,6,65.0,3.0043151674949753,53.03055555555556
HPA,109,7,35.0,1.6385575630365357,43.266666666666666
HPA,109,8,75.0,3.303710095353618,43.58888888888889
HPA,109,9,15.0,0.1871909574863606,36.46666666666667
HPA,109,10,105.0,3.6501876075838546,43.922222222222224
HPA,109,11,65.0,3.092316426438546,36.58888888888889
HPA,110,1,120.0,6.9201565547027055,72.39444444444445
HPA,110,2,80.0,4.140708910094782,51.86666666666667
HPA,110,3,90.0,4.377184511298394,40.30277777777778
HPA,110,4,160.0,8.119497686467126,49.419444444444444
HPA,110,5,145.0,8.150621150129645,47.75833333333333
HPA,110,6,120.0,5.938041868361655,49.266666666666666
HPA,110,7,95.0,4.7009341881596445,37.375
HPA,110,8,70.0,2.3418726732113315,33.977777777777774
HPA,110,9,90.0,4.21101758879967,38.147222222222226
HPA,110,10,50.0,2.816473149943277,34.86944444444445
HPA,110,11,110.0,5.185802575120546,38.68333333333333
HPA,111,1,105.0,5.156946665862671,54.541666666666664
HPA,111,2,110.0,8.159155937140527,70.03333333333333
HPA,111,3,135.0,8.95952600255251,73.21111111111111
HPA,111,4,105.0,5.9393528251620475,66.0111111111111
HPA,111,5,65.0,5.3226702528030305,53.86666666666667
HPA,111,6,30.0,3.2072032174173315,41.977777777777774
HPA,111,7,40.0,2.15652283197465,36.31944444444444
HPA,111,8,90.0,5.7400882227934495,31.772222222222222
HPA,111,9,55.0,3.003137326017935,43.90555555555556
HPA,111,10,95.0,3.450138988624696,40.43611111111111
HPA,111,11,105.0,7.857591886737647,50.108333333333334
HPA,112,1,140.0,7.2447033119883875,51.452777777777776
HPA,112,2,25.0,1.1242490283848383,42.480555555555554
HPA,112,3,90.0,3.919872332226193,47.81666666666667
HPA,112,4,30.0,1.1375285895259934,45.53055555555556
HPA,112,5,45.0,2.247291741621338,44.68611111111111
HPA,112,6,80.0,4.522218720427407,46.63333333333333
HPA,112,7,135.0,10.351384188532652,62.58888888888889
HPA,112,8,85.0,3.549217326506604,49.575
HPA,112,9,65.0,2.8065215459323167,46.42777777777778
HPA,112,10,95.0,5.18504436067595,52.11666666666667
HPA,112,11,45.0,2.42196055484708,43.43055555555556
HPA,113,1,85.0,4.558525630156596,50.36666666666667
HPA,113,2,50.0,2.2612741577620166,55.333333333333336
HPA,113,3,35.0,2.90506007541963,58.05555555555556
HPA,113,4,75.0,4.203994007538315,46.55277777777778
HPA,113,5,90.0,8.545805202576007,57.025
HPA,113,6,80.0,5.932940793723185,46.28888888888889
HPA,113,7,30.0,0.5796886520354372,27.76388888888889
HPA,113,8,80.0,4.296064149781309,34.15555555555556
HPA,113,9,85.0,4.932207742727146,33.65277777777778
HPA,113,10,120.0,7.740157685765448,41.772222222222226
HPA,113,11,80.0,4.463889771796081,36.1
HPA,114,1,140.0,6.906394917721215,42.28888888888889
HPA,114,2,85.0,4.153969775599697,46.98888888888889
HPA,114,3,40.0,1.110213135685123,42.53333333333333
HPA,114,4,90.0,3.8893801195062916,48.205555555555556
HPA,114,5,105.0,6.418944260957915,56.94722222222222
HPA,114,6,85.0,7.866052952858638,57.147222222222226
HPA,114,7,100.0,3.8089673428011395,42.58611111111111
HPA,114,8,120.0,6.1722175023161014,55.327777777777776
HPA,114,9,140.0,8.158611154154771,71.91388888888889
HPA,114,10,80.0,3.796159349800199,56.46944444444444
HPA,114,11,100.0,5.991987539572019,49.925
HPA,115,1,105.0,5.876934250677346,48.041666666666664
HPA,115,2,115.0,7.6281448408313635,65.86111111111111
HPA,115,3,110.0,5.665937691293099,56.99444444444445
HPA,115,4,115.0,6.289234373681884,58.13333333333333
HPA,115,5,80.0,3.0936549225278998,44.916666666666664
HPA,115,6,70.0,3.040837937383989,53.06944444444444
HPA,115,7,30.0,1.490923215176021,44.047222222222224
HPA,115,8,65.0,3.2541613703843564,43.675
HPA,115,9,15.0,0.3502094215686591,36.90277777777778
HPA,115,10,95.0,3.401384700551535,42.31111111111111
HPA,115,11,110.0,5.956231481957996,42.50277777777778
HPA,116,1,110.0,5.831307942334085,75.16111111111111
HPA,116,2,70.0,3.7683718317067294,51.09444444444444
HPA,116,3,80.0,3.8519436687494912,41.11388888888889
HPA,116,4,125.0,6.492224454029061,50.80555555555556
HPA,116,5,150.0,8.23586166390694,45.455555555555556
HPA,116,6,120.0,6.123139020618673,49.40833333333333
HPA,116,7,95.0,4.620162863879029,38.50277777777778
HPA,116,8,75.0,2.6598798996409823,34.263888888888886
HPA,116,9,95.0,5.926868474314462,41.34444444444444
HPA,116,10,130.0,7.088071329175816,39.42777777777778
HPA,116,11,95.0,4.592432821179349,37.59166666666667
HPA,117,1,120.0,5.926823569475614,55.013888888888886
HPA,117,2,110.0,7.9409479417320235,70.30833333333334
HPA,117,3,130.0,8.81411046882883,74.99444444444444
HPA,117,4,120.0,6.806210640271426,65.325
HPA,117,5,75.0,5.632661438578812,54.855555555555554
HPA,117,6,35.0,3.423428862875888,41.96666666666667
HPA,117,7,40.0,2.3833243033758444,35.26111111111111
HPA,117,8,110.0,7.398431166241359,33.17777777777778
HPA,117,9,55.0,2.931205803584225,45.858333333333334
HPA,117,10,100.0,3.962272520355825,39.43611111111111
HPA,117,11,110.0,7.988727933906581,50.516666666666666
HPA,118,1,135.0,7.311571924869897,48.28611111111111
HPA,118,2,30.0,1.201424088799452,42.105555555555554
HPA,118,3,90.0,3.715680013245537,46.13055555555555
HPA,118,4,35.0,1.3458894326625281,45.27777777777778
HPA,118,5,50.0,2.413412247766389,45.830555555555556
HPA,118,6,80.0,4.673989999212025,48.73888888888889
HPA,118,7,135.0,9.835419924347244,63.71388888888889
HPA,118,8,90.0,3.7918176038641005,50.65555555555556
HPA,118,9,70.0,2.939408655351494,47.94444444444444
HPA,118,10,80.0,3.891672101597199,48.105555555555554
HPA,118,11,45.0,2.302040246638448,44.62222222222222
HPA,119,1,80.0,4.388016130813311,51.108333333333334
HPA,119,2,50.0,2.82665945426811,57.19444444444444
HPA,119,3,45.0,2.892749148573559,58.88055555555555
HPA,119,4,75.0,4.130020021531355,46.641666666666666
HPA,119,5,80.0,7.758128811615272,55.419444444444444
HPA,119,6,80.0,6.260425984889628,46.763888888888886
HPA,119,7,35.0,0.6204024403554165,27.775
HPA,119,8,80.0,4.332259095104174,34.17777777777778
HPA,119,9,85.0,4.924190079353941,35.21944444444444
HPA,119,10,120.0,7.645944184024112,43.272222222222226
HPA,119,11,75.0,4.670685863662316,37.125
HPA,120,1,145.0,7.004081496439296,41.291666666666664
HPA,120,2,85.0,4.1543456234536595,46.02777777777778
HPA,120,3,35.0,0.8101798675121064,41.92777777777778
HPA,120,4,85.0,3.8205247703687384,46.56944444444444
HPA,120,5,115.0,6.748322209466295,57.09444444444444
HPA,120,6,80.0,7.359555898514425,56.141666666666666
HPA,120,7,105.0,4.028317504044909,43.138888888888886
HPA,120,8,125.0,6.156977054892332,54.11388888888889
HPA,120,9,135.0,7.534529184295469,70.28888888888889
HPA,120,10,80.0,3.54126154459411,57.58888888888889
HPA,120,11,100.0,6.045263692599501,50.84444444444444
HPA,121,1,105.0,6.0348692378787705,53.297222222222224
HPA,121,2,130.0,8.895777665563697,65.01944444444445
HPA,121,3,130.0,7.067433521453792,56.25277777777778
HPA,121,4,115.0,6.400807369195172,57.525
HPA,121,5,70.0,3.005303730934694,45.486111111111114
HPA,121,6,35.0,1.9987148365121055,49.638888888888886
HPA,121,7,35.0,1.659188546846968,43.43055555555556
HPA,121,8,60.0,2.7689315736116216,45.18333333333333
HPA,121,9,45.0,1.7494344915071736,40.922222222222224
HPA,121,10,105.0,3.4596582151675936,43.1
HPA,121,11,65.0,3.076687051802607,36.69166666666667
HPA,122,1,125.0,7.128421681791375,73.31111111111112
HPA,122,2,90.0,4.449082999331633,53.68333333333333
HPA,122,3,80.0,3.9764330337718645,41.11388888888889
HPA,122,4,140.0,7.0152183257104594,44.16388888888889
HPA,122,5,140.0,7.719762026263178,46.98888888888889
HPA,122,6,125.0,6.258761017169223,48.88611111111111
HPA,122,7,90.0,4.371388254170938,39.230555555555554
HPA,122,8,65.0,2.2851939910256136,32.19444444444444
HPA,122,9,90.0,5.767990205816953,43.49722222222222
HPA,122,10,75.0,4.036726329982121,37.74166666666667
HPA,122,11,95.0,4.601146947043311,37.86666666666667
HPA,123,1,120.0,5.889817288357713,54.25555555555555
HPA,123,2,115.0,7.963067125793211,69.78888888888889
HPA,123,3,125.0,8.652012645462804,73.60277777777777
HPA,123,4,105.0,5.983409937705919,63.669444444444444
HPA,123,5,70.0,5.5753614818796375,54.68333333333333
HPA,123,6,30.0,3.2887411917430387,41.63333333333333
HPA,123,7,40.0,2.056122463124377,36.43888888888889
HPA,123,8,105.0,6.895230005200115,31.802777777777777
HPA,123,9,55.0,2.8354360407515045,45.50555555555555
HPA,123,10,95.0,3.9012400704182215,39.42777777777778
HPA,123,11,105.0,7.845365690760353,49.06666666666667
HPA,124,1,135.0,6.934774049037118,49.81666666666667
HPA,124,2,25.0,1.1083489201879515,42.733333333333334
HPA,124,3,90.0,3.881511847653918,48.333333333333336
HPA,124,4,35.0,1.2989095531467876,45.138888888888886
HPA,124,5,40.0,2.086568159981994,46.24722222222222
HPA,124,6,80.0,4.606973444162065,48.00277777777778
HPA,124,7,140.0,10.659575404167809,62.825
HPA,124,8,90.0,3.91148096721351,52.480555555555554
HPA,124,9,75.0,3.033614331033674,47.84722222222222
HPA,124,10,75.0,3.84628606852494,50.077777777777776
HPA,124,11,45.0,2.397281925118444,43.330555555555556
HPA,125,1,145.0,7.089851737950292,60.925
HPA,125,2,50.0,2.315013276419453,58.18888888888889
HPA,125,3,50.0,3.113526187366822,58.62222222222222
HPA,125,4,85.0,4.361020983028096,48.15833333333333
HPA,125,5,85.0,8.46475942852205,56.327777777777776
HPA,125,6,95.0,6.789992002246059,49.394444444444446
HPA,125,7,30.0,0.5479040051245665,28.17222222222222
HPA,125,8,80.0,4.524596221232136,34.65833333333333
HPA,125,9,80.0,4.857299937853732,33.15277777777778
HPA,125,10,95.0,5.447990599692732,41.72222222222222
HPA,125,11,85.0,4.673198879688445,37.108333333333334
HPA,126,1,135.0,6.7622042604666195,42.105555555555554
HPA,126,2,80.0,3.894983926433848,46.55833333333333
HPA,126,3,40.0,0.8241192267675723,42.483333333333334
HPA,126,4,75.0,3.37878852559631,45.888888888888886
HPA,126,5,115.0,6.8101292033591605,60.36666666666667
HPA,126,6,60.0,5.786030914640472,52.611111111111114
HPA,126,7,95.0,3.277927369932465,42.43333333333333
HPA,126,8,130.0,6.3783872285083865,54.144444444444446
HPA,126,9,145.0,8.480036978371263,73.74166666666666
HPA,126,10,75.0,3.5709008573554524,57.88333333333333
HPA,126,11,80.0,4.252231285855313,48.925
HPA,127,1,105.0,6.095427011349008,49.797222222222224
HPA,127,2,120.0,7.765863012964158,63.96111111111111
HPA,127,3,110.0,5.909233845721051,57.52777777777778
HPA,127,4,115.0,6.310277881871529,57.65277777777778
HPA,127,5,75.0,3.0864371011183667,44.40277777777778
HPA,127,6,70.0,3.144341342901791,53.575
HPA,127,7,35.0,1.522177029062044,42.99166666666667
HPA,127,8,40.0,1.8266428637323417,43.522222222222226
HPA,127,9,15.0,0.31915602916353647,36.483333333333334
HPA,127,10,90.0,3.35262539279233,42.34166666666667
HPA,127,11,70.0,3.142494317794897,36.56666666666667
HPA,128,1,105.0,5.76887252755951,72.525
HPA,128,2,115.0,6.643985644532191,54.71111111111111
HPA,128,3,85.0,4.3089272229060676,41.63055555555555
HPA,128,4,115.0,5.6704627246033095,45.983333333333334
HPA,128,5,150.0,8.358803718007913,43.81944444444444
HPA,128,6,120.0,6.261900671037179,48.77777777777778
HPA,128,7,90.0,4.333651787938376,38.977777777777774
HPA,128,8,60.0,2.2486986480493742,32.977777777777774
HPA,128,9,100.0,4.6789444794532065,38.06666666666667
HPA,128,10,100.0,5.063254523132709,38.275
HPA,128,11,120.0,6.234934715136675,40.59166666666667
HPA,129,1,120.0,6.005799201441075,53.522222222222226
HPA,129,2,115.0,8.300886680417918,73.6361111111111
HPA,129,3,130.0,8.615887316853199,73.34444444444445
HPA,129,4,115.0,6.313418422048523,62.53055555555556
HPA,129,5,65.0,5.0279109351518585,57.08611111111111
HPA,129,6,35.0,3.3502179534691368,42.53055555555556
HPA,129,7,45.0,2.446166592938548,37.42777777777778
HPA,129,8,110.0,7.655203602950744,32.1
HPA,129,9,55.0,2.950108801063356,44.452777777777776
HPA,129,10,95.0,3.908437001732401,39.519444444444446
HPA,129,11,115.0,7.990272085463024,51.025
HPA-fast,100,1,130.0,6.819077382638206,46.975
HPA-fast,100,2,20.0,1.173430611598525,43.83888888888889
HPA-fast,100,3,80.0,3.365752702269953,49.452777777777776
HPA-fast,100,4,0.0,0.00018734355666794045,43.975
HPA-fast,100,5,40.0,2.085017393559352,44.93055555555556
HPA-fast,100,6,75.0,4.361398544147477,47.08611111111111
HPA-fast,100,7,135.0,9.495752564602256,52.03333333333333
HPA-fast,100,8,65.0,2.30864124488378,44.230555555555554
HPA-fast,100,9,75.0,3.1218199175757744,44.355555555555554
HPA-fast,100,10,70.0,3.573455685263527,48.916666666666664
HPA-fast,100,11,55.0,2.809387009349973,41.93055555555556
HPA-fast,101,1,115.0,6.12731273376369,54.69722222222222
HPA-fast,101,2,70.0,2.830613052588893,53.81388888888889
HPA-fast,101,3,40.0,3.1388645987818875,51.625
HPA-fast,101,4,75.0,3.9808742787826534,47.480555555555554
HPA-fast,101,5,80.0,8.230496360866669,47.98888888888889
HPA-fast,101,6,85.0,6.061209998572714,44.62777777777778
HPA-fast,101,7,45.0,0.7258837135139529,25.666666666666668
HPA-fast,101,8,75.0,4.395593090758487,31.833333333333332
HPA-fast,101,9,70.0,3.7208446651118554,31.430555555555557
HPA-fast,101,10,85.0,4.154591706822652,35.96944444444444
HPA-fast,101,11,90.0,4.723337566301056,34.044444444444444
HPA-fast,102,1,90.0,4.2105040803009475,41.32222222222222
HPA-fast,102,2,80.0,3.9993670320640384,44.477777777777774
HPA-fast,102,3,30.0,0.6903161946816172,43.50555555555555
HPA-fast,102,4,70.0,3.1196977982596352,43.81944444444444
HPA-fast,102,5,90.0,5.154910632527732,46.172222222222224
HPA-fast,102,6,70.0,6.488167396512246,43.327777777777776
HPA-fast,102,7,90.0,4.37146596789908,41.50833333333333
HPA-fast,102,8,105.0,5.219472252211643,50.33611111111111
HPA-fast,102,9,130.0,7.191348319870816,60.44722222222222
HPA-fast,102,10,95.0,4.332127324818613,50.81666666666667
HPA-fast,102,11,75.0,4.310571528383544,47.56944444444444
HPA-fast,103,1,100.0,5.901981987605942,45.18055555555556
HPA-fast,103,2,115.0,7.747356715886999,52.175
HPA-fast,103,3,80.0,4.184883764330638,50.397222222222226
HPA-fast,103,4,110.0,6.033376346106234,51.53333333333333
HPA-fast,103,5,70.0,2.9586134381606066,48.416666666666664
HPA-fast,103,6,30.0,1.884845760539422,50.37777777777778
HPA-fast,103,7,35.0,1.7148951791469358,44.330555555555556
HPA-fast,103,8,55.0,2.4996171133636724,44.74166666666667
HPA-fast,103,9,60.0,1.94740578390864,36.96944444444444
HPA-fast,103,10,80.0,3.0614206988668125,39.98888888888889
HPA-fast,103,11,75.0,3.0542134490471606,35.13333333333333
HPA-fast,104,1,100.0,5.179388420757547,57.55277777777778
HPA-fast,104,2,100.0,5.621531664381296,44.708333333333336
HPA-fast,104,3,80.0,4.230958259431128,38.013888888888886
HPA-fast,104,4,130.0,6.240307424957292,38.575
HPA-fast,104,5,110.0,6.1505362561332095,38.425
HPA-fast,104,6,110.0,5.389909022705563,39.513888888888886
HPA-fast,104,7,95.0,4.17638608969888,36.19166666666667
HPA-fast,104,8,65.0,2.2509807277065863,31.2
HPA-fast,104,9,95.0,4.731273801692016,36.06388888888889
HPA-fast,104,10,165.0,11.42236948764631,41.46388888888889
HPA-fast,104,11,40.0,1.425399884081835,32.81666666666667
HPA-fast,105,1,100.0,4.998838147428453,47.81944444444444
HPA-fast,105,2,70.0,5.476673327611703,55.30833333333333
HPA-fast,105,3,115.0,7.561344411162629,55.227777777777774
HPA-fast,105,4,105.0,6.038517743122163,54.638888888888886
HPA-fast,105,5,75.0,5.616556868892908,51.18333333333333
HPA-fast,105,6,20.0,1.9143939231154872,37.18055555555556
HPA-fast,105,7,45.0,2.2887325113302603,36.355555555555554
HPA-fast,105,8,30.0,0.48571098486723807,31.602777777777778
HPA-fast,105,9,105.0,7.033418484432763,42.608333333333334
HPA-fast,105,10,100.0,3.944917889466504,35.766666666666666
HPA-fast,105,11,85.0,4.399926639013641,36.15555555555556
HPA-fast,106,1,130.0,6.600241193633483,47.925
HPA-fast,106,2,20.0,0.8907185846006138,43.44166666666667
HPA-fast,106,3,80.0,3.1205660972274063,48.30277777777778
HPA-fast,106,4,10.0,0.4028934778280924,43.98888888888889
HPA-fast,106,5,55.0,2.9391387679137626,44.68055555555556
HPA-fast,106,6,75.0,4.056826825890658,46.00833333333333
HPA-fast,106,7,130.0,9.363750807307103,51.61388888888889
HPA-fast,106,8,85.0,3.584534150945251,45.19722222222222
HPA-fast,106,9,70.0,2.7810348686939546,45.138888888888886
HPA-fast,106,10,65.0,3.4664177805178387,49.833333333333336
HPA-fast,106,11,40.0,2.1669526578058096,41.519444444444446
HPA-fast,107,1,115.0,6.059036167394116,54.78055555555556
HPA-fast,107,2,75.0,3.1427646830819778,54.34722222222222
HPA-fast,107,3,40.0,3.0241113827169763,52.108333333333334
HPA-fast,107,4,70.0,3.978446094790522,46.95
HPA-fast,107,5,80.0,8.101846875597541,48.35
HPA-fast,107,6,70.0,5.693209884466144,44.55277777777778
HPA-fast,107,7,50.0,0.7689706633143611,25.41111111111111
HPA-fast,107,8,35.0,1.5061457553965707,30.216666666666665
HPA-fast,107,9,70.0,3.691172138089316,31.630555555555556
HPA-fast,107,10,85.0,3.9297386337151075,34.769444444444446
HPA-fast,107,11,80.0,4.622418656104587,33.766666666666666
HPA-fast,108,1,65.0,2.9425212512611876,40.547222222222224
HPA-fast,108,2,85.0,4.129066251984526,44.955555555555556
HPA-fast,108,3,90.0,3.2539474075192754,46.019444444444446
HPA-fast,108,4,120.0,5.765613069284125,45.25833333333333
HPA-fast,108,5,80.0,4.2557000772234455,45.513888888888886
HPA-fast,108,6,55.0,4.864957650975155,43.88611111111111
HPA-fast,108,7,150.0,8.28812699660848,45.25555555555555
HPA-fast,108,8,95.0,4.630154855056157,50.916666666666664
HPA-fast,108,9,105.0,5.846080984590896,60.18611111111111
HPA-fast,108,10,85.0,3.9590262962351574,51.86388888888889
HPA-fast,108,11,85.0,4.32448189510346,46.891666666666666
HPA-fast,109,1,110.0,6.19605270576844,45.36944444444445
HPA-fast,109,2,120.0,7.936861411570073,52.35
HPA-fast,109,3,85.0,4.08325006245156,49.452777777777776
HPA-fast,109,4,45.0,1.748518683703626,46.65277777777778
HPA-fast,109,5,65.0,2.9282065916311883,47.94722222222222
HPA-fast,109,6,35.0,1.9632605622287302,50.94444444444444
HPA-fast,109,7,35.0,1.6050121944686357,43.84444444444444
HPA-fast,109,8,65.0,2.4802650895464518,43.705555555555556
HPA-fast,109,9,65.0,3.4277377589792213,38.983333333333334
HPA-fast,109,10,80.0,3.071751317900129,40.02777777777778
HPA-fast,109,11,65.0,3.135367127726152,34.80277777777778
HPA-fast,110,1,100.0,5.308582507780635,57.25
HPA-fast,110,2,110.0,5.917468356978917,44.84722222222222
HPA-fast,110,3,85.0,4.131203303505593,37.40277777777778
HPA-fast,110,4,135.0,6.700353737265951,38.13611111111111
HPA-fast,110,5,115.0,6.367201418976731,37.81111111111111
HPA-fast,110,6,95.0,4.5979088318580885,38.73888888888889
HPA-fast,110,7,85.0,3.7257604145958023,36.272222222222226
HPA-fast,110,8,70.0,2.48949438876902,31.280555555555555
HPA-fast,110,9,65.0,3.191754580883266,36.34444444444444
HPA-fast,110,10,200.0,13.544527331768508,40.544444444444444
HPA-fast,110,11,95.0,4.644246848424027,34.825
HPA-fast,111,1,105.0,5.3412925178186965,46.9
HPA-fast,111,2,100.0,6.934196744170951,55.19722222222222
HPA-fast,111,3,115.0,7.695828052418008,55.46111111111111
HPA-fast,111,4,95.0,5.420015096916286,53.925
HPA-fast,111,5,65.0,5.442654178464057,51.30555555555556
HPA-fast,111,6,40.0,3.3342654261247384,39.08888888888889
HPA-fast,111,7,30.0,1.9340430998195823,36.230555555555554
HPA-fast,111,8,35.0,0.6024781895054288,31.93888888888889
HPA-fast,111,9,105.0,7.091743243511783,42.38333333333333
HPA-fast,111,10,95.0,3.5429971003029914,36.19166666666667
HPA-fast,111,11,85.0,4.534099401604741,36.50277777777778
HPA-fast,112,1,130.0,6.83651651869579,47.519444444444446
HPA-fast,112,2,25.0,1.1257567814257907,43.71666666666667
HPA-fast,112,3,80.0,3.342242528406003,48.25833333333333
HPA-fast,112,4,5.0,0.07872307860318228,44.31388888888889
HPA-fast,112,5,45.0,2.475554073898334,45.105555555555554
HPA-fast,112,6,80.0,4.430453661527944,46.18333333333333
HPA-fast,112,7,130.0,9.554766278055805,51.93055555555556
HPA-fast,112,8,80.0,3.36482653473944,44.15833333333333
HPA-fast,112,9,70.0,2.9217969032484192,44.166666666666664
HPA-fast,112,10,70.0,3.421919236247395,49.022222222222226
HPA-fast,112,11,45.0,2.4356178520933525,40.513888888888886
HPA-fast,113,1,115.0,6.06859090313947,56.34722222222222
HPA-fast,113,2,70.0,2.8726118389499677,53.74444444444445
HPA-fast,113,3,40.0,3.2400138724213434,52.858333333333334
HPA-fast,113,4,70.0,3.960502975479041,47.56111111111111
HPA-fast,113,5,80.0,8.079625276044533,47.65
HPA-fast,113,6,75.0,5.775427007527323,44.05
HPA-fast,113,7,50.0,0.7743659153609639,26.011111111111113
HPA-fast,113,8,80.0,4.391722521711761,31.958333333333332
HPA-fast,113,9,95.0,5.338053362395678,31.7
HPA-fast,113,10,85.0,4.089034755554,35.65
HPA-fast,113,11,80.0,4.573894768714625,33.419444444444444
HPA-fast,114,1,100.0,4.790939082559442,43.06944444444444
HPA-fast,114,2,80.0,3.9591925191850064,46.0
HPA-fast,114,3,30.0,0.8749071626505511,44.111111111111114
HPA-fast,114,4,75.0,3.2621408154330123,44.547222222222224
HPA-fast,114,5,105.0,5.960043881399857,47.141666666666666
HPA-fast,114,6,65.0,5.161364220290531,44.486111111111114
HPA-fast,114,7,155.0,7.769961352404231,45.00555555555555
HPA-fast,114,8,100.0,4.946667343746758,52.11666666666667
HPA-fast,114,9,130.0,7.358887769625411,60.28888888888889
HPA-fast,114,10,95.0,4.4295978465511805,50.977777777777774
HPA-fast,114,11,75.0,3.991021098176495,46.833333333333336
HPA-fast,115,1,75.0,3.9763221601040066,44.94722222222222
HPA-fast,115,2,115.0,7.931244045818431,53.16388888888889
HPA-fast,115,3,75.0,4.007885810324529,50.111111111111114
HPA-fast,115,4,105.0,5.916193057724906,50.65277777777778
HPA-fast,115,5,65.0,2.925215699537931,48.422222222222224
HPA-fast,115,6,35.0,2.0665021250258375,50.022222222222226
HPA-fast,115,7,30.0,1.4839316499232647,43.925
HPA-fast,115,8,65.0,3.2541613703843564,44.33611111111111
HPA-fast,115,9,90.0,3.577828713521447,39.108333333333334
HPA-fast,115,10,85.0,3.1405103260425005,38.78055555555556
HPA-fast,115,11,70.0,3.119695365917441,35.236111111111114
HPA-fast,116,1,100.0,5.087662872500498,56.73888888888889
HPA-fast,116,2,100.0,5.72426363822629,44.78611111111111
HPA-fast,116,3,85.0,4.284806742364411,38.06388888888889
HPA-fast,116,4,125.0,5.7708041328578545,38.544444444444444
HPA-fast,116,5,115.0,6.280205291859808,37.82222222222222
HPA-fast,116,6,70.0,3.467394514746036,38.625
HPA-fast,116,7,85.0,3.6791924120455177,35.96944444444444
HPA-fast,116,8,65.0,2.321453209062818,31.433333333333334
HPA-fast,116,9,75.0,3.1764676702080608,36.12222222222222
HPA-fast,116,10,190.0,12.987173351653503,39.669444444444444
HPA-fast,116,11,40.0,1.5094118456923211,32.69166666666667
HPA-fast,117,1,105.0,5.236143612422217,47.375
HPA-fast,117,2,95.0,6.640353581202685,56.05833333333333
HPA-fast,117,3,120.0,7.752224010062447,55.891666666666666
HPA-fast,117,4,105.0,6.090932377399594,54.705555555555556
HPA-fast,117,5,65.0,5.210158192675774,50.30555555555556
HPA-fast,117,6,35.0,3.4840165252508104,38.225
HPA-fast,117,7,45.0,2.399891797977949,36.75277777777778
HPA-fast,117,8,25.0,0.2501013146967046,32.019444444444446
HPA-fast,117,9,105.0,7.200249189508423,42.575
HPA-fast,117,10,65.0,1.5753185043931972,34.56388888888889
HPA-fast,117,11,95.0,4.585521557163352,36.81388888888889
HPA-fast,118,1,120.0,5.989932609512627,47.31666666666667
HPA-fast,118,2,25.0,1.1335668483303252,43.275
HPA-fast,118,3,80.0,3.255223668611673,49.23888888888889
HPA-fast,118,4,10.0,0.174609398184411,44.61388888888889
HPA-fast,118,5,50.0,2.8521376969893764,45.202777777777776
HPA-fast,118,6,80.0,4.603816143426609,46.861111111111114
HPA-fast,118,7,130.0,9.751776438909443,52.13333333333333
HPA-fast,118,8,85.0,3.4375223924870357,44.78055555555556
HPA-fast,118,9,65.0,2.9311764479824864,44.66388888888889
HPA-fast,118,10,70.0,3.512803207778459,49.28611111111111
HPA-fast,118,11,50.0,2.269487407256454,40.56944444444444
HPA-fast,119,1,120.0,6.2044749251598414,56.547222222222224
HPA-fast,119,2,75.0,3.1150232493969754,53.25833333333333
HPA-fast,119,3,45.0,3.0331393289133035,51.95
HPA-fast,119,4,65.0,3.818285095341445,46.68888888888889
HPA-fast,119,5,80.0,7.955776039713635,47.888888888888886
HPA-fast,119,6,30.0,1.6830399766340043,40.6
HPA-fast,119,7,50.0,0.7667143003981747,25.975
HPA-fast,119,8,30.0,1.4666927811321395,29.630555555555556
HPA-fast,119,9,65.0,3.7163375871920867,31.29722222222222
HPA-fast,119,10,80.0,3.8858081621760854,35.13611111111111
HPA-fast,119,11,80.0,4.732439021155843,33.49444444444445
HPA-fast,120,1,75.0,3.1884717192304457,40.96111111111111
HPA-fast,120,2,90.0,4.283568138608507,44.76111111111111
HPA-fast,120,3,35.0,0.8577272860268326,44.419444444444444
HPA-fast,120,4,70.0,2.9563536434407567,44.486111111111114
HPA-fast,120,5,100.0,6.0748513618429705,46.388888888888886
HPA-fast,120,6,65.0,6.2387794038392785,44.45
HPA-fast,120,7,140.0,8.200625492059633,45.81111111111111
HPA-fast,120,8,95.0,4.616132101802906,50.422222222222224
HPA-fast,120,9,125.0,6.78203142124355,60.18888888888889
HPA-fast,120,10,85.0,4.031720029910568,50.236111111111114
HPA-fast,120,11,95.0,5.381365281934447,46.87222222222222
HPA-fast,121,1,85.0,4.098045414287554,44.31666666666667
HPA-fast,121,2,120.0,8.177036974095863,52.352777777777774
HPA-fast,121,3,75.0,4.129670548567555,51.272222222222226
HPA-fast,121,4,110.0,5.857402123811617,50.76111111111111
HPA-fast,121,5,65.0,2.947129080307731,48.083333333333336
HPA-fast,121,6,35.0,2.085286133298858,50.519444444444446
HPA-fast,121,7,35.0,1.6136658543731586,44.675
HPA-fast,121,8,60.0,2.912604452874723,44.477777777777774
HPA-fast,121,9,100.0,4.05426396084404,38.07222222222222
HPA-fast,121,10,85.0,3.313353277069253,39.025
HPA-fast,121,11,65.0,2.996454162067186,35.05
HPA-fast,122,1,95.0,5.139072182502346,58.0
HPA-fast,122,2,105.0,6.057862490921506,44.78333333333333
HPA-fast,122,3,90.0,3.796011443391245,38.25833333333333
HPA-fast,122,4,110.0,4.972109293155036,37.425
HPA-fast,122,5,110.0,6.159088786945688,37.794444444444444
HPA-fast,122,6,75.0,3.707435284752836,39.21666666666667
HPA-fast,122,7,80.0,3.5769940582548343,36.46944444444444
HPA-fast,122,8,65.0,2.28953289403655,31.23611111111111
HPA-fast,122,9,85.0,4.636575308411272,35.56388888888889
HPA-fast,122,10,190.0,13.064812672959503,40.88333333333333
HPA-fast,122,11,95.0,4.601705604516926,34.84444444444444
HPA-fast,123,1,105.0,5.295744242347766,48.45
HPA-fast,123,2,95.0,6.652712147477457,56.391666666666666
HPA-fast,123,3,120.0,7.625444043618257,55.327777777777776
HPA-fast,123,4,75.0,4.121128481641301,53.28611111111111
HPA-fast,123,5,70.0,5.559338802687764,51.50277777777778
HPA-fast,123,6,45.0,3.450133739396677,38.38611111111111
HPA-fast,123,7,50.0,2.733243482614267,37.44166666666667
HPA-fast,123,8,30.0,0.4237123864324177,31.416666666666668
HPA-fast,123,9,105.0,7.165084043284942,42.225
HPA-fast,123,10,100.0,4.038255172071603,35.225
HPA-fast,123,11,70.0,3.7891406067242284,37.263888888888886
HPA-fast,124,1,105.0,5.130794105614944,47.75555555555555
HPA-fast,124,2,20.0,1.0964482720731583,43.96666666666667
HPA-fast,124,3,75.0,3.0384747646450383,48.77777777777778
HPA-fast,124,4,30.0,1.1757887896371777,43.45
HPA-fast,124,5,40.0,2.2971078712065385,44.041666666666664
HPA-fast,124,6,75.0,4.47173474794762,47.24722222222222
HPA-fast,124,7,130.0,9.479206560362785,51.647222222222226
HPA-fast,124,8,80.0,3.5418808116998046,44.733333333333334
HPA-fast,124,9,70.0,2.902544118920314,44.041666666666664
HPA-fast,124,10,65.0,3.5520319577492687,49.08611111111111
HPA-fast,124,11,45.0,2.2610839046794617,41.12222222222222
HPA-fast,125,1,115.0,6.017067303176093,56.230555555555554
HPA-fast,125,2,40.0,2.1040328655689833,53.87222222222222
HPA-fast,125,3,55.0,3.211045526617695,52.28333333333333
HPA-fast,125,4,70.0,3.993662254658803,47.266666666666666
HPA-fast,125,5,80.0,8.045825054646139,48.28611111111111
HPA-fast,125,6,20.0,1.212972490805253,40.38333333333333
HPA-fast,125,7,45.0,0.7449292072398528,25.48611111111111
HPA-fast,125,8,80.0,4.564833912961164,31.880555555555556
HPA-fast,125,9,65.0,3.7790681283434546,31.95
HPA-fast,125,10,85.0,4.260008319676167,35.63055555555555
HPA-fast,125,11,95.0,4.795152944019032,33.7
HPA-fast,126,1,110.0,5.354361929587093,41.975
HPA-fast,126,2,70.0,3.745784458864898,45.69166666666667
HPA-fast,126,3,40.0,0.8654339712526049,44.43611111111111
HPA-fast,126,4,60.0,2.785844962349393,44.669444444444444
HPA-fast,126,5,100.0,5.879684830250809,47.74444444444445
HPA-fast,126,6,70.0,6.826238022968822,44.916666666666664
HPA-fast,126,7,170.0,8.351108870512036,44.525
HPA-fast,126,8,90.0,4.523272644025333,51.475
HPA-fast,126,9,125.0,6.9415276300368145,59.68611111111111
HPA-fast,126,10,85.0,3.833095914440554,51.37222222222222
HPA-fast,126,11,90.0,5.3366362085052295,47.041666666666664
HPA-fast,127,1,105.0,5.806046269551257,45.40833333333333
HPA-fast,127,2,120.0,8.070362413871857,52.327777777777776
HPA-fast,127,3,60.0,3.3256937149729215,48.769444444444446
HPA-fast,127,4,50.0,1.9085003244858512,46.297222222222224
HPA-fast,127,5,75.0,2.9977537322436354,48.025
HPA-fast,127,6,30.0,1.8671776981825983,50.67777777777778
HPA-fast,127,7,35.0,1.522177029062044,44.38055555555555
HPA-fast,127,8,30.0,1.5319522016521203,43.71111111111111
HPA-fast,127,9,15.0,0.31915602916353647,36.269444444444446
HPA-fast,127,10,85.0,3.3913744560942094,39.58888888888889
HPA-fast,127,11,65.0,3.051442004174443,35.077777777777776
HPA-fast,128,1,100.0,5.428292082573883,58.24722222222222
HPA-fast,128,2,100.0,5.855146467133543,45.03888888888889
HPA-fast,128,3,85.0,4.238202197572516,37.99166666666667
HPA-fast,128,4,130.0,6.131523785961868,37.975
HPA-fast,128,5,110.0,6.276818453484346,38.11944444444445
HPA-fast,128,6,85.0,4.3108687086864546,38.272222222222226
HPA-fast,128,7,90.0,3.945003270289338,35.891666666666666
HPA-fast,128,8,65.0,2.5137332018793868,31.01388888888889
HPA-fast,128,9,70.0,3.3699489518229098,36.55833333333333
HPA-fast,128,10,165.0,11.583115775920971,40.80277777777778
HPA-fast,128,11,90.0,4.537929511581618,35.36944444444445
HPA-fast,129,1,100.0,5.287112357019186,47.18611111111111
HPA-fast,129,2,90.0,6.4598927771240096,56.87222222222222
HPA-fast,129,3,115.0,7.6474022284484855,55.06944444444444
HPA-fast,129,4,95.0,5.415368962524902,54.794444444444444
HPA-fast,129,5,70.0,5.3521002741228285,51.94166666666667
HPA-fast,129,6,35.0,3.255058790891996,38.09722222222222
HPA-fast,129,7,35.0,1.9644739754550944,36.02777777777778
HPA-fast,129,8,30.0,0.41482462093404004,31.258333333333333
HPA-fast,129,9,105.0,7.0685154312412735,41.65833333333333
HPA-fast,129,10,105.0,3.9652456372879175,34.78055555555556
HPA-fast,129,11,90.0,4.637310553258467,36.50277777777778
HPA-45,100,1,120.0,6.482361779944568,65.88888888888889
HPA-45,100,2,20.0,1.1636032941650387,52.34166666666667
HPA-45,100,3,80.0,3.165720849725895,60.52777777777778
HPA-45,100,4,0.0,0.0,54.09722222222222
HPA-45,100,5,0.0,0.0,55.22222222222222
HPA-45,100,6,75.0,4.14788120208539,60.80555555555556
HPA-45,100,7,125.0,8.938762909746135,77.61111111111111
HPA-45,100,8,15.0,0.4740527186787302,54.21111111111111
HPA-45,100,9,35.0,1.2556177883773278,55.275
HPA-45,100,10,35.0,2.2323967428535707,60.69722222222222
HPA-45,100,11,35.0,2.0106554365391105,58.25833333333333
HPA-45,101,1,45.0,2.5515890612042846,63.69444444444444
HPA-45,101,2,40.0,1.9558918675248393,71.42777777777778
HPA-45,101,3,30.0,2.5825398976735303,73.6361111111111
HPA-45,101,4,75.0,3.906054427761918,58.13333333333333
HPA-45,101,5,65.0,6.385485586159312,77.85
HPA-45,101,6,30.0,1.4028246990804738,48.61666666666667
HPA-45,101,7,25.0,0.4571345945181382,33.33888888888889
HPA-45,101,8,45.0,2.910417939660326,39.74722222222222
HPA-45,101,9,80.0,4.917770073045292,42.797222222222224
HPA-45,101,10,40.0,2.4719272728611186,46.102777777777774
HPA-45,101,11,55.0,3.548501039798979,44.855555555555554
HPA-45,102,1,75.0,3.4009447308766094,51.21666666666667
HPA-45,102,2,70.0,3.665303418304189,60.419444444444444
HPA-45,102,3,30.0,0.7315336531117822,53.08888888888889
HPA-45,102,4,25.0,1.261798591801655,51.46111111111111
HPA-45,102,5,70.0,3.986273535903029,69.58888888888889
HPA-45,102,6,65.0,6.281875460919284,69.63055555555556
HPA-45,102,7,60.0,2.498148516792009,49.294444444444444
HPA-45,102,8,80.0,3.4446014173304618,65.61944444444444
HPA-45,102,9,120.0,6.383692878342728,86.13055555555556
HPA-45,102,10,45.0,1.5183903651931563,72.28611111111111
HPA-45,102,11,75.0,4.163440638160143,63.547222222222224
HPA-45,103,1,80.0,4.279223596754555,64.28333333333333
HPA-45,103,2,110.0,7.076453368012537,82.38055555555556
HPA-45,103,3,50.0,2.7367097850250155,60.275
HPA-45,103,4,45.0,2.0391509296862176,60.483333333333334
HPA-45,103,5,70.0,2.943932918466363,59.65277777777778
HPA-45,103,6,30.0,1.266437265375675,64.11666666666666
HPA-45,103,7,35.0,1.5461306207680825,55.458333333333336
HPA-45,103,8,45.0,2.2671577207680094,55.388888888888886
HPA-45,103,9,15.0,0.3037265031430425,45.18055555555556
HPA-45,103,10,35.0,1.7039355873125328,48.397222222222226
HPA-45,103,11,50.0,2.4110574045943522,42.513888888888886
HPA-45,104,1,75.0,3.928269861307676,82.99166666666666
HPA-45,104,2,35.0,1.7801189581834187,60.227777777777774
HPA-45,104,3,70.0,3.4231571359636503,52.68055555555556
HPA-45,104,4,95.0,4.117628206368529,55.8
HPA-45,104,5,105.0,5.598400879133669,52.55833333333333
HPA-45,104,6,85.0,3.9534456946663132,58.044444444444444
HPA-45,104,7,40.0,1.8117945941427127,42.897222222222226
HPA-45,104,8,35.0,1.5182668467018434,39.075
HPA-45,104,9,55.0,3.076506181483085,48.50833333333333
HPA-45,104,10,60.0,2.8191126997062277,42.49722222222222
HPA-45,104,11,0.0,0.005462796167143846,38.86944444444445
HPA-45,105,1,85.0,4.103387380359081,67.84444444444445
HPA-45,105,2,95.0,6.728187560373733,84.47777777777777
HPA-45,105,3,75.0,5.554912436125347,83.40555555555555
HPA-45,105,4,95.0,5.736093786783936,80.41388888888889
HPA-45,105,5,50.0,3.944201607470421,69.93333333333334
HPA-45,105,6,25.0,2.003722150601872,52.983333333333334
HPA-45,105,7,35.0,2.2015150854655663,45.24444444444445
HPA-45,105,8,40.0,0.73569926695497,37.96388888888889
HPA-45,105,9,60.0,4.82067920244027,57.96388888888889
HPA-45,105,10,0.0,0.0,40.236111111111114
HPA-45,105,11,25.0,1.7126105163738137,47.5
HPA-45,106,1,95.0,4.934305886979661,63.53611111111111
HPA-45,106,2,20.0,1.0523492961121872,52.077777777777776
HPA-45,106,3,80.0,3.1188681107306437,61.38333333333333
HPA-45,106,4,5.0,0.12301653079596075,54.11388888888889
HPA-45,106,5,35.0,1.9747901845900362,57.76111111111111
HPA-45,106,6,75.0,4.358032884540519,61.49166666666667
HPA-45,106,7,120.0,9.04292772350358,74.68055555555556
HPA-45,106,8,20.0,0.4673042532481575,53.81388888888889
HPA-45,106,9,50.0,1.5969502777999578,55.43888888888889
HPA-45,106,10,40.0,2.3218875852220044,60.275
HPA-45,106,11,35.0,2.1314946747220676,56.275
HPA-45,107,1,40.0,2.475890250215873,62.9
HPA-45,107,2,40.0,2.260821843439087,73.275
HPA-45,107,3,30.0,2.3783479709030497,72.75555555555556
HPA-45,107,4,70.0,3.996461051071709,58.15833333333333
HPA-45,107,5,65.0,6.374315775044792,77.525
HPA-45,107,6,25.0,1.400299369469471,48.90833333333333
HPA-45,107,7,30.0,0.49931237543872076,33.425
HPA-45,107,8,45.0,2.947747074082896,40.16111111111111
HPA-45,107,9,60.0,3.4709883999317515,44.519444444444446
HPA-45,107,10,45.0,2.5164430910644797,44.06388888888889
HPA-45,107,11,20.0,0.8985022947859522,39.69444444444444
HPA-45,108,1,60.0,2.7015990659237876,49.02777777777778
HPA-45,108,2,75.0,3.934526079419298,60.96111111111111
HPA-45,108,3,25.0,0.7190877669299933,53.98888888888889
HPA-45,108,4,25.0,1.1069998278180448,51.81388888888889
HPA-45,108,5,40.0,2.8326244038829884,67.73611111111111
HPA-45,108,6,70.0,6.57259120148338,68.9
HPA-45,108,7,55.0,2.4202353856980885,48.725
HPA-45,108,8,85.0,3.896918049648912,65.16666666666667
HPA-45,108,9,75.0,4.455788357915691,84.90833333333333
HPA-45,108,10,55.0,1.8239014249906482,69.97222222222223
HPA-45,108,11,70.0,3.4339074203536546,61.272222222222226
HPA-45,109,1,75.0,3.8295029330855823,64.38333333333334
HPA-45,109,2,110.0,7.280596228851033,78.53888888888889
HPA-45,109,3,45.0,2.6410919554320067,62.702777777777776
HPA-45,109,4,40.0,1.4251157476746101,60.91388888888889
HPA-45,109,5,45.0,2.045261264036835,53.34444444444444
HPA-45,109,6,20.0,1.0434986862748685,63.15555555555556
HPA-45,109,7,35.0,1.7024338946831974,53.577777777777776
HPA-45,109,8,30.0,1.6270974568071028,55.34166666666667
HPA-45,109,9,15.0,0.1871909574863606,45.08611111111111
HPA-45,109,10,35.0,1.4747641618519158,49.025
HPA-45,109,11,45.0,2.2120734854805035,43.46666666666667
HPA-45,110,1,90.0,4.510472087169792,86.70555555555555
HPA-45,110,2,35.0,1.6546692841043265,58.55833333333333
HPA-45,110,3,80.0,3.835492802330487,51.88611111111111
HPA-45,110,4,90.0,3.9702437596521922,57.61944444444445
HPA-45,110,5,105.0,5.427764312896011,54.175
HPA-45,110,6,75.0,3.6325753119848425,57.47222222222222
HPA-45,110,7,45.0,1.7892668120563116,43.672222222222224
HPA-45,110,8,35.0,1.5604541264441552,38.11944444444445
HPA-45,110,9,50.0,1.9100165770683297,45.583333333333336
HPA-45,110,10,35.0,2.4325627257490323,42.84444444444444
HPA-45,110,11,5.0,0.13989849526692133,39.45
HPA-45,111,1,85.0,4.153400521567496,63.375
HPA-45,111,2,100.0,7.348193483944843,83.83611111111111
HPA-45,111,3,70.0,5.038055997774937,81.67222222222222
HPA-45,111,4,95.0,5.151317877205763,80.54166666666667
HPA-45,111,5,60.0,4.927217599092049,71.90277777777777
HPA-45,111,6,30.0,2.484256959648601,54.016666666666666
HPA-45,111,7,25.0,1.5130882578544669,44.81666666666667
HPA-45,111,8,35.0,0.6024781895054288,37.66111111111111
HPA-45,111,9,50.0,4.049485507302453,59.041666666666664
HPA-45,111,10,0.0,0.0,40.88611111111111
HPA-45,111,11,20.0,1.482172831161932,44.516666666666666
HPA-45,112,1,105.0,5.314768764289357,62.50277777777778
HPA-45,112,2,30.0,1.1278438438965366,52.34722222222222
HPA-45,112,3,75.0,3.1661920062483584,61.675
HPA-45,112,4,0.0,0.0,54.36666666666667
HPA-45,112,5,0.0,0.0,53.90833333333333
HPA-45,112,6,70.0,4.122690136678364,65.66944444444445
HPA-45,112,7,110.0,8.191630932014938,74.68055555555556
HPA-45,112,8,20.0,0.46878376840922,53.27777777777778
HPA-45,112,9,40.0,1.3322439168598432,54.888888888888886
HPA-45,112,10,35.0,2.335632698431156,60.736111111111114
HPA-45,112,11,35.0,2.1651536029049567,57.69166666666667
HPA-45,113,1,40.0,2.44645749310225,63.733333333333334
HPA-45,113,2,35.0,1.8314462446812119,73.6
HPA-45,113,3,25.0,2.360347519743178,71.90555555555555
HPA-45,113,4,65.0,3.8864127054525577,59.65
HPA-45,113,5,65.0,6.3458030080335455,77.80833333333334
HPA-45,113,6,30.0,1.4561795348829842,49.31666666666667
HPA-45,113,7,30.0,0.5065958909920787,33.15833333333333
HPA-45,113,8,45.0,2.8317547899434636,43.62777777777778
HPA-45,113,9,50.0,3.4289822918074364,41.452777777777776
HPA-45,113,10,40.0,2.363451903944247,41.68333333333333
HPA-45,113,11,55.0,3.537239943033532,41.763888888888886
HPA-45,114,1,65.0,3.0301977469152974,49.925
HPA-45,114,2,75.0,3.5898295401390334,61.3
HPA-45,114,3,35.0,1.011177674086039,52.111111111111114
HPA-45,114,4,30.0,1.162511930791088,52.827777777777776
HPA-45,114,5,70.0,4.116386263665928,66.26388888888889
HPA-45,114,6,70.0,6.649044579616426,69.24722222222222
HPA-45,114,7,55.0,2.432323304228934,50.736111111111114
HPA-45,114,8,80.0,3.7783586168233074,64.93888888888888
HPA-45,114,9,70.0,4.038326959726691,83.88333333333334
HPA-45,114,10,40.0,1.4089344439685791,70.75277777777778
HPA-45,114,11,85.0,4.9340299625105555,63.763888888888886
HPA-45,115,1,80.0,4.266136386187524,65.625
HPA-45,115,2,110.0,7.316539776228693,86.68055555555556
HPA-45,115,3,50.0,2.6964058471694807,61.30555555555556
HPA-45,115,4,35.0,1.5826026247964142,60.03055555555556
HPA-45,115,5,70.0,3.059343924438984,60.047222222222224
HPA-45,115,6,25.0,1.0946931771892765,62.07222222222222
HPA-45,115,7,35.0,1.627044522718335,56.26111111111111
HPA-45,115,8,45.0,2.508438043494987,55.71666666666667
HPA-45,115,9,15.0,0.3502094215686591,45.72222222222222
HPA-45,115,10,45.0,1.7363867263175292,49.37222222222222
HPA-45,115,11,45.0,2.244536318385215,42.85
HPA-45,116,1,70.0,3.513654906714958,80.84722222222223
HPA-45,116,2,35.0,1.6818934390564033,59.38333333333333
HPA-45,116,3,80.0,3.8360488340423715,55.83888888888889
HPA-45,116,4,90.0,3.8466258954511168,55.6
HPA-45,116,5,95.0,4.650002920269259,55.11944444444445
HPA-45,116,6,80.0,3.870149253487698,56.87777777777778
HPA-45,116,7,30.0,1.0887527788726814,42.577777777777776
HPA-45,116,8,35.0,1.5204617395234155,39.75277777777778
HPA-45,116,9,65.0,3.4507644753257183,48.894444444444446
HPA-45,116,10,55.0,2.5302343827112717,41.672222222222224
HPA-45,116,11,0.0,0.005082623797081354,38.675
HPA-45,117,1,85.0,4.191267187073877,66.36111111111111
HPA-45,117,2,95.0,6.798926053717369,84.1361111111111
HPA-45,117,3,100.0,6.357994431165681,85.58333333333333
HPA-45,117,4,95.0,5.77948793741877,80.33888888888889
HPA-45,117,5,50.0,4.089786981868093,68.73055555555555
HPA-45,117,6,25.0,2.2211562304832344,51.84444444444444
HPA-45,117,7,35.0,2.1687162720921305,45.55277777777778
HPA-45,117,8,35.0,0.635571146929792,37.40833333333333
HPA-45,117,9,35.0,2.9464875139302515,56.84722222222222
HPA-45,117,10,0.0,0.0,40.333333333333336
HPA-45,117,11,25.0,1.6720321529487658,47.55
HPA-45,118,1,100.0,4.907912509678303,62.077777777777776
HPA-45,118,2,25.0,1.1326221061212505,52.983333333333334
HPA-45,118,3,70.0,3.0466624857897084,61.830555555555556
HPA-45,118,4,0.0,0.0,53.55277777777778
HPA-45,118,5,0.0,0.0,56.166666666666664
HPA-45,118,6,70.0,4.2414957205406,64.88888888888889
HPA-45,118,7,80.0,5.60933048231459,67.44444444444444
HPA-45,118,8,20.0,0.47133900575668797,52.897222222222226
HPA-45,118,9,45.0,1.5941679339683046,55.73888888888889
HPA-45,118,10,40.0,2.3287174645289954,62.05277777777778
HPA-45,118,11,35.0,1.910151623346834,56.94444444444444
HPA-45,119,1,45.0,2.555735883563204,63.90277777777778
HPA-45,119,2,40.0,2.1096615287127696,74.54166666666667
HPA-45,119,3,25.0,2.4252075035501752,72.425
HPA-45,119,4,70.0,3.936140161526025,59.65
HPA-45,119,5,65.0,6.277832104191283,79.46944444444445
HPA-45,119,6,55.0,2.9253808916209323,52.44722222222222
HPA-45,119,7,25.0,0.46039244146890423,32.852777777777774
HPA-45,119,8,45.0,2.8383335458228465,40.416666666666664
HPA-45,119,9,55.0,3.4784683941540773,41.46111111111111
HPA-45,119,10,45.0,2.4277340569414996,45.07222222222222
HPA-45,119,11,20.0,0.800251472870428,39.69444444444444
HPA-45,120,1,60.0,2.602614234087841,47.72222222222222
HPA-45,120,2,70.0,3.557226704070493,57.544444444444444
HPA-45,120,3,30.0,0.8367650252712799,52.641666666666666
HPA-45,120,4,25.0,1.0618147638847164,52.144444444444446
HPA-45,120,5,45.0,2.987519662828808,63.36388888888889
HPA-45,120,6,65.0,6.144538867664606,68.16944444444445
HPA-45,120,7,55.0,2.4490280153700583,48.30277777777778
HPA-45,120,8,90.0,4.254734999685961,67.35555555555555
HPA-45,120,9,75.0,4.497780597051781,84.59444444444445
HPA-45,120,10,50.0,1.43868148714138,69.95277777777778
HPA-45,120,11,70.0,3.808463142561569,63.75277777777778
HPA-45,121,1,65.0,3.3084858925700567,63.43333333333333
HPA-45,121,2,115.0,7.427594349907163,85.9888888888889
HPA-45,121,3,45.0,2.8393764956223477,63.38611111111111
HPA-45,121,4,35.0,1.6702484036766774,58.672222222222224
HPA-45,121,5,70.0,3.0404104368896623,57.30277777777778
HPA-45,121,6,30.0,1.249226887636301,62.57222222222222
HPA-45,121,7,35.0,1.5425258853500656,54.78055555555556
HPA-45,121,8,35.0,1.7351488842774598,54.894444444444446
HPA-45,121,9,35.0,1.3568553434375463,51.772222222222226
HPA-45,121,10,40.0,1.8788670343338865,47.727777777777774
HPA-45,121,11,40.0,2.1883542802682787,42.40555555555556
HPA-45,122,1,95.0,5.214991284917581,92.01388888888889
HPA-45,122,2,35.0,1.6635778772808418,57.516666666666666
HPA-45,122,3,65.0,3.212960142715371,52.772222222222226
HPA-45,122,4,105.0,4.814070474992049,56.40833333333333
HPA-45,122,5,105.0,6.032855666076642,55.11944444444445
HPA-45,122,6,45.0,2.186720693668154,55.980555555555554
HPA-45,122,7,20.0,0.4717405974336675,42.91111111111111
HPA-45,122,8,35.0,1.5985405927567142,38.705555555555556
HPA-45,122,9,60.0,3.2966371404158923,50.86944444444445
HPA-45,122,10,40.0,2.570242666634248,45.22222222222222
HPA-45,122,11,0.0,0.0,39.96944444444444
HPA-45,123,1,85.0,4.051394235993621,61.87777777777778
HPA-45,123,2,100.0,7.08756171468059,83.775
HPA-45,123,3,80.0,5.693753771888533,82.00555555555556
HPA-45,123,4,95.0,5.606536216820079,78.27777777777777
HPA-45,123,5,60.0,4.8708652341172165,73.60277777777777
HPA-45,123,6,25.0,2.308370499565726,51.80555555555556
HPA-45,123,7,25.0,1.8028352189601415,43.31944444444444
HPA-45,123,8,35.0,0.6178108375015756,37.425
HPA-45,123,9,50.0,3.6846770307637944,57.63055555555555
HPA-45,123,10,0.0,0.0,40.06666666666667
HPA-45,123,11,20.0,1.5020041218069213,45.263888888888886
HPA-45,124,1,120.0,6.374471294130579,63.09444444444444
HPA-45,124,2,20.0,1.0268109498082545,53.269444444444446
HPA-45,124,3,75.0,3.2132241571319886,62.62777777777778
HPA-45,124,4,0.0,0.0,53.38333333333333
HPA-45,124,5,0.0,0.0,53.99166666666667
HPA-45,124,6,75.0,4.231038152093703,64.46111111111111
HPA-45,124,7,105.0,7.925400490636214,74.73333333333333
HPA-45,124,8,20.0,0.6035454337006585,53.791666666666664
HPA-45,124,9,35.0,1.3468322506963726,55.55555555555556
HPA-45,124,10,35.0,2.3740127861205274,59.583333333333336
HPA-45,124,11,35.0,2.0011191804718553,55.16388888888889
HPA-45,125,1,45.0,2.5096629558282846,63.57222222222222
HPA-45,125,2,40.0,2.1040328655689833,74.61666666666666
HPA-45,125,3,30.0,2.4940027825982924,72.49722222222222
HPA-45,125,4,70.0,3.9648441081405195,62.2
HPA-45,125,5,65.0,6.339940390383914,78.49444444444444
HPA-45,125,6,30.0,1.6812203408911874,49.705555555555556
HPA-45,125,7,25.0,0.46506698188130136,33.28888888888889
HPA-45,125,8,45.0,2.9597189428563597,40.15555555555556
HPA-45,125,9,80.0,4.818337279287754,45.68611111111111
HPA-45,125,10,40.0,2.5161003606013477,45.73888888888889
HPA-45,125,11,30.0,1.142979228041463,39.58611111111111
HPA-45,126,1,90.0,4.016102901974861,53.644444444444446
HPA-45,126,2,50.0,2.4056688264509796,57.59166666666667
HPA-45,126,3,30.0,0.7295469330211746,53.458333333333336
HPA-45,126,4,25.0,1.1713708542610668,49.897222222222226
HPA-45,126,5,75.0,3.9675340380733948,67.59166666666667
HPA-45,126,6,65.0,5.966108983163776,68.43888888888888
HPA-45,126,7,55.0,2.3965395970246384,46.422222222222224
HPA-45,126,8,90.0,4.271238334390559,65.52777777777777
HPA-45,126,9,105.0,5.559618796088039,88.43333333333334
HPA-45,126,10,65.0,2.5476212543828036,73.93611111111112
HPA-45,126,11,75.0,3.715282953172039,62.666666666666664
HPA-45,127,1,65.0,3.294915019559874,62.327777777777776
HPA-45,127,2,115.0,7.4772599423835295,80.70833333333333
HPA-45,127,3,50.0,2.7966142967731367,64.83055555555555
HPA-45,127,4,45.0,1.7277083177447694,61.075
HPA-45,127,5,40.0,1.9525776156074093,53.105555555555554
HPA-45,127,6,25.0,1.1830259076752614,63.96388888888889
HPA-45,127,7,35.0,1.6364914219721083,55.05833333333333
HPA-45,127,8,45.0,2.461153972470398,55.388888888888886
HPA-45,127,9,15.0,0.31915602916353647,46.18333333333333
HPA-45,127,10,35.0,1.6623316814481703,49.9
HPA-45,127,11,45.0,2.1107533781246524,43.00555555555555
HPA-45,128,1,85.0,4.58749622924759,86.71111111111111
HPA-45,128,2,35.0,1.8162618433357314,59.38611111111111
HPA-45,128,3,70.0,3.6835928492316206,54.21666666666667
HPA-45,128,4,80.0,3.1852957783258584,53.730555555555554
HPA-45,128,5,115.0,6.120366049151016,59.61388888888889
HPA-45,128,6,80.0,3.738594508851756,57.99166666666667
HPA-45,128,7,40.0,1.6699560581926565,41.66111111111111
HPA-45,128,8,30.0,1.5184439113578585,39.666666666666664
HPA-45,128,9,40.0,1.4075644810364496,42.06111111111111
HPA-45,128,10,35.0,2.418208753456663,42.78055555555556
HPA-45,128,11,5.0,0.17004879515526428,40.0
HPA-45,129,1,95.0,4.640567392737172,66.38888888888889
HPA-45,129,2,95.0,6.860005864063179,83.99722222222222
HPA-45,129,3,75.0,5.470148816862219,80.94444444444444
HPA-45,129,4,95.0,5.638836017143478,78.32222222222222
HPA-45,129,5,50.0,4.058677485425822,70.21666666666667
HPA-45,129,6,25.0,2.3090127039154917,54.147222222222226
HPA-45,129,7,35.0,2.031468311279805,46.42777777777778
HPA-45,129,8,30.0,0.41482462093404004,37.547222222222224
HPA-45,129,9,40.0,2.732904606048936,56.416666666666664
HPA-45,129,10,0.0,0.0,40.69444444444444
HPA-45,129,11,20.0,1.3959465022090667,45.202777777777776
PredHPA,100,1,45.0,2.4497266091479397,75.87222222222222
PredHPA,100,2,0.0,0.0,62.325
PredHPA,100,3,0.0,0.0,73.99444444444444
PredHPA,100,4,0.0,0.0,70.65
PredHPA,100,5,0.0,0.0,84.20833333333333
PredHPA,100,6,15.0,0.21657074411508548,68.95833333333333
PredHPA,100,7,40.0,2.4962124760645077,74.225
PredHPA,100,8,0.0,0.0,60.3
PredHPA,100,9,10.0,0.07256790006040514,60.391666666666666
PredHPA,100,10,10.0,0.44934267462549693,76.22777777777777
PredHPA,100,11,30.0,1.9892287649054707,75.225
PredHPA,101,1,40.0,2.4588530013283316,86.225
PredHPA,101,2,0.0,0.0,95.99166666666666
PredHPA,101,3,25.0,2.013314727311699,93.88333333333334
PredHPA,101,4,45.0,1.256584409020689,59.53333333333333
PredHPA,101,5,45.0,5.654904161728047,91.92222222222222
PredHPA,101,6,0.0,0.0,62.15
PredHPA,101,7,25.0,0.4571345945181382,40.12777777777778
PredHPA,101,8,0.0,0.0,45.34444444444444
PredHPA,101,9,50.0,2.47641775624301,57.68055555555556
PredHPA,101,10,0.0,0.0,54.1
PredHPA,101,11,15.0,0.5378628891927639,50.13055555555555
PredHPA,102,1,0.0,0.0,63.65
PredHPA,102,2,0.0,0.0,64.46666666666667
PredHPA,102,3,0.0,0.0,71.16944444444445
PredHPA,102,4,0.0,0.0,65.21111111111111
PredHPA,102,5,15.0,0.46125833893524426,67.80833333333334
PredHPA,102,6,5.0,0.08904313786134432,67.6361111111111
PredHPA,102,7,0.0,0.0,53.766666666666666
PredHPA,102,8,30.0,0.9731458485224387,81.08055555555555
PredHPA,102,9,50.0,2.8886302397129415,100.54444444444445
PredHPA,102,10,0.0,0.0,79.39166666666667
PredHPA,102,11,65.0,3.4612399647579895,88.75277777777778
PredHPA,103,1,35.0,2.1392742553933086,77.22777777777777
PredHPA,103,2,70.0,4.198429578204276,88.76666666666667
PredHPA,103,3,10.0,0.04692860088735262,64.59722222222223
PredHPA,103,4,10.0,0.26598503720451916,77.6361111111111
PredHPA,103,5,5.0,0.022840612438312924,84.01944444444445
PredHPA,103,6,0.0,0.0,82.01666666666667
PredHPA,103,7,0.0,0.0,74.75555555555556
PredHPA,103,8,0.0,0.0,70.23611111111111
PredHPA,103,9,0.0,0.0,54.458333333333336
PredHPA,103,10,30.0,1.4605597601605513,57.44722222222222
PredHPA,103,11,35.0,2.093718180590254,56.21388888888889
PredHPA,104,1,10.0,0.04689652298616176,78.31388888888888
PredHPA,104,2,35.0,1.7618597429607807,64.21388888888889
PredHPA,104,3,70.0,3.375838278018106,67.25555555555556
PredHPA,104,4,75.0,3.00981480758834,62.71666666666667
PredHPA,104,5,75.0,4.15190927742477,67.53888888888889
PredHPA,104,6,40.0,1.991725854207882,72.21944444444445
PredHPA,104,7,0.0,0.0,53.230555555555554
PredHPA,104,8,0.0,0.0,46.175
PredHPA,104,9,5.0,0.016891230654048073,59.99722222222222
PredHPA,104,10,55.0,2.2221183207676742,53.483333333333334
PredHPA,104,11,5.0,0.08354417658614777,47.897222222222226
PredHPA,105,1,40.0,2.572791281521325,83.59722222222223
PredHPA,105,2,40.0,3.110526948444692,98.94166666666666
PredHPA,105,3,45.0,3.112662821872092,91.44166666666666
PredHPA,105,4,60.0,1.852690589100392,82.825
PredHPA,105,5,25.0,2.0189512045275637,85.43055555555556
PredHPA,105,6,20.0,1.8150384143019616,69.50833333333334
PredHPA,105,7,0.0,0.02645341854766725,56.56111111111111
PredHPA,105,8,0.0,0.0,46.78333333333333
PredHPA,105,9,45.0,3.504895996696933,78.16944444444445
PredHPA,105,10,0.0,0.0,55.84166666666667
PredHPA,105,11,0.0,0.0,59.708333333333336
PredHPA,106,1,40.0,2.506304443384122,75.36666666666666
PredHPA,106,2,0.0,0.0,61.68333333333333
PredHPA,106,3,0.0,0.0,73.43333333333334
PredHPA,106,4,0.0,0.0,69.8861111111111
PredHPA,106,5,0.0,0.0,84.1138888888889
PredHPA,106,6,10.0,0.24425775389603777,67.89166666666667
PredHPA,106,7,75.0,4.670125697712358,85.71388888888889
PredHPA,106,8,20.0,0.4673042532481575,62.49166666666667
PredHPA,106,9,15.0,0.2387156428160786,61.88333333333333
PredHPA,106,10,10.0,0.3423536889430201,76.79166666666667
PredHPA,106,11,35.0,1.9305971519386733,75.03888888888889
PredHPA,107,1,40.0,2.275692148955477,84.52222222222223
PredHPA,107,2,5.0,0.08938925740020753,96.87222222222222
PredHPA,107,3,25.0,1.9766812417869706,94.32777777777778
PredHPA,107,4,60.0,2.387356299275911,67.39166666666667
PredHPA,107,5,45.0,5.5080361053283955,92.1
PredHPA,107,6,0.0,0.0,62.227777777777774
PredHPA,107,7,35.0,0.5312521023471128,41.13055555555555
PredHPA,107,8,0.0,0.0,46.58888888888889
PredHPA,107,9,45.0,2.4980204258355565,57.330555555555556
PredHPA,107,10,0.0,0.0,52.51111111111111
PredHPA,107,11,10.0,0.239493284554948,49.044444444444444
PredHPA,108,1,0.0,0.0,62.7
PredHPA,108,2,0.0,0.0,63.40555555555556
PredHPA,108,3,0.0,0.0,71.74722222222222
PredHPA,108,4,0.0,0.0,66.05555555555556
PredHPA,108,5,35.0,2.3336282869764413,85.29444444444445
PredHPA,108,6,10.0,0.181406965249864,70.17222222222222
PredHPA,108,7,0.0,0.004113232533375921,52.86944444444445
PredHPA,108,8,35.0,0.8990967053996268,77.32222222222222
PredHPA,108,9,50.0,3.0173663762693037,100.35277777777777
PredHPA,108,10,0.0,0.0,83.7388888888889
PredHPA,108,11,65.0,3.5068340952246757,86.68611111111112
PredHPA,109,1,35.0,2.1404701600159948,77.13888888888889
PredHPA,109,2,75.0,4.398391623369147,86.54444444444445
PredHPA,109,3,0.0,0.016609458267691224,66.26388888888889
PredHPA,109,4,10.0,0.06616632502507436,81.06111111111112
PredHPA,109,5,5.0,0.02430693866243283,84.63055555555556
PredHPA,109,6,0.0,0.0,82.95
PredHPA,109,7,0.0,0.0,72.83611111111111
PredHPA,109,8,0.0,0.0,66.41666666666667
PredHPA,109,9,0.0,0.0,54.76111111111111
PredHPA,109,10,40.0,1.7234123738745333,60.266666666666666
PredHPA,109,11,40.0,1.9799915340275254,56.21388888888889
PredHPA,110,1,35.0,1.3510669383563823,92.225
PredHPA,110,2,35.0,1.6546692841043265,62.80277777777778
PredHPA,110,3,70.0,3.653346175393013,67.825
PredHPA,110,4,75.0,2.9975246547440104,66.11111111111111
PredHPA,110,5,65.0,3.600300767392395,63.4
PredHPA,110,6,40.0,2.0892205038755884,70.05
PredHPA,110,7,0.0,0.0,53.82222222222222
PredHPA,110,8,0.0,0.0,47.21388888888889
PredHPA,110,9,5.0,0.02842942660354897,61.19166666666667
PredHPA,110,10,35.0,2.424752329057811,54.02777777777778
PredHPA,110,11,0.0,0.0,47.233333333333334
PredHPA,111,1,40.0,2.4617922426842576,81.92222222222222
PredHPA,111,2,45.0,3.0872928991673487,98.21111111111111
PredHPA,111,3,45.0,3.066940543235286,90.93333333333334
PredHPA,111,4,70.0,2.5489696208345958,89.86666666666666
PredHPA,111,5,25.0,2.2024403945796966,87.40833333333333
PredHPA,111,6,25.0,2.2889929053833913,73.025
PredHPA,111,7,5.0,0.035655090498787345,55.891666666666666
PredHPA,111,8,0.0,0.0,46.83611111111111
PredHPA,111,9,35.0,2.4109537959063343,76.52222222222223
PredHPA,111,10,0.0,0.0,54.33611111111111
PredHPA,111,11,0.0,0.0,58.13055555555555
PredHPA,112,1,40.0,2.3632233714632855,72.21944444444445
PredHPA,112,2,0.0,0.0,62.513888888888886
PredHPA,112,3,0.0,0.0,75.92777777777778
PredHPA,112,4,0.0,0.0,70.77222222222223
PredHPA,112,5,0.0,0.0,85.76666666666667
PredHPA,112,6,10.0,0.2965689100765334,69.89444444444445
PredHPA,112,7,55.0,3.303965105657236,79.11666666666666
PredHPA,112,8,0.0,0.0,59.666666666666664
PredHPA,112,9,10.0,0.07364620526797427,60.58888888888889
PredHPA,112,10,5.0,0.1279579231805439,77.59444444444445
PredHPA,112,11,35.0,2.1601207634041386,74.69166666666666
PredHPA,113,1,5.0,0.18538429136754075,74.79722222222222
PredHPA,113,2,5.0,0.11145287561907802,96.1138888888889
PredHPA,113,3,0.0,0.011019547990898104,78.60277777777777
PredHPA,113,4,55.0,2.8684484939237587,73.83888888888889
PredHPA,113,5,45.0,5.522726358058161,92.08611111111111
PredHPA,113,6,0.0,0.0,61.69444444444444
PredHPA,113,7,35.0,0.5412203438610819,41.416666666666664
PredHPA,113,8,0.0,0.0,44.85
PredHPA,113,9,40.0,2.4531444204110353,57.56666666666667
PredHPA,113,10,0.0,0.0,53.51111111111111
PredHPA,113,11,10.0,0.34616733686223533,49.36388888888889
PredHPA,114,1,0.0,0.0,63.49166666666667
PredHPA,114,2,0.0,0.0,64.3
PredHPA,114,3,0.0,0.0,70.09166666666667
PredHPA,114,4,0.0,0.0,65.52777777777777
PredHPA,114,5,10.0,0.17869678781377019,70.53055555555555
PredHPA,114,6,5.0,0.10597563478801364,69.26388888888889
PredHPA,114,7,0.0,0.0,52.583333333333336
PredHPA,114,8,30.0,1.0443117351530806,80.7611111111111
PredHPA,114,9,50.0,2.7230712833327453,98.0
PredHPA,114,10,0.0,0.0,78.81111111111112
PredHPA,114,11,70.0,3.5055131399527983,86.52777777777777
PredHPA,115,1,35.0,2.174670598965933,77.01388888888889
PredHPA,115,2,70.0,4.279444409858613,89.2611111111111
PredHPA,115,3,15.0,0.09365010055244483,65.8
PredHPA,115,4,5.0,0.044330777353618345,79.40833333333333
PredHPA,115,5,5.0,0.032161299975341784,81.47777777777777
PredHPA,115,6,25.0,1.2558882823463957,81.9888888888889
PredHPA,115,7,0.0,0.0,74.18888888888888
PredHPA,115,8,0.0,0.0,69.04722222222222
PredHPA,115,9,0.0,0.0,55.236111111111114
PredHPA,115,10,35.0,1.1806263770948955,57.15833333333333
PredHPA,115,11,35.0,2.165024326036369,57.77777777777778
PredHPA,116,1,40.0,1.4865616309841956,96.80833333333334
PredHPA,116,2,30.0,1.6959916955363363,62.519444444444446
PredHPA,116,3,70.0,3.575689786438929,68.23055555555555
PredHPA,116,4,30.0,1.2354012905467004,52.736111111111114
PredHPA,116,5,75.0,3.4526978932466146,63.797222222222224
PredHPA,116,6,40.0,1.991816581748862,71.19444444444444
PredHPA,116,7,5.0,0.2285858750440517,54.36388888888889
PredHPA,116,8,0.0,0.0,44.71111111111111
PredHPA,116,9,0.0,0.0116384988184004,61.43611111111111
PredHPA,116,10,55.0,2.5184258463935683,53.547222222222224
PredHPA,116,11,5.0,0.1787094211272211,48.080555555555556
PredHPA,117,1,40.0,2.569217561777737,82.975
PredHPA,117,2,45.0,3.2245988269015258,98.5111111111111
PredHPA,117,3,45.0,3.1790178869814167,92.19166666666666
PredHPA,117,4,30.0,1.1639406018261855,82.93611111111112
PredHPA,117,5,25.0,1.9678969143464897,85.84722222222223
PredHPA,117,6,30.0,2.2505164586804516,71.56944444444444
PredHPA,117,7,5.0,0.05780785328023397,55.09444444444444
PredHPA,117,8,0.0,0.0,46.65833333333333
PredHPA,117,9,35.0,2.93835741673778,78.67777777777778
PredHPA,117,10,0.0,0.0,53.80277777777778
PredHPA,117,11,0.0,0.0,59.93888888888889
PredHPA,118,1,45.0,2.5044269121010654,73.9
PredHPA,118,2,0.0,0.0,62.78611111111111
PredHPA,118,3,0.0,0.000847269989956434,74.6138888888889
PredHPA,118,4,0.0,0.0,70.7388888888889
PredHPA,118,5,0.0,0.0,85.35277777777777
PredHPA,118,6,20.0,0.6977862814407043,70.98611111111111
PredHPA,118,7,45.0,2.925262946004714,74.95
PredHPA,118,8,15.0,0.40357889932028934,60.141666666666666
PredHPA,118,9,10.0,0.05893874972667801,61.361111111111114
PredHPA,118,10,5.0,0.3479189351694334,77.17777777777778
PredHPA,118,11,35.0,1.9254122598257317,75.82777777777778
PredHPA,119,1,10.0,0.277663520626803,76.09444444444445
PredHPA,119,2,0.0,0.0,96.18888888888888
PredHPA,119,3,5.0,0.08116510225728568,77.99722222222222
PredHPA,119,4,30.0,1.0009279948633987,63.513888888888886
PredHPA,119,5,45.0,5.598443629233374,91.77222222222223
PredHPA,119,6,0.0,0.0,63.15277777777778
PredHPA,119,7,30.0,0.4920818907931057,41.25
PredHPA,119,8,0.0,0.0,45.34444444444444
PredHPA,119,9,45.0,2.56484335830387,58.172222222222224
PredHPA,119,10,5.0,0.03591733487303683,53.1
PredHPA,119,11,15.0,0.5354901075794061,50.611111111111114
PredHPA,120,1,0.0,0.0,61.76111111111111
PredHPA,120,2,0.0,0.0,63.78611111111111
PredHPA,120,3,0.0,0.0,72.93333333333334
PredHPA,120,4,25.0,1.0935559029719433,67.09444444444445
PredHPA,120,5,35.0,2.39720930930315,85.49444444444444
PredHPA,120,6,10.0,0.15372276025683584,71.025
PredHPA,120,7,0.0,0.0,53.18333333333333
PredHPA,120,8,30.0,1.1083543768567572,80.4
PredHPA,120,9,50.0,2.7270805025540468,96.3
PredHPA,120,10,0.0,0.0,81.10277777777777
PredHPA,120,11,40.0,2.4892983753845854,77.375
PredHPA,121,1,30.0,1.9815923212139652,76.73333333333333
PredHPA,121,2,65.0,3.9063012390929686,86.50555555555556
PredHPA,121,3,10.0,0.22569661839657584,67.5
PredHPA,121,4,5.0,0.10473753341382341,78.82222222222222
PredHPA,121,5,5.0,0.03340061943192252,82.06111111111112
PredHPA,121,6,0.0,0.0,82.38888888888889
PredHPA,121,7,0.0,0.0,75.78333333333333
PredHPA,121,8,0.0,0.0,68.925
PredHPA,121,9,0.0,0.0,56.59444444444444
PredHPA,121,10,30.0,1.5598894224114201,57.25277777777778
PredHPA,121,11,35.0,1.8589169435693775,55.827777777777776
PredHPA,122,1,25.0,0.5054055537370261,86.65555555555555
PredHPA,122,2,40.0,1.882990040193766,61.26111111111111
PredHPA,122,3,70.0,3.489751477531422,65.73333333333333
PredHPA,122,4,80.0,3.5252277098864915,67.90833333333333
PredHPA,122,5,70.0,3.7320095608189607,63.94166666666667
PredHPA,122,6,35.0,1.7372770972160945,70.64722222222223
PredHPA,122,7,0.0,0.0,52.63055555555555
PredHPA,122,8,0.0,0.00015861167624864336,44.575
PredHPA,122,9,10.0,0.09431434914566328,61.227777777777774
PredHPA,122,10,45.0,2.8711498143332737,54.983333333333334
PredHPA,122,11,10.0,0.48245249561132963,48.61666666666667
PredHPA,123,1,40.0,2.524108858342422,82.21111111111111
PredHPA,123,2,40.0,3.1030790178488643,98.44722222222222
PredHPA,123,3,45.0,3.0335156551112963,91.42777777777778
PredHPA,123,4,60.0,2.8773834564099987,95.475
PredHPA,123,5,30.0,2.034413965299686,88.12777777777778
PredHPA,123,6,25.0,2.019882441448151,71.07222222222222
PredHPA,123,7,5.0,0.0406299579015168,54.51111111111111
PredHPA,123,8,0.0,0.0,46.92777777777778
PredHPA,123,9,40.0,2.9844945396623412,77.12777777777778
PredHPA,123,10,0.0,0.0,54.96111111111111
PredHPA,123,11,0.0,0.0,59.452777777777776
PredHPA,124,1,40.0,2.3615605788503746,72.19444444444444
PredHPA,124,2,0.0,0.0,63.09166666666667
PredHPA,124,3,0.0,0.0,77.225
PredHPA,124,4,0.0,0.0,69.42222222222222
PredHPA,124,5,0.0,0.0,83.16666666666667
PredHPA,124,6,20.0,0.9744661426094869,69.66944444444445
PredHPA,124,7,50.0,3.173539169375861,79.85277777777777
PredHPA,124,8,0.0,0.0,60.75833333333333
PredHPA,124,9,5.0,0.022608358214071256,61.7
PredHPA,124,10,15.0,0.7446819450444675,78.24722222222222
PredHPA,124,11,35.0,2.1055016036028107,75.0
PredHPA,125,1,40.0,2.4881366248043713,85.68333333333334
PredHPA,125,2,10.0,0.17357640798367768,95.68888888888888
PredHPA,125,3,25.0,2.042765778076472,93.85277777777777
PredHPA,125,4,50.0,1.4692303795347694,62.644444444444446
PredHPA,125,5,45.0,5.569159685282443,91.75555555555556
PredHPA,125,6,0.0,0.0,61.44444444444444
PredHPA,125,7,25.0,0.46506698188130136,40.541666666666664
PredHPA,125,8,0.0,0.0,46.85
PredHPA,125,9,50.0,2.5763081825465606,56.977777777777774
PredHPA,125,10,0.0,0.0,53.59166666666667
PredHPA,125,11,10.0,0.29822909908948647,49.733333333333334
PredHPA,126,1,0.0,0.0,63.07222222222222
PredHPA,126,2,15.0,0.3180839062341789,64.38055555555556
PredHPA,126,3,0.0,0.0,71.54166666666667
PredHPA,126,4,0.0,0.0,65.0111111111111
PredHPA,126,5,25.0,1.3314307975395567,74.64166666666667
PredHPA,126,6,5.0,0.11329428285687948,69.25277777777778
PredHPA,126,7,0.0,0.0,52.51111111111111
PredHPA,126,8,30.0,1.0676491932492205,81.0111111111111
PredHPA,126,9,45.0,2.7412442606633336,101.17222222222222
PredHPA,126,10,0.0,0.0,81.18611111111112
PredHPA,126,11,70.0,3.731051315941325,85.79444444444445
PredHPA,127,1,30.0,2.0997418540586676,76.20277777777778
PredHPA,127,2,65.0,3.9602609003349443,85.56944444444444
PredHPA,127,3,15.0,0.09816825846893362,66.82777777777778
PredHPA,127,4,10.0,0.20987072272152796,79.06388888888888
PredHPA,127,5,5.0,0.016249434472426216,81.52777777777777
PredHPA,127,6,0.0,0.0,82.05277777777778
PredHPA,127,7,0.0,0.0,75.68055555555556
PredHPA,127,8,35.0,1.9731476553169425,74.57222222222222
PredHPA,127,9,0.0,0.0,55.02777777777778
PredHPA,127,10,30.0,1.4144549904109183,58.952777777777776
PredHPA,127,11,40.0,2.086195430311155,53.88611111111111
PredHPA,128,1,40.0,1.6919026099043832,95.69722222222222
PredHPA,128,2,35.0,1.9000742719334607,62.825
PredHPA,128,3,65.0,3.3957403723456125,69.375
PredHPA,128,4,80.0,3.4362156426174573,67.11944444444444
PredHPA,128,5,95.0,5.157919422891855,70.28055555555555
PredHPA,128,6,40.0,2.0585905669984195,70.13055555555556
PredHPA,128,7,5.0,0.17240059169516542,53.775
PredHPA,128,8,0.0,0.0,45.62777777777778
PredHPA,128,9,5.0,0.032011292681355386,60.041666666666664
PredHPA,128,10,35.0,2.1560890326765003,53.84722222222222
PredHPA,128,11,0.0,0.0,47.30833333333333
PredHPA,129,1,40.0,2.688868905932351,83.39444444444445
PredHPA,129,2,40.0,3.0987953094031906,99.77222222222223
PredHPA,129,3,45.0,3.1916782127676346,91.89722222222223
PredHPA,129,4,65.0,2.7127062579129557,93.6361111111111
PredHPA,129,5,25.0,2.087660632253896,86.975
PredHPA,129,6,25.0,2.3066798468136196,72.83611111111111
PredHPA,129,7,0.0,0.005277206266218748,55.797222222222224
PredHPA,129,8,0.0,0.0,46.40277777777778
PredHPA,129,9,35.0,2.7079393099634697,74.075
PredHPA,129,10,0.0,0.0,53.56111111111111
PredHPA,129,11,0.0,0.0,59.46944444444444
ARC-noChaos,100,1,30.0,1.180515404446969,59.28888888888889
ARC-noChaos,100,2,10.0,0.4921705677093491,57.141666666666666
ARC-noChaos,100,3,15.0,0.8618839184342364,64.50833333333334
ARC-noChaos,100,4,0.0,0.0,56.772222222222226
ARC-noChaos,100,5,0.0,0.0021324872874539658,59.725
ARC-noChaos,100,6,10.0,0.36811682112847244,57.23888888888889
ARC-noChaos,100,7,50.0,3.380387661712103,58.73888888888889
ARC-noChaos,100,8,20.0,0.7005788291660431,54.547222222222224
ARC-noChaos,100,9,15.0,0.6344411925862325,58.52777777777778
ARC-noChaos,100,10,15.0,0.7155307847441006,59.736111111111114
ARC-noChaos,100,11,20.0,0.8578637946054846,54.03055555555556
ARC-noChaos,101,1,35.0,2.1062979802569215,62.80277777777778
ARC-noChaos,101,2,0.0,0.0,70.95
ARC-noChaos,101,3,20.0,1.9421402781716113,61.15277777777778
ARC-noChaos,101,4,15.0,0.12541977762171586,55.83611111111111
ARC-noChaos,101,5,35.0,3.538831565001077,49.827777777777776
ARC-noChaos,101,6,5.0,0.030400092921278876,49.48888888888889
ARC-noChaos,101,7,20.0,0.26874911432993587,33.925
ARC-noChaos,101,8,10.0,0.16036139497872526,34.67777777777778
ARC-noChaos,101,9,40.0,1.666943744501559,37.19722222222222
ARC-noChaos,101,10,30.0,0.8226605892522998,47.13055555555555
ARC-noChaos,101,11,30.0,1.2078326590077015,40.27777777777778
ARC-noChaos,102,1,25.0,1.2730940684503977,54.75
ARC-noChaos,102,2,50.0,2.174700237365468,50.76111111111111
ARC-noChaos,102,3,0.0,0.0,57.708333333333336
ARC-noChaos,102,4,25.0,1.2050574923344826,53.65
ARC-noChaos,102,5,50.0,1.9505933349962201,56.84444444444444
ARC-noChaos,102,6,0.0,0.0,49.80277777777778
ARC-noChaos,102,7,25.0,0.24502635737289058,51.90555555555556
ARC-noChaos,102,8,45.0,1.7312064048331077,61.56666666666667
ARC-noChaos,102,9,25.0,0.32274016314501885,63.25833333333333
ARC-noChaos,102,10,35.0,1.519134547402634,59.21388888888889
ARC-noChaos,102,11,55.0,2.9631779366783295,54.708333333333336
ARC-noChaos,103,1,55.0,2.6408737134592464,52.68888888888889
ARC-noChaos,103,2,50.0,3.1911405591115383,58.25833333333333
ARC-noChaos,103,3,5.0,0.028240979108973274,62.47222222222222
ARC-noChaos,103,4,35.0,1.6585324557715664,60.330555555555556
ARC-noChaos,103,5,35.0,1.6479204836472139,62.45
ARC-noChaos,103,6,35.0,1.1512567961600495,63.03333333333333
ARC-noChaos,103,7,30.0,1.5209771506421887,57.01111111111111
ARC-noChaos,103,8,0.0,0.0,56.65555555555556
ARC-noChaos,103,9,5.0,0.04270175512913754,45.06666666666667
ARC-noChaos,103,10,15.0,0.6340658961497825,46.46388888888889
ARC-noChaos,103,11,50.0,2.271676227902375,45.21111111111111
ARC-noChaos,104,1,30.0,1.2455202816014088,67.12222222222222
ARC-noChaos,104,2,50.0,2.4153573799740924,47.375
ARC-noChaos,104,3,40.0,1.7937977968175867,44.605555555555554
ARC-noChaos,104,4,30.0,1.2568560782260207,42.022222222222226
ARC-noChaos,104,5,30.0,1.3896714265841714,43.138888888888886
ARC-noChaos,104,6,60.0,2.6475398896041002,43.55555555555556
ARC-noChaos,104,7,0.0,0.0,41.78055555555556
ARC-noChaos,104,8,30.0,0.7816884530713164,40.358333333333334
ARC-noChaos,104,9,20.0,1.3507073893128108,41.075
ARC-noChaos,104,10,50.0,1.5668857273757775,41.394444444444446
ARC-noChaos,104,11,0.0,0.005462796167143846,41.236111111111114
ARC-noChaos,105,1,30.0,0.7112303407716958,55.21388888888889
ARC-noChaos,105,2,45.0,1.5968378849035125,63.66388888888889
ARC-noChaos,105,3,25.0,1.4391244179328133,62.74722222222222
ARC-noChaos,105,4,45.0,1.1754283352218287,65.24166666666666
ARC-noChaos,105,5,15.0,1.4730418294362613,60.96111111111111
ARC-noChaos,105,6,60.0,5.9799046766709,45.55277777777778
ARC-noChaos,105,7,20.0,1.552956607007061,45.138888888888886
ARC-noChaos,105,8,25.0,0.25611646972254487,43.041666666666664
ARC-noChaos,105,9,30.0,2.5296593779658427,45.791666666666664
ARC-noChaos,105,10,0.0,0.0,42.922222222222224
ARC-noChaos,105,11,25.0,1.2337634007327791,46.05833333333333
ARC-noChaos,106,1,35.0,1.7608310481634804,52.916666666666664
ARC-noChaos,106,2,15.0,0.4598843297908495,51.99722222222222
ARC-noChaos,106,3,40.0,1.9241471488609552,57.830555555555556
ARC-noChaos,106,4,0.0,0.0,51.05
ARC-noChaos,106,5,0.0,0.0,53.897222222222226
ARC-noChaos,106,6,10.0,0.35485656149005784,52.272222222222226
ARC-noChaos,106,7,50.0,3.3281605080024534,52.41388888888889
ARC-noChaos,106,8,25.0,0.6790801479786612,49.19444444444444
ARC-noChaos,106,9,25.0,1.1319798211990584,53.18611111111111
ARC-noChaos,106,10,35.0,2.0102746760690016,55.73888888888889
ARC-noChaos,106,11,10.0,0.2602734186250677,48.730555555555554
ARC-noChaos,107,1,15.0,0.5716028323116906,65.46111111111111
ARC-noChaos,107,2,0.0,0.009189362725248174,74.45833333333333
ARC-noChaos,107,3,20.0,1.071761354266998,63.69444444444444
ARC-noChaos,107,4,0.0,0.0,57.71944444444444
ARC-noChaos,107,5,40.0,3.861345649861736,52.225
ARC-noChaos,107,6,5.0,0.0598481656096439,51.43333333333333
ARC-noChaos,107,7,20.0,0.2696582832171779,34.68333333333333
ARC-noChaos,107,8,10.0,0.2651143926175936,36.230555555555554
ARC-noChaos,107,9,20.0,1.5285703827918717,38.952777777777776
ARC-noChaos,107,10,10.0,0.32443634132708343,48.16388888888889
ARC-noChaos,107,11,15.0,0.2635871434743975,39.358333333333334
ARC-noChaos,108,1,45.0,2.2654222391541134,51.483333333333334
ARC-noChaos,108,2,45.0,1.9025185718102855,48.455555555555556
ARC-noChaos,108,3,10.0,0.03938285278698439,55.59444444444444
ARC-noChaos,108,4,30.0,1.1155022370975543,51.21666666666667
ARC-noChaos,108,5,45.0,1.3794850656276059,54.71111111111111
ARC-noChaos,108,6,5.0,0.06687182694187221,48.105555555555554
ARC-noChaos,108,7,65.0,1.1330895900756421,48.71666666666667
ARC-noChaos,108,8,40.0,1.4453990567266706,59.06944444444444
ARC-noChaos,108,9,30.0,1.568895601868947,60.516666666666666
ARC-noChaos,108,10,70.0,2.920508271350153,57.07222222222222
ARC-noChaos,108,11,55.0,3.0779014653436354,51.93055555555556
ARC-noChaos,109,1,50.0,2.6810006262593222,51.666666666666664
ARC-noChaos,109,2,60.0,3.835917050968418,57.84722222222222
ARC-noChaos,109,3,0.0,0.016609458267691224,61.86388888888889
ARC-noChaos,109,4,40.0,1.4538106064577727,59.275
ARC-noChaos,109,5,35.0,1.6891991880171098,60.980555555555554
ARC-noChaos,109,6,20.0,0.9407666101303502,63.05
ARC-noChaos,109,7,30.0,1.5096457075920888,55.669444444444444
ARC-noChaos,109,8,0.0,0.0,55.42777777777778
ARC-noChaos,109,9,0.0,0.028591281723255868,44.36944444444445
ARC-noChaos,109,10,20.0,0.914589044760572,46.169444444444444
ARC-noChaos,109,11,55.0,2.8493476550919383,42.30555555555556
ARC-noChaos,110,1,20.0,0.268047906587332,68.15
ARC-noChaos,110,2,55.0,3.2900335228958855,47.263888888888886
ARC-noChaos,110,3,55.0,3.0660713386495897,45.46111111111111
ARC-noChaos,110,4,40.0,1.351221106358802,42.96944444444444
ARC-noChaos,110,5,35.0,1.7443859229092973,43.06944444444444
ARC-noChaos,110,6,60.0,3.2084393486307428,44.00833333333333
ARC-noChaos,110,7,0.0,0.0,43.05833333333333
ARC-noChaos,110,8,0.0,0.0,38.486111111111114
ARC-noChaos,110,9,20.0,1.3306858601080718,42.205555555555556
ARC-noChaos,110,10,70.0,3.8540717153837445,39.077777777777776
ARC-noChaos,110,11,25.0,1.2577236217822585,41.763888888888886
ARC-noChaos,111,1,15.0,0.27034663735719944,54.46666666666667
ARC-noChaos,111,2,55.0,2.6672719591081195,60.605555555555554
ARC-noChaos,111,3,55.0,2.9209076812739654,60.53333333333333
ARC-noChaos,111,4,20.0,0.6748797414421359,65.27777777777777
ARC-noChaos,111,5,35.0,2.856482383111192,59.736111111111114
ARC-noChaos,111,6,50.0,4.247557533918611,45.7
ARC-noChaos,111,7,20.0,1.5443000714337796,45.33611111111111
ARC-noChaos,111,8,25.0,0.25166600028838637,42.53055555555556
ARC-noChaos,111,9,35.0,2.842661262993429,45.736111111111114
ARC-noChaos,111,10,0.0,0.0,43.49166666666667
ARC-noChaos,111,11,30.0,1.4896225059403578,46.48888888888889
ARC-noChaos,112,1,35.0,2.036183141124448,52.84166666666667
ARC-noChaos,112,2,15.0,0.9562033659051838,51.605555555555554
ARC-noChaos,112,3,65.0,3.3839643186750035,56.833333333333336
ARC-noChaos,112,4,0.0,0.0,51.68611111111111
ARC-noChaos,112,5,35.0,2.045895070672521,53.45
ARC-noChaos,112,6,15.0,0.51654440400557,52.3
ARC-noChaos,112,7,45.0,2.8233628974249525,51.80277777777778
ARC-noChaos,112,8,35.0,0.9838888027442483,48.21111111111111
ARC-noChaos,112,9,40.0,1.7645820620372121,51.916666666666664
ARC-noChaos,112,10,20.0,0.5018351051408576,53.80277777777778
ARC-noChaos,112,11,20.0,0.8218222460970037,47.68888888888889
ARC-noChaos,113,1,25.0,1.5389686097791566,67.64444444444445
ARC-noChaos,113,2,5.0,0.01866521273171662,76.60277777777777
ARC-noChaos,113,3,20.0,0.9622030052194419,65.88888888888889
ARC-noChaos,113,4,0.0,0.0,59.40277777777778
ARC-noChaos,113,5,40.0,3.4168779401595906,53.19722222222222
ARC-noChaos,113,6,5.0,0.055597215158087465,52.327777777777776
ARC-noChaos,113,7,45.0,0.7422291795094793,37.647222222222226
ARC-noChaos,113,8,10.0,0.087172198962715,37.5
ARC-noChaos,113,9,30.0,1.5952170595931792,40.06111111111111
ARC-noChaos,113,10,30.0,0.5683524013623154,49.93055555555556
ARC-noChaos,113,11,30.0,1.1972093050787502,43.025
ARC-noChaos,114,1,20.0,0.7554766442385286,58.66111111111111
ARC-noChaos,114,2,55.0,2.2085381023985717,53.68888888888889
ARC-noChaos,114,3,0.0,0.0,61.13055555555555
ARC-noChaos,114,4,20.0,1.021476108678021,56.477777777777774
ARC-noChaos,114,5,40.0,1.314411097458712,60.855555555555554
ARC-noChaos,114,6,0.0,0.0,53.394444444444446
ARC-noChaos,114,7,25.0,0.25002412188811496,54.05555555555556
ARC-noChaos,114,8,25.0,0.8571536622841935,66.11666666666666
ARC-noChaos,114,9,25.0,1.1585390701220777,67.34444444444445
ARC-noChaos,114,10,30.0,1.1059689829859276,63.1
ARC-noChaos,114,11,25.0,1.5384456908943744,58.958333333333336
ARC-noChaos,115,1,50.0,2.545513236560759,52.147222222222226
ARC-noChaos,115,2,55.0,3.657509311902696,56.75555555555555
ARC-noChaos,115,3,30.0,1.3659939786539232,61.12222222222222
ARC-noChaos,115,4,45.0,2.475810993589622,57.81111111111111
ARC-noChaos,115,5,30.0,1.4162937816642684,60.69166666666667
ARC-noChaos,115,6,35.0,1.7816067983786321,62.46944444444444
ARC-noChaos,115,7,25.0,1.2115650489937457,54.797222222222224
ARC-noChaos,115,8,15.0,0.5050521810862296,55.11944444444445
ARC-noChaos,115,9,5.0,0.03522600680415655,44.225
ARC-noChaos,115,10,30.0,1.217790342186087,45.34166666666667
ARC-noChaos,115,11,50.0,2.268393722633799,44.975
ARC-noChaos,116,1,10.0,0.07556327300232146,70.61111111111111
ARC-noChaos,116,2,50.0,2.0285285391419827,48.111111111111114
ARC-noChaos,116,3,35.0,1.5354142209899058,46.769444444444446
ARC-noChaos,116,4,25.0,0.9643726522616802,44.34722222222222
ARC-noChaos,116,5,30.0,1.1462692225306603,43.605555555555554
ARC-noChaos,116,6,55.0,2.229909347298109,44.69444444444444
ARC-noChaos,116,7,0.0,0.0,43.25277777777778
ARC-noChaos,116,8,0.0,0.0,39.166666666666664
ARC-noChaos,116,9,15.0,1.1192513385648861,43.3
ARC-noChaos,116,10,40.0,1.820519427219125,39.986111111111114
ARC-noChaos,116,11,0.0,0.005082623797081354,42.94722222222222
ARC-noChaos,117,1,25.0,0.7615077090593503,55.56388888888889
ARC-noChaos,117,2,35.0,1.5808309615435556,64.25277777777778
ARC-noChaos,117,3,25.0,1.3722730879269562,64.18333333333334
ARC-noChaos,117,4,20.0,0.6061452867836881,67.93888888888888
ARC-noChaos,117,5,30.0,2.4956681599147323,62.236111111111114
ARC-noChaos,117,6,50.0,4.47730791352996,47.544444444444444
ARC-noChaos,117,7,15.0,1.2182528011699167,46.730555555555554
ARC-noChaos,117,8,30.0,0.40551738867139475,43.69166666666667
ARC-noChaos,117,9,40.0,3.4280673638755976,47.27777777777778
ARC-noChaos,117,10,0.0,0.0,44.36666666666667
ARC-noChaos,117,11,30.0,1.3062999392968622,48.516666666666666
ARC-noChaos,118,1,35.0,1.7082241826446798,58.87777777777778
ARC-noChaos,118,2,5.0,0.035134357331856325,58.78888888888889
ARC-noChaos,118,3,5.0,0.0350618921787782,64.50833333333334
ARC-noChaos,118,4,0.0,0.0,57.43888888888889
ARC-noChaos,118,5,0.0,0.0,59.65833333333333
ARC-noChaos,118,6,0.0,0.006805584578539747,58.15555555555556
ARC-noChaos,118,7,40.0,2.744415341676254,57.855555555555554
ARC-noChaos,118,8,0.0,0.0,53.455555555555556
ARC-noChaos,118,9,15.0,0.7462507230801663,58.56111111111111
ARC-noChaos,118,10,30.0,1.4866954466821958,60.391666666666666
ARC-noChaos,118,11,0.0,0.0,53.43333333333333
ARC-noChaos,119,1,35.0,2.156818470120958,63.46666666666667
ARC-noChaos,119,2,5.0,0.15657603392555952,72.15
ARC-noChaos,119,3,20.0,1.1749428808337736,62.375
ARC-noChaos,119,4,10.0,0.0833902568503131,56.49444444444445
ARC-noChaos,119,5,35.0,2.960445622202912,50.37222222222222
ARC-noChaos,119,6,10.0,0.06986996884522645,50.019444444444446
ARC-noChaos,119,7,45.0,0.7350248411022275,36.37222222222222
ARC-noChaos,119,8,10.0,0.10007347744698247,35.41388888888889
ARC-noChaos,119,9,30.0,1.6515910556070712,38.047222222222224
ARC-noChaos,119,10,30.0,0.8292819271254248,47.236111111111114
ARC-noChaos,119,11,25.0,1.0331614664305988,40.458333333333336
ARC-noChaos,120,1,45.0,1.9779378741268339,52.81666666666667
ARC-noChaos,120,2,50.0,2.8070263871015633,49.172222222222224
ARC-noChaos,120,3,0.0,0.0,55.65555555555556
ARC-noChaos,120,4,20.0,0.9548410272520735,52.422222222222224
ARC-noChaos,120,5,45.0,1.605428002582665,55.15833333333333
ARC-noChaos,120,6,5.0,0.11706196835593596,48.172222222222224
ARC-noChaos,120,7,40.0,0.34677903336763904,49.43333333333333
ARC-noChaos,120,8,45.0,1.3371020110433007,60.18611111111111
ARC-noChaos,120,9,25.0,1.2449888814931032,62.416666666666664
ARC-noChaos,120,10,55.0,2.738781083009645,58.352777777777774
ARC-noChaos,120,11,60.0,2.9953084067046443,52.56111111111111
ARC-noChaos,121,1,25.0,2.144381050537303,53.55277777777778
ARC-noChaos,121,2,50.0,3.286439432901478,57.791666666666664
ARC-noChaos,121,3,5.0,0.0354939122215292,62.330555555555556
ARC-noChaos,121,4,35.0,1.5059917384903199,59.15
ARC-noChaos,121,5,30.0,1.441049540526318,61.11944444444445
ARC-noChaos,121,6,35.0,1.2308601459094293,61.83888888888889
ARC-noChaos,121,7,25.0,1.2132848541545949,57.016666666666666
ARC-noChaos,121,8,0.0,0.0,56.394444444444446
ARC-noChaos,121,9,5.0,0.06221074257352077,44.86666666666667
ARC-noChaos,121,10,20.0,0.996460259422216,46.13055555555555
ARC-noChaos,121,11,40.0,1.8289268638882916,42.99166666666667
ARC-noChaos,122,1,20.0,0.8463926147278644,68.18055555555556
ARC-noChaos,122,2,45.0,2.252813391369024,47.62222222222222
ARC-noChaos,122,3,35.0,1.4461209340396852,46.361111111111114
ARC-noChaos,122,4,30.0,1.3809584116799112,42.980555555555554
ARC-noChaos,122,5,40.0,1.6170012067971418,43.666666666666664
ARC-noChaos,122,6,55.0,2.04639552714182,44.42777777777778
ARC-noChaos,122,7,0.0,0.0,43.144444444444446
ARC-noChaos,122,8,30.0,0.8032224049161707,41.144444444444446
ARC-noChaos,122,9,15.0,1.0750520045810341,42.69444444444444
ARC-noChaos,122,10,30.0,1.4964662204861812,41.87222222222222
ARC-noChaos,122,11,35.0,1.6125808646566875,41.88611111111111
ARC-noChaos,123,1,30.0,0.8182779449125044,52.477777777777774
ARC-noChaos,123,2,40.0,2.5797836077171232,60.18611111111111
ARC-noChaos,123,3,60.0,3.2066385335852043,59.080555555555556
ARC-noChaos,123,4,30.0,1.4992099494557487,62.90277777777778
ARC-noChaos,123,5,35.0,2.7447573645245193,58.58888888888889
ARC-noChaos,123,6,55.0,5.95417520859306,44.72222222222222
ARC-noChaos,123,7,25.0,1.7640542505741985,43.875
ARC-noChaos,123,8,30.0,0.4237123811525967,41.077777777777776
ARC-noChaos,123,9,65.0,3.649424965212966,46.09722222222222
ARC-noChaos,123,10,0.0,0.0,41.77777777777778
ARC-noChaos,123,11,40.0,1.6416444482874826,44.90833333333333
ARC-noChaos,124,1,35.0,1.979585039121623,60.725
ARC-noChaos,124,2,15.0,0.928658322389897,59.03055555555556
ARC-noChaos,124,3,55.0,3.0582285650085694,65.91666666666667
ARC-noChaos,124,4,5.0,0.12344713018734854,57.68888888888889
ARC-noChaos,124,5,35.0,1.6469628518344104,61.18611111111111
ARC-noChaos,124,6,0.0,0.03704154948772631,59.84722222222222
ARC-noChaos,124,7,50.0,3.8813505963016914,58.88333333333333
ARC-noChaos,124,8,5.0,0.11164904748485194,55.702777777777776
ARC-noChaos,124,9,40.0,1.8245595933118808,59.55277777777778
ARC-noChaos,124,10,20.0,1.0690593618184474,61.62777777777778
ARC-noChaos,124,11,30.0,1.7711187484520274,55.31388888888889
ARC-noChaos,125,1,20.0,0.5651728326518501,64.12777777777778
ARC-noChaos,125,2,0.0,0.0,74.25833333333334
ARC-noChaos,125,3,20.0,1.9893917863281207,63.708333333333336
ARC-noChaos,125,4,15.0,0.2098579264700584,57.02777777777778
ARC-noChaos,125,5,50.0,4.037695467076185,51.458333333333336
ARC-noChaos,125,6,10.0,0.1310021728217925,49.85
ARC-noChaos,125,7,20.0,0.2798622206940271,34.25
ARC-noChaos,125,8,15.0,0.33758326493713575,36.25277777777778
ARC-noChaos,125,9,20.0,1.5538134125423264,38.897222222222226
ARC-noChaos,125,10,15.0,0.37715328666089176,48.27777777777778
ARC-noChaos,125,11,10.0,0.29822909908948647,39.044444444444444
ARC-noChaos,126,1,45.0,2.105335674792408,52.1
ARC-noChaos,126,2,45.0,1.9881922168226929,48.775
ARC-noChaos,126,3,10.0,0.0336011606115183,55.083333333333336
ARC-noChaos,126,4,25.0,1.1172613031876,50.56388888888889
ARC-noChaos,126,5,50.0,1.8985778998696023,54.38611111111111
ARC-noChaos,126,6,0.0,0.0,47.57222222222222
ARC-noChaos,126,7,40.0,0.35315433228683135,48.0
ARC-noChaos,126,8,20.0,0.3904791171705613,59.269444444444446
ARC-noChaos,126,9,50.0,1.4468183175514016,59.977777777777774
ARC-noChaos,126,10,40.0,1.6217626828407328,57.3
ARC-noChaos,126,11,50.0,2.6500072019352117,51.852777777777774
ARC-noChaos,127,1,50.0,2.728273615361909,58.236111111111114
ARC-noChaos,127,2,45.0,3.032759097131188,64.03888888888889
ARC-noChaos,127,3,10.0,0.0556103644114736,69.04722222222222
ARC-noChaos,127,4,40.0,1.5597286008661282,67.425
ARC-noChaos,127,5,35.0,1.65650802754026,68.03055555555555
ARC-noChaos,127,6,20.0,0.9172097594104645,70.98611111111111
ARC-noChaos,127,7,30.0,1.5002035122553714,62.422222222222224
ARC-noChaos,127,8,0.0,0.0,62.125
ARC-noChaos,127,9,0.0,0.0,49.46111111111111
ARC-noChaos,127,10,20.0,0.6244870724358975,51.74166666666667
ARC-noChaos,127,11,45.0,2.1042780866313837,47.61666666666667
ARC-noChaos,128,1,10.0,0.19578784711435926,69.14722222222223
ARC-noChaos,128,2,60.0,2.934715316036296,49.08888888888889
ARC-noChaos,128,3,40.0,1.7510792565202493,47.125
ARC-noChaos,128,4,30.0,1.2727828864360524,44.34166666666667
ARC-noChaos,128,5,35.0,1.5914236069825671,44.38333333333333
ARC-noChaos,128,6,55.0,2.720528114251286,44.66111111111111
ARC-noChaos,128,7,0.0,0.0,43.80277777777778
ARC-noChaos,128,8,25.0,0.7275878713222883,41.230555555555554
ARC-noChaos,128,9,25.0,1.385491873207334,43.62222222222222
ARC-noChaos,128,10,25.0,1.7877463376575475,40.15833333333333
ARC-noChaos,128,11,35.0,1.763218305826686,43.17777777777778
ARC-noChaos,129,1,25.0,0.7324528062142566,59.50833333333333
ARC-noChaos,129,2,40.0,1.6620309073977935,69.01666666666667
ARC-noChaos,129,3,25.0,1.4469713212290403,67.9888888888889
ARC-noChaos,129,4,20.0,0.7196698594608142,72.70277777777778
ARC-noChaos,129,5,15.0,0.9365255133446215,66.99444444444444
ARC-noChaos,129,6,45.0,4.512973880253924,50.34722222222222
ARC-noChaos,129,7,0.0,0.005277206266218748,50.03611111111111
ARC-noChaos,129,8,30.0,0.40285337482772743,46.31944444444444
ARC-noChaos,129,9,20.0,0.5733877018677891,49.69722222222222
ARC-noChaos,129,10,0.0,0.0,47.63611111111111
ARC-noChaos,129,11,30.0,1.4707132264780376,50.480555555555554
ARC,100,1,35.0,1.663508219695542,58.96666666666667
ARC,100,2,10.0,0.23721808758925267,59.61666666666667
ARC,100,3,15.0,0.11886685689658227,65.56666666666666
ARC,100,4,0.0,0.0,57.391666666666666
ARC,100,5,0.0,0.0021324872874539658,59.58888888888889
ARC,100,6,15.0,0.22030847684731958,59.044444444444444
ARC,100,7,40.0,2.872022697817478,60.34722222222222
ARC,100,8,0.0,0.0,57.16388888888889
ARC,100,9,15.0,0.6344411925862325,62.61388888888889
ARC,100,10,5.0,0.16009661300938616,64.91388888888889
ARC,100,11,0.0,0.0,58.56111111111111
ARC,101,1,30.0,1.7511192741909043,65.41666666666667
ARC,101,2,0.0,0.0,73.7611111111111
ARC,101,3,20.0,1.9421402781716113,65.41944444444445
ARC,101,4,0.0,0.0,57.40277777777778
ARC,101,5,35.0,3.12822285455141,54.230555555555554
ARC,101,6,0.0,0.0,54.46944444444444
ARC,101,7,20.0,0.26874911432993587,36.63333333333333
ARC,101,8,0.0,0.016144580150156962,38.580555555555556
ARC,101,9,10.0,0.5678473690476693,41.34166666666667
ARC,101,10,20.0,0.4776419415329358,52.02777777777778
ARC,101,11,10.0,0.33959674116561533,42.55833333333333
ARC,102,1,25.0,1.2730940684503977,53.86944444444445
ARC,102,2,45.0,1.9860968916963873,54.74444444444445
ARC,102,3,0.0,0.0,62.81111111111111
ARC,102,4,20.0,1.1077451251872206,57.955555555555556
ARC,102,5,30.0,1.059208614761964,62.138888888888886
ARC,102,6,0.0,0.0,54.72222222222222
ARC,102,7,30.0,0.28791631608819923,55.06666666666667
ARC,102,8,0.0,0.0,66.73611111111111
ARC,102,9,25.0,0.32274016314501885,67.33055555555555
ARC,102,10,15.0,0.16995907162093982,63.59444444444444
ARC,102,11,20.0,0.24136421177085587,60.3
ARC,103,1,55.0,2.6408737134592464,54.12777777777778
ARC,103,2,45.0,3.1587076142623016,64.12222222222222
ARC,103,3,0.0,0.0,69.41388888888889
ARC,103,4,0.0,0.0019593228166914223,66.875
ARC,103,5,0.0,0.0,67.90555555555555
ARC,103,6,35.0,1.1512567961600495,68.1
ARC,103,7,25.0,1.2541121568502844,61.69166666666667
ARC,103,8,0.0,0.0,61.11666666666667
ARC,103,9,0.0,0.0014475931264912312,47.90555555555556
ARC,103,10,0.0,0.004407084869406663,48.27777777777778
ARC,103,11,50.0,2.109957270237728,47.352777777777774
ARC,104,1,20.0,0.8294330282424212,66.94722222222222
ARC,104,2,50.0,2.4153573799740924,48.88055555555555
ARC,104,3,35.0,1.5384037381029114,48.06388888888889
ARC,104,4,30.0,1.2568560782260207,45.263888888888886
ARC,104,5,35.0,1.6031644649837973,43.01111111111111
ARC,104,6,50.0,2.147179715613745,48.65833333333333
ARC,104,7,0.0,0.0,46.266666666666666
ARC,104,8,0.0,0.0,41.297222222222224
ARC,104,9,15.0,1.0740956419160397,44.605555555555554
ARC,104,10,25.0,1.792785794476559,42.016666666666666
ARC,104,11,0.0,0.005462796167143846,44.21944444444444
ARC,105,1,35.0,0.9001809592232402,58.31111111111111
ARC,105,2,25.0,1.6975251969036154,70.80277777777778
ARC,105,3,15.0,0.19065639710782456,69.04166666666667
ARC,105,4,25.0,0.9541564552452364,72.42222222222222
ARC,105,5,15.0,1.467141549259765,67.71388888888889
ARC,105,6,40.0,3.69759211781695,53.172222222222224
ARC,105,7,0.0,0.02645341854766725,53.875
ARC,105,8,25.0,0.25611646972254487,48.894444444444446
ARC,105,9,20.0,0.8461455059247003,53.88611111111111
ARC,105,10,0.0,0.0,50.50555555555555
ARC,105,11,20.0,1.5117274235649125,50.480555555555554
ARC,106,1,35.0,1.7608310481634804,53.25833333333333
ARC,106,2,15.0,0.4598843297908495,54.43055555555556
ARC,106,3,40.0,1.612871508511049,64.61666666666666
ARC,106,4,0.0,0.0,56.75833333333333
ARC,106,5,0.0,0.0,58.172222222222224
ARC,106,6,0.0,0.0,55.852777777777774
ARC,106,7,45.0,3.2847244705770717,58.59444444444444
ARC,106,8,0.0,0.0,55.08888888888889
ARC,106,9,15.0,0.6566112434906346,59.577777777777776
ARC,106,10,10.0,0.46223346087261863,61.975
ARC,106,11,0.0,0.0,55.00277777777778
ARC,107,1,5.0,0.19779811772672184,67.42222222222222
ARC,107,2,0.0,0.0,77.0111111111111
ARC,107,3,20.0,1.071761354266998,66.78888888888889
ARC,107,4,0.0,0.0,60.36944444444445
ARC,107,5,30.0,2.4593760656656416,53.90833333333333
ARC,107,6,0.0,0.0,52.74166666666667
ARC,107,7,20.0,0.2696582832171779,36.28055555555556
ARC,107,8,0.0,0.03348237476102911,37.67777777777778
ARC,107,9,10.0,0.7234872222058097,42.11944444444445
ARC,107,10,10.0,0.3394869629089081,52.13333333333333
ARC,107,11,10.0,0.252679035671588,43.394444444444446
ARC,108,1,45.0,2.2654222391541134,51.208333333333336
ARC,108,2,45.0,2.5963428940154576,49.483333333333334
ARC,108,3,0.0,0.0,57.68888888888889
ARC,108,4,20.0,0.9888899238165716,53.43888888888889
ARC,108,5,15.0,0.36679214871305765,59.388888888888886
ARC,108,6,0.0,0.0,51.36944444444445
ARC,108,7,40.0,0.33958834219649514,52.49722222222222
ARC,108,8,15.0,0.09277855135706448,65.29722222222222
ARC,108,9,25.0,0.9856339521448931,68.575
ARC,108,10,30.0,0.602322647135678,64.13055555555556
ARC,108,11,25.0,0.7277544536028469,58.06388888888889
ARC,109,1,50.0,2.6810006262593222,52.94444444444444
ARC,109,2,55.0,3.263066286699101,63.23888888888889
ARC,109,3,0.0,0.0035716808767682906,68.83611111111111
ARC,109,4,0.0,0.0,65.94722222222222
ARC,109,5,0.0,0.004428329517058849,66.56944444444444
ARC,109,6,15.0,0.32595040171288225,67.69722222222222
ARC,109,7,30.0,1.5095187852770309,60.90555555555556
ARC,109,8,0.0,0.0,60.40277777777778
ARC,109,9,0.0,0.028591281723255868,47.830555555555556
ARC,109,10,5.0,0.018388822997772447,48.68055555555556
ARC,109,11,40.0,1.831278970514294,47.45
ARC,110,1,35.0,1.260031751103463,69.21666666666667
ARC,110,2,25.0,1.6639137387485792,50.06388888888889
ARC,110,3,40.0,1.6885664680978962,49.94166666666667
ARC,110,4,0.0,0.0,47.51111111111111
ARC,110,5,15.0,0.5523205085131266,44.96111111111111
ARC,110,6,30.0,1.251524876290333,49.48888888888889
ARC,110,7,0.0,0.0,47.78055555555556
ARC,110,8,0.0,0.0,42.580555555555556
ARC,110,9,5.0,0.02842942660354897,45.86388888888889
ARC,110,10,25.0,1.8072639398730828,42.797222222222224
ARC,110,11,25.0,1.2577236217822585,47.013888888888886
ARC,111,1,25.0,0.622977869558583,56.580555555555556
ARC,111,2,50.0,2.632823203994994,65.68611111111112
ARC,111,3,25.0,1.4059517600317872,65.88888888888889
ARC,111,4,0.0,0.0,70.32777777777778
ARC,111,5,15.0,1.4467673130165504,64.06944444444444
ARC,111,6,45.0,3.91237803763701,52.580555555555556
ARC,111,7,5.0,0.035655090498787345,52.66388888888889
ARC,111,8,30.0,0.4224002435106122,48.15555555555556
ARC,111,9,25.0,1.1061458661776213,53.56944444444444
ARC,111,10,0.0,0.0,50.06388888888889
ARC,111,11,15.0,1.1834372692086093,50.45
ARC,112,1,30.0,1.6674941731938508,53.25
ARC,112,2,10.0,0.2447077562787281,53.88611111111111
ARC,112,3,15.0,0.687685989330189,60.080555555555556
ARC,112,4,0.0,0.0,54.5
ARC,112,5,0.0,0.0,56.077777777777776
ARC,112,6,15.0,0.51654440400557,55.12777777777778
ARC,112,7,50.0,3.817582490145488,57.891666666666666
ARC,112,8,0.0,0.0,54.77777777777778
ARC,112,9,10.0,0.07364620526797427,58.361111111111114
ARC,112,10,30.0,1.5064556126883288,59.40833333333333
ARC,112,11,0.0,0.0,52.11666666666667
ARC,113,1,25.0,1.5389686097791566,67.99722222222222
ARC,113,2,5.0,0.02387470846786366,77.21944444444445
ARC,113,3,20.0,0.9622030052194419,68.28888888888889
ARC,113,4,0.0,0.0,60.84722222222222
ARC,113,5,30.0,2.3589535816691987,53.94166666666667
ARC,113,6,5.0,0.055597215158087465,52.861111111111114
ARC,113,7,50.0,0.774365904055796,39.544444444444444
ARC,113,8,10.0,0.087172198962715,40.4
ARC,113,9,15.0,0.6914103876462518,44.18888888888889
ARC,113,10,5.0,0.19228056105526914,54.647222222222226
ARC,113,11,10.0,0.34616733686223533,44.922222222222224
ARC,114,1,20.0,0.7554766442385286,59.56388888888889
ARC,114,2,50.0,1.9218269405754107,58.32222222222222
ARC,114,3,0.0,0.0,68.00833333333334
ARC,114,4,25.0,1.1044763540970393,62.666666666666664
ARC,114,5,5.0,0.038719319530367,66.93055555555556
ARC,114,6,0.0,0.0,58.30555555555556
ARC,114,7,30.0,0.2585274068235832,59.19722222222222
ARC,114,8,15.0,0.12181720848780664,75.11666666666666
ARC,114,9,25.0,1.1585390701220777,77.54722222222222
ARC,114,10,15.0,0.35295319534561775,70.58611111111111
ARC,114,11,20.0,0.6555688864889664,66.3861111111111
ARC,115,1,50.0,2.545513236560759,53.49444444444445
ARC,115,2,50.0,3.3750652986478946,63.59722222222222
ARC,115,3,5.0,0.026077669938351367,68.38888888888889
ARC,115,4,5.0,0.04759317531563001,64.57222222222222
ARC,115,5,25.0,1.3841324816889045,66.19444444444444
ARC,115,6,30.0,1.0868616957894872,68.85277777777777
ARC,115,7,25.0,1.208142884728447,59.87222222222222
ARC,115,8,0.0,0.0,59.15555555555556
ARC,115,9,5.0,0.03522600680415655,47.40277777777778
ARC,115,10,5.0,0.0196607097991075,47.84166666666667
ARC,115,11,50.0,2.5665647768447375,46.602777777777774
ARC,116,1,10.0,0.07556327300232146,69.89444444444445
ARC,116,2,45.0,1.820586456988238,49.21944444444444
ARC,116,3,35.0,1.5426874834513993,49.78888888888889
ARC,116,4,0.0,0.0,47.18055555555556
ARC,116,5,5.0,0.020938828144945187,44.63611111111111
ARC,116,6,25.0,0.8897834160945473,49.28611111111111
ARC,116,7,0.0,0.0,47.03611111111111
ARC,116,8,0.0,0.0,41.92777777777778
ARC,116,9,0.0,0.0,46.15277777777778
ARC,116,10,40.0,1.820519427219125,42.59444444444444
ARC,116,11,0.0,0.005082623797081354,45.705555555555556
ARC,117,1,30.0,0.9139483047359342,59.422222222222224
ARC,117,2,45.0,2.3767695927374155,72.89722222222223
ARC,117,3,20.0,0.8634178310108154,73.58611111111111
ARC,117,4,0.0,0.0,75.90833333333333
ARC,117,5,20.0,1.4590703994197152,68.68611111111112
ARC,117,6,40.0,3.055074758159726,56.15555555555556
ARC,117,7,5.0,0.05780785328023397,56.25277777777778
ARC,117,8,30.0,0.40551738867139475,50.9
ARC,117,9,25.0,1.401674996304525,56.63055555555555
ARC,117,10,0.0,0.0,51.952777777777776
ARC,117,11,25.0,1.5935163571662025,53.09722222222222
ARC,118,1,25.0,1.195506832379234,58.46666666666667
ARC,118,2,5.0,0.033765050210543546,58.96666666666667
ARC,118,3,10.0,0.09707021712135333,64.05
ARC,118,4,0.0,0.0,57.263888888888886
ARC,118,5,0.0,0.0,59.02777777777778
ARC,118,6,0.0,0.0,57.11666666666667
ARC,118,7,50.0,3.754789080129828,59.88055555555555
ARC,118,8,0.0,0.0,56.13333333333333
ARC,118,9,15.0,0.7462507230801663,64.24722222222222
ARC,118,10,0.0,0.0,66.66944444444445
ARC,118,11,0.0,0.0,57.63055555555555
ARC,119,1,35.0,1.9437273887218276,63.87222222222222
ARC,119,2,0.0,0.00924427438504516,71.8861111111111
ARC,119,3,20.0,1.1749428808337736,63.397222222222226
ARC,119,4,0.0,0.0,57.40277777777778
ARC,119,5,35.0,3.1050137182015547,53.897222222222226
ARC,119,6,0.0,0.0,53.66388888888889
ARC,119,7,20.0,0.2746324049333615,36.833333333333336
ARC,119,8,0.0,0.0,38.1
ARC,119,9,25.0,0.7101052051913803,41.65833333333333
ARC,119,10,25.0,0.5255192347156101,51.95
ARC,119,11,10.0,0.35708144770659755,42.013888888888886
ARC,120,1,50.0,2.1383428449118114,53.297222222222224
ARC,120,2,55.0,3.158417011645842,51.65
ARC,120,3,0.0,0.0,59.11388888888889
ARC,120,4,25.0,1.0174769561615227,55.24166666666667
ARC,120,5,20.0,0.8753931915211788,60.78888888888889
ARC,120,6,0.0,0.0,53.38611111111111
ARC,120,7,30.0,0.29295518415425326,54.18611111111111
ARC,120,8,15.0,0.18923045438176134,68.70555555555555
ARC,120,9,25.0,0.19999894867959167,70.74722222222222
ARC,120,10,25.0,0.16212881472511542,64.96388888888889
ARC,120,11,30.0,0.8784978631004581,59.53611111111111
ARC,121,1,25.0,1.9850032678158325,54.483333333333334
ARC,121,2,55.0,3.3026777894113346,62.80555555555556
ARC,121,3,0.0,0.0,67.85
ARC,121,4,0.0,0.0,64.52777777777777
ARC,121,5,0.0,0.01713173802538881,64.74444444444444
ARC,121,6,35.0,1.2308601459094293,66.08888888888889
ARC,121,7,0.0,0.0,60.897222222222226
ARC,121,8,0.0,0.0,59.144444444444446
ARC,121,9,5.0,0.06221074257352077,46.92777777777778
ARC,121,10,5.0,0.26771971287250507,50.016666666666666
ARC,121,11,25.0,1.126008882967755,47.21111111111111
ARC,122,1,20.0,0.8463926147278644,68.51666666666667
ARC,122,2,45.0,2.252813391369024,49.25833333333333
ARC,122,3,40.0,1.7052247963175393,49.61388888888889
ARC,122,4,20.0,0.8858460507095933,45.96944444444444
ARC,122,5,30.0,1.2885582972089193,43.977777777777774
ARC,122,6,50.0,1.8758011793069462,49.22222222222222
ARC,122,7,0.0,0.0,47.58611111111111
ARC,122,8,0.0,0.0,41.852777777777774
ARC,122,9,25.0,1.399361063698401,46.647222222222226
ARC,122,10,25.0,1.8528914384626338,42.25833333333333
ARC,122,11,0.0,0.0,45.31666666666667
ARC,123,1,35.0,1.0006937361820123,55.772222222222226
ARC,123,2,35.0,1.7369448346562621,67.42222222222222
ARC,123,3,25.0,1.50552718772613,67.03055555555555
ARC,123,4,20.0,0.7083110683217098,70.96944444444445
ARC,123,5,20.0,1.470618189043793,64.71666666666667
ARC,123,6,45.0,3.8680619796400917,50.202777777777776
ARC,123,7,5.0,0.0406299579015168,49.7
ARC,123,8,0.0,0.0,42.925
ARC,123,9,20.0,1.028902266922438,47.56666666666667
ARC,123,10,0.0,0.0,44.40833333333333
ARC,123,11,25.0,1.2416970026126295,47.13611111111111
ARC,124,1,30.0,1.6768606037588896,60.66388888888889
ARC,124,2,20.0,1.1434534351710268,60.583333333333336
ARC,124,3,15.0,0.21129601979895662,69.00555555555556
ARC,124,4,0.0,0.0,59.41111111111111
ARC,124,5,0.0,0.0,62.23888888888889
ARC,124,6,0.0,0.0,60.205555555555556
ARC,124,7,55.0,4.178729479567844,62.40277777777778
ARC,124,8,20.0,0.5155797436755316,60.105555555555554
ARC,124,9,5.0,0.022608358214071256,63.90833333333333
ARC,124,10,15.0,0.5542461487978101,66.18333333333334
ARC,124,11,0.0,0.0,58.87777777777778
ARC,125,1,15.0,0.232823238869595,67.00277777777778
ARC,125,2,0.0,0.0,76.67222222222222
ARC,125,3,20.0,1.4824085321210712,66.33888888888889
ARC,125,4,0.0,0.0,59.06111111111111
ARC,125,5,30.0,2.839390451940471,52.294444444444444
ARC,125,6,0.0,0.0,51.28333333333333
ARC,125,7,20.0,0.2798622206940271,35.725
ARC,125,8,15.0,0.33758326493713575,38.375
ARC,125,9,15.0,0.5563896286611913,41.34166666666667
ARC,125,10,10.0,0.35093590030376154,51.513888888888886
ARC,125,11,15.0,0.33887509026961915,42.87777777777778
ARC,126,1,45.0,2.105335674792408,51.68611111111111
ARC,126,2,50.0,2.875732581856494,49.919444444444444
ARC,126,3,0.0,0.0,56.92777777777778
ARC,126,4,20.0,1.0152862864634682,52.65833333333333
ARC,126,5,50.0,1.8965860086107567,60.141666666666666
ARC,126,6,0.0,0.0,52.90555555555556
ARC,126,7,30.0,0.2639710684852914,53.25555555555555
ARC,126,8,0.0,0.0,64.375
ARC,126,9,25.0,0.7678928993589462,68.2388888888889
ARC,126,10,30.0,0.829811401195113,64.46388888888889
ARC,126,11,25.0,0.6969136454545444,57.97222222222222
ARC,127,1,50.0,2.881423061629318,60.24166666666667
ARC,127,2,45.0,3.032759097131188,70.28888888888889
ARC,127,3,0.0,0.0,76.70555555555555
ARC,127,4,0.0,0.0,72.82222222222222
ARC,127,5,0.0,0.0,72.66944444444445
ARC,127,6,0.0,0.0,76.02777777777777
ARC,127,7,0.0,0.0,66.20833333333333
ARC,127,8,0.0,0.0,64.68888888888888
ARC,127,9,0.0,0.0,51.416666666666664
ARC,127,10,0.0,0.012694872791307876,52.580555555555556
ARC,127,11,45.0,2.1042780866313837,51.11944444444445
ARC,128,1,10.0,0.19578784711435926,69.16666666666667
ARC,128,2,25.0,1.204976820992154,50.56944444444444
ARC,128,3,45.0,1.9578421965698811,50.475
ARC,128,4,0.0,0.0,48.56111111111111
ARC,128,5,15.0,0.09530958697234748,46.26111111111111
ARC,128,6,55.0,2.4581621496778006,49.9
ARC,128,7,0.0,0.0,48.55555555555556
ARC,128,8,0.0,0.0,42.975
ARC,128,9,0.0,0.0,46.475
ARC,128,10,25.0,1.7877463376575475,43.30833333333333
ARC,128,11,0.0,0.0,46.702777777777776
ARC,129,1,25.0,0.7324528062142566,61.78888888888889
ARC,129,2,45.0,1.9357046353034146,74.26388888888889
ARC,129,3,25.0,1.4469713212290403,74.15
ARC,129,4,0.0,0.0,77.16111111111111
ARC,129,5,15.0,0.9365255133446215,72.00555555555556
ARC,129,6,40.0,3.149970453118811,56.666666666666664
ARC,129,7,0.0,0.005277206266218748,55.88333333333333
ARC,129,8,25.0,0.2441339637955675,50.56111111111111
ARC,129,9,20.0,0.7827951271404676,56.33888888888889
ARC,129,10,0.0,0.0,53.05555555555556
ARC,129,11,20.0,1.3849296040773895,53.44722222222222
