slo_viol_s,loss_pct,shed_pct,replica_hours,peak_pods,p95_lat_s,min_avail,scale_actions,mttr_s,n_chaos,chaos_harm_s,attack_det_delay_s,poison_f1,controller,scenario,seed
0.0,0.0,0.0,73.52083333333333,48.0,0.075,1.0,38,0.0,0,0.0,,,HPA-r0,baseline,300
0.0,0.0,0.0,72.09722222222223,43.0,0.075,1.0,34,0.0,0,0.0,,,HPA-r0,baseline,301
0.0,0.0,0.0,72.11527777777778,47.0,0.075,1.0,47,0.0,0,0.0,,,HPA-r0,baseline,302
0.0,0.0,0.0,73.5375,44.0,0.075,1.0,28,0.0,0,0.0,,,HPA-r0,baseline,303
5.0,0.08192133106813548,0.0,70.51666666666667,45.0,0.075,0.5786998795155965,36,0.0,0,0.0,,,HPA-r0,baseline,304
5.0,0.042735920867409405,0.0,76.19027777777778,55.0,0.075,0.8489469506165075,69,0.0,0,0.0,,,HPA-r0,baseline,305
0.0,0.0,0.0,73.88472222222222,46.0,0.075,1.0,44,0.0,0,0.0,,,HPA-r0,baseline,306
0.0,0.0,0.0,72.4125,45.0,0.075,1.0,35,0.0,0,0.0,,,HPA-r0,baseline,307
0.0,0.0,0.0,71.74722222222222,47.0,0.075,1.0,45,0.0,0,0.0,,,HPA-r0,baseline,308
0.0,0.0011763698789191146,0.0,74.31388888888888,44.0,0.075,0.9940732652742548,32,0.0,0,0.0,,,HPA-r0,baseline,309
5.0,0.08512673658823688,0.0,70.49722222222222,44.0,0.075,0.5725680553994551,39,0.0,0,0.0,,,HPA-r0,baseline,310
10.0,0.08362357385159891,0.0,77.08611111111111,55.0,0.075,0.7065305346866056,70,0.0,0,0.0,,,HPA-r0,baseline,311
0.0,0.0,0.0,73.39444444444445,45.0,0.075,1.0,36,0.0,0,0.0,,,HPA-r0,baseline,312
0.0,0.0,0.0,72.59027777777777,44.0,0.075,1.0,29,0.0,0,0.0,,,HPA-r0,baseline,313
0.0,0.0,0.0,72.02916666666667,48.0,0.075,1.0,51,0.0,0,0.0,,,HPA-r0,baseline,314
0.0,0.002575052618503104,0.0,72.91944444444445,44.0,0.075,0.987686495087452,36,0.0,0,0.0,,,HPA-r0,baseline,315
5.0,0.03438296542318531,0.0,70.51666666666667,45.0,0.075,0.8340570934325572,32,0.0,0,0.0,,,HPA-r0,baseline,316
10.0,0.06062171826102247,0.0,76.42361111111111,54.0,0.075,0.866592989714023,71,0.0,0,0.0,,,HPA-r0,baseline,317
0.0,0.0,0.0,74.07083333333334,47.0,0.075,1.0,41,0.0,0,0.0,,,HPA-r0,baseline,318
0.0,0.0,0.0,73.68611111111112,45.0,0.075,1.0,43,0.0,0,0.0,,,HPA-r0,baseline,319
0.0,0.0,0.0,72.25555555555556,50.0,0.075,1.0,55,0.0,0,0.0,,,HPA-r0,baseline,320
0.0,0.0,0.0,72.69027777777778,43.0,0.075,1.0,28,0.0,0,0.0,,,HPA-r0,baseline,321
5.0,0.039712468091868125,0.0,69.69027777777778,45.0,0.075,0.7864718087039637,37,0.0,0,0.0,,,HPA-r0,baseline,322
10.0,0.1196130598434153,0.0,76.80833333333334,55.0,0.075,0.637306399395561,69,0.0,0,0.0,,,HPA-r0,baseline,323
0.0,0.0010323330445705103,0.0,73.1625,45.0,0.075,0.9940874745068404,42,0.0,0,0.0,,,HPA-r0,baseline,324
0.0,0.0,0.0,73.14027777777778,44.0,0.075,1.0,40,0.0,0,0.0,,,HPA-r0,baseline,325
0.0,0.0,0.0,72.10138888888889,47.0,0.075,1.0,45,0.0,0,0.0,,,HPA-r0,baseline,326
0.0,0.0,0.0,72.3,42.0,0.075,1.0,41,0.0,0,0.0,,,HPA-r0,baseline,327
5.0,0.02841789977856557,0.0,70.59583333333333,46.0,0.075,0.838478929290961,39,0.0,0,0.0,,,HPA-r0,baseline,328
5.0,0.023802943346118433,0.0,76.1375,54.0,0.075,0.9195847857320183,70,0.0,0,0.0,,,HPA-r0,baseline,329
0.0,0.0014874221694438639,0.0,74.0375,46.0,0.075,0.9914807488482167,37,0.0,0,0.0,,,HPA-r0,baseline,330
0.0,0.0,0.0,73.16388888888889,45.0,0.075,1.0,36,0.0,0,0.0,,,HPA-r0,baseline,331
0.0,0.0,0.0,71.99444444444444,49.0,0.075,1.0,52,0.0,0,0.0,,,HPA-r0,baseline,332
0.0,0.004705098131985164,0.0,73.3125,43.0,0.075,0.9767534900794016,31,0.0,0,0.0,,,HPA-r0,baseline,333
10.0,0.07883808456427,0.0,70.12916666666666,44.0,0.075,0.6196054250066515,41,0.0,0,0.0,,,HPA-r0,baseline,334
10.0,0.07634519970456388,0.0,76.30277777777778,54.0,0.075,0.7641542467415522,65,0.0,0,0.0,,,HPA-r0,baseline,335
0.0,0.0,0.0,73.75972222222222,46.0,0.075,1.0,41,0.0,0,0.0,,,HPA-r0,baseline,336
0.0,0.0,0.0,72.38333333333334,42.0,0.075,1.0,33,0.0,0,0.0,,,HPA-r0,baseline,337
0.0,0.0,0.0,71.81805555555556,50.0,0.075,1.0,48,0.0,0,0.0,,,HPA-r0,baseline,338
0.0,0.004751901526811597,0.0,73.36805555555556,43.0,0.075,0.9764799914384449,29,0.0,0,0.0,,,HPA-r0,baseline,339
0.0,0.0,0.0,80.40694444444445,57.0,0.075,1.0,148,0.0,0,0.0,,,HPA-fast-r0,baseline,300
0.0,0.0,0.0,79.06805555555556,50.0,0.075,1.0,118,0.0,0,0.0,,,HPA-fast-r0,baseline,301
0.0,0.0,0.0,70.34444444444445,50.0,0.075,1.0,89,0.0,0,0.0,,,HPA-fast-r0,baseline,302
0.0,0.0,0.0,80.50138888888888,59.0,0.075,1.0,130,0.0,0,0.0,,,HPA-fast-r0,baseline,303
0.0,0.0,0.0,79.07222222222222,52.0,0.075,1.0,139,0.0,0,0.0,,,HPA-fast-r0,baseline,304
5.0,0.021877503510048246,0.0,76.87777777777778,57.0,0.075,0.9091584307783435,148,0.0,0,0.0,,,HPA-fast-r0,baseline,305
0.0,0.0,0.0,81.44583333333334,56.0,0.075,1.0,161,0.0,0,0.0,,,HPA-fast-r0,baseline,306
0.0,0.0,0.0,78.00972222222222,50.0,0.075,1.0,96,0.0,0,0.0,,,HPA-fast-r0,baseline,307
0.0,0.0,0.0,70.55833333333334,49.0,0.075,1.0,92,0.0,0,0.0,,,HPA-fast-r0,baseline,308
0.0,0.0,0.0,79.91388888888889,61.0,0.075,1.0,126,0.0,0,0.0,,,HPA-fast-r0,baseline,309
0.0,0.002655428316877817,0.0,78.35972222222222,51.0,0.075,0.9855380820468478,139,0.0,0,0.0,,,HPA-fast-r0,baseline,310
5.0,0.017715644031557343,0.0,77.59444444444445,59.0,0.075,0.9290413994265141,165,0.0,0,0.0,,,HPA-fast-r0,baseline,311
0.0,0.0,0.0,80.6625,57.0,0.075,1.0,164,0.0,0,0.0,,,HPA-fast-r0,baseline,312
0.0,0.0,0.0,77.86527777777778,50.0,0.075,1.0,113,0.0,0,0.0,,,HPA-fast-r0,baseline,313
0.0,0.0,0.0,70.35,50.0,0.075,1.0,90,0.0,0,0.0,,,HPA-fast-r0,baseline,314
0.0,0.0,0.0,80.40138888888889,63.0,0.075,1.0,134,0.0,0,0.0,,,HPA-fast-r0,baseline,315
0.0,0.003150529650797207,0.0,79.08333333333333,52.0,0.075,0.9828665355630669,151,0.0,0,0.0,,,HPA-fast-r0,baseline,316
0.0,0.0,0.0,77.35694444444445,59.0,0.075,1.0,155,0.0,0,0.0,,,HPA-fast-r0,baseline,317
0.0,0.0,0.0,80.99444444444444,59.0,0.075,1.0,159,0.0,0,0.0,,,HPA-fast-r0,baseline,318
0.0,0.0,0.0,78.73611111111111,49.0,0.075,1.0,105,0.0,0,0.0,,,HPA-fast-r0,baseline,319
5.0,0.008573807706457881,0.0,70.71388888888889,50.0,0.075,0.9217298170838387,104,0.0,0,0.0,,,HPA-fast-r0,baseline,320
0.0,0.0,0.0,80.00694444444444,59.0,0.075,1.0,134,0.0,0,0.0,,,HPA-fast-r0,baseline,321
0.0,0.00472286253158094,0.0,78.63472222222222,51.0,0.075,0.9746058519511821,137,0.0,0,0.0,,,HPA-fast-r0,baseline,322
5.0,0.034426586528146785,0.0,78.20277777777778,60.0,0.075,0.8641575599763981,161,0.0,0,0.0,,,HPA-fast-r0,baseline,323
0.0,0.0,0.0,80.65,58.0,0.075,1.0,167,0.0,0,0.0,,,HPA-fast-r0,baseline,324
0.0,0.0,0.0,77.68611111111112,48.0,0.075,1.0,103,0.0,0,0.0,,,HPA-fast-r0,baseline,325
0.0,0.0,0.0,71.28333333333333,53.0,0.075,1.0,99,0.0,0,0.0,,,HPA-fast-r0,baseline,326
0.0,0.0,0.0,79.86111111111111,61.0,0.075,1.0,118,0.0,0,0.0,,,HPA-fast-r0,baseline,327
0.0,0.0,0.0,78.33611111111111,51.0,0.075,1.0,142,0.0,0,0.0,,,HPA-fast-r0,baseline,328
0.0,0.0030860847643254807,0.0,77.25972222222222,58.0,0.075,0.9861238813641543,163,0.0,0,0.0,,,HPA-fast-r0,baseline,329
0.0,0.0,0.0,80.57916666666667,59.0,0.075,1.0,151,0.0,0,0.0,,,HPA-fast-r0,baseline,330
0.0,0.0,0.0,77.79166666666667,50.0,0.075,1.0,108,0.0,0,0.0,,,HPA-fast-r0,baseline,331
0.0,0.0,0.0,70.16944444444445,48.0,0.075,1.0,85,0.0,0,0.0,,,HPA-fast-r0,baseline,332
0.0,0.0,0.0,80.4625,57.0,0.075,1.0,128,0.0,0,0.0,,,HPA-fast-r0,baseline,333
0.0,0.003947198646092609,0.0,78.98194444444445,50.0,0.075,0.9786118388317111,139,0.0,0,0.0,,,HPA-fast-r0,baseline,334
0.0,0.0,0.0,78.625,58.0,0.075,1.0,163,0.0,0,0.0,,,HPA-fast-r0,baseline,335
0.0,0.0,0.0,80.6986111111111,59.0,0.075,1.0,154,0.0,0,0.0,,,HPA-fast-r0,baseline,336
0.0,0.0,0.0,78.0625,49.0,0.075,1.0,108,0.0,0,0.0,,,HPA-fast-r0,baseline,337
0.0,0.0,0.0,70.91805555555555,50.0,0.075,1.0,86,0.0,0,0.0,,,HPA-fast-r0,baseline,338
0.0,0.0,0.0,80.97361111111111,57.0,0.075,1.0,141,0.0,0,0.0,,,HPA-fast-r0,baseline,339
0.0,0.0,0.0,92.58888888888889,59.0,0.075,1.0,49,0.0,0,0.0,,,HPA-45-r0,baseline,300
0.0,0.0,0.0,90.07083333333334,54.0,0.075,1.0,32,0.0,0,0.0,,,HPA-45-r0,baseline,301
0.0,0.0,0.0,90.17916666666666,58.0,0.075,1.0,46,0.0,0,0.0,,,HPA-45-r0,baseline,302
0.0,0.0,0.0,91.28333333333333,56.0,0.075,1.0,29,0.0,0,0.0,,,HPA-45-r0,baseline,303
0.0,0.0,0.0,87.21805555555555,55.0,0.075,1.0,42,0.0,0,0.0,,,HPA-45-r0,baseline,304
0.0,0.0,0.0,95.46111111111111,70.0,0.075,1.0,67,0.0,0,0.0,,,HPA-45-r0,baseline,305
0.0,0.0,0.0,92.21527777777777,60.0,0.075,1.0,48,0.0,0,0.0,,,HPA-45-r0,baseline,306
0.0,0.0,0.0,91.07222222222222,57.0,0.075,1.0,42,0.0,0,0.0,,,HPA-45-r0,baseline,307
0.0,0.0,0.0,89.94305555555556,60.0,0.075,1.0,52,0.0,0,0.0,,,HPA-45-r0,baseline,308
0.0,0.0,0.0,91.10972222222222,53.0,0.075,1.0,31,0.0,0,0.0,,,HPA-45-r0,baseline,309
0.0,0.0,0.0,88.47361111111111,56.0,0.075,1.0,46,0.0,0,0.0,,,HPA-45-r0,baseline,310
0.0,0.0,0.0,95.36944444444444,68.0,0.075,1.0,71,0.0,0,0.0,,,HPA-45-r0,baseline,311
0.0,0.0,0.0,93.12222222222222,60.0,0.075,1.0,55,0.0,0,0.0,,,HPA-45-r0,baseline,312
0.0,0.0,0.0,90.85138888888889,57.0,0.075,1.0,36,0.0,0,0.0,,,HPA-45-r0,baseline,313
0.0,0.0,0.0,90.50694444444444,60.0,0.075,1.0,47,0.0,0,0.0,,,HPA-45-r0,baseline,314
0.0,0.0,0.0,91.3375,53.0,0.075,1.0,36,0.0,0,0.0,,,HPA-45-r0,baseline,315
0.0,0.0,0.0,88.49027777777778,55.0,0.075,1.0,40,0.0,0,0.0,,,HPA-45-r0,baseline,316
0.0,0.0,0.0,96.39166666666667,70.0,0.075,1.0,75,0.0,0,0.0,,,HPA-45-r0,baseline,317
0.0,0.0,0.0,92.7625,61.0,0.075,1.0,46,0.0,0,0.0,,,HPA-45-r0,baseline,318
0.0,0.0,0.0,91.8625,57.0,0.075,1.0,42,0.0,0,0.0,,,HPA-45-r0,baseline,319
0.0,0.0,0.0,89.78611111111111,59.0,0.075,1.0,49,0.0,0,0.0,,,HPA-45-r0,baseline,320
0.0,0.0,0.0,90.95833333333333,53.0,0.075,1.0,29,0.0,0,0.0,,,HPA-45-r0,baseline,321
0.0,0.0,0.0,88.0111111111111,57.0,0.075,1.0,49,0.0,0,0.0,,,HPA-45-r0,baseline,322
0.0,0.0027349603439197345,0.0,96.11666666666666,71.0,0.075,0.9892082334046838,72,0.0,0,0.0,,,HPA-45-r0,baseline,323
0.0,0.0,0.0,91.41111111111111,56.0,0.075,1.0,46,0.0,0,0.0,,,HPA-45-r0,baseline,324
0.0,0.0,0.0,90.62777777777778,57.0,0.075,1.0,45,0.0,0,0.0,,,HPA-45-r0,baseline,325
0.0,0.0,0.0,91.08611111111111,61.0,0.075,1.0,49,0.0,0,0.0,,,HPA-45-r0,baseline,326
0.0,0.0,0.0,89.99861111111112,53.0,0.075,1.0,35,0.0,0,0.0,,,HPA-45-r0,baseline,327
0.0,0.0,0.0,88.22361111111111,56.0,0.075,1.0,45,0.0,0,0.0,,,HPA-45-r0,baseline,328
0.0,0.0,0.0,94.48333333333333,69.0,0.075,1.0,69,0.0,0,0.0,,,HPA-45-r0,baseline,329
0.0,0.0,0.0,92.35555555555555,59.0,0.075,1.0,41,0.0,0,0.0,,,HPA-45-r0,baseline,330
0.0,0.0,0.0,90.55416666666666,57.0,0.075,1.0,51,0.0,0,0.0,,,HPA-45-r0,baseline,331
0.0,0.0,0.0,90.10694444444445,59.0,0.075,1.0,51,0.0,0,0.0,,,HPA-45-r0,baseline,332
0.0,0.0,0.0,91.56527777777778,55.0,0.075,1.0,35,0.0,0,0.0,,,HPA-45-r0,baseline,333
0.0,0.0,0.0,88.43055555555556,56.0,0.075,1.0,43,0.0,0,0.0,,,HPA-45-r0,baseline,334
0.0,0.0,0.0,96.42916666666666,70.0,0.075,1.0,72,0.0,0,0.0,,,HPA-45-r0,baseline,335
0.0,0.0,0.0,93.65277777777777,60.0,0.075,1.0,60,0.0,0,0.0,,,HPA-45-r0,baseline,336
0.0,0.0,0.0,90.43194444444444,55.0,0.075,1.0,40,0.0,0,0.0,,,HPA-45-r0,baseline,337
0.0,0.0,0.0,89.51666666666667,62.0,0.075,1.0,52,0.0,0,0.0,,,HPA-45-r0,baseline,338
0.0,0.0,0.0,91.40833333333333,54.0,0.075,1.0,30,0.0,0,0.0,,,HPA-45-r0,baseline,339
0.0,0.0,0.0,128.59722222222223,86.0,0.075,1.0,91,0.0,0,0.0,,,PredHPA-r0,baseline,300
0.0,0.0,0.0,112.55694444444444,71.0,0.075,1.0,72,0.0,0,0.0,,,PredHPA-r0,baseline,301
0.0,0.0,0.0,106.85694444444445,85.0,0.075,1.0,91,0.0,0,0.0,,,PredHPA-r0,baseline,302
0.0,0.0,0.0,122.02222222222223,95.0,0.075,1.0,68,0.0,0,0.0,,,PredHPA-r0,baseline,303
0.0,0.0,0.0,123.11111111111111,84.0,0.075,1.0,103,0.0,0,0.0,,,PredHPA-r0,baseline,304
0.0,0.0,0.0,128.58333333333334,109.0,0.075,1.0,132,0.0,0,0.0,,,PredHPA-r0,baseline,305
0.0,0.0,0.0,128.87222222222223,85.0,0.075,1.0,85,0.0,0,0.0,,,PredHPA-r0,baseline,306
0.0,0.0,0.0,113.99027777777778,72.0,0.075,1.0,78,0.0,0,0.0,,,PredHPA-r0,baseline,307
0.0,0.0,0.0,106.49861111111112,88.0,0.075,1.0,74,0.0,0,0.0,,,PredHPA-r0,baseline,308
0.0,0.0,0.0,123.74027777777778,99.0,0.075,1.0,66,0.0,0,0.0,,,PredHPA-r0,baseline,309
0.0,0.0,0.0,122.89722222222223,87.0,0.075,1.0,99,0.0,0,0.0,,,PredHPA-r0,baseline,310
0.0,0.0,0.0,130.14583333333334,110.0,0.075,1.0,132,0.0,0,0.0,,,PredHPA-r0,baseline,311
0.0,0.0,0.0,129.10972222222222,84.0,0.075,1.0,95,0.0,0,0.0,,,PredHPA-r0,baseline,312
0.0,0.0,0.0,113.375,67.0,0.075,1.0,79,0.0,0,0.0,,,PredHPA-r0,baseline,313
0.0,0.0,0.0,107.32222222222222,89.0,0.075,1.0,86,0.0,0,0.0,,,PredHPA-r0,baseline,314
0.0,0.0,0.0,123.11666666666666,103.0,0.075,1.0,73,0.0,0,0.0,,,PredHPA-r0,baseline,315
0.0,0.0,0.0,122.42361111111111,83.0,0.075,1.0,98,0.0,0,0.0,,,PredHPA-r0,baseline,316
0.0,0.0,0.0,128.10555555555555,108.0,0.075,1.0,126,0.0,0,0.0,,,PredHPA-r0,baseline,317
0.0,0.0,0.0,128.2486111111111,84.0,0.075,1.0,97,0.0,0,0.0,,,PredHPA-r0,baseline,318
0.0,0.0,0.0,112.00416666666666,67.0,0.075,1.0,73,0.0,0,0.0,,,PredHPA-r0,baseline,319
0.0,0.0,0.0,106.42777777777778,87.0,0.075,1.0,88,0.0,0,0.0,,,PredHPA-r0,baseline,320
0.0,0.0,0.0,120.89861111111111,94.0,0.075,1.0,65,0.0,0,0.0,,,PredHPA-r0,baseline,321
0.0,0.0,0.0,121.30694444444444,85.0,0.075,1.0,103,0.0,0,0.0,,,PredHPA-r0,baseline,322
0.0,0.0,0.0,128.8736111111111,109.0,0.075,1.0,126,0.0,0,0.0,,,PredHPA-r0,baseline,323
0.0,0.0,0.0,126.54305555555555,79.0,0.075,1.0,85,0.0,0,0.0,,,PredHPA-r0,baseline,324
0.0,0.0,0.0,111.88333333333334,68.0,0.075,1.0,73,0.0,0,0.0,,,PredHPA-r0,baseline,325
0.0,0.0,0.0,108.40416666666667,91.0,0.075,1.0,84,0.0,0,0.0,,,PredHPA-r0,baseline,326
0.0,0.0,0.0,120.6625,95.0,0.075,1.0,65,0.0,0,0.0,,,PredHPA-r0,baseline,327
0.0,0.0,0.0,122.4875,86.0,0.075,1.0,115,0.0,0,0.0,,,PredHPA-r0,baseline,328
0.0,0.0,0.0,127.8861111111111,104.0,0.075,1.0,129,0.0,0,0.0,,,PredHPA-r0,baseline,329
0.0,0.0,0.0,128.78194444444443,83.0,0.075,1.0,94,0.0,0,0.0,,,PredHPA-r0,baseline,330
0.0,0.0,0.0,113.15555555555555,70.0,0.075,1.0,78,0.0,0,0.0,,,PredHPA-r0,baseline,331
0.0,0.0,0.0,107.15277777777777,87.0,0.075,1.0,85,0.0,0,0.0,,,PredHPA-r0,baseline,332
0.0,0.0,0.0,120.46805555555555,95.0,0.075,1.0,57,0.0,0,0.0,,,PredHPA-r0,baseline,333
0.0,0.0,0.0,123.27777777777777,86.0,0.075,1.0,110,0.0,0,0.0,,,PredHPA-r0,baseline,334
0.0,0.0,0.0,130.075,107.0,0.075,1.0,123,0.0,0,0.0,,,PredHPA-r0,baseline,335
0.0,0.0,0.0,129.21944444444443,84.0,0.075,1.0,100,0.0,0,0.0,,,PredHPA-r0,baseline,336
0.0,0.0,0.0,111.39722222222223,69.0,0.075,1.0,74,0.0,0,0.0,,,PredHPA-r0,baseline,337
0.0,0.0,0.0,106.94722222222222,87.0,0.075,1.0,80,0.0,0,0.0,,,PredHPA-r0,baseline,338
0.0,0.0,0.0,123.22777777777777,96.0,0.075,1.0,63,0.0,0,0.0,,,PredHPA-r0,baseline,339
0.0,0.0,0.0,128.6013888888889,86.0,0.075,1.0,91,0.0,0,0.0,,,PredHPA-r1,baseline,300
0.0,0.0,0.0,112.55694444444444,71.0,0.075,1.0,72,0.0,0,0.0,,,PredHPA-r1,baseline,301
0.0,0.0,0.0,106.85694444444445,85.0,0.075,1.0,91,0.0,0,0.0,,,PredHPA-r1,baseline,302
0.0,0.0,0.0,122.02222222222223,95.0,0.075,1.0,68,0.0,0,0.0,,,PredHPA-r1,baseline,303
0.0,0.0,0.0,123.11111111111111,84.0,0.075,1.0,103,0.0,0,0.0,,,PredHPA-r1,baseline,304
0.0,0.0,0.0,128.58333333333334,109.0,0.075,1.0,132,0.0,0,0.0,,,PredHPA-r1,baseline,305
0.0,0.0,0.0,128.87222222222223,85.0,0.075,1.0,85,0.0,0,0.0,,,PredHPA-r1,baseline,306
0.0,0.0,0.0,113.99027777777778,72.0,0.075,1.0,79,0.0,0,0.0,,,PredHPA-r1,baseline,307
0.0,0.0,0.0,106.49861111111112,88.0,0.075,1.0,74,0.0,0,0.0,,,PredHPA-r1,baseline,308
0.0,0.0,0.0,123.74027777777778,99.0,0.075,1.0,66,0.0,0,0.0,,,PredHPA-r1,baseline,309
0.0,0.0,0.0,122.68888888888888,87.0,0.075,1.0,95,0.0,0,0.0,,,PredHPA-r1,baseline,310
0.0,0.0,0.0,130.14583333333334,110.0,0.075,1.0,132,0.0,0,0.0,,,PredHPA-r1,baseline,311
0.0,0.0,0.0,131.05555555555554,82.0,0.075,1.0,109,0.0,0,0.0,,,PredHPA-r1,baseline,312
0.0,0.0,0.0,113.19444444444444,67.0,0.075,1.0,82,0.0,0,0.0,,,PredHPA-r1,baseline,313
0.0,0.0,0.0,107.32222222222222,89.0,0.075,1.0,86,0.0,0,0.0,,,PredHPA-r1,baseline,314
0.0,0.0,0.0,123.11666666666666,103.0,0.075,1.0,73,0.0,0,0.0,,,PredHPA-r1,baseline,315
0.0,0.0,0.0,122.42361111111111,83.0,0.075,1.0,98,0.0,0,0.0,,,PredHPA-r1,baseline,316
0.0,0.0,0.0,128.10555555555555,108.0,0.075,1.0,126,0.0,0,0.0,,,PredHPA-r1,baseline,317
0.0,0.0,0.0,128.2486111111111,84.0,0.075,1.0,97,0.0,0,0.0,,,PredHPA-r1,baseline,318
0.0,0.0,0.0,112.00416666666666,67.0,0.075,1.0,73,0.0,0,0.0,,,PredHPA-r1,baseline,319
0.0,0.0,0.0,106.42777777777778,87.0,0.075,1.0,88,0.0,0,0.0,,,PredHPA-r1,baseline,320
0.0,0.0,0.0,120.89861111111111,94.0,0.075,1.0,65,0.0,0,0.0,,,PredHPA-r1,baseline,321
0.0,0.0,0.0,121.30694444444444,85.0,0.075,1.0,103,0.0,0,0.0,,,PredHPA-r1,baseline,322
0.0,0.0,0.0,128.8736111111111,109.0,0.075,1.0,126,0.0,0,0.0,,,PredHPA-r1,baseline,323
0.0,0.0,0.0,126.54305555555555,79.0,0.075,1.0,85,0.0,0,0.0,,,PredHPA-r1,baseline,324
0.0,0.0,0.0,110.97777777777777,66.0,0.075,1.0,68,0.0,0,0.0,,,PredHPA-r1,baseline,325
0.0,0.0,0.0,108.40416666666667,91.0,0.075,1.0,84,0.0,0,0.0,,,PredHPA-r1,baseline,326
0.0,0.0,0.0,120.6625,95.0,0.075,1.0,65,0.0,0,0.0,,,PredHPA-r1,baseline,327
0.0,0.0,0.0,122.4875,86.0,0.075,1.0,115,0.0,0,0.0,,,PredHPA-r1,baseline,328
0.0,0.0,0.0,127.8861111111111,104.0,0.075,1.0,129,0.0,0,0.0,,,PredHPA-r1,baseline,329
0.0,0.0,0.0,128.78194444444443,83.0,0.075,1.0,94,0.0,0,0.0,,,PredHPA-r1,baseline,330
0.0,0.0,0.0,113.15555555555555,70.0,0.075,1.0,78,0.0,0,0.0,,,PredHPA-r1,baseline,331
0.0,0.0,0.0,107.15277777777777,87.0,0.075,1.0,85,0.0,0,0.0,,,PredHPA-r1,baseline,332
0.0,0.0,0.0,120.46805555555555,95.0,0.075,1.0,57,0.0,0,0.0,,,PredHPA-r1,baseline,333
0.0,0.0,0.0,123.27777777777777,86.0,0.075,1.0,110,0.0,0,0.0,,,PredHPA-r1,baseline,334
0.0,0.0,0.0,130.43472222222223,106.0,0.075,1.0,134,0.0,0,0.0,,,PredHPA-r1,baseline,335
0.0,0.0,0.0,129.21944444444443,84.0,0.075,1.0,100,0.0,0,0.0,,,PredHPA-r1,baseline,336
0.0,0.0,0.0,111.39722222222223,69.0,0.075,1.0,74,0.0,0,0.0,,,PredHPA-r1,baseline,337
0.0,0.0,0.0,106.94722222222222,87.0,0.075,1.0,80,0.0,0,0.0,,,PredHPA-r1,baseline,338
0.0,0.0,0.0,123.22777777777777,96.0,0.075,1.0,63,0.0,0,0.0,,,PredHPA-r1,baseline,339
0.0,0.0,0.0,110.80694444444444,95.0,0.075,1.0,879,0.0,11,0.0,,,ARC,baseline,300
0.0,0.0,0.0,100.24166666666666,72.0,0.075,1.0,778,0.0,11,0.0,,,ARC,baseline,301
0.0,0.0,0.0,93.35972222222222,95.0,0.075,1.0,621,0.0,11,0.0,,,ARC,baseline,302
0.0,0.0,0.0,105.80416666666666,103.0,0.075,1.0,824,0.0,11,0.0,,,ARC,baseline,303
20.0,0.22163040980043291,0.0,114.45555555555555,103.0,0.075,0.06146026306882188,798,0.0,10,0.0,,,ARC,baseline,304
0.0,0.0,0.0,104.29027777777777,119.0,0.075,1.0,869,0.0,11,0.0,,,ARC,baseline,305
0.0,0.0,0.0,104.22361111111111,86.0,0.075,1.0,854,0.0,11,0.0,,,ARC,baseline,306
0.0,0.0,0.0,96.55694444444444,70.0,0.075,1.0,764,0.0,11,0.0,,,ARC,baseline,307
0.0,0.0,0.0,92.35138888888889,100.0,0.075,1.0,579,0.0,11,0.0,,,ARC,baseline,308
10.0,0.09575549979791154,0.0,102.56666666666666,93.0,0.075,0.5848933137505394,777,0.0,11,0.0,,,ARC,baseline,309
55.0,0.8778191569739024,0.0,100.07638888888889,93.0,0.075,0.03911654419392517,738,0.0,11,0.0,,,ARC,baseline,310
0.0,0.0,0.0,107.15138888888889,120.0,0.075,1.0,909,0.0,11,0.0,,,ARC,baseline,311
0.0,0.0,0.0,104.31111111111112,87.0,0.075,1.0,844,0.0,11,0.0,,,ARC,baseline,312
0.0,0.0,0.0,95.16388888888889,65.0,0.075,1.0,728,0.0,11,0.0,,,ARC,baseline,313
0.0,0.0,0.0,83.52361111111111,90.0,0.075,1.0,562,0.0,11,0.0,,,ARC,baseline,314
10.0,0.038368368908270334,0.0,110.84583333333333,103.0,0.075,0.8875837920479904,792,0.0,11,0.0,,,ARC,baseline,315
20.0,0.12115617257020261,0.0,111.30555555555556,97.0,0.075,0.529165093941569,825,0.0,10,0.0,,,ARC,baseline,316
0.0,0.0,0.0,99.7611111111111,114.0,0.075,1.0,866,0.0,10,0.0,,,ARC,baseline,317
0.0,0.0,0.0,111.33333333333333,93.0,0.075,1.0,886,0.0,11,0.0,,,ARC,baseline,318
0.0,0.0,0.0,102.78611111111111,74.0,0.075,1.0,807,0.0,11,0.0,,,ARC,baseline,319
0.0,0.0,0.0,87.29722222222222,92.0,0.075,1.0,611,0.0,11,0.0,,,ARC,baseline,320
0.0,0.0,0.0,110.83055555555555,110.0,0.075,1.0,767,0.0,11,0.0,,,ARC,baseline,321
30.0,0.295510038794089,0.0,105.41111111111111,93.0,0.075,0.05809694968999514,758,0.0,11,0.0,,,ARC,baseline,322
0.0,0.0,0.0,106.24722222222222,120.0,0.075,1.0,902,0.0,11,0.0,,,ARC,baseline,323
0.0,0.0,0.0,111.41944444444445,89.0,0.075,1.0,889,0.0,11,0.0,,,ARC,baseline,324
0.0,0.0,0.0,97.09861111111111,70.0,0.075,1.0,786,0.0,11,0.0,,,ARC,baseline,325
0.0,0.0,0.0,91.28472222222223,100.0,0.075,1.0,606,0.0,11,0.0,,,ARC,baseline,326
0.0,0.0,0.0,112.96388888888889,111.0,0.075,1.0,831,0.0,11,0.0,,,ARC,baseline,327
25.0,0.3446102868747247,0.0,104.87361111111112,98.0,0.075,0.114831879418647,780,0.0,11,0.0,,,ARC,baseline,328
0.0,0.0,0.0,108.2388888888889,120.0,0.075,1.0,830,0.0,11,0.0,,,ARC,baseline,329
0.0,0.0,0.0,110.00833333333334,92.0,0.075,1.0,929,0.0,11,0.0,,,ARC,baseline,330
0.0,0.0,0.0,95.4875,65.0,0.075,1.0,743,0.0,11,0.0,,,ARC,baseline,331
0.0,0.0,0.0,88.65833333333333,90.0,0.075,1.0,579,0.0,11,0.0,,,ARC,baseline,332
0.0,0.0,0.0,111.49027777777778,115.0,0.075,1.0,826,0.0,11,0.0,,,ARC,baseline,333
60.0,0.6995500387162679,0.0,104.72777777777777,98.0,0.075,0.05904832604227202,800,0.0,10,0.0,,,ARC,baseline,334
0.0,0.0,0.0,107.62777777777778,120.0,0.075,1.0,887,0.0,10,0.0,,,ARC,baseline,335
0.0,0.0,0.0,106.70138888888889,89.0,0.075,1.0,843,0.0,11,0.0,,,ARC,baseline,336
0.0,0.0,0.0,100.87777777777778,72.0,0.075,1.0,769,0.0,11,0.0,,,ARC,baseline,337
0.0,0.0,0.0,86.375,89.0,0.075,1.0,551,0.0,11,0.0,,,ARC,baseline,338
5.0,0.01806605416088125,0.0,100.99861111111112,100.0,0.075,0.9118099585349496,789,0.0,11,0.0,,,ARC,baseline,339
0.0,0.0,0.0,109.92361111111111,94.0,0.075,1.0,884,0.0,11,0.0,,,ARC-r0,baseline,300
0.0,0.0,0.0,100.24166666666666,72.0,0.075,1.0,778,0.0,11,0.0,,,ARC-r0,baseline,301
0.0,0.0,0.0,93.35972222222222,95.0,0.075,1.0,621,0.0,11,0.0,,,ARC-r0,baseline,302
0.0,0.0,0.0,105.80416666666666,103.0,0.075,1.0,824,0.0,11,0.0,,,ARC-r0,baseline,303
35.0,0.4870170307414434,0.0,113.83055555555555,101.0,0.075,0.09808520410238077,807,0.0,10,0.0,,,ARC-r0,baseline,304
0.0,0.0,0.0,104.29027777777777,119.0,0.075,1.0,869,0.0,11,0.0,,,ARC-r0,baseline,305
0.0,0.0,0.0,104.22361111111111,86.0,0.075,1.0,853,0.0,11,0.0,,,ARC-r0,baseline,306
0.0,0.0,0.0,96.55694444444444,70.0,0.075,1.0,764,0.0,11,0.0,,,ARC-r0,baseline,307
0.0,0.0,0.0,92.35138888888889,100.0,0.075,1.0,579,0.0,11,0.0,,,ARC-r0,baseline,308
10.0,0.03795126430893303,0.0,102.64861111111111,102.0,0.075,0.8812330424252035,777,0.0,11,0.0,,,ARC-r0,baseline,309
55.0,0.8731639176976058,0.0,100.07638888888889,93.0,0.075,0.03911654419392517,738,0.0,11,0.0,,,ARC-r0,baseline,310
0.0,0.0,0.0,107.15138888888889,120.0,0.075,1.0,909,0.0,11,0.0,,,ARC-r0,baseline,311
0.0,0.0,0.0,104.31111111111112,87.0,0.075,1.0,844,0.0,11,0.0,,,ARC-r0,baseline,312
0.0,0.0,0.0,95.16388888888889,65.0,0.075,1.0,728,0.0,11,0.0,,,ARC-r0,baseline,313
0.0,0.0,0.0,83.52361111111111,90.0,0.075,1.0,562,0.0,11,0.0,,,ARC-r0,baseline,314
5.0,0.021501972122550672,0.0,110.84583333333333,103.0,0.075,0.8875837920479904,792,0.0,11,0.0,,,ARC-r0,baseline,315
25.0,0.18506073132705803,0.0,110.13055555555556,96.0,0.075,0.2535451641244942,830,0.0,10,0.0,,,ARC-r0,baseline,316
0.0,0.0,0.0,99.7611111111111,114.0,0.075,1.0,866,0.0,10,0.0,,,ARC-r0,baseline,317
0.0,0.0,0.0,110.14583333333333,92.0,0.075,1.0,877,0.0,11,0.0,,,ARC-r0,baseline,318
0.0,0.0,0.0,102.78611111111111,74.0,0.075,1.0,807,0.0,11,0.0,,,ARC-r0,baseline,319
0.0,0.0,0.0,87.29722222222222,92.0,0.075,1.0,611,0.0,11,0.0,,,ARC-r0,baseline,320
0.0,0.0,0.0,110.83055555555555,110.0,0.075,1.0,767,0.0,11,0.0,,,ARC-r0,baseline,321
20.0,0.22221968280373705,0.0,105.41527777777777,93.0,0.075,0.3046022721311087,758,0.0,11,0.0,,,ARC-r0,baseline,322
0.0,0.0,0.0,106.24722222222222,120.0,0.075,1.0,902,0.0,11,0.0,,,ARC-r0,baseline,323
0.0,0.0,0.0,111.41944444444445,89.0,0.075,1.0,889,0.0,11,0.0,,,ARC-r0,baseline,324
0.0,0.0,0.0,97.09861111111111,70.0,0.075,1.0,786,0.0,11,0.0,,,ARC-r0,baseline,325
0.0,0.0,0.0,91.28472222222223,100.0,0.075,1.0,606,0.0,11,0.0,,,ARC-r0,baseline,326
0.0,0.0,0.0,112.96388888888889,111.0,0.075,1.0,831,0.0,11,0.0,,,ARC-r0,baseline,327
20.0,0.27111747368211425,0.0,104.40138888888889,97.0,0.075,0.11600644986151408,787,0.0,11,0.0,,,ARC-r0,baseline,328
0.0,0.0,0.0,108.36527777777778,120.0,0.075,1.0,848,0.0,11,0.0,,,ARC-r0,baseline,329
0.0,0.0,0.0,110.00833333333334,92.0,0.075,1.0,929,0.0,11,0.0,,,ARC-r0,baseline,330
0.0,0.0,0.0,95.4875,65.0,0.075,1.0,743,0.0,11,0.0,,,ARC-r0,baseline,331
0.0,0.0,0.0,88.65833333333333,90.0,0.075,1.0,579,0.0,11,0.0,,,ARC-r0,baseline,332
0.0,0.0,0.0,111.49027777777778,115.0,0.075,1.0,826,0.0,11,0.0,,,ARC-r0,baseline,333
60.0,0.737486389225972,0.0,101.96666666666667,94.0,0.075,0.059496249897234656,810,0.0,11,0.0,,,ARC-r0,baseline,334
0.0,0.0,0.0,107.62777777777778,120.0,0.075,1.0,887,0.0,10,0.0,,,ARC-r0,baseline,335
0.0,0.0,0.0,106.62777777777778,89.0,0.075,1.0,864,0.0,11,0.0,,,ARC-r0,baseline,336
0.0,0.0,0.0,100.87777777777778,72.0,0.075,1.0,769,0.0,11,0.0,,,ARC-r0,baseline,337
0.0,0.0,0.0,86.375,89.0,0.075,1.0,551,0.0,11,0.0,,,ARC-r0,baseline,338
5.0,0.01806605416088125,0.0,100.99861111111112,100.0,0.075,0.9118099585349496,789,0.0,11,0.0,,,ARC-r0,baseline,339
0.0,0.0,0.0,110.80694444444444,95.0,0.075,1.0,879,0.0,11,0.0,,,ARC-r1,baseline,300
0.0,0.0,0.0,100.24166666666666,72.0,0.075,1.0,778,0.0,11,0.0,,,ARC-r1,baseline,301
0.0,0.0,0.0,93.35972222222222,95.0,0.075,1.0,621,0.0,11,0.0,,,ARC-r1,baseline,302
0.0,0.0,0.0,105.80416666666666,103.0,0.075,1.0,824,0.0,11,0.0,,,ARC-r1,baseline,303
20.0,0.21834269780053317,0.0,114.45555555555555,103.0,0.075,0.06657985159902409,798,0.0,10,0.0,,,ARC-r1,baseline,304
0.0,0.0,0.0,104.29027777777777,119.0,0.075,1.0,869,0.0,11,0.0,,,ARC-r1,baseline,305
0.0,0.0,0.0,104.22361111111111,86.0,0.075,1.0,854,0.0,11,0.0,,,ARC-r1,baseline,306
0.0,0.0,0.0,96.55694444444444,70.0,0.075,1.0,764,0.0,11,0.0,,,ARC-r1,baseline,307
0.0,0.0,0.0,92.35138888888889,100.0,0.075,1.0,579,0.0,11,0.0,,,ARC-r1,baseline,308
10.0,0.09066175437194568,0.0,102.49583333333334,93.0,0.075,0.6110069561973419,781,0.0,11,0.0,,,ARC-r1,baseline,309
55.0,0.8777493679161918,0.0,100.07638888888889,93.0,0.075,0.03911654419392517,738,0.0,11,0.0,,,ARC-r1,baseline,310
0.0,0.0,0.0,107.15138888888889,120.0,0.075,1.0,909,0.0,11,0.0,,,ARC-r1,baseline,311
0.0,0.0,0.0,104.31111111111112,87.0,0.075,1.0,844,0.0,11,0.0,,,ARC-r1,baseline,312
0.0,0.0,0.0,95.16388888888889,65.0,0.075,1.0,728,0.0,11,0.0,,,ARC-r1,baseline,313
0.0,0.0,0.0,83.52361111111111,90.0,0.075,1.0,562,0.0,11,0.0,,,ARC-r1,baseline,314
10.0,0.03637772599064393,0.0,110.84583333333333,103.0,0.075,0.8875837920479904,792,0.0,11,0.0,,,ARC-r1,baseline,315
20.0,0.11667121139503633,0.0,111.13472222222222,97.0,0.075,0.5659666288912708,837,0.0,11,0.0,,,ARC-r1,baseline,316
0.0,0.0,0.0,99.7611111111111,114.0,0.075,1.0,866,0.0,10,0.0,,,ARC-r1,baseline,317
0.0,0.0,0.0,111.33333333333333,93.0,0.075,1.0,886,0.0,11,0.0,,,ARC-r1,baseline,318
0.0,0.0,0.0,102.78611111111111,74.0,0.075,1.0,807,0.0,11,0.0,,,ARC-r1,baseline,319
0.0,0.0,0.0,87.29722222222222,92.0,0.075,1.0,611,0.0,11,0.0,,,ARC-r1,baseline,320
0.0,0.0,0.0,110.83055555555555,110.0,0.075,1.0,767,0.0,11,0.0,,,ARC-r1,baseline,321
25.0,0.2918558316133968,0.0,105.41111111111111,93.0,0.075,0.05832450205961772,758,0.0,11,0.0,,,ARC-r1,baseline,322
0.0,0.0,0.0,106.24722222222222,120.0,0.075,1.0,902,0.0,11,0.0,,,ARC-r1,baseline,323
0.0,0.0,0.0,111.41944444444445,89.0,0.075,1.0,889,0.0,11,0.0,,,ARC-r1,baseline,324
0.0,0.0,0.0,97.09861111111111,70.0,0.075,1.0,786,0.0,11,0.0,,,ARC-r1,baseline,325
0.0,0.0,0.0,91.28472222222223,100.0,0.075,1.0,606,0.0,11,0.0,,,ARC-r1,baseline,326
0.0,0.0,0.0,112.96388888888889,111.0,0.075,1.0,831,0.0,11,0.0,,,ARC-r1,baseline,327
25.0,0.3436884206378221,0.0,104.87361111111112,98.0,0.075,0.114831879418647,780,0.0,11,0.0,,,ARC-r1,baseline,328
0.0,0.0,0.0,108.2388888888889,120.0,0.075,1.0,830,0.0,11,0.0,,,ARC-r1,baseline,329
0.0,0.0,0.0,110.00833333333334,92.0,0.075,1.0,929,0.0,11,0.0,,,ARC-r1,baseline,330
0.0,0.0,0.0,95.4875,65.0,0.075,1.0,743,0.0,11,0.0,,,ARC-r1,baseline,331
0.0,0.0,0.0,88.65833333333333,90.0,0.075,1.0,579,0.0,11,0.0,,,ARC-r1,baseline,332
0.0,0.0,0.0,111.49027777777778,115.0,0.075,1.0,826,0.0,11,0.0,,,ARC-r1,baseline,333
60.0,0.692833380708413,0.0,104.71805555555555,98.0,0.075,0.05923732558516778,806,0.0,11,0.0,,,ARC-r1,baseline,334
0.0,0.0,0.0,107.62777777777778,120.0,0.075,1.0,887,0.0,10,0.0,,,ARC-r1,baseline,335
0.0,0.0,0.0,106.70138888888889,89.0,0.075,1.0,843,0.0,11,0.0,,,ARC-r1,baseline,336
0.0,0.0,0.0,100.87777777777778,72.0,0.075,1.0,769,0.0,11,0.0,,,ARC-r1,baseline,337
0.0,0.0,0.0,86.375,89.0,0.075,1.0,551,0.0,11,0.0,,,ARC-r1,baseline,338
5.0,0.01806605416088125,0.0,100.99861111111112,100.0,0.075,0.9118099585349496,789,0.0,11,0.0,,,ARC-r1,baseline,339
60.0,1.5673846414648973,0.0,103.67083333333333,106.0,0.075,0.016528660973264577,94,65.0,0,0.0,,,HPA-r0,flash,300
35.0,0.24154866474873637,0.0,96.99166666666666,91.0,0.075,0.4629967105872159,95,20.0,0,0.0,,,HPA-r0,flash,301
55.0,2.3996174410032323,0.0,106.43611111111112,120.0,0.075,0.023520488121874746,124,55.0,0,0.0,,,HPA-r0,flash,302
70.0,2.406807272337297,0.0,101.6875,108.0,0.075,0.0058379413195159685,91,70.0,0,0.0,,,HPA-r0,flash,303
100.0,4.455684777084123,0.0,103.63055555555556,120.0,0.075,0.00028821133985760036,119,95.0,0,0.0,,,HPA-r0,flash,304
75.0,2.9449715921430974,0.0,104.74305555555556,120.0,0.075,0.00010086002940190149,131,70.0,0,0.0,,,HPA-r0,flash,305
55.0,1.600559485431563,0.0,102.16527777777777,111.0,0.075,0.004152003562348413,100,40.0,0,0.0,,,HPA-r0,flash,306
30.0,0.3898691008557331,0.0,94.72083333333333,93.0,0.075,0.2885153545144474,88,15.0,0,0.0,,,HPA-r0,flash,307
75.0,2.4085774493798118,0.0,105.98472222222222,120.0,0.075,0.0008812620347297315,127,75.0,0,0.0,,,HPA-r0,flash,308
50.0,1.4899838550307187,0.0,100.59444444444445,102.0,0.075,0.03181341235534529,86,50.0,0,0.0,,,HPA-r0,flash,309
60.0,1.6055935804617394,0.0,98.72638888888889,114.0,0.075,0.0007203053128565102,112,50.0,0,0.0,,,HPA-r0,flash,310
45.0,0.8099966333977027,0.0,104.71111111111111,120.0,0.075,0.020954037302704488,136,40.0,0,0.0,,,HPA-r0,flash,311
65.0,2.6516520872225557,0.0,103.18611111111112,110.0,0.075,0.0003107901549790829,100,65.0,0,0.0,,,HPA-r0,flash,312
30.0,0.7017835999306166,0.0,96.39305555555555,91.0,0.075,0.12367137207331544,79,10.0,0,0.0,,,HPA-r0,flash,313
75.0,2.0274099919291744,0.0,102.57083333333334,120.0,0.075,0.001784128953192734,132,10.0,0,0.0,,,HPA-r0,flash,314
45.0,1.569110167873089,0.0,99.4125,103.0,0.075,0.0059400789346221,84,45.0,0,0.0,,,HPA-r0,flash,315
80.0,3.347754815999826,0.0,103.66666666666667,120.0,0.075,0.00023582239811810446,114,75.0,0,0.0,,,HPA-r0,flash,316
10.0,0.23389840602550116,0.0,103.8875,120.0,0.075,0.7472804082482364,130,10.0,0,0.0,,,HPA-r0,flash,317
75.0,2.175602570535573,0.0,103.27916666666667,106.0,0.075,0.016191929012950496,86,45.0,0,0.0,,,HPA-r0,flash,318
55.0,1.9383641066637591,0.0,98.58611111111111,100.0,0.07500000000000004,0.003884130743307936,100,55.0,0,0.0,,,HPA-r0,flash,319
55.0,1.4223008936410597,0.0,106.24305555555556,120.0,0.075,0.0030555886072922427,136,55.0,0,0.0,,,HPA-r0,flash,320
35.0,0.9145525221938788,0.0,99.68472222222222,103.0,0.075,0.025405852790697132,87,35.0,0,0.0,,,HPA-r0,flash,321
95.0,3.282942092641994,0.0,103.86805555555556,119.0,0.075,0.002769818134029869,102,90.0,0,0.0,,,HPA-r0,flash,322
80.0,2.382223594649513,0.0,100.24305555555556,98.0,0.075,0.007843074550558911,133,80.0,0,0.0,,,HPA-r0,flash,323
80.0,2.641358775406999,0.0,105.47361111111111,119.0,0.075,0.0062847049248120155,100,90.0,0,0.0,,,HPA-r0,flash,324
50.0,1.7049667607723862,0.0,96.44444444444444,90.0,0.075,0.004228233481973747,100,50.0,0,0.0,,,HPA-r0,flash,325
35.0,1.2384071861825108,0.0,106.01805555555555,120.0,0.075,0.0283053921349824,130,35.0,0,0.0,,,HPA-r0,flash,326
25.0,0.16386462145352443,0.0,101.40972222222223,107.0,0.075,0.6391556730421231,98,15.0,0,0.0,,,HPA-r0,flash,327
55.0,1.9300190498078185,0.0,99.44583333333334,112.0,0.075,0.0009762609254871983,96,50.0,0,0.0,,,HPA-r0,flash,328
55.0,1.3505553087961975,0.0,104.48055555555555,120.0,0.075,0.002104434436220875,119,60.0,0,0.0,,,HPA-r0,flash,329
55.0,1.6051396007730312,0.0,101.06666666666666,98.0,0.075,0.013710321061400068,78,45.0,0,0.0,,,HPA-r0,flash,330
35.0,0.43220914303089275,0.0,96.85138888888889,99.0,0.075,0.23317653044783526,104,40.0,0,0.0,,,HPA-r0,flash,331
70.0,2.4258741071452206,0.0,101.79861111111111,120.0,0.075,0.0005015668475795684,138,15.0,0,0.0,,,HPA-r0,flash,332
65.0,2.2952936851636907,0.0,98.53055555555555,102.0,0.075,0.0021331942389105946,99,65.0,0,0.0,,,HPA-r0,flash,333
60.0,0.9085634824301914,0.0,101.57083333333334,114.0,0.075,0.01942064427368163,104,50.0,0,0.0,,,HPA-r0,flash,334
100.0,3.545820590670845,0.0,105.17222222222222,116.0,0.075,0.00018645247424793184,123,100.0,0,0.0,,,HPA-r0,flash,335
45.0,1.2110313088954938,0.0,99.2125,96.0,0.075,0.040457384299455466,100,35.0,0,0.0,,,HPA-r0,flash,336
40.0,1.0299611953779264,0.0,100.32222222222222,99.0,0.0750000000000001,0.0032386637114829153,99,40.0,0,0.0,,,HPA-r0,flash,337
55.0,1.257495511114326,0.0,103.88055555555556,120.0,0.075,0.060828816160280005,133,55.0,0,0.0,,,HPA-r0,flash,338
5.0,0.019665603948604282,0.0,95.85,89.0,0.075,0.9490086535572548,85,5.0,0,0.0,,,HPA-r0,flash,339
15.0,0.35244506717456714,0.0,102.65416666666667,120.0,0.075,0.33899596177608304,225,15.0,0,0.0,,,HPA-fast-r0,flash,300
30.0,0.3894126418063304,0.0,96.91944444444445,105.0,0.075,0.11909262015624729,194,30.0,0,0.0,,,HPA-fast-r0,flash,301
45.0,1.4966499782535947,0.0,92.84722222222223,120.0,0.075,0.009676945491535327,192,40.0,0,0.0,,,HPA-fast-r0,flash,302
35.0,1.2096436898760388,0.0,99.05277777777778,110.0,0.075,0.0339677761908796,218,35.0,0,0.0,,,HPA-fast-r0,flash,303
50.0,1.7075494390126567,0.0,99.90694444444445,120.0,0.075,0.0027971463447435817,248,50.0,0,0.0,,,HPA-fast-r0,flash,304
50.0,1.7424513431368194,0.0,95.61111111111111,120.0,0.075,0.005127348845685143,250,45.0,0,0.0,,,HPA-fast-r0,flash,305
25.0,1.0759405163850877,0.0,101.90416666666667,120.0,0.075,0.010447427799076682,263,25.0,0,0.0,,,HPA-fast-r0,flash,306
0.0,0.0,0.0,95.83472222222223,106.0,0.075,1.0,160,0.0,0,0.0,,,HPA-fast-r0,flash,307
25.0,0.37000960303089636,0.0,91.78194444444445,120.0,0.075,0.28370886941124085,197,25.0,0,0.0,,,HPA-fast-r0,flash,308
40.0,1.3080780826226435,0.0,99.3236111111111,111.0,0.075,0.025336918545247066,200,40.0,0,0.0,,,HPA-fast-r0,flash,309
40.0,1.0879729249170134,0.0,97.54583333333333,120.0,0.075,0.03228776622363199,245,40.0,0,0.0,,,HPA-fast-r0,flash,310
5.0,0.16534095869825682,0.0,96.61666666666666,120.0,0.075,0.7354112684594493,256,5.0,0,0.0,,,HPA-fast-r0,flash,311
35.0,1.270079183810513,0.0,100.03611111111111,113.0,0.075,0.004204177759175554,224,35.0,0,0.0,,,HPA-fast-r0,flash,312
5.0,0.024524776529399883,0.0,96.82083333333334,112.0,0.075,0.9035309920620709,195,5.0,0,0.0,,,HPA-fast-r0,flash,313
10.0,0.052942141215128746,0.0,90.55833333333334,120.0,0.075,0.8476856962398774,197,10.0,0,0.0,,,HPA-fast-r0,flash,314
35.0,1.2779410839917515,0.0,99.37083333333334,110.0,0.075,0.023331225528023174,205,35.0,0,0.0,,,HPA-fast-r0,flash,315
60.0,2.999266398512068,0.0,98.62222222222222,120.0,0.075,0.002170733824977991,250,60.0,0,0.0,,,HPA-fast-r0,flash,316
0.0,0.0,0.0,96.12777777777778,120.0,0.075,1.0,244,0.0,0,0.0,,,HPA-fast-r0,flash,317
35.0,0.6735442383097978,0.0,101.0125,120.0,0.075,0.034102158012339644,257,35.0,0,0.0,,,HPA-fast-r0,flash,318
50.0,1.8539528187438092,0.0,97.57222222222222,109.0,0.075,0.004769207023244093,185,50.0,0,0.0,,,HPA-fast-r0,flash,319
25.0,0.6053894266373816,0.0,92.69583333333334,120.0,0.075,0.19783637781272959,207,25.0,0,0.0,,,HPA-fast-r0,flash,320
15.0,0.3375431734154888,0.0,99.00833333333334,110.0,0.075,0.23275032563101228,200,15.0,0,0.0,,,HPA-fast-r0,flash,321
45.0,1.4297383211738346,0.0,100.06666666666666,120.0,0.075,0.005364598546842704,223,5.0,0,0.0,,,HPA-fast-r0,flash,322
45.0,1.5641559995873355,0.0,96.78472222222223,120.0,0.07500000000000004,0.002792681397864193,224,45.0,0,0.0,,,HPA-fast-r0,flash,323
35.0,0.97271983474988,0.0,101.0513888888889,120.0,0.075,0.06329137271755278,255,20.0,0,0.0,,,HPA-fast-r0,flash,324
40.0,1.4934807729862443,0.0,97.15138888888889,112.0,0.075,0.00039480521216756365,185,40.0,0,0.0,,,HPA-fast-r0,flash,325
25.0,0.8452110697021675,0.0,91.81111111111112,120.0,0.075,0.05026323210567947,201,25.0,0,0.0,,,HPA-fast-r0,flash,326
0.0,0.011143139534885993,0.0,99.54027777777777,112.0,0.075,0.956520287588076,206,0.0,0,0.0,,,HPA-fast-r0,flash,327
40.0,1.6707802368600255,0.0,99.43055555555556,120.0,0.075,0.0008137024640297538,227,40.0,0,0.0,,,HPA-fast-r0,flash,328
20.0,0.7889172664206412,0.0,97.36666666666666,120.0,0.075,0.0076288997226359265,237,20.0,0,0.0,,,HPA-fast-r0,flash,329
35.0,1.3501361069197748,0.0,100.55833333333334,120.0,0.075,0.0026743438974575753,232,35.0,0,0.0,,,HPA-fast-r0,flash,330
10.0,0.028997707217992552,0.0,94.88472222222222,101.0,0.075,0.9176902718554834,167,10.0,0,0.0,,,HPA-fast-r0,flash,331
25.0,0.41190933702922594,0.0,90.01666666666667,120.0,0.075,0.06549272290899584,187,15.0,0,0.0,,,HPA-fast-r0,flash,332
30.0,1.0447235780191688,0.0,98.44583333333334,112.0,0.075,0.023138828080922175,187,40.0,0,0.0,,,HPA-fast-r0,flash,333
15.0,0.07738903620159165,0.0,99.75972222222222,120.0,0.075,0.7383685434171883,248,5.0,0,0.0,,,HPA-fast-r0,flash,334
40.0,1.094652091439896,0.0,96.92916666666666,120.0,0.075,0.03575714181588785,230,40.0,0,0.0,,,HPA-fast-r0,flash,335
5.0,0.033443205163419254,0.0,99.64444444444445,111.0,0.075,0.9023443963629458,221,5.0,0,0.0,,,HPA-fast-r0,flash,336
35.0,0.9497737302396558,0.0,96.53888888888889,114.0,0.075,0.021125330426984838,186,35.0,0,0.0,,,HPA-fast-r0,flash,337
15.0,0.04203428518185781,0.0,92.28472222222223,120.0,0.075,0.9441944322228403,206,20.0,0,0.0,,,HPA-fast-r0,flash,338
0.0,0.0,0.0,98.31944444444444,110.0,0.075,1.0,203,0.0,0,0.0,,,HPA-fast-r0,flash,339
5.0,0.03637043762998449,0.0,126.3375,120.0,0.075,0.9109819943990691,122,5.0,0,0.0,,,HPA-45-r0,flash,300
0.0,0.0,0.0,124.33472222222223,120.0,0.075,1.0,106,0.0,0,0.0,,,HPA-45-r0,flash,301
30.0,0.8992071242810873,0.0,120.34027777777777,120.0,0.075,0.1337663776915066,134,30.0,0,0.0,,,HPA-45-r0,flash,302
30.0,0.19325891858474886,0.0,124.17361111111111,120.0,0.075,0.5994199856353556,114,35.0,0,0.0,,,HPA-45-r0,flash,303
45.0,1.3699484288036468,0.0,118.52361111111111,120.0,0.075,0.02571806348775008,139,45.0,0,0.0,,,HPA-45-r0,flash,304
35.0,1.364556171502207,0.0,121.15,120.0,0.075,0.01962278691686552,137,30.0,0,0.0,,,HPA-45-r0,flash,305
25.0,1.053787474400525,0.0,124.6875,120.0,0.075,0.005842111147532912,125,25.0,0,0.0,,,HPA-45-r0,flash,306
0.0,0.003287933471951554,0.0,120.00138888888888,119.0,0.075,0.9857020627963591,101,0.0,0,0.0,,,HPA-45-r0,flash,307
5.0,0.038762360897048875,0.0,120.15555555555555,120.0,0.075,0.9280276994068796,149,5.0,0,0.0,,,HPA-45-r0,flash,308
30.0,0.5483962278749255,0.0,126.66111111111111,120.0,0.075,0.2788046205162809,97,30.0,0,0.0,,,HPA-45-r0,flash,309
15.0,0.06164832354348393,0.0,118.1763888888889,120.0,0.075,0.885633915250382,134,15.0,0,0.0,,,HPA-45-r0,flash,310
0.0,0.02893713575448098,0.0,124.65555555555555,120.0,0.075,0.950599146451453,142,0.0,0,0.0,,,HPA-45-r0,flash,311
35.0,1.3338997646806794,0.0,125.8861111111111,120.0,0.075,0.01484622389140783,128,35.0,0,0.0,,,HPA-45-r0,flash,312
0.0,0.0011987240022715007,0.0,123.03888888888889,120.0,0.075,0.995632452513536,97,0.0,0,0.0,,,HPA-45-r0,flash,313
5.0,0.027863893007018525,0.0,118.47361111111111,120.0,0.075,0.9432039881285535,141,5.0,0,0.0,,,HPA-45-r0,flash,314
30.0,0.26497554099084164,0.0,123.98472222222222,120.0,0.075,0.44548438808972357,96,30.0,0,0.0,,,HPA-45-r0,flash,315
60.0,2.910990606620212,0.0,119.3,120.0,0.075,0.0013777084748458719,129,60.0,0,0.0,,,HPA-45-r0,flash,316
0.0,0.0,0.0,123.39583333333333,120.0,0.075,1.0,141,0.0,0,0.0,,,HPA-45-r0,flash,317
20.0,0.312967701575928,0.0,125.28055555555555,120.0,0.075,0.27823160573751177,104,5.0,0,0.0,,,HPA-45-r0,flash,318
40.0,1.3579928158963916,0.0,124.74305555555556,120.0,0.075,0.008515808909181096,123,40.0,0,0.0,,,HPA-45-r0,flash,319
5.0,0.03876058643323965,0.0,120.62916666666666,120.0,0.075,0.8811138180021499,150,5.0,0,0.0,,,HPA-45-r0,flash,320
0.0,0.0058612724814777195,0.0,124.8013888888889,120.0,0.075,0.9715442623721516,110,0.0,0,0.0,,,HPA-45-r0,flash,321
40.0,1.5000180003221009,0.0,118.925,120.0,0.075,0.002367228262919135,120,40.0,0,0.0,,,HPA-45-r0,flash,322
35.0,1.3754480954866533,0.0,125.41111111111111,120.0,0.075,0.020254874945131448,136,35.0,0,0.0,,,HPA-45-r0,flash,323
15.0,0.5026786635723535,0.0,125.20694444444445,120.0,0.075,0.31243977231644143,131,15.0,0,0.0,,,HPA-45-r0,flash,324
30.0,0.7708934847832416,0.0,123.60972222222222,120.0,0.075,0.02970897753402634,119,40.0,0,0.0,,,HPA-45-r0,flash,325
10.0,0.06680132463742217,0.0,120.2375,120.0,0.075,0.8740639716024966,140,10.0,0,0.0,,,HPA-45-r0,flash,326
0.0,0.0,0.0,122.67222222222222,120.0,0.075,1.0,112,0.0,0,0.0,,,HPA-45-r0,flash,327
40.0,1.411336311159983,0.0,121.1138888888889,120.0,0.075,0.010496447012684861,110,40.0,0,0.0,,,HPA-45-r0,flash,328
20.0,0.7072845353314872,0.0,123.45,120.0,0.075,0.03513531316661726,114,20.0,0,0.0,,,HPA-45-r0,flash,329
35.0,1.2126854369863604,0.0,125.8013888888889,120.0,0.075,0.03449764200268173,97,35.0,0,0.0,,,HPA-45-r0,flash,330
0.0,0.0,0.0,122.1625,120.0,0.075,1.0,136,0.0,0,0.0,,,HPA-45-r0,flash,331
10.0,0.05479061583629763,0.0,118.57638888888889,120.0,0.075,0.8446765531885135,148,10.0,0,0.0,,,HPA-45-r0,flash,332
30.0,1.2863588497077916,0.0,121.7,120.0,0.075,0.015393242468365395,118,30.0,0,0.0,,,HPA-45-r0,flash,333
0.0,0.0,0.0,119.59444444444445,120.0,0.075,1.0,120,0.0,0,0.0,,,HPA-45-r0,flash,334
40.0,1.4260454897860653,0.0,126.69166666666666,120.0,0.075,0.003873692344502446,134,40.0,0,0.0,,,HPA-45-r0,flash,335
0.0,0.0,0.0,125.21666666666667,120.0,0.075,1.0,121,0.0,0,0.0,,,HPA-45-r0,flash,336
20.0,0.6911319993309295,0.0,123.47638888888889,120.0,0.075,0.03696888691589689,98,20.0,0,0.0,,,HPA-45-r0,flash,337
0.0,0.0,0.0,119.98194444444445,120.0,0.075,1.0,145,0.0,0,0.0,,,HPA-45-r0,flash,338
0.0,0.0,0.0,121.84722222222223,120.0,0.075,1.0,112,0.0,0,0.0,,,HPA-45-r0,flash,339
0.0,0.0,0.0,149.62083333333334,120.0,0.075,1.0,150,0.0,0,0.0,,,PredHPA-r0,flash,300
0.0,0.0,0.0,141.7902777777778,120.0,0.075,1.0,131,0.0,0,0.0,,,PredHPA-r0,flash,301
10.0,0.09774463662780564,0.0,129.1861111111111,120.0,0.075,0.8481338397311586,162,10.0,0,0.0,,,PredHPA-r0,flash,302
0.0,0.0,0.0,149.58333333333334,120.0,0.075,1.0,118,0.0,0,0.0,,,PredHPA-r0,flash,303
0.0,0.0,0.0,147.35833333333332,120.0,0.075,1.0,163,0.0,0,0.0,,,PredHPA-r0,flash,304
5.0,0.10534429400020917,0.0,142.67916666666667,120.0,0.075,0.6843038083295501,158,5.0,0,0.0,,,PredHPA-r0,flash,305
0.0,0.0,0.0,149.20694444444445,120.0,0.075,1.0,138,0.0,0,0.0,,,PredHPA-r0,flash,306
0.0,0.0,0.0,142.51388888888889,120.0,0.075,1.0,112,0.0,0,0.0,,,PredHPA-r0,flash,307
0.0,0.0,0.0,128.40277777777777,120.0,0.075,1.0,165,0.0,0,0.0,,,PredHPA-r0,flash,308
0.0,0.0,0.0,151.13472222222222,120.0,0.075,1.0,113,0.0,0,0.0,,,PredHPA-r0,flash,309
0.0,0.0,0.0,148.95555555555555,120.0,0.075,1.0,177,0.0,0,0.0,,,PredHPA-r0,flash,310
0.0,0.007520800288862706,0.0,145.50833333333333,120.0,0.075,0.9871606520842012,173,0.0,0,0.0,,,PredHPA-r0,flash,311
0.0,0.002837430604951674,0.0,151.13055555555556,120.0,0.075,0.9914851979369452,157,0.0,0,0.0,,,PredHPA-r0,flash,312
0.0,0.0,0.0,142.0625,120.0,0.075,1.0,123,0.0,0,0.0,,,PredHPA-r0,flash,313
0.0,0.0,0.0,129.44166666666666,120.0,0.075,1.0,167,0.0,0,0.0,,,PredHPA-r0,flash,314
0.0,0.0,0.0,148.30277777777778,120.0,0.075,1.0,121,0.0,0,0.0,,,PredHPA-r0,flash,315
0.0,0.013859728645582159,0.0,145.54583333333332,120.0,0.075,0.9601187225808875,164,0.0,0,0.0,,,PredHPA-r0,flash,316
0.0,0.0,0.0,144.6472222222222,120.0,0.075,1.0,174,0.0,0,0.0,,,PredHPA-r0,flash,317
0.0,0.0,0.0,149.55,120.0,0.075,1.0,132,0.0,0,0.0,,,PredHPA-r0,flash,318
10.0,0.0627426028825151,0.0,141.3361111111111,120.0,0.075,0.8669004163175336,126,10.0,0,0.0,,,PredHPA-r0,flash,319
0.0,0.0,0.0,128.91805555555555,120.0,0.075,1.0,171,0.0,0,0.0,,,PredHPA-r0,flash,320
0.0,0.0,0.0,145.94861111111112,120.0,0.075,1.0,111,0.0,0,0.0,,,PredHPA-r0,flash,321
0.0,0.0,0.0,146.87222222222223,120.0,0.075,1.0,150,0.0,0,0.0,,,PredHPA-r0,flash,322
35.0,1.2337265879415416,0.0,149.61805555555554,120.0,0.075,0.009655781208951076,149,35.0,0,0.0,,,PredHPA-r0,flash,323
0.0,0.0,0.0,148.29861111111111,120.0,0.075,1.0,136,0.0,0,0.0,,,PredHPA-r0,flash,324
0.0,0.0,0.0,142.30972222222223,120.0,0.075,1.0,119,0.0,0,0.0,,,PredHPA-r0,flash,325
0.0,0.0,0.0,129.42777777777778,120.0,0.075,1.0,160,0.0,0,0.0,,,PredHPA-r0,flash,326
0.0,0.0,0.0,149.3347222222222,120.0,0.075,1.0,125,0.0,0,0.0,,,PredHPA-r0,flash,327
5.0,0.0498339296248651,0.0,148.32083333333333,120.0,0.075,0.911497605446579,172,5.0,0,0.0,,,PredHPA-r0,flash,328
15.0,0.19030887719879708,0.0,146.40833333333333,120.0,0.075,0.5495780876608926,161,15.0,0,0.0,,,PredHPA-r0,flash,329
0.0,0.0,0.0,151.0861111111111,120.0,0.075,1.0,125,0.0,0,0.0,,,PredHPA-r0,flash,330
0.0,0.0,0.0,140.54305555555555,120.0,0.075,1.0,109,0.0,0,0.0,,,PredHPA-r0,flash,331
0.0,0.0,0.0,129.02083333333334,120.0,0.075,1.0,166,0.0,0,0.0,,,PredHPA-r0,flash,332
10.0,0.21932478720112503,0.0,145.79861111111111,120.0,0.075,0.6032216819125507,89,10.0,0,0.0,,,PredHPA-r0,flash,333
0.0,0.0,0.0,148.2138888888889,120.0,0.075,1.0,175,0.0,0,0.0,,,PredHPA-r0,flash,334
5.0,0.05109518319997841,0.0,150.4,120.0,0.075,0.883674866648997,163,5.0,0,0.0,,,PredHPA-r0,flash,335
0.0,0.0,0.0,150.51666666666668,120.0,0.075,1.0,170,0.0,0,0.0,,,PredHPA-r0,flash,336
0.0,0.0,0.0,140.8763888888889,120.0,0.075,1.0,131,0.0,0,0.0,,,PredHPA-r0,flash,337
0.0,0.0,0.0,128.98055555555555,120.0,0.075,1.0,168,0.0,0,0.0,,,PredHPA-r0,flash,338
0.0,0.0,0.0,148.78055555555557,120.0,0.075,1.0,108,0.0,0,0.0,,,PredHPA-r0,flash,339
0.0,0.0,0.0,149.625,120.0,0.075,1.0,150,0.0,0,0.0,,,PredHPA-r1,flash,300
0.0,0.0,0.0,141.7902777777778,120.0,0.075,1.0,131,0.0,0,0.0,,,PredHPA-r1,flash,301
10.0,0.09774463662780564,0.0,129.1861111111111,120.0,0.075,0.8481338397311586,162,10.0,0,0.0,,,PredHPA-r1,flash,302
0.0,0.0,0.0,149.58333333333334,120.0,0.075,1.0,118,0.0,0,0.0,,,PredHPA-r1,flash,303
0.0,0.0,0.0,147.35833333333332,120.0,0.075,1.0,163,0.0,0,0.0,,,PredHPA-r1,flash,304
10.0,0.13363907833586763,0.0,142.67916666666667,120.0,0.075,0.6843038083295501,158,10.0,0,0.0,,,PredHPA-r1,flash,305
0.0,0.0,0.0,149.20694444444445,120.0,0.075,1.0,138,0.0,0,0.0,,,PredHPA-r1,flash,306
0.0,0.0,0.0,142.51388888888889,120.0,0.075,1.0,113,0.0,0,0.0,,,PredHPA-r1,flash,307
0.0,0.0,0.0,128.40277777777777,120.0,0.075,1.0,165,0.0,0,0.0,,,PredHPA-r1,flash,308
0.0,0.0,0.0,151.13472222222222,120.0,0.075,1.0,113,0.0,0,0.0,,,PredHPA-r1,flash,309
0.0,0.0,0.0,148.74722222222223,120.0,0.075,1.0,173,0.0,0,0.0,,,PredHPA-r1,flash,310
0.0,0.007520800288862706,0.0,145.50833333333333,120.0,0.075,0.9871606520842012,173,0.0,0,0.0,,,PredHPA-r1,flash,311
0.0,0.002173549184969481,0.0,152.65,120.0,0.075,0.9934774295265867,169,0.0,0,0.0,,,PredHPA-r1,flash,312
0.0,0.0,0.0,141.53194444444443,120.0,0.075,1.0,116,0.0,0,0.0,,,PredHPA-r1,flash,313
0.0,0.0,0.0,129.44166666666666,120.0,0.075,1.0,167,0.0,0,0.0,,,PredHPA-r1,flash,314
0.0,0.0,0.0,148.30277777777778,120.0,0.075,1.0,121,0.0,0,0.0,,,PredHPA-r1,flash,315
0.0,0.013859728645582159,0.0,145.54583333333332,120.0,0.075,0.9601187225808875,164,0.0,0,0.0,,,PredHPA-r1,flash,316
0.0,0.0,0.0,144.6472222222222,120.0,0.075,1.0,174,0.0,0,0.0,,,PredHPA-r1,flash,317
0.0,0.0,0.0,149.55,120.0,0.075,1.0,132,0.0,0,0.0,,,PredHPA-r1,flash,318
15.0,0.08623448374395215,0.0,141.3361111111111,120.0,0.075,0.8596294093139155,127,15.0,0,0.0,,,PredHPA-r1,flash,319
0.0,0.0,0.0,128.91805555555555,120.0,0.075,1.0,171,0.0,0,0.0,,,PredHPA-r1,flash,320
0.0,0.0,0.0,145.94861111111112,120.0,0.075,1.0,111,0.0,0,0.0,,,PredHPA-r1,flash,321
0.0,0.0,0.0,146.87222222222223,120.0,0.075,1.0,150,0.0,0,0.0,,,PredHPA-r1,flash,322
50.0,1.6374766315620515,0.0,149.36527777777778,120.0,0.075,0.0004821987243539154,154,50.0,0,0.0,,,PredHPA-r1,flash,323
0.0,0.0,0.0,148.29861111111111,120.0,0.075,1.0,136,0.0,0,0.0,,,PredHPA-r1,flash,324
10.0,0.13855029409843844,0.0,140.3736111111111,120.0,0.075,0.5644753766782253,110,10.0,0,0.0,,,PredHPA-r1,flash,325
0.0,0.0,0.0,129.42777777777778,120.0,0.075,1.0,160,0.0,0,0.0,,,PredHPA-r1,flash,326
0.0,0.0,0.0,149.3347222222222,120.0,0.075,1.0,125,0.0,0,0.0,,,PredHPA-r1,flash,327
5.0,0.057011883992641454,0.0,148.32083333333333,120.0,0.075,0.911497605446579,172,5.0,0,0.0,,,PredHPA-r1,flash,328
20.0,0.43304422947859633,0.0,146.40833333333333,120.0,0.075,0.13890292158405723,159,20.0,0,0.0,,,PredHPA-r1,flash,329
0.0,0.0,0.0,151.0861111111111,120.0,0.075,1.0,125,0.0,0,0.0,,,PredHPA-r1,flash,330
0.0,0.0,0.0,140.54305555555555,120.0,0.075,1.0,109,0.0,0,0.0,,,PredHPA-r1,flash,331
0.0,0.0,0.0,129.02083333333334,120.0,0.075,1.0,166,0.0,0,0.0,,,PredHPA-r1,flash,332
15.0,0.5679925299607036,0.0,145.79861111111111,120.0,0.075,0.10093824632297607,100,15.0,0,0.0,,,PredHPA-r1,flash,333
0.0,0.0,0.0,148.2138888888889,120.0,0.075,1.0,175,0.0,0,0.0,,,PredHPA-r1,flash,334
5.0,0.15447933966248328,0.0,151.07083333333333,120.0,0.075,0.587579219873237,173,5.0,0,0.0,,,PredHPA-r1,flash,335
0.0,0.0,0.0,150.51666666666668,120.0,0.075,1.0,170,0.0,0,0.0,,,PredHPA-r1,flash,336
0.0,0.0,0.0,140.8763888888889,120.0,0.075,1.0,131,0.0,0,0.0,,,PredHPA-r1,flash,337
0.0,0.0,0.0,128.98055555555555,120.0,0.075,1.0,168,0.0,0,0.0,,,PredHPA-r1,flash,338
0.0,0.0,0.0,148.78055555555557,120.0,0.075,1.0,108,0.0,0,0.0,,,PredHPA-r1,flash,339
0.0,0.0,0.0,125.34583333333333,120.0,0.075,1.0,1040,0.0,10,0.0,,,ARC,flash,300
30.0,0.6242968094893997,0.0,116.91527777777777,120.0,0.075,0.032635719383642015,905,30.0,10,0.0,,,ARC,flash,301
0.0,0.0,0.0,107.23611111111111,120.0,0.075,1.0,759,0.0,10,0.0,,,ARC,flash,302
0.0,0.0009300634521092199,0.0,121.78611111111111,120.0,0.075,0.99576719656405,925,0.0,10,0.0,,,ARC,flash,303
25.0,0.355140129658138,0.0,127.1138888888889,120.0,0.075,0.05965262034260611,913,0.0,9,0.0,,,ARC,flash,304
0.0,0.010073262312126907,0.0,117.29027777777777,120.0,0.075,0.9823968328120212,997,0.0,10,0.0,,,ARC,flash,305
15.0,0.5771307155146399,0.0,120.57777777777778,120.0,0.075,0.06496524448992208,1026,15.0,10,0.0,,,ARC,flash,306
0.0,0.0,0.0,114.85972222222222,120.0,0.075,1.0,905,0.0,10,0.0,,,ARC,flash,307
0.0,0.0,0.0,106.70277777777778,120.0,0.075,1.0,741,0.0,10,0.0,,,ARC,flash,308
40.0,1.211388822342463,0.0,119.40138888888889,120.0,0.075,0.006509272715874713,906,30.0,10,0.0,,,ARC,flash,309
50.0,0.4705739662967501,0.0,115.79166666666667,120.0,0.075,0.03911654419392517,828,0.0,10,0.0,,,ARC,flash,310
0.0,0.02893713575448098,0.0,120.3861111111111,120.0,0.075,0.950599146451453,1045,0.0,9,0.0,,,ARC,flash,311
20.0,0.8461132115527126,0.0,121.14027777777778,120.0,0.075,0.031775675521724736,985,20.0,10,0.0,,,ARC,flash,312
0.0,4.792272043641077e-05,0.0,113.33611111111111,120.0,0.075,0.9998039681287192,866,0.0,10,0.0,,,ARC,flash,313
0.0,0.00574388355728539,0.0,99.05416666666666,120.0,0.075,0.9721979902986235,642,0.0,10,0.0,,,ARC,flash,314
10.0,0.1788966714646123,0.0,128.60694444444445,120.0,0.075,0.063331207324852,943,0.0,10,0.0,,,ARC,flash,315
15.0,0.17263531243115748,0.0,123.41666666666667,120.0,0.075,0.218439426038603,934,0.0,9,0.0,,,ARC,flash,316
0.0,0.01532033093782914,0.0,113.70555555555555,120.0,0.075,0.9723227609315627,957,0.0,9,0.0,,,ARC,flash,317
0.0,0.0054030869096832745,0.0,124.58055555555555,120.0,0.075,0.9764461893840986,927,0.0,10,0.0,,,ARC,flash,318
15.0,0.3340280359058423,0.0,121.3125,120.0,0.075,0.24025339340041874,996,15.0,10,5.0,,,ARC,flash,319
0.0,0.009487255501272607,0.0,102.76666666666667,120.0,0.075,0.9612150741841635,748,0.0,10,0.0,,,ARC,flash,320
0.0,0.0,0.0,126.80277777777778,120.0,0.075,1.0,903,0.0,10,0.0,,,ARC,flash,321
35.0,0.2954562326499266,0.0,120.93611111111112,120.0,0.075,0.15932542773110758,859,5.0,9,0.0,,,ARC,flash,322
20.0,0.7664745271024231,0.0,124.71805555555555,120.0,0.07500000000000007,0.046417411320035254,974,20.0,10,0.0,,,ARC,flash,323
0.0,0.0,0.0,125.18472222222222,120.0,0.075,1.0,1017,0.0,10,0.0,,,ARC,flash,324
30.0,0.5742165921405196,0.0,114.95277777777778,120.0,0.075,0.20737958933894485,968,35.0,10,0.0,,,ARC,flash,325
0.0,0.0,0.0,105.78194444444445,120.0,0.075,1.0,771,0.0,10,0.0,,,ARC,flash,326
0.0,0.0,0.0,128.85833333333332,120.0,0.075,1.0,979,0.0,10,0.0,,,ARC,flash,327
30.0,0.26105771890888585,0.0,119.9,120.0,0.075,0.030183439434493246,888,0.0,10,0.0,,,ARC,flash,328
5.0,0.05130339702417164,0.0,122.59305555555555,120.0,0.075,0.9212933990156229,930,5.0,9,0.0,,,ARC,flash,329
0.0,0.0,0.0,124.18611111111112,120.0,0.075,1.0,1010,0.0,10,0.0,,,ARC,flash,330
0.0,0.0,0.0,111.95,120.0,0.075,1.0,836,0.0,10,0.0,,,ARC,flash,331
0.0,0.00044394340990017156,0.0,103.1138888888889,120.0,0.075,0.9982541083136978,673,0.0,10,0.0,,,ARC,flash,332
0.0,0.0,0.0,126.75694444444444,120.0,0.075,1.0,936,0.0,10,0.0,,,ARC,flash,333
45.0,0.5564068305175196,0.0,117.79027777777777,120.0,0.075,0.059496249897234656,927,0.0,10,0.0,,,ARC,flash,334
0.0,0.0,0.0,123.50416666666666,120.0,0.075,1.0,1032,0.0,10,0.0,,,ARC,flash,335
0.0,0.0,0.0,121.26527777777778,120.0,0.075,1.0,953,0.0,9,0.0,,,ARC,flash,336
10.0,0.06529277041356085,0.0,117.14444444444445,120.0,0.075,0.878731137190611,919,10.0,10,0.0,,,ARC,flash,337
0.0,0.0,0.0,101.71111111111111,120.0,0.075,1.0,680,0.0,10,0.0,,,ARC,flash,338
5.0,0.014512865164684197,0.0,115.65694444444445,120.0,0.075,0.9118099585349496,886,0.0,11,0.0,,,ARC,flash,339
0.0,0.0,0.0,124.51666666666667,120.0,0.075,1.0,1028,0.0,10,0.0,,,ARC-r0,flash,300
25.0,0.5647738302962391,0.0,116.89861111111111,120.0,0.075,0.032635719383642015,907,25.0,10,0.0,,,ARC-r0,flash,301
0.0,0.0,0.0,107.23611111111111,120.0,0.075,1.0,759,0.0,10,0.0,,,ARC-r0,flash,302
0.0,0.0009300634521092199,0.0,121.78611111111111,120.0,0.075,0.99576719656405,925,0.0,10,0.0,,,ARC-r0,flash,303
25.0,0.3149330391721272,0.0,127.1138888888889,120.0,0.075,0.09808520410238077,913,0.0,9,0.0,,,ARC-r0,flash,304
0.0,0.010073262312126907,0.0,117.29027777777777,120.0,0.075,0.9823968328120212,997,0.0,10,0.0,,,ARC-r0,flash,305
15.0,0.4399895015340771,0.0,120.57777777777778,120.0,0.075,0.32433625462751686,1025,15.0,10,0.0,,,ARC-r0,flash,306
0.0,0.0,0.0,114.85972222222222,120.0,0.075,1.0,905,0.0,10,0.0,,,ARC-r0,flash,307
0.0,0.0,0.0,106.70277777777778,120.0,0.075,1.0,741,0.0,10,0.0,,,ARC-r0,flash,308
40.0,1.1279442718196808,0.0,119.62916666666666,120.0,0.075,0.006509272715874713,905,30.0,10,0.0,,,ARC-r0,flash,309
40.0,0.45003607271428825,0.0,115.79166666666667,120.0,0.075,0.03911654419392517,828,0.0,10,0.0,,,ARC-r0,flash,310
0.0,0.02893713575448098,0.0,120.3861111111111,120.0,0.075,0.950599146451453,1045,0.0,9,0.0,,,ARC-r0,flash,311
20.0,0.8461132115527126,0.0,121.14027777777778,120.0,0.075,0.031775675521724736,985,20.0,10,0.0,,,ARC-r0,flash,312
0.0,4.792272043641077e-05,0.0,113.33611111111111,120.0,0.075,0.9998039681287192,866,0.0,10,0.0,,,ARC-r0,flash,313
0.0,0.00574388355728539,0.0,99.05416666666666,120.0,0.075,0.9721979902986235,642,0.0,10,0.0,,,ARC-r0,flash,314
10.0,0.13613416337644457,0.0,128.60694444444445,120.0,0.075,0.30960243635376083,943,0.0,10,0.0,,,ARC-r0,flash,315
10.0,0.10701598155071768,0.0,123.66666666666667,120.0,0.075,0.2535451641244942,931,0.0,9,0.0,,,ARC-r0,flash,316
0.0,0.01532033093782914,0.0,113.70555555555555,120.0,0.075,0.9723227609315627,957,0.0,9,0.0,,,ARC-r0,flash,317
0.0,0.0,0.0,123.32083333333334,120.0,0.075,1.0,906,0.0,10,0.0,,,ARC-r0,flash,318
10.0,0.3242964006874294,0.0,121.3125,120.0,0.075,0.24025339340041874,997,10.0,10,5.0,,,ARC-r0,flash,319
0.0,0.009487255501272607,0.0,102.76666666666667,120.0,0.075,0.9612150741841635,748,0.0,10,0.0,,,ARC-r0,flash,320
0.0,0.0,0.0,126.80277777777778,120.0,0.075,1.0,903,0.0,10,0.0,,,ARC-r0,flash,321
25.0,0.18085507134150136,0.0,121.01527777777778,120.0,0.075,0.15932542773110758,855,5.0,9,0.0,,,ARC-r0,flash,322
20.0,0.7661436414671985,0.0,124.71805555555555,120.0,0.07500000000000007,0.046417411320035254,974,20.0,10,0.0,,,ARC-r0,flash,323
0.0,0.0,0.0,125.18472222222222,120.0,0.075,1.0,1017,0.0,10,0.0,,,ARC-r0,flash,324
15.0,0.2325662015154606,0.0,115.80416666666666,120.0,0.075,0.3035051826808327,978,5.0,10,0.0,,,ARC-r0,flash,325
0.0,0.0,0.0,105.78194444444445,120.0,0.075,1.0,771,0.0,10,0.0,,,ARC-r0,flash,326
0.0,0.0,0.0,128.85833333333332,120.0,0.075,1.0,979,0.0,10,0.0,,,ARC-r0,flash,327
20.0,0.23338174355697072,0.0,119.91527777777777,120.0,0.075,0.114831879418647,889,0.0,10,0.0,,,ARC-r0,flash,328
5.0,0.04114213617583129,0.0,122.39444444444445,120.0,0.075,0.9212933990156229,939,5.0,9,0.0,,,ARC-r0,flash,329
0.0,0.0,0.0,124.18611111111112,120.0,0.075,1.0,1010,0.0,10,0.0,,,ARC-r0,flash,330
0.0,0.0,0.0,111.95,120.0,0.075,1.0,836,0.0,10,0.0,,,ARC-r0,flash,331
0.0,0.00044394340990017156,0.0,103.1138888888889,120.0,0.075,0.9982541083136978,673,0.0,10,0.0,,,ARC-r0,flash,332
0.0,0.0,0.0,126.75694444444444,120.0,0.075,1.0,936,0.0,10,0.0,,,ARC-r0,flash,333
55.0,0.5195801181545057,0.0,117.34166666666667,120.0,0.075,0.059496249897234656,957,0.0,10,0.0,,,ARC-r0,flash,334
0.0,0.0,0.0,123.50416666666666,120.0,0.075,1.0,1032,0.0,10,0.0,,,ARC-r0,flash,335
0.0,0.0,0.0,120.44166666666666,120.0,0.075,1.0,958,0.0,10,0.0,,,ARC-r0,flash,336
10.0,0.06529277041356085,0.0,117.14444444444445,120.0,0.075,0.878731137190611,919,10.0,10,0.0,,,ARC-r0,flash,337
0.0,0.0,0.0,101.71111111111111,120.0,0.075,1.0,680,0.0,10,0.0,,,ARC-r0,flash,338
5.0,0.014512865164684197,0.0,115.65694444444445,120.0,0.075,0.9118099585349496,886,0.0,11,0.0,,,ARC-r0,flash,339
0.0,0.0,0.0,125.34583333333333,120.0,0.075,1.0,1040,0.0,10,0.0,,,ARC-r1,flash,300
30.0,0.6050640884873282,0.0,116.91527777777777,120.0,0.075,0.032635719383642015,905,30.0,10,0.0,,,ARC-r1,flash,301
0.0,0.0,0.0,107.23611111111111,120.0,0.075,1.0,759,0.0,10,0.0,,,ARC-r1,flash,302
0.0,0.0009300634521092199,0.0,121.78611111111111,120.0,0.075,0.99576719656405,925,0.0,10,0.0,,,ARC-r1,flash,303
25.0,0.3546574906258204,0.0,127.1138888888889,120.0,0.075,0.059792442209769286,913,0.0,9,0.0,,,ARC-r1,flash,304
0.0,0.010073262312126907,0.0,117.29027777777777,120.0,0.075,0.9823968328120212,997,0.0,10,0.0,,,ARC-r1,flash,305
15.0,0.575468586234662,0.0,120.57777777777778,120.0,0.075,0.0673618144936361,1026,15.0,10,0.0,,,ARC-r1,flash,306
0.0,0.0,0.0,114.85972222222222,120.0,0.075,1.0,905,0.0,10,0.0,,,ARC-r1,flash,307
0.0,0.0,0.0,106.70277777777778,120.0,0.075,1.0,741,0.0,10,0.0,,,ARC-r1,flash,308
40.0,1.2059340916120154,0.0,119.44583333333334,120.0,0.075,0.006509272715874713,912,30.0,10,0.0,,,ARC-r1,flash,309
45.0,0.46639487351826103,0.0,115.79166666666667,120.0,0.075,0.03911654419392517,828,0.0,10,0.0,,,ARC-r1,flash,310
0.0,0.02893713575448098,0.0,120.3861111111111,120.0,0.075,0.950599146451453,1045,0.0,9,0.0,,,ARC-r1,flash,311
20.0,0.8461132115527126,0.0,121.14027777777778,120.0,0.075,0.031775675521724736,985,20.0,10,0.0,,,ARC-r1,flash,312
0.0,4.792272043641077e-05,0.0,113.33611111111111,120.0,0.075,0.9998039681287192,866,0.0,10,0.0,,,ARC-r1,flash,313
0.0,0.00574388355728539,0.0,99.05416666666666,120.0,0.075,0.9721979902986235,642,0.0,10,0.0,,,ARC-r1,flash,314
10.0,0.1760296557359764,0.0,128.60694444444445,120.0,0.075,0.07461770051191864,943,0.0,10,0.0,,,ARC-r1,flash,315
15.0,0.15926457607017275,0.0,123.41666666666667,120.0,0.075,0.24838788291097996,934,0.0,9,0.0,,,ARC-r1,flash,316
0.0,0.01532033093782914,0.0,113.70555555555555,120.0,0.075,0.9723227609315627,957,0.0,9,0.0,,,ARC-r1,flash,317
0.0,0.0054030869096832745,0.0,124.58055555555555,120.0,0.075,0.9764461893840986,927,0.0,10,0.0,,,ARC-r1,flash,318
15.0,0.3335641685427104,0.0,121.3125,120.0,0.075,0.24025339340041874,996,15.0,10,5.0,,,ARC-r1,flash,319
0.0,0.009487255501272607,0.0,102.76666666666667,120.0,0.075,0.9612150741841635,748,0.0,10,0.0,,,ARC-r1,flash,320
0.0,0.0,0.0,126.80277777777778,120.0,0.075,1.0,903,0.0,10,0.0,,,ARC-r1,flash,321
35.0,0.29045959127520504,0.0,120.93611111111112,120.0,0.075,0.15932542773110758,859,5.0,9,0.0,,,ARC-r1,flash,322
20.0,0.7664743939171048,0.0,124.71805555555555,120.0,0.07500000000000007,0.046417411320035254,974,20.0,10,0.0,,,ARC-r1,flash,323
0.0,0.0,0.0,125.18472222222222,120.0,0.075,1.0,1017,0.0,10,0.0,,,ARC-r1,flash,324
30.0,0.4917341708956524,0.0,116.53333333333333,120.0,0.075,0.32927850166496153,961,35.0,10,0.0,,,ARC-r1,flash,325
0.0,0.0,0.0,105.78194444444445,120.0,0.075,1.0,771,0.0,10,0.0,,,ARC-r1,flash,326
0.0,0.0,0.0,128.85833333333332,120.0,0.075,1.0,979,0.0,10,0.0,,,ARC-r1,flash,327
30.0,0.26105771890888585,0.0,119.9,120.0,0.075,0.030183439434493246,888,0.0,10,0.0,,,ARC-r1,flash,328
5.0,0.04877251880609501,0.0,122.59305555555555,120.0,0.075,0.9212933990156229,930,5.0,9,0.0,,,ARC-r1,flash,329
0.0,0.0,0.0,124.18611111111112,120.0,0.075,1.0,1010,0.0,10,0.0,,,ARC-r1,flash,330
0.0,0.0,0.0,111.95,120.0,0.075,1.0,836,0.0,10,0.0,,,ARC-r1,flash,331
0.0,0.00044394340990017156,0.0,103.1138888888889,120.0,0.075,0.9982541083136978,673,0.0,10,0.0,,,ARC-r1,flash,332
0.0,0.0,0.0,126.75694444444444,120.0,0.075,1.0,936,0.0,10,0.0,,,ARC-r1,flash,333
45.0,0.5563443577531579,0.0,117.79027777777777,120.0,0.075,0.059496249897234656,927,0.0,10,0.0,,,ARC-r1,flash,334
0.0,0.0,0.0,123.50416666666666,120.0,0.075,1.0,1032,0.0,10,0.0,,,ARC-r1,flash,335
0.0,0.0,0.0,121.26527777777778,120.0,0.075,1.0,953,0.0,9,0.0,,,ARC-r1,flash,336
10.0,0.06529277041356085,0.0,117.14444444444445,120.0,0.075,0.878731137190611,919,10.0,10,0.0,,,ARC-r1,flash,337
0.0,0.0,0.0,101.71111111111111,120.0,0.075,1.0,680,0.0,10,0.0,,,ARC-r1,flash,338
5.0,0.014512865164684197,0.0,115.65694444444445,120.0,0.075,0.9118099585349496,886,0.0,11,0.0,,,ARC-r1,flash,339
80.0,3.433729854555423,0.0,106.28333333333333,109.0,0.075,0.0016514256838150794,86,80.0,0,0.0,,,HPA-r0,flash_step,300
40.0,1.0512333460736434,0.0,98.12638888888888,95.0,0.075,0.003306161830892686,81,40.0,0,0.0,,,HPA-r0,flash_step,301
70.0,2.992244702197322,0.0,107.50694444444444,120.0,0.075,0.0024797345749291468,109,70.0,0,0.0,,,HPA-r0,flash_step,302
75.0,2.266711132768029,0.0,102.31527777777778,108.0,0.075,0.008308489125935693,90,10.0,0,0.0,,,HPA-r0,flash_step,303
95.0,3.95960808154715,0.0,104.32777777777778,120.0,0.075,0.0031592043344594468,117,90.0,0,0.0,,,HPA-r0,flash_step,304
80.0,2.962494156007689,0.0,106.39722222222223,120.0,0.075,0.00019797034121203506,138,75.0,0,0.0,,,HPA-r0,flash_step,305
80.0,2.3960565391978106,0.0,103.82777777777778,113.0,0.075,0.02033847514852033,102,80.0,0,0.0,,,HPA-r0,flash_step,306
30.0,0.97973388306003,0.0,94.6375,91.0,0.075,0.02605307813157573,84,25.0,0,0.0,,,HPA-r0,flash_step,307
70.0,2.963872786703392,0.0,107.26805555555555,120.0,0.075,0.0006556977594967517,113,70.0,0,0.0,,,HPA-r0,flash_step,308
35.0,0.35664544775732,0.0,102.77638888888889,109.0,0.075,0.48845647100725215,105,10.0,0,0.0,,,HPA-r0,flash_step,309
40.0,1.0591608798964258,0.0,101.00972222222222,119.0,0.075,0.002049689506585133,100,35.0,0,0.0,,,HPA-r0,flash_step,310
55.0,1.3782568390497074,0.0,105.37777777777778,120.0,0.075,0.01753785226495722,126,45.0,0,0.0,,,HPA-r0,flash_step,311
75.0,1.7646363158211886,0.0,106.4263888888889,112.0,0.075,0.005321808994879674,89,75.0,0,0.0,,,HPA-r0,flash_step,312
35.0,0.39592505202278305,0.0,97.7388888888889,94.0,0.075,0.19733690062865164,81,15.0,0,0.0,,,HPA-r0,flash_step,313
70.0,1.3624047918702642,0.0,103.3375,120.0,0.075,0.0706333724282933,119,10.0,0,0.0,,,HPA-r0,flash_step,314
60.0,1.7736288540165734,0.0,101.45416666666667,104.0,0.075,0.00918936230252308,92,75.0,0,0.0,,,HPA-r0,flash_step,315
95.0,4.612484977620723,0.0,103.5,120.0,0.075,0.00147799041262793,117,90.0,0,0.0,,,HPA-r0,flash_step,316
60.0,1.8072453469521021,0.0,105.17361111111111,120.0,0.075,0.004037493600945047,117,50.0,0,0.0,,,HPA-r0,flash_step,317
55.0,1.1934610057215078,0.0,101.70277777777778,100.0,0.07500000000000004,0.02411721566230374,81,40.0,0,0.0,,,HPA-r0,flash_step,318
75.0,3.2130540074093883,0.0,103.6361111111111,110.0,0.075,0.001184508356029915,99,75.0,0,0.0,,,HPA-r0,flash_step,319
65.0,3.0015201183008267,0.0,107.3638888888889,120.0,0.075,0.0006125271796171297,121,65.0,0,0.0,,,HPA-r0,flash_step,320
65.0,2.0093680859870733,0.0,100.25416666666666,101.0,0.075,0.0020046850702443485,72,65.0,0,0.0,,,HPA-r0,flash_step,321
90.0,3.2626529970263163,0.0,104.22222222222223,118.0,0.075,0.0006600985780177252,102,85.0,0,0.0,,,HPA-r0,flash_step,322
80.0,2.6854999023879,0.0,99.79166666666667,93.0,0.075,0.00026789928938917066,109,80.0,0,0.0,,,HPA-r0,flash_step,323
75.0,3.149754341840716,0.0,106.87361111111112,114.0,0.07500000000000007,0.000642456587599974,99,70.0,0,0.0,,,HPA-r0,flash_step,324
65.0,2.7882085674615364,0.0,99.52222222222223,100.0,0.075,0.0003063359801604796,96,65.0,0,0.0,,,HPA-r0,flash_step,325
70.0,2.998252715751115,0.0,107.14722222222223,120.0,0.075,0.0006579284172720859,122,70.0,0,0.0,,,HPA-r0,flash_step,326
50.0,1.6017112042605364,0.0,100.81944444444444,103.0,0.075,0.01304228035779851,93,50.0,0,0.0,,,HPA-r0,flash_step,327
65.0,1.3828989372717704,0.0,101.85416666666667,112.0,0.075,0.0006930563444340775,76,45.0,0,0.0,,,HPA-r0,flash_step,328
65.0,2.2450387105584113,0.0,106.15138888888889,120.0,0.075,0.0003706541121005657,126,65.0,0,0.0,,,HPA-r0,flash_step,329
65.0,2.19439067287015,0.0,102.82916666666667,103.0,0.075,0.0018341474742196793,73,65.0,0,0.0,,,HPA-r0,flash_step,330
35.0,0.4326761626206377,0.0,97.45138888888889,94.0,0.075,0.07958666055641644,80,25.0,0,0.0,,,HPA-r0,flash_step,331
35.0,0.8721115509335076,0.0,102.60694444444445,120.0,0.075,0.012557705808472135,124,25.0,0,0.0,,,HPA-r0,flash_step,332
45.0,1.1859786572196884,0.0,101.3638888888889,106.0,0.07500000000000007,0.020020481923214387,97,15.0,0,0.0,,,HPA-r0,flash_step,333
70.0,2.094041438155936,0.0,102.73611111111111,114.0,0.075,0.008712480746134775,88,60.0,0,0.0,,,HPA-r0,flash_step,334
95.0,4.183543152610126,0.0,105.95555555555555,120.0,0.07500000000000007,0.001095298815310297,125,95.0,0,0.0,,,HPA-r0,flash_step,335
45.0,1.5173457571438065,0.0,102.45138888888889,101.0,0.075,0.002409501841110632,93,45.0,0,0.0,,,HPA-r0,flash_step,336
40.0,0.902785636256942,0.0,99.93888888888888,98.0,0.07500000000000005,0.0752292289252914,105,15.0,0,0.0,,,HPA-r0,flash_step,337
60.0,2.3667719926816155,0.0,104.52222222222223,120.0,0.075,0.0008237099391401256,115,60.0,0,0.0,,,HPA-r0,flash_step,338
50.0,1.862114490834621,0.0,97.49166666666666,91.0,0.075,0.0031135545756025913,86,50.0,0,0.0,,,HPA-r0,flash_step,339
40.0,1.0806130252340562,0.0,102.96805555555555,120.0,0.075,0.03642508334791819,198,40.0,0,0.0,,,HPA-fast-r0,flash_step,300
35.0,1.1237283544737853,0.0,98.75833333333334,109.0,0.075,0.0004402349247246938,194,35.0,0,0.0,,,HPA-fast-r0,flash_step,301
40.0,1.440095096462335,0.0,93.85138888888889,120.0,0.075,0.014745161588250507,167,40.0,0,0.0,,,HPA-fast-r0,flash_step,302
10.0,0.03379504344828144,0.0,99.77361111111111,107.0,0.075,0.8773956932426356,199,10.0,0,0.0,,,HPA-fast-r0,flash_step,303
45.0,1.8845574901594775,0.0,100.525,120.0,0.075,0.004302868795103632,230,45.0,0,0.0,,,HPA-fast-r0,flash_step,304
40.0,1.1967325974356013,0.0,95.35694444444445,120.0,0.075,0.06692108207593553,248,40.0,0,0.0,,,HPA-fast-r0,flash_step,305
15.0,0.39601206847025283,0.0,102.39861111111111,120.0,0.075,0.1797064569038357,243,15.0,0,0.0,,,HPA-fast-r0,flash_step,306
20.0,0.6534172240872937,0.0,96.39027777777778,103.0,0.075,0.03578917224749323,146,20.0,0,0.0,,,HPA-fast-r0,flash_step,307
55.0,2.1355795053932813,0.0,94.5625,120.0,0.075,0.013750178163959318,171,50.0,0,0.0,,,HPA-fast-r0,flash_step,308
10.0,0.04238853352944716,0.0,100.19166666666666,111.0,0.075,0.8629349359211904,191,10.0,0,0.0,,,HPA-fast-r0,flash_step,309
30.0,0.7423564886130829,0.0,98.42916666666666,120.0,0.075,0.0231261977880955,226,30.0,0,0.0,,,HPA-fast-r0,flash_step,310
0.0,0.01878510750307205,0.0,97.70833333333333,120.0,0.075,0.9614370021440298,263,0.0,0,0.0,,,HPA-fast-r0,flash_step,311
5.0,0.021680955333513996,0.0,102.45694444444445,120.0,0.075,0.9143104689234611,226,5.0,0,0.0,,,HPA-fast-r0,flash_step,312
15.0,0.27397578639811737,0.0,97.3,109.0,0.075,0.19733690062865164,183,15.0,0,0.0,,,HPA-fast-r0,flash_step,313
10.0,0.3644108782761446,0.0,91.46805555555555,120.0,0.075,0.10157697704036694,164,10.0,0,0.0,,,HPA-fast-r0,flash_step,314
30.0,0.6074738291461101,0.0,99.91388888888889,110.0,0.075,0.034235898453671046,187,40.0,0,0.0,,,HPA-fast-r0,flash_step,315
60.0,2.4554851307222125,0.0,99.23055555555555,120.0,0.075,0.0007319020144669143,239,65.0,0,0.0,,,HPA-fast-r0,flash_step,316
25.0,0.8755916996558866,0.0,97.51944444444445,120.0,0.075,0.036101608665425576,225,25.0,0,0.0,,,HPA-fast-r0,flash_step,317
25.0,0.6541164303077496,0.0,101.46111111111111,120.0,0.075,0.03408795966264823,247,25.0,0,0.0,,,HPA-fast-r0,flash_step,318
70.0,2.767978367076729,0.0,99.57777777777778,118.0,0.075,0.00181972783393781,175,70.0,0,0.0,,,HPA-fast-r0,flash_step,319
45.0,1.7887742444019916,0.0,93.47916666666667,120.0,0.075,0.00730606752594471,172,45.0,0,0.0,,,HPA-fast-r0,flash_step,320
35.0,1.0331446020481971,0.0,100.20972222222223,109.0,0.075,0.022806030748042386,198,40.0,0,0.0,,,HPA-fast-r0,flash_step,321
55.0,1.588125297678744,0.0,100.79583333333333,120.0,0.075,0.032075844605894126,218,55.0,0,0.0,,,HPA-fast-r0,flash_step,322
65.0,1.8030149386958794,0.0,99.02777777777777,120.0,0.07500000000000004,0.0072860760252783955,218,70.0,0,0.0,,,HPA-fast-r0,flash_step,323
45.0,1.6256499689648374,0.0,103.16527777777777,120.0,0.075,0.0036367114570541675,223,45.0,0,0.0,,,HPA-fast-r0,flash_step,324
55.0,2.556162289928554,0.0,98.93333333333334,113.0,0.075,0.00032745123932754187,171,55.0,0,0.0,,,HPA-fast-r0,flash_step,325
50.0,1.9699581151816914,0.0,93.70694444444445,120.0,0.075,0.02282651362515236,166,50.0,0,0.0,,,HPA-fast-r0,flash_step,326
45.0,1.3211481945352155,0.0,99.4625,109.0,0.075,0.023323529861143215,200,45.0,0,0.0,,,HPA-fast-r0,flash_step,327
35.0,1.0480251151574582,0.0,100.3236111111111,120.0,0.075,0.017096353329119643,198,35.0,0,0.0,,,HPA-fast-r0,flash_step,328
40.0,1.2616790039874926,0.0,98.60972222222222,120.0,0.075,0.008817828865322463,241,40.0,0,0.0,,,HPA-fast-r0,flash_step,329
45.0,1.1076486994635482,0.0,101.425,120.0,0.075,0.09194892382348996,243,45.0,0,0.0,,,HPA-fast-r0,flash_step,330
20.0,0.20035320851565785,0.0,97.32777777777778,110.0,0.075,0.27945111754568686,148,20.0,0,0.0,,,HPA-fast-r0,flash_step,331
25.0,0.6312885280066904,0.0,91.80277777777778,120.0,0.075,0.03702087827861421,173,25.0,0,0.0,,,HPA-fast-r0,flash_step,332
10.0,0.21480592748238658,0.0,100.60138888888889,114.0,0.07500000000000007,0.2526812503436028,178,10.0,0,0.0,,,HPA-fast-r0,flash_step,333
45.0,1.4768612926787994,0.0,100.33055555555555,120.0,0.075,0.016341357634843193,220,45.0,0,0.0,,,HPA-fast-r0,flash_step,334
55.0,1.7338476062082053,0.0,98.85555555555555,120.0,0.075,0.004957755532618039,227,65.0,0,0.0,,,HPA-fast-r0,flash_step,335
30.0,1.0105003648252175,0.0,101.11527777777778,112.0,0.075,0.04118238300784575,209,30.0,0,0.0,,,HPA-fast-r0,flash_step,336
15.0,0.23952268713782754,0.0,96.84583333333333,109.0,0.075,0.1556550302209167,167,15.0,0,0.0,,,HPA-fast-r0,flash_step,337
45.0,1.780609512429998,0.0,93.03472222222223,120.0,0.075,0.02541097444335467,182,45.0,0,0.0,,,HPA-fast-r0,flash_step,338
40.0,1.6685424054707854,0.0,100.14027777777778,110.0,0.075,0.0007863916873152411,190,40.0,0,0.0,,,HPA-fast-r0,flash_step,339
50.0,1.9996630419711448,0.0,127.15833333333333,120.0,0.075,0.012197673352808192,113,50.0,0,0.0,,,HPA-45-r0,flash_step,300
20.0,0.6903389601106258,0.0,125.79305555555555,120.0,0.075,0.03723663372121741,86,20.0,0,0.0,,,HPA-45-r0,flash_step,301
10.0,0.0971694745392937,0.0,121.04444444444445,120.0,0.075,0.801958810174987,120,10.0,0,0.0,,,HPA-45-r0,flash_step,302
25.0,0.14307510354457653,0.0,124.90694444444445,120.0,0.075,0.7383331798975692,110,35.0,0,0.0,,,HPA-45-r0,flash_step,303
65.0,2.3842153137960787,0.0,118.55,120.0,0.075,0.0069934855314057595,123,65.0,0,0.0,,,HPA-45-r0,flash_step,304
25.0,0.689058055218783,0.0,121.94305555555556,120.0,0.075,0.1143528821422226,132,20.0,0,0.0,,,HPA-45-r0,flash_step,305
15.0,0.31996244433680765,0.0,124.99305555555556,120.0,0.075,0.275852549561419,120,15.0,0,0.0,,,HPA-45-r0,flash_step,306
20.0,0.6534172240872937,0.0,121.24305555555556,119.0,0.075,0.03578917224749323,96,20.0,0,0.0,,,HPA-45-r0,flash_step,307
45.0,2.0225254535268022,0.0,121.23333333333333,120.0,0.075,0.010211428482229138,126,45.0,0,0.0,,,HPA-45-r0,flash_step,308
0.0,0.0,0.0,127.03888888888889,120.0,0.075,1.0,123,0.0,0,0.0,,,HPA-45-r0,flash_step,309
15.0,0.08668026371106974,0.0,119.93333333333334,120.0,0.075,0.7278269974377559,114,15.0,0,0.0,,,HPA-45-r0,flash_step,310
0.0,0.004524404962247264,0.0,125.12361111111112,120.0,0.075,0.9921726679666197,137,0.0,0,0.0,,,HPA-45-r0,flash_step,311
0.0,0.007165727326940985,0.0,128.05,120.0,0.075,0.967496949285907,110,0.0,0,0.0,,,HPA-45-r0,flash_step,312
0.0,0.0,0.0,123.9263888888889,120.0,0.075,1.0,103,0.0,0,0.0,,,HPA-45-r0,flash_step,313
5.0,0.04765704579070551,0.0,119.04166666666667,120.0,0.075,0.87588557950453,119,5.0,0,0.0,,,HPA-45-r0,flash_step,314
5.0,0.03787299502843178,0.0,124.62916666666666,120.0,0.075,0.9072009683488511,104,5.0,0,0.0,,,HPA-45-r0,flash_step,315
55.0,2.499912400735693,0.0,118.11944444444444,120.0,0.075,0.0008686239831270252,123,55.0,0,0.0,,,HPA-45-r0,flash_step,316
35.0,1.12511225505334,0.0,125.19583333333334,120.0,0.075,0.030724581927796927,135,35.0,0,0.0,,,HPA-45-r0,flash_step,317
15.0,0.4541169893985342,0.0,126.05833333333334,120.0,0.075,0.08166015302961425,105,15.0,0,0.0,,,HPA-45-r0,flash_step,318
55.0,1.905995066038324,0.0,126.20138888888889,120.0,0.075,0.001939141862081635,116,55.0,0,0.0,,,HPA-45-r0,flash_step,319
45.0,1.872375536793791,0.0,121.14444444444445,120.0,0.075,0.034841574632707185,128,45.0,0,0.0,,,HPA-45-r0,flash_step,320
35.0,0.8153758206063899,0.0,126.39444444444445,120.0,0.075,0.15832461124558142,90,5.0,0,0.0,,,HPA-45-r0,flash_step,321
60.0,1.8765323366440323,0.0,119.56388888888888,120.0,0.075,0.0020167363062670615,110,60.0,0,0.0,,,HPA-45-r0,flash_step,322
45.0,1.0370628665887227,0.0,127.26527777777778,120.0,0.075,0.11236884641385454,121,35.0,0,0.0,,,HPA-45-r0,flash_step,323
45.0,1.4885771080297872,0.0,126.69027777777778,120.0,0.075,0.018631178329281354,109,45.0,0,0.0,,,HPA-45-r0,flash_step,324
55.0,2.4122375004461905,0.0,124.12638888888888,120.0,0.075,0.007703382618125401,116,55.0,0,0.0,,,HPA-45-r0,flash_step,325
35.0,1.4469677947595239,0.0,121.78055555555555,120.0,0.075,0.036536435112421536,134,35.0,0,0.0,,,HPA-45-r0,flash_step,326
30.0,0.2414984347030802,0.0,124.90833333333333,120.0,0.075,0.6793085392307935,105,45.0,0,0.0,,,HPA-45-r0,flash_step,327
10.0,0.038028969863013184,0.0,120.3875,120.0,0.075,0.9243880788650518,102,10.0,0,0.0,,,HPA-45-r0,flash_step,328
45.0,1.6899741475649988,0.0,125.1375,120.0,0.075,0.013143216151810074,122,45.0,0,0.0,,,HPA-45-r0,flash_step,329
25.0,0.793680525444107,0.0,126.34305555555555,120.0,0.075,0.02400911865156358,98,25.0,0,0.0,,,HPA-45-r0,flash_step,330
0.0,0.0,0.0,125.20416666666667,120.0,0.075,1.0,115,0.0,0,0.0,,,HPA-45-r0,flash_step,331
0.0,0.004215275923236117,0.0,119.70416666666667,120.0,0.075,0.9868717980283178,134,0.0,0,0.0,,,HPA-45-r0,flash_step,332
15.0,0.1542902589149575,0.0,124.57638888888889,120.0,0.075,0.5636050303955485,105,5.0,0,0.0,,,HPA-45-r0,flash_step,333
50.0,1.6425498565022068,0.0,121.37361111111112,120.0,0.075,0.027507511099916324,104,50.0,0,0.0,,,HPA-45-r0,flash_step,334
65.0,2.5311230259057904,0.0,126.4125,120.0,0.075,0.0003098272836949408,142,65.0,0,0.0,,,HPA-45-r0,flash_step,335
35.0,1.0519223131639777,0.0,126.99166666666666,120.0,0.075,0.04118238300784575,110,35.0,0,0.0,,,HPA-45-r0,flash_step,336
0.0,0.0,0.0,123.15555555555555,120.0,0.075,1.0,120,0.0,0,0.0,,,HPA-45-r0,flash_step,337
35.0,1.345242665646662,0.0,121.17361111111111,120.0,0.075,0.006753220475871208,122,35.0,0,0.0,,,HPA-45-r0,flash_step,338
35.0,1.5402161951292181,0.0,124.99305555555556,120.0,0.075,0.03316618099832398,103,35.0,0,0.0,,,HPA-45-r0,flash_step,339
0.0,0.010241659407805859,0.0,150.29166666666666,120.0,0.075,0.9693576472802512,137,0.0,0,0.0,,,PredHPA-r0,flash_step,300
0.0,0.0,0.0,144.10833333333332,120.0,0.075,1.0,100,0.0,0,0.0,,,PredHPA-r0,flash_step,301
0.0,0.0005471745783025561,0.0,130.35,120.0,0.075,0.9979599627453538,149,0.0,0,0.0,,,PredHPA-r0,flash_step,302
0.0,0.0,0.0,149.79722222222222,120.0,0.075,1.0,131,0.0,0,0.0,,,PredHPA-r0,flash_step,303
10.0,0.03904114366393152,0.0,147.86666666666667,120.0,0.075,0.9100376691670025,152,10.0,0,0.0,,,PredHPA-r0,flash_step,304
0.0,0.0010367170028446893,0.0,142.84166666666667,120.0,0.075,0.9981721133903058,171,0.0,0,0.0,,,PredHPA-r0,flash_step,305
0.0,0.0,0.0,149.9736111111111,120.0,0.075,1.0,141,0.0,0,0.0,,,PredHPA-r0,flash_step,306
0.0,0.0,0.0,142.9361111111111,120.0,0.075,1.0,109,0.0,0,0.0,,,PredHPA-r0,flash_step,307
15.0,0.2615825152512574,0.0,129.43194444444444,120.0,0.075,0.47249521240395637,133,15.0,0,0.0,,,PredHPA-r0,flash_step,308
0.0,0.0,0.0,151.7138888888889,120.0,0.075,1.0,121,0.0,0,0.0,,,PredHPA-r0,flash_step,309
0.0,0.0,0.0,150.74305555555554,120.0,0.075,1.0,162,0.0,0,0.0,,,PredHPA-r0,flash_step,310
0.0,0.007421482719083272,0.0,146.51527777777778,120.0,0.075,0.9871606520842012,172,0.0,0,0.0,,,PredHPA-r0,flash_step,311
0.0,0.0,0.0,151.64305555555555,120.0,0.075,1.0,129,0.0,0,0.0,,,PredHPA-r0,flash_step,312
0.0,0.0,0.0,143.03333333333333,120.0,0.075,1.0,133,0.0,0,0.0,,,PredHPA-r0,flash_step,313
0.0,0.0,0.0,130.68333333333334,120.0,0.075,1.0,144,0.0,0,0.0,,,PredHPA-r0,flash_step,314
0.0,0.0,0.0,148.15972222222223,120.0,0.075,1.0,112,0.0,0,0.0,,,PredHPA-r0,flash_step,315
25.0,0.6891367073303178,0.0,146.00694444444446,120.0,0.075,0.06969707674204391,149,5.0,0,0.0,,,PredHPA-r0,flash_step,316
30.0,0.8488987468799003,0.0,145.97083333333333,120.0,0.075,0.03377285634741579,149,30.0,0,0.0,,,PredHPA-r0,flash_step,317
0.0,0.0,0.0,150.65277777777777,120.0,0.075,1.0,133,0.0,0,0.0,,,PredHPA-r0,flash_step,318
0.0,0.0,0.0,142.26527777777778,120.0,0.075,1.0,124,0.0,0,0.0,,,PredHPA-r0,flash_step,319
10.0,0.036840079978306406,0.0,129.93472222222223,120.0,0.075,0.9241510732396322,137,10.0,0,0.0,,,PredHPA-r0,flash_step,320
0.0,0.0,0.0,147.64444444444445,120.0,0.075,1.0,112,0.0,0,0.0,,,PredHPA-r0,flash_step,321
0.0,0.0,0.0,148.0847222222222,120.0,0.075,1.0,160,0.0,0,0.0,,,PredHPA-r0,flash_step,322
0.0,0.0,0.0,150.09305555555557,120.0,0.075,1.0,138,0.0,0,0.0,,,PredHPA-r0,flash_step,323
0.0,0.0,0.0,149.80972222222223,120.0,0.075,1.0,140,0.0,0,0.0,,,PredHPA-r0,flash_step,324
15.0,0.27373446860076145,0.0,142.9763888888889,120.0,0.075,0.5318525092996919,124,15.0,0,0.0,,,PredHPA-r0,flash_step,325
10.0,0.11268332035463402,0.0,130.4611111111111,120.0,0.075,0.7517883637310322,132,10.0,0,0.0,,,PredHPA-r0,flash_step,326
0.0,0.0,0.0,149.8875,120.0,0.075,1.0,125,0.0,0,0.0,,,PredHPA-r0,flash_step,327
0.0,0.0,0.0,150.51111111111112,120.0,0.075,1.0,169,0.0,0,0.0,,,PredHPA-r0,flash_step,328
20.0,0.27942334824787585,0.0,146.94027777777777,120.0,0.075,0.38754485598679334,164,30.0,0,0.0,,,PredHPA-r0,flash_step,329
5.0,0.02999806777258529,0.0,150.94722222222222,120.0,0.075,0.9306981250667067,131,5.0,0,0.0,,,PredHPA-r0,flash_step,330
0.0,0.0,0.0,143.92361111111111,120.0,0.075,1.0,109,0.0,0,0.0,,,PredHPA-r0,flash_step,331
0.0,0.0,0.0,131.23333333333332,120.0,0.075,1.0,147,0.0,0,0.0,,,PredHPA-r0,flash_step,332
0.0,0.0006933287202692817,0.0,147.99027777777778,120.0,0.075,0.9972227643826234,86,0.0,0,0.0,,,PredHPA-r0,flash_step,333
15.0,0.3025328075424327,0.0,149.60833333333332,120.0,0.075,0.26741191879561466,155,15.0,0,0.0,,,PredHPA-r0,flash_step,334
15.0,0.16584681576566895,0.0,150.775,120.0,0.075,0.6549044994685526,152,15.0,0,0.0,,,PredHPA-r0,flash_step,335
0.0,0.0,0.0,152.8736111111111,120.0,0.075,1.0,148,0.0,0,0.0,,,PredHPA-r0,flash_step,336
0.0,0.0,0.0,141.2111111111111,120.0,0.075,1.0,133,0.0,0,0.0,,,PredHPA-r0,flash_step,337
5.0,0.018602360533237494,0.0,129.60555555555555,120.0,0.075,0.9370949219593656,147,5.0,0,0.0,,,PredHPA-r0,flash_step,338
5.0,0.029018774141642556,0.0,151.0263888888889,120.0,0.075,0.9363899723202573,90,5.0,0,0.0,,,PredHPA-r0,flash_step,339
0.0,0.010241659407805859,0.0,150.29583333333332,120.0,0.075,0.9693576472802512,137,0.0,0,0.0,,,PredHPA-r1,flash_step,300
0.0,0.0,0.0,144.10833333333332,120.0,0.075,1.0,100,0.0,0,0.0,,,PredHPA-r1,flash_step,301
0.0,0.0005471745783025561,0.0,130.35,120.0,0.075,0.9979599627453538,149,0.0,0,0.0,,,PredHPA-r1,flash_step,302
0.0,0.0,0.0,149.79722222222222,120.0,0.075,1.0,131,0.0,0,0.0,,,PredHPA-r1,flash_step,303
10.0,0.03904114366393152,0.0,147.86666666666667,120.0,0.075,0.9100376691670025,152,10.0,0,0.0,,,PredHPA-r1,flash_step,304
0.0,0.0010367170028446893,0.0,142.84166666666667,120.0,0.075,0.9981721133903058,171,0.0,0,0.0,,,PredHPA-r1,flash_step,305
0.0,0.0,0.0,149.9736111111111,120.0,0.075,1.0,141,0.0,0,0.0,,,PredHPA-r1,flash_step,306
0.0,0.0,0.0,142.9361111111111,120.0,0.075,1.0,110,0.0,0,0.0,,,PredHPA-r1,flash_step,307
15.0,0.3154167598079516,0.0,129.43194444444444,120.0,0.075,0.3959122306629787,135,15.0,0,0.0,,,PredHPA-r1,flash_step,308
0.0,0.0,0.0,151.7138888888889,120.0,0.075,1.0,121,0.0,0,0.0,,,PredHPA-r1,flash_step,309
0.0,0.0,0.0,150.53472222222223,120.0,0.075,1.0,158,0.0,0,0.0,,,PredHPA-r1,flash_step,310
0.0,0.007421482719083272,0.0,146.51527777777778,120.0,0.075,0.9871606520842012,172,0.0,0,0.0,,,PredHPA-r1,flash_step,311
0.0,0.0,0.0,153.85,120.0,0.075,1.0,146,0.0,0,0.0,,,PredHPA-r1,flash_step,312
0.0,0.0,0.0,142.9,120.0,0.075,1.0,130,0.0,0,0.0,,,PredHPA-r1,flash_step,313
0.0,0.0,0.0,130.68333333333334,120.0,0.075,1.0,144,0.0,0,0.0,,,PredHPA-r1,flash_step,314
0.0,0.0,0.0,148.15972222222223,120.0,0.075,1.0,112,0.0,0,0.0,,,PredHPA-r1,flash_step,315
95.0,3.7002302064074732,0.0,145.67361111111111,120.0,0.075,0.00015428672067308645,161,95.0,0,0.0,,,PredHPA-r1,flash_step,316
45.0,1.6104107367056586,0.0,145.95416666666668,120.0,0.075,0.007383240721839862,148,45.0,0,0.0,,,PredHPA-r1,flash_step,317
0.0,0.0,0.0,150.65277777777777,120.0,0.075,1.0,133,0.0,0,0.0,,,PredHPA-r1,flash_step,318
0.0,0.0,0.0,142.26527777777778,120.0,0.075,1.0,124,0.0,0,0.0,,,PredHPA-r1,flash_step,319
10.0,0.038762722995289156,0.0,129.93472222222223,120.0,0.075,0.9241510732396322,134,10.0,0,0.0,,,PredHPA-r1,flash_step,320
0.0,0.0,0.0,147.64444444444445,120.0,0.075,1.0,112,0.0,0,0.0,,,PredHPA-r1,flash_step,321
0.0,0.0,0.0,148.0847222222222,120.0,0.075,1.0,160,0.0,0,0.0,,,PredHPA-r1,flash_step,322
0.0,0.0,0.0,150.09305555555557,120.0,0.075,1.0,139,0.0,0,0.0,,,PredHPA-r1,flash_step,323
0.0,0.0,0.0,149.80972222222223,120.0,0.075,1.0,140,0.0,0,0.0,,,PredHPA-r1,flash_step,324
25.0,0.9446140420868221,0.0,140.98333333333332,120.0,0.075,0.051620653346640503,122,25.0,0,0.0,,,PredHPA-r1,flash_step,325
15.0,0.12866426737753178,0.0,130.4611111111111,120.0,0.075,0.7193612092129041,132,15.0,0,0.0,,,PredHPA-r1,flash_step,326
0.0,0.0,0.0,149.8875,120.0,0.075,1.0,125,0.0,0,0.0,,,PredHPA-r1,flash_step,327
0.0,0.0,0.0,150.51111111111112,120.0,0.075,1.0,169,0.0,0,0.0,,,PredHPA-r1,flash_step,328
45.0,1.6631949104315202,0.0,146.93194444444444,120.0,0.075,0.002630939670445325,162,45.0,0,0.0,,,PredHPA-r1,flash_step,329
5.0,0.02999806777258529,0.0,150.94722222222222,120.0,0.075,0.9306981250667067,131,5.0,0,0.0,,,PredHPA-r1,flash_step,330
0.0,0.0,0.0,143.92361111111111,120.0,0.075,1.0,109,0.0,0,0.0,,,PredHPA-r1,flash_step,331
0.0,0.0,0.0,131.23333333333332,120.0,0.075,1.0,147,0.0,0,0.0,,,PredHPA-r1,flash_step,332
0.0,0.0006933287202692817,0.0,147.99027777777778,120.0,0.075,0.9972227643826234,86,0.0,0,0.0,,,PredHPA-r1,flash_step,333
35.0,0.761382505699959,0.0,149.86388888888888,120.0,0.075,0.04560596451141393,156,35.0,0,0.0,,,PredHPA-r1,flash_step,334
15.0,0.17632217415991525,0.0,152.01944444444445,120.0,0.075,0.6549044994685526,158,15.0,0,0.0,,,PredHPA-r1,flash_step,335
0.0,0.0,0.0,152.8736111111111,120.0,0.075,1.0,148,0.0,0,0.0,,,PredHPA-r1,flash_step,336
0.0,0.0,0.0,141.2111111111111,120.0,0.075,1.0,133,0.0,0,0.0,,,PredHPA-r1,flash_step,337
5.0,0.023544474708903085,0.0,129.60555555555555,120.0,0.075,0.9370949219593656,146,5.0,0,0.0,,,PredHPA-r1,flash_step,338
5.0,0.03452712029241578,0.0,151.0263888888889,120.0,0.075,0.9363899723202573,94,5.0,0,0.0,,,PredHPA-r1,flash_step,339
35.0,1.361374606149801,0.0,127.98611111111111,120.0,0.075,0.03285728543468398,1023,35.0,10,0.0,,,ARC,flash_step,300
35.0,1.1012247697432143,0.0,119.21666666666667,120.0,0.075,0.022291929650664132,912,35.0,10,0.0,,,ARC,flash_step,301
35.0,1.1287292853314423,0.0,109.0513888888889,120.0,0.075,0.0015162195696784714,706,35.0,10,0.0,,,ARC,flash_step,302
0.0,0.0,0.0,122.81805555555556,120.0,0.075,1.0,910,0.0,10,0.0,,,ARC,flash_step,303
45.0,1.3615673271372586,0.0,129.00833333333333,120.0,0.075,0.0034830569539346153,886,30.0,9,5.0,,,ARC,flash_step,304
0.0,0.009983935891377804,0.0,117.82083333333334,120.0,0.075,0.9823968328120212,977,0.0,10,0.0,,,ARC,flash_step,305
5.0,0.027194079494241574,0.0,119.69444444444444,120.0,0.075,0.8881991516011558,969,5.0,10,0.0,,,ARC,flash_step,306
20.0,0.35355146419936423,0.0,117.4486111111111,120.0,0.075,0.21929501826534445,884,20.0,10,0.0,,,ARC,flash_step,307
40.0,1.518616406642348,0.0,108.61666666666666,120.0,0.075,0.013016741045533967,683,40.0,10,0.0,,,ARC,flash_step,308
20.0,0.10423126207255162,0.0,120.36111111111111,120.0,0.075,0.5864207578927345,896,10.0,10,0.0,,,ARC,flash_step,309
60.0,0.6105966515786543,0.0,117.70138888888889,120.0,0.075,0.03911654419392517,830,15.0,10,0.0,,,ARC,flash_step,310
0.0,0.02855500009210088,0.0,121.27777777777777,120.0,0.075,0.950599146451453,1006,0.0,9,0.0,,,ARC,flash_step,311
0.0,0.0,0.0,120.91666666666667,120.0,0.075,1.0,998,0.0,10,0.0,,,ARC,flash_step,312
0.0,0.006329873556776278,0.0,113.6763888888889,120.0,0.075,0.965092142105777,858,0.0,10,0.0,,,ARC,flash_step,313
5.0,0.040815079138634136,0.0,99.87083333333334,120.0,0.075,0.8334228167803731,629,5.0,10,0.0,,,ARC,flash_step,314
10.0,0.17645050791026407,0.0,130.02916666666667,120.0,0.075,0.063331207324852,888,0.0,10,0.0,,,ARC,flash_step,315
25.0,0.2269609120590932,0.0,123.87361111111112,120.0,0.075,0.218439426038603,905,10.0,9,0.0,,,ARC,flash_step,316
15.0,0.14412636268272827,0.0,115.28194444444445,120.0,0.075,0.8348378277148555,960,10.0,9,0.0,,,ARC,flash_step,317
10.0,0.034329184946046976,0.0,125.8875,120.0,0.075,0.9143390580312735,895,10.0,10,0.0,,,ARC,flash_step,318
40.0,1.4132038103505828,0.0,120.12777777777778,120.0,0.075,0.013601257960586689,967,40.0,11,40.0,,,ARC,flash_step,319
30.0,1.293910390031583,0.0,104.94444444444444,120.0,0.075,0.032662945726237944,726,30.0,9,0.0,,,ARC,flash_step,320
0.0,0.0,0.0,128.23472222222222,120.0,0.075,1.0,879,0.0,10,0.0,,,ARC,flash_step,321
45.0,0.7478820891588911,0.0,122.03888888888889,120.0,0.075,0.01680715098153379,837,25.0,9,5.0,,,ARC,flash_step,322
10.0,0.036663815462223415,0.0,123.95833333333333,120.0,0.075,0.8852120074388596,969,10.0,10,0.0,,,ARC,flash_step,323
10.0,0.04430631982752509,0.0,126.0625,120.0,0.075,0.8887478563482014,1004,10.0,10,0.0,,,ARC,flash_step,324
30.0,1.0578995662100077,0.0,115.89305555555555,120.0,0.075,0.010475478750823046,926,35.0,11,15.0,,,ARC,flash_step,325
35.0,1.5286420467382045,0.0,107.95416666666667,120.0,0.075,0.006223611680653637,718,35.0,10,0.0,,,ARC,flash_step,326
0.0,0.0,0.0,130.48194444444445,120.0,0.075,1.0,969,0.0,10,0.0,,,ARC,flash_step,327
25.0,0.14789816904768882,0.0,121.56388888888888,120.0,0.075,0.4563875345546432,907,0.0,9,0.0,,,ARC,flash_step,328
10.0,0.08478988178222124,0.0,122.72361111111111,120.0,0.075,0.9212933990156229,915,10.0,9,0.0,,,ARC,flash_step,329
5.0,0.004808722480953431,0.0,124.15833333333333,120.0,0.075,0.9499559063103838,1028,5.0,10,5.0,,,ARC,flash_step,330
0.0,0.0,0.0,114.95555555555555,120.0,0.075,1.0,877,0.0,10,0.0,,,ARC,flash_step,331
15.0,0.12827721613563048,0.0,105.275,120.0,0.075,0.6637942999841681,651,20.0,10,15.0,,,ARC,flash_step,332
15.0,0.44196004413300516,0.0,129.18194444444444,120.0,0.075,0.03663575228887917,973,15.0,10,0.0,,,ARC,flash_step,333
65.0,1.1949667120327745,0.0,122.71111111111111,120.0,0.075,0.027507511099916324,972,30.0,9,0.0,,,ARC,flash_step,334
0.0,0.01941856758721494,0.0,125.14305555555555,120.0,0.075,0.9589683865177698,1005,0.0,9,0.0,,,ARC,flash_step,335
10.0,0.06552823857496337,0.0,122.64583333333333,120.0,0.075,0.8417064136012223,974,10.0,9,0.0,,,ARC,flash_step,336
10.0,0.12341256147501145,0.0,120.25833333333334,120.0,0.075,0.43603543374042786,896,10.0,10,0.0,,,ARC,flash_step,337
30.0,1.3983676242782184,0.0,103.68611111111112,120.0,0.075,0.0007504626097891482,679,30.0,9,0.0,,,ARC,flash_step,338
40.0,1.3122218030866772,0.0,119.9375,120.0,0.075,0.016129971878479536,867,35.0,10,0.0,,,ARC,flash_step,339
35.0,1.217040919347978,0.0,126.04722222222222,120.0,0.075,0.014248445201147257,1035,35.0,10,0.0,,,ARC-r0,flash_step,300
35.0,1.0704487482972258,0.0,119.21666666666667,120.0,0.075,0.022291929650664132,912,35.0,10,0.0,,,ARC-r0,flash_step,301
30.0,1.0828908124322023,0.0,109.0513888888889,120.0,0.075,0.014745161588250507,706,30.0,10,0.0,,,ARC-r0,flash_step,302
0.0,0.0,0.0,122.81805555555556,120.0,0.075,1.0,910,0.0,10,0.0,,,ARC-r0,flash_step,303
60.0,1.354347083418883,0.0,130.10833333333332,120.0,0.075,0.044848901393107383,862,30.0,9,5.0,,,ARC-r0,flash_step,304
0.0,0.009983935891377804,0.0,117.82083333333334,120.0,0.075,0.9823968328120212,977,0.0,10,0.0,,,ARC-r0,flash_step,305
5.0,0.027194079494241574,0.0,119.69444444444444,120.0,0.075,0.8881991516011558,968,5.0,10,0.0,,,ARC-r0,flash_step,306
20.0,0.35355146419936423,0.0,117.4486111111111,120.0,0.075,0.21929501826534445,884,20.0,10,0.0,,,ARC-r0,flash_step,307
40.0,1.4702563377163136,0.0,108.61666666666666,120.0,0.075,0.022860110339046,683,40.0,10,0.0,,,ARC-r0,flash_step,308
20.0,0.04915423752724912,0.0,120.73055555555555,120.0,0.075,0.8812330424252035,898,10.0,10,0.0,,,ARC-r0,flash_step,309
60.0,0.5793438440287457,0.0,117.70138888888889,120.0,0.075,0.03911654419392517,830,15.0,10,0.0,,,ARC-r0,flash_step,310
0.0,0.02855500009210088,0.0,121.27777777777777,120.0,0.075,0.950599146451453,1006,0.0,9,0.0,,,ARC-r0,flash_step,311
0.0,0.0,0.0,120.91666666666667,120.0,0.075,1.0,998,0.0,10,0.0,,,ARC-r0,flash_step,312
0.0,0.006329873556776278,0.0,113.6763888888889,120.0,0.075,0.965092142105777,858,0.0,10,0.0,,,ARC-r0,flash_step,313
5.0,0.040815079138634136,0.0,99.87083333333334,120.0,0.075,0.8334228167803731,629,5.0,10,0.0,,,ARC-r0,flash_step,314
10.0,0.13427271773729377,0.0,130.02916666666667,120.0,0.075,0.30960243635376083,888,0.0,10,0.0,,,ARC-r0,flash_step,315
15.0,0.1479462702666079,0.0,124.12361111111112,120.0,0.075,0.2535451641244942,902,5.0,9,0.0,,,ARC-r0,flash_step,316
15.0,0.11685146443640715,0.0,115.28194444444445,120.0,0.075,0.8348378277148555,960,10.0,9,0.0,,,ARC-r0,flash_step,317
10.0,0.034329184946046976,0.0,124.87777777777778,120.0,0.075,0.9143390580312735,877,10.0,10,0.0,,,ARC-r0,flash_step,318
40.0,1.3609741310666945,0.0,120.12777777777778,120.0,0.075,0.03369881307096989,966,40.0,11,40.0,,,ARC-r0,flash_step,319
30.0,1.293910390031583,0.0,104.94444444444444,120.0,0.075,0.032662945726237944,726,30.0,9,0.0,,,ARC-r0,flash_step,320
0.0,0.0,0.0,128.23472222222222,120.0,0.075,1.0,879,0.0,10,0.0,,,ARC-r0,flash_step,321
40.0,0.5612956510611111,0.0,122.03888888888889,120.0,0.075,0.1390592274325875,837,20.0,9,5.0,,,ARC-r0,flash_step,322
10.0,0.036663815462223415,0.0,123.95833333333333,120.0,0.075,0.8852120074388596,969,10.0,10,0.0,,,ARC-r0,flash_step,323
10.0,0.04430631982752509,0.0,126.0625,120.0,0.075,0.8887478563482014,1004,10.0,10,0.0,,,ARC-r0,flash_step,324
30.0,1.026575827143883,0.0,115.89305555555555,120.0,0.075,0.032817254161978796,926,35.0,11,15.0,,,ARC-r0,flash_step,325
35.0,1.4887544115456786,0.0,107.95416666666667,120.0,0.075,0.020011844588274944,718,35.0,10,0.0,,,ARC-r0,flash_step,326
0.0,0.0,0.0,130.48194444444445,120.0,0.075,1.0,969,0.0,10,0.0,,,ARC-r0,flash_step,327
15.0,0.1238090817110904,0.0,121.61805555555556,120.0,0.075,0.4563875345546432,908,0.0,9,0.0,,,ARC-r0,flash_step,328
5.0,0.04819324275081582,0.0,122.81388888888888,120.0,0.075,0.9212933990156229,937,5.0,9,0.0,,,ARC-r0,flash_step,329
5.0,0.004808722480953431,0.0,124.15833333333333,120.0,0.075,0.9499559063103838,1028,5.0,10,5.0,,,ARC-r0,flash_step,330
0.0,0.0,0.0,114.95555555555555,120.0,0.075,1.0,877,0.0,10,0.0,,,ARC-r0,flash_step,331
15.0,0.12827721613563048,0.0,105.27361111111111,120.0,0.075,0.6637942999841681,651,20.0,10,15.0,,,ARC-r0,flash_step,332
15.0,0.4402454842260761,0.0,129.4388888888889,120.0,0.075,0.04860380655033412,978,15.0,10,0.0,,,ARC-r0,flash_step,333
85.0,1.4574929954098481,0.0,120.69583333333334,120.0,0.075,0.027507511099916324,953,30.0,10,0.0,,,ARC-r0,flash_step,334
0.0,0.01941856758721494,0.0,125.14305555555555,120.0,0.075,0.9589683865177698,1005,0.0,9,0.0,,,ARC-r0,flash_step,335
5.0,0.04459039556754529,0.0,122.05277777777778,120.0,0.075,0.8417064136012223,997,5.0,10,0.0,,,ARC-r0,flash_step,336
10.0,0.12341256147501145,0.0,120.25833333333334,120.0,0.075,0.43603543374042786,896,10.0,10,0.0,,,ARC-r0,flash_step,337
30.0,1.3566588008680602,0.0,103.68611111111112,120.0,0.075,0.004557344688349635,679,30.0,9,0.0,,,ARC-r0,flash_step,338
35.0,0.9897114718009914,0.0,119.9375,120.0,0.075,0.03647725443661182,870,30.0,10,0.0,,,ARC-r0,flash_step,339
35.0,1.361374606149801,0.0,127.98611111111111,120.0,0.075,0.03285728543468398,1023,35.0,10,0.0,,,ARC-r1,flash_step,300
35.0,1.099622448719506,0.0,119.21666666666667,120.0,0.075,0.022291929650664132,912,35.0,10,0.0,,,ARC-r1,flash_step,301
35.0,1.1279082472291257,0.0,109.0513888888889,120.0,0.075,0.0015621515790270187,706,35.0,10,0.0,,,ARC-r1,flash_step,302
0.0,0.0,0.0,122.81805555555556,120.0,0.075,1.0,910,0.0,10,0.0,,,ARC-r1,flash_step,303
45.0,1.3694550058050425,0.0,129.00833333333333,120.0,0.075,0.0020879653599200115,886,30.0,9,5.0,,,ARC-r1,flash_step,304
0.0,0.009983935891377804,0.0,117.82083333333334,120.0,0.075,0.9823968328120212,977,0.0,10,0.0,,,ARC-r1,flash_step,305
5.0,0.027194079494241574,0.0,119.69444444444444,120.0,0.075,0.8881991516011558,969,5.0,10,0.0,,,ARC-r1,flash_step,306
20.0,0.35355146419936423,0.0,117.4486111111111,120.0,0.075,0.21929501826534445,884,20.0,10,0.0,,,ARC-r1,flash_step,307
40.0,1.5171821512942718,0.0,108.61666666666666,120.0,0.075,0.013589079164048053,683,40.0,10,0.0,,,ARC-r1,flash_step,308
20.0,0.09957928855908182,0.0,120.20972222222223,120.0,0.075,0.6123729406278631,896,10.0,10,0.0,,,ARC-r1,flash_step,309
60.0,0.6081344489082485,0.0,117.70138888888889,120.0,0.075,0.03911654419392517,830,15.0,10,0.0,,,ARC-r1,flash_step,310
0.0,0.02855500009210088,0.0,121.27777777777777,120.0,0.075,0.950599146451453,1006,0.0,9,0.0,,,ARC-r1,flash_step,311
0.0,0.0,0.0,120.91666666666667,120.0,0.075,1.0,998,0.0,10,0.0,,,ARC-r1,flash_step,312
0.0,0.006329873556776278,0.0,113.6763888888889,120.0,0.075,0.965092142105777,858,0.0,10,0.0,,,ARC-r1,flash_step,313
5.0,0.040815079138634136,0.0,99.87083333333334,120.0,0.075,0.8334228167803731,629,5.0,10,0.0,,,ARC-r1,flash_step,314
10.0,0.17362269464036295,0.0,130.02916666666667,120.0,0.075,0.07461770051191864,888,0.0,10,0.0,,,ARC-r1,flash_step,315
20.0,0.2101211251952062,0.0,123.87361111111112,120.0,0.075,0.24838788291097996,905,5.0,9,0.0,,,ARC-r1,flash_step,316
15.0,0.13803146997304339,0.0,115.28194444444445,120.0,0.075,0.8348378277148555,960,10.0,9,0.0,,,ARC-r1,flash_step,317
10.0,0.034329184946046976,0.0,125.8875,120.0,0.075,0.9143390580312735,895,10.0,10,0.0,,,ARC-r1,flash_step,318
40.0,1.4132038103505828,0.0,120.12777777777778,120.0,0.075,0.013601257960586689,967,40.0,11,40.0,,,ARC-r1,flash_step,319
30.0,1.293910390031583,0.0,104.94444444444444,120.0,0.075,0.032662945726237944,726,30.0,9,0.0,,,ARC-r1,flash_step,320
0.0,0.0,0.0,128.23472222222222,120.0,0.075,1.0,879,0.0,10,0.0,,,ARC-r1,flash_step,321
45.0,0.7437635628641415,0.0,122.03888888888889,120.0,0.075,0.01680715098153379,837,25.0,9,5.0,,,ARC-r1,flash_step,322
10.0,0.036663815462223415,0.0,123.95833333333333,120.0,0.075,0.8852120074388596,969,10.0,10,0.0,,,ARC-r1,flash_step,323
10.0,0.04430631982752509,0.0,126.0625,120.0,0.075,0.8887478563482014,1004,10.0,10,0.0,,,ARC-r1,flash_step,324
30.0,1.0578995662100077,0.0,115.89305555555555,120.0,0.075,0.010475478750823046,926,35.0,11,15.0,,,ARC-r1,flash_step,325
35.0,1.5285587018794233,0.0,107.95416666666667,120.0,0.075,0.006273329600946327,718,35.0,10,0.0,,,ARC-r1,flash_step,326
0.0,0.0,0.0,130.48194444444445,120.0,0.075,1.0,969,0.0,10,0.0,,,ARC-r1,flash_step,327
25.0,0.1458306012466326,0.0,121.56388888888888,120.0,0.075,0.4563875345546432,907,0.0,9,0.0,,,ARC-r1,flash_step,328
10.0,0.07519714947386014,0.0,122.72361111111111,120.0,0.075,0.9212933990156229,915,10.0,9,0.0,,,ARC-r1,flash_step,329
5.0,0.004808722480953431,0.0,124.15833333333333,120.0,0.075,0.9499559063103838,1028,5.0,10,5.0,,,ARC-r1,flash_step,330
0.0,0.0,0.0,114.95555555555555,120.0,0.075,1.0,877,0.0,10,0.0,,,ARC-r1,flash_step,331
15.0,0.12827721613563048,0.0,105.275,120.0,0.075,0.6637942999841681,651,20.0,10,15.0,,,ARC-r1,flash_step,332
15.0,0.4419551664360477,0.0,129.18194444444444,120.0,0.075,0.03666979982582609,973,15.0,10,0.0,,,ARC-r1,flash_step,333
65.0,1.1893116879361787,0.0,122.71111111111111,120.0,0.075,0.027507511099916324,968,30.0,9,0.0,,,ARC-r1,flash_step,334
0.0,0.01941856758721494,0.0,125.14305555555555,120.0,0.075,0.9589683865177698,1005,0.0,9,0.0,,,ARC-r1,flash_step,335
10.0,0.06324972144140517,0.0,122.64583333333333,120.0,0.075,0.8417064136012223,974,10.0,9,0.0,,,ARC-r1,flash_step,336
10.0,0.12341256147501145,0.0,120.25833333333334,120.0,0.075,0.43603543374042786,896,10.0,10,0.0,,,ARC-r1,flash_step,337
30.0,1.396478943815127,0.0,103.68611111111112,120.0,0.075,0.0007718726008178131,679,30.0,9,0.0,,,ARC-r1,flash_step,338
40.0,1.3029179319723583,0.0,119.9375,120.0,0.075,0.016344846685677247,867,35.0,10,0.0,,,ARC-r1,flash_step,339
35.0,0.6183176687485914,0.0,74.9,47.0,0.075,0.019564160427388972,41,35.0,0,0.0,,,HPA-r0,kill_cascade,300
15.0,0.21478302166481056,0.0,73.45972222222223,43.0,0.075,0.05048497403606785,36,15.0,0,0.0,,,HPA-r0,kill_cascade,301
15.0,0.284028101702094,0.0,72.60277777777777,49.0,0.075,0.1800000014787315,49,15.0,0,0.0,,,HPA-r0,kill_cascade,302
15.0,0.144406967541022,0.0,73.44305555555556,43.0,0.075,0.1800000023626183,31,15.0,0,0.0,,,HPA-r0,kill_cascade,303
40.0,0.7463128810305197,0.0,71.45972222222223,48.0,0.075,0.013990339335860073,37,35.0,0,0.0,,,HPA-r0,kill_cascade,304
40.0,0.2393341251653358,0.0,76.79722222222222,55.0,0.075,0.27000000343776526,71,35.0,0,0.0,,,HPA-r0,kill_cascade,305
15.0,0.12841324928100084,0.0,73.69305555555556,46.0,0.075,0.18000000228744292,45,15.0,0,0.0,,,HPA-r0,kill_cascade,306
20.0,0.2911364727387622,0.0,72.46388888888889,45.0,0.075,0.051104215681646775,36,20.0,0,0.0,,,HPA-r0,kill_cascade,307
35.0,0.7226931078067822,0.0,72.53888888888889,49.0,0.075,0.04803954547151737,47,35.0,0,0.0,,,HPA-r0,kill_cascade,308
15.0,0.15627423031121523,0.0,73.99583333333334,44.0,0.075,0.18000000227276475,30,15.0,0,0.0,,,HPA-r0,kill_cascade,309
30.0,0.4407870355260246,0.0,72.47361111111111,50.0,0.075,0.01645049291176379,48,25.0,0,0.0,,,HPA-r0,kill_cascade,310
45.0,0.46746676702751344,0.0,77.33472222222223,54.0,0.075,0.020251235149652512,67,35.0,0,0.0,,,HPA-r0,kill_cascade,311
25.0,0.3295432274745935,0.0,74.90555555555555,45.0,0.075,0.055564599013589705,45,25.0,0,0.0,,,HPA-r0,kill_cascade,312
20.0,0.16685765577406642,0.0,72.72638888888889,45.0,0.075,0.03450852485720927,32,20.0,0,0.0,,,HPA-r0,kill_cascade,313
0.0,0.0,0.0,72.2625,48.0,0.075,1.0,49,0.0,0,0.0,,,HPA-r0,kill_cascade,314
20.0,0.16261725933530702,0.0,72.51944444444445,44.0,0.075,0.18000000200520463,26,15.0,0,0.0,,,HPA-r0,kill_cascade,315
45.0,0.8554138297824809,0.0,71.69722222222222,47.0,0.075,0.011687084600428306,32,40.0,0,0.0,,,HPA-r0,kill_cascade,316
25.0,0.294970669871486,0.0,76.87777777777778,54.0,0.075,0.18000000151562212,69,20.0,0,0.0,,,HPA-r0,kill_cascade,317
25.0,0.34275956882763303,0.0,73.77777777777777,47.0,0.075,0.05339070066792895,40,25.0,0,0.0,,,HPA-r0,kill_cascade,318
40.0,0.5294178595084409,0.0,73.74861111111112,45.0,0.075,0.02621201726593861,40,40.0,0,0.0,,,HPA-r0,kill_cascade,319
25.0,0.5412367830603504,0.0,73.51388888888889,50.0,0.075,0.05021168694034173,56,25.0,0,0.0,,,HPA-r0,kill_cascade,320
35.0,0.3840695722031273,0.0,74.06527777777778,43.0,0.075,0.027505345886028678,26,35.0,0,0.0,,,HPA-r0,kill_cascade,321
45.0,0.3489704773804725,0.0,70.05277777777778,45.0,0.075,0.11270393204371143,38,40.0,0,0.0,,,HPA-r0,kill_cascade,322
35.0,0.3727859390807886,0.0,76.43472222222222,54.0,0.075,0.27000000228218723,69,25.0,0,0.0,,,HPA-r0,kill_cascade,323
25.0,0.31295206731433156,0.0,74.39861111111111,45.0,0.075,0.2700000018330425,47,25.0,0,0.0,,,HPA-r0,kill_cascade,324
35.0,0.6160155750305818,0.0,74.25416666666666,44.0,0.075,0.04798319583092387,45,35.0,0,0.0,,,HPA-r0,kill_cascade,325
35.0,0.7196468323934613,0.0,73.6138888888889,51.0,0.075,0.04862372961547009,48,35.0,0,0.0,,,HPA-r0,kill_cascade,326
25.0,0.34970656692722146,0.0,73.15694444444445,42.0,0.075,0.01648526336322375,36,25.0,0,0.0,,,HPA-r0,kill_cascade,327
20.0,0.22265774607135302,0.0,70.46666666666667,45.0,0.075,0.1800000021661787,39,15.0,0,0.0,,,HPA-r0,kill_cascade,328
35.0,0.3460286606645102,0.0,76.35,53.0,0.075,0.051938842126805586,73,30.0,0,0.0,,,HPA-r0,kill_cascade,329
20.0,0.17653463628155563,0.0,74.25416666666666,45.0,0.075,0.05770271844450325,40,20.0,0,0.0,,,HPA-r0,kill_cascade,330
25.0,0.2543824686224272,0.0,73.53472222222223,46.0,0.075,0.054375467981724004,40,25.0,0,0.0,,,HPA-r0,kill_cascade,331
25.0,0.4020389102636357,0.0,71.54861111111111,47.0,0.075,0.026598766326796898,49,25.0,0,0.0,,,HPA-r0,kill_cascade,332
35.0,0.22666538233683253,0.0,74.79583333333333,44.0,0.075,0.056316029260760285,40,35.0,0,0.0,,,HPA-r0,kill_cascade,333
40.0,0.49733984795488073,0.0,70.42916666666666,44.0,0.075,0.1940145478537885,39,35.0,0,0.0,,,HPA-r0,kill_cascade,334
20.0,0.23153669359725626,0.0,77.11527777777778,54.0,0.075,0.18000000211993908,64,15.0,0,0.0,,,HPA-r0,kill_cascade,335
15.0,0.12796916405105607,0.0,74.79166666666667,47.0,0.075,0.1800000032617483,46,15.0,0,0.0,,,HPA-r0,kill_cascade,336
20.0,0.16116651584927588,0.0,72.21944444444445,42.0,0.075,0.033477554812392785,31,20.0,0,0.0,,,HPA-r0,kill_cascade,337
30.0,0.6202955620369877,0.0,72.72638888888889,52.0,0.075,0.0487462264947289,52,30.0,0,0.0,,,HPA-r0,kill_cascade,338
30.0,0.5259880312826981,0.0,73.97361111111111,42.0,0.075,0.05028822378893946,29,30.0,0,0.0,,,HPA-r0,kill_cascade,339
25.0,0.38422869447365393,0.0,80.70138888888889,56.0,0.075,0.03259322983540461,151,25.0,0,0.0,,,HPA-fast-r0,kill_cascade,300
15.0,0.21478302166481056,0.0,78.4,49.0,0.075,0.05048497403606785,121,15.0,0,0.0,,,HPA-fast-r0,kill_cascade,301
15.0,0.284028101702094,0.0,70.475,50.0,0.075,0.1800000014787315,93,15.0,0,0.0,,,HPA-fast-r0,kill_cascade,302
15.0,0.144406967541022,0.0,81.16111111111111,60.0,0.075,0.1800000023626183,139,15.0,0,0.0,,,HPA-fast-r0,kill_cascade,303
30.0,0.5487815041150035,0.0,78.73055555555555,52.0,0.075,0.024705271490584498,134,30.0,0,0.0,,,HPA-fast-r0,kill_cascade,304
5.0,0.021877503510048246,0.0,76.73611111111111,58.0,0.075,0.9091584307783435,141,5.0,0,0.0,,,HPA-fast-r0,kill_cascade,305
15.0,0.20449052802655743,0.0,81.19583333333334,56.0,0.075,0.18000000172126582,156,15.0,0,0.0,,,HPA-fast-r0,kill_cascade,306
20.0,0.2911364727387622,0.0,79.13333333333334,49.0,0.075,0.051104215681646775,107,20.0,0,0.0,,,HPA-fast-r0,kill_cascade,307
30.0,0.5986188612954968,0.0,70.26805555555555,49.0,0.075,0.04803954547151737,91,30.0,0,0.0,,,HPA-fast-r0,kill_cascade,308
15.0,0.15554565255142538,0.0,79.87916666666666,60.0,0.075,0.18000000227276475,128,15.0,0,0.0,,,HPA-fast-r0,kill_cascade,309
30.0,0.3585043568340329,0.0,79.21944444444445,51.0,0.075,0.01645049291176379,147,30.0,0,0.0,,,HPA-fast-r0,kill_cascade,310
30.0,0.2452145775344583,0.0,78.12361111111112,60.0,0.075,0.09188460117772212,168,25.0,0,0.0,,,HPA-fast-r0,kill_cascade,311
25.0,0.3295432274745935,0.0,81.06805555555556,58.0,0.075,0.055564599013589705,174,25.0,0,0.0,,,HPA-fast-r0,kill_cascade,312
20.0,0.16685765577406642,0.0,77.72222222222223,50.0,0.075,0.03450852485720927,105,20.0,0,0.0,,,HPA-fast-r0,kill_cascade,313
0.0,0.0,0.0,70.79444444444445,50.0,0.075,1.0,84,0.0,0,0.0,,,HPA-fast-r0,kill_cascade,314
15.0,0.15115805282968076,0.0,80.45,63.0,0.075,0.18000000200520463,124,15.0,0,0.0,,,HPA-fast-r0,kill_cascade,315
35.0,0.6899997025683224,0.0,78.96111111111111,51.0,0.075,0.01608517364676509,155,35.0,0,0.0,,,HPA-fast-r0,kill_cascade,316
15.0,0.21926019936936436,0.0,77.8013888888889,59.0,0.075,0.18000000151562212,168,15.0,0,0.0,,,HPA-fast-r0,kill_cascade,317
30.0,0.39463298820442416,0.0,81.16944444444445,59.0,0.075,0.05339070066792895,159,30.0,0,0.0,,,HPA-fast-r0,kill_cascade,318
30.0,0.5047258322685488,0.0,78.85416666666667,48.0,0.075,0.01430556452025737,108,30.0,0,0.0,,,HPA-fast-r0,kill_cascade,319
30.0,0.5599868194511748,0.0,70.64444444444445,49.0,0.075,0.05021168694034173,97,30.0,0,0.0,,,HPA-fast-r0,kill_cascade,320
30.0,0.298878236883815,0.0,79.34027777777777,59.0,0.075,0.03016396291105091,133,30.0,0,0.0,,,HPA-fast-r0,kill_cascade,321
5.0,0.07378475024321096,0.0,78.85694444444445,51.0,0.075,0.1407493630589056,136,5.0,0,0.0,,,HPA-fast-r0,kill_cascade,322
35.0,0.34288576188370445,0.0,77.79861111111111,58.0,0.075,0.27000000228218723,159,30.0,0,0.0,,,HPA-fast-r0,kill_cascade,323
30.0,0.4225883939560249,0.0,80.80833333333334,58.0,0.075,0.0527875834260556,175,30.0,0,0.0,,,HPA-fast-r0,kill_cascade,324
35.0,0.6160155750305818,0.0,77.98055555555555,49.0,0.075,0.04798319583092387,111,35.0,0,0.0,,,HPA-fast-r0,kill_cascade,325
30.0,0.6395112200597408,0.0,70.7611111111111,50.0,0.075,0.04862372961547009,97,30.0,0,0.0,,,HPA-fast-r0,kill_cascade,326
25.0,0.34371762132867634,0.0,79.5125,59.0,0.075,0.028514012974430937,119,25.0,0,0.0,,,HPA-fast-r0,kill_cascade,327
15.0,0.19423984629277635,0.0,78.7875,51.0,0.075,0.1800000021661787,144,15.0,0,0.0,,,HPA-fast-r0,kill_cascade,328
30.0,0.3222257173183918,0.0,77.15972222222223,58.0,0.075,0.051938842126805586,161,30.0,0,0.0,,,HPA-fast-r0,kill_cascade,329
25.0,0.24286112598643772,0.0,81.03333333333333,59.0,0.075,0.05708482278490336,153,25.0,0,0.0,,,HPA-fast-r0,kill_cascade,330
15.0,0.13009351509072342,0.0,78.65833333333333,48.0,0.075,0.05875395339116937,109,15.0,0,0.0,,,HPA-fast-r0,kill_cascade,331
30.0,0.40637114848000033,0.0,70.31805555555556,49.0,0.075,0.026598766326796898,91,25.0,0,0.0,,,HPA-fast-r0,kill_cascade,332
25.0,0.20557482792790127,0.0,79.99444444444444,58.0,0.075,0.056316029260760285,129,25.0,0,0.0,,,HPA-fast-r0,kill_cascade,333
30.0,0.5140972795683596,0.0,78.79583333333333,51.0,0.075,0.0503343861772712,138,30.0,0,0.0,,,HPA-fast-r0,kill_cascade,334
20.0,0.20636821049502263,0.0,78.50277777777778,58.0,0.075,0.18000000211993908,162,20.0,0,0.0,,,HPA-fast-r0,kill_cascade,335
15.0,0.12796916405105607,0.0,80.82222222222222,58.0,0.075,0.1800000032617483,158,15.0,0,0.0,,,HPA-fast-r0,kill_cascade,336
20.0,0.16116651584927588,0.0,77.71805555555555,49.0,0.075,0.033477554812392785,101,20.0,0,0.0,,,HPA-fast-r0,kill_cascade,337
35.0,0.7215469236133809,0.0,70.78194444444445,51.0,0.075,0.0487462264947289,93,35.0,0,0.0,,,HPA-fast-r0,kill_cascade,338
30.0,0.5212361297558865,0.0,80.28333333333333,58.0,0.075,0.05028822378893946,153,30.0,0,0.0,,,HPA-fast-r0,kill_cascade,339
30.0,0.5852567674641151,0.0,94.6361111111111,60.0,0.075,0.019564160427388972,53,30.0,0,0.0,,,HPA-45-r0,kill_cascade,300
20.0,0.3112953507587779,0.0,91.11111111111111,56.0,0.075,0.05048497403606785,32,20.0,0,0.0,,,HPA-45-r0,kill_cascade,301
15.0,0.20795312237718022,0.0,90.56527777777778,61.0,0.075,0.053386802736117824,48,15.0,0,0.0,,,HPA-45-r0,kill_cascade,302
15.0,0.144406967541022,0.0,92.26944444444445,54.0,0.075,0.1800000023626183,34,15.0,0,0.0,,,HPA-45-r0,kill_cascade,303
30.0,0.5561897364253054,0.0,89.25416666666666,62.0,0.075,0.024705271490584498,47,30.0,0,0.0,,,HPA-45-r0,kill_cascade,304
0.0,0.0,0.0,95.66944444444445,70.0,0.075,1.0,67,0.0,0,0.0,,,HPA-45-r0,kill_cascade,305
15.0,0.20449052802655743,0.0,93.10972222222222,59.0,0.075,0.18000000172126582,52,15.0,0,0.0,,,HPA-45-r0,kill_cascade,306
15.0,0.194473189354738,0.0,92.24722222222222,57.0,0.075,0.051104215681646775,44,15.0,0,0.0,,,HPA-45-r0,kill_cascade,307
25.0,0.563223035526117,0.0,91.3125,64.0,0.075,0.04803954547151737,56,25.0,0,0.0,,,HPA-45-r0,kill_cascade,308
10.0,0.11642842767470851,0.0,93.05833333333334,54.0,0.075,0.18000000227276475,35,10.0,0,0.0,,,HPA-45-r0,kill_cascade,309
30.0,0.30849767730606326,0.0,89.46388888888889,56.0,0.075,0.029406608613066043,44,30.0,0,0.0,,,HPA-45-r0,kill_cascade,310
20.0,0.15707960033797264,0.0,96.93194444444444,70.0,0.075,0.10058224757097652,75,20.0,0,0.0,,,HPA-45-r0,kill_cascade,311
25.0,0.3295432274745935,0.0,94.52222222222223,59.0,0.075,0.055564599013589705,56,25.0,0,0.0,,,HPA-45-r0,kill_cascade,312
15.0,0.15906838357098163,0.0,91.65416666666667,58.0,0.075,0.03450852485720927,39,15.0,0,0.0,,,HPA-45-r0,kill_cascade,313
0.0,0.0,0.0,89.40833333333333,58.0,0.075,1.0,46,0.0,0,0.0,,,HPA-45-r0,kill_cascade,314
15.0,0.15115805282968076,0.0,92.24305555555556,54.0,0.075,0.18000000200520463,39,15.0,0,0.0,,,HPA-45-r0,kill_cascade,315
35.0,0.7335437787657328,0.0,90.49166666666666,61.0,0.075,0.02104447573045829,43,35.0,0,0.0,,,HPA-45-r0,kill_cascade,316
15.0,0.21926019936936436,0.0,97.32222222222222,72.0,0.075,0.18000000151562212,77,15.0,0,0.0,,,HPA-45-r0,kill_cascade,317
25.0,0.34275956882763303,0.0,95.21805555555555,60.0,0.075,0.05339070066792895,54,25.0,0,0.0,,,HPA-45-r0,kill_cascade,318
30.0,0.40307613399880315,0.0,93.81388888888888,57.0,0.075,0.02621201726593861,46,30.0,0,0.0,,,HPA-45-r0,kill_cascade,319
25.0,0.5412367830603504,0.0,91.55694444444444,67.0,0.075,0.05021168694034173,53,25.0,0,0.0,,,HPA-45-r0,kill_cascade,320
30.0,0.298878236883815,0.0,91.94166666666666,53.0,0.075,0.03016396291105091,29,30.0,0,0.0,,,HPA-45-r0,kill_cascade,321
0.0,0.0,0.0,87.16944444444445,57.0,0.075,1.0,44,0.0,0,0.0,,,HPA-45-r0,kill_cascade,322
30.0,0.36959918886542154,0.0,96.11111111111111,70.0,0.075,0.0595221483765492,71,30.0,0,0.0,,,HPA-45-r0,kill_cascade,323
35.0,0.507109395740879,0.0,94.025,58.0,0.075,0.05261417655977879,58,35.0,0,0.0,,,HPA-45-r0,kill_cascade,324
30.0,0.5097617251250575,0.0,90.74722222222222,55.0,0.075,0.04798319583092387,46,30.0,0,0.0,,,HPA-45-r0,kill_cascade,325
30.0,0.6395112200597408,0.0,91.51388888888889,67.0,0.075,0.04862372961547009,52,30.0,0,0.0,,,HPA-45-r0,kill_cascade,326
25.0,0.34371762132867634,0.0,91.99861111111112,54.0,0.075,0.028514012974430937,34,25.0,0,0.0,,,HPA-45-r0,kill_cascade,327
15.0,0.19423984629277635,0.0,89.40416666666667,59.0,0.075,0.1800000021661787,48,15.0,0,0.0,,,HPA-45-r0,kill_cascade,328
30.0,0.3222257173183918,0.0,95.5375,72.0,0.075,0.051938842126805586,68,30.0,0,0.0,,,HPA-45-r0,kill_cascade,329
20.0,0.17653463628155563,0.0,93.54583333333333,59.0,0.075,0.05770271844450325,44,20.0,0,0.0,,,HPA-45-r0,kill_cascade,330
20.0,0.13592765193526368,0.0,93.92222222222222,60.0,0.075,0.05875395339116937,63,20.0,0,0.0,,,HPA-45-r0,kill_cascade,331
15.0,0.024822934478596625,0.0,91.30416666666666,63.0,0.075,0.8915849915361198,54,20.0,0,0.0,,,HPA-45-r0,kill_cascade,332
30.0,0.20833212132387313,0.0,91.12361111111112,53.0,0.075,0.056316029260760285,34,30.0,0,0.0,,,HPA-45-r0,kill_cascade,333
25.0,0.4581749260801904,0.0,88.85694444444445,58.0,0.075,0.0503343861772712,44,25.0,0,0.0,,,HPA-45-r0,kill_cascade,334
0.0,0.0,0.0,96.16805555555555,69.0,0.075,1.0,74,0.0,0,0.0,,,HPA-45-r0,kill_cascade,335
20.0,0.18223274958157898,0.0,95.04861111111111,60.0,0.075,0.1800000026097924,65,20.0,0,0.0,,,HPA-45-r0,kill_cascade,336
20.0,0.16116651584927588,0.0,90.87638888888888,54.0,0.075,0.033477554812392785,40,20.0,0,0.0,,,HPA-45-r0,kill_cascade,337
35.0,0.7215469236133809,0.0,91.575,67.0,0.075,0.0487462264947289,50,35.0,0,0.0,,,HPA-45-r0,kill_cascade,338
30.0,0.5212361297558865,0.0,91.84305555555555,53.0,0.075,0.05028822378893946,34,30.0,0,0.0,,,HPA-45-r0,kill_cascade,339
10.0,0.04162148501974938,0.0,127.5125,86.0,0.075,0.7736709614398759,95,10.0,0,0.0,,,PredHPA-r0,kill_cascade,300
0.0,0.005134992294975049,0.0,112.77083333333333,71.0,0.075,0.9522944219962161,74,0.0,0,0.0,,,PredHPA-r0,kill_cascade,301
15.0,0.20795312237718022,0.0,106.49583333333334,83.0,0.075,0.053386802736117824,91,15.0,0,0.0,,,PredHPA-r0,kill_cascade,302
0.0,0.0,0.0,121.24583333333334,95.0,0.075,1.0,71,0.0,0,0.0,,,PredHPA-r0,kill_cascade,303
25.0,0.3060211425236048,0.0,123.58055555555555,85.0,0.075,0.16808438682415297,101,25.0,0,0.0,,,PredHPA-r0,kill_cascade,304
0.0,0.0,0.0,128.49027777777778,110.0,0.075,1.0,128,0.0,0,0.0,,,PredHPA-r0,kill_cascade,305
5.0,0.006248749894877115,0.0,128.20555555555555,84.0,0.075,0.9377599650114833,88,5.0,0,0.0,,,PredHPA-r0,kill_cascade,306
0.0,0.0010826792651741357,0.0,113.44305555555556,72.0,0.075,0.989440667689338,71,0.0,0,0.0,,,PredHPA-r0,kill_cascade,307
15.0,0.2515484029832815,0.0,106.92083333333333,89.0,0.075,0.06092056773582271,79,15.0,0,0.0,,,PredHPA-r0,kill_cascade,308
0.0,0.0,0.0,123.89027777777778,99.0,0.075,1.0,68,0.0,0,0.0,,,PredHPA-r0,kill_cascade,309
0.0,0.0,0.0,123.05972222222222,88.0,0.075,1.0,96,0.0,0,0.0,,,PredHPA-r0,kill_cascade,310
0.0,0.0,0.0,130.30694444444444,111.0,0.075,1.0,132,0.0,0,0.0,,,PredHPA-r0,kill_cascade,311
0.0,0.0,0.0,129.5222222222222,84.0,0.075,1.0,98,0.0,0,0.0,,,PredHPA-r0,kill_cascade,312
0.0,0.0,0.0,112.85972222222222,67.0,0.075,1.0,82,0.0,0,0.0,,,PredHPA-r0,kill_cascade,313
0.0,0.0,0.0,107.925,89.0,0.075,1.0,88,0.0,0,0.0,,,PredHPA-r0,kill_cascade,314
0.0,0.0,0.0,122.96527777777777,101.0,0.075,1.0,75,0.0,0,0.0,,,PredHPA-r0,kill_cascade,315
15.0,0.048374019455577066,0.0,122.13472222222222,83.0,0.075,0.7193926518055276,96,10.0,0,0.0,,,PredHPA-r0,kill_cascade,316
15.0,0.21926019936936436,0.0,128.30555555555554,108.0,0.075,0.18000000151562212,124,15.0,0,0.0,,,PredHPA-r0,kill_cascade,317
0.0,0.0,0.0,129.03055555555557,85.0,0.075,1.0,98,0.0,0,0.0,,,PredHPA-r0,kill_cascade,318
20.0,0.11779560404503453,0.0,112.76388888888889,67.0,0.075,0.3331634597255042,71,20.0,0,0.0,,,PredHPA-r0,kill_cascade,319
25.0,0.25900654719840377,0.0,107.18055555555556,87.0,0.075,0.40745007270749045,88,25.0,0,0.0,,,PredHPA-r0,kill_cascade,320
5.0,0.02388550764123032,0.0,121.26527777777778,95.0,0.075,0.7870853137683188,67,5.0,0,0.0,,,PredHPA-r0,kill_cascade,321
0.0,0.0,0.0,122.29861111111111,87.0,0.075,1.0,106,0.0,0,0.0,,,PredHPA-r0,kill_cascade,322
25.0,0.3149398881358234,0.0,129.1013888888889,111.0,0.075,0.0595221483765492,127,25.0,0,0.0,,,PredHPA-r0,kill_cascade,323
30.0,0.49383043513713254,0.0,127.99861111111112,81.0,0.075,0.05261417655977879,86,30.0,0,0.0,,,PredHPA-r0,kill_cascade,324
5.0,0.07532825676415111,0.0,113.18888888888888,68.0,0.075,0.4336818463328468,71,5.0,0,0.0,,,PredHPA-r0,kill_cascade,325
15.0,0.21416289350894013,0.0,109.425,92.0,0.075,0.080937598870523,83,15.0,0,0.0,,,PredHPA-r0,kill_cascade,326
5.0,0.008971166328108904,0.0,120.60694444444445,95.0,0.075,0.903739711370573,66,5.0,0,0.0,,,PredHPA-r0,kill_cascade,327
15.0,0.19423984629277635,0.0,122.4625,86.0,0.075,0.1800000021661787,113,15.0,0,0.0,,,PredHPA-r0,kill_cascade,328
30.0,0.3222257173183918,0.0,128.31666666666666,104.0,0.075,0.051938842126805586,129,30.0,0,0.0,,,PredHPA-r0,kill_cascade,329
0.0,0.0,0.0,127.8236111111111,82.0,0.075,1.0,97,0.0,0,0.0,,,PredHPA-r0,kill_cascade,330
0.0,0.0,0.0,113.18055555555556,70.0,0.075,1.0,76,0.0,0,0.0,,,PredHPA-r0,kill_cascade,331
15.0,0.024822934478596625,0.0,106.56527777777778,86.0,0.075,0.8915849915361198,88,20.0,0,0.0,,,PredHPA-r0,kill_cascade,332
25.0,0.20557482792790127,0.0,119.6,94.0,0.075,0.056316029260760285,58,25.0,0,0.0,,,PredHPA-r0,kill_cascade,333
25.0,0.4581749260801904,0.0,123.6,86.0,0.075,0.0503343861772712,111,25.0,0,0.0,,,PredHPA-r0,kill_cascade,334
15.0,0.1956105688765808,0.0,130.39583333333334,106.0,0.075,0.18000000211993908,124,15.0,0,0.0,,,PredHPA-r0,kill_cascade,335
0.0,0.0,0.0,129.31805555555556,84.0,0.075,1.0,98,0.0,0,0.0,,,PredHPA-r0,kill_cascade,336
0.0,0.0,0.0,111.70972222222223,69.0,0.075,1.0,74,0.0,0,0.0,,,PredHPA-r0,kill_cascade,337
20.0,0.21992191519039084,0.0,107.1138888888889,87.0,0.075,0.13078650595303115,80,20.0,0,0.0,,,PredHPA-r0,kill_cascade,338
25.0,0.22268824279242372,0.0,123.05277777777778,97.0,0.075,0.4381004093911151,65,25.0,0,0.0,,,PredHPA-r0,kill_cascade,339
15.0,0.10816147070750182,0.0,127.51666666666667,86.0,0.075,0.3954504790273962,95,15.0,0,0.0,,,PredHPA-r1,kill_cascade,300
0.0,0.005134992294975049,0.0,112.77083333333333,71.0,0.075,0.9522944219962161,74,0.0,0,0.0,,,PredHPA-r1,kill_cascade,301
15.0,0.23466588016636258,0.0,107.13333333333334,85.0,0.075,0.04139206624719395,86,15.0,0,0.0,,,PredHPA-r1,kill_cascade,302
0.0,0.0,0.0,121.24583333333334,95.0,0.075,1.0,71,0.0,0,0.0,,,PredHPA-r1,kill_cascade,303
35.0,0.5948998718476539,0.0,125.90277777777777,85.0,0.075,0.01930229407603008,104,35.0,0,0.0,,,PredHPA-r1,kill_cascade,304
0.0,0.0,0.0,128.49027777777778,110.0,0.075,1.0,128,0.0,0,0.0,,,PredHPA-r1,kill_cascade,305
5.0,0.006248749894877115,0.0,128.20555555555555,84.0,0.075,0.9377599650114833,88,5.0,0,0.0,,,PredHPA-r1,kill_cascade,306
0.0,0.0010826792651741357,0.0,113.44305555555556,72.0,0.075,0.989440667689338,72,0.0,0,0.0,,,PredHPA-r1,kill_cascade,307
25.0,0.44197365529886623,0.0,107.56111111111112,89.0,0.075,0.04988048706793392,79,25.0,0,0.0,,,PredHPA-r1,kill_cascade,308
0.0,0.0,0.0,123.89027777777778,99.0,0.075,1.0,68,0.0,0,0.0,,,PredHPA-r1,kill_cascade,309
0.0,0.0,0.0,122.85138888888889,88.0,0.075,1.0,92,0.0,0,0.0,,,PredHPA-r1,kill_cascade,310
0.0,0.0,0.0,130.30694444444444,111.0,0.075,1.0,132,0.0,0,0.0,,,PredHPA-r1,kill_cascade,311
0.0,0.0,0.0,131.16805555555555,83.0,0.075,1.0,108,0.0,0,0.0,,,PredHPA-r1,kill_cascade,312
0.0,0.0,0.0,112.83472222222223,68.0,0.075,1.0,82,0.0,0,0.0,,,PredHPA-r1,kill_cascade,313
0.0,0.0,0.0,107.925,89.0,0.075,1.0,88,0.0,0,0.0,,,PredHPA-r1,kill_cascade,314
0.0,0.0,0.0,122.96527777777777,101.0,0.075,1.0,75,0.0,0,0.0,,,PredHPA-r1,kill_cascade,315
40.0,0.5950370587820886,0.0,124.16666666666667,82.0,0.075,0.02249244758273131,100,40.0,0,0.0,,,PredHPA-r1,kill_cascade,316
15.0,0.21926019957577703,0.0,129.05138888888888,108.0,0.075,0.18000000068202998,123,15.0,0,0.0,,,PredHPA-r1,kill_cascade,317
0.0,0.0,0.0,129.03055555555557,85.0,0.075,1.0,98,0.0,0,0.0,,,PredHPA-r1,kill_cascade,318
35.0,0.48386569298647375,0.0,118.8125,83.0,0.075,0.025284496851793816,78,35.0,0,0.0,,,PredHPA-r1,kill_cascade,319
30.0,0.523540630741437,0.0,108.09722222222223,91.0,0.075,0.051056372277838345,94,30.0,0,0.0,,,PredHPA-r1,kill_cascade,320
5.0,0.024548030532789422,0.0,121.26527777777778,95.0,0.075,0.7870853137683188,67,5.0,0,0.0,,,PredHPA-r1,kill_cascade,321
0.0,0.0,0.0,122.29861111111111,87.0,0.075,1.0,106,0.0,0,0.0,,,PredHPA-r1,kill_cascade,322
25.0,0.3173538551109356,0.0,129.10972222222222,111.0,0.075,0.04966136246857946,126,25.0,0,0.0,,,PredHPA-r1,kill_cascade,323
35.0,0.5032869839964538,0.0,128.32777777777778,81.0,0.075,0.04442694730578991,87,35.0,0,0.0,,,PredHPA-r1,kill_cascade,324
35.0,0.6528735318637402,0.0,113.43333333333334,70.0,0.075,0.04164233809625512,71,35.0,0,0.0,,,PredHPA-r1,kill_cascade,325
20.0,0.2701638362773151,0.0,109.52083333333333,93.0,0.075,0.052840868998408,83,20.0,0,0.0,,,PredHPA-r1,kill_cascade,326
5.0,0.008971166328108904,0.0,120.60694444444445,95.0,0.075,0.903739711370573,66,5.0,0,0.0,,,PredHPA-r1,kill_cascade,327
15.0,0.19423984648774262,0.0,122.46666666666667,86.0,0.075,0.18000000097478042,114,15.0,0,0.0,,,PredHPA-r1,kill_cascade,328
35.0,0.44953495883101047,0.0,129.4111111111111,105.0,0.075,0.04403104965788172,129,35.0,0,0.0,,,PredHPA-r1,kill_cascade,329
0.0,0.0,0.0,127.8236111111111,82.0,0.075,1.0,97,0.0,0,0.0,,,PredHPA-r1,kill_cascade,330
0.0,0.0,0.0,113.18055555555556,70.0,0.075,1.0,76,0.0,0,0.0,,,PredHPA-r1,kill_cascade,331
25.0,0.19840769366096245,0.0,106.56527777777778,86.0,0.075,0.031013114275395746,88,25.0,0,0.0,,,PredHPA-r1,kill_cascade,332
30.0,0.29499900662997014,0.0,120.84166666666667,95.0,0.075,0.05003545602662807,59,30.0,0,0.0,,,PredHPA-r1,kill_cascade,333
25.0,0.4612607467725627,0.0,125.43194444444444,86.0,0.075,0.04296916206374204,114,25.0,0,0.0,,,PredHPA-r1,kill_cascade,334
15.0,0.19561056908281582,0.0,131.6125,106.0,0.075,0.18000000095397264,134,15.0,0,0.0,,,PredHPA-r1,kill_cascade,335
0.0,0.0,0.0,129.31805555555556,84.0,0.075,1.0,98,0.0,0,0.0,,,PredHPA-r1,kill_cascade,336
0.0,0.0,0.0,111.70972222222223,69.0,0.075,1.0,74,0.0,0,0.0,,,PredHPA-r1,kill_cascade,337
25.0,0.3938717243788692,0.0,108.10138888888889,88.0,0.075,0.050927591181170406,84,25.0,0,0.0,,,PredHPA-r1,kill_cascade,338
25.0,0.39927262145762477,0.0,123.17777777777778,95.0,0.075,0.051695435829636927,68,25.0,0,0.0,,,PredHPA-r1,kill_cascade,339
20.0,0.24677097609023813,0.0,113.86944444444444,101.0,0.075,0.06644150750839395,896,20.0,11,0.0,,,ARC,kill_cascade,300
25.0,0.3316550307679744,0.0,100.81805555555556,73.0,0.075,0.05048497403606785,795,25.0,11,0.0,,,ARC,kill_cascade,301
15.0,0.284028101702094,0.0,94.85833333333333,99.0,0.075,0.1800000014787315,617,15.0,11,0.0,,,ARC,kill_cascade,302
15.0,0.144406967541022,0.0,107.75416666666666,105.0,0.075,0.1800000023626183,823,15.0,11,0.0,,,ARC,kill_cascade,303
45.0,0.6624894928570213,0.0,115.99583333333334,105.0,0.075,0.03163601870412342,815,10.0,10,0.0,,,ARC,kill_cascade,304
0.0,0.0,0.0,104.23333333333333,119.0,0.075,1.0,868,0.0,11,0.0,,,ARC,kill_cascade,305
5.0,0.006248749894877115,0.0,104.30555555555556,86.0,0.075,0.9377599650114833,854,5.0,11,0.0,,,ARC,kill_cascade,306
0.0,0.0010826792651741357,0.0,96.7375,69.0,0.075,0.989440667689338,769,0.0,11,0.0,,,ARC,kill_cascade,307
35.0,0.7393193421126765,0.0,92.88472222222222,101.0,0.075,0.04803954547151737,589,35.0,11,0.0,,,ARC,kill_cascade,308
15.0,0.15627423031121523,0.0,104.17361111111111,105.0,0.075,0.18000000227276475,785,15.0,11,0.0,,,ARC,kill_cascade,309
70.0,0.8013684334181481,0.0,102.85416666666667,93.0,0.075,0.03911654419392517,748,20.0,11,0.0,,,ARC,kill_cascade,310
0.0,0.0,0.0,107.05555555555556,120.0,0.075,1.0,917,0.0,11,0.0,,,ARC,kill_cascade,311
0.0,0.0,0.0,104.15416666666667,89.0,0.075,1.0,865,0.0,11,0.0,,,ARC,kill_cascade,312
15.0,0.12521560605612825,0.0,97.41527777777777,67.0,0.075,0.27307054217561466,748,15.0,11,0.0,,,ARC,kill_cascade,313
0.0,0.0,0.0,83.47916666666667,90.0,0.075,1.0,555,0.0,11,0.0,,,ARC,kill_cascade,314
10.0,0.038368368908270334,0.0,110.70694444444445,103.0,0.075,0.8875837920479904,788,0.0,11,0.0,,,ARC,kill_cascade,315
25.0,0.26845031282134446,0.0,111.4486111111111,99.0,0.075,0.218439426038603,840,5.0,11,0.0,,,ARC,kill_cascade,316
5.0,0.034580304429931985,0.0,99.80277777777778,117.0,0.075,0.7207052072236035,865,5.0,11,0.0,,,ARC,kill_cascade,317
0.0,0.0,0.0,111.47916666666667,95.0,0.075,1.0,894,0.0,11,0.0,,,ARC,kill_cascade,318
5.0,0.017917238687970016,0.0,102.65833333333333,74.0,0.075,0.8490811348673083,803,5.0,11,5.0,,,ARC,kill_cascade,319
35.0,0.5907138532483702,0.0,88.25555555555556,92.0,0.075,0.059584272507859706,617,35.0,11,0.0,,,ARC,kill_cascade,320
5.0,0.024611616778957845,0.0,110.4375,109.0,0.075,0.7870853137683188,765,5.0,11,0.0,,,ARC,kill_cascade,321
25.0,0.24161789003175338,0.0,104.53194444444445,94.0,0.075,0.05809694968999514,748,20.0,11,0.0,,,ARC,kill_cascade,322
10.0,0.0752460123430887,0.0,107.20555555555555,120.0,0.075,0.19411472785135053,873,10.0,11,0.0,,,ARC,kill_cascade,323
20.0,0.3144711481971707,0.0,114.32083333333334,92.0,0.075,0.05390033513721348,909,20.0,11,0.0,,,ARC,kill_cascade,324
35.0,0.6160155750305818,0.0,98.03333333333333,70.0,0.075,0.04798319583092387,801,35.0,11,20.0,,,ARC,kill_cascade,325
30.0,0.6483567260249568,0.0,92.34166666666667,99.0,0.075,0.04862372961547009,615,30.0,11,0.0,,,ARC,kill_cascade,326
5.0,0.008971166328108904,0.0,112.80833333333334,111.0,0.075,0.903739711370573,837,5.0,11,0.0,,,ARC,kill_cascade,327
40.0,0.47175873290907777,0.0,106.44166666666666,98.0,0.075,0.06072900947096643,792,15.0,10,0.0,,,ARC,kill_cascade,328
0.0,0.0,0.0,107.87777777777778,118.0,0.075,1.0,823,0.0,11,0.0,,,ARC,kill_cascade,329
0.0,0.0,0.0,109.84861111111111,90.0,0.075,1.0,912,0.0,11,0.0,,,ARC,kill_cascade,330
0.0,0.0,0.0,95.29305555555555,69.0,0.075,1.0,755,0.0,11,0.0,,,ARC,kill_cascade,331
20.0,0.07894077140830902,0.0,88.55,89.0,0.075,0.46819681186512535,581,20.0,11,20.0,,,ARC,kill_cascade,332
25.0,0.26579472014435224,0.0,113.09027777777777,115.0,0.075,0.056316029260760285,833,25.0,11,0.0,,,ARC,kill_cascade,333
50.0,0.8952419000185841,0.0,105.25416666666666,98.0,0.075,0.023889176197437856,795,25.0,11,0.0,,,ARC,kill_cascade,334
0.0,0.0,0.0,108.19305555555556,120.0,0.075,1.0,919,0.0,11,0.0,,,ARC,kill_cascade,335
0.0,0.0,0.0,106.77638888888889,90.0,0.075,1.0,856,0.0,11,0.0,,,ARC,kill_cascade,336
15.0,0.14569544417651903,0.0,103.77916666666667,75.0,0.075,0.03640368940125737,791,15.0,11,0.0,,,ARC,kill_cascade,337
35.0,0.6757146297373673,0.0,87.35,92.0,0.075,0.0487462264947289,552,35.0,11,0.0,,,ARC,kill_cascade,338
30.0,0.5315688341521962,0.0,101.79583333333333,97.0,0.075,0.05028822378893946,783,25.0,11,0.0,,,ARC,kill_cascade,339
15.0,0.1342427789836398,0.0,111.6986111111111,98.0,0.075,0.3789698569341677,894,15.0,11,0.0,,,ARC-r0,kill_cascade,300
25.0,0.32199738459278704,0.0,100.81805555555556,73.0,0.075,0.05048497403606785,795,25.0,11,0.0,,,ARC-r0,kill_cascade,301
15.0,0.284028101702094,0.0,94.85833333333333,99.0,0.075,0.1800000014787315,617,15.0,11,0.0,,,ARC-r0,kill_cascade,302
15.0,0.144406967541022,0.0,107.75416666666666,105.0,0.075,0.1800000023626183,823,15.0,11,0.0,,,ARC-r0,kill_cascade,303
40.0,0.5692548402121966,0.0,115.89027777777778,104.0,0.075,0.03163601870412342,822,10.0,10,0.0,,,ARC-r0,kill_cascade,304
0.0,0.0,0.0,104.23333333333333,119.0,0.075,1.0,868,0.0,11,0.0,,,ARC-r0,kill_cascade,305
5.0,0.006248749894877115,0.0,104.30555555555556,86.0,0.075,0.9377599650114833,853,5.0,11,0.0,,,ARC-r0,kill_cascade,306
0.0,0.0010826792651741357,0.0,96.7375,69.0,0.075,0.989440667689338,769,0.0,11,0.0,,,ARC-r0,kill_cascade,307
35.0,0.7281014870567648,0.0,92.88472222222222,101.0,0.075,0.04803954547151737,589,35.0,11,0.0,,,ARC-r0,kill_cascade,308
15.0,0.15627423031121523,0.0,104.17361111111111,105.0,0.075,0.18000000227276475,785,15.0,11,0.0,,,ARC-r0,kill_cascade,309
60.0,0.6852135817641658,0.0,102.85555555555555,93.0,0.075,0.03911654419392517,748,20.0,11,0.0,,,ARC-r0,kill_cascade,310
0.0,0.0,0.0,107.05555555555556,120.0,0.075,1.0,917,0.0,11,0.0,,,ARC-r0,kill_cascade,311
0.0,0.0,0.0,104.15416666666667,89.0,0.075,1.0,865,0.0,11,0.0,,,ARC-r0,kill_cascade,312
10.0,0.03790157357925761,0.0,96.63472222222222,67.0,0.075,0.621935851578742,746,10.0,11,0.0,,,ARC-r0,kill_cascade,313
0.0,0.0,0.0,83.47916666666667,90.0,0.075,1.0,555,0.0,11,0.0,,,ARC-r0,kill_cascade,314
5.0,0.021501972122550672,0.0,110.70694444444445,103.0,0.075,0.8875837920479904,788,0.0,11,0.0,,,ARC-r0,kill_cascade,315
20.0,0.1820806812607434,0.0,111.48472222222222,99.0,0.075,0.2535451641244942,838,5.0,11,0.0,,,ARC-r0,kill_cascade,316
5.0,0.034580304429931985,0.0,99.80277777777778,117.0,0.075,0.7207052072236035,865,5.0,11,0.0,,,ARC-r0,kill_cascade,317
25.0,0.34275956882763303,0.0,113.24027777777778,97.0,0.075,0.05339070066792895,892,25.0,11,0.0,,,ARC-r0,kill_cascade,318
5.0,0.014622268041986075,0.0,102.65833333333333,74.0,0.075,0.8490811348673083,803,5.0,11,5.0,,,ARC-r0,kill_cascade,319
30.0,0.29041549222363905,0.0,88.25555555555556,92.0,0.075,0.40745007270749045,617,30.0,11,0.0,,,ARC-r0,kill_cascade,320
5.0,0.02388550764123032,0.0,110.4375,109.0,0.075,0.7870853137683188,765,5.0,11,0.0,,,ARC-r0,kill_cascade,321
20.0,0.17598866097289223,0.0,104.53333333333333,94.0,0.075,0.3046022721311087,747,15.0,11,0.0,,,ARC-r0,kill_cascade,322
5.0,0.06645935030537009,0.0,107.20555555555555,120.0,0.075,0.19411472785135053,873,5.0,11,0.0,,,ARC-r0,kill_cascade,323
20.0,0.3144711481971707,0.0,114.32083333333334,92.0,0.075,0.05390033513721348,909,20.0,11,0.0,,,ARC-r0,kill_cascade,324
35.0,0.6160155750305818,0.0,98.03333333333333,70.0,0.075,0.04798319583092387,801,35.0,11,20.0,,,ARC-r0,kill_cascade,325
30.0,0.6483567260249568,0.0,92.34166666666667,99.0,0.075,0.04862372961547009,615,30.0,11,0.0,,,ARC-r0,kill_cascade,326
5.0,0.008971166328108904,0.0,112.80833333333334,111.0,0.075,0.903739711370573,837,5.0,11,0.0,,,ARC-r0,kill_cascade,327
30.0,0.37684146766405746,0.0,105.7388888888889,97.0,0.075,0.114831879418647,805,15.0,11,0.0,,,ARC-r0,kill_cascade,328
0.0,0.0,0.0,107.43194444444444,119.0,0.075,1.0,835,0.0,11,0.0,,,ARC-r0,kill_cascade,329
0.0,0.0,0.0,109.84861111111111,90.0,0.075,1.0,912,0.0,11,0.0,,,ARC-r0,kill_cascade,330
0.0,0.0,0.0,95.29305555555555,69.0,0.075,1.0,755,0.0,11,0.0,,,ARC-r0,kill_cascade,331
15.0,0.024822934478596625,0.0,88.81388888888888,91.0,0.075,0.8915849915361198,574,20.0,11,15.0,,,ARC-r0,kill_cascade,332
25.0,0.20557482792790127,0.0,113.09305555555555,115.0,0.075,0.056316029260760285,834,25.0,11,0.0,,,ARC-r0,kill_cascade,333
65.0,0.8159870141794201,0.0,105.40277777777777,102.0,0.075,0.0503343861772712,836,25.0,11,0.0,,,ARC-r0,kill_cascade,334
0.0,0.0,0.0,108.19305555555556,120.0,0.075,1.0,919,0.0,11,0.0,,,ARC-r0,kill_cascade,335
0.0,0.0,0.0,107.09305555555555,90.0,0.075,1.0,867,0.0,11,0.0,,,ARC-r0,kill_cascade,336
15.0,0.1204491389694251,0.0,103.77916666666667,75.0,0.075,0.16121733078568626,791,15.0,11,0.0,,,ARC-r0,kill_cascade,337
35.0,0.6757146297373673,0.0,87.35,92.0,0.075,0.0487462264947289,552,35.0,11,0.0,,,ARC-r0,kill_cascade,338
30.0,0.5315688341521962,0.0,101.79583333333333,97.0,0.075,0.05028822378893946,783,25.0,11,0.0,,,ARC-r0,kill_cascade,339
20.0,0.24677097609023813,0.0,113.86944444444444,101.0,0.075,0.06644150750839395,896,20.0,11,0.0,,,ARC-r1,kill_cascade,300
25.0,0.3312116412173438,0.0,100.81805555555556,73.0,0.075,0.05048497403606785,795,25.0,11,0.0,,,ARC-r1,kill_cascade,301
15.0,0.284028101702094,0.0,94.85833333333333,99.0,0.075,0.1800000014787315,617,15.0,11,0.0,,,ARC-r1,kill_cascade,302
15.0,0.144406967541022,0.0,107.75416666666666,105.0,0.075,0.1800000023626183,823,15.0,11,0.0,,,ARC-r1,kill_cascade,303
45.0,0.6597153434028225,0.0,115.99583333333334,105.0,0.075,0.03163601870412342,815,10.0,10,0.0,,,ARC-r1,kill_cascade,304
0.0,0.0,0.0,104.23333333333333,119.0,0.075,1.0,868,0.0,11,0.0,,,ARC-r1,kill_cascade,305
5.0,0.006248749894877115,0.0,104.30555555555556,86.0,0.075,0.9377599650114833,854,5.0,11,0.0,,,ARC-r1,kill_cascade,306
0.0,0.0010826792651741357,0.0,96.7375,69.0,0.075,0.989440667689338,769,0.0,11,0.0,,,ARC-r1,kill_cascade,307
35.0,0.7393193421126765,0.0,92.88472222222222,101.0,0.075,0.04803954547151737,589,35.0,11,0.0,,,ARC-r1,kill_cascade,308
15.0,0.15627423031121523,0.0,104.17361111111111,105.0,0.075,0.18000000227276475,785,15.0,11,0.0,,,ARC-r1,kill_cascade,309
65.0,0.7974377756568618,0.0,102.85416666666667,93.0,0.075,0.03911654419392517,748,20.0,11,0.0,,,ARC-r1,kill_cascade,310
0.0,0.0,0.0,107.05555555555556,120.0,0.075,1.0,917,0.0,11,0.0,,,ARC-r1,kill_cascade,311
0.0,0.0,0.0,104.15416666666667,89.0,0.075,1.0,865,0.0,11,0.0,,,ARC-r1,kill_cascade,312
15.0,0.12521560605612825,0.0,97.41527777777777,67.0,0.075,0.27307054217561466,748,15.0,11,0.0,,,ARC-r1,kill_cascade,313
0.0,0.0,0.0,83.47916666666667,90.0,0.075,1.0,555,0.0,11,0.0,,,ARC-r1,kill_cascade,314
10.0,0.03637772599064393,0.0,110.70694444444445,103.0,0.075,0.8875837920479904,788,0.0,11,0.0,,,ARC-r1,kill_cascade,315
25.0,0.2501860622383889,0.0,111.4486111111111,99.0,0.075,0.24838788291097996,840,5.0,11,0.0,,,ARC-r1,kill_cascade,316
5.0,0.034580304429931985,0.0,99.80277777777778,117.0,0.075,0.7207052072236035,865,5.0,11,0.0,,,ARC-r1,kill_cascade,317
0.0,0.0,0.0,111.47916666666667,95.0,0.075,1.0,894,0.0,11,0.0,,,ARC-r1,kill_cascade,318
5.0,0.016414134590236884,0.0,102.65833333333333,74.0,0.075,0.8490811348673083,803,5.0,11,5.0,,,ARC-r1,kill_cascade,319
35.0,0.5902896692867143,0.0,88.25555555555556,92.0,0.075,0.055288743085948056,617,35.0,11,0.0,,,ARC-r1,kill_cascade,320
5.0,0.024548030532789422,0.0,110.4375,109.0,0.075,0.7870853137683188,765,5.0,11,0.0,,,ARC-r1,kill_cascade,321
25.0,0.24016587141186818,0.0,104.53194444444445,94.0,0.075,0.05832450205961772,748,20.0,11,0.0,,,ARC-r1,kill_cascade,322
10.0,0.0752460123430887,0.0,107.20555555555555,120.0,0.075,0.19411472785135053,873,10.0,11,0.0,,,ARC-r1,kill_cascade,323
20.0,0.3144711481971707,0.0,114.32083333333334,92.0,0.075,0.05390033513721348,909,20.0,11,0.0,,,ARC-r1,kill_cascade,324
35.0,0.6160155750305818,0.0,98.03333333333333,70.0,0.075,0.04798319583092387,801,35.0,11,20.0,,,ARC-r1,kill_cascade,325
30.0,0.6483567260249568,0.0,92.34166666666667,99.0,0.075,0.04862372961547009,615,30.0,11,0.0,,,ARC-r1,kill_cascade,326
5.0,0.008971166328108904,0.0,112.80833333333334,111.0,0.075,0.903739711370573,837,5.0,11,0.0,,,ARC-r1,kill_cascade,327
40.0,0.47075536760633474,0.0,106.44166666666666,98.0,0.075,0.06142257321291516,792,15.0,10,0.0,,,ARC-r1,kill_cascade,328
0.0,0.0,0.0,107.87777777777778,118.0,0.075,1.0,823,0.0,11,0.0,,,ARC-r1,kill_cascade,329
0.0,0.0,0.0,109.84861111111111,90.0,0.075,1.0,912,0.0,11,0.0,,,ARC-r1,kill_cascade,330
0.0,0.0,0.0,95.29305555555555,69.0,0.075,1.0,755,0.0,11,0.0,,,ARC-r1,kill_cascade,331
20.0,0.06942962663937235,0.0,88.55,89.0,0.075,0.5361129540013195,581,20.0,11,20.0,,,ARC-r1,kill_cascade,332
25.0,0.26579472014435224,0.0,113.09027777777777,115.0,0.075,0.056316029260760285,833,25.0,11,0.0,,,ARC-r1,kill_cascade,333
50.0,0.8952419000185841,0.0,105.25416666666666,98.0,0.075,0.023889176197437856,795,25.0,11,0.0,,,ARC-r1,kill_cascade,334
0.0,0.0,0.0,108.19305555555556,120.0,0.075,1.0,919,0.0,11,0.0,,,ARC-r1,kill_cascade,335
0.0,0.0,0.0,106.77638888888889,90.0,0.075,1.0,856,0.0,11,0.0,,,ARC-r1,kill_cascade,336
15.0,0.1456670557405948,0.0,103.77916666666667,75.0,0.075,0.03678261012211043,791,15.0,11,0.0,,,ARC-r1,kill_cascade,337
35.0,0.6757146297373673,0.0,87.35,92.0,0.075,0.0487462264947289,552,35.0,11,0.0,,,ARC-r1,kill_cascade,338
30.0,0.5315688341521962,0.0,101.79583333333333,97.0,0.075,0.05028822378893946,783,25.0,11,0.0,,,ARC-r1,kill_cascade,339
10.0,0.04162148501974938,0.0,74.35833333333333,47.0,0.075,0.7736709614398759,38,10.0,0,0.0,,,HPA-r0,node_failure,300
5.0,0.010500052454776032,0.0,73.57916666666667,45.0,0.075,0.9024514463407995,36,5.0,0,0.0,,,HPA-r0,node_failure,301
15.0,0.20795312237718022,0.0,72.75694444444444,49.0,0.075,0.053386802736117824,50,15.0,0,0.0,,,HPA-r0,node_failure,302
0.0,0.0,0.0,73.48194444444445,45.0,0.075,1.0,31,0.0,0,0.0,,,HPA-r0,node_failure,303
40.0,0.7215526259227389,0.0,70.98611111111111,46.0,0.075,0.03167342396878194,39,35.0,0,0.0,,,HPA-r0,node_failure,304
5.0,0.042735920867409405,0.0,76.49444444444444,55.0,0.075,0.8489469506165075,69,5.0,0,0.0,,,HPA-r0,node_failure,305
0.0,0.0,0.0,73.86805555555556,47.0,0.075,1.0,45,0.0,0,0.0,,,HPA-r0,node_failure,306
0.0,0.0,0.0,72.08055555555555,44.0,0.075,1.0,33,0.0,0,0.0,,,HPA-r0,node_failure,307
0.0,0.0,0.0,72.96388888888889,51.0,0.075,1.0,51,0.0,0,0.0,,,HPA-r0,node_failure,308
0.0,0.0011763698789191146,0.0,73.61527777777778,45.0,0.075,0.9940732652742548,25,0.0,0,0.0,,,HPA-r0,node_failure,309
5.0,0.08512673658823688,0.0,71.01944444444445,45.0,0.075,0.5725680553994551,41,0.0,0,0.0,,,HPA-r0,node_failure,310
25.0,0.315645479044413,0.0,76.22361111111111,54.0,0.075,0.3924581470651214,69,25.0,0,0.0,,,HPA-r0,node_failure,311
0.0,0.0,0.0,73.7388888888889,45.0,0.075,1.0,39,0.0,0,0.0,,,HPA-r0,node_failure,312
0.0,0.0,0.0,72.98472222222222,45.0,0.075,1.0,30,0.0,0,0.0,,,HPA-r0,node_failure,313
0.0,0.0,0.0,72.11666666666666,47.0,0.075,1.0,49,0.0,0,0.0,,,HPA-r0,node_failure,314
0.0,0.002575052618503104,0.0,73.15972222222223,42.0,0.075,0.987686495087452,36,0.0,0,0.0,,,HPA-r0,node_failure,315
45.0,0.7737177522224248,0.0,72.65,50.0,0.075,0.00743262111614584,42,40.0,0,0.0,,,HPA-r0,node_failure,316
15.0,0.0751797827005074,0.0,76.77222222222223,53.0,0.075,0.7207052072236035,65,5.0,0,0.0,,,HPA-r0,node_failure,317
0.0,0.0002568336047947817,0.0,73.5736111111111,46.0,0.075,0.997460790579571,39,0.0,0,0.0,,,HPA-r0,node_failure,318
0.0,0.0,0.0,73.78611111111111,45.0,0.075,1.0,39,0.0,0,0.0,,,HPA-r0,node_failure,319
0.0,0.0,0.0,72.58888888888889,50.0,0.075,1.0,53,0.0,0,0.0,,,HPA-r0,node_failure,320
0.0,0.002876423428310737,0.0,73.18611111111112,44.0,0.075,0.9717141937811495,27,0.0,0,0.0,,,HPA-r0,node_failure,321
15.0,0.1892359750593653,0.0,69.71111111111111,43.0,0.075,0.0564160048832274,36,10.0,0,0.0,,,HPA-r0,node_failure,322
45.0,0.5122029811570838,0.0,76.72916666666667,54.0,0.075,0.0595221483765492,69,35.0,0,0.0,,,HPA-r0,node_failure,323
25.0,0.40461251635282025,0.0,74.95555555555555,45.0,0.075,0.0527875834260556,49,25.0,0,0.0,,,HPA-r0,node_failure,324
15.0,0.14592747134858364,0.0,74.04027777777777,44.0,0.075,0.4105028065373349,44,5.0,0,0.0,,,HPA-r0,node_failure,325
10.0,0.0158153097633007,0.0,73.47638888888889,51.0,0.075,0.9081773117651318,49,10.0,0,0.0,,,HPA-r0,node_failure,326
0.0,0.0014745453874143166,0.0,72.3013888888889,43.0,0.075,0.9841781815878456,34,0.0,0,0.0,,,HPA-r0,node_failure,327
5.0,0.02841789977856557,0.0,70.24583333333334,45.0,0.075,0.838478929290961,40,0.0,0,0.0,,,HPA-r0,node_failure,328
5.0,0.023802943346118433,0.0,75.2388888888889,52.0,0.075,0.9195847857320183,68,5.0,0,0.0,,,HPA-r0,node_failure,329
0.0,0.0014874221694438639,0.0,73.72083333333333,45.0,0.075,0.9914807488482167,38,0.0,0,0.0,,,HPA-r0,node_failure,330
0.0,0.0,0.0,72.82638888888889,45.0,0.075,1.0,34,0.0,0,0.0,,,HPA-r0,node_failure,331
0.0,0.0,0.0,71.42361111111111,48.0,0.075,1.0,51,0.0,0,0.0,,,HPA-r0,node_failure,332
0.0,0.004705098131985164,0.0,73.71388888888889,43.0,0.075,0.9767534900794016,35,0.0,0,0.0,,,HPA-r0,node_failure,333
10.0,0.07883808456427,0.0,70.19444444444444,45.0,0.075,0.6196054250066515,39,0.0,0,0.0,,,HPA-r0,node_failure,334
45.0,0.59505892041809,0.0,78.30972222222222,55.0,0.075,0.05134611339673667,69,30.0,0,0.0,,,HPA-r0,node_failure,335
0.0,0.0,0.0,74.0375,46.0,0.075,1.0,42,0.0,0,0.0,,,HPA-r0,node_failure,336
0.0,0.0,0.0,72.91111111111111,45.0,0.075,1.0,35,0.0,0,0.0,,,HPA-r0,node_failure,337
20.0,0.21992191519039084,0.0,72.60972222222222,52.0,0.075,0.13078650595303115,50,20.0,0,0.0,,,HPA-r0,node_failure,338
25.0,0.39540648362943465,0.0,73.96527777777777,43.0,0.075,0.11037947713367947,32,25.0,0,0.0,,,HPA-r0,node_failure,339
0.0,0.0,0.0,80.70138888888889,56.0,0.075,1.0,151,0.0,0,0.0,,,HPA-fast-r0,node_failure,300
5.0,0.010500052454776032,0.0,78.60138888888889,49.0,0.075,0.9024514463407995,117,5.0,0,0.0,,,HPA-fast-r0,node_failure,301
15.0,0.21164504799321415,0.0,70.35416666666667,50.0,0.075,0.053386802736117824,95,15.0,0,0.0,,,HPA-fast-r0,node_failure,302
0.0,0.0,0.0,80.77083333333333,58.0,0.075,1.0,136,0.0,0,0.0,,,HPA-fast-r0,node_failure,303
0.0,0.0039736498094300465,0.0,78.49027777777778,52.0,0.075,0.9754156145110046,129,0.0,0,0.0,,,HPA-fast-r0,node_failure,304
5.0,0.0323361712492809,0.0,77.16805555555555,59.0,0.075,0.8657310904987419,162,5.0,0,0.0,,,HPA-fast-r0,node_failure,305
0.0,0.0,0.0,81.1125,56.0,0.075,1.0,154,0.0,0,0.0,,,HPA-fast-r0,node_failure,306
0.0,0.0,0.0,78.90416666666667,49.0,0.075,1.0,100,0.0,0,0.0,,,HPA-fast-r0,node_failure,307
0.0,0.0,0.0,71.17361111111111,50.0,0.075,1.0,93,0.0,0,0.0,,,HPA-fast-r0,node_failure,308
0.0,0.0,0.0,79.9625,60.0,0.075,1.0,127,0.0,0,0.0,,,HPA-fast-r0,node_failure,309
0.0,0.002655428316877817,0.0,78.94166666666666,50.0,0.075,0.9855380820468478,146,0.0,0,0.0,,,HPA-fast-r0,node_failure,310
5.0,0.032408645460679786,0.0,78.40555555555555,58.0,0.075,0.8701897529508422,163,5.0,0,0.0,,,HPA-fast-r0,node_failure,311
0.0,0.0,0.0,80.74861111111112,58.0,0.075,1.0,170,0.0,0,0.0,,,HPA-fast-r0,node_failure,312
0.0,0.0,0.0,77.54861111111111,50.0,0.075,1.0,102,0.0,0,0.0,,,HPA-fast-r0,node_failure,313
10.0,0.009294098627010694,0.0,70.16527777777777,51.0,0.075,0.9376273322529071,91,0.0,0,0.0,,,HPA-fast-r0,node_failure,314
0.0,0.0,0.0,80.0375,63.0,0.075,1.0,129,0.0,0,0.0,,,HPA-fast-r0,node_failure,315
10.0,0.03673438274310881,0.0,78.6875,50.0,0.075,0.7473081959576723,146,10.0,0,0.0,,,HPA-fast-r0,node_failure,316
5.0,0.0408465341351083,0.0,77.59305555555555,59.0,0.075,0.7207052072236035,169,5.0,0,0.0,,,HPA-fast-r0,node_failure,317
0.0,0.0002568336047947817,0.0,81.05972222222222,58.0,0.075,0.997460790579571,171,0.0,0,0.0,,,HPA-fast-r0,node_failure,318
25.0,0.14909214660050463,0.0,78.68333333333334,49.0,0.075,0.3331634597255042,111,25.0,0,0.0,,,HPA-fast-r0,node_failure,319
5.0,0.008573807706457881,0.0,70.96944444444445,50.0,0.075,0.9217298170838387,105,0.0,0,0.0,,,HPA-fast-r0,node_failure,320
0.0,0.002876423428310737,0.0,80.08888888888889,59.0,0.075,0.9717141937811495,136,0.0,0,0.0,,,HPA-fast-r0,node_failure,321
0.0,0.00472286253158094,0.0,78.89861111111111,52.0,0.075,0.9746058519511821,141,0.0,0,0.0,,,HPA-fast-r0,node_failure,322
35.0,0.4012908150496486,0.0,78.21666666666667,60.0,0.075,0.0595221483765492,155,30.0,0,0.0,,,HPA-fast-r0,node_failure,323
0.0,0.0,0.0,80.76666666666667,56.0,0.075,1.0,167,0.0,0,0.0,,,HPA-fast-r0,node_failure,324
20.0,0.214116026679656,0.0,77.93194444444444,49.0,0.075,0.3262987796271749,105,5.0,0,0.0,,,HPA-fast-r0,node_failure,325
15.0,0.028846753053279883,0.0,70.76388888888889,49.0,0.075,0.8739571754760147,89,15.0,0,0.0,,,HPA-fast-r0,node_failure,326
0.0,0.0014745453874143166,0.0,79.6986111111111,60.0,0.075,0.9841781815878456,123,0.0,0,0.0,,,HPA-fast-r0,node_failure,327
0.0,0.0,0.0,78.45,50.0,0.075,1.0,128,0.0,0,0.0,,,HPA-fast-r0,node_failure,328
0.0,0.0,0.0,77.10694444444445,57.0,0.075,1.0,159,0.0,0,0.0,,,HPA-fast-r0,node_failure,329
0.0,0.0,0.0,80.43472222222222,59.0,0.075,1.0,149,0.0,0,0.0,,,HPA-fast-r0,node_failure,330
0.0,0.0,0.0,78.39166666666667,48.0,0.075,1.0,107,0.0,0,0.0,,,HPA-fast-r0,node_failure,331
0.0,0.0,0.0,70.44305555555556,49.0,0.075,1.0,87,0.0,0,0.0,,,HPA-fast-r0,node_failure,332
0.0,0.0,0.0,79.73055555555555,59.0,0.075,1.0,130,0.0,0,0.0,,,HPA-fast-r0,node_failure,333
0.0,0.003947198646092609,0.0,79.13888888888889,50.0,0.075,0.9786118388317111,136,0.0,0,0.0,,,HPA-fast-r0,node_failure,334
10.0,0.06999189015073348,0.0,78.49722222222222,58.0,0.075,0.29870373468797257,171,5.0,0,0.0,,,HPA-fast-r0,node_failure,335
0.0,0.0,0.0,80.87777777777778,58.0,0.075,1.0,157,0.0,0,0.0,,,HPA-fast-r0,node_failure,336
0.0,0.0,0.0,77.79166666666667,49.0,0.075,1.0,98,0.0,0,0.0,,,HPA-fast-r0,node_failure,337
10.0,0.01854447245780433,0.0,70.9486111111111,52.0,0.075,0.86030836231914,100,0.0,0,0.0,,,HPA-fast-r0,node_failure,338
5.0,0.006217659653440233,0.0,80.37361111111112,58.0,0.075,0.9490295046350564,143,5.0,0,0.0,,,HPA-fast-r0,node_failure,339
0.0,0.0,0.0,92.8,61.0,0.075,1.0,53,0.0,0,0.0,,,HPA-45-r0,node_failure,300
0.0,0.0,0.0,90.61111111111111,57.0,0.075,1.0,34,0.0,0,0.0,,,HPA-45-r0,node_failure,301
0.0,0.0,0.0,90.35,59.0,0.075,1.0,48,0.0,0,0.0,,,HPA-45-r0,node_failure,302
0.0,0.0,0.0,90.9875,56.0,0.075,1.0,29,0.0,0,0.0,,,HPA-45-r0,node_failure,303
0.0,0.0039736498094300465,0.0,88.34861111111111,58.0,0.075,0.9754156145110046,48,0.0,0,0.0,,,HPA-45-r0,node_failure,304
0.0,0.0,0.0,95.70416666666667,70.0,0.075,1.0,68,0.0,0,0.0,,,HPA-45-r0,node_failure,305
0.0,0.0,0.0,92.42777777777778,58.0,0.075,1.0,47,0.0,0,0.0,,,HPA-45-r0,node_failure,306
0.0,0.0,0.0,90.83055555555555,57.0,0.075,1.0,40,0.0,0,0.0,,,HPA-45-r0,node_failure,307
0.0,0.0,0.0,91.3375,64.0,0.075,1.0,58,0.0,0,0.0,,,HPA-45-r0,node_failure,308
0.0,0.0,0.0,92.55833333333334,54.0,0.075,1.0,33,0.0,0,0.0,,,HPA-45-r0,node_failure,309
0.0,0.0,0.0,89.19166666666666,57.0,0.075,1.0,45,0.0,0,0.0,,,HPA-45-r0,node_failure,310
0.0,0.0,0.0,95.65277777777777,70.0,0.075,1.0,71,0.0,0,0.0,,,HPA-45-r0,node_failure,311
0.0,0.0,0.0,94.27916666666667,60.0,0.075,1.0,53,0.0,0,0.0,,,HPA-45-r0,node_failure,312
0.0,0.0,0.0,91.74444444444444,58.0,0.075,1.0,38,0.0,0,0.0,,,HPA-45-r0,node_failure,313
0.0,0.0,0.0,89.62916666666666,58.0,0.075,1.0,47,0.0,0,0.0,,,HPA-45-r0,node_failure,314
0.0,0.0,0.0,91.99305555555556,57.0,0.075,1.0,36,0.0,0,0.0,,,HPA-45-r0,node_failure,315
10.0,0.08229329268883978,0.0,90.59027777777777,61.0,0.075,0.4993649172920162,44,10.0,0,0.0,,,HPA-45-r0,node_failure,316
5.0,0.034580304429931985,0.0,97.22638888888889,70.0,0.075,0.7207052072236035,75,5.0,0,0.0,,,HPA-45-r0,node_failure,317
0.0,0.0,0.0,92.90416666666667,59.0,0.075,1.0,49,0.0,0,0.0,,,HPA-45-r0,node_failure,318
0.0,0.0,0.0,92.76944444444445,56.0,0.075,1.0,42,0.0,0,0.0,,,HPA-45-r0,node_failure,319
0.0,0.0,0.0,90.70277777777778,63.0,0.075,1.0,54,0.0,0,0.0,,,HPA-45-r0,node_failure,320
0.0,0.0,0.0,90.6875,53.0,0.075,1.0,29,0.0,0,0.0,,,HPA-45-r0,node_failure,321
0.0,0.0,0.0,87.10416666666667,53.0,0.075,1.0,37,0.0,0,0.0,,,HPA-45-r0,node_failure,322
0.0,0.0,0.0,96.24861111111112,71.0,0.075,1.0,76,0.0,0,0.0,,,HPA-45-r0,node_failure,323
0.0,0.0,0.0,94.09444444444445,58.0,0.075,1.0,56,0.0,0,0.0,,,HPA-45-r0,node_failure,324
5.0,0.007586553708860411,0.0,91.61944444444444,56.0,0.075,0.9229096477406704,54,5.0,0,0.0,,,HPA-45-r0,node_failure,325
0.0,0.0,0.0,91.26388888888889,63.0,0.075,1.0,54,0.0,0,0.0,,,HPA-45-r0,node_failure,326
0.0,0.0014745453874143166,0.0,91.21527777777777,53.0,0.075,0.9841781815878456,38,0.0,0,0.0,,,HPA-45-r0,node_failure,327
0.0,0.0,0.0,88.62916666666666,56.0,0.075,1.0,49,0.0,0,0.0,,,HPA-45-r0,node_failure,328
0.0,0.0,0.0,94.37222222222222,69.0,0.075,1.0,69,0.0,0,0.0,,,HPA-45-r0,node_failure,329
0.0,0.0,0.0,91.95972222222223,56.0,0.075,1.0,35,0.0,0,0.0,,,HPA-45-r0,node_failure,330
0.0,0.0,0.0,91.89722222222223,58.0,0.075,1.0,54,0.0,0,0.0,,,HPA-45-r0,node_failure,331
0.0,0.0,0.0,90.59166666666667,62.0,0.075,1.0,54,0.0,0,0.0,,,HPA-45-r0,node_failure,332
0.0,0.0,0.0,91.14583333333333,54.0,0.075,1.0,34,0.0,0,0.0,,,HPA-45-r0,node_failure,333
0.0,0.0,0.0,88.67222222222222,56.0,0.075,1.0,42,0.0,0,0.0,,,HPA-45-r0,node_failure,334
0.0,0.0,0.0,97.01944444444445,68.0,0.075,1.0,76,0.0,0,0.0,,,HPA-45-r0,node_failure,335
0.0,0.0,0.0,93.0513888888889,58.0,0.075,1.0,58,0.0,0,0.0,,,HPA-45-r0,node_failure,336
0.0,0.0,0.0,91.38472222222222,56.0,0.075,1.0,44,0.0,0,0.0,,,HPA-45-r0,node_failure,337
0.0,0.0,0.0,91.55833333333334,65.0,0.075,1.0,54,0.0,0,0.0,,,HPA-45-r0,node_failure,338
0.0,0.0,0.0,92.70833333333333,53.0,0.075,1.0,34,0.0,0,0.0,,,HPA-45-r0,node_failure,339
0.0,0.0,0.0,128.325,87.0,0.075,1.0,95,0.0,0,0.0,,,PredHPA-r0,node_failure,300
0.0,0.0,0.0,113.24027777777778,71.0,0.075,1.0,73,0.0,0,0.0,,,PredHPA-r0,node_failure,301
0.0,0.0,0.0,107.12777777777778,85.0,0.075,1.0,86,0.0,0,0.0,,,PredHPA-r0,node_failure,302
0.0,0.0,0.0,121.62916666666666,95.0,0.075,1.0,68,0.0,0,0.0,,,PredHPA-r0,node_failure,303
0.0,0.0,0.0,123.31527777777778,85.0,0.075,1.0,103,0.0,0,0.0,,,PredHPA-r0,node_failure,304
0.0,0.0,0.0,128.94027777777777,111.0,0.075,1.0,129,0.0,0,0.0,,,PredHPA-r0,node_failure,305
0.0,0.0,0.0,128.95138888888889,85.0,0.075,1.0,86,0.0,0,0.0,,,PredHPA-r0,node_failure,306
0.0,0.0,0.0,113.23055555555555,72.0,0.075,1.0,76,0.0,0,0.0,,,PredHPA-r0,node_failure,307
0.0,0.0,0.0,106.7,89.0,0.075,1.0,77,0.0,0,0.0,,,PredHPA-r0,node_failure,308
0.0,0.0,0.0,123.63333333333334,99.0,0.075,1.0,69,0.0,0,0.0,,,PredHPA-r0,node_failure,309
0.0,0.0,0.0,123.26805555555555,88.0,0.075,1.0,98,0.0,0,0.0,,,PredHPA-r0,node_failure,310
0.0,0.0,0.0,130.05833333333334,111.0,0.075,1.0,130,0.0,0,0.0,,,PredHPA-r0,node_failure,311
0.0,0.0,0.0,128.6472222222222,82.0,0.075,1.0,97,0.0,0,0.0,,,PredHPA-r0,node_failure,312
0.0,0.0,0.0,113.22222222222223,67.0,0.075,1.0,80,0.0,0,0.0,,,PredHPA-r0,node_failure,313
0.0,0.0,0.0,107.85416666666667,90.0,0.075,1.0,85,0.0,0,0.0,,,PredHPA-r0,node_failure,314
0.0,0.0,0.0,122.72083333333333,102.0,0.075,1.0,74,0.0,0,0.0,,,PredHPA-r0,node_failure,315
0.0,0.0,0.0,121.875,82.0,0.075,1.0,98,0.0,0,0.0,,,PredHPA-r0,node_failure,316
5.0,0.034580304429931985,0.0,127.84583333333333,107.0,0.075,0.7207052072236035,128,5.0,0,0.0,,,PredHPA-r0,node_failure,317
0.0,0.0,0.0,128.9013888888889,85.0,0.075,1.0,95,0.0,0,0.0,,,PredHPA-r0,node_failure,318
0.0,0.0,0.0,111.86666666666666,68.0,0.075,1.0,75,0.0,0,0.0,,,PredHPA-r0,node_failure,319
0.0,0.0,0.0,106.92083333333333,87.0,0.075,1.0,84,0.0,0,0.0,,,PredHPA-r0,node_failure,320
0.0,0.0,0.0,121.34861111111111,96.0,0.075,1.0,64,0.0,0,0.0,,,PredHPA-r0,node_failure,321
0.0,0.0,0.0,121.59861111111111,87.0,0.075,1.0,103,0.0,0,0.0,,,PredHPA-r0,node_failure,322
0.0,0.0,0.0,128.68055555555554,109.0,0.075,1.0,127,0.0,0,0.0,,,PredHPA-r0,node_failure,323
0.0,0.0,0.0,127.30972222222222,80.0,0.075,1.0,89,0.0,0,0.0,,,PredHPA-r0,node_failure,324
0.0,0.0,0.0,112.2125,68.0,0.075,1.0,68,0.0,0,0.0,,,PredHPA-r0,node_failure,325
0.0,0.0,0.0,108.52916666666667,90.0,0.075,1.0,79,0.0,0,0.0,,,PredHPA-r0,node_failure,326
0.0,0.0,0.0,120.3875,95.0,0.075,1.0,64,0.0,0,0.0,,,PredHPA-r0,node_failure,327
0.0,0.0,0.0,121.81944444444444,85.0,0.075,1.0,110,0.0,0,0.0,,,PredHPA-r0,node_failure,328
0.0,0.0,0.0,127.60833333333333,103.0,0.075,1.0,130,0.0,0,0.0,,,PredHPA-r0,node_failure,329
0.0,0.0,0.0,128.1027777777778,82.0,0.075,1.0,96,0.0,0,0.0,,,PredHPA-r0,node_failure,330
0.0,0.0,0.0,113.40416666666667,70.0,0.075,1.0,76,0.0,0,0.0,,,PredHPA-r0,node_failure,331
0.0,0.0,0.0,107.075,87.0,0.075,1.0,89,0.0,0,0.0,,,PredHPA-r0,node_failure,332
0.0,0.0,0.0,120.09861111111111,95.0,0.075,1.0,59,0.0,0,0.0,,,PredHPA-r0,node_failure,333
0.0,0.0,0.0,123.32083333333334,86.0,0.075,1.0,109,0.0,0,0.0,,,PredHPA-r0,node_failure,334
0.0,0.0,0.0,129.4013888888889,106.0,0.075,1.0,125,0.0,0,0.0,,,PredHPA-r0,node_failure,335
0.0,0.0,0.0,129.5222222222222,84.0,0.075,1.0,101,0.0,0,0.0,,,PredHPA-r0,node_failure,336
0.0,0.0,0.0,111.11944444444444,69.0,0.075,1.0,75,0.0,0,0.0,,,PredHPA-r0,node_failure,337
0.0,0.0,0.0,106.50138888888888,86.0,0.075,1.0,80,0.0,0,0.0,,,PredHPA-r0,node_failure,338
0.0,0.0,0.0,122.28888888888889,95.0,0.075,1.0,66,0.0,0,0.0,,,PredHPA-r0,node_failure,339
0.0,0.0,0.0,128.32916666666668,87.0,0.075,1.0,95,0.0,0,0.0,,,PredHPA-r1,node_failure,300
0.0,0.0,0.0,113.24027777777778,71.0,0.075,1.0,73,0.0,0,0.0,,,PredHPA-r1,node_failure,301
0.0,0.0,0.0,107.12777777777778,85.0,0.075,1.0,86,0.0,0,0.0,,,PredHPA-r1,node_failure,302
0.0,0.0,0.0,121.62916666666666,95.0,0.075,1.0,68,0.0,0,0.0,,,PredHPA-r1,node_failure,303
0.0,0.0,0.0,123.31527777777778,85.0,0.075,1.0,103,0.0,0,0.0,,,PredHPA-r1,node_failure,304
0.0,0.0,0.0,128.94027777777777,111.0,0.075,1.0,129,0.0,0,0.0,,,PredHPA-r1,node_failure,305
0.0,0.0,0.0,128.95138888888889,85.0,0.075,1.0,86,0.0,0,0.0,,,PredHPA-r1,node_failure,306
0.0,0.0,0.0,113.23055555555555,72.0,0.075,1.0,77,0.0,0,0.0,,,PredHPA-r1,node_failure,307
0.0,0.0,0.0,106.7,89.0,0.075,1.0,77,0.0,0,0.0,,,PredHPA-r1,node_failure,308
0.0,0.0,0.0,123.63333333333334,99.0,0.075,1.0,69,0.0,0,0.0,,,PredHPA-r1,node_failure,309
0.0,0.0,0.0,123.05972222222222,88.0,0.075,1.0,94,0.0,0,0.0,,,PredHPA-r1,node_failure,310
0.0,0.0,0.0,130.05833333333334,111.0,0.075,1.0,130,0.0,0,0.0,,,PredHPA-r1,node_failure,311
0.0,0.0,0.0,131.4361111111111,84.0,0.075,1.0,110,0.0,0,0.0,,,PredHPA-r1,node_failure,312
0.0,0.0,0.0,113.43611111111112,67.0,0.075,1.0,82,0.0,0,0.0,,,PredHPA-r1,node_failure,313
0.0,0.0,0.0,107.85416666666667,90.0,0.075,1.0,85,0.0,0,0.0,,,PredHPA-r1,node_failure,314
0.0,0.0,0.0,122.72083333333333,102.0,0.075,1.0,74,0.0,0,0.0,,,PredHPA-r1,node_failure,315
0.0,0.0,0.0,121.875,82.0,0.075,1.0,98,0.0,0,0.0,,,PredHPA-r1,node_failure,316
5.0,0.034580304429931985,0.0,127.84583333333333,107.0,0.075,0.7207052072236035,128,5.0,0,0.0,,,PredHPA-r1,node_failure,317
0.0,0.0,0.0,128.9013888888889,85.0,0.075,1.0,95,0.0,0,0.0,,,PredHPA-r1,node_failure,318
0.0,0.0,0.0,111.86666666666666,68.0,0.075,1.0,75,0.0,0,0.0,,,PredHPA-r1,node_failure,319
0.0,0.0,0.0,106.92083333333333,87.0,0.075,1.0,84,0.0,0,0.0,,,PredHPA-r1,node_failure,320
0.0,0.0,0.0,121.34861111111111,96.0,0.075,1.0,64,0.0,0,0.0,,,PredHPA-r1,node_failure,321
0.0,0.0,0.0,121.59861111111111,87.0,0.075,1.0,103,0.0,0,0.0,,,PredHPA-r1,node_failure,322
0.0,0.0,0.0,128.68055555555554,109.0,0.075,1.0,127,0.0,0,0.0,,,PredHPA-r1,node_failure,323
0.0,0.0,0.0,127.30972222222222,80.0,0.075,1.0,89,0.0,0,0.0,,,PredHPA-r1,node_failure,324
0.0,0.0,0.0,111.84027777777777,67.0,0.075,1.0,62,0.0,0,0.0,,,PredHPA-r1,node_failure,325
0.0,0.0,0.0,108.52916666666667,90.0,0.075,1.0,79,0.0,0,0.0,,,PredHPA-r1,node_failure,326
0.0,0.0,0.0,120.3875,95.0,0.075,1.0,64,0.0,0,0.0,,,PredHPA-r1,node_failure,327
0.0,0.0,0.0,121.81944444444444,85.0,0.075,1.0,110,0.0,0,0.0,,,PredHPA-r1,node_failure,328
0.0,0.0,0.0,127.60833333333333,103.0,0.075,1.0,130,0.0,0,0.0,,,PredHPA-r1,node_failure,329
0.0,0.0,0.0,128.1027777777778,82.0,0.075,1.0,96,0.0,0,0.0,,,PredHPA-r1,node_failure,330
0.0,0.0,0.0,113.40416666666667,70.0,0.075,1.0,76,0.0,0,0.0,,,PredHPA-r1,node_failure,331
0.0,0.0,0.0,107.075,87.0,0.075,1.0,89,0.0,0,0.0,,,PredHPA-r1,node_failure,332
0.0,0.0,0.0,120.09861111111111,95.0,0.075,1.0,59,0.0,0,0.0,,,PredHPA-r1,node_failure,333
0.0,0.0,0.0,123.32083333333334,86.0,0.075,1.0,109,0.0,0,0.0,,,PredHPA-r1,node_failure,334
0.0,0.0,0.0,130.27916666666667,106.0,0.075,1.0,135,0.0,0,0.0,,,PredHPA-r1,node_failure,335
0.0,0.0,0.0,129.5222222222222,84.0,0.075,1.0,101,0.0,0,0.0,,,PredHPA-r1,node_failure,336
0.0,0.0,0.0,111.11944444444444,69.0,0.075,1.0,75,0.0,0,0.0,,,PredHPA-r1,node_failure,337
0.0,0.0,0.0,106.50138888888888,86.0,0.075,1.0,80,0.0,0,0.0,,,PredHPA-r1,node_failure,338
0.0,0.0,0.0,122.28888888888889,95.0,0.075,1.0,66,0.0,0,0.0,,,PredHPA-r1,node_failure,339
0.0,0.0,0.0,110.97916666666667,98.0,0.075,1.0,891,0.0,11,0.0,,,ARC,node_failure,300
5.0,0.010500052454776032,0.0,100.2375,72.0,0.075,0.9024514463407995,794,5.0,11,0.0,,,ARC,node_failure,301
15.0,0.23514846015775248,0.0,93.59166666666667,96.0,0.075,0.05014301040966497,605,15.0,11,0.0,,,ARC,node_failure,302
0.0,0.0,0.0,105.82083333333334,100.0,0.075,1.0,817,0.0,11,0.0,,,ARC,node_failure,303
20.0,0.22238225698669734,0.0,113.89027777777778,102.0,0.075,0.06146026306882188,804,5.0,10,0.0,,,ARC,node_failure,304
0.0,0.0,0.0,104.59166666666667,120.0,0.075,1.0,867,0.0,11,0.0,,,ARC,node_failure,305
0.0,0.0,0.0,104.36944444444444,86.0,0.075,1.0,858,0.0,11,0.0,,,ARC,node_failure,306
0.0,0.0,0.0,96.87361111111112,69.0,0.075,1.0,771,0.0,11,0.0,,,ARC,node_failure,307
0.0,0.0,0.0,91.78472222222223,97.0,0.075,1.0,582,0.0,11,0.0,,,ARC,node_failure,308
10.0,0.09575549979791154,0.0,102.7,94.0,0.075,0.5848933137505394,768,0.0,11,0.0,,,ARC,node_failure,309
45.0,0.7185941313782362,0.0,100.90555555555555,93.0,0.075,0.03911654419392517,744,0.0,11,0.0,,,ARC,node_failure,310
0.0,0.0,0.0,106.89861111111111,120.0,0.075,1.0,905,0.0,11,0.0,,,ARC,node_failure,311
0.0,0.0,0.0,104.02083333333333,85.0,0.075,1.0,860,0.0,11,0.0,,,ARC,node_failure,312
0.0,0.0,0.0,95.31111111111112,68.0,0.075,1.0,728,0.0,11,0.0,,,ARC,node_failure,313
0.0,0.0,0.0,83.21944444444445,88.0,0.075,1.0,553,0.0,11,0.0,,,ARC,node_failure,314
10.0,0.22035479386255385,0.0,112.99027777777778,110.0,0.075,0.063331207324852,785,0.0,11,0.0,,,ARC,node_failure,315
20.0,0.09604553378332881,0.0,110.81666666666666,95.0,0.075,0.5519268163095347,832,10.0,11,0.0,,,ARC,node_failure,316
0.0,0.0,0.0,99.85555555555555,115.0,0.075,1.0,853,0.0,11,0.0,,,ARC,node_failure,317
0.0,0.0,0.0,111.4486111111111,96.0,0.075,1.0,897,0.0,11,0.0,,,ARC,node_failure,318
10.0,0.017438933965219228,0.0,103.76805555555555,83.0,0.075,0.9000000006957946,821,10.0,11,10.0,,,ARC,node_failure,319
0.0,0.0,0.0,87.42361111111111,92.0,0.075,1.0,618,0.0,11,0.0,,,ARC,node_failure,320
0.0,0.0,0.0,110.39861111111111,107.0,0.075,1.0,758,0.0,11,0.0,,,ARC,node_failure,321
35.0,0.6094336621511376,0.0,106.07916666666667,99.0,0.075,0.031423465166538725,741,15.0,11,0.0,,,ARC,node_failure,322
0.0,0.0,0.0,105.63333333333334,120.0,0.075,1.0,870,0.0,10,0.0,,,ARC,node_failure,323
0.0,0.0,0.0,111.02083333333333,90.0,0.075,1.0,874,0.0,11,0.0,,,ARC,node_failure,324
5.0,0.007586553708860411,0.0,96.85694444444445,70.0,0.075,0.9229096477406704,782,5.0,11,5.0,,,ARC,node_failure,325
15.0,0.12195088899907836,0.0,91.98333333333333,98.0,0.075,0.0947335500750794,628,15.0,11,0.0,,,ARC,node_failure,326
0.0,0.0,0.0,113.32916666666667,111.0,0.075,1.0,847,0.0,11,0.0,,,ARC,node_failure,327
25.0,0.3446102868747247,0.0,104.70694444444445,98.0,0.075,0.114831879418647,772,0.0,11,0.0,,,ARC,node_failure,328
0.0,0.0,0.0,108.49444444444444,118.0,0.075,1.0,826,0.0,11,0.0,,,ARC,node_failure,329
0.0,0.0,0.0,109.69027777777778,90.0,0.075,1.0,910,0.0,11,0.0,,,ARC,node_failure,330
0.0,0.0,0.0,95.61805555555556,66.0,0.075,1.0,760,0.0,11,0.0,,,ARC,node_failure,331
15.0,0.02715173963750983,0.0,90.20277777777778,90.0,0.075,0.9000000007476301,584,15.0,11,15.0,,,ARC,node_failure,332
0.0,0.0046006188064939835,0.0,111.12777777777778,109.0,0.075,0.9772696917841349,820,0.0,11,0.0,,,ARC,node_failure,333
55.0,0.6096058500782209,0.0,104.80416666666666,98.0,0.075,0.059496249897234656,795,0.0,11,0.0,,,ARC,node_failure,334
0.0,0.0,0.0,108.24166666666666,120.0,0.075,1.0,908,0.0,11,0.0,,,ARC,node_failure,335
0.0,0.0,0.0,106.81527777777778,89.0,0.075,1.0,843,0.0,11,0.0,,,ARC,node_failure,336
0.0,0.0,0.0,101.39305555555555,72.0,0.075,1.0,778,0.0,11,0.0,,,ARC,node_failure,337
0.0,0.0,0.0,86.94444444444444,91.0,0.075,1.0,552,0.0,11,0.0,,,ARC,node_failure,338
5.0,0.017817612250869974,0.0,100.53611111111111,99.0,0.075,0.9118099585349496,779,0.0,11,0.0,,,ARC,node_failure,339
0.0,0.0,0.0,109.53888888888889,94.0,0.075,1.0,892,0.0,11,0.0,,,ARC-r0,node_failure,300
5.0,0.010500052454776032,0.0,100.2375,72.0,0.075,0.9024514463407995,794,5.0,11,0.0,,,ARC-r0,node_failure,301
15.0,0.20795312237718022,0.0,93.59166666666667,96.0,0.075,0.053386802736117824,605,15.0,11,0.0,,,ARC-r0,node_failure,302
0.0,0.0,0.0,105.82083333333334,100.0,0.075,1.0,817,0.0,11,0.0,,,ARC-r0,node_failure,303
35.0,0.4925556579244872,0.0,113.60138888888889,101.0,0.075,0.09808520410238077,810,5.0,10,0.0,,,ARC-r0,node_failure,304
0.0,0.0,0.0,104.59166666666667,120.0,0.075,1.0,867,0.0,11,0.0,,,ARC-r0,node_failure,305
0.0,0.0,0.0,104.36944444444444,86.0,0.075,1.0,857,0.0,11,0.0,,,ARC-r0,node_failure,306
0.0,0.0,0.0,96.87361111111112,69.0,0.075,1.0,771,0.0,11,0.0,,,ARC-r0,node_failure,307
0.0,0.0,0.0,91.78472222222223,97.0,0.075,1.0,582,0.0,11,0.0,,,ARC-r0,node_failure,308
10.0,0.03795126430893303,0.0,102.69305555555556,102.0,0.075,0.8812330424252035,764,0.0,11,0.0,,,ARC-r0,node_failure,309
45.0,0.6832283810201734,0.0,100.90555555555555,93.0,0.075,0.03911654419392517,744,0.0,11,0.0,,,ARC-r0,node_failure,310
0.0,0.0,0.0,106.89861111111111,120.0,0.075,1.0,905,0.0,11,0.0,,,ARC-r0,node_failure,311
0.0,0.0,0.0,104.02083333333333,85.0,0.075,1.0,860,0.0,11,0.0,,,ARC-r0,node_failure,312
0.0,0.0,0.0,95.31111111111112,68.0,0.075,1.0,728,0.0,11,0.0,,,ARC-r0,node_failure,313
0.0,0.0,0.0,83.21944444444445,88.0,0.075,1.0,553,0.0,11,0.0,,,ARC-r0,node_failure,314
10.0,0.16768235687603106,0.0,112.9888888888889,110.0,0.075,0.30960243635376083,785,0.0,11,0.0,,,ARC-r0,node_failure,315
20.0,0.19245526121532963,0.0,110.15416666666667,98.0,0.075,0.2562029890484312,834,10.0,10,0.0,,,ARC-r0,node_failure,316
0.0,0.0,0.0,99.85555555555555,115.0,0.075,1.0,853,0.0,11,0.0,,,ARC-r0,node_failure,317
0.0,0.0,0.0,110.73055555555555,92.0,0.075,1.0,884,0.0,11,0.0,,,ARC-r0,node_failure,318
10.0,0.017438933830393744,0.0,103.68333333333334,81.0,0.075,0.9000000020873836,817,10.0,11,10.0,,,ARC-r0,node_failure,319
0.0,0.0,0.0,87.42361111111111,92.0,0.075,1.0,618,0.0,11,0.0,,,ARC-r0,node_failure,320
0.0,0.0,0.0,110.39861111111111,107.0,0.075,1.0,758,0.0,11,0.0,,,ARC-r0,node_failure,321
30.0,0.4453012847374094,0.0,106.07916666666667,99.0,0.075,0.1390592274325875,741,15.0,11,0.0,,,ARC-r0,node_failure,322
0.0,0.0,0.0,105.63333333333334,120.0,0.075,1.0,870,0.0,10,0.0,,,ARC-r0,node_failure,323
0.0,0.0,0.0,111.02083333333333,90.0,0.075,1.0,874,0.0,11,0.0,,,ARC-r0,node_failure,324
5.0,0.007586553708860411,0.0,96.85694444444445,70.0,0.075,0.9229096477406704,782,5.0,11,5.0,,,ARC-r0,node_failure,325
15.0,0.029706163270337704,0.0,91.56388888888888,96.0,0.075,0.8739571754760147,603,15.0,11,0.0,,,ARC-r0,node_failure,326
0.0,0.0,0.0,113.32916666666667,111.0,0.075,1.0,847,0.0,11,0.0,,,ARC-r0,node_failure,327
20.0,0.27111747368211425,0.0,104.23472222222222,97.0,0.075,0.11600644986151408,779,0.0,11,0.0,,,ARC-r0,node_failure,328
0.0,0.0,0.0,107.9875,118.0,0.075,1.0,835,0.0,10,0.0,,,ARC-r0,node_failure,329
0.0,0.0,0.0,109.69027777777778,90.0,0.075,1.0,910,0.0,11,0.0,,,ARC-r0,node_failure,330
0.0,0.0,0.0,95.61805555555556,66.0,0.075,1.0,760,0.0,11,0.0,,,ARC-r0,node_failure,331
15.0,0.027151739351494175,0.0,90.08472222222223,90.0,0.075,0.9000000022428905,581,15.0,11,15.0,,,ARC-r0,node_failure,332
0.0,0.0046006188064939835,0.0,111.12777777777778,109.0,0.075,0.9772696917841349,820,0.0,11,0.0,,,ARC-r0,node_failure,333
30.0,0.47573633566736495,0.0,102.26805555555555,95.0,0.075,0.059496249897234656,833,0.0,11,0.0,,,ARC-r0,node_failure,334
0.0,0.0,0.0,108.24166666666666,120.0,0.075,1.0,908,0.0,11,0.0,,,ARC-r0,node_failure,335
0.0,0.0,0.0,107.10277777777777,90.0,0.075,1.0,881,0.0,11,0.0,,,ARC-r0,node_failure,336
0.0,0.0,0.0,101.39305555555555,72.0,0.075,1.0,778,0.0,11,0.0,,,ARC-r0,node_failure,337
0.0,0.0,0.0,86.94444444444444,91.0,0.075,1.0,552,0.0,11,0.0,,,ARC-r0,node_failure,338
5.0,0.017817612250869974,0.0,100.53611111111111,99.0,0.075,0.9118099585349496,779,0.0,11,0.0,,,ARC-r0,node_failure,339
0.0,0.0,0.0,110.97916666666667,98.0,0.075,1.0,891,0.0,11,0.0,,,ARC-r1,node_failure,300
5.0,0.010500052454776032,0.0,100.2375,72.0,0.075,0.9024514463407995,794,5.0,11,0.0,,,ARC-r1,node_failure,301
15.0,0.23358257446054465,0.0,93.59166666666667,96.0,0.075,0.05046361154267594,605,15.0,11,0.0,,,ARC-r1,node_failure,302
0.0,0.0,0.0,105.82083333333334,100.0,0.075,1.0,817,0.0,11,0.0,,,ARC-r1,node_failure,303
20.0,0.22107437268377161,0.0,113.89027777777778,102.0,0.075,0.06657985159902409,804,5.0,10,0.0,,,ARC-r1,node_failure,304
0.0,0.0,0.0,104.59166666666667,120.0,0.075,1.0,867,0.0,11,0.0,,,ARC-r1,node_failure,305
0.0,0.0,0.0,104.36944444444444,86.0,0.075,1.0,858,0.0,11,0.0,,,ARC-r1,node_failure,306
0.0,0.0,0.0,96.87361111111112,69.0,0.075,1.0,771,0.0,11,0.0,,,ARC-r1,node_failure,307
0.0,0.0,0.0,91.78472222222223,97.0,0.075,1.0,582,0.0,11,0.0,,,ARC-r1,node_failure,308
10.0,0.09066175437194568,0.0,102.6625,94.0,0.075,0.6110069561973419,773,0.0,11,0.0,,,ARC-r1,node_failure,309
45.0,0.717196181043489,0.0,100.90555555555555,93.0,0.075,0.03911654419392517,744,0.0,11,0.0,,,ARC-r1,node_failure,310
0.0,0.0,0.0,106.89861111111111,120.0,0.075,1.0,905,0.0,11,0.0,,,ARC-r1,node_failure,311
0.0,0.0,0.0,104.02083333333333,85.0,0.075,1.0,860,0.0,11,0.0,,,ARC-r1,node_failure,312
0.0,0.0,0.0,95.31111111111112,68.0,0.075,1.0,728,0.0,11,0.0,,,ARC-r1,node_failure,313
0.0,0.0,0.0,83.21944444444445,88.0,0.075,1.0,553,0.0,11,0.0,,,ARC-r1,node_failure,314
10.0,0.21682336616903886,0.0,112.9888888888889,110.0,0.075,0.07461770051191864,785,0.0,11,0.0,,,ARC-r1,node_failure,315
20.0,0.09091973880773763,0.0,110.61527777777778,94.0,0.075,0.5864696112124945,835,10.0,11,0.0,,,ARC-r1,node_failure,316
0.0,0.0,0.0,99.85555555555555,115.0,0.075,1.0,853,0.0,11,0.0,,,ARC-r1,node_failure,317
0.0,0.0,0.0,111.4486111111111,96.0,0.075,1.0,897,0.0,11,0.0,,,ARC-r1,node_failure,318
10.0,0.01743893393152396,0.0,103.68333333333334,81.0,0.075,0.9000000010436918,817,10.0,11,10.0,,,ARC-r1,node_failure,319
0.0,0.0,0.0,87.42361111111111,92.0,0.075,1.0,618,0.0,11,0.0,,,ARC-r1,node_failure,320
0.0,0.0,0.0,110.39861111111111,107.0,0.075,1.0,758,0.0,11,0.0,,,ARC-r1,node_failure,321
35.0,0.6079816435312635,0.0,106.07916666666667,99.0,0.075,0.031423465166538725,741,15.0,11,0.0,,,ARC-r1,node_failure,322
0.0,0.0,0.0,105.63333333333334,120.0,0.075,1.0,870,0.0,10,0.0,,,ARC-r1,node_failure,323
0.0,0.0,0.0,111.02083333333333,90.0,0.075,1.0,874,0.0,11,0.0,,,ARC-r1,node_failure,324
5.0,0.007586553708860411,0.0,96.85694444444445,70.0,0.075,0.9229096477406704,782,5.0,11,5.0,,,ARC-r1,node_failure,325
20.0,0.12756068549505395,0.0,91.98333333333333,98.0,0.075,0.14882447935134765,628,20.0,11,0.0,,,ARC-r1,node_failure,326
0.0,0.0,0.0,113.32916666666667,111.0,0.075,1.0,847,0.0,11,0.0,,,ARC-r1,node_failure,327
25.0,0.3436884206378221,0.0,104.70694444444445,98.0,0.075,0.114831879418647,772,0.0,11,0.0,,,ARC-r1,node_failure,328
0.0,0.0,0.0,108.49444444444444,118.0,0.075,1.0,826,0.0,11,0.0,,,ARC-r1,node_failure,329
0.0,0.0,0.0,109.69027777777778,90.0,0.075,1.0,910,0.0,11,0.0,,,ARC-r1,node_failure,330
0.0,0.0,0.0,95.61805555555556,66.0,0.075,1.0,760,0.0,11,0.0,,,ARC-r1,node_failure,331
15.0,0.027151739566011468,0.0,90.08472222222223,90.0,0.075,0.9000000011214453,581,15.0,11,15.0,,,ARC-r1,node_failure,332
0.0,0.0046006188064939835,0.0,111.12777777777778,109.0,0.075,0.9772696917841349,820,0.0,11,0.0,,,ARC-r1,node_failure,333
55.0,0.6046843810631364,0.0,104.87638888888888,98.0,0.075,0.059496249897234656,809,0.0,11,0.0,,,ARC-r1,node_failure,334
0.0,0.0,0.0,108.24166666666666,120.0,0.075,1.0,908,0.0,11,0.0,,,ARC-r1,node_failure,335
0.0,0.0,0.0,106.81527777777778,89.0,0.075,1.0,843,0.0,11,0.0,,,ARC-r1,node_failure,336
0.0,0.0,0.0,101.39305555555555,72.0,0.075,1.0,778,0.0,11,0.0,,,ARC-r1,node_failure,337
0.0,0.0,0.0,86.94444444444444,91.0,0.075,1.0,552,0.0,11,0.0,,,ARC-r1,node_failure,338
5.0,0.017817612250869974,0.0,100.53611111111111,99.0,0.075,0.9118099585349496,779,0.0,11,0.0,,,ARC-r1,node_failure,339
0.0,0.0012654401590150854,0.0,74.53333333333333,47.0,0.075,0.9908772794325236,43,0.0,0,0.0,,,HPA-r0,gray,300
50.0,0.6151712212930205,0.0,80.69166666666666,53.0,0.075,0.0,45,50.0,0,0.0,,,HPA-r0,gray,301
75.0,1.4710200861035028,0.0,78.87361111111112,59.0,0.075,3.1600635715844084e-05,53,75.0,0,0.0,,,HPA-r0,gray,302
65.0,0.5055652057662785,0.0,78.38055555555556,50.0,0.075,0.13350863716424702,40,10.0,0,0.0,,,HPA-r0,gray,303
5.0,0.08735066312952622,0.0,71.31666666666666,46.0,0.075,0.5786998795155965,46,0.0,0,0.0,,,HPA-r0,gray,304
80.0,1.3132451482127938,0.0,86.65277777777777,74.0,0.075,0.0,79,75.0,0,0.0,,,HPA-r0,gray,305
70.0,0.5563312403619514,0.0,78.33194444444445,52.0,0.075,0.00109394078826817,48,70.0,0,0.0,,,HPA-r0,gray,306
40.0,0.5128302181293343,0.0,79.79166666666667,53.0,0.075,0.0,43,40.0,0,0.0,,,HPA-r0,gray,307
70.0,1.432543055012614,0.0,83.39722222222223,69.0,0.075,0.0,58,70.0,0,0.0,,,HPA-r0,gray,308
30.0,0.08793117849060783,0.0,79.60555555555555,50.0,0.075,0.46400827907126074,44,15.0,0,0.0,,,HPA-r0,gray,309
5.0,0.08512673658823688,0.0,72.49861111111112,49.0,0.075,0.5725680553994551,48,0.0,0,0.0,,,HPA-r0,gray,310
10.0,0.13679107039574756,0.0,77.54861111111111,58.0,0.075,0.5257322019079054,73,10.0,0,0.0,,,HPA-r0,gray,311
95.0,1.399557264696072,0.0,83.41527777777777,58.0,0.075,0.0,49,95.0,0,0.0,,,HPA-r0,gray,312
0.0,0.0,0.0,73.53472222222223,44.0,0.075,1.0,35,0.0,0,0.0,,,HPA-r0,gray,313
0.0,0.0,0.0,73.04166666666667,50.0,0.075,1.0,54,0.0,0,0.0,,,HPA-r0,gray,314
70.0,0.8684957920390257,0.0,77.7625,51.0,0.075,0.0003894072431644585,40,75.0,0,0.0,,,HPA-r0,gray,315
5.0,0.037739182039986385,0.0,71.35555555555555,45.0,0.075,0.8340570934325572,33,0.0,0,0.0,,,HPA-r0,gray,316
70.0,0.9623472477846673,0.0,81.63194444444444,68.0,0.075,3.160063571584408e-05,79,60.0,0,0.0,,,HPA-r0,gray,317
45.0,0.538723996151802,0.0,83.53194444444445,59.0,0.075,0.0,55,45.0,0,0.0,,,HPA-r0,gray,318
0.0,0.0009873814187044694,0.0,73.64861111111111,44.0,0.075,0.9924753515460079,38,0.0,0,0.0,,,HPA-r0,gray,319
65.0,1.3786007092105645,0.0,83.24722222222222,68.0,0.075,0.0,66,65.0,0,0.0,,,HPA-r0,gray,320
0.0,0.0,0.0,73.1361111111111,43.0,0.075,1.0,28,0.0,0,0.0,,,HPA-r0,gray,321
85.0,1.3303850385287475,0.0,79.62222222222222,62.0,0.075,0.0,48,80.0,0,0.0,,,HPA-r0,gray,322
90.0,1.3400090559534505,0.0,87.32916666666667,74.0,0.075,0.0,74,80.0,0,0.0,,,HPA-r0,gray,323
75.0,1.268565221390261,0.0,82.47916666666667,56.0,0.075,0.0,50,75.0,0,0.0,,,HPA-r0,gray,324
70.0,1.2404670122348138,0.0,82.67777777777778,56.0,0.075,0.0,49,70.0,0,0.0,,,HPA-r0,gray,325
70.0,1.480599908291258,0.0,83.4263888888889,68.0,0.075,0.0,56,70.0,0,0.0,,,HPA-r0,gray,326
0.0,0.0,0.0,72.8375,42.0,0.075,1.0,41,0.0,0,0.0,,,HPA-r0,gray,327
50.0,0.5930400157224458,0.0,74.79444444444445,53.0,0.075,3.160063571584408e-05,46,45.0,0,0.0,,,HPA-r0,gray,328
75.0,1.1614775290371138,0.0,85.56944444444444,74.0,0.075,0.0,84,70.0,0,0.0,,,HPA-r0,gray,329
65.0,0.9886324449889017,0.0,83.34444444444445,57.0,0.075,0.0,45,65.0,0,0.0,,,HPA-r0,gray,330
25.0,0.07064445325778435,0.0,80.85555555555555,54.0,0.075,0.5587262330655673,49,15.0,0,0.0,,,HPA-r0,gray,331
0.0,0.0,0.0,72.90277777777777,50.0,0.075,1.0,54,0.0,0,0.0,,,HPA-r0,gray,332
70.0,0.9434915646842956,0.0,84.35972222222222,61.0,0.075,0.0,47,20.0,0,0.0,,,HPA-r0,gray,333
70.0,1.0378422471449378,0.0,78.67361111111111,61.0,0.075,0.0,47,60.0,0,0.0,,,HPA-r0,gray,334
90.0,1.6807568926312522,0.0,83.60833333333333,68.0,0.075,3.160063571584408e-05,78,75.0,0,0.0,,,HPA-r0,gray,335
45.0,0.7171079653237933,0.0,79.70833333333333,52.0,0.075,3.1600635715844084e-05,59,45.0,0,0.0,,,HPA-r0,gray,336
0.0,0.0,0.0,73.03194444444445,42.0,0.075,1.0,35,0.0,0,0.0,,,HPA-r0,gray,337
65.0,1.1148244986397104,0.0,81.96805555555555,69.0,0.075,0.0,59,65.0,0,0.0,,,HPA-r0,gray,338
50.0,0.8622203097827241,0.0,81.0111111111111,54.0,0.075,0.0,38,50.0,0,0.0,,,HPA-r0,gray,339
0.0,0.0012654401590150854,0.0,81.72777777777777,57.0,0.075,0.9908772794325236,156,0.0,0,0.0,,,HPA-fast-r0,gray,300
45.0,0.5557517685402247,0.0,84.49583333333334,58.0,0.075,0.0,122,45.0,0,0.0,,,HPA-fast-r0,gray,301
45.0,0.7572247804003118,0.0,74.72916666666667,63.0,0.075,0.00022197123343059262,94,45.0,0,0.0,,,HPA-fast-r0,gray,302
10.0,0.04103807288771133,0.0,84.1125,58.0,0.075,0.5196502509693319,145,10.0,0,0.0,,,HPA-fast-r0,gray,303
0.0,0.0,0.0,79.11527777777778,52.0,0.075,1.0,132,0.0,0,0.0,,,HPA-fast-r0,gray,304
60.0,0.9788667813316443,0.0,83.59305555555555,76.0,0.075,0.0,161,55.0,0,0.0,,,HPA-fast-r0,gray,305
15.0,0.10405715467255439,0.0,85.77361111111111,59.0,0.075,0.3792406289036338,177,15.0,0,0.0,,,HPA-fast-r0,gray,306
25.0,0.3721029681061139,0.0,84.45416666666667,57.0,0.075,0.0,105,25.0,0,0.0,,,HPA-fast-r0,gray,307
50.0,1.066207528774843,0.0,78.76666666666667,69.0,0.075,0.0,100,50.0,0,0.0,,,HPA-fast-r0,gray,308
15.0,0.05404509312503247,0.0,83.2125,60.0,0.075,0.46400827907126074,131,15.0,0,0.0,,,HPA-fast-r0,gray,309
0.0,0.002655428316877817,0.0,79.87222222222222,52.0,0.075,0.9855380820468478,151,0.0,0,0.0,,,HPA-fast-r0,gray,310
5.0,0.045048407343584174,0.0,78.91944444444445,63.0,0.075,0.8195621938739783,179,5.0,0,0.0,,,HPA-fast-r0,gray,311
5.0,0.020148607767667137,0.0,87.48333333333333,69.0,0.075,0.8422492000917625,174,5.0,0,0.0,,,HPA-fast-r0,gray,312
0.0,0.0,0.0,78.34722222222223,50.0,0.075,1.0,117,0.0,0,0.0,,,HPA-fast-r0,gray,313
10.0,0.009294098627010694,0.0,71.44027777777778,53.0,0.075,0.9376273322529071,95,0.0,0,0.0,,,HPA-fast-r0,gray,314
20.0,0.0630404550227448,0.0,84.24722222222222,70.0,0.075,0.6493398537098101,134,5.0,0,0.0,,,HPA-fast-r0,gray,315
0.0,0.004316310664309597,0.0,79.85972222222222,55.0,0.075,0.9828665355630669,165,0.0,0,0.0,,,HPA-fast-r0,gray,316
35.0,0.5495285842213815,0.0,81.88472222222222,75.0,0.075,0.002403962063078318,177,35.0,0,0.0,,,HPA-fast-r0,gray,317
40.0,0.48282272645058244,0.0,88.20694444444445,71.0,0.075,0.0,176,40.0,0,0.0,,,HPA-fast-r0,gray,318
0.0,0.0009873814187044694,0.0,79.85555555555555,50.0,0.075,0.9924753515460079,111,0.0,0,0.0,,,HPA-fast-r0,gray,319
55.0,1.0247053707066467,0.0,78.76944444444445,72.0,0.075,0.0,118,50.0,0,0.0,,,HPA-fast-r0,gray,320
0.0,0.0,0.0,80.52222222222223,60.0,0.075,1.0,136,0.0,0,0.0,,,HPA-fast-r0,gray,321
50.0,0.4064609786498141,0.0,85.75,67.0,0.075,0.19906136118790463,134,50.0,0,0.0,,,HPA-fast-r0,gray,322
55.0,0.5706642927129524,0.0,85.41388888888889,79.0,0.075,0.0,163,55.0,0,0.0,,,HPA-fast-r0,gray,323
50.0,0.774203082756475,0.0,88.31388888888888,72.0,0.075,0.0,174,50.0,0,0.0,,,HPA-fast-r0,gray,324
60.0,1.1735333487434496,0.0,84.66666666666667,64.0,0.075,0.0,123,60.0,0,0.0,,,HPA-fast-r0,gray,325
50.0,1.0448339803717066,0.0,78.44444444444444,71.0,0.075,0.0,98,50.0,0,0.0,,,HPA-fast-r0,gray,326
0.0,0.0,0.0,80.20416666666667,57.0,0.075,1.0,117,0.0,0,0.0,,,HPA-fast-r0,gray,327
35.0,0.3875789207475444,0.0,82.77361111111111,62.0,0.075,0.003759631125651282,149,35.0,0,0.0,,,HPA-fast-r0,gray,328
40.0,0.7872343850962693,0.0,83.54027777777777,77.0,0.075,0.0,162,40.0,0,0.0,,,HPA-fast-r0,gray,329
60.0,0.8200785022585144,0.0,87.63194444444444,70.0,0.075,0.0,167,60.0,0,0.0,,,HPA-fast-r0,gray,330
25.0,0.2226858353578609,0.0,84.45,60.0,0.075,0.007334881993091805,117,25.0,0,0.0,,,HPA-fast-r0,gray,331
10.0,0.014250651328540087,0.0,71.10555555555555,52.0,0.075,0.8809669357133505,93,0.0,0,0.0,,,HPA-fast-r0,gray,332
15.0,0.14195443388567153,0.0,87.25833333333334,65.0,0.075,0.0829171391923292,144,15.0,0,0.0,,,HPA-fast-r0,gray,333
45.0,0.7586121033611226,0.0,85.75416666666666,70.0,0.075,0.0,144,45.0,0,0.0,,,HPA-fast-r0,gray,334
50.0,0.901815264937722,0.0,82.42777777777778,73.0,0.075,3.1600635715844084e-05,174,50.0,0,0.0,,,HPA-fast-r0,gray,335
35.0,0.4753043371612198,0.0,84.69444444444444,59.0,0.075,0.0016564773816405707,173,35.0,0,0.0,,,HPA-fast-r0,gray,336
0.0,0.0,0.0,78.35277777777777,49.0,0.075,1.0,110,0.0,0,0.0,,,HPA-fast-r0,gray,337
45.0,0.8715753200362886,0.0,78.03472222222223,70.0,0.075,0.0,103,45.0,0,0.0,,,HPA-fast-r0,gray,338
40.0,0.7511389556027148,0.0,86.49583333333334,59.0,0.075,0.0,141,40.0,0,0.0,,,HPA-fast-r0,gray,339
0.0,0.0012654401590150854,0.0,94.51805555555555,60.0,0.075,0.9908772794325236,62,0.0,0,0.0,,,HPA-45-r0,gray,300
30.0,0.3906353970588139,0.0,100.05555555555556,65.0,0.075,0.0,37,30.0,0,0.0,,,HPA-45-r0,gray,301
5.0,0.013730269738820855,0.0,98.4486111111111,76.0,0.075,0.9222795244994626,54,5.0,0,0.0,,,HPA-45-r0,gray,302
0.0,0.00015590825863665003,0.0,97.10972222222222,61.0,0.075,0.9983177373431932,40,0.0,0,0.0,,,HPA-45-r0,gray,303
0.0,0.0001501778963852729,0.0,89.59305555555555,60.0,0.075,0.9988512384153757,53,0.0,0,0.0,,,HPA-45-r0,gray,304
30.0,0.42380322673218895,0.0,105.47916666666667,86.0,0.075,0.008833725539672604,71,35.0,0,0.0,,,HPA-45-r0,gray,305
15.0,0.10405715467255439,0.0,98.69305555555556,65.0,0.075,0.3792406289036338,57,15.0,0,0.0,,,HPA-45-r0,gray,306
20.0,0.24725234934690477,0.0,101.31388888888888,67.0,0.075,0.023545134787353907,53,20.0,0,0.0,,,HPA-45-r0,gray,307
55.0,1.0546582782277492,0.0,100.1875,78.0,0.075,0.0,58,55.0,0,0.0,,,HPA-45-r0,gray,308
0.0,0.0,0.0,98.39583333333333,60.0,0.075,1.0,43,0.0,0,0.0,,,HPA-45-r0,gray,309
0.0,0.0,0.0,90.09722222222223,59.0,0.075,1.0,48,0.0,0,0.0,,,HPA-45-r0,gray,310
0.0,0.0,0.0,97.13194444444444,74.0,0.075,1.0,80,0.0,0,0.0,,,HPA-45-r0,gray,311
10.0,0.015003874310870469,0.0,103.88194444444444,71.0,0.075,0.940973854818448,57,5.0,0,0.0,,,HPA-45-r0,gray,312
0.0,0.0,0.0,91.75555555555556,56.0,0.075,1.0,38,0.0,0,0.0,,,HPA-45-r0,gray,313
0.0,0.0,0.0,91.54583333333333,62.0,0.075,1.0,55,0.0,0,0.0,,,HPA-45-r0,gray,314
30.0,0.13035083918340185,0.0,98.20138888888889,65.0,0.075,0.4508076243331999,46,5.0,0,0.0,,,HPA-45-r0,gray,315
0.0,0.0011657810135234925,0.0,90.44166666666666,59.0,0.075,0.992134944988524,50,0.0,0,0.0,,,HPA-45-r0,gray,316
40.0,0.630967374763014,0.0,102.07638888888889,85.0,0.075,0.002403962063078318,78,40.0,0,0.0,,,HPA-45-r0,gray,317
25.0,0.30294764641495275,0.0,103.32638888888889,70.0,0.075,0.003376948027524705,56,25.0,0,0.0,,,HPA-45-r0,gray,318
0.0,0.0009873814187044694,0.0,93.66111111111111,58.0,0.075,0.9924753515460079,49,0.0,0,0.0,,,HPA-45-r0,gray,319
55.0,1.0143075277571079,0.0,100.86527777777778,78.0,0.075,0.0,58,55.0,0,0.0,,,HPA-45-r0,gray,320
0.0,0.0,0.0,92.14444444444445,54.0,0.075,1.0,34,0.0,0,0.0,,,HPA-45-r0,gray,321
65.0,1.0397832443110988,0.0,98.54583333333333,73.0,0.075,0.0,48,65.0,0,0.0,,,HPA-45-r0,gray,322
65.0,0.9860520748967705,0.0,106.57916666666667,86.0,0.075,0.0,70,65.0,0,0.0,,,HPA-45-r0,gray,323
55.0,0.8926595952670091,0.0,103.3861111111111,73.0,0.075,0.0,52,55.0,0,0.0,,,HPA-45-r0,gray,324
60.0,1.156627633241858,0.0,102.28194444444445,71.0,0.075,0.0,52,60.0,0,0.0,,,HPA-45-r0,gray,325
55.0,0.9285079532243667,0.0,101.11805555555556,78.0,0.075,0.0,53,60.0,0,0.0,,,HPA-45-r0,gray,326
0.0,0.0,0.0,90.68611111111112,53.0,0.075,1.0,34,0.0,0,0.0,,,HPA-45-r0,gray,327
0.0,0.0007876779949955726,0.0,93.80416666666666,65.0,0.075,0.9903726504449961,49,0.0,0,0.0,,,HPA-45-r0,gray,328
45.0,0.7874406045075166,0.0,103.40972222222223,83.0,0.075,0.0,72,45.0,0,0.0,,,HPA-45-r0,gray,329
40.0,0.584358985619815,0.0,103.6875,71.0,0.075,0.0,43,50.0,0,0.0,,,HPA-45-r0,gray,330
0.0,0.0,0.0,101.43055555555556,68.0,0.075,1.0,63,0.0,0,0.0,,,HPA-45-r0,gray,331
0.0,0.0,0.0,92.16805555555555,64.0,0.075,1.0,60,0.0,0,0.0,,,HPA-45-r0,gray,332
10.0,0.07755835692068169,0.0,102.40277777777777,71.0,0.075,0.31980756984640657,41,10.0,0,0.0,,,HPA-45-r0,gray,333
55.0,0.8655664450691547,0.0,98.54722222222222,73.0,0.075,0.0,47,55.0,0,0.0,,,HPA-45-r0,gray,334
65.0,1.1352666145985624,0.0,105.74861111111112,87.0,0.075,3.1600635715844084e-05,81,65.0,0,0.0,,,HPA-45-r0,gray,335
35.0,0.5356812125381416,0.0,100.25277777777778,64.0,0.075,0.0016564773816405707,68,35.0,0,0.0,,,HPA-45-r0,gray,336
0.0,0.0,0.0,91.87916666666666,57.0,0.075,1.0,45,0.0,0,0.0,,,HPA-45-r0,gray,337
45.0,0.7495132626117451,0.0,101.225,79.0,0.075,0.0,55,45.0,0,0.0,,,HPA-45-r0,gray,338
45.0,0.7875489216091713,0.0,103.03611111111111,70.0,0.075,0.0,36,45.0,0,0.0,,,HPA-45-r0,gray,339
0.0,0.0012654401590150854,0.0,128.83055555555555,86.0,0.075,0.9908772794325236,93,0.0,0,0.0,,,PredHPA-r0,gray,300
10.0,0.017324293777332134,0.0,117.6763888888889,71.0,0.075,0.909899324316783,80,10.0,0,0.0,,,PredHPA-r0,gray,301
15.0,0.06438467147303895,0.0,110.56805555555556,90.0,0.075,0.7521980941250033,90,5.0,0,0.0,,,PredHPA-r0,gray,302
0.0,0.0,0.0,124.29444444444445,95.0,0.075,1.0,73,0.0,0,0.0,,,PredHPA-r0,gray,303
0.0,0.0011732629111804727,0.0,123.77916666666667,84.0,0.075,0.9925900363157051,105,0.0,0,0.0,,,PredHPA-r0,gray,304
40.0,0.6677585828642085,0.0,133.86111111111111,118.0,0.075,0.0,128,40.0,0,0.0,,,PredHPA-r0,gray,305
0.0,0.005783222019373202,0.0,131.82638888888889,84.0,0.075,0.9566374131042532,88,0.0,0,0.0,,,PredHPA-r0,gray,306
0.0,0.006966924058293689,0.0,117.375,72.0,0.075,0.9571152253525786,73,0.0,0,0.0,,,PredHPA-r0,gray,307
50.0,0.9999529957520958,0.0,114.425,100.0,0.075,0.0,86,50.0,0,0.0,,,PredHPA-r0,gray,308
0.0,0.0,0.0,126.66527777777777,97.0,0.075,1.0,73,0.0,0,0.0,,,PredHPA-r0,gray,309
0.0,0.0,0.0,124.04305555555555,87.0,0.075,1.0,104,0.0,0,0.0,,,PredHPA-r0,gray,310
5.0,0.03993932017305468,0.0,130.84583333333333,112.0,0.075,0.8428773396416992,135,5.0,0,0.0,,,PredHPA-r0,gray,311
0.0,0.006157704649334406,0.0,133.79305555555555,88.0,0.075,0.9545929577263158,101,0.0,0,0.0,,,PredHPA-r0,gray,312
0.0,0.0,0.0,113.1625,67.0,0.075,1.0,81,0.0,0,0.0,,,PredHPA-r0,gray,313
0.0,0.0,0.0,107.78055555555555,89.0,0.075,1.0,90,0.0,0,0.0,,,PredHPA-r0,gray,314
5.0,0.008454532688273453,0.0,125.67361111111111,104.0,0.075,0.9344457666734897,79,5.0,0,0.0,,,PredHPA-r0,gray,315
0.0,0.00335621661681218,0.0,123.35277777777777,83.0,0.075,0.9854936128632409,105,0.0,0,0.0,,,PredHPA-r0,gray,316
20.0,0.2271998840832956,0.0,130.68194444444444,114.0,0.075,0.19591201131851466,130,20.0,0,0.0,,,PredHPA-r0,gray,317
5.0,0.006715996959638648,0.0,133.0847222222222,86.0,0.075,0.9375292711749448,99,5.0,0,0.0,,,PredHPA-r0,gray,318
0.0,0.0009873814187044694,0.0,113.06805555555556,69.0,0.075,0.9924753515460079,80,0.0,0,0.0,,,PredHPA-r0,gray,319
55.0,0.64934341806272,0.0,113.7388888888889,97.0,0.075,0.23646152473634682,97,55.0,0,0.0,,,PredHPA-r0,gray,320
0.0,0.0,0.0,122.26388888888889,96.0,0.075,1.0,67,0.0,0,0.0,,,PredHPA-r0,gray,321
25.0,0.47854235620656826,0.0,127.3125,87.0,0.075,0.00757072691891003,112,25.0,0,0.0,,,PredHPA-r0,gray,322
45.0,0.617556571818556,0.0,135.57222222222222,119.0,0.075,0.0,128,10.0,0,0.0,,,PredHPA-r0,gray,323
25.0,0.03722507544825504,0.0,131.62777777777777,86.0,0.075,0.9074727800849068,91,35.0,0,0.0,,,PredHPA-r0,gray,324
35.0,0.5495687635305613,0.0,119.88194444444444,74.0,0.075,0.06392455546203643,78,35.0,0,0.0,,,PredHPA-r0,gray,325
45.0,0.8443553329394171,0.0,115.86111111111111,100.0,0.075,0.0,86,45.0,0,0.0,,,PredHPA-r0,gray,326
0.0,0.0,0.0,121.28611111111111,96.0,0.075,1.0,70,0.0,0,0.0,,,PredHPA-r0,gray,327
0.0,0.0007876779949955726,0.0,125.94166666666666,85.0,0.075,0.9903726504449961,119,0.0,0,0.0,,,PredHPA-r0,gray,328
45.0,0.4991014268372229,0.0,132.0375,112.0,0.075,0.0063125329628094876,129,45.0,0,0.0,,,PredHPA-r0,gray,329
15.0,0.06328625210979544,0.0,133.0236111111111,85.0,0.075,0.6917084727122954,94,15.0,0,0.0,,,PredHPA-r0,gray,330
5.0,0.006146580258836742,0.0,117.73055555555555,70.0,0.075,0.9449398323299122,80,5.0,0,0.0,,,PredHPA-r0,gray,331
0.0,0.0,0.0,107.64305555555555,86.0,0.075,1.0,87,0.0,0,0.0,,,PredHPA-r0,gray,332
35.0,0.4448933526019938,0.0,125.34861111111111,98.0,0.075,0.0030346277766620734,59,5.0,0,0.0,,,PredHPA-r0,gray,333
20.0,0.2446841492905527,0.0,129.11527777777778,86.0,0.075,0.04424636301483659,114,20.0,0,0.0,,,PredHPA-r0,gray,334
30.0,0.1769477354197635,0.0,133.45,112.0,0.075,0.27368933924249783,127,15.0,0,0.0,,,PredHPA-r0,gray,335
0.0,0.0,0.0,131.84305555555557,84.0,0.075,1.0,103,0.0,0,0.0,,,PredHPA-r0,gray,336
0.0,0.0,0.0,112.1986111111111,69.0,0.075,1.0,81,0.0,0,0.0,,,PredHPA-r0,gray,337
15.0,0.0627017943363839,0.0,113.60972222222222,99.0,0.075,0.7955781952611726,88,15.0,0,0.0,,,PredHPA-r0,gray,338
30.0,0.3020939368795772,0.0,127.61527777777778,98.0,0.075,0.31034555257859914,62,30.0,0,0.0,,,PredHPA-r0,gray,339
0.0,0.0012654401590150854,0.0,128.8347222222222,86.0,0.075,0.9908772794325236,93,0.0,0,0.0,,,PredHPA-r1,gray,300
20.0,0.07599351580140912,0.0,117.35555555555555,71.0,0.075,0.48639588470532796,75,20.0,0,0.0,,,PredHPA-r1,gray,301
30.0,0.3056400667682757,0.0,112.19027777777778,94.0,0.075,0.19247292681870518,92,10.0,0,0.0,,,PredHPA-r1,gray,302
0.0,0.0,0.0,124.29444444444445,95.0,0.075,1.0,73,0.0,0,0.0,,,PredHPA-r1,gray,303
0.0,0.0013169057498818582,0.0,123.77916666666667,84.0,0.075,0.9915496650827018,105,0.0,0,0.0,,,PredHPA-r1,gray,304
120.0,2.2738595639860026,0.0,136.12916666666666,119.0,0.075,0.0,130,120.0,0,0.0,,,PredHPA-r1,gray,305
0.0,0.010660627020075975,0.0,131.82638888888889,84.0,0.075,0.9566374131042532,88,0.0,0,0.0,,,PredHPA-r1,gray,306
5.0,0.010194431680810023,0.0,117.375,72.0,0.075,0.9254351484747486,74,5.0,0,0.0,,,PredHPA-r1,gray,307
240.0,4.794590423667655,0.0,117.66111111111111,106.0,0.075,0.0,88,240.0,0,0.0,,,PredHPA-r1,gray,308
0.0,0.0,0.0,126.66527777777777,97.0,0.075,1.0,73,0.0,0,0.0,,,PredHPA-r1,gray,309
0.0,0.0,0.0,123.83472222222223,87.0,0.075,1.0,100,0.0,0,0.0,,,PredHPA-r1,gray,310
25.0,0.27336409575033915,0.0,130.89166666666668,113.0,0.075,0.5656755047003259,137,30.0,0,0.0,,,PredHPA-r1,gray,311
5.0,0.019723187898912364,0.0,136.08194444444445,89.0,0.075,0.8852361603583677,115,5.0,0,0.0,,,PredHPA-r1,gray,312
0.0,0.0,0.0,113.75694444444444,67.0,0.075,1.0,82,0.0,0,0.0,,,PredHPA-r1,gray,313
0.0,0.0,0.0,107.78055555555555,89.0,0.075,1.0,90,0.0,0,0.0,,,PredHPA-r1,gray,314
15.0,0.03042818549459092,0.0,125.44166666666666,103.0,0.075,0.8136973537281337,75,15.0,0,0.0,,,PredHPA-r1,gray,315
0.0,0.0043101383106369795,0.0,123.35694444444445,83.0,0.075,0.9854936128632409,106,0.0,0,0.0,,,PredHPA-r1,gray,316
70.0,1.0221058323351073,0.0,133.9361111111111,119.0,0.075,3.160063571584408e-05,130,70.0,0,0.0,,,PredHPA-r1,gray,317
10.0,0.013537969147547901,0.0,133.1013888888889,86.0,0.075,0.9197710966957893,99,10.0,0,0.0,,,PredHPA-r1,gray,318
0.0,0.0009873814187044694,0.0,113.06805555555556,69.0,0.075,0.9924753515460079,80,0.0,0,0.0,,,PredHPA-r1,gray,319
210.0,4.081411287030379,0.0,116.06388888888888,100.0,0.075,0.0,94,210.0,0,0.0,,,PredHPA-r1,gray,320
0.0,0.0,0.0,122.26388888888889,96.0,0.075,1.0,67,0.0,0,0.0,,,PredHPA-r1,gray,321
145.0,3.0543478874433205,0.0,133.67916666666667,98.0,0.075,0.0,127,145.0,0,0.0,,,PredHPA-r1,gray,322
205.0,3.4952612254825044,0.0,140.90555555555557,120.0,0.075,0.0,148,130.0,0,0.0,,,PredHPA-r1,gray,323
90.0,1.2611461250276679,0.0,133.4013888888889,95.0,0.075,0.0,97,90.0,0,0.0,,,PredHPA-r1,gray,324
70.0,1.1221740937775837,0.0,123.81944444444444,93.0,0.075,0.0,77,70.0,0,0.0,,,PredHPA-r1,gray,325
240.0,4.761653676985079,0.0,119.325,109.0,0.075,0.0,94,240.0,0,0.0,,,PredHPA-r1,gray,326
0.0,0.0,0.0,121.28611111111111,96.0,0.075,1.0,70,0.0,0,0.0,,,PredHPA-r1,gray,327
0.0,0.0015376107199260858,0.0,125.94166666666666,85.0,0.075,0.9903726504449961,119,0.0,0,0.0,,,PredHPA-r1,gray,328
80.0,1.190195800489846,0.0,136.27777777777777,113.0,0.075,0.0,124,80.0,0,0.0,,,PredHPA-r1,gray,329
65.0,0.789313487621357,0.0,135.54583333333332,95.0,0.075,0.0,94,65.0,0,0.0,,,PredHPA-r1,gray,330
5.0,0.006613689629675346,0.0,117.73055555555555,70.0,0.075,0.9405050140791903,80,5.0,0,0.0,,,PredHPA-r1,gray,331
0.0,0.0,0.0,107.64305555555555,86.0,0.075,1.0,87,0.0,0,0.0,,,PredHPA-r1,gray,332
90.0,1.4817936929930164,0.0,129.35416666666666,99.0,0.075,0.0,69,5.0,0,0.0,,,PredHPA-r1,gray,333
100.0,1.5202102906079817,0.0,131.3486111111111,85.0,0.075,0.0,112,100.0,0,0.0,,,PredHPA-r1,gray,334
90.0,1.5692944384746776,0.0,139.49166666666667,114.0,0.075,3.160063571584408e-05,144,85.0,0,0.0,,,PredHPA-r1,gray,335
0.0,0.0,0.0,131.84305555555557,84.0,0.075,1.0,103,0.0,0,0.0,,,PredHPA-r1,gray,336
0.0,0.0,0.0,112.1986111111111,69.0,0.075,1.0,81,0.0,0,0.0,,,PredHPA-r1,gray,337
125.0,2.2665628488042766,0.0,116.75555555555556,103.0,0.075,0.0,93,125.0,0,0.0,,,PredHPA-r1,gray,338
55.0,0.7906144831758666,0.0,130.9638888888889,97.0,0.075,0.0,74,55.0,0,0.0,,,PredHPA-r1,gray,339
0.0,0.0017527639343151158,0.0,111.64583333333333,95.0,0.075,0.9908772794325236,899,0.0,11,0.0,,,ARC,gray,300
40.0,0.5354759721359348,0.0,105.64305555555555,77.0,0.075,0.0,779,40.0,11,0.0,,,ARC,gray,301
55.0,0.8925633529496824,0.0,96.47222222222223,102.0,0.075,6.729597108719277e-05,630,55.0,11,0.0,,,ARC,gray,302
0.0,0.0,0.0,107.59722222222223,103.0,0.075,1.0,816,0.0,11,0.0,,,ARC,gray,303
30.0,0.43920479572594484,0.0,115.46388888888889,104.0,0.075,0.05965262034260611,811,10.0,10,0.0,,,ARC,gray,304
20.0,0.26310777980309563,0.0,110.53333333333333,109.0,0.075,0.2938235669039485,847,15.0,10,0.0,,,ARC,gray,305
0.0,0.0,0.0,106.41111111111111,88.0,0.075,1.0,855,0.0,11,0.0,,,ARC,gray,306
15.0,0.08544801029254367,0.0,101.53194444444445,72.0,0.075,0.6140774691734807,778,15.0,11,0.0,,,ARC,gray,307
35.0,0.5467905402173789,0.0,97.38472222222222,104.0,0.075,0.011391823315623306,600,35.0,11,0.0,,,ARC,gray,308
30.0,0.19992042379297637,0.0,106.05277777777778,97.0,0.075,0.11488353551034955,781,20.0,11,0.0,,,ARC,gray,309
50.0,0.6681698427277949,0.0,100.78194444444445,90.0,0.075,0.03911654419392517,754,0.0,11,0.0,,,ARC,gray,310
35.0,0.5610235322488721,0.0,106.47916666666667,101.0,0.075,0.14142835648511254,902,35.0,11,35.0,,,ARC,gray,311
0.0,0.0,0.0,108.3013888888889,92.0,0.075,1.0,843,0.0,11,0.0,,,ARC,gray,312
0.0,0.0,0.0,95.7875,65.0,0.075,1.0,725,0.0,11,0.0,,,ARC,gray,313
0.0,0.0,0.0,84.02777777777777,92.0,0.075,1.0,562,0.0,11,0.0,,,ARC,gray,314
15.0,0.23622194154068188,0.0,113.91666666666667,104.0,0.075,0.16106081752840853,756,0.0,11,0.0,,,ARC,gray,315
25.0,0.3080085997143156,0.0,110.75833333333334,94.0,0.075,0.03703764023516005,845,10.0,10,0.0,,,ARC,gray,316
0.0,0.010794544416237173,0.0,101.55555555555556,120.0,0.075,0.954276490731484,857,0.0,10,0.0,,,ARC,gray,317
0.0,0.0,0.0,114.775,96.0,0.075,1.0,899,0.0,11,0.0,,,ARC,gray,318
0.0,0.0009873814187044694,0.0,103.15972222222223,74.0,0.075,0.9924753515460079,810,0.0,11,0.0,,,ARC,gray,319
35.0,0.6320460192421495,0.0,93.92083333333333,104.0,0.075,0.027628081030863207,634,35.0,11,0.0,,,ARC,gray,320
0.0,0.0,0.0,111.17916666666666,107.0,0.075,1.0,767,0.0,11,0.0,,,ARC,gray,321
75.0,0.8562771207794917,0.0,112.375,100.0,0.075,0.014689538035788239,739,25.0,11,0.0,,,ARC,gray,322
15.0,0.09386591210784889,0.0,110.50138888888888,111.0,0.075,0.5713942887222424,880,10.0,11,5.0,,,ARC,gray,323
20.0,0.0652567493485745,0.0,114.6138888888889,96.0,0.075,0.72125204659047,880,10.0,11,0.0,,,ARC,gray,324
35.0,0.6122255877915483,0.0,102.94583333333334,79.0,0.075,0.0,791,35.0,11,20.0,,,ARC,gray,325
45.0,0.7460406242749795,0.0,97.40833333333333,108.0,0.075,0.0,620,40.0,11,0.0,,,ARC,gray,326
0.0,0.0,0.0,113.7125,111.0,0.075,1.0,863,0.0,11,0.0,,,ARC,gray,327
40.0,0.6045082529269719,0.0,105.49722222222222,93.0,0.075,0.04412298440151018,778,0.0,11,0.0,,,ARC,gray,328
0.0,0.006524496475146524,0.0,111.09027777777777,120.0,0.075,0.9706635773020136,822,0.0,10,0.0,,,ARC,gray,329
20.0,0.16060196476670452,0.0,115.5513888888889,95.0,0.075,0.20989517589489223,914,15.0,11,0.0,,,ARC,gray,330
0.0,0.0,0.0,98.975,70.0,0.075,1.0,738,0.0,11,0.0,,,ARC,gray,331
0.0,0.0,0.0,89.14444444444445,90.0,0.075,1.0,583,0.0,11,0.0,,,ARC,gray,332
15.0,0.15661425787576455,0.0,117.49861111111112,111.0,0.075,0.005249518290121995,823,15.0,11,0.0,,,ARC,gray,333
75.0,1.0681571034894533,0.0,109.25,98.0,0.075,0.0,809,30.0,11,0.0,,,ARC,gray,334
70.0,1.0193335764276945,0.0,110.27916666666667,112.0,0.075,0.014779281664753048,904,35.0,11,35.0,,,ARC,gray,335
0.0,0.0007492233571659845,0.0,108.6375,89.0,0.075,0.9940989241835291,852,0.0,11,0.0,,,ARC,gray,336
0.0,0.0,0.0,101.43194444444444,72.0,0.075,1.0,766,0.0,11,0.0,,,ARC,gray,337
35.0,0.5737695006823418,0.0,92.50555555555556,101.0,0.075,0.0,566,35.0,11,0.0,,,ARC,gray,338
15.0,0.05703926966829087,0.0,105.04444444444445,97.0,0.075,0.7794013374517514,782,10.0,11,0.0,,,ARC,gray,339
0.0,0.0012654401590150854,0.0,110.22361111111111,94.0,0.075,0.9908772794325236,894,0.0,11,0.0,,,ARC-r0,gray,300
40.0,0.46970513260334856,0.0,105.61666666666666,77.0,0.075,0.0,782,40.0,11,0.0,,,ARC-r0,gray,301
45.0,0.7850287912228193,0.0,96.02222222222223,99.0,0.075,0.0006062405747451368,611,45.0,11,0.0,,,ARC-r0,gray,302
0.0,0.0,0.0,107.59722222222223,103.0,0.075,1.0,816,0.0,11,0.0,,,ARC-r0,gray,303
40.0,0.5247249820396926,0.0,115.125,102.0,0.075,0.09808520410238077,825,10.0,10,0.0,,,ARC-r0,gray,304
15.0,0.1447774937371804,0.0,108.24861111111112,107.0,0.075,0.3041177188932517,839,10.0,11,0.0,,,ARC-r0,gray,305
0.0,0.0,0.0,106.41111111111111,88.0,0.075,1.0,854,0.0,11,0.0,,,ARC-r0,gray,306
5.0,0.022246060261410516,0.0,100.61805555555556,72.0,0.075,0.8155849546632461,769,5.0,11,0.0,,,ARC-r0,gray,307
25.0,0.2628226800797995,0.0,97.35416666666667,104.0,0.075,0.381703099453887,602,25.0,11,0.0,,,ARC-r0,gray,308
25.0,0.09392129151823969,0.0,105.76666666666667,104.0,0.075,0.46400827907126074,791,15.0,11,0.0,,,ARC-r0,gray,309
45.0,0.6577125996475197,0.0,100.78194444444445,90.0,0.075,0.03911654419392517,754,0.0,11,0.0,,,ARC-r0,gray,310
5.0,0.03993932017305468,0.0,106.47222222222223,101.0,0.075,0.8428773396416992,903,5.0,11,5.0,,,ARC-r0,gray,311
0.0,0.0,0.0,108.3013888888889,92.0,0.075,1.0,843,0.0,11,0.0,,,ARC-r0,gray,312
0.0,0.0,0.0,95.7875,65.0,0.075,1.0,725,0.0,11,0.0,,,ARC-r0,gray,313
0.0,0.0,0.0,84.02777777777777,92.0,0.075,1.0,562,0.0,11,0.0,,,ARC-r0,gray,314
10.0,0.1416203730526311,0.0,113.91527777777777,104.0,0.075,0.4256123120303243,756,0.0,11,0.0,,,ARC-r0,gray,315
20.0,0.19742399962054957,0.0,111.11666666666666,96.0,0.075,0.22669692689427492,851,10.0,10,0.0,,,ARC-r0,gray,316
0.0,0.010794544416237173,0.0,101.55416666666666,120.0,0.075,0.954276490731484,857,0.0,10,0.0,,,ARC-r0,gray,317
0.0,0.006272528294526403,0.0,114.17083333333333,95.0,0.075,0.963497204247683,871,0.0,11,0.0,,,ARC-r0,gray,318
0.0,0.0009873814187044694,0.0,103.15972222222223,74.0,0.075,0.9924753515460079,810,0.0,11,0.0,,,ARC-r0,gray,319
30.0,0.5731757622878697,0.0,93.92083333333333,104.0,0.075,0.027628081030863207,634,30.0,11,0.0,,,ARC-r0,gray,320
0.0,0.0,0.0,111.17916666666666,107.0,0.075,1.0,767,0.0,11,0.0,,,ARC-r0,gray,321
45.0,0.49407936626317817,0.0,112.30416666666666,102.0,0.075,0.15573760200038278,753,15.0,11,0.0,,,ARC-r0,gray,322
10.0,0.07795448672691663,0.0,110.57916666666667,111.0,0.075,0.5713942887222424,884,5.0,11,5.0,,,ARC-r0,gray,323
15.0,0.05381509610477009,0.0,114.6138888888889,96.0,0.075,0.72125204659047,880,5.0,11,0.0,,,ARC-r0,gray,324
25.0,0.2863750014712063,0.0,102.96944444444445,79.0,0.075,0.12699300144146058,793,30.0,11,15.0,,,ARC-r0,gray,325
40.0,0.6110247009952996,0.0,97.3638888888889,108.0,0.075,0.06028458846889121,621,35.0,11,0.0,,,ARC-r0,gray,326
0.0,0.0,0.0,113.7125,111.0,0.075,1.0,863,0.0,11,0.0,,,ARC-r0,gray,327
35.0,0.4579950552797807,0.0,105.55694444444444,93.0,0.075,0.114831879418647,780,0.0,11,0.0,,,ARC-r0,gray,328
0.0,0.006524496475146524,0.0,110.92361111111111,120.0,0.075,0.9706635773020136,821,0.0,10,0.0,,,ARC-r0,gray,329
15.0,0.058717014779430254,0.0,114.50555555555556,96.0,0.075,0.6917084727122954,931,10.0,11,0.0,,,ARC-r0,gray,330
0.0,0.0,0.0,98.975,70.0,0.075,1.0,738,0.0,11,0.0,,,ARC-r0,gray,331
0.0,0.0,0.0,89.14444444444445,90.0,0.075,1.0,583,0.0,11,0.0,,,ARC-r0,gray,332
10.0,0.15031701009401433,0.0,117.49861111111112,111.0,0.075,0.005249518290121995,823,10.0,11,0.0,,,ARC-r0,gray,333
65.0,0.9741001649341885,0.0,109.57083333333334,99.0,0.075,0.0,827,30.0,11,0.0,,,ARC-r0,gray,334
20.0,0.08100850439146656,0.0,108.95694444444445,105.0,0.075,0.8173573321677463,892,15.0,10,5.0,,,ARC-r0,gray,335
0.0,0.0007492233571659845,0.0,108.10277777777777,89.0,0.075,0.9940989241835291,859,0.0,11,0.0,,,ARC-r0,gray,336
0.0,0.0,0.0,101.43194444444444,72.0,0.075,1.0,766,0.0,11,0.0,,,ARC-r0,gray,337
30.0,0.2888843063738711,0.0,92.45,101.0,0.075,0.2657431052845049,567,30.0,11,0.0,,,ARC-r0,gray,338
10.0,0.04497588491512161,0.0,105.04027777777777,97.0,0.075,0.7794013374517514,781,5.0,11,0.0,,,ARC-r0,gray,339
0.0,0.0016877966120265597,0.0,111.64583333333333,95.0,0.075,0.9908772794325236,899,0.0,11,0.0,,,ARC-r1,gray,300
40.0,0.534994089439822,0.0,105.64305555555555,77.0,0.075,0.0,779,40.0,11,0.0,,,ARC-r1,gray,301
55.0,0.8925633529496824,0.0,96.47222222222223,102.0,0.075,6.729597108719277e-05,630,55.0,11,0.0,,,ARC-r1,gray,302
0.0,0.0,0.0,107.59722222222223,103.0,0.075,1.0,816,0.0,11,0.0,,,ARC-r1,gray,303
50.0,0.8318791474270615,0.0,114.59861111111111,100.0,0.075,0.04815353420819411,817,20.0,10,0.0,,,ARC-r1,gray,304
20.0,0.26309152492405286,0.0,110.53194444444445,109.0,0.075,0.29385561138563365,846,15.0,10,0.0,,,ARC-r1,gray,305
0.0,0.0,0.0,106.41111111111111,88.0,0.075,1.0,855,0.0,11,0.0,,,ARC-r1,gray,306
15.0,0.05189301886274755,0.0,100.57777777777778,72.0,0.075,0.8155849546632461,768,15.0,11,0.0,,,ARC-r1,gray,307
35.0,0.5431899334694013,0.0,97.38472222222222,104.0,0.075,0.012663061993664572,600,35.0,11,0.0,,,ARC-r1,gray,308
30.0,0.1948266783669994,0.0,106.07916666666667,97.0,0.075,0.11488353551034955,780,20.0,11,0.0,,,ARC-r1,gray,309
50.0,0.6659812362152517,0.0,100.78194444444445,90.0,0.075,0.03911654419392517,754,0.0,11,0.0,,,ARC-r1,gray,310
25.0,0.27336409575033915,0.0,106.48194444444445,101.0,0.075,0.5656755047003259,903,30.0,11,25.0,,,ARC-r1,gray,311
0.0,0.0,0.0,108.3013888888889,92.0,0.075,1.0,843,0.0,11,0.0,,,ARC-r1,gray,312
0.0,0.0,0.0,95.7875,65.0,0.075,1.0,725,0.0,11,0.0,,,ARC-r1,gray,313
0.0,0.0,0.0,84.02777777777777,92.0,0.075,1.0,562,0.0,11,0.0,,,ARC-r1,gray,314
15.0,0.21315737443490246,0.0,113.91527777777777,104.0,0.075,0.18134391496483684,756,0.0,11,0.0,,,ARC-r1,gray,315
25.0,0.3019983899427148,0.0,110.75833333333334,94.0,0.075,0.03703764023516005,845,10.0,10,0.0,,,ARC-r1,gray,316
0.0,0.010794544416237173,0.0,101.55555555555556,120.0,0.075,0.954276490731484,857,0.0,10,0.0,,,ARC-r1,gray,317
0.0,0.0,0.0,114.775,96.0,0.075,1.0,899,0.0,11,0.0,,,ARC-r1,gray,318
0.0,0.0009873814187044694,0.0,103.15972222222223,74.0,0.075,0.9924753515460079,810,0.0,11,0.0,,,ARC-r1,gray,319
35.0,0.6320460192421495,0.0,93.92083333333333,104.0,0.075,0.027628081030863207,634,35.0,11,0.0,,,ARC-r1,gray,320
0.0,0.0,0.0,111.17916666666666,107.0,0.075,1.0,767,0.0,11,0.0,,,ARC-r1,gray,321
70.0,0.8093323944213471,0.0,112.375,100.0,0.075,0.03231629915590037,739,20.0,11,0.0,,,ARC-r1,gray,322
15.0,0.09386591210784889,0.0,110.50138888888888,111.0,0.075,0.5713942887222424,880,10.0,11,5.0,,,ARC-r1,gray,323
20.0,0.06438687103849094,0.0,114.6138888888889,96.0,0.075,0.72125204659047,880,10.0,11,0.0,,,ARC-r1,gray,324
35.0,0.6122255877915483,0.0,102.94583333333334,79.0,0.075,0.0,791,35.0,11,20.0,,,ARC-r1,gray,325
45.0,0.7455187900623717,0.0,97.40833333333333,108.0,0.075,0.0,620,40.0,11,0.0,,,ARC-r1,gray,326
0.0,0.0,0.0,113.7125,111.0,0.075,1.0,863,0.0,11,0.0,,,ARC-r1,gray,327
40.0,0.604237820635678,0.0,105.49722222222222,93.0,0.075,0.04412298440151018,778,0.0,11,0.0,,,ARC-r1,gray,328
0.0,0.006524496475146524,0.0,111.09027777777777,120.0,0.075,0.9706635773020136,822,0.0,10,0.0,,,ARC-r1,gray,329
20.0,0.14022344701670741,0.0,115.5513888888889,95.0,0.075,0.24757317161212475,914,15.0,11,0.0,,,ARC-r1,gray,330
0.0,0.0,0.0,98.975,70.0,0.075,1.0,738,0.0,11,0.0,,,ARC-r1,gray,331
0.0,0.0,0.0,89.14444444444445,90.0,0.075,1.0,583,0.0,11,0.0,,,ARC-r1,gray,332
15.0,0.15661425787576455,0.0,117.49861111111112,111.0,0.075,0.005249518290121995,823,15.0,11,0.0,,,ARC-r1,gray,333
75.0,1.0681571034894533,0.0,109.25,98.0,0.075,0.0,809,30.0,11,0.0,,,ARC-r1,gray,334
60.0,0.7088184790852159,0.0,110.36805555555556,107.0,0.075,0.022059408004401062,902,30.0,11,30.0,,,ARC-r1,gray,335
0.0,0.0007492233571659845,0.0,108.6375,89.0,0.075,0.9940989241835291,852,0.0,11,0.0,,,ARC-r1,gray,336
0.0,0.0,0.0,101.43194444444444,72.0,0.075,1.0,766,0.0,11,0.0,,,ARC-r1,gray,337
35.0,0.5672283257970201,0.0,92.50555555555556,101.0,0.075,0.0,566,35.0,11,0.0,,,ARC-r1,gray,338
15.0,0.054725657313281495,0.0,105.04305555555555,97.0,0.075,0.7794013374517514,782,10.0,11,0.0,,,ARC-r1,gray,339
10.0,0.01914715203084061,0.0,86.44444444444444,66.0,0.075,0.9411430167229373,75,10.0,0,0.0,,,HPA-r0,ddos,300
10.0,0.02500665837180671,0.0,84.16666666666667,62.0,0.075,0.883764563921541,56,10.0,0,0.0,,,HPA-r0,ddos,301
0.0,0.0,0.0,84.52361111111111,73.0,0.075,1.0,81,0.0,0,0.0,,,HPA-r0,ddos,302
0.0,0.0030919006467455823,0.0,86.20555555555555,68.0,0.075,0.9763621407332166,68,0.0,0,0.0,,,HPA-r0,ddos,303
60.0,0.9554898113894317,0.0,83.82083333333334,76.0,0.075,0.015891438693415146,82,55.0,0,0.0,,,HPA-r0,ddos,304
40.0,0.3958119880155042,0.0,87.24444444444444,75.0,0.075,0.209162451807866,101,40.0,0,0.0,,,HPA-r0,ddos,305
10.0,0.019022172596694364,0.0,85.07222222222222,64.0,0.075,0.9311429787226345,76,10.0,0,0.0,,,HPA-r0,ddos,306
15.0,0.04822915299115271,0.0,82.80416666666666,58.0,0.075,0.6726693094859901,57,15.0,0,0.0,,,HPA-r0,ddos,307
5.0,0.012460911282063947,0.0,84.68472222222222,74.0,0.075,0.9472865927628292,84,5.0,0,0.0,,,HPA-r0,ddos,308
0.0,0.0,0.0,84.30277777777778,61.0,0.075,1.0,61,0.0,0,0.0,,,HPA-r0,ddos,309
5.0,0.08623207833283741,0.0,80.69722222222222,65.0,0.075,0.5725680553994551,65,0.0,0,0.0,,,HPA-r0,ddos,310
0.0,0.0009790979934476418,0.0,86.6625,77.0,0.075,0.9960783010024586,97,0.0,0,0.0,,,HPA-r0,ddos,311
15.0,0.12588532103701144,0.0,86.68611111111112,69.0,0.075,0.419097800360348,81,15.0,0,0.0,,,HPA-r0,ddos,312
0.0,0.0,0.0,82.83472222222223,61.0,0.075,1.0,54,0.0,0,0.0,,,HPA-r0,ddos,313
0.0,0.0,0.0,82.75,72.0,0.075,1.0,77,0.0,0,0.0,,,HPA-r0,ddos,314
5.0,0.00814974205332053,0.0,85.22777777777777,66.0,0.075,0.949515932980991,63,5.0,0,0.0,,,HPA-r0,ddos,315
50.0,0.7955862368607569,0.0,85.88055555555556,80.0,0.075,0.020859227793092048,81,45.0,0,0.0,,,HPA-r0,ddos,316
0.0,0.007540356353641364,0.0,86.67222222222222,76.0,0.075,0.9539625554170108,95,0.0,0,0.0,,,HPA-r0,ddos,317
0.0,0.0006127415819179305,0.0,85.05416666666666,60.0,0.075,0.9924160775350747,70,0.0,0,0.0,,,HPA-r0,ddos,318
50.0,0.715872892083147,0.0,88.34444444444445,77.0,0.075,0.03574738916561635,78,50.0,0,0.0,,,HPA-r0,ddos,319
0.0,0.007899106366893172,0.0,83.77222222222223,71.0,0.075,0.9573947057875898,87,0.0,0,0.0,,,HPA-r0,ddos,320
5.0,0.007392252755977768,0.0,83.84166666666667,63.0,0.075,0.9494357845406054,55,5.0,0,0.0,,,HPA-r0,ddos,321
70.0,0.8633835676578938,0.0,83.79722222222222,74.0,0.07500000000000005,0.007815306099463279,73,65.0,0,0.0,,,HPA-r0,ddos,322
30.0,0.49497180324103995,0.0,85.74305555555556,66.0,0.075,0.0068773688406996,86,30.0,0,0.0,,,HPA-r0,ddos,323
30.0,0.06440944734350529,0.0,85.84027777777777,67.0,0.075,0.8309401013659815,76,30.0,0,0.0,,,HPA-r0,ddos,324
45.0,0.7083764027645212,0.0,86.95,73.0,0.075,0.010066557356664924,77,45.0,0,0.0,,,HPA-r0,ddos,325
0.0,0.0,0.0,83.7388888888889,71.0,0.075,1.0,81,0.0,0,0.0,,,HPA-r0,ddos,326
10.0,0.013830646484036535,0.0,84.26666666666667,63.0,0.075,0.9317172291310251,65,10.0,0,0.0,,,HPA-r0,ddos,327
10.0,0.0326423248365737,0.0,79.8125,63.0,0.075,0.838478929290961,54,5.0,0,0.0,,,HPA-r0,ddos,328
30.0,0.19413919366513266,0.0,87.03611111111111,74.0,0.075,0.3452104885018893,89,40.0,0,0.0,,,HPA-r0,ddos,329
30.0,0.38314322364710884,0.0,86.97361111111111,68.0,0.075,0.10383359025960916,73,30.0,0,0.0,,,HPA-r0,ddos,330
0.0,0.0,0.0,82.71388888888889,59.0,0.075,1.0,57,0.0,0,0.0,,,HPA-r0,ddos,331
0.0,0.0,0.0,82.51527777777778,74.0,0.075,1.0,88,0.0,0,0.0,,,HPA-r0,ddos,332
0.0,0.00633872637273436,0.0,84.52222222222223,64.0,0.075,0.9500076629703159,63,0.0,0,0.0,,,HPA-r0,ddos,333
50.0,0.29759093983009466,0.0,80.98333333333333,67.0,0.07500000000000007,0.2829137236435031,63,40.0,0,0.0,,,HPA-r0,ddos,334
60.0,0.9933222195886993,0.0,88.40555555555555,77.0,0.075,0.003916184561285948,88,60.0,0,0.0,,,HPA-r0,ddos,335
20.0,0.06458643714930545,0.0,83.63333333333334,60.0,0.075,0.7371780748495671,77,20.0,0,0.0,,,HPA-r0,ddos,336
10.0,0.03333388712284391,0.0,84.67777777777778,64.0,0.075,0.7853745613304954,70,10.0,0,0.0,,,HPA-r0,ddos,337
0.0,0.00042808078610789835,0.0,83.00138888888888,71.0,0.075,0.9963490559904612,76,0.0,0,0.0,,,HPA-r0,ddos,338
0.0,0.0,0.0,82.1,57.0,0.075,1.0,54,0.0,0,0.0,,,HPA-r0,ddos,339
0.0,0.0,0.0,88.39583333333333,69.0,0.075,1.0,168,0.0,0,0.0,,,HPA-fast-r0,ddos,300
30.0,0.18271449917133253,0.0,85.75833333333334,63.0,0.075,0.2757736609414038,148,30.0,0,0.0,,,HPA-fast-r0,ddos,301
5.0,0.011838797935437295,0.0,77.69444444444444,75.0,0.075,0.9008144164769596,125,0.0,0,0.0,,,HPA-fast-r0,ddos,302
0.0,0.0,0.0,87.28194444444445,64.0,0.075,1.0,161,0.0,0,0.0,,,HPA-fast-r0,ddos,303
0.0,0.0,0.0,86.47083333333333,74.0,0.075,1.0,162,0.0,0,0.0,,,HPA-fast-r0,ddos,304
0.0,0.0,0.0,84.1763888888889,82.0,0.075,1.0,182,0.0,0,0.0,,,HPA-fast-r0,ddos,305
0.0,0.0001812205047913018,0.0,88.475,69.0,0.075,0.9986412090250196,194,0.0,0,0.0,,,HPA-fast-r0,ddos,306
0.0,0.0,0.0,85.26388888888889,62.0,0.075,1.0,118,0.0,0,0.0,,,HPA-fast-r0,ddos,307
0.0,0.0,0.0,78.9,74.0,0.075,1.0,130,0.0,0,0.0,,,HPA-fast-r0,ddos,308
0.0,0.0,0.0,86.9,67.0,0.075,1.0,153,0.0,0,0.0,,,HPA-fast-r0,ddos,309
0.0,0.002655428316877817,0.0,85.11944444444444,74.0,0.075,0.9855380820468478,174,0.0,0,0.0,,,HPA-fast-r0,ddos,310
0.0,0.0009790979934476418,0.0,83.6875,82.0,0.075,0.9960783010024586,186,0.0,0,0.0,,,HPA-fast-r0,ddos,311
0.0,0.0,0.0,87.61805555555556,66.0,0.075,1.0,171,0.0,0,0.0,,,HPA-fast-r0,ddos,312
0.0,0.0,0.0,85.0,65.0,0.075,1.0,144,0.0,0,0.0,,,HPA-fast-r0,ddos,313
0.0,0.0,0.0,77.8,74.0,0.075,1.0,120,0.0,0,0.0,,,HPA-fast-r0,ddos,314
0.0,0.0,0.0,86.76666666666667,64.0,0.075,1.0,150,0.0,0,0.0,,,HPA-fast-r0,ddos,315
15.0,0.07604218741347202,0.0,86.8875,76.0,0.075,0.7098741837753032,184,15.0,0,0.0,,,HPA-fast-r0,ddos,316
0.0,0.0,0.0,83.85694444444445,84.0,0.075,1.0,188,0.0,0,0.0,,,HPA-fast-r0,ddos,317
0.0,0.0,0.0,87.99444444444444,74.0,0.075,1.0,200,0.0,0,0.0,,,HPA-fast-r0,ddos,318
25.0,0.19599178905018722,0.0,87.57777777777778,74.0,0.075,0.32866628345425064,145,25.0,0,0.0,,,HPA-fast-r0,ddos,319
5.0,0.008573807706457881,0.0,78.44444444444444,77.0,0.075,0.9217298170838387,143,0.0,0,0.0,,,HPA-fast-r0,ddos,320
0.0,0.0,0.0,86.75416666666666,65.0,0.075,1.0,151,0.0,0,0.0,,,HPA-fast-r0,ddos,321
0.0,0.00472286253158094,0.0,85.83194444444445,71.0,0.075,0.9746058519511821,155,0.0,0,0.0,,,HPA-fast-r0,ddos,322
5.0,0.020706581531848567,0.0,84.16388888888889,68.0,0.075,0.9044978774110677,172,5.0,0,0.0,,,HPA-fast-r0,ddos,323
0.0,0.0,0.0,87.78888888888889,75.0,0.075,1.0,199,0.0,0,0.0,,,HPA-fast-r0,ddos,324
35.0,0.5237154474622696,0.0,86.63333333333334,73.0,0.075,0.05156091146839561,143,35.0,0,0.0,,,HPA-fast-r0,ddos,325
0.0,0.0,0.0,79.13888888888889,79.0,0.075,1.0,135,0.0,0,0.0,,,HPA-fast-r0,ddos,326
0.0,0.0,0.0,87.575,69.0,0.075,1.0,157,0.0,0,0.0,,,HPA-fast-r0,ddos,327
0.0,0.0,0.0,85.95833333333333,72.0,0.075,1.0,158,0.0,0,0.0,,,HPA-fast-r0,ddos,328
0.0,0.0,0.0,84.39583333333333,82.0,0.075,1.0,188,0.0,0,0.0,,,HPA-fast-r0,ddos,329
0.0,0.0027843135111393913,0.0,87.5513888888889,71.0,0.075,0.9842023601770112,185,0.0,0,0.0,,,HPA-fast-r0,ddos,330
0.0,0.0,0.0,85.05833333333334,64.0,0.075,1.0,128,0.0,0,0.0,,,HPA-fast-r0,ddos,331
10.0,0.014250651328540087,0.0,77.42222222222222,75.0,0.075,0.8809669357133505,123,0.0,0,0.0,,,HPA-fast-r0,ddos,332
0.0,0.0,0.0,87.7388888888889,67.0,0.075,1.0,169,0.0,0,0.0,,,HPA-fast-r0,ddos,333
0.0,0.003947198646092609,0.0,85.94305555555556,71.0,0.075,0.9786118388317111,168,0.0,0,0.0,,,HPA-fast-r0,ddos,334
0.0,0.0,0.0,84.02638888888889,67.0,0.075,1.0,181,0.0,0,0.0,,,HPA-fast-r0,ddos,335
0.0,0.0,0.0,86.67916666666666,64.0,0.075,1.0,166,0.0,0,0.0,,,HPA-fast-r0,ddos,336
5.0,0.011294970871145171,0.0,85.41944444444445,66.0,0.075,0.9362871230093398,135,5.0,0,0.0,,,HPA-fast-r0,ddos,337
5.0,0.00829122920597003,0.0,78.31666666666666,74.0,0.075,0.9167985165081959,129,0.0,0,0.0,,,HPA-fast-r0,ddos,338
0.0,0.0,0.0,87.65694444444445,65.0,0.075,1.0,168,0.0,0,0.0,,,HPA-fast-r0,ddos,339
0.0,0.0,0.0,110.6375,88.0,0.075,1.0,92,0.0,0,0.0,,,HPA-45-r0,ddos,300
0.0,0.0,0.0,105.83611111111111,80.0,0.075,1.0,65,0.0,0,0.0,,,HPA-45-r0,ddos,301
0.0,0.0,0.0,108.19027777777778,97.0,0.075,1.0,83,0.0,0,0.0,,,HPA-45-r0,ddos,302
0.0,0.0,0.0,109.23194444444445,88.0,0.075,1.0,86,0.0,0,0.0,,,HPA-45-r0,ddos,303
0.0,0.0,0.0,105.23472222222222,96.0,0.075,1.0,94,0.0,0,0.0,,,HPA-45-r0,ddos,304
0.0,0.0,0.0,110.18333333333334,97.0,0.075,1.0,97,0.0,0,0.0,,,HPA-45-r0,ddos,305
0.0,0.0,0.0,108.93055555555556,86.0,0.075,1.0,86,0.0,0,0.0,,,HPA-45-r0,ddos,306
0.0,0.0,0.0,103.67777777777778,76.0,0.075,1.0,72,0.0,0,0.0,,,HPA-45-r0,ddos,307
0.0,0.0,0.0,108.69166666666666,99.0,0.075,1.0,103,0.0,0,0.0,,,HPA-45-r0,ddos,308
0.0,0.0,0.0,108.69305555555556,85.0,0.075,1.0,80,0.0,0,0.0,,,HPA-45-r0,ddos,309
0.0,0.0,0.0,101.20138888888889,83.0,0.075,1.0,73,0.0,0,0.0,,,HPA-45-r0,ddos,310
0.0,0.0,0.0,110.19583333333334,100.0,0.075,1.0,108,0.0,0,0.0,,,HPA-45-r0,ddos,311
0.0,0.0,0.0,109.54444444444445,89.0,0.075,1.0,88,0.0,0,0.0,,,HPA-45-r0,ddos,312
0.0,0.0,0.0,104.375,75.0,0.075,1.0,69,0.0,0,0.0,,,HPA-45-r0,ddos,313
0.0,0.0,0.0,105.70416666666667,97.0,0.075,1.0,87,0.0,0,0.0,,,HPA-45-r0,ddos,314
0.0,0.0,0.0,107.34444444444445,82.0,0.075,1.0,72,0.0,0,0.0,,,HPA-45-r0,ddos,315
10.0,0.021506291617667816,0.0,109.32916666666667,110.0,0.075,0.9220896625716549,99,10.0,0,0.0,,,HPA-45-r0,ddos,316
0.0,0.0,0.0,110.0513888888889,98.0,0.075,1.0,104,0.0,0,0.0,,,HPA-45-r0,ddos,317
0.0,0.0,0.0,107.5513888888889,79.0,0.075,1.0,83,0.0,0,0.0,,,HPA-45-r0,ddos,318
0.0,0.0,0.0,112.31666666666666,97.0,0.075,1.0,97,0.0,0,0.0,,,HPA-45-r0,ddos,319
0.0,0.0,0.0,106.99166666666666,94.0,0.075,1.0,90,0.0,0,0.0,,,HPA-45-r0,ddos,320
0.0,0.0,0.0,106.27222222222223,81.0,0.075,1.0,65,0.0,0,0.0,,,HPA-45-r0,ddos,321
0.0,0.0,0.0,106.60416666666667,98.0,0.075,1.0,82,0.0,0,0.0,,,HPA-45-r0,ddos,322
10.0,0.15863143236221067,0.0,109.725,88.0,0.075,0.36992906838610806,94,10.0,0,0.0,,,HPA-45-r0,ddos,323
0.0,0.0,0.0,110.18611111111112,89.0,0.075,1.0,97,0.0,0,0.0,,,HPA-45-r0,ddos,324
0.0,0.0013419096284272847,0.0,110.73472222222222,98.0,0.075,0.9893615531932893,97,0.0,0,0.0,,,HPA-45-r0,ddos,325
0.0,0.0,0.0,108.45555555555555,97.0,0.075,1.0,97,0.0,0,0.0,,,HPA-45-r0,ddos,326
0.0,0.0,0.0,106.99444444444444,86.0,0.075,1.0,84,0.0,0,0.0,,,HPA-45-r0,ddos,327
0.0,0.0,0.0,102.3638888888889,81.0,0.075,1.0,60,0.0,0,0.0,,,HPA-45-r0,ddos,328
0.0,0.0,0.0,108.87916666666666,95.0,0.075,1.0,91,0.0,0,0.0,,,HPA-45-r0,ddos,329
0.0,0.0,0.0,110.48472222222222,92.0,0.075,1.0,78,0.0,0,0.0,,,HPA-45-r0,ddos,330
0.0,0.0,0.0,105.30555555555556,74.0,0.075,1.0,82,0.0,0,0.0,,,HPA-45-r0,ddos,331
0.0,0.0,0.0,105.99027777777778,98.0,0.075,1.0,103,0.0,0,0.0,,,HPA-45-r0,ddos,332
0.0,0.0,0.0,108.0736111111111,89.0,0.075,1.0,76,0.0,0,0.0,,,HPA-45-r0,ddos,333
0.0,0.0,0.0,103.075,84.0,0.075,1.0,69,0.0,0,0.0,,,HPA-45-r0,ddos,334
0.0,0.0,0.0,110.4625,92.0,0.075,1.0,98,0.0,0,0.0,,,HPA-45-r0,ddos,335
0.0,0.0,0.0,106.79027777777777,80.0,0.075,1.0,84,0.0,0,0.0,,,HPA-45-r0,ddos,336
0.0,0.0,0.0,106.78333333333333,81.0,0.075,1.0,87,0.0,0,0.0,,,HPA-45-r0,ddos,337
0.0,0.0,0.0,106.17361111111111,97.0,0.075,1.0,86,0.0,0,0.0,,,HPA-45-r0,ddos,338
0.0,0.0,0.0,104.64861111111111,75.0,0.075,1.0,65,0.0,0,0.0,,,HPA-45-r0,ddos,339
0.0,0.0,0.0,139.94305555555556,105.0,0.075,1.0,120,0.0,0,0.0,,,PredHPA-r0,ddos,300
0.0,0.0,0.0,128.27777777777777,100.0,0.075,1.0,89,0.0,0,0.0,,,PredHPA-r0,ddos,301
0.0,0.0,0.0,121.22916666666667,112.0,0.075,1.0,128,0.0,0,0.0,,,PredHPA-r0,ddos,302
0.0,0.0,0.0,133.2263888888889,96.0,0.075,1.0,88,0.0,0,0.0,,,PredHPA-r0,ddos,303
0.0,0.0,0.0,133.5,93.0,0.075,1.0,120,0.0,0,0.0,,,PredHPA-r0,ddos,304
0.0,0.0,0.0,136.47083333333333,120.0,0.075,1.0,148,0.0,0,0.0,,,PredHPA-r0,ddos,305
0.0,0.0,0.0,139.38888888888889,103.0,0.075,1.0,111,0.0,0,0.0,,,PredHPA-r0,ddos,306
0.0,0.0,0.0,127.7611111111111,97.0,0.075,1.0,85,0.0,0,0.0,,,PredHPA-r0,ddos,307
0.0,0.0,0.0,120.07916666666667,116.0,0.075,1.0,120,0.0,0,0.0,,,PredHPA-r0,ddos,308
0.0,0.0,0.0,133.38333333333333,98.0,0.075,1.0,73,0.0,0,0.0,,,PredHPA-r0,ddos,309
0.0,0.0,0.0,133.2763888888889,91.0,0.075,1.0,132,0.0,0,0.0,,,PredHPA-r0,ddos,310
0.0,0.0,0.0,137.35416666666666,120.0,0.075,1.0,153,0.0,0,0.0,,,PredHPA-r0,ddos,311
0.0,0.0,0.0,138.14583333333334,102.0,0.075,1.0,125,0.0,0,0.0,,,PredHPA-r0,ddos,312
0.0,0.0,0.0,124.42916666666666,81.0,0.075,1.0,94,0.0,0,0.0,,,PredHPA-r0,ddos,313
0.0,0.0,0.0,119.9875,115.0,0.075,1.0,111,0.0,0,0.0,,,PredHPA-r0,ddos,314
0.0,0.0,0.0,132.51111111111112,102.0,0.075,1.0,77,0.0,0,0.0,,,PredHPA-r0,ddos,315
0.0,0.0,0.0,133.50694444444446,98.0,0.075,1.0,121,0.0,0,0.0,,,PredHPA-r0,ddos,316
0.0,0.0,0.0,137.29722222222222,120.0,0.075,1.0,144,0.0,0,0.0,,,PredHPA-r0,ddos,317
0.0,0.0,0.0,140.34027777777777,105.0,0.075,1.0,122,0.0,0,0.0,,,PredHPA-r0,ddos,318
0.0,0.0,0.0,128.68333333333334,107.0,0.075,1.0,100,0.0,0,0.0,,,PredHPA-r0,ddos,319
0.0,0.0,0.0,118.72222222222223,111.0,0.075,1.0,123,0.0,0,0.0,,,PredHPA-r0,ddos,320
0.0,0.0,0.0,130.97916666666666,95.0,0.075,1.0,80,0.0,0,0.0,,,PredHPA-r0,ddos,321
0.0,0.0,0.0,133.24444444444444,94.0,0.075,1.0,116,0.0,0,0.0,,,PredHPA-r0,ddos,322
0.0,0.0,0.0,139.2097222222222,109.0,0.075,1.0,133,0.0,0,0.0,,,PredHPA-r0,ddos,323
0.0,0.0,0.0,138.20694444444445,101.0,0.075,1.0,105,0.0,0,0.0,,,PredHPA-r0,ddos,324
0.0,0.0,0.0,127.39166666666667,98.0,0.075,1.0,93,0.0,0,0.0,,,PredHPA-r0,ddos,325
0.0,0.0,0.0,122.65277777777777,120.0,0.075,1.0,120,0.0,0,0.0,,,PredHPA-r0,ddos,326
0.0,0.0,0.0,131.74027777777778,94.0,0.075,1.0,84,0.0,0,0.0,,,PredHPA-r0,ddos,327
0.0,0.0,0.0,133.69027777777777,91.0,0.075,1.0,128,0.0,0,0.0,,,PredHPA-r0,ddos,328
0.0,0.0,0.0,139.13333333333333,120.0,0.075,1.0,140,0.0,0,0.0,,,PredHPA-r0,ddos,329
0.0,0.0,0.0,140.61111111111111,102.0,0.075,1.0,105,0.0,0,0.0,,,PredHPA-r0,ddos,330
0.0,0.0,0.0,123.78333333333333,80.0,0.075,1.0,86,0.0,0,0.0,,,PredHPA-r0,ddos,331
0.0,0.0,0.0,118.27222222222223,112.0,0.075,1.0,127,0.0,0,0.0,,,PredHPA-r0,ddos,332
0.0,0.0,0.0,130.8111111111111,96.0,0.075,1.0,69,0.0,0,0.0,,,PredHPA-r0,ddos,333
0.0,0.0,0.0,134.57916666666668,94.0,0.075,1.0,130,0.0,0,0.0,,,PredHPA-r0,ddos,334
0.0,0.0,0.0,138.59166666666667,107.0,0.075,1.0,126,0.0,0,0.0,,,PredHPA-r0,ddos,335
0.0,0.0,0.0,138.56527777777777,100.0,0.075,1.0,122,0.0,0,0.0,,,PredHPA-r0,ddos,336
0.0,0.0,0.0,125.25694444444444,90.0,0.075,1.0,104,0.0,0,0.0,,,PredHPA-r0,ddos,337
0.0,0.0,0.0,120.32222222222222,115.0,0.075,1.0,112,0.0,0,0.0,,,PredHPA-r0,ddos,338
0.0,0.0,0.0,131.65555555555557,95.0,0.075,1.0,87,0.0,0,0.0,,,PredHPA-r0,ddos,339
0.0,0.0,0.0,139.94722222222222,105.0,0.075,1.0,120,0.0,0,0.0,,,PredHPA-r1,ddos,300
0.0,0.0,0.0,128.27777777777777,100.0,0.075,1.0,89,0.0,0,0.0,,,PredHPA-r1,ddos,301
0.0,0.0,0.0,121.22916666666667,112.0,0.075,1.0,128,0.0,0,0.0,,,PredHPA-r1,ddos,302
0.0,0.0,0.0,133.2263888888889,96.0,0.075,1.0,88,0.0,0,0.0,,,PredHPA-r1,ddos,303
0.0,0.0,0.0,133.5,93.0,0.075,1.0,120,0.0,0,0.0,,,PredHPA-r1,ddos,304
0.0,0.0,0.0,136.47083333333333,120.0,0.075,1.0,148,0.0,0,0.0,,,PredHPA-r1,ddos,305
0.0,0.0,0.0,139.38888888888889,103.0,0.075,1.0,111,0.0,0,0.0,,,PredHPA-r1,ddos,306
0.0,0.0,0.0,127.7611111111111,97.0,0.075,1.0,86,0.0,0,0.0,,,PredHPA-r1,ddos,307
0.0,0.0,0.0,120.07916666666667,116.0,0.075,1.0,120,0.0,0,0.0,,,PredHPA-r1,ddos,308
0.0,0.0,0.0,133.38333333333333,98.0,0.075,1.0,73,0.0,0,0.0,,,PredHPA-r1,ddos,309
0.0,0.0,0.0,133.06805555555556,91.0,0.075,1.0,128,0.0,0,0.0,,,PredHPA-r1,ddos,310
0.0,0.0,0.0,137.35416666666666,120.0,0.075,1.0,153,0.0,0,0.0,,,PredHPA-r1,ddos,311
0.0,0.0,0.0,140.73194444444445,103.0,0.075,1.0,142,0.0,0,0.0,,,PredHPA-r1,ddos,312
0.0,0.0,0.0,123.30555555555556,81.0,0.075,1.0,93,0.0,0,0.0,,,PredHPA-r1,ddos,313
0.0,0.0,0.0,119.9875,115.0,0.075,1.0,111,0.0,0,0.0,,,PredHPA-r1,ddos,314
0.0,0.0,0.0,132.51111111111112,102.0,0.075,1.0,77,0.0,0,0.0,,,PredHPA-r1,ddos,315
0.0,0.0,0.0,133.50694444444446,98.0,0.075,1.0,121,0.0,0,0.0,,,PredHPA-r1,ddos,316
0.0,0.0,0.0,137.29722222222222,120.0,0.075,1.0,144,0.0,0,0.0,,,PredHPA-r1,ddos,317
0.0,0.0,0.0,140.34027777777777,105.0,0.075,1.0,122,0.0,0,0.0,,,PredHPA-r1,ddos,318
0.0,0.0,0.0,128.68333333333334,107.0,0.075,1.0,100,0.0,0,0.0,,,PredHPA-r1,ddos,319
0.0,0.0,0.0,118.72222222222223,111.0,0.075,1.0,123,0.0,0,0.0,,,PredHPA-r1,ddos,320
0.0,0.0,0.0,130.97916666666666,95.0,0.075,1.0,80,0.0,0,0.0,,,PredHPA-r1,ddos,321
0.0,0.0,0.0,133.24444444444444,94.0,0.075,1.0,116,0.0,0,0.0,,,PredHPA-r1,ddos,322
0.0,0.0,0.0,139.2097222222222,109.0,0.075,1.0,133,0.0,0,0.0,,,PredHPA-r1,ddos,323
0.0,0.0,0.0,138.20694444444445,101.0,0.075,1.0,105,0.0,0,0.0,,,PredHPA-r1,ddos,324
0.0,0.0,0.0,125.59166666666667,98.0,0.075,1.0,81,0.0,0,0.0,,,PredHPA-r1,ddos,325
0.0,0.0,0.0,122.65277777777777,120.0,0.075,1.0,120,0.0,0,0.0,,,PredHPA-r1,ddos,326
0.0,0.0,0.0,131.74027777777778,94.0,0.075,1.0,84,0.0,0,0.0,,,PredHPA-r1,ddos,327
0.0,0.0,0.0,133.69027777777777,91.0,0.075,1.0,128,0.0,0,0.0,,,PredHPA-r1,ddos,328
0.0,0.0,0.0,139.13333333333333,120.0,0.075,1.0,140,0.0,0,0.0,,,PredHPA-r1,ddos,329
0.0,0.0,0.0,140.61111111111111,102.0,0.075,1.0,105,0.0,0,0.0,,,PredHPA-r1,ddos,330
0.0,0.0,0.0,123.78333333333333,80.0,0.075,1.0,86,0.0,0,0.0,,,PredHPA-r1,ddos,331
0.0,0.0,0.0,118.27222222222223,112.0,0.075,1.0,127,0.0,0,0.0,,,PredHPA-r1,ddos,332
0.0,0.0,0.0,130.8111111111111,96.0,0.075,1.0,69,0.0,0,0.0,,,PredHPA-r1,ddos,333
0.0,0.0,0.0,134.57916666666668,94.0,0.075,1.0,130,0.0,0,0.0,,,PredHPA-r1,ddos,334
0.0,0.0,0.0,138.67638888888888,106.0,0.075,1.0,134,0.0,0,0.0,,,PredHPA-r1,ddos,335
0.0,0.0,0.0,138.56527777777777,100.0,0.075,1.0,122,0.0,0,0.0,,,PredHPA-r1,ddos,336
0.0,0.0,0.0,125.25694444444444,90.0,0.075,1.0,104,0.0,0,0.0,,,PredHPA-r1,ddos,337
0.0,0.0,0.0,120.32222222222222,115.0,0.075,1.0,112,0.0,0,0.0,,,PredHPA-r1,ddos,338
0.0,0.0,0.0,131.65555555555557,95.0,0.075,1.0,87,0.0,0,0.0,,,PredHPA-r1,ddos,339
0.0,0.36801416959867383,0.3680141695986688,112.74722222222222,102.0,0.075,0.9699999999999999,903,0.0,10,0.0,10.0,,ARC,ddos,300
0.0,0.4125613141953588,0.4125613141953646,100.80694444444444,72.0,0.075,0.9699999999999999,782,0.0,10,0.0,5.0,,ARC,ddos,301
0.0,0.5062737616477686,0.506273761647758,93.60694444444445,96.0,0.075,0.9699999999999999,610,0.0,10,0.0,10.0,,ARC,ddos,302
0.0,0.3969411463013661,0.3969411463013586,106.38333333333334,103.0,0.075,0.9699999999999999,792,0.0,10,0.0,5.0,,ARC,ddos,303
25.0,0.8140843461089675,0.4850027661066622,115.14166666666667,102.0,0.075,0.05965262034260611,826,5.0,9,0.0,10.0,,ARC,ddos,304
0.0,0.41917332656045136,0.41917332656045725,105.19444444444444,120.0,0.075,0.9699999999999999,872,0.0,10,0.0,5.0,,ARC,ddos,305
0.0,0.35861641825882806,0.35861641825882834,105.1125,86.0,0.075,0.9699999999999999,857,0.0,10,0.0,5.0,,ARC,ddos,306
0.0,0.36641171296294406,0.36641171296295333,98.84166666666667,70.0,0.075,0.9699999999999999,813,0.0,10,0.0,5.0,,ARC,ddos,307
0.0,0.5105946613110701,0.5105946613110729,93.03888888888889,97.0,0.075,0.9699999999999999,612,0.0,10,0.0,10.0,,ARC,ddos,308
10.0,0.49621746307247916,0.4014322566636333,103.14444444444445,93.0,0.075,0.5864207578927345,790,0.0,10,0.0,5.0,,ARC,ddos,309
45.0,1.179285764695992,0.44571386224569437,103.32777777777778,97.0,0.075,0.03911654419392517,748,0.0,10,0.0,10.0,,ARC,ddos,310
0.0,0.44497234260449936,0.4449723426045006,107.47916666666667,120.0,0.075,0.9699999999999999,919,0.0,9,0.0,5.0,,ARC,ddos,311
0.0,0.3684057520054296,0.36840575200543446,104.96944444444445,88.0,0.075,0.9699999999999999,851,0.0,10,0.0,5.0,,ARC,ddos,312
0.0,0.39269905418042317,0.3926990541804292,95.93611111111112,66.0,0.075,0.9699999999999999,709,0.0,10,0.0,5.0,,ARC,ddos,313
0.0,0.5213238156570155,0.5213238156570171,84.26944444444445,90.0,0.075,0.9699999999999999,561,0.0,10,0.0,5.0,,ARC,ddos,314
10.0,0.41690508670392257,0.3785367177956524,111.86111111111111,101.0,0.075,0.8875837920479904,781,0.0,10,0.0,10.0,,ARC,ddos,315
20.0,0.5963777353515387,0.4780490105445301,112.55972222222222,97.0,0.075,0.5519268163095347,835,10.0,9,0.0,5.0,,ARC,ddos,316
0.0,0.4563001144491263,0.4563001144491276,100.47222222222223,114.0,0.075,0.9699999999999999,841,0.0,9,0.0,5.0,,ARC,ddos,317
0.0,0.3666963330177686,0.366696333017772,112.8,93.0,0.075,0.9699999999999999,866,0.0,10,0.0,10.0,,ARC,ddos,318
0.0,0.39687639353762627,0.3968763935376282,103.67916666666666,73.0,0.075,0.9699999999999999,801,0.0,10,0.0,10.0,,ARC,ddos,319
0.0,0.5055462716216041,0.505546271621607,88.5,86.0,0.075,0.9699999999999999,602,0.0,10,0.0,10.0,,ARC,ddos,320
0.0,0.3861984663693585,0.38619846636936667,111.31944444444444,110.0,0.075,0.9699999999999999,763,0.0,10,0.0,5.0,,ARC,ddos,321
25.0,0.7484823276888708,0.5068644376571174,105.44583333333334,95.0,0.075,0.05809694968999514,751,20.0,9,0.0,5.0,,ARC,ddos,322
0.0,0.4688762020564119,0.468876202056428,106.40555555555555,120.0,0.075,0.9699999999999999,860,0.0,10,0.0,10.0,,ARC,ddos,323
0.0,0.3706415640660432,0.37064156406603366,111.84722222222223,90.0,0.075,0.9699999999999999,880,0.0,10,0.0,5.0,,ARC,ddos,324
0.0,0.39319903971833936,0.3931990397183385,97.82638888888889,70.0,0.075,0.9699999999999999,777,0.0,10,0.0,10.0,,ARC,ddos,325
0.0,0.5120171044857402,0.5120171044857317,92.15694444444445,100.0,0.075,0.9699999999999999,625,0.0,10,0.0,10.0,,ARC,ddos,326
0.0,0.402183954485158,0.40218395448515676,113.82916666666667,112.0,0.075,0.9699999999999999,815,0.0,10,0.0,10.0,,ARC,ddos,327
30.0,0.9015368602475426,0.4667029370105525,105.9263888888889,97.0,0.075,0.025180732959417588,777,0.0,10,0.0,5.0,,ARC,ddos,328
0.0,0.4512587364742804,0.45125873647427617,109.09861111111111,120.0,0.075,0.9699999999999999,818,0.0,9,0.0,5.0,,ARC,ddos,329
0.0,0.3945532070626201,0.3945532070626146,110.60416666666667,93.0,0.075,0.9699999999999999,901,0.0,10,0.0,5.0,,ARC,ddos,330
0.0,0.3807634033648033,0.3807634033648041,96.22083333333333,70.0,0.075,0.9699999999999999,741,0.0,10,0.0,5.0,,ARC,ddos,331
0.0,0.511053291918051,0.5110532919180404,89.4888888888889,96.0,0.075,0.9699999999999999,585,0.0,10,0.0,10.0,,ARC,ddos,332
0.0,0.36653963402549783,0.3665396340254947,112.25277777777778,108.0,0.075,0.9699999999999999,824,0.0,10,0.0,10.0,,ARC,ddos,333
55.0,1.109473354284496,0.4903798586228797,105.62361111111112,99.0,0.075,0.059496249897234656,793,0.0,10,0.0,5.0,,ARC,ddos,334
0.0,0.4775595658538023,0.4775595658537848,107.92916666666666,118.0,0.075,0.9699999999999999,896,0.0,10,0.0,5.0,,ARC,ddos,335
0.0,0.3701295692164819,0.37012956921648094,107.14027777777778,87.0,0.075,0.9699999999999999,837,0.0,9,0.0,5.0,,ARC,ddos,336
0.0,0.3985146909445403,0.3985146909445285,101.74305555555556,72.0,0.075,0.9699999999999999,741,0.0,10,0.0,5.0,,ARC,ddos,337
0.0,0.5100248085405434,0.5100248085405595,87.1625,91.0,0.075,0.9699999999999999,541,0.0,10,0.0,5.0,,ARC,ddos,338
5.0,0.3871159684137093,0.3690499142528177,101.35555555555555,96.0,0.075,0.9118099585349496,773,0.0,10,0.0,5.0,,ARC,ddos,339
0.0,0.36801416959867383,0.3680141695986688,110.32638888888889,94.0,0.075,0.9699999999999999,866,0.0,10,0.0,10.0,,ARC-r0,ddos,300
0.0,0.4125613141953588,0.4125613141953646,100.80694444444444,72.0,0.075,0.9699999999999999,782,0.0,10,0.0,5.0,,ARC-r0,ddos,301
0.0,0.5062737616477686,0.506273761647758,93.60694444444445,96.0,0.075,0.9699999999999999,610,0.0,10,0.0,10.0,,ARC-r0,ddos,302
0.0,0.3969411463013661,0.3969411463013586,106.38333333333334,103.0,0.075,0.9699999999999999,792,0.0,10,0.0,5.0,,ARC-r0,ddos,303
30.0,0.9266505102067613,0.4850027661066622,114.45694444444445,104.0,0.075,0.09808520410238077,818,5.0,9,0.0,10.0,,ARC-r0,ddos,304
0.0,0.41917332656045136,0.41917332656045725,105.19444444444444,120.0,0.075,0.9699999999999999,872,0.0,10,0.0,5.0,,ARC-r0,ddos,305
0.0,0.35861641825882806,0.35861641825882834,105.1125,86.0,0.075,0.9699999999999999,856,0.0,10,0.0,5.0,,ARC-r0,ddos,306
0.0,0.36641171296294406,0.36641171296295333,98.84166666666667,70.0,0.075,0.9699999999999999,813,0.0,10,0.0,5.0,,ARC-r0,ddos,307
0.0,0.5105946613110701,0.5105946613110729,93.03888888888889,97.0,0.075,0.9699999999999999,612,0.0,10,0.0,10.0,,ARC-r0,ddos,308
10.0,0.4387111719100667,0.4014322566636333,103.47777777777777,102.0,0.075,0.8812330424252035,802,0.0,10,0.0,5.0,,ARC-r0,ddos,309
45.0,1.1686172558124874,0.44571386224569437,103.32777777777778,97.0,0.075,0.03911654419392517,748,0.0,10,0.0,10.0,,ARC-r0,ddos,310
0.0,0.44497234260449936,0.4449723426045006,107.47916666666667,120.0,0.075,0.9699999999999999,919,0.0,9,0.0,5.0,,ARC-r0,ddos,311
0.0,0.3684057520054296,0.36840575200543446,104.96944444444445,88.0,0.075,0.9699999999999999,851,0.0,10,0.0,5.0,,ARC-r0,ddos,312
0.0,0.39269905418042317,0.3926990541804292,95.93611111111112,66.0,0.075,0.9699999999999999,709,0.0,10,0.0,5.0,,ARC-r0,ddos,313
0.0,0.5213238156570155,0.5213238156570171,84.26944444444445,90.0,0.075,0.9699999999999999,561,0.0,10,0.0,5.0,,ARC-r0,ddos,314
5.0,0.4000386899181918,0.3785367177956524,111.86111111111111,101.0,0.075,0.8875837920479904,781,0.0,10,0.0,10.0,,ARC-r0,ddos,315
20.0,0.644792948588957,0.4780490105445301,111.50555555555556,96.0,0.075,0.2535451641244942,831,10.0,9,0.0,5.0,,ARC-r0,ddos,316
0.0,0.4563001144491263,0.4563001144491276,100.47222222222223,114.0,0.075,0.9699999999999999,841,0.0,9,0.0,5.0,,ARC-r0,ddos,317
0.0,0.3666963330177686,0.366696333017772,111.70972222222223,94.0,0.075,0.9699999999999999,861,0.0,10,0.0,10.0,,ARC-r0,ddos,318
0.0,0.39687639353762627,0.3968763935376282,103.67916666666666,73.0,0.075,0.9699999999999999,801,0.0,10,0.0,10.0,,ARC-r0,ddos,319
0.0,0.5055462716216041,0.505546271621607,88.5,86.0,0.075,0.9699999999999999,602,0.0,10,0.0,10.0,,ARC-r0,ddos,320
0.0,0.3861984663693585,0.38619846636936667,111.31944444444444,110.0,0.075,0.9699999999999999,763,0.0,10,0.0,5.0,,ARC-r0,ddos,321
20.0,0.6828530986299985,0.5068644376571174,105.44722222222222,95.0,0.075,0.3046022721311087,751,15.0,9,0.0,5.0,,ARC-r0,ddos,322
0.0,0.4688762020564119,0.468876202056428,106.40555555555555,120.0,0.075,0.9699999999999999,860,0.0,10,0.0,10.0,,ARC-r0,ddos,323
0.0,0.3706415640660432,0.37064156406603366,111.84722222222223,90.0,0.075,0.9699999999999999,880,0.0,10,0.0,5.0,,ARC-r0,ddos,324
0.0,0.39319903971833936,0.3931990397183385,97.82638888888889,70.0,0.075,0.9699999999999999,777,0.0,10,0.0,10.0,,ARC-r0,ddos,325
0.0,0.5120171044857402,0.5120171044857317,92.15694444444445,100.0,0.075,0.9699999999999999,625,0.0,10,0.0,10.0,,ARC-r0,ddos,326
0.0,0.402183954485158,0.40218395448515676,113.82916666666667,112.0,0.075,0.9699999999999999,815,0.0,10,0.0,10.0,,ARC-r0,ddos,327
20.0,0.7802699043785943,0.4667029370105525,105.35277777777777,97.0,0.075,0.11600644986151408,769,0.0,10,0.0,5.0,,ARC-r0,ddos,328
0.0,0.4541677015588941,0.45416770155888453,109.37916666666666,120.0,0.075,0.9699999999999999,838,0.0,9,0.0,5.0,,ARC-r0,ddos,329
0.0,0.3945532070626201,0.3945532070626146,110.60416666666667,93.0,0.075,0.9699999999999999,901,0.0,10,0.0,5.0,,ARC-r0,ddos,330
0.0,0.3807634033648033,0.3807634033648041,96.22083333333333,70.0,0.075,0.9699999999999999,741,0.0,10,0.0,5.0,,ARC-r0,ddos,331
0.0,0.511053291918051,0.5110532919180404,89.4888888888889,96.0,0.075,0.9699999999999999,585,0.0,10,0.0,10.0,,ARC-r0,ddos,332
0.0,0.36653963402549783,0.3665396340254947,112.25277777777778,108.0,0.075,0.9699999999999999,824,0.0,10,0.0,10.0,,ARC-r0,ddos,333
60.0,1.1914376761776757,0.4903798586228797,103.18333333333334,95.0,0.075,0.059496249897234656,810,0.0,10,0.0,5.0,,ARC-r0,ddos,334
0.0,0.4775595658538023,0.4775595658537848,107.92916666666666,118.0,0.075,0.9699999999999999,896,0.0,10,0.0,5.0,,ARC-r0,ddos,335
0.0,0.3658781709223735,0.3658781709223709,107.45833333333333,91.0,0.075,0.9699999999999999,873,0.0,10,0.0,5.0,,ARC-r0,ddos,336
0.0,0.3985146909445403,0.3985146909445285,101.74305555555556,72.0,0.075,0.9699999999999999,741,0.0,10,0.0,5.0,,ARC-r0,ddos,337
0.0,0.5100248085405434,0.5100248085405595,87.1625,91.0,0.075,0.9699999999999999,541,0.0,10,0.0,5.0,,ARC-r0,ddos,338
5.0,0.3871159684137093,0.3690499142528177,101.35555555555555,96.0,0.075,0.9118099585349496,773,0.0,10,0.0,5.0,,ARC-r0,ddos,339
0.0,0.36801416959867383,0.3680141695986688,112.74722222222222,102.0,0.075,0.9699999999999999,903,0.0,10,0.0,10.0,,ARC-r1,ddos,300
0.0,0.4125613141953588,0.4125613141953646,100.80694444444444,72.0,0.075,0.9699999999999999,782,0.0,10,0.0,5.0,,ARC-r1,ddos,301
0.0,0.5062737616477686,0.506273761647758,93.60694444444445,96.0,0.075,0.9699999999999999,610,0.0,10,0.0,10.0,,ARC-r1,ddos,302
0.0,0.3969411463013661,0.3969411463013586,106.38333333333334,103.0,0.075,0.9699999999999999,792,0.0,10,0.0,5.0,,ARC-r1,ddos,303
25.0,0.8132087793273124,0.4850027661066622,115.10972222222222,102.0,0.075,0.059792442209769286,827,5.0,9,0.0,10.0,,ARC-r1,ddos,304
0.0,0.41917332656045136,0.41917332656045725,105.19444444444444,120.0,0.075,0.9699999999999999,872,0.0,10,0.0,5.0,,ARC-r1,ddos,305
0.0,0.35861641825882806,0.35861641825882834,105.1125,86.0,0.075,0.9699999999999999,857,0.0,10,0.0,5.0,,ARC-r1,ddos,306
0.0,0.36641171296294406,0.36641171296295333,98.84166666666667,70.0,0.075,0.9699999999999999,813,0.0,10,0.0,5.0,,ARC-r1,ddos,307
0.0,0.5105946613110701,0.5105946613110729,93.03888888888889,97.0,0.075,0.9699999999999999,612,0.0,10,0.0,10.0,,ARC-r1,ddos,308
10.0,0.49115521209120994,0.4014322566636333,103.09166666666667,93.0,0.075,0.6123729406278631,789,0.0,10,0.0,5.0,,ARC-r1,ddos,309
45.0,1.1778878143612337,0.44571386224569437,103.32777777777778,97.0,0.075,0.03911654419392517,748,0.0,10,0.0,10.0,,ARC-r1,ddos,310
0.0,0.44497234260449936,0.4449723426045006,107.47916666666667,120.0,0.075,0.9699999999999999,919,0.0,9,0.0,5.0,,ARC-r1,ddos,311
0.0,0.3684057520054296,0.36840575200543446,104.96944444444445,88.0,0.075,0.9699999999999999,851,0.0,10,0.0,5.0,,ARC-r1,ddos,312
0.0,0.39269905418042317,0.3926990541804292,95.93611111111112,66.0,0.075,0.9699999999999999,709,0.0,10,0.0,5.0,,ARC-r1,ddos,313
0.0,0.5213238156570155,0.5213238156570171,84.26944444444445,90.0,0.075,0.9699999999999999,561,0.0,10,0.0,5.0,,ARC-r1,ddos,314
10.0,0.41491444378628506,0.3785367177956524,111.86111111111111,101.0,0.075,0.8875837920479904,781,0.0,10,0.0,10.0,,ARC-r1,ddos,315
25.0,0.7484286628713144,0.4780490105445301,112.7388888888889,99.0,0.075,0.24838788291097996,838,10.0,9,0.0,5.0,,ARC-r1,ddos,316
0.0,0.4563001144491263,0.4563001144491276,100.47222222222223,114.0,0.075,0.9699999999999999,841,0.0,9,0.0,5.0,,ARC-r1,ddos,317
0.0,0.3666963330177686,0.366696333017772,112.8,93.0,0.075,0.9699999999999999,866,0.0,10,0.0,10.0,,ARC-r1,ddos,318
0.0,0.39687639353762627,0.3968763935376282,103.67916666666666,73.0,0.075,0.9699999999999999,801,0.0,10,0.0,10.0,,ARC-r1,ddos,319
0.0,0.5055462716216041,0.505546271621607,88.5,86.0,0.075,0.9699999999999999,602,0.0,10,0.0,10.0,,ARC-r1,ddos,320
0.0,0.3861984663693585,0.38619846636936667,111.31944444444444,110.0,0.075,0.9699999999999999,763,0.0,10,0.0,5.0,,ARC-r1,ddos,321
25.0,0.7470303090689856,0.5068644376571174,105.44583333333334,95.0,0.075,0.05832450205961772,751,20.0,9,0.0,5.0,,ARC-r1,ddos,322
0.0,0.4688762020564119,0.468876202056428,106.40555555555555,120.0,0.075,0.9699999999999999,860,0.0,10,0.0,10.0,,ARC-r1,ddos,323
0.0,0.3706415640660432,0.37064156406603366,111.84722222222223,90.0,0.075,0.9699999999999999,880,0.0,10,0.0,5.0,,ARC-r1,ddos,324
0.0,0.39319903971833936,0.3931990397183385,97.82638888888889,70.0,0.075,0.9699999999999999,777,0.0,10,0.0,10.0,,ARC-r1,ddos,325
0.0,0.5120171044857402,0.5120171044857317,92.15694444444445,100.0,0.075,0.9699999999999999,625,0.0,10,0.0,10.0,,ARC-r1,ddos,326
0.0,0.402183954485158,0.40218395448515676,113.82916666666667,112.0,0.075,0.9699999999999999,815,0.0,10,0.0,10.0,,ARC-r1,ddos,327
30.0,0.8990582158865501,0.4667029370105525,105.9263888888889,97.0,0.075,0.025816329125705795,777,0.0,10,0.0,5.0,,ARC-r1,ddos,328
0.0,0.4512587364742804,0.45125873647427617,109.09861111111111,120.0,0.075,0.9699999999999999,818,0.0,9,0.0,5.0,,ARC-r1,ddos,329
0.0,0.3945532070626201,0.3945532070626146,110.60416666666667,93.0,0.075,0.9699999999999999,901,0.0,10,0.0,5.0,,ARC-r1,ddos,330
0.0,0.3807634033648033,0.3807634033648041,96.22083333333333,70.0,0.075,0.9699999999999999,741,0.0,10,0.0,5.0,,ARC-r1,ddos,331
0.0,0.511053291918051,0.5110532919180404,89.4888888888889,96.0,0.075,0.9699999999999999,585,0.0,10,0.0,10.0,,ARC-r1,ddos,332
0.0,0.36653963402549783,0.3665396340254947,112.25277777777778,108.0,0.075,0.9699999999999999,824,0.0,10,0.0,10.0,,ARC-r1,ddos,333
60.0,1.1690257881557309,0.4903798586228797,105.49722222222222,99.0,0.075,0.059496249897234656,794,0.0,10,0.0,5.0,,ARC-r1,ddos,334
0.0,0.4775595658538023,0.4775595658537848,107.92916666666666,118.0,0.075,0.9699999999999999,896,0.0,10,0.0,5.0,,ARC-r1,ddos,335
0.0,0.3701295692164819,0.37012956921648094,107.14027777777778,87.0,0.075,0.9699999999999999,837,0.0,9,0.0,5.0,,ARC-r1,ddos,336
0.0,0.3985146909445403,0.3985146909445285,101.74305555555556,72.0,0.075,0.9699999999999999,741,0.0,10,0.0,5.0,,ARC-r1,ddos,337
0.0,0.5100248085405434,0.5100248085405595,87.1625,91.0,0.075,0.9699999999999999,541,0.0,10,0.0,5.0,,ARC-r1,ddos,338
5.0,0.3871159684137093,0.3690499142528177,101.35555555555555,96.0,0.075,0.9118099585349496,773,0.0,10,0.0,5.0,,ARC-r1,ddos,339
35.0,0.3016739990560291,0.0,86.37083333333334,66.0,0.075,0.05980270031424199,75,17.5,0,0.0,,,HPA-r0,ddos_kill,300
15.0,0.03045338135795328,0.0,85.35833333333333,66.0,0.075,0.883764563921541,59,7.5,0,0.0,,,HPA-r0,ddos_kill,301
0.0,0.005173078013354093,0.0,85.1361111111111,75.0,0.075,0.9687615539360283,86,0.0,0,0.0,,,HPA-r0,ddos_kill,302
0.0,0.0030919006467455823,0.0,86.40277777777777,69.0,0.075,0.9763621407332166,64,0.0,0,0.0,,,HPA-r0,ddos_kill,303
60.0,0.9554898113894317,0.0,85.34722222222223,79.0,0.075,0.015891438693415146,83,27.5,0,0.0,,,HPA-r0,ddos_kill,304
40.0,0.39254431183665117,0.0,87.06805555555556,74.0,0.075,0.209162451807866,94,20.0,0,0.0,,,HPA-r0,ddos_kill,305
30.0,0.08280228772804543,0.0,85.5111111111111,66.0,0.075,0.7708764217749974,80,15.0,0,0.0,,,HPA-r0,ddos_kill,306
30.0,0.08508324754992191,0.0,82.83888888888889,60.0,0.075,0.6545314926170617,59,15.0,0,0.0,,,HPA-r0,ddos_kill,307
5.0,0.012460911282063947,0.0,84.66388888888889,75.0,0.075,0.9472865927628292,85,2.5,0,0.0,,,HPA-r0,ddos_kill,308
35.0,0.21903835024675855,0.0,86.39166666666667,66.0,0.075,0.09103014738962323,69,35.0,0,0.0,,,HPA-r0,ddos_kill,309
25.0,0.23823576573829275,0.0,81.7,70.0,0.075,0.3101006380789238,70,20.0,0,0.0,,,HPA-r0,ddos_kill,310
35.0,0.3056196954832724,0.0,87.34583333333333,77.0,0.075,0.13535000900915675,100,35.0,0,0.0,,,HPA-r0,ddos_kill,311
15.0,0.12588532103701144,0.0,86.68611111111112,69.0,0.075,0.419097800360348,78,7.5,0,0.0,,,HPA-r0,ddos_kill,312
30.0,0.40477508233400794,0.0,83.97222222222223,63.0,0.075,0.03082523194306859,60,30.0,0,0.0,,,HPA-r0,ddos_kill,313
25.0,0.4335491242638656,0.0,83.92916666666666,76.0,0.075,0.02488413452926243,79,25.0,0,0.0,,,HPA-r0,ddos_kill,314
15.0,0.026887549245036002,0.0,85.33472222222223,68.0,0.075,0.9049742184162062,67,7.5,0,0.0,,,HPA-r0,ddos_kill,315
50.0,0.7989586338362664,0.0,85.92083333333333,82.0,0.075,0.020859227793092048,82,22.5,0,0.0,,,HPA-r0,ddos_kill,316
35.0,0.31241532184268506,0.0,86.92222222222222,74.0,0.075,0.07635289259684938,95,35.0,0,0.0,,,HPA-r0,ddos_kill,317
25.0,0.2156718169241567,0.0,84.85,63.0,0.075,0.060870511771584895,66,25.0,0,0.0,,,HPA-r0,ddos_kill,318
50.0,0.715872892083147,0.0,88.49027777777778,77.0,0.075,0.03574738916561635,80,25.0,0,0.0,,,HPA-r0,ddos_kill,319
10.0,0.10597339795110905,0.0,85.82222222222222,78.0,0.075,0.447272638149965,95,10.0,0,0.0,,,HPA-r0,ddos_kill,320
30.0,0.16757485354479407,0.0,85.24027777777778,67.0,0.075,0.3872044412509288,63,15.0,0,0.0,,,HPA-r0,ddos_kill,321
85.0,1.0061628427142755,0.0,84.42916666666666,76.0,0.07500000000000005,0.007815306099463279,79,40.0,0,0.0,,,HPA-r0,ddos_kill,322
65.0,1.038416249833407,0.0,86.97083333333333,70.0,0.075,0.0068773688406996,92,32.5,0,0.0,,,HPA-r0,ddos_kill,323
30.0,0.06440944734350529,0.0,85.96111111111111,67.0,0.075,0.8309401013659815,75,15.0,0,0.0,,,HPA-r0,ddos_kill,324
45.0,0.7083764027645212,0.0,88.06527777777778,74.0,0.075,0.010066557356664924,80,22.5,0,0.0,,,HPA-r0,ddos_kill,325
0.0,0.0,0.0,84.57222222222222,74.0,0.075,1.0,86,0.0,0,0.0,,,HPA-r0,ddos_kill,326
25.0,0.0797075776886147,0.0,85.00833333333334,65.0,0.075,0.35713555147422243,63,12.5,0,0.0,,,HPA-r0,ddos_kill,327
35.0,0.18758978689261685,0.0,81.19583333333334,67.0,0.075,0.3152246393251232,58,15.0,0,0.0,,,HPA-r0,ddos_kill,328
55.0,0.3106624859905649,0.0,87.46527777777777,73.0,0.075,0.24233832551265885,93,35.0,0,0.0,,,HPA-r0,ddos_kill,329
35.0,0.39155804420145657,0.0,87.91944444444445,72.0,0.075,0.10383359025960916,69,17.5,0,0.0,,,HPA-r0,ddos_kill,330
20.0,0.24230903251871716,0.0,84.03611111111111,62.0,0.075,0.05965525025618514,63,20.0,0,0.0,,,HPA-r0,ddos_kill,331
40.0,0.6534766980445417,0.0,82.75,74.0,0.075,0.026081031646000185,85,40.0,0,0.0,,,HPA-r0,ddos_kill,332
0.0,0.00633872637273436,0.0,84.25972222222222,64.0,0.075,0.9500076629703159,60,0.0,0,0.0,,,HPA-r0,ddos_kill,333
50.0,0.2952631582003873,0.0,80.46805555555555,65.0,0.07500000000000007,0.2829137236435031,59,20.0,0,0.0,,,HPA-r0,ddos_kill,334
60.0,0.9995048646073701,0.0,88.3125,77.0,0.075,0.003916184561285948,90,30.0,0,0.0,,,HPA-r0,ddos_kill,335
50.0,0.5666867544060983,0.0,84.8875,63.0,0.075,0.05735832549944411,80,25.0,0,0.0,,,HPA-r0,ddos_kill,336
40.0,0.4097440227274096,0.0,85.59027777777777,69.0,0.075,0.02917848527138843,67,20.0,0,0.0,,,HPA-r0,ddos_kill,337
0.0,0.00042808078610789835,0.0,83.65555555555555,73.0,0.075,0.9963490559904612,79,0.0,0,0.0,,,HPA-r0,ddos_kill,338
35.0,0.26574687380050976,0.0,83.24722222222222,60.0,0.075,0.14351563979526208,60,35.0,0,0.0,,,HPA-r0,ddos_kill,339
25.0,0.28101772867705765,0.0,87.3,67.0,0.075,0.05980270031424199,158,25.0,0,0.0,,,HPA-fast-r0,ddos_kill,300
35.0,0.1881612221574902,0.0,86.2,65.0,0.075,0.2757736609414038,163,17.5,0,0.0,,,HPA-fast-r0,ddos_kill,301
0.0,0.005173078013354093,0.0,78.03194444444445,75.0,0.075,0.9687615539360283,114,0.0,0,0.0,,,HPA-fast-r0,ddos_kill,302
30.0,0.42865259624752516,0.0,88.00416666666666,69.0,0.075,0.056757161291073714,174,30.0,0,0.0,,,HPA-fast-r0,ddos_kill,303
5.0,0.012628778156009712,0.0,87.07083333333334,77.0,0.075,0.9061567219915029,171,5.0,0,0.0,,,HPA-fast-r0,ddos_kill,304
0.0,0.0,0.0,83.58611111111111,81.0,0.075,1.0,173,0.0,0,0.0,,,HPA-fast-r0,ddos_kill,305
30.0,0.602952068880902,0.0,88.51944444444445,70.0,0.075,0.05579938910532863,204,30.0,0,0.0,,,HPA-fast-r0,ddos_kill,306
10.0,0.01294670577773882,0.0,85.47083333333333,64.0,0.075,0.8820869974832044,123,10.0,0,0.0,,,HPA-fast-r0,ddos_kill,307
0.0,0.0,0.0,78.85555555555555,77.0,0.075,1.0,136,0.0,0,0.0,,,HPA-fast-r0,ddos_kill,308
35.0,0.2565454122478994,0.0,87.55972222222222,65.0,0.075,0.06156881535387672,168,35.0,0,0.0,,,HPA-fast-r0,ddos_kill,309
25.0,0.3869563112186558,0.0,85.05972222222222,71.0,0.075,0.029545541274164432,171,25.0,0,0.0,,,HPA-fast-r0,ddos_kill,310
35.0,0.4212555390181949,0.0,84.83888888888889,81.0,0.075,0.03148393686555637,201,35.0,0,0.0,,,HPA-fast-r0,ddos_kill,311
10.0,0.022208642072374385,0.0,87.4875,66.0,0.075,0.8799859374478545,181,10.0,0,0.0,,,HPA-fast-r0,ddos_kill,312
20.0,0.12865667503441092,0.0,85.38472222222222,66.0,0.075,0.5114462104112741,136,20.0,0,0.0,,,HPA-fast-r0,ddos_kill,313
30.0,0.3541107802538912,0.0,78.42777777777778,76.0,0.075,0.10616088707790149,126,30.0,0,0.0,,,HPA-fast-r0,ddos_kill,314
35.0,0.4325610786192535,0.0,86.62638888888888,64.0,0.075,0.056166727321874235,145,35.0,0,0.0,,,HPA-fast-r0,ddos_kill,315
15.0,0.07941458438899263,0.0,86.23611111111111,76.0,0.075,0.7098741837753032,188,7.5,0,0.0,,,HPA-fast-r0,ddos_kill,316
30.0,0.4592717076515873,0.0,84.09305555555555,85.0,0.075,0.05421783055287472,194,30.0,0,0.0,,,HPA-fast-r0,ddos_kill,317
25.0,0.15890757252883247,0.0,87.90694444444445,74.0,0.075,0.20777358855513317,202,25.0,0,0.0,,,HPA-fast-r0,ddos_kill,318
25.0,0.19599178905018722,0.0,87.1125,74.0,0.075,0.32866628345425064,147,12.5,0,0.0,,,HPA-fast-r0,ddos_kill,319
20.0,0.3293680689449907,0.0,79.35277777777777,78.0,0.075,0.033361246283597476,145,20.0,0,0.0,,,HPA-fast-r0,ddos_kill,320
30.0,0.41328425448091677,0.0,87.20416666666667,65.0,0.075,0.0314331071526574,148,30.0,0,0.0,,,HPA-fast-r0,ddos_kill,321
20.0,0.17178158758809348,0.0,85.875,72.0,0.075,0.3303991866222185,161,20.0,0,0.0,,,HPA-fast-r0,ddos_kill,322
40.0,0.5641510281242268,0.0,84.34166666666667,68.0,0.075,0.0568576697676088,173,20.0,0,0.0,,,HPA-fast-r0,ddos_kill,323
0.0,0.0,0.0,88.46666666666667,75.0,0.075,1.0,202,0.0,0,0.0,,,HPA-fast-r0,ddos_kill,324
35.0,0.5237154474622696,0.0,86.27916666666667,73.0,0.075,0.05156091146839561,145,17.5,0,0.0,,,HPA-fast-r0,ddos_kill,325
0.0,0.0,0.0,78.95,79.0,0.075,1.0,130,0.0,0,0.0,,,HPA-fast-r0,ddos_kill,326
25.0,0.16648249167807716,0.0,87.60416666666667,70.0,0.075,0.03530955968591262,154,25.0,0,0.0,,,HPA-fast-r0,ddos_kill,327
25.0,0.1523364006871364,0.0,86.03611111111111,70.0,0.075,0.3152246393251232,156,25.0,0,0.0,,,HPA-fast-r0,ddos_kill,328
25.0,0.12244168350782347,0.0,84.29583333333333,83.0,0.075,0.24233832551265885,181,30.0,0,0.0,,,HPA-fast-r0,ddos_kill,329
5.0,0.011199134065487115,0.0,87.9888888888889,75.0,0.075,0.9169139505225644,199,5.0,0,0.0,,,HPA-fast-r0,ddos_kill,330
15.0,0.1461761929764882,0.0,85.27222222222223,64.0,0.075,0.21847231113062773,134,15.0,0,0.0,,,HPA-fast-r0,ddos_kill,331
30.0,0.49713242887610143,0.0,78.14166666666667,78.0,0.075,0.030701990629507753,124,30.0,0,0.0,,,HPA-fast-r0,ddos_kill,332
15.0,0.032817343291469125,0.0,87.63888888888889,68.0,0.075,0.8766853255915619,160,25.0,0,0.0,,,HPA-fast-r0,ddos_kill,333
0.0,0.003947198646092609,0.0,86.03333333333333,72.0,0.075,0.9786118388317111,164,0.0,0,0.0,,,HPA-fast-r0,ddos_kill,334
0.0,0.0,0.0,84.56666666666666,67.0,0.075,1.0,178,0.0,0,0.0,,,HPA-fast-r0,ddos_kill,335
25.0,0.4383045724839829,0.0,87.50555555555556,65.0,0.075,0.05735832549944411,170,25.0,0,0.0,,,HPA-fast-r0,ddos_kill,336
25.0,0.2827420059591468,0.0,85.84305555555555,68.0,0.075,0.03688590747584038,138,12.5,0,0.0,,,HPA-fast-r0,ddos_kill,337
10.0,0.09573267544731312,0.0,78.25277777777778,73.0,0.075,0.28867391725323616,123,10.0,0,0.0,,,HPA-fast-r0,ddos_kill,338
25.0,0.21953378975860804,0.0,87.44583333333334,68.0,0.075,0.14351563979526208,174,25.0,0,0.0,,,HPA-fast-r0,ddos_kill,339
0.0,0.0,0.0,110.87361111111112,88.0,0.075,1.0,92,0.0,0,0.0,,,HPA-45-r0,ddos_kill,300
0.0,0.0,0.0,106.95833333333333,84.0,0.075,1.0,64,0.0,0,0.0,,,HPA-45-r0,ddos_kill,301
0.0,0.0,0.0,109.05694444444444,99.0,0.075,1.0,87,0.0,0,0.0,,,HPA-45-r0,ddos_kill,302
0.0,0.0,0.0,109.37638888888888,91.0,0.075,1.0,87,0.0,0,0.0,,,HPA-45-r0,ddos_kill,303
0.0,0.0,0.0,106.77083333333333,100.0,0.075,1.0,101,0.0,0,0.0,,,HPA-45-r0,ddos_kill,304
0.0,0.0,0.0,109.74722222222222,97.0,0.075,1.0,96,0.0,0,0.0,,,HPA-45-r0,ddos_kill,305
0.0,0.0,0.0,109.50138888888888,88.0,0.075,1.0,90,0.0,0,0.0,,,HPA-45-r0,ddos_kill,306
10.0,0.01294670577773882,0.0,105.14027777777778,80.0,0.075,0.8820869974832044,72,10.0,0,0.0,,,HPA-45-r0,ddos_kill,307
0.0,0.0,0.0,109.11666666666666,100.0,0.075,1.0,100,0.0,0,0.0,,,HPA-45-r0,ddos_kill,308
0.0,0.0,0.0,110.02361111111111,88.0,0.075,1.0,84,0.0,0,0.0,,,HPA-45-r0,ddos_kill,309
0.0,0.0004538197071246586,0.0,103.49027777777778,88.0,0.075,0.9960832511156366,78,0.0,0,0.0,,,HPA-45-r0,ddos_kill,310
0.0,0.0012442015987823574,0.0,110.37777777777778,100.0,0.075,0.987554361040781,110,0.0,0,0.0,,,HPA-45-r0,ddos_kill,311
0.0,0.0,0.0,111.06388888888888,93.0,0.075,1.0,90,0.0,0,0.0,,,HPA-45-r0,ddos_kill,312
0.0,0.0,0.0,106.29583333333333,82.0,0.075,1.0,74,0.0,0,0.0,,,HPA-45-r0,ddos_kill,313
25.0,0.40385188504582503,0.0,107.10833333333333,101.0,0.075,0.029697008813490588,82,25.0,0,0.0,,,HPA-45-r0,ddos_kill,314
0.0,0.0,0.0,108.55555555555556,87.0,0.075,1.0,79,0.0,0,0.0,,,HPA-45-r0,ddos_kill,315
10.0,0.021506291617667816,0.0,109.87777777777778,110.0,0.075,0.9220896625716549,102,5.0,0,0.0,,,HPA-45-r0,ddos_kill,316
0.0,0.0,0.0,110.79722222222222,99.0,0.075,1.0,106,0.0,0,0.0,,,HPA-45-r0,ddos_kill,317
0.0,0.0,0.0,108.52222222222223,84.0,0.075,1.0,88,0.0,0,0.0,,,HPA-45-r0,ddos_kill,318
0.0,0.0,0.0,112.16944444444445,97.0,0.075,1.0,92,0.0,0,0.0,,,HPA-45-r0,ddos_kill,319
0.0,0.0,0.0,108.8236111111111,100.0,0.075,1.0,93,0.0,0,0.0,,,HPA-45-r0,ddos_kill,320
0.0,0.0,0.0,108.00555555555556,85.0,0.075,1.0,74,0.0,0,0.0,,,HPA-45-r0,ddos_kill,321
0.0,0.0,0.0,107.69722222222222,101.0,0.075,1.0,83,0.0,0,0.0,,,HPA-45-r0,ddos_kill,322
10.0,0.15863143236221067,0.0,109.79722222222222,91.0,0.075,0.36992906838610806,97,5.0,0,0.0,,,HPA-45-r0,ddos_kill,323
0.0,0.0,0.0,109.08888888888889,89.0,0.075,1.0,87,0.0,0,0.0,,,HPA-45-r0,ddos_kill,324
0.0,0.0013419096284272847,0.0,110.80833333333334,97.0,0.075,0.9893615531932893,93,0.0,0,0.0,,,HPA-45-r0,ddos_kill,325
0.0,0.0,0.0,108.73472222222222,99.0,0.075,1.0,96,0.0,0,0.0,,,HPA-45-r0,ddos_kill,326
0.0,0.0,0.0,107.60277777777777,85.0,0.075,1.0,79,0.0,0,0.0,,,HPA-45-r0,ddos_kill,327
0.0,0.0,0.0,103.17916666666666,87.0,0.075,1.0,66,0.0,0,0.0,,,HPA-45-r0,ddos_kill,328
0.0,0.0,0.0,110.48472222222222,100.0,0.075,1.0,92,0.0,0,0.0,,,HPA-45-r0,ddos_kill,329
0.0,0.0,0.0,112.04722222222222,94.0,0.075,1.0,77,0.0,0,0.0,,,HPA-45-r0,ddos_kill,330
0.0,0.0,0.0,106.3375,79.0,0.075,1.0,82,0.0,0,0.0,,,HPA-45-r0,ddos_kill,331
35.0,0.5508031508185907,0.0,105.08888888888889,96.0,0.075,0.03150073176480914,91,35.0,0,0.0,,,HPA-45-r0,ddos_kill,332
0.0,0.0,0.0,107.79583333333333,89.0,0.075,1.0,77,0.0,0,0.0,,,HPA-45-r0,ddos_kill,333
0.0,0.0,0.0,103.64305555555555,85.0,0.075,1.0,66,0.0,0,0.0,,,HPA-45-r0,ddos_kill,334
0.0,0.0,0.0,110.49722222222222,92.0,0.075,1.0,99,0.0,0,0.0,,,HPA-45-r0,ddos_kill,335
0.0,0.007353604887205822,0.0,107.27222222222223,82.0,0.075,0.9650625852843154,95,0.0,0,0.0,,,HPA-45-r0,ddos_kill,336
15.0,0.02850522923091292,0.0,108.59583333333333,88.0,0.075,0.9010200071154858,89,15.0,0,0.0,,,HPA-45-r0,ddos_kill,337
0.0,0.0,0.0,105.47916666666667,95.0,0.075,1.0,83,0.0,0,0.0,,,HPA-45-r0,ddos_kill,338
0.0,0.0,0.0,104.62083333333334,75.0,0.075,1.0,65,0.0,0,0.0,,,HPA-45-r0,ddos_kill,339
0.0,0.0,0.0,140.02083333333334,105.0,0.075,1.0,115,0.0,0,0.0,,,PredHPA-r0,ddos_kill,300
0.0,0.0,0.0,128.0,100.0,0.075,1.0,92,0.0,0,0.0,,,PredHPA-r0,ddos_kill,301
0.0,0.0,0.0,120.96666666666667,112.0,0.075,1.0,126,0.0,0,0.0,,,PredHPA-r0,ddos_kill,302
0.0,0.0,0.0,132.69444444444446,96.0,0.075,1.0,85,0.0,0,0.0,,,PredHPA-r0,ddos_kill,303
0.0,0.0,0.0,133.14027777777778,92.0,0.075,1.0,122,0.0,0,0.0,,,PredHPA-r0,ddos_kill,304
0.0,0.0,0.0,135.92638888888888,120.0,0.075,1.0,140,0.0,0,0.0,,,PredHPA-r0,ddos_kill,305
0.0,0.0,0.0,139.25694444444446,103.0,0.075,1.0,104,0.0,0,0.0,,,PredHPA-r0,ddos_kill,306
0.0,0.0,0.0,128.11666666666667,97.0,0.075,1.0,88,0.0,0,0.0,,,PredHPA-r0,ddos_kill,307
0.0,0.0,0.0,120.33333333333333,115.0,0.075,1.0,117,0.0,0,0.0,,,PredHPA-r0,ddos_kill,308
0.0,0.0,0.0,133.05694444444444,97.0,0.075,1.0,77,0.0,0,0.0,,,PredHPA-r0,ddos_kill,309
0.0,0.0004538197071246586,0.0,133.1263888888889,93.0,0.075,0.9960832511156366,133,0.0,0,0.0,,,PredHPA-r0,ddos_kill,310
0.0,0.0,0.0,137.8375,120.0,0.075,1.0,155,0.0,0,0.0,,,PredHPA-r0,ddos_kill,311
0.0,0.0,0.0,138.6888888888889,104.0,0.075,1.0,126,0.0,0,0.0,,,PredHPA-r0,ddos_kill,312
0.0,0.0,0.0,123.31805555555556,81.0,0.075,1.0,94,0.0,0,0.0,,,PredHPA-r0,ddos_kill,313
0.0,0.0,0.0,120.27916666666667,116.0,0.075,1.0,112,0.0,0,0.0,,,PredHPA-r0,ddos_kill,314
10.0,0.01873780719174878,0.0,132.1513888888889,101.0,0.075,0.9049742184162062,73,10.0,0,0.0,,,PredHPA-r0,ddos_kill,315
0.0,0.0,0.0,133.1638888888889,98.0,0.075,1.0,120,0.0,0,0.0,,,PredHPA-r0,ddos_kill,316
0.0,0.0,0.0,137.4625,120.0,0.075,1.0,149,0.0,0,0.0,,,PredHPA-r0,ddos_kill,317
0.0,0.0,0.0,139.8625,104.0,0.075,1.0,121,0.0,0,0.0,,,PredHPA-r0,ddos_kill,318
0.0,0.0,0.0,129.1236111111111,107.0,0.075,1.0,102,0.0,0,0.0,,,PredHPA-r0,ddos_kill,319
0.0,0.0,0.0,118.9888888888889,111.0,0.075,1.0,129,0.0,0,0.0,,,PredHPA-r0,ddos_kill,320
0.0,0.0,0.0,130.86944444444444,95.0,0.075,1.0,78,0.0,0,0.0,,,PredHPA-r0,ddos_kill,321
0.0,0.0,0.0,133.7722222222222,95.0,0.075,1.0,115,0.0,0,0.0,,,PredHPA-r0,ddos_kill,322
0.0,0.0,0.0,139.03472222222223,108.0,0.075,1.0,129,0.0,0,0.0,,,PredHPA-r0,ddos_kill,323
0.0,0.0,0.0,139.025,103.0,0.075,1.0,109,0.0,0,0.0,,,PredHPA-r0,ddos_kill,324
0.0,0.0,0.0,127.42083333333333,98.0,0.075,1.0,89,0.0,0,0.0,,,PredHPA-r0,ddos_kill,325
0.0,0.0,0.0,122.8625,120.0,0.075,1.0,120,0.0,0,0.0,,,PredHPA-r0,ddos_kill,326
0.0,0.0,0.0,132.1236111111111,94.0,0.075,1.0,83,0.0,0,0.0,,,PredHPA-r0,ddos_kill,327
0.0,0.0,0.0,133.59444444444443,90.0,0.075,1.0,127,0.0,0,0.0,,,PredHPA-r0,ddos_kill,328
0.0,0.0,0.0,139.2875,120.0,0.075,1.0,136,0.0,0,0.0,,,PredHPA-r0,ddos_kill,329
0.0,0.0,0.0,140.57916666666668,102.0,0.075,1.0,103,0.0,0,0.0,,,PredHPA-r0,ddos_kill,330
0.0,0.0,0.0,123.75833333333334,82.0,0.075,1.0,88,0.0,0,0.0,,,PredHPA-r0,ddos_kill,331
0.0,0.0,0.0,119.00277777777778,115.0,0.075,1.0,129,0.0,0,0.0,,,PredHPA-r0,ddos_kill,332
0.0,0.0,0.0,130.7111111111111,95.0,0.075,1.0,74,0.0,0,0.0,,,PredHPA-r0,ddos_kill,333
0.0,0.0,0.0,134.85833333333332,92.0,0.075,1.0,125,0.0,0,0.0,,,PredHPA-r0,ddos_kill,334
0.0,0.0,0.0,138.3625,106.0,0.075,1.0,128,0.0,0,0.0,,,PredHPA-r0,ddos_kill,335
0.0,0.0,0.0,138.24027777777778,100.0,0.075,1.0,119,0.0,0,0.0,,,PredHPA-r0,ddos_kill,336
0.0,0.0,0.0,124.72777777777777,90.0,0.075,1.0,97,0.0,0,0.0,,,PredHPA-r0,ddos_kill,337
0.0,0.0,0.0,119.97222222222223,114.0,0.075,1.0,112,0.0,0,0.0,,,PredHPA-r0,ddos_kill,338
0.0,0.0,0.0,131.575,95.0,0.075,1.0,83,0.0,0,0.0,,,PredHPA-r0,ddos_kill,339
0.0,0.0,0.0,140.025,105.0,0.075,1.0,115,0.0,0,0.0,,,PredHPA-r1,ddos_kill,300
0.0,0.0,0.0,128.0,100.0,0.075,1.0,92,0.0,0,0.0,,,PredHPA-r1,ddos_kill,301
0.0,0.0,0.0,120.96666666666667,112.0,0.075,1.0,126,0.0,0,0.0,,,PredHPA-r1,ddos_kill,302
0.0,0.0,0.0,132.69444444444446,96.0,0.075,1.0,85,0.0,0,0.0,,,PredHPA-r1,ddos_kill,303
0.0,0.0,0.0,133.14027777777778,92.0,0.075,1.0,122,0.0,0,0.0,,,PredHPA-r1,ddos_kill,304
0.0,0.0,0.0,135.92638888888888,120.0,0.075,1.0,140,0.0,0,0.0,,,PredHPA-r1,ddos_kill,305
0.0,0.0,0.0,139.25694444444446,103.0,0.075,1.0,104,0.0,0,0.0,,,PredHPA-r1,ddos_kill,306
0.0,0.0,0.0,128.11666666666667,97.0,0.075,1.0,89,0.0,0,0.0,,,PredHPA-r1,ddos_kill,307
0.0,0.0,0.0,120.33333333333333,115.0,0.075,1.0,117,0.0,0,0.0,,,PredHPA-r1,ddos_kill,308
0.0,0.0,0.0,133.05694444444444,97.0,0.075,1.0,77,0.0,0,0.0,,,PredHPA-r1,ddos_kill,309
0.0,0.0004538197071246586,0.0,132.91805555555555,93.0,0.075,0.9960832511156366,129,0.0,0,0.0,,,PredHPA-r1,ddos_kill,310
0.0,0.0,0.0,137.8375,120.0,0.075,1.0,155,0.0,0,0.0,,,PredHPA-r1,ddos_kill,311
0.0,0.0,0.0,140.97083333333333,102.0,0.075,1.0,139,0.0,0,0.0,,,PredHPA-r1,ddos_kill,312
0.0,0.0,0.0,124.10416666666667,82.0,0.075,1.0,93,0.0,0,0.0,,,PredHPA-r1,ddos_kill,313
0.0,0.0,0.0,120.27916666666667,116.0,0.075,1.0,112,0.0,0,0.0,,,PredHPA-r1,ddos_kill,314
15.0,0.04489227942389151,0.0,132.04722222222222,101.0,0.075,0.7510032059555869,75,15.0,0,0.0,,,PredHPA-r1,ddos_kill,315
0.0,0.0,0.0,133.1638888888889,98.0,0.075,1.0,120,0.0,0,0.0,,,PredHPA-r1,ddos_kill,316
0.0,0.0,0.0,137.4625,120.0,0.075,1.0,149,0.0,0,0.0,,,PredHPA-r1,ddos_kill,317
0.0,0.0,0.0,139.8625,104.0,0.075,1.0,121,0.0,0,0.0,,,PredHPA-r1,ddos_kill,318
0.0,0.0,0.0,129.1236111111111,107.0,0.075,1.0,102,0.0,0,0.0,,,PredHPA-r1,ddos_kill,319
0.0,0.0,0.0,118.9888888888889,111.0,0.075,1.0,129,0.0,0,0.0,,,PredHPA-r1,ddos_kill,320
0.0,0.0,0.0,130.86944444444444,95.0,0.075,1.0,78,0.0,0,0.0,,,PredHPA-r1,ddos_kill,321
0.0,0.0,0.0,133.7722222222222,95.0,0.075,1.0,115,0.0,0,0.0,,,PredHPA-r1,ddos_kill,322
0.0,0.0,0.0,139.03472222222223,108.0,0.075,1.0,129,0.0,0,0.0,,,PredHPA-r1,ddos_kill,323
0.0,0.0,0.0,139.025,103.0,0.075,1.0,109,0.0,0,0.0,,,PredHPA-r1,ddos_kill,324
0.0,0.0,0.0,125.80277777777778,98.0,0.075,1.0,88,0.0,0,0.0,,,PredHPA-r1,ddos_kill,325
0.0,0.0,0.0,122.8625,120.0,0.075,1.0,120,0.0,0,0.0,,,PredHPA-r1,ddos_kill,326
0.0,0.0,0.0,132.1236111111111,94.0,0.075,1.0,83,0.0,0,0.0,,,PredHPA-r1,ddos_kill,327
0.0,0.0,0.0,133.59444444444443,90.0,0.075,1.0,127,0.0,0,0.0,,,PredHPA-r1,ddos_kill,328
0.0,0.0,0.0,139.2875,120.0,0.075,1.0,136,0.0,0,0.0,,,PredHPA-r1,ddos_kill,329
0.0,0.0,0.0,140.57916666666668,102.0,0.075,1.0,103,0.0,0,0.0,,,PredHPA-r1,ddos_kill,330
0.0,0.0,0.0,123.75833333333334,82.0,0.075,1.0,88,0.0,0,0.0,,,PredHPA-r1,ddos_kill,331
0.0,0.0,0.0,119.00277777777778,115.0,0.075,1.0,129,0.0,0,0.0,,,PredHPA-r1,ddos_kill,332
0.0,0.0,0.0,130.7111111111111,95.0,0.075,1.0,74,0.0,0,0.0,,,PredHPA-r1,ddos_kill,333
0.0,0.0,0.0,134.85833333333332,92.0,0.075,1.0,125,0.0,0,0.0,,,PredHPA-r1,ddos_kill,334
0.0,0.0,0.0,138.90416666666667,106.0,0.075,1.0,137,0.0,0,0.0,,,PredHPA-r1,ddos_kill,335
0.0,0.0,0.0,138.24027777777778,100.0,0.075,1.0,119,0.0,0,0.0,,,PredHPA-r1,ddos_kill,336
0.0,0.0,0.0,124.72777777777777,90.0,0.075,1.0,97,0.0,0,0.0,,,PredHPA-r1,ddos_kill,337
0.0,0.0,0.0,119.97222222222223,114.0,0.075,1.0,112,0.0,0,0.0,,,PredHPA-r1,ddos_kill,338
0.0,0.0,0.0,131.575,95.0,0.075,1.0,83,0.0,0,0.0,,,PredHPA-r1,ddos_kill,339
0.0,0.36801416959867383,0.3680141695986688,111.70833333333333,95.0,0.075,0.9699999999999999,873,0.0,10,0.0,10.0,,ARC,ddos_kill,300
0.0,0.4125613141953588,0.4125613141953646,100.8,72.0,0.075,0.9699999999999999,790,0.0,10,0.0,5.0,,ARC,ddos_kill,301
0.0,0.5062737616477686,0.506273761647758,94.53333333333333,100.0,0.075,0.9699999999999999,622,0.0,10,0.0,10.0,,ARC,ddos_kill,302
0.0,0.3969411463013661,0.3969411463013586,107.22083333333333,103.0,0.075,0.9699999999999999,776,0.0,10,0.0,5.0,,ARC,ddos_kill,303
25.0,0.6758136813663329,0.4850027661066622,115.35277777777777,102.0,0.075,0.10173877175645178,827,10.0,9,0.0,10.0,,ARC,ddos_kill,304
0.0,0.41917332656045136,0.41917332656045725,104.90555555555555,120.0,0.075,0.9699999999999999,860,0.0,10,0.0,5.0,,ARC,ddos_kill,305
0.0,0.3598997599713938,0.35989975997139306,105.37361111111112,87.0,0.075,0.9699999999999999,849,0.0,10,0.0,5.0,,ARC,ddos_kill,306
0.0,0.36641171296294406,0.36641171296295333,98.45277777777778,70.0,0.075,0.9699999999999999,792,0.0,10,0.0,5.0,,ARC,ddos_kill,307
0.0,0.5074568704006244,0.5074568704006313,93.21666666666667,100.0,0.075,0.9699999999999999,607,0.0,10,0.0,10.0,,ARC,ddos_kill,308
10.0,0.4971877564615479,0.4014322566636333,103.17083333333333,96.0,0.075,0.5848933137505394,767,0.0,10,0.0,5.0,,ARC,ddos_kill,309
55.0,1.0274638945830694,0.44571386224569437,101.57638888888889,95.0,0.075,0.03911654419392517,734,10.0,10,0.0,10.0,,ARC,ddos_kill,310
5.0,0.4576228463959664,0.4449723426045006,107.33472222222223,119.0,0.075,0.8712638549935564,915,5.0,9,0.0,5.0,,ARC,ddos_kill,311
0.0,0.37052609665433334,0.3705260966543438,105.47916666666667,89.0,0.075,0.9699999999999999,840,0.0,10,0.0,5.0,,ARC,ddos_kill,312
0.0,0.39269905418042317,0.3926990541804292,96.175,66.0,0.075,0.9699999999999999,710,0.0,10,0.0,5.0,,ARC,ddos_kill,313
15.0,0.6366509774210605,0.5213238156570171,85.675,93.0,0.075,0.287116770280679,563,15.0,10,0.0,5.0,,ARC,ddos_kill,314
30.0,0.9085127080546207,0.3785367177956524,113.76944444444445,104.0,0.075,0.051785125225453976,772,20.0,10,0.0,10.0,,ARC,ddos_kill,315
25.0,0.799978624131259,0.4780490105445301,111.0375,96.0,0.075,0.03502489645966078,812,5.0,9,0.0,5.0,,ARC,ddos_kill,316
0.0,0.4563001144491263,0.4563001144491276,100.65,114.0,0.075,0.9699999999999999,837,0.0,9,0.0,5.0,,ARC,ddos_kill,317
0.0,0.3666963330177686,0.366696333017772,112.48194444444445,93.0,0.075,0.9699999999999999,884,0.0,10,0.0,10.0,,ARC,ddos_kill,318
0.0,0.39687639353762627,0.3968763935376282,103.48055555555555,73.0,0.075,0.9699999999999999,812,0.0,10,0.0,10.0,,ARC,ddos_kill,319
10.0,0.5975405460634797,0.508764038423351,89.18194444444444,97.0,0.075,0.5047765144698068,612,10.0,10,0.0,10.0,,ARC,ddos_kill,320
0.0,0.3861984663693585,0.38619846636936667,111.3375,109.0,0.075,0.9699999999999999,779,0.0,10,0.0,5.0,,ARC,ddos_kill,321
30.0,0.753390963803291,0.5068644376571174,105.58472222222223,95.0,0.075,0.05809694968999514,749,5.0,9,0.0,5.0,,ARC,ddos_kill,322
0.0,0.4688762020564119,0.468876202056428,106.41666666666667,120.0,0.075,0.9699999999999999,872,0.0,10,0.0,10.0,,ARC,ddos_kill,323
0.0,0.3706415640660432,0.37064156406603366,111.67777777777778,90.0,0.075,0.9699999999999999,872,0.0,10,0.0,5.0,,ARC,ddos_kill,324
0.0,0.39139793806325374,0.39139793806325873,97.93888888888888,70.0,0.075,0.9699999999999999,796,0.0,10,0.0,10.0,,ARC,ddos_kill,325
0.0,0.5091721146705974,0.5091721146705886,92.375,105.0,0.075,0.9699999999999999,620,0.0,10,0.0,10.0,,ARC,ddos_kill,326
0.0,0.402183954485158,0.40218395448515676,114.92083333333333,110.0,0.075,0.9699999999999999,842,0.0,10,0.0,10.0,,ARC,ddos_kill,327
25.0,0.9129171493286736,0.4667029370105525,105.72222222222223,99.0,0.075,0.06072828802316203,784,0.0,10,0.0,5.0,,ARC,ddos_kill,328
0.0,0.4541677015588941,0.45416770155888453,109.29305555555555,120.0,0.075,0.9699999999999999,832,0.0,9,0.0,5.0,,ARC,ddos_kill,329
0.0,0.3945532070626201,0.3945532070626146,110.62222222222222,90.0,0.075,0.9699999999999999,925,0.0,10,0.0,5.0,,ARC,ddos_kill,330
0.0,0.3807634033648033,0.3807634033648041,95.97361111111111,70.0,0.075,0.9699999999999999,743,0.0,10,0.0,5.0,,ARC,ddos_kill,331
0.0,0.511053291918051,0.5110532919180404,89.7875,98.0,0.075,0.9699999999999999,582,0.0,10,0.0,10.0,,ARC,ddos_kill,332
0.0,0.3742592991083371,0.36965868030184484,112.36666666666666,109.0,0.075,0.9699999999999999,810,0.0,10,0.0,10.0,,ARC,ddos_kill,333
60.0,1.208811060937276,0.4903798586228797,105.93333333333334,97.0,0.075,0.059496249897234656,817,20.0,10,0.0,5.0,,ARC,ddos_kill,334
0.0,0.4775595658538023,0.4775595658537848,108.125,120.0,0.075,0.9699999999999999,895,0.0,10,0.0,5.0,,ARC,ddos_kill,335
0.0,0.3658781709223735,0.3658781709223709,107.34444444444445,89.0,0.075,0.9699999999999999,838,0.0,9,0.0,5.0,,ARC,ddos_kill,336
0.0,0.3985146909445403,0.3985146909445285,101.62777777777778,72.0,0.075,0.9699999999999999,767,0.0,10,0.0,5.0,,ARC,ddos_kill,337
0.0,0.5140784560888401,0.514078456088832,87.32777777777778,91.0,0.075,0.9699999999999999,558,0.0,10,0.0,5.0,,ARC,ddos_kill,338
5.0,0.3871159684137093,0.3690499142528177,101.25833333333334,96.0,0.075,0.9118099585349496,761,0.0,10,0.0,5.0,,ARC,ddos_kill,339
0.0,0.36801416959867383,0.3680141695986688,110.83194444444445,94.0,0.075,0.9699999999999999,883,0.0,10,0.0,10.0,,ARC-r0,ddos_kill,300
0.0,0.4125613141953588,0.4125613141953646,100.8,72.0,0.075,0.9699999999999999,790,0.0,10,0.0,5.0,,ARC-r0,ddos_kill,301
0.0,0.5062737616477686,0.506273761647758,94.53333333333333,100.0,0.075,0.9699999999999999,622,0.0,10,0.0,10.0,,ARC-r0,ddos_kill,302
0.0,0.3969411463013661,0.3969411463013586,107.22083333333333,103.0,0.075,0.9699999999999999,776,0.0,10,0.0,5.0,,ARC-r0,ddos_kill,303
25.0,0.7922356074165027,0.4850027661066622,115.33333333333333,103.0,0.075,0.12408991038207323,818,10.0,9,0.0,10.0,,ARC-r0,ddos_kill,304
0.0,0.41917332656045136,0.41917332656045725,104.90555555555555,120.0,0.075,0.9699999999999999,860,0.0,10,0.0,5.0,,ARC-r0,ddos_kill,305
0.0,0.3598997599713938,0.35989975997139306,105.37361111111112,87.0,0.075,0.9699999999999999,848,0.0,10,0.0,5.0,,ARC-r0,ddos_kill,306
0.0,0.36641171296294406,0.36641171296295333,98.45277777777778,70.0,0.075,0.9699999999999999,792,0.0,10,0.0,5.0,,ARC-r0,ddos_kill,307
0.0,0.5074568704006244,0.5074568704006313,93.21666666666667,100.0,0.075,0.9699999999999999,607,0.0,10,0.0,10.0,,ARC-r0,ddos_kill,308
10.0,0.4393835209725694,0.4014322566636333,103.23472222222222,102.0,0.075,0.8812330424252035,768,0.0,10,0.0,5.0,,ARC-r0,ddos_kill,309
50.0,1.011796152992428,0.44571386224569437,101.58333333333333,95.0,0.075,0.03911654419392517,735,10.0,10,0.0,10.0,,ARC-r0,ddos_kill,310
5.0,0.4576228463959664,0.4449723426045006,107.33472222222223,119.0,0.075,0.8712638549935564,915,5.0,9,0.0,5.0,,ARC-r0,ddos_kill,311
0.0,0.37052609665433334,0.3705260966543438,105.47916666666667,89.0,0.075,0.9699999999999999,840,0.0,10,0.0,5.0,,ARC-r0,ddos_kill,312
0.0,0.39269905418042317,0.3926990541804292,96.175,66.0,0.075,0.9699999999999999,710,0.0,10,0.0,5.0,,ARC-r0,ddos_kill,313
10.0,0.5596429429179706,0.5213238156570171,84.49166666666666,91.0,0.075,0.7314092932851919,550,10.0,10,0.0,5.0,,ARC-r0,ddos_kill,314
30.0,0.8430976758835973,0.3785367177956524,113.76805555555555,104.0,0.075,0.058470299929276714,772,20.0,10,0.0,10.0,,ARC-r0,ddos_kill,315
20.0,0.6481900948269947,0.4780490105445301,111.0375,96.0,0.075,0.2535451641244942,812,5.0,9,0.0,5.0,,ARC-r0,ddos_kill,316
0.0,0.4563001144491263,0.4563001144491276,100.65,114.0,0.075,0.9699999999999999,837,0.0,9,0.0,5.0,,ARC-r0,ddos_kill,317
0.0,0.3666963330177686,0.366696333017772,111.83888888888889,92.0,0.075,0.9699999999999999,868,0.0,10,0.0,10.0,,ARC-r0,ddos_kill,318
0.0,0.39687639353762627,0.3968763935376282,103.48055555555555,73.0,0.075,0.9699999999999999,812,0.0,10,0.0,10.0,,ARC-r0,ddos_kill,319
10.0,0.542154402737971,0.508764038423351,88.1125,92.0,0.075,0.8230580717924456,606,10.0,10,0.0,10.0,,ARC-r0,ddos_kill,320
0.0,0.3861984663693585,0.38619846636936667,111.3375,109.0,0.075,0.9699999999999999,779,0.0,10,0.0,5.0,,ARC-r0,ddos_kill,321
25.0,0.6877617347444298,0.5068644376571174,105.58611111111111,95.0,0.075,0.3046022721311087,749,5.0,9,0.0,5.0,,ARC-r0,ddos_kill,322
0.0,0.4688762020564119,0.468876202056428,106.41666666666667,120.0,0.075,0.9699999999999999,872,0.0,10,0.0,10.0,,ARC-r0,ddos_kill,323
0.0,0.3706415640660432,0.37064156406603366,111.67777777777778,90.0,0.075,0.9699999999999999,872,0.0,10,0.0,5.0,,ARC-r0,ddos_kill,324
0.0,0.39139793806325374,0.39139793806325873,97.93888888888888,70.0,0.075,0.9699999999999999,796,0.0,10,0.0,10.0,,ARC-r0,ddos_kill,325
0.0,0.5091721146705974,0.5091721146705886,92.375,105.0,0.075,0.9699999999999999,620,0.0,10,0.0,10.0,,ARC-r0,ddos_kill,326
0.0,0.402183954485158,0.40218395448515676,114.92083333333333,110.0,0.075,0.9699999999999999,842,0.0,10,0.0,10.0,,ARC-r0,ddos_kill,327
20.0,0.7211296289421854,0.4667029370105525,105.75972222222222,99.0,0.075,0.114831879418647,779,0.0,10,0.0,5.0,,ARC-r0,ddos_kill,328
0.0,0.4541677015588941,0.45416770155888453,109.72916666666667,120.0,0.075,0.9699999999999999,843,0.0,9,0.0,5.0,,ARC-r0,ddos_kill,329
0.0,0.3945532070626201,0.3945532070626146,110.62222222222222,90.0,0.075,0.9699999999999999,925,0.0,10,0.0,5.0,,ARC-r0,ddos_kill,330
0.0,0.3807634033648033,0.3807634033648041,95.97361111111111,70.0,0.075,0.9699999999999999,743,0.0,10,0.0,5.0,,ARC-r0,ddos_kill,331
0.0,0.511053291918051,0.5110532919180404,89.7875,98.0,0.075,0.9699999999999999,582,0.0,10,0.0,10.0,,ARC-r0,ddos_kill,332
0.0,0.3742592991083371,0.36965868030184484,112.36666666666666,109.0,0.075,0.9699999999999999,810,0.0,10,0.0,10.0,,ARC-r0,ddos_kill,333
60.0,1.2418780594725787,0.4903798586228797,102.94166666666666,96.0,0.075,0.059496249897234656,798,17.5,10,0.0,5.0,,ARC-r0,ddos_kill,334
0.0,0.4775595658538023,0.4775595658537848,108.125,120.0,0.075,0.9699999999999999,895,0.0,10,0.0,5.0,,ARC-r0,ddos_kill,335
0.0,0.3658781709223735,0.3658781709223709,107.14722222222223,89.0,0.075,0.9699999999999999,863,0.0,10,0.0,5.0,,ARC-r0,ddos_kill,336
0.0,0.3985146909445403,0.3985146909445285,101.62777777777778,72.0,0.075,0.9699999999999999,767,0.0,10,0.0,5.0,,ARC-r0,ddos_kill,337
0.0,0.5140784560888401,0.514078456088832,87.32777777777778,91.0,0.075,0.9699999999999999,558,0.0,10,0.0,5.0,,ARC-r0,ddos_kill,338
5.0,0.3871159684137093,0.3690499142528177,101.25833333333334,96.0,0.075,0.9118099585349496,761,0.0,10,0.0,5.0,,ARC-r0,ddos_kill,339
0.0,0.36801416959867383,0.3680141695986688,111.70833333333333,95.0,0.075,0.9699999999999999,873,0.0,10,0.0,10.0,,ARC-r1,ddos_kill,300
0.0,0.4125613141953588,0.4125613141953646,100.8,72.0,0.075,0.9699999999999999,790,0.0,10,0.0,5.0,,ARC-r1,ddos_kill,301
0.0,0.5062737616477686,0.506273761647758,94.53333333333333,100.0,0.075,0.9699999999999999,622,0.0,10,0.0,10.0,,ARC-r1,ddos_kill,302
0.0,0.3969411463013661,0.3969411463013586,107.22083333333333,103.0,0.075,0.9699999999999999,776,0.0,10,0.0,5.0,,ARC-r1,ddos_kill,303
30.0,0.7540245048723304,0.4850027661066622,115.35277777777777,102.0,0.075,0.14176144200929194,827,15.0,9,0.0,10.0,,ARC-r1,ddos_kill,304
0.0,0.41917332656045136,0.41917332656045725,104.90555555555555,120.0,0.075,0.9699999999999999,860,0.0,10,0.0,5.0,,ARC-r1,ddos_kill,305
0.0,0.3598997599713938,0.35989975997139306,105.37361111111112,87.0,0.075,0.9699999999999999,849,0.0,10,0.0,5.0,,ARC-r1,ddos_kill,306
0.0,0.36641171296294406,0.36641171296295333,98.45277777777778,70.0,0.075,0.9699999999999999,792,0.0,10,0.0,5.0,,ARC-r1,ddos_kill,307
0.0,0.5074568704006244,0.5074568704006313,93.21666666666667,100.0,0.075,0.9699999999999999,607,0.0,10,0.0,10.0,,ARC-r1,ddos_kill,308
10.0,0.49209401103557093,0.4014322566636333,103.1125,96.0,0.075,0.6110069561973419,765,0.0,10,0.0,5.0,,ARC-r1,ddos_kill,309
55.0,1.0251023073267418,0.44571386224569437,101.57638888888889,95.0,0.075,0.03911654419392517,734,10.0,10,0.0,10.0,,ARC-r1,ddos_kill,310
5.0,0.4576228463959664,0.4449723426045006,107.33472222222223,119.0,0.075,0.8712638549935564,915,5.0,9,0.0,5.0,,ARC-r1,ddos_kill,311
0.0,0.37052609665433334,0.3705260966543438,105.47916666666667,89.0,0.075,0.9699999999999999,840,0.0,10,0.0,5.0,,ARC-r1,ddos_kill,312
0.0,0.39269905418042317,0.3926990541804292,96.175,66.0,0.075,0.9699999999999999,710,0.0,10,0.0,5.0,,ARC-r1,ddos_kill,313
15.0,0.627344059723578,0.5213238156570171,85.675,93.0,0.075,0.343398690830929,563,15.0,10,0.0,5.0,,ARC-r1,ddos_kill,314
30.0,0.9045809619731005,0.3785367177956524,113.76944444444445,104.0,0.075,0.05185853386223096,772,20.0,10,0.0,10.0,,ARC-r1,ddos_kill,315
25.0,0.7949510781880442,0.4780490105445301,111.0375,96.0,0.075,0.04047836353141394,812,5.0,9,0.0,5.0,,ARC-r1,ddos_kill,316
0.0,0.4563001144491263,0.4563001144491276,100.65,114.0,0.075,0.9699999999999999,837,0.0,9,0.0,5.0,,ARC-r1,ddos_kill,317
0.0,0.3666963330177686,0.366696333017772,112.48194444444445,93.0,0.075,0.9699999999999999,884,0.0,10,0.0,10.0,,ARC-r1,ddos_kill,318
0.0,0.39687639353762627,0.3968763935376282,103.48055555555555,73.0,0.075,0.9699999999999999,812,0.0,10,0.0,10.0,,ARC-r1,ddos_kill,319
10.0,0.5817648051175905,0.5026980691502464,89.00416666666666,89.0,0.075,0.5690684053089646,595,10.0,10,0.0,10.0,,ARC-r1,ddos_kill,320
0.0,0.3861984663693585,0.38619846636936667,111.3375,109.0,0.075,0.9699999999999999,779,0.0,10,0.0,5.0,,ARC-r1,ddos_kill,321
30.0,0.7519389451834169,0.5068644376571174,105.58472222222223,95.0,0.075,0.05832450205961772,749,5.0,9,0.0,5.0,,ARC-r1,ddos_kill,322
0.0,0.4688762020564119,0.468876202056428,106.41666666666667,120.0,0.075,0.9699999999999999,872,0.0,10,0.0,10.0,,ARC-r1,ddos_kill,323
0.0,0.3706415640660432,0.37064156406603366,111.67777777777778,90.0,0.075,0.9699999999999999,872,0.0,10,0.0,5.0,,ARC-r1,ddos_kill,324
0.0,0.39139793806325374,0.39139793806325873,97.93888888888888,70.0,0.075,0.9699999999999999,796,0.0,10,0.0,10.0,,ARC-r1,ddos_kill,325
0.0,0.5091721146705974,0.5091721146705886,92.375,105.0,0.075,0.9699999999999999,620,0.0,10,0.0,10.0,,ARC-r1,ddos_kill,326
0.0,0.402183954485158,0.40218395448515676,114.92083333333333,110.0,0.075,0.9699999999999999,842,0.0,10,0.0,10.0,,ARC-r1,ddos_kill,327
25.0,0.9121761038329734,0.4667029370105525,105.72222222222223,99.0,0.075,0.060788845701625585,784,0.0,10,0.0,5.0,,ARC-r1,ddos_kill,328
0.0,0.4541677015588941,0.45416770155888453,109.29305555555555,120.0,0.075,0.9699999999999999,832,0.0,9,0.0,5.0,,ARC-r1,ddos_kill,329
0.0,0.3945532070626201,0.3945532070626146,110.62222222222222,90.0,0.075,0.9699999999999999,925,0.0,10,0.0,5.0,,ARC-r1,ddos_kill,330
0.0,0.3807634033648033,0.3807634033648041,95.97361111111111,70.0,0.075,0.9699999999999999,743,0.0,10,0.0,5.0,,ARC-r1,ddos_kill,331
0.0,0.511053291918051,0.5110532919180404,89.7875,98.0,0.075,0.9699999999999999,582,0.0,10,0.0,10.0,,ARC-r1,ddos_kill,332
0.0,0.3742592991083371,0.36965868030184484,112.36666666666666,109.0,0.075,0.9699999999999999,810,0.0,10,0.0,10.0,,ARC-r1,ddos_kill,333
60.0,1.2038137573311292,0.4903798586228797,105.80416666666666,97.0,0.075,0.059496249897234656,816,20.0,10,0.0,5.0,,ARC-r1,ddos_kill,334
0.0,0.4775595658538023,0.4775595658537848,108.125,120.0,0.075,0.9699999999999999,895,0.0,10,0.0,5.0,,ARC-r1,ddos_kill,335
0.0,0.3658781709223735,0.3658781709223709,107.34444444444445,89.0,0.075,0.9699999999999999,838,0.0,9,0.0,5.0,,ARC-r1,ddos_kill,336
0.0,0.3985146909445403,0.3985146909445285,101.62777777777778,72.0,0.075,0.9699999999999999,767,0.0,10,0.0,5.0,,ARC-r1,ddos_kill,337
0.0,0.5140784560888401,0.514078456088832,87.32777777777778,91.0,0.075,0.9699999999999999,558,0.0,10,0.0,5.0,,ARC-r1,ddos_kill,338
5.0,0.3871159684137093,0.3690499142528177,101.25833333333334,96.0,0.075,0.9118099585349496,761,0.0,10,0.0,5.0,,ARC-r1,ddos_kill,339
595.0,22.292179314957473,0.0,89.69166666666666,77.0,3.0549999999999997,0.0004007711038623051,77,150.0,0,0.0,,,HPA-r0,poison_flash,300
785.0,24.693921260548723,0.0,83.32083333333334,65.0,3.0549999999999997,0.007103191558021592,73,20.0,0,0.0,,,HPA-r0,poison_flash,301
615.0,27.76571893947034,0.0,94.38194444444444,98.0,3.053,0.0025681682841097934,89,270.0,0,0.0,,,HPA-r0,poison_flash,302
740.0,25.458828303860614,0.0,88.07638888888889,77.0,3.0549999999999997,0.00192364712872854,76,210.0,0,0.0,,,HPA-r0,poison_flash,303
875.0,34.59759586276967,0.0,87.3,85.0,3.0549999999999997,0.00015943723176331,89,130.0,0,0.0,,,HPA-r0,poison_flash,304
775.0,29.239677216950778,0.0,94.42361111111111,104.0,3.0549999999999997,8.268317034452063e-05,110,455.0,0,0.0,,,HPA-r0,poison_flash,305
555.0,21.366825422309255,0.0,89.50277777777778,82.0,3.053,0.011018133177748699,82,40.0,0,0.0,,,HPA-r0,poison_flash,306
630.0,17.963977205352887,0.0,83.375,65.0,2.6986742248302176,0.007782102977287798,77,15.0,0,0.0,,,HPA-r0,poison_flash,307
695.0,30.13394100619651,0.0,91.08055555555555,95.0,3.0549999999999997,0.0008812620347297315,94,230.0,0,0.0,,,HPA-r0,poison_flash,308
640.0,23.446266482671096,0.0,90.10555555555555,78.0,3.053,0.016981307266001236,70,50.0,0,0.0,,,HPA-r0,poison_flash,309
945.0,32.73103348441436,0.0,81.45694444444445,75.0,3.0549999999999997,0.0005615979033526228,78,50.0,0,0.0,,,HPA-r0,poison_flash,310
760.0,29.043475096606763,0.0,92.82083333333334,97.0,3.0549999999999997,0.0017881945345748686,106,170.0,0,0.0,,,HPA-r0,poison_flash,311
615.0,23.238589571188683,0.0,85.19444444444444,69.0,3.0549999999999997,0.00022710753741610868,77,185.0,0,0.0,,,HPA-r0,poison_flash,312
740.0,24.914473068741515,0.0,86.11805555555556,70.0,3.0549999999999997,0.0016070519417460607,68,10.0,0,0.0,,,HPA-r0,poison_flash,313
730.0,34.19535148056666,0.0,89.1625,94.0,3.0549999999999997,0.001784128953192734,94,10.0,0,0.0,,,HPA-r0,poison_flash,314
770.0,20.25202392634379,0.0,85.06111111111112,70.0,2.9403383186231578,0.0059400789346221,70,210.0,0,0.0,,,HPA-r0,poison_flash,315
845.0,33.32110936771999,0.0,88.63333333333334,92.0,3.0549999999999997,6.191256890657013e-05,82,100.0,0,0.0,,,HPA-r0,poison_flash,316
670.0,26.434298310283232,0.0,94.52638888888889,101.0,3.053,0.00491834600631567,100,170.0,0,0.0,,,HPA-r0,poison_flash,317
785.0,26.03951003083681,0.0,91.60694444444445,80.0,3.053,0.0006386136099860361,72,215.0,0,0.0,,,HPA-r0,poison_flash,318
845.0,25.83582323720185,0.0,86.72361111111111,71.0,3.0549999999999997,0.00033251673461573054,81,95.0,0,0.0,,,HPA-r0,poison_flash,319
705.0,33.269843128250976,0.0,92.6138888888889,97.0,3.0549999999999997,0.0006347533438412207,104,170.0,0,0.0,,,HPA-r0,poison_flash,320
785.0,20.967518119337093,0.0,84.06944444444444,67.0,3.053,0.007114742422268135,69,190.0,0,0.0,,,HPA-r0,poison_flash,321
900.0,35.80862391781354,0.0,83.175,76.0,3.0549999999999997,0.0005614159421153876,72,190.0,0,0.0,,,HPA-r0,poison_flash,322
940.0,33.71011364329611,0.0,87.25,71.0,3.053,0.004084020222888087,102,515.0,0,0.0,,,HPA-r0,poison_flash,323
750.0,24.55956762084416,0.0,90.39444444444445,80.0,3.053,0.00018546102960681585,84,105.0,0,0.0,,,HPA-r0,poison_flash,324
920.0,27.721986690549826,0.0,87.06666666666666,71.0,3.0549999999999997,0.002221539564709502,84,135.0,0,0.0,,,HPA-r0,poison_flash,325
665.0,29.397684158227577,0.0,92.57222222222222,97.0,3.0549999999999997,0.002935115825424636,94,210.0,0,0.0,,,HPA-r0,poison_flash,326
740.0,25.926406606489195,0.0,86.63333333333334,72.0,3.0549999999999997,0.004578357193379066,73,15.0,0,0.0,,,HPA-r0,poison_flash,327
915.0,33.402069979566015,0.0,85.17222222222222,80.0,3.0549999999999997,7.250877999154567e-05,64,210.0,0,0.0,,,HPA-r0,poison_flash,328
780.0,30.03060312130035,0.0,90.66944444444445,88.0,3.053,0.0003700892092771478,98,250.0,0,0.0,,,HPA-r0,poison_flash,329
650.0,23.39773656647567,0.0,89.95694444444445,76.0,3.053,0.0013912313124188349,64,65.0,0,0.0,,,HPA-r0,poison_flash,330
720.0,23.111995257644445,0.0,85.33194444444445,70.0,3.0549999999999997,0.002694173540897072,76,40.0,0,0.0,,,HPA-r0,poison_flash,331
715.0,34.08000478076792,0.0,86.11111111111111,87.0,3.0549999999999997,0.0003645852191602254,94,15.0,0,0.0,,,HPA-r0,poison_flash,332
655.0,19.367959589343986,0.0,87.37777777777778,73.0,2.8591599158367913,0.0014631784381028377,80,355.0,0,0.0,,,HPA-r0,poison_flash,333
880.0,33.17335093736349,0.0,84.15138888888889,77.0,3.0549999999999997,0.004509085144830529,72,180.0,0,0.0,,,HPA-r0,poison_flash,334
940.0,34.57438118931897,0.0,85.73055555555555,70.0,3.0549999999999997,0.00015516300528398347,93,460.0,0,0.0,,,HPA-r0,poison_flash,335
580.0,21.09600221234338,0.0,87.66388888888889,72.0,3.0501499999999995,0.006440395188095466,83,240.0,0,0.0,,,HPA-r0,poison_flash,336
770.0,26.419511341402778,0.0,85.50277777777778,70.0,3.0549999999999997,0.0032386637114829153,72,455.0,0,0.0,,,HPA-r0,poison_flash,337
710.0,32.51412992461189,0.0,92.03888888888889,102.0,3.053,0.016936368396252528,103,120.0,0,0.0,,,HPA-r0,poison_flash,338
745.0,22.37835395296034,0.0,85.10277777777777,69.0,3.0549999999999997,0.007853306982376667,72,460.0,0,0.0,,,HPA-r0,poison_flash,339
900.0,26.387395566982462,0.0,90.09444444444445,78.0,3.0549999999999997,0.004272560701483982,196,55.0,0,0.0,,,HPA-fast-r0,poison_flash,300
1040.0,31.300850802237434,0.0,84.71527777777777,68.0,3.0549999999999997,0.0051410432082823025,166,30.0,0,0.0,,,HPA-fast-r0,poison_flash,301
965.0,35.90921477365404,0.0,82.16944444444445,88.0,3.053,0.0024218483257784002,147,270.0,0,0.0,,,HPA-fast-r0,poison_flash,302
1025.0,31.03853657330118,0.0,87.54305555555555,73.0,3.0549999999999997,0.0053084857957365955,186,840.0,0,0.0,,,HPA-fast-r0,poison_flash,303
985.0,36.09217642978039,0.0,86.91666666666667,80.0,3.0549999999999997,0.00047235602474255767,190,835.0,0,0.0,,,HPA-fast-r0,poison_flash,304
980.0,32.36568672806188,0.0,87.0513888888889,107.0,3.0549999999999997,0.00015957030103511068,196,450.0,0,0.0,,,HPA-fast-r0,poison_flash,305
655.0,23.853132178293947,0.0,91.47638888888889,85.0,3.053,0.000826996141903822,228,30.0,0,0.0,,,HPA-fast-r0,poison_flash,306
910.0,25.490709304519456,0.0,83.67083333333333,62.0,3.0549999999999997,0.005073952843853411,140,10.0,0,0.0,,,HPA-fast-r0,poison_flash,307
1080.0,38.83609602982753,0.0,80.89722222222223,90.0,3.0549999999999997,0.0042815037893816224,173,215.0,0,0.0,,,HPA-fast-r0,poison_flash,308
820.0,26.9952803186461,0.0,89.58055555555555,78.0,3.053,0.007514530280320797,169,50.0,0,0.0,,,HPA-fast-r0,poison_flash,309
1155.0,36.158629926315456,0.0,85.78194444444445,80.0,3.0549999999999997,0.0005314213250745375,206,50.0,0,0.0,,,HPA-fast-r0,poison_flash,310
815.0,28.866774068102895,0.0,87.67083333333333,100.0,3.0549999999999997,0.0016050753748713454,219,110.0,0,0.0,,,HPA-fast-r0,poison_flash,311
935.0,27.293771111627805,0.0,86.6763888888889,76.0,3.0549999999999997,0.005006283626291822,200,115.0,0,0.0,,,HPA-fast-r0,poison_flash,312
970.0,28.728245114544116,0.0,86.50138888888888,72.0,3.0549999999999997,0.0045805781513209316,166,10.0,0,0.0,,,HPA-fast-r0,poison_flash,313
1000.0,37.6618723800765,0.0,80.09027777777777,86.0,3.0549999999999997,0.00485868318170188,159,10.0,0,0.0,,,HPA-fast-r0,poison_flash,314
1150.0,32.09787494264445,0.0,86.60694444444445,69.0,3.0549999999999997,0.003716646175582585,187,5.0,0,0.0,,,HPA-fast-r0,poison_flash,315
1000.0,35.91433122718746,0.0,88.8638888888889,91.0,3.0549999999999997,0.000280600078896086,205,100.0,0,0.0,,,HPA-fast-r0,poison_flash,316
660.0,25.314394476701253,0.0,88.20555555555555,106.0,3.053,0.010202789401380072,201,100.0,0,0.0,,,HPA-fast-r0,poison_flash,317
785.0,26.171786267297236,0.0,90.18611111111112,88.0,3.053,0.0008600229781664069,227,215.0,0,0.0,,,HPA-fast-r0,poison_flash,318
1120.0,31.6041253278444,0.0,87.425,78.0,3.0549999999999997,0.0006313691839799344,158,900.0,0,0.0,,,HPA-fast-r0,poison_flash,319
1060.0,39.357304915342084,0.0,83.62222222222222,98.0,3.0549999999999997,0.0013442651046768996,181,165.0,0,0.0,,,HPA-fast-r0,poison_flash,320
1075.0,29.965378867184057,0.0,86.04861111111111,71.0,3.0549999999999997,0.005492188385506579,192,55.0,0,0.0,,,HPA-fast-r0,poison_flash,321
980.0,36.90605085240611,0.0,87.475,86.0,3.0549999999999997,0.0002567784711071268,200,5.0,0,0.0,,,HPA-fast-r0,poison_flash,322
970.0,34.79210912402594,0.0,85.88472222222222,84.0,3.053,0.0006577802188308922,183,880.0,0,0.0,,,HPA-fast-r0,poison_flash,323
755.0,24.300352649549815,0.0,91.02638888888889,101.0,3.053,0.0030880338720786858,223,90.0,0,0.0,,,HPA-fast-r0,poison_flash,324
1190.0,32.247127118607935,0.0,86.73194444444445,76.0,3.0549999999999997,8.016487690143582e-05,149,135.0,0,0.0,,,HPA-fast-r0,poison_flash,325
1070.0,39.03892430997602,0.0,82.60833333333333,93.0,3.0549999999999997,0.0013802335478090492,157,210.0,0,0.0,,,HPA-fast-r0,poison_flash,326
1050.0,30.071072932760867,0.0,87.92916666666666,75.0,3.0549999999999997,0.003423720633813791,180,50.0,0,0.0,,,HPA-fast-r0,poison_flash,327
1155.0,36.980391374637776,0.0,88.85277777777777,85.0,3.0549999999999997,7.598217332058617e-05,181,1085.0,0,0.0,,,HPA-fast-r0,poison_flash,328
760.0,29.898027243771196,0.0,87.32222222222222,98.0,3.053,0.0006352799096733098,195,230.0,0,0.0,,,HPA-fast-r0,poison_flash,329
780.0,26.447751431449053,0.0,91.69583333333334,99.0,3.053,0.0003201993617094327,206,55.0,0,0.0,,,HPA-fast-r0,poison_flash,330
1110.0,29.644076997876212,0.0,85.65833333333333,68.0,3.0549999999999997,0.0013823592487084008,145,40.0,0,0.0,,,HPA-fast-r0,poison_flash,331
970.0,38.039019679023845,0.0,78.6763888888889,87.0,3.0549999999999997,0.004662578150748209,152,15.0,0,0.0,,,HPA-fast-r0,poison_flash,332
1090.0,28.84591281407364,0.0,86.26388888888889,76.0,3.0549999999999997,0.0033619029811716855,184,500.0,0,0.0,,,HPA-fast-r0,poison_flash,333
1100.0,36.248284699187415,0.0,89.18194444444444,89.0,3.0549999999999997,0.002500660153838842,197,5.0,0,0.0,,,HPA-fast-r0,poison_flash,334
1125.0,37.2265284616152,0.0,83.62361111111112,78.0,3.0549999999999997,0.0019000813467486613,187,945.0,0,0.0,,,HPA-fast-r0,poison_flash,335
655.0,23.02417897286839,0.0,89.625,84.0,3.053,0.01501194558383273,189,175.0,0,0.0,,,HPA-fast-r0,poison_flash,336
990.0,30.346874509423582,0.0,86.16666666666667,72.0,3.0549999999999997,0.0032386637114829153,160,850.0,0,0.0,,,HPA-fast-r0,poison_flash,337
730.0,31.690317302788085,0.0,82.14722222222223,93.0,3.053,0.014385666030782595,158,20.0,0,0.0,,,HPA-fast-r0,poison_flash,338
1065.0,28.246760444015717,0.0,87.24722222222222,72.0,3.0549999999999997,0.0034287083905627336,190,65.0,0,0.0,,,HPA-fast-r0,poison_flash,339
425.0,15.577799733615738,0.0,114.83333333333333,100.0,1.4119042941350977,0.009018004131809823,93,50.0,0,0.0,,,HPA-45-r0,poison_flash,300
565.0,17.135738837314573,0.0,107.03611111111111,87.0,2.588392658753906,0.009901816128448383,90,20.0,0,0.0,,,HPA-45-r0,poison_flash,301
285.0,12.474021650278234,0.0,119.08611111111111,120.0,0.075,0.019918028309288984,101,30.0,0,0.0,,,HPA-45-r0,poison_flash,302
585.0,19.334256100216074,0.0,111.8375,99.0,2.558345612937093,0.011223941835340015,91,195.0,0,0.0,,,HPA-45-r0,poison_flash,303
740.0,29.763500245393626,0.0,111.23611111111111,114.0,3.0549999999999997,0.003516947211963078,105,115.0,0,0.0,,,HPA-45-r0,poison_flash,304
335.0,14.905755155453637,0.0,119.55416666666666,120.0,0.3059212363673921,0.00262799677810636,105,120.0,0,0.0,,,HPA-45-r0,poison_flash,305
425.0,16.799480822448587,0.0,116.09861111111111,110.0,1.8835034231897523,0.0007812294966867809,94,30.0,0,0.0,,,HPA-45-r0,poison_flash,306
325.0,9.359262674815804,0.0,104.8375,83.0,0.07964640573739877,0.011105429492226263,87,10.0,0,0.0,,,HPA-45-r0,poison_flash,307
570.0,24.76674327534112,0.0,117.0125,120.0,3.05,0.010429845129069137,106,200.0,0,0.0,,,HPA-45-r0,poison_flash,308
395.0,12.323807614584902,0.0,116.06805555555556,101.0,0.8039176266253936,0.021010136434253927,85,25.0,0,0.0,,,HPA-45-r0,poison_flash,309
695.0,26.224177998771616,0.0,105.11111111111111,100.0,3.0549999999999997,0.009308614703276565,95,15.0,0,0.0,,,HPA-45-r0,poison_flash,310
365.0,13.56501205282209,0.0,118.02638888888889,120.0,0.612450906382318,0.008257029824090186,115,15.0,0,0.0,,,HPA-45-r0,poison_flash,311
420.0,15.373564768018733,0.0,112.07222222222222,102.0,1.6265843905473378,0.01359283253432944,100,85.0,0,0.0,,,HPA-45-r0,poison_flash,312
475.0,14.636634375975266,0.0,108.96527777777777,92.0,1.8537905006747788,0.007847275026464517,82,20.0,0,0.0,,,HPA-45-r0,poison_flash,313
640.0,29.74352428923053,0.0,112.525,120.0,3.0549999999999997,0.010285054723626256,104,5.0,0,0.0,,,HPA-45-r0,poison_flash,314
295.0,9.910194035086173,0.0,108.67222222222222,91.0,0.075,0.009892178561530731,84,35.0,0,0.0,,,HPA-45-r0,poison_flash,315
665.0,27.132363211558406,0.0,114.46111111111111,120.0,3.0549999999999997,0.0003230195774160376,97,85.0,0,0.0,,,HPA-45-r0,poison_flash,316
330.0,14.4581259085381,0.0,119.02916666666667,120.0,0.35997816480685746,0.015745585410264565,111,45.0,0,0.0,,,HPA-45-r0,poison_flash,317
490.0,18.01604318230031,0.0,115.68333333333334,102.0,2.6355215977461364,0.017699639373969338,81,5.0,0,0.0,,,HPA-45-r0,poison_flash,318
600.0,18.87423170585264,0.0,113.02916666666667,102.0,2.9828171585478715,0.009326716629831349,97,50.0,0,0.0,,,HPA-45-r0,poison_flash,319
470.0,22.031357554723808,0.0,118.18194444444444,120.0,2.6491775484324678,0.0040268352860177315,99,15.0,0,0.0,,,HPA-45-r0,poison_flash,320
320.0,11.359315551501659,0.0,108.04166666666667,92.0,0.16127256273048393,0.010205429467549798,80,60.0,0,0.0,,,HPA-45-r0,poison_flash,321
785.0,33.11918897287437,0.0,108.39027777777778,103.0,3.0549999999999997,0.00021399155127227275,89,160.0,0,0.0,,,HPA-45-r0,poison_flash,322
765.0,29.250177940649447,0.0,112.38333333333334,97.0,3.053,0.000685720800907736,105,500.0,0,0.0,,,HPA-45-r0,poison_flash,323
355.0,12.993712689602354,0.0,119.39027777777778,112.0,0.7886708312075726,0.0037155193659091403,105,20.0,0,0.0,,,HPA-45-r0,poison_flash,324
590.0,19.209840246472222,0.0,111.84583333333333,97.0,3.0549999999999997,0.003651131669497098,101,55.0,0,0.0,,,HPA-45-r0,poison_flash,325
455.0,20.618431595534727,0.0,118.44444444444444,120.0,2.0514011848061027,0.004516875770532293,102,25.0,0,0.0,,,HPA-45-r0,poison_flash,326
590.0,19.878785841205204,0.0,111.66527777777777,100.0,2.717943549312155,0.01024519219029255,95,40.0,0,0.0,,,HPA-45-r0,poison_flash,327
735.0,28.7944298721604,0.0,112.28333333333333,110.0,3.0549999999999997,0.002060925939715443,78,195.0,0,0.0,,,HPA-45-r0,poison_flash,328
610.0,21.57047869027626,0.0,116.8236111111111,117.0,3.053,0.0052320954623176095,87,65.0,0,0.0,,,HPA-45-r0,poison_flash,329
515.0,18.824092561556725,0.0,115.49027777777778,101.0,2.964753546071327,0.01733238937777291,77,35.0,0,0.0,,,HPA-45-r0,poison_flash,330
480.0,14.281445709379259,0.0,109.20555555555555,92.0,1.696263957104775,0.00510431261282677,109,25.0,0,0.0,,,HPA-45-r0,poison_flash,331
565.0,27.990445797009144,0.0,109.6361111111111,115.0,3.0549999999999997,0.012507931054048438,108,10.0,0,0.0,,,HPA-45-r0,poison_flash,332
295.0,7.487541142219401,0.0,112.03611111111111,103.0,0.075,0.00845789169788991,98,155.0,0,0.0,,,HPA-45-r0,poison_flash,333
770.0,30.037636893457886,0.0,109.1138888888889,103.0,3.0549999999999997,0.006866783792513281,83,115.0,0,0.0,,,HPA-45-r0,poison_flash,334
750.0,26.56249044919582,0.0,112.43888888888888,100.0,3.0549999999999997,0.004183194738662026,106,270.0,0,0.0,,,HPA-45-r0,poison_flash,335
370.0,13.807369718515616,0.0,113.37361111111112,97.0,1.0500877446563888,0.018795317707720315,101,105.0,0,0.0,,,HPA-45-r0,poison_flash,336
505.0,15.272232254074048,0.0,110.50277777777778,93.0,1.7350156663830385,0.008658455981199069,90,20.0,0,0.0,,,HPA-45-r0,poison_flash,337
555.0,25.19629240198341,0.0,116.27916666666667,120.0,3.053,0.019238246077418194,106,60.0,0,0.0,,,HPA-45-r0,poison_flash,338
430.0,12.197059348463679,0.0,108.28888888888889,91.0,1.1459344433899115,0.010955000707801662,87,25.0,0,0.0,,,HPA-45-r0,poison_flash,339
0.0,0.0,0.0,149.575,120.0,0.075,1.0,147,0.0,0,0.0,,,PredHPA-r0,poison_flash,300
0.0,0.0,0.0,141.7736111111111,120.0,0.075,1.0,128,0.0,0,0.0,,,PredHPA-r0,poison_flash,301
10.0,0.09774463662780564,0.0,129.10694444444445,120.0,0.075,0.8481338397311586,159,10.0,0,0.0,,,PredHPA-r0,poison_flash,302
0.0,0.0,0.0,149.58333333333334,120.0,0.075,1.0,118,0.0,0,0.0,,,PredHPA-r0,poison_flash,303
0.0,0.0,0.0,147.34166666666667,120.0,0.075,1.0,161,0.0,0,0.0,,,PredHPA-r0,poison_flash,304
5.0,0.10534429400020917,0.0,142.65416666666667,120.0,0.075,0.6843038083295501,158,5.0,0,0.0,,,PredHPA-r0,poison_flash,305
0.0,0.0,0.0,149.1861111111111,120.0,0.075,1.0,137,0.0,0,0.0,,,PredHPA-r0,poison_flash,306
0.0,0.0,0.0,142.48055555555555,120.0,0.075,1.0,109,0.0,0,0.0,,,PredHPA-r0,poison_flash,307
0.0,0.0,0.0,128.31527777777777,120.0,0.075,1.0,160,0.0,0,0.0,,,PredHPA-r0,poison_flash,308
0.0,0.0,0.0,151.12222222222223,120.0,0.075,1.0,111,0.0,0,0.0,,,PredHPA-r0,poison_flash,309
0.0,0.0,0.0,148.94305555555556,120.0,0.075,1.0,174,0.0,0,0.0,,,PredHPA-r0,poison_flash,310
0.0,0.007520800288862706,0.0,145.89027777777778,120.0,0.075,0.9871606520842012,173,0.0,0,0.0,,,PredHPA-r0,poison_flash,311
0.0,0.002837430604951674,0.0,151.1263888888889,120.0,0.075,0.9914851979369452,157,0.0,0,0.0,,,PredHPA-r0,poison_flash,312
0.0,0.0,0.0,142.05,120.0,0.075,1.0,123,0.0,0,0.0,,,PredHPA-r0,poison_flash,313
0.0,0.0,0.0,129.4125,120.0,0.075,1.0,164,0.0,0,0.0,,,PredHPA-r0,poison_flash,314
0.0,0.0,0.0,148.30277777777778,120.0,0.075,1.0,121,0.0,0,0.0,,,PredHPA-r0,poison_flash,315
0.0,0.013859728645582159,0.0,145.5375,120.0,0.075,0.9601187225808875,162,0.0,0,0.0,,,PredHPA-r0,poison_flash,316
0.0,0.0,0.0,144.61388888888888,120.0,0.075,1.0,171,0.0,0,0.0,,,PredHPA-r0,poison_flash,317
0.0,0.0,0.0,149.55,120.0,0.075,1.0,132,0.0,0,0.0,,,PredHPA-r0,poison_flash,318
10.0,0.0627426028825151,0.0,141.32361111111112,120.0,0.075,0.8669004163175336,124,10.0,0,0.0,,,PredHPA-r0,poison_flash,319
0.0,0.0,0.0,128.88472222222222,120.0,0.075,1.0,170,0.0,0,0.0,,,PredHPA-r0,poison_flash,320
0.0,0.0,0.0,145.94861111111112,120.0,0.075,1.0,111,0.0,0,0.0,,,PredHPA-r0,poison_flash,321
0.0,0.0,0.0,146.82222222222222,120.0,0.075,1.0,148,0.0,0,0.0,,,PredHPA-r0,poison_flash,322
35.0,1.2337265879415416,0.0,149.61805555555554,120.0,0.075,0.009655781208951076,149,35.0,0,0.0,,,PredHPA-r0,poison_flash,323
0.0,0.0,0.0,148.29444444444445,120.0,0.075,1.0,135,0.0,0,0.0,,,PredHPA-r0,poison_flash,324
0.0,0.0,0.0,142.30972222222223,120.0,0.075,1.0,119,0.0,0,0.0,,,PredHPA-r0,poison_flash,325
0.0,0.0,0.0,129.36111111111111,120.0,0.075,1.0,158,0.0,0,0.0,,,PredHPA-r0,poison_flash,326
0.0,0.0,0.0,149.3138888888889,120.0,0.075,1.0,125,0.0,0,0.0,,,PredHPA-r0,poison_flash,327
5.0,0.0498339296248651,0.0,148.30416666666667,120.0,0.075,0.911497605446579,169,5.0,0,0.0,,,PredHPA-r0,poison_flash,328
15.0,0.19030887719879708,0.0,146.3875,120.0,0.075,0.5495780876608926,161,15.0,0,0.0,,,PredHPA-r0,poison_flash,329
0.0,0.0,0.0,151.0861111111111,120.0,0.075,1.0,125,0.0,0,0.0,,,PredHPA-r0,poison_flash,330
0.0,0.0,0.0,140.54305555555555,120.0,0.075,1.0,109,0.0,0,0.0,,,PredHPA-r0,poison_flash,331
0.0,0.0,0.0,128.9625,120.0,0.075,1.0,162,0.0,0,0.0,,,PredHPA-r0,poison_flash,332
10.0,0.21932478720112503,0.0,145.79861111111111,120.0,0.075,0.6032216819125507,89,10.0,0,0.0,,,PredHPA-r0,poison_flash,333
0.0,0.0,0.0,148.19305555555556,120.0,0.075,1.0,175,0.0,0,0.0,,,PredHPA-r0,poison_flash,334
5.0,0.05109518319997841,0.0,150.4,120.0,0.075,0.883674866648997,163,5.0,0,0.0,,,PredHPA-r0,poison_flash,335
0.0,0.0,0.0,150.50416666666666,120.0,0.075,1.0,170,0.0,0,0.0,,,PredHPA-r0,poison_flash,336
0.0,0.0,0.0,140.85972222222222,120.0,0.075,1.0,131,0.0,0,0.0,,,PredHPA-r0,poison_flash,337
0.0,0.0,0.0,128.95138888888889,120.0,0.075,1.0,170,0.0,0,0.0,,,PredHPA-r0,poison_flash,338
0.0,0.0,0.0,148.78055555555557,120.0,0.075,1.0,108,0.0,0,0.0,,,PredHPA-r0,poison_flash,339
0.0,0.0,0.0,149.57916666666668,120.0,0.075,1.0,147,0.0,0,0.0,,,PredHPA-r1,poison_flash,300
0.0,0.0,0.0,141.7736111111111,120.0,0.075,1.0,128,0.0,0,0.0,,,PredHPA-r1,poison_flash,301
10.0,0.09774463662780564,0.0,129.10694444444445,120.0,0.075,0.8481338397311586,159,10.0,0,0.0,,,PredHPA-r1,poison_flash,302
0.0,0.0,0.0,149.58333333333334,120.0,0.075,1.0,118,0.0,0,0.0,,,PredHPA-r1,poison_flash,303
0.0,0.0,0.0,147.34166666666667,120.0,0.075,1.0,161,0.0,0,0.0,,,PredHPA-r1,poison_flash,304
10.0,0.13363907833586763,0.0,142.65416666666667,120.0,0.075,0.6843038083295501,158,10.0,0,0.0,,,PredHPA-r1,poison_flash,305
0.0,0.0,0.0,149.1861111111111,120.0,0.075,1.0,137,0.0,0,0.0,,,PredHPA-r1,poison_flash,306
0.0,0.0,0.0,142.48055555555555,120.0,0.075,1.0,110,0.0,0,0.0,,,PredHPA-r1,poison_flash,307
0.0,0.0,0.0,128.31527777777777,120.0,0.075,1.0,160,0.0,0,0.0,,,PredHPA-r1,poison_flash,308
0.0,0.0,0.0,151.12222222222223,120.0,0.075,1.0,111,0.0,0,0.0,,,PredHPA-r1,poison_flash,309
0.0,0.0,0.0,148.73472222222222,120.0,0.075,1.0,170,0.0,0,0.0,,,PredHPA-r1,poison_flash,310
0.0,0.007520800288862706,0.0,145.89027777777778,120.0,0.075,0.9871606520842012,173,0.0,0,0.0,,,PredHPA-r1,poison_flash,311
0.0,0.002173549184969481,0.0,152.6375,120.0,0.075,0.9934774295265867,172,0.0,0,0.0,,,PredHPA-r1,poison_flash,312
0.0,0.0,0.0,141.51527777777778,120.0,0.075,1.0,116,0.0,0,0.0,,,PredHPA-r1,poison_flash,313
0.0,0.0,0.0,129.4125,120.0,0.075,1.0,164,0.0,0,0.0,,,PredHPA-r1,poison_flash,314
0.0,0.0,0.0,148.30277777777778,120.0,0.075,1.0,121,0.0,0,0.0,,,PredHPA-r1,poison_flash,315
0.0,0.013859728645582159,0.0,145.5375,120.0,0.075,0.9601187225808875,162,0.0,0,0.0,,,PredHPA-r1,poison_flash,316
0.0,0.0,0.0,144.61388888888888,120.0,0.075,1.0,171,0.0,0,0.0,,,PredHPA-r1,poison_flash,317
0.0,0.0,0.0,149.55,120.0,0.075,1.0,132,0.0,0,0.0,,,PredHPA-r1,poison_flash,318
15.0,0.08623448374395215,0.0,141.32361111111112,120.0,0.075,0.8596294093139155,125,15.0,0,0.0,,,PredHPA-r1,poison_flash,319
0.0,0.0,0.0,128.88472222222222,120.0,0.075,1.0,170,0.0,0,0.0,,,PredHPA-r1,poison_flash,320
0.0,0.0,0.0,145.94861111111112,120.0,0.075,1.0,111,0.0,0,0.0,,,PredHPA-r1,poison_flash,321
0.0,0.0,0.0,146.82222222222222,120.0,0.075,1.0,148,0.0,0,0.0,,,PredHPA-r1,poison_flash,322
50.0,1.6374766315620515,0.0,149.36527777777778,120.0,0.075,0.0004821987243539154,153,50.0,0,0.0,,,PredHPA-r1,poison_flash,323
0.0,0.0,0.0,148.29444444444445,120.0,0.075,1.0,135,0.0,0,0.0,,,PredHPA-r1,poison_flash,324
10.0,0.13855029409843844,0.0,140.3736111111111,120.0,0.075,0.5644753766782253,110,10.0,0,0.0,,,PredHPA-r1,poison_flash,325
0.0,0.0,0.0,129.36111111111111,120.0,0.075,1.0,158,0.0,0,0.0,,,PredHPA-r1,poison_flash,326
0.0,0.0,0.0,149.3138888888889,120.0,0.075,1.0,125,0.0,0,0.0,,,PredHPA-r1,poison_flash,327
5.0,0.057011883992641454,0.0,148.30416666666667,120.0,0.075,0.911497605446579,169,5.0,0,0.0,,,PredHPA-r1,poison_flash,328
20.0,0.43304422947859633,0.0,146.3875,120.0,0.075,0.13890292158405723,159,20.0,0,0.0,,,PredHPA-r1,poison_flash,329
0.0,0.0,0.0,151.0861111111111,120.0,0.075,1.0,125,0.0,0,0.0,,,PredHPA-r1,poison_flash,330
0.0,0.0,0.0,140.54305555555555,120.0,0.075,1.0,109,0.0,0,0.0,,,PredHPA-r1,poison_flash,331
0.0,0.0,0.0,128.9625,120.0,0.075,1.0,162,0.0,0,0.0,,,PredHPA-r1,poison_flash,332
15.0,0.5679925299607036,0.0,145.79861111111111,120.0,0.075,0.10093824632297607,100,15.0,0,0.0,,,PredHPA-r1,poison_flash,333
0.0,0.0,0.0,148.19305555555556,120.0,0.075,1.0,175,0.0,0,0.0,,,PredHPA-r1,poison_flash,334
5.0,0.15447933966248328,0.0,151.07083333333333,120.0,0.075,0.587579219873237,172,5.0,0,0.0,,,PredHPA-r1,poison_flash,335
0.0,0.0,0.0,150.50416666666666,120.0,0.075,1.0,170,0.0,0,0.0,,,PredHPA-r1,poison_flash,336
0.0,0.0,0.0,140.85972222222222,120.0,0.075,1.0,131,0.0,0,0.0,,,PredHPA-r1,poison_flash,337
0.0,0.0,0.0,128.95138888888889,120.0,0.075,1.0,170,0.0,0,0.0,,,PredHPA-r1,poison_flash,338
0.0,0.0,0.0,148.78055555555557,120.0,0.075,1.0,108,0.0,0,0.0,,,PredHPA-r1,poison_flash,339
0.0,0.0,0.0,125.34027777777777,120.0,0.075,1.0,1040,0.0,10,0.0,,0.6219081272084805,ARC,poison_flash,300
30.0,0.6776543867648699,0.0,118.1125,120.0,0.075,0.032635719383642015,920,30.0,10,0.0,,0.6981585268214572,ARC,poison_flash,301
0.0,0.0,0.0,107.23611111111111,120.0,0.075,1.0,760,0.0,10,0.0,,0.8340807174887892,ARC,poison_flash,302
0.0,0.0009300634521092199,0.0,121.78611111111111,120.0,0.075,0.99576719656405,925,0.0,10,0.0,,0.6387434554973822,ARC,poison_flash,303
25.0,0.355140129658138,0.0,127.1138888888889,120.0,0.075,0.05965262034260611,913,0.0,9,0.0,,0.7529976019184652,ARC,poison_flash,304
0.0,0.010073262312126907,0.0,117.29027777777777,120.0,0.075,0.9823968328120212,997,0.0,10,0.0,,0.6563307493540051,ARC,poison_flash,305
15.0,0.6059251962358014,0.0,120.53611111111111,120.0,0.075,0.006834199038539687,1027,15.0,10,0.0,,0.5641025641025641,ARC,poison_flash,306
0.0,0.0,0.0,114.925,120.0,0.075,1.0,905,0.0,10,0.0,,0.5818181818181818,ARC,poison_flash,307
0.0,0.0,0.0,106.69583333333334,120.0,0.075,1.0,741,0.0,10,0.0,,0.8418708240534521,ARC,poison_flash,308
45.0,1.4178034691745722,0.0,118.90138888888889,120.0,0.075,0.0003776392278450779,926,35.0,10,0.0,,0.5862676056338029,ARC,poison_flash,309
50.0,0.4705739662967501,0.0,115.79166666666667,120.0,0.075,0.03911654419392517,828,0.0,10,0.0,,0.6586414445399829,ARC,poison_flash,310
0.0,0.02893713575448098,0.0,120.3875,120.0,0.075,0.950599146451453,1047,0.0,9,0.0,,0.6609442060085837,ARC,poison_flash,311
20.0,0.8461132115527126,0.0,120.85,120.0,0.075,0.031775675521724736,983,20.0,10,0.0,,0.588646288209607,ARC,poison_flash,312
0.0,4.792272043641077e-05,0.0,113.33611111111111,120.0,0.075,0.9998039681287192,866,0.0,10,0.0,,0.5447761194029851,ARC,poison_flash,313
0.0,0.00574388355728539,0.0,98.99861111111112,120.0,0.075,0.9721979902986235,649,0.0,10,0.0,,0.7972243639167309,ARC,poison_flash,314
20.0,0.2192764397258129,0.0,128.12083333333334,120.0,0.075,0.16106081752840853,914,5.0,10,0.0,,0.6934673366834171,ARC,poison_flash,315
20.0,0.24051054082738776,0.0,123.375,120.0,0.075,0.031533059488078524,932,0.0,9,0.0,,0.7510008006405124,ARC,poison_flash,316
0.0,0.01532033093782914,0.0,113.70138888888889,120.0,0.075,0.9723227609315627,957,0.0,9,0.0,,0.6632390745501285,ARC,poison_flash,317
0.0,0.0054030869096832745,0.0,124.58055555555555,120.0,0.075,0.9764461893840986,927,0.0,10,0.0,,0.5958595859585959,ARC,poison_flash,318
15.0,0.3340280359058423,0.0,121.33194444444445,120.0,0.075,0.24025339340041874,991,15.0,10,5.0,,0.6760797342192691,ARC,poison_flash,319
0.0,0.009487255501272607,0.0,102.76527777777778,120.0,0.075,0.9612150741841635,748,0.0,10,0.0,,0.8410104011887073,ARC,poison_flash,320
0.0,0.0,0.0,126.65416666666667,120.0,0.075,1.0,904,0.0,10,0.0,,0.6757215619694398,ARC,poison_flash,321
50.0,0.6125419787020081,0.0,118.81944444444444,120.0,0.075,0.01680715098153379,874,5.0,9,0.0,,0.6997518610421837,ARC,poison_flash,322
20.0,0.7664748354803685,0.0,124.67083333333333,120.0,0.07500000000000007,0.046417411320035254,976,20.0,10,0.0,,0.6872964169381107,ARC,poison_flash,323
0.0,0.0,0.0,125.12638888888888,120.0,0.075,1.0,1029,0.0,10,0.0,,0.5688073394495413,ARC,poison_flash,324
40.0,0.7225205930456502,0.0,114.0111111111111,120.0,0.075,0.04834789615978038,949,40.0,11,0.0,,0.623175965665236,ARC,poison_flash,325
0.0,0.0,0.0,105.76944444444445,120.0,0.075,1.0,772,0.0,10,0.0,,0.8401486988847584,ARC,poison_flash,326
0.0,0.0,0.0,128.86666666666667,120.0,0.075,1.0,980,0.0,10,0.0,,0.7118084227910817,ARC,poison_flash,327
30.0,0.26105771890888585,0.0,119.9,120.0,0.075,0.030183439434493246,888,0.0,10,0.0,,0.6768447837150128,ARC,poison_flash,328
5.0,0.05130339702417164,0.0,122.59583333333333,120.0,0.075,0.9212933990156229,932,5.0,9,0.0,,0.6411149825783972,ARC,poison_flash,329
15.0,0.06869901047161786,0.0,123.99722222222222,120.0,0.075,0.3912654112927709,1013,15.0,10,5.0,,0.6299212598425197,ARC,poison_flash,330
0.0,0.0,0.0,111.95,120.0,0.075,1.0,836,0.0,10,0.0,,0.5447761194029851,ARC,poison_flash,331
0.0,0.00044394340990017156,0.0,103.14861111111111,120.0,0.075,0.9982541083136978,672,0.0,10,0.0,,0.8208616780045351,ARC,poison_flash,332
0.0,0.0,0.0,127.20277777777778,120.0,0.075,1.0,932,0.0,10,0.0,,0.6689419795221843,ARC,poison_flash,333
45.0,0.5564068305175196,0.0,117.77361111111111,120.0,0.075,0.059496249897234656,927,0.0,10,0.0,,0.673469387755102,ARC,poison_flash,334
0.0,0.0,0.0,123.50416666666666,120.0,0.075,1.0,1032,0.0,10,0.0,,0.7171052631578947,ARC,poison_flash,335
0.0,0.0,0.0,121.24305555555556,120.0,0.075,1.0,953,0.0,9,0.0,,0.547486033519553,ARC,poison_flash,336
15.0,0.09251092267035244,0.0,117.1375,120.0,0.075,0.8602283995533246,921,15.0,10,0.0,,0.6363636363636364,ARC,poison_flash,337
0.0,0.0,0.0,101.71111111111111,120.0,0.075,1.0,680,0.0,10,0.0,,0.8297074268567142,ARC,poison_flash,338
5.0,0.014512865164684197,0.0,115.50416666666666,120.0,0.075,0.9118099585349496,877,0.0,11,0.0,,0.6597938144329897,ARC,poison_flash,339
0.0,0.0,0.0,124.5125,120.0,0.075,1.0,1029,0.0,10,0.0,,0.6145648312611013,ARC-r0,poison_flash,300
25.0,0.5647738302962391,0.0,117.93888888888888,120.0,0.075,0.032635719383642015,910,25.0,10,0.0,,0.6971887550200804,ARC-r0,poison_flash,301
0.0,0.0,0.0,107.23611111111111,120.0,0.075,1.0,760,0.0,10,0.0,,0.8392857142857143,ARC-r0,poison_flash,302
0.0,0.0009300634521092199,0.0,121.78611111111111,120.0,0.075,0.99576719656405,925,0.0,10,0.0,,0.6387434554973822,ARC-r0,poison_flash,303
25.0,0.3149330391721272,0.0,127.1138888888889,120.0,0.075,0.09808520410238077,913,0.0,9,0.0,,0.7529976019184652,ARC-r0,poison_flash,304
0.0,0.010073262312126907,0.0,117.29027777777777,120.0,0.075,0.9823968328120212,997,0.0,10,0.0,,0.6563307493540051,ARC-r0,poison_flash,305
15.0,0.4399895015340771,0.0,120.52083333333333,120.0,0.075,0.32433625462751686,1029,15.0,10,0.0,,0.5646196150320807,ARC-r0,poison_flash,306
0.0,0.0,0.0,114.925,120.0,0.075,1.0,905,0.0,10,0.0,,0.5818181818181818,ARC-r0,poison_flash,307
0.0,0.0,0.0,106.69583333333334,120.0,0.075,1.0,741,0.0,10,0.0,,0.8418708240534521,ARC-r0,poison_flash,308
40.0,1.1279442718196808,0.0,119.62916666666666,120.0,0.075,0.006509272715874713,905,30.0,10,0.0,,0.5683646112600537,ARC-r0,poison_flash,309
40.0,0.45003607271428825,0.0,115.79166666666667,120.0,0.075,0.03911654419392517,828,0.0,10,0.0,,0.6586414445399829,ARC-r0,poison_flash,310
0.0,0.02893713575448098,0.0,120.3875,120.0,0.075,0.950599146451453,1047,0.0,9,0.0,,0.6609442060085837,ARC-r0,poison_flash,311
20.0,0.8461132115527126,0.0,120.85,120.0,0.075,0.031775675521724736,983,20.0,10,0.0,,0.588646288209607,ARC-r0,poison_flash,312
0.0,4.792272043641077e-05,0.0,113.33611111111111,120.0,0.075,0.9998039681287192,866,0.0,10,0.0,,0.5447761194029851,ARC-r0,poison_flash,313
0.0,0.00574388355728539,0.0,98.99861111111112,120.0,0.075,0.9721979902986235,649,0.0,10,0.0,,0.7972243639167309,ARC-r0,poison_flash,314
10.0,0.13096818233853114,0.0,128.11805555555554,120.0,0.075,0.4256123120303243,914,0.0,10,0.0,,0.6934673366834171,ARC-r0,poison_flash,315
15.0,0.1359430439657361,0.0,123.18194444444444,120.0,0.075,0.2535451641244942,929,0.0,9,0.0,,0.7510008006405124,ARC-r0,poison_flash,316
0.0,0.01532033093782914,0.0,113.70138888888889,120.0,0.075,0.9723227609315627,957,0.0,9,0.0,,0.6632390745501285,ARC-r0,poison_flash,317
0.0,0.0,0.0,123.32083333333334,120.0,0.075,1.0,906,0.0,10,0.0,,0.6058981233243967,ARC-r0,poison_flash,318
10.0,0.3242964006874294,0.0,121.33194444444445,120.0,0.075,0.24025339340041874,992,10.0,10,5.0,,0.6760797342192691,ARC-r0,poison_flash,319
0.0,0.009487255501272607,0.0,102.76527777777778,120.0,0.075,0.9612150741841635,748,0.0,10,0.0,,0.8410104011887073,ARC-r0,poison_flash,320
0.0,0.0,0.0,126.65416666666667,120.0,0.075,1.0,904,0.0,10,0.0,,0.6757215619694398,ARC-r0,poison_flash,321
45.0,0.4158008950454817,0.0,118.89444444444445,120.0,0.075,0.1390592274325875,864,5.0,9,0.0,,0.7041322314049587,ARC-r0,poison_flash,322
20.0,0.7661436414671985,0.0,124.67083333333333,120.0,0.07500000000000007,0.046417411320035254,976,20.0,10,0.0,,0.6872964169381107,ARC-r0,poison_flash,323
0.0,0.0,0.0,125.12638888888888,120.0,0.075,1.0,1029,0.0,10,0.0,,0.5688073394495413,ARC-r0,poison_flash,324
15.0,0.2325662015154606,0.0,115.52777777777777,120.0,0.075,0.3035051826808327,963,5.0,11,0.0,,0.6397941680960549,ARC-r0,poison_flash,325
0.0,0.0,0.0,105.76944444444445,120.0,0.075,1.0,772,0.0,10,0.0,,0.8401486988847584,ARC-r0,poison_flash,326
0.0,0.0,0.0,128.86666666666667,120.0,0.075,1.0,980,0.0,10,0.0,,0.7118084227910817,ARC-r0,poison_flash,327
20.0,0.23338174355697072,0.0,119.91527777777777,120.0,0.075,0.114831879418647,889,0.0,10,0.0,,0.6768447837150128,ARC-r0,poison_flash,328
5.0,0.04114213617583129,0.0,122.39444444444445,120.0,0.075,0.9212933990156229,939,5.0,9,0.0,,0.6339754816112084,ARC-r0,poison_flash,329
5.0,0.011280818458903052,0.0,124.12083333333334,120.0,0.075,0.8952755665503975,1014,5.0,10,5.0,,0.631578947368421,ARC-r0,poison_flash,330
0.0,0.0,0.0,111.95,120.0,0.075,1.0,836,0.0,10,0.0,,0.5447761194029851,ARC-r0,poison_flash,331
0.0,0.00044394340990017156,0.0,103.14861111111111,120.0,0.075,0.9982541083136978,672,0.0,10,0.0,,0.8208616780045351,ARC-r0,poison_flash,332
0.0,0.0,0.0,127.20277777777778,120.0,0.075,1.0,932,0.0,10,0.0,,0.6689419795221843,ARC-r0,poison_flash,333
55.0,0.5195801181545057,0.0,117.34166666666667,120.0,0.075,0.059496249897234656,957,0.0,10,0.0,,0.687973086627418,ARC-r0,poison_flash,334
0.0,0.0,0.0,123.50416666666666,120.0,0.075,1.0,1032,0.0,10,0.0,,0.7171052631578947,ARC-r0,poison_flash,335
0.0,0.0,0.0,120.43472222222222,120.0,0.075,1.0,957,0.0,10,0.0,,0.5420560747663551,ARC-r0,poison_flash,336
15.0,0.08501583493022435,0.0,117.1375,120.0,0.075,0.8665973859400845,921,15.0,10,0.0,,0.6422976501305483,ARC-r0,poison_flash,337
0.0,0.0,0.0,101.71111111111111,120.0,0.075,1.0,680,0.0,10,0.0,,0.8297074268567142,ARC-r0,poison_flash,338
5.0,0.014512865164684197,0.0,115.50416666666666,120.0,0.075,0.9118099585349496,877,0.0,11,0.0,,0.6597938144329897,ARC-r0,poison_flash,339
0.0,0.0,0.0,125.34027777777777,120.0,0.075,1.0,1040,0.0,10,0.0,,0.6219081272084805,ARC-r1,poison_flash,300
30.0,0.6050640884873282,0.0,117.93888888888888,120.0,0.075,0.032635719383642015,910,30.0,10,0.0,,0.6971887550200804,ARC-r1,poison_flash,301
0.0,0.0,0.0,107.23611111111111,120.0,0.075,1.0,760,0.0,10,0.0,,0.8392857142857143,ARC-r1,poison_flash,302
0.0,0.0009300634521092199,0.0,121.78611111111111,120.0,0.075,0.99576719656405,925,0.0,10,0.0,,0.6387434554973822,ARC-r1,poison_flash,303
25.0,0.3546574906258204,0.0,127.1138888888889,120.0,0.075,0.059792442209769286,913,0.0,9,0.0,,0.7529976019184652,ARC-r1,poison_flash,304
0.0,0.010073262312126907,0.0,117.29027777777777,120.0,0.075,0.9823968328120212,997,0.0,10,0.0,,0.6563307493540051,ARC-r1,poison_flash,305
15.0,0.6009205241291671,0.0,120.53611111111111,120.0,0.075,0.0076975398183858935,1027,15.0,10,0.0,,0.5641025641025641,ARC-r1,poison_flash,306
0.0,0.0,0.0,114.925,120.0,0.075,1.0,905,0.0,10,0.0,,0.5818181818181818,ARC-r1,poison_flash,307
0.0,0.0,0.0,106.69583333333334,120.0,0.075,1.0,741,0.0,10,0.0,,0.8418708240534521,ARC-r1,poison_flash,308
40.0,1.2508054499905774,0.0,119.44583333333334,120.0,0.075,0.0025645097067480264,912,30.0,10,0.0,,0.5683646112600537,ARC-r1,poison_flash,309
45.0,0.46639487351826103,0.0,115.79166666666667,120.0,0.075,0.03911654419392517,828,0.0,10,0.0,,0.6586414445399829,ARC-r1,poison_flash,310
0.0,0.02893713575448098,0.0,120.3875,120.0,0.075,0.950599146451453,1047,0.0,9,0.0,,0.6609442060085837,ARC-r1,poison_flash,311
20.0,0.8461132115527126,0.0,120.85,120.0,0.075,0.031775675521724736,983,20.0,10,0.0,,0.588646288209607,ARC-r1,poison_flash,312
0.0,4.792272043641077e-05,0.0,113.33611111111111,120.0,0.075,0.9998039681287192,866,0.0,10,0.0,,0.5447761194029851,ARC-r1,poison_flash,313
0.0,0.00574388355728539,0.0,98.99861111111112,120.0,0.075,0.9721979902986235,649,0.0,10,0.0,,0.7972243639167309,ARC-r1,poison_flash,314
20.0,0.20023169482014103,0.0,128.12083333333334,120.0,0.075,0.18134391496483684,914,5.0,10,0.0,,0.6934673366834171,ARC-r1,poison_flash,315
20.0,0.23812628478634412,0.0,123.375,120.0,0.075,0.03236973196198994,932,0.0,9,0.0,,0.7510008006405124,ARC-r1,poison_flash,316
0.0,0.01532033093782914,0.0,113.70138888888889,120.0,0.075,0.9723227609315627,957,0.0,9,0.0,,0.6632390745501285,ARC-r1,poison_flash,317
0.0,0.0054030869096832745,0.0,124.58055555555555,120.0,0.075,0.9764461893840986,927,0.0,10,0.0,,0.5958595859585959,ARC-r1,poison_flash,318
15.0,0.3335641685427104,0.0,121.33194444444445,120.0,0.075,0.24025339340041874,991,15.0,10,5.0,,0.6760797342192691,ARC-r1,poison_flash,319
0.0,0.009487255501272607,0.0,102.76527777777778,120.0,0.075,0.9612150741841635,748,0.0,10,0.0,,0.8410104011887073,ARC-r1,poison_flash,320
0.0,0.0,0.0,126.65416666666667,120.0,0.075,1.0,904,0.0,10,0.0,,0.6757215619694398,ARC-r1,poison_flash,321
50.0,0.5868837742866728,0.0,118.81944444444444,120.0,0.075,0.01680715098153379,874,5.0,9,0.0,,0.7018992568125516,ARC-r1,poison_flash,322
20.0,0.7664743939171048,0.0,124.67083333333333,120.0,0.07500000000000007,0.046417411320035254,976,20.0,10,0.0,,0.6872964169381107,ARC-r1,poison_flash,323
0.0,0.0,0.0,125.12638888888888,120.0,0.075,1.0,1029,0.0,10,0.0,,0.5688073394495413,ARC-r1,poison_flash,324
30.0,0.4917341708956524,0.0,113.99305555555556,120.0,0.075,0.32927850166496153,945,35.0,11,0.0,,0.623175965665236,ARC-r1,poison_flash,325
0.0,0.0,0.0,105.76944444444445,120.0,0.075,1.0,772,0.0,10,0.0,,0.8401486988847584,ARC-r1,poison_flash,326
0.0,0.0,0.0,128.86666666666667,120.0,0.075,1.0,980,0.0,10,0.0,,0.7118084227910817,ARC-r1,poison_flash,327
30.0,0.26105771890888585,0.0,119.9,120.0,0.075,0.030183439434493246,888,0.0,10,0.0,,0.6768447837150128,ARC-r1,poison_flash,328
5.0,0.04877251880609501,0.0,122.59583333333333,120.0,0.075,0.9212933990156229,932,5.0,9,0.0,,0.6411149825783972,ARC-r1,poison_flash,329
15.0,0.056238114569773234,0.0,123.99722222222222,120.0,0.075,0.5326176252976953,1013,15.0,10,5.0,,0.6299212598425197,ARC-r1,poison_flash,330
0.0,0.0,0.0,111.95,120.0,0.075,1.0,836,0.0,10,0.0,,0.5447761194029851,ARC-r1,poison_flash,331
0.0,0.00044394340990017156,0.0,103.14861111111111,120.0,0.075,0.9982541083136978,672,0.0,10,0.0,,0.8208616780045351,ARC-r1,poison_flash,332
0.0,0.0,0.0,127.20277777777778,120.0,0.075,1.0,932,0.0,10,0.0,,0.6689419795221843,ARC-r1,poison_flash,333
45.0,0.5563443577531579,0.0,117.77361111111111,120.0,0.075,0.059496249897234656,927,0.0,10,0.0,,0.673469387755102,ARC-r1,poison_flash,334
0.0,0.0,0.0,123.50416666666666,120.0,0.075,1.0,1032,0.0,10,0.0,,0.7171052631578947,ARC-r1,poison_flash,335
0.0,0.0,0.0,121.24305555555556,120.0,0.075,1.0,953,0.0,9,0.0,,0.547486033519553,ARC-r1,poison_flash,336
15.0,0.0923984402532052,0.0,117.1375,120.0,0.075,0.8602681454957136,921,15.0,10,0.0,,0.6434782608695652,ARC-r1,poison_flash,337
0.0,0.0,0.0,101.71111111111111,120.0,0.075,1.0,680,0.0,10,0.0,,0.8297074268567142,ARC-r1,poison_flash,338
5.0,0.014512865164684197,0.0,115.50416666666666,120.0,0.075,0.9118099585349496,877,0.0,11,0.0,,0.6597938144329897,ARC-r1,poison_flash,339
25.0,0.3140787326393668,0.0,91.17777777777778,75.0,0.075,0.3935890207859346,94,12.5,0,0.0,,,HPA-r0,storm,300
20.0,0.35193693423017924,0.0,91.46666666666667,66.0,0.075,0.20083686495040673,84,10.0,0,0.0,,,HPA-r0,storm,301
50.0,1.60393899864415,0.0,90.96527777777777,87.0,0.075,0.0035848338382499746,113,25.0,0,0.0,,,HPA-r0,storm,302
25.0,0.3862165676873808,0.0,89.17777777777778,64.0,0.075,0.03621767978649095,62,7.5,0,0.0,,,HPA-r0,storm,303
30.0,0.14586768741514655,0.0,92.1,83.0,0.075,0.5786998795155965,108,10.0,0,0.0,,,HPA-r0,storm,304
105.0,3.7614381027839316,0.0,94.80972222222222,83.0,0.075,0.00013186104339474279,98,40.0,0,0.0,,,HPA-r0,storm,305
35.0,0.5115337446094048,0.0,92.57222222222222,80.0,0.075,0.0838901746608645,106,10.0,0,0.0,,,HPA-r0,storm,306
25.0,0.14434935013541983,0.0,93.31666666666666,72.0,0.075,0.3459689403709057,90,6.25,0,0.0,,,HPA-r0,storm,307
10.0,0.012502161498295639,0.0,93.32638888888889,98.0,0.075,0.9331781169811891,131,2.5,0,0.0,,,HPA-r0,storm,308
5.0,0.016217088067016494,0.0,87.49305555555556,59.0,0.075,0.9273577827986148,69,2.5,0,0.0,,,HPA-r0,storm,309
40.0,0.6347729001028868,0.0,94.70416666666667,81.0,0.07500000000000002,0.018815946736516306,87,16.25,0,0.0,,,HPA-r0,storm,310
35.0,0.9172486886827591,0.0,96.09722222222223,100.0,0.075,0.04192684631369953,118,10.0,0,0.0,,,HPA-r0,storm,311
50.0,1.587452825342528,0.0,93.68611111111112,78.0,0.075,0.002620185151362358,88,25.0,0,0.0,,,HPA-r0,storm,312
25.0,0.24373724614977776,0.0,90.77638888888889,68.0,0.075,0.5565570727261392,88,7.5,0,0.0,,,HPA-r0,storm,313
35.0,0.6786891259964456,0.0,94.20416666666667,77.0,0.075,0.025948873087698172,113,8.75,0,0.0,,,HPA-r0,storm,314
15.0,0.20793868678214977,0.0,96.86944444444444,76.0,0.075,0.3544218000136872,105,6.25,0,0.0,,,HPA-r0,storm,315
50.0,1.5896850919194572,0.0,91.42777777777778,84.0,0.075,0.03259268060600511,101,22.5,0,0.0,,,HPA-r0,storm,316
50.0,1.3938049672925668,0.0,96.45833333333333,97.0,0.075,0.03072269165450432,132,20.0,0,0.0,,,HPA-r0,storm,317
30.0,0.09131317084032364,0.0,93.15833333333333,69.0,0.075,0.8703190373312653,87,20.0,0,0.0,,,HPA-r0,storm,318
60.0,1.0595401634274526,0.0,92.65277777777777,77.0,0.075,0.03382540822603545,100,17.5,0,0.0,,,HPA-r0,storm,319
50.0,1.757474720182295,0.0,100.32222222222222,113.0,0.075,0.007804319839542267,140,25.0,0,0.0,,,HPA-r0,storm,320
20.0,0.04454826498011544,0.0,97.57638888888889,75.0,0.075,0.899865869370196,100,11.25,0,0.0,,,HPA-r0,storm,321
80.0,1.3640671835541407,0.0,93.83888888888889,85.0,0.07500000000000002,0.004967319709472934,99,31.25,0,0.0,,,HPA-r0,storm,322
30.0,0.8695615096210974,0.0,90.35555555555555,74.0,0.07500000000000007,0.03671536289181932,114,2.5,0,0.0,,,HPA-r0,storm,323
70.0,1.311498879905948,0.0,88.86805555555556,68.0,0.075,0.0490740827476545,83,17.5,0,0.0,,,HPA-r0,storm,324
45.0,1.2032495863234183,0.0,92.66111111111111,76.0,0.075,0.025167583171878654,106,22.5,0,0.0,,,HPA-r0,storm,325
0.0,0.0072651046783223094,0.0,95.58888888888889,97.0,0.075,0.9659686042748212,131,0.0,0,0.0,,,HPA-r0,storm,326
30.0,0.9637998641068068,0.0,90.24027777777778,69.0,0.075,0.02182108483390829,90,15.0,0,0.0,,,HPA-r0,storm,327
50.0,0.26270705320367016,0.0,92.70138888888889,86.0,0.075,0.5499246200025405,110,17.5,0,0.0,,,HPA-r0,storm,328
20.0,0.1454166668970136,0.0,96.73055555555555,98.0,0.075,0.8180599554781569,131,7.5,0,0.0,,,HPA-r0,storm,329
60.0,1.1557532024569661,0.0,94.34027777777777,73.0,0.075,0.03908609103996552,99,27.5,0,0.0,,,HPA-r0,storm,330
5.0,0.02102250394258043,0.0,90.94722222222222,64.0,0.075,0.9046002506786318,91,2.5,0,0.0,,,HPA-r0,storm,331
30.0,0.49035181910672687,0.0,95.21111111111111,81.0,0.075,0.029627304158174814,117,7.5,0,0.0,,,HPA-r0,storm,332
15.0,0.18152723713534824,0.0,92.09583333333333,70.0,0.075,0.5618152234931298,82,10.0,0,0.0,,,HPA-r0,storm,333
25.0,0.23092976646064134,0.0,87.02916666666667,80.0,0.075,0.06046014218941167,99,3.75,0,0.0,,,HPA-r0,storm,334
50.0,1.3781155863007322,0.0,97.62777777777778,92.0,0.075,0.023095009793756584,105,22.5,0,0.0,,,HPA-r0,storm,335
35.0,0.7574477497034438,0.0,93.33055555555555,82.0,0.075,0.1344140886171806,103,20.0,0,0.0,,,HPA-r0,storm,336
30.0,0.37163584001672634,0.0,89.78611111111111,67.0,0.075,0.40493847004759387,88,10.0,0,0.0,,,HPA-r0,storm,337
45.0,1.9362942707776498,0.0,95.44722222222222,102.0,0.075,0.0313749779233827,118,22.5,0,0.0,,,HPA-r0,storm,338
25.0,0.5548646030782312,0.0,89.84027777777777,66.0,0.075,0.001292293286320301,77,6.25,0,0.0,,,HPA-r0,storm,339
5.0,0.027498983405016553,0.0,91.61111111111111,82.0,0.075,0.8908004267772925,221,2.5,0,0.0,,,HPA-fast-r0,storm,300
20.0,0.119904096616541,0.0,91.57638888888889,74.0,0.075,0.4192550311860699,188,6.25,0,0.0,,,HPA-fast-r0,storm,301
40.0,1.4802375030623316,0.0,81.65,91.0,0.075,0.0015849980265340824,156,20.0,0,0.0,,,HPA-fast-r0,storm,302
10.0,0.019146472169084827,0.0,92.7375,72.0,0.075,0.9283006970272599,188,2.5,0,0.0,,,HPA-fast-r0,storm,303
40.0,0.5464371604621432,0.0,91.52638888888889,85.0,0.075,0.019947813379983054,222,13.75,0,0.0,,,HPA-fast-r0,storm,304
80.0,3.1628210832577497,0.0,90.48472222222222,108.0,0.075,0.00013186104339474279,205,31.25,0,0.0,,,HPA-fast-r0,storm,305
15.0,0.31946983593453826,0.0,92.67361111111111,88.0,0.075,0.29620020997207946,214,7.5,0,0.0,,,HPA-fast-r0,storm,306
50.0,0.6863517231245897,0.0,92.15,76.0,0.075,0.0001318610433947428,188,13.75,0,0.0,,,HPA-fast-r0,storm,307
5.0,0.006964406707143933,0.0,82.45,101.0,0.075,0.9331781169811891,164,1.25,0,0.0,,,HPA-fast-r0,storm,308
0.0,0.0,0.0,89.86527777777778,77.0,0.075,1.0,182,0.0,0,0.0,,,HPA-fast-r0,storm,309
30.0,0.061053675433964116,0.0,95.66388888888889,93.0,0.075,0.830621051717895,227,5.0,0,0.0,,,HPA-fast-r0,storm,310
0.0,0.009311975339476586,0.0,89.76944444444445,112.0,0.075,0.9798483509576515,230,0.0,0,0.0,,,HPA-fast-r0,storm,311
50.0,0.688772498902479,0.0,94.41666666666667,89.0,0.075,0.0002474445527326002,233,13.75,0,0.0,,,HPA-fast-r0,storm,312
5.0,0.01929060728509402,0.0,88.33194444444445,75.0,0.075,0.9082449666050656,179,2.5,0,0.0,,,HPA-fast-r0,storm,313
110.0,1.2389299866497394,0.0,84.48611111111111,78.0,0.075,0.025948873087698172,173,37.5,0,0.0,,,HPA-fast-r0,storm,314
10.0,0.17590295145075707,0.0,96.30972222222222,82.0,0.075,0.39239985927808446,194,5.0,0,0.0,,,HPA-fast-r0,storm,315
25.0,0.6104702176206955,0.0,90.55555555555556,86.0,0.075,0.20161511833511309,219,12.5,0,0.0,,,HPA-fast-r0,storm,316
0.0,0.01720285174404701,0.0,90.15833333333333,113.0,0.075,0.9603700302413622,239,0.0,0,0.0,,,HPA-fast-r0,storm,317
5.0,0.009744802903755012,0.0,95.01944444444445,77.0,0.075,0.9308924950448184,212,3.75,0,0.0,,,HPA-fast-r0,storm,318
15.0,0.30497135622578053,0.0,88.81388888888888,68.0,0.075,0.2829548878810276,169,7.5,0,0.0,,,HPA-fast-r0,storm,319
65.0,1.0870671858516978,0.0,85.6138888888889,103.0,0.075,0.0001318610433947428,202,21.25,0,0.0,,,HPA-fast-r0,storm,320
30.0,0.31886368210948257,0.0,96.26805555555555,83.0,0.075,0.06148698864484087,201,15.0,0,0.0,,,HPA-fast-r0,storm,321
75.0,0.8332228592612179,0.0,93.61944444444444,97.0,0.075,0.0001318610433947428,210,27.5,0,0.0,,,HPA-fast-r0,storm,322
10.0,0.01401680167223418,0.0,86.9875,77.0,0.075,0.8942897078125873,188,5.0,0,0.0,,,HPA-fast-r0,storm,323
0.0,0.0016827246458239742,0.0,91.34166666666667,79.0,0.075,0.9936749820146229,201,0.0,0,0.0,,,HPA-fast-r0,storm,324
15.0,0.1612660476927097,0.0,87.62361111111112,66.0,0.075,0.47331267024690854,165,7.5,0,0.0,,,HPA-fast-r0,storm,325
40.0,0.3188432346888703,0.0,85.24861111111112,100.0,0.075,0.010266265891449392,180,22.5,0,0.0,,,HPA-fast-r0,storm,326
20.0,0.5203341922886962,0.0,89.40277777777777,73.0,0.075,0.1831628434798718,173,10.0,0,0.0,,,HPA-fast-r0,storm,327
15.0,0.08757599219820777,0.0,90.80416666666666,92.0,0.075,0.829753951093436,195,7.5,0,0.0,,,HPA-fast-r0,storm,328
15.0,0.043828940499368585,0.0,89.63055555555556,106.0,0.075,0.8742422438472074,229,7.5,0,0.0,,,HPA-fast-r0,storm,329
0.0,0.0,0.0,91.66111111111111,77.0,0.075,1.0,220,0.0,0,0.0,,,HPA-fast-r0,storm,330
10.0,0.032226786610756175,0.0,91.60694444444445,74.0,0.075,0.876187473391622,166,3.75,0,0.0,,,HPA-fast-r0,storm,331
100.0,0.8158474343146427,0.0,84.68888888888888,81.0,0.075,0.029627304158174814,179,36.25,0,0.0,,,HPA-fast-r0,storm,332
15.0,0.15156963991500572,0.0,92.70833333333333,77.0,0.075,0.6294609862565348,185,10.0,0,0.0,,,HPA-fast-r0,storm,333
0.0,0.0035896366802568025,0.0,89.89444444444445,99.0,0.075,0.9786118388317111,210,0.0,0,0.0,,,HPA-fast-r0,storm,334
50.0,0.522351510022212,0.0,90.72083333333333,109.0,0.075,0.051650257811919516,226,12.5,0,0.0,,,HPA-fast-r0,storm,335
5.0,0.040436123174569794,0.0,91.68888888888888,85.0,0.075,0.8628161585984142,231,2.5,0,0.0,,,HPA-fast-r0,storm,336
25.0,0.1966895321197315,0.0,88.84166666666667,74.0,0.075,0.06919276136502746,165,7.5,0,0.0,,,HPA-fast-r0,storm,337
35.0,1.4073982464892665,0.0,83.1875,98.0,0.075,0.027415177856264215,172,17.5,0,0.0,,,HPA-fast-r0,storm,338
20.0,0.37114064378227507,0.0,91.11527777777778,68.0,0.075,0.023426552703307447,188,5.0,0,0.0,,,HPA-fast-r0,storm,339
0.0,0.0,0.0,116.93472222222222,100.0,0.075,1.0,110,0.0,0,0.0,,,HPA-45-r0,storm,300
0.0,0.0,0.0,116.70138888888889,85.0,0.075,1.0,99,0.0,0,0.0,,,HPA-45-r0,storm,301
10.0,0.054240174951281084,0.0,116.11527777777778,117.0,0.075,0.8973209855682123,134,5.0,0,0.0,,,HPA-45-r0,storm,302
0.0,0.0,0.0,113.51805555555555,82.0,0.075,1.0,81,0.0,0,0.0,,,HPA-45-r0,storm,303
0.0,0.0,0.0,117.00277777777778,109.0,0.075,1.0,132,0.0,0,0.0,,,HPA-45-r0,storm,304
60.0,2.7809508321984144,0.0,123.46111111111111,120.0,0.075,0.0003808669903748519,107,26.25,0,0.0,,,HPA-45-r0,storm,305
5.0,0.01468208170326557,0.0,117.84861111111111,105.0,0.075,0.9354850849378029,117,2.5,0,0.0,,,HPA-45-r0,storm,306
0.0,0.0,0.0,120.78194444444445,94.0,0.075,1.0,119,0.0,0,0.0,,,HPA-45-r0,storm,307
5.0,0.006964406707143933,0.0,117.38333333333334,120.0,0.075,0.9331781169811891,153,1.25,0,0.0,,,HPA-45-r0,storm,308
0.0,0.0,0.0,112.50833333333334,79.0,0.075,1.0,81,0.0,0,0.0,,,HPA-45-r0,storm,309
0.0,0.0,0.0,121.62083333333334,108.0,0.075,1.0,105,0.0,0,0.0,,,HPA-45-r0,storm,310
0.0,0.0,0.0,119.8236111111111,120.0,0.075,1.0,134,0.0,0,0.0,,,HPA-45-r0,storm,311
0.0,0.0,0.0,121.37222222222222,103.0,0.075,1.0,111,0.0,0,0.0,,,HPA-45-r0,storm,312
0.0,0.0,0.0,115.39166666666667,85.0,0.075,1.0,105,0.0,0,0.0,,,HPA-45-r0,storm,313
25.0,0.34894595724737076,0.0,118.85277777777777,104.0,0.075,0.03309760920056494,115,6.25,0,0.0,,,HPA-45-r0,storm,314
0.0,0.0,0.0,124.38194444444444,99.0,0.075,1.0,124,0.0,0,0.0,,,HPA-45-r0,storm,315
5.0,0.01662895222875882,0.0,118.27777777777777,111.0,0.075,0.9449408501869132,137,2.5,0,0.0,,,HPA-45-r0,storm,316
0.0,0.0,0.0,121.46805555555555,120.0,0.075,1.0,141,0.0,0,0.0,,,HPA-45-r0,storm,317
0.0,0.0,0.0,118.27083333333333,88.0,0.075,1.0,113,0.0,0,0.0,,,HPA-45-r0,storm,318
0.0,0.0,0.0,117.9625,95.0,0.075,1.0,123,0.0,0,0.0,,,HPA-45-r0,storm,319
0.0,0.012594256662434855,0.0,119.44027777777778,120.0,0.075,0.9590822949671964,149,0.0,0,0.0,,,HPA-45-r0,storm,320
0.0,0.0,0.0,126.16805555555555,100.0,0.075,1.0,128,0.0,0,0.0,,,HPA-45-r0,storm,321
0.0,0.004271303514891134,0.0,120.42361111111111,111.0,0.075,0.9703302267405828,122,0.0,0,0.0,,,HPA-45-r0,storm,322
0.0,0.02324484041222874,0.0,116.1986111111111,98.0,0.075,0.9514973041173665,127,0.0,0,0.0,,,HPA-45-r0,storm,323
0.0,0.004512581520166314,0.0,113.3875,86.0,0.075,0.9830381284625226,100,0.0,0,0.0,,,HPA-45-r0,storm,324
5.0,0.012671710958356286,0.0,115.77361111111111,92.0,0.075,0.941217415824952,129,2.5,0,0.0,,,HPA-45-r0,storm,325
0.0,0.0,0.0,119.19722222222222,120.0,0.075,1.0,137,0.0,0,0.0,,,HPA-45-r0,storm,326
0.0,0.00253171137162278,0.0,112.49444444444444,84.0,0.075,0.9894186410834291,98,0.0,0,0.0,,,HPA-45-r0,storm,327
0.0,0.0,0.0,119.725,110.0,0.075,1.0,125,0.0,0,0.0,,,HPA-45-r0,storm,328
0.0,0.0,0.0,120.97361111111111,120.0,0.075,1.0,133,0.0,0,0.0,,,HPA-45-r0,storm,329
0.0,0.0010883115448390157,0.0,121.14027777777778,96.0,0.075,0.9955594992257809,119,0.0,0,0.0,,,HPA-45-r0,storm,330
0.0,0.0,0.0,116.56944444444444,83.0,0.075,1.0,109,0.0,0,0.0,,,HPA-45-r0,storm,331
15.0,0.06204940412376514,0.0,119.01805555555555,103.0,0.075,0.7479536348378456,125,3.75,0,0.0,,,HPA-45-r0,storm,332
0.0,0.0,0.0,117.90833333333333,93.0,0.075,1.0,94,0.0,0,0.0,,,HPA-45-r0,storm,333
0.0,0.0,0.0,110.84583333333333,105.0,0.075,1.0,116,0.0,0,0.0,,,HPA-45-r0,storm,334
0.0,0.00172558642062004,0.0,124.90277777777777,120.0,0.075,0.9924101734041336,117,0.0,0,0.0,,,HPA-45-r0,storm,335
0.0,0.0,0.0,117.48611111111111,104.0,0.075,1.0,113,0.0,0,0.0,,,HPA-45-r0,storm,336
0.0,0.0,0.0,114.575,88.0,0.075,1.0,107,0.0,0,0.0,,,HPA-45-r0,storm,337
0.0,0.0,0.0,118.925,120.0,0.075,1.0,139,0.0,0,0.0,,,HPA-45-r0,storm,338
20.0,0.37114064378227507,0.0,114.43888888888888,89.0,0.075,0.023426552703307447,96,5.0,0,0.0,,,HPA-45-r0,storm,339
0.0,0.0,0.0,148.09722222222223,120.0,0.075,1.0,124,0.0,0,0.0,,,PredHPA-r0,storm,300
0.0,0.0,0.0,138.76111111111112,102.0,0.075,1.0,110,0.0,0,0.0,,,PredHPA-r0,storm,301
0.0,0.0,0.0,125.80277777777778,120.0,0.075,1.0,138,0.0,0,0.0,,,PredHPA-r0,storm,302
0.0,0.0,0.0,144.77777777777777,112.0,0.075,1.0,102,0.0,0,0.0,,,PredHPA-r0,storm,303
0.0,0.0,0.0,153.95138888888889,120.0,0.075,1.0,143,0.0,0,0.0,,,PredHPA-r0,storm,304
10.0,0.1451791679169645,0.0,142.65833333333333,120.0,0.075,0.7687046084296288,155,5.0,0,0.0,,,PredHPA-r0,storm,305
0.0,0.0,0.0,150.65694444444443,120.0,0.075,1.0,119,0.0,0,0.0,,,PredHPA-r0,storm,306
0.0,0.0,0.0,138.30138888888888,100.0,0.075,1.0,112,0.0,0,0.0,,,PredHPA-r0,storm,307
0.0,0.0,0.0,124.50694444444444,120.0,0.075,1.0,123,0.0,0,0.0,,,PredHPA-r0,storm,308
0.0,0.0,0.0,144.0125,97.0,0.075,1.0,86,0.0,0,0.0,,,PredHPA-r0,storm,309
5.0,0.00980125072806981,0.0,150.51388888888889,120.0,0.075,0.9384101654610802,132,1.25,0,0.0,,,PredHPA-r0,storm,310
0.0,0.0,0.0,140.18472222222223,120.0,0.075,1.0,158,0.0,0,0.0,,,PredHPA-r0,storm,311
0.0,0.0,0.0,148.79166666666666,120.0,0.075,1.0,122,0.0,0,0.0,,,PredHPA-r0,storm,312
0.0,0.0,0.0,135.19166666666666,103.0,0.075,1.0,122,0.0,0,0.0,,,PredHPA-r0,storm,313
0.0,0.0,0.0,132.80416666666667,105.0,0.075,1.0,125,0.0,0,0.0,,,PredHPA-r0,storm,314
0.0,0.0,0.0,144.39166666666668,117.0,0.075,1.0,102,0.0,0,0.0,,,PredHPA-r0,storm,315
0.0,0.0,0.0,151.84583333333333,120.0,0.075,1.0,144,0.0,0,0.0,,,PredHPA-r0,storm,316
0.0,0.0,0.0,142.025,120.0,0.075,1.0,159,0.0,0,0.0,,,PredHPA-r0,storm,317
0.0,0.0,0.0,147.38055555555556,120.0,0.075,1.0,155,0.0,0,0.0,,,PredHPA-r0,storm,318
0.0,0.0,0.0,140.76388888888889,116.0,0.075,1.0,125,0.0,0,0.0,,,PredHPA-r0,storm,319
0.0,0.0,0.0,128.025,120.0,0.075,1.0,148,0.0,0,0.0,,,PredHPA-r0,storm,320
0.0,0.0,0.0,147.84305555555557,120.0,0.075,1.0,83,0.0,0,0.0,,,PredHPA-r0,storm,321
0.0,0.0,0.0,148.59722222222223,120.0,0.075,1.0,153,0.0,0,0.0,,,PredHPA-r0,storm,322
0.0,0.0,0.0,142.89305555555555,120.0,0.075,1.0,145,0.0,0,0.0,,,PredHPA-r0,storm,323
0.0,0.0,0.0,143.80972222222223,120.0,0.075,1.0,131,0.0,0,0.0,,,PredHPA-r0,storm,324
0.0,0.0,0.0,137.89583333333334,113.0,0.075,1.0,122,0.0,0,0.0,,,PredHPA-r0,storm,325
0.0,0.0,0.0,127.95,120.0,0.075,1.0,127,0.0,0,0.0,,,PredHPA-r0,storm,326
0.0,0.0,0.0,139.31805555555556,103.0,0.075,1.0,94,0.0,0,0.0,,,PredHPA-r0,storm,327
0.0,0.0,0.0,148.38055555555556,120.0,0.075,1.0,151,0.0,0,0.0,,,PredHPA-r0,storm,328
0.0,0.0,0.0,145.29166666666666,120.0,0.075,1.0,173,0.0,0,0.0,,,PredHPA-r0,storm,329
0.0,0.0,0.0,154.24027777777778,120.0,0.075,1.0,140,0.0,0,0.0,,,PredHPA-r0,storm,330
0.0,0.0,0.0,139.1888888888889,103.0,0.075,1.0,112,0.0,0,0.0,,,PredHPA-r0,storm,331
0.0,0.0,0.0,129.54166666666666,102.0,0.075,1.0,135,0.0,0,0.0,,,PredHPA-r0,storm,332
0.0,0.0,0.0,142.575,116.0,0.075,1.0,83,0.0,0,0.0,,,PredHPA-r0,storm,333
0.0,0.0,0.0,141.90694444444443,120.0,0.075,1.0,153,0.0,0,0.0,,,PredHPA-r0,storm,334
0.0,0.0,0.0,144.725,120.0,0.075,1.0,156,0.0,0,0.0,,,PredHPA-r0,storm,335
0.0,0.0,0.0,148.94027777777777,120.0,0.075,1.0,116,0.0,0,0.0,,,PredHPA-r0,storm,336
0.0,0.0,0.0,136.51527777777778,102.0,0.075,1.0,111,0.0,0,0.0,,,PredHPA-r0,storm,337
0.0,0.0,0.0,126.55555555555556,120.0,0.075,1.0,148,0.0,0,0.0,,,PredHPA-r0,storm,338
0.0,0.0,0.0,142.78194444444443,110.0,0.075,1.0,92,0.0,0,0.0,,,PredHPA-r0,storm,339
0.0,0.0,0.0,148.1013888888889,120.0,0.075,1.0,124,0.0,0,0.0,,,PredHPA-r1,storm,300
0.0,0.0,0.0,138.76111111111112,102.0,0.075,1.0,110,0.0,0,0.0,,,PredHPA-r1,storm,301
0.0,0.0,0.0,125.80277777777778,120.0,0.075,1.0,138,0.0,0,0.0,,,PredHPA-r1,storm,302
0.0,0.0,0.0,144.77777777777777,112.0,0.075,1.0,102,0.0,0,0.0,,,PredHPA-r1,storm,303
0.0,0.0,0.0,153.95138888888889,120.0,0.075,1.0,143,0.0,0,0.0,,,PredHPA-r1,storm,304
30.0,0.3475555361472593,0.0,142.69166666666666,120.0,0.075,0.7687046084296288,150,15.0,0,0.0,,,PredHPA-r1,storm,305
0.0,0.0,0.0,150.65694444444443,120.0,0.075,1.0,119,0.0,0,0.0,,,PredHPA-r1,storm,306
0.0,0.0,0.0,138.30138888888888,100.0,0.075,1.0,113,0.0,0,0.0,,,PredHPA-r1,storm,307
0.0,0.0,0.0,124.50694444444444,120.0,0.075,1.0,123,0.0,0,0.0,,,PredHPA-r1,storm,308
0.0,0.0,0.0,144.0125,97.0,0.075,1.0,86,0.0,0,0.0,,,PredHPA-r1,storm,309
5.0,0.00980125072806981,0.0,150.30555555555554,120.0,0.075,0.9384101654610802,128,1.25,0,0.0,,,PredHPA-r1,storm,310
0.0,0.0,0.0,140.18472222222223,120.0,0.075,1.0,158,0.0,0,0.0,,,PredHPA-r1,storm,311
0.0,0.0,0.0,151.7375,120.0,0.075,1.0,136,0.0,0,0.0,,,PredHPA-r1,storm,312
0.0,0.0,0.0,134.61805555555554,103.0,0.075,1.0,120,0.0,0,0.0,,,PredHPA-r1,storm,313
0.0,0.0,0.0,132.80416666666667,105.0,0.075,1.0,125,0.0,0,0.0,,,PredHPA-r1,storm,314
0.0,0.0,0.0,144.39166666666668,117.0,0.075,1.0,102,0.0,0,0.0,,,PredHPA-r1,storm,315
0.0,0.0,0.0,151.84583333333333,120.0,0.075,1.0,144,0.0,0,0.0,,,PredHPA-r1,storm,316
0.0,0.0,0.0,142.025,120.0,0.075,1.0,159,0.0,0,0.0,,,PredHPA-r1,storm,317
0.0,0.0,0.0,147.38055555555556,120.0,0.075,1.0,155,0.0,0,0.0,,,PredHPA-r1,storm,318
0.0,0.0,0.0,140.76388888888889,116.0,0.075,1.0,125,0.0,0,0.0,,,PredHPA-r1,storm,319
0.0,0.0,0.0,128.025,120.0,0.075,1.0,148,0.0,0,0.0,,,PredHPA-r1,storm,320
0.0,0.0,0.0,147.84305555555557,120.0,0.075,1.0,83,0.0,0,0.0,,,PredHPA-r1,storm,321
0.0,0.0,0.0,148.59722222222223,120.0,0.075,1.0,153,0.0,0,0.0,,,PredHPA-r1,storm,322
0.0,0.0,0.0,142.89305555555555,120.0,0.075,1.0,145,0.0,0,0.0,,,PredHPA-r1,storm,323
0.0,0.0,0.0,143.80972222222223,120.0,0.075,1.0,131,0.0,0,0.0,,,PredHPA-r1,storm,324
0.0,0.0,0.0,136.7277777777778,114.0,0.075,1.0,120,0.0,0,0.0,,,PredHPA-r1,storm,325
0.0,0.0,0.0,127.95,120.0,0.075,1.0,127,0.0,0,0.0,,,PredHPA-r1,storm,326
0.0,0.0,0.0,139.31805555555556,103.0,0.075,1.0,94,0.0,0,0.0,,,PredHPA-r1,storm,327
0.0,0.0,0.0,148.38055555555556,120.0,0.075,1.0,151,0.0,0,0.0,,,PredHPA-r1,storm,328
0.0,0.0,0.0,145.29166666666666,120.0,0.075,1.0,173,0.0,0,0.0,,,PredHPA-r1,storm,329
0.0,0.0,0.0,154.24027777777778,120.0,0.075,1.0,140,0.0,0,0.0,,,PredHPA-r1,storm,330
0.0,0.0,0.0,139.1888888888889,103.0,0.075,1.0,112,0.0,0,0.0,,,PredHPA-r1,storm,331
0.0,0.0,0.0,129.54166666666666,102.0,0.075,1.0,135,0.0,0,0.0,,,PredHPA-r1,storm,332
0.0,0.0,0.0,142.575,116.0,0.075,1.0,83,0.0,0,0.0,,,PredHPA-r1,storm,333
0.0,0.0,0.0,141.90694444444443,120.0,0.075,1.0,153,0.0,0,0.0,,,PredHPA-r1,storm,334
0.0,0.0,0.0,145.11388888888888,120.0,0.075,1.0,158,0.0,0,0.0,,,PredHPA-r1,storm,335
0.0,0.0,0.0,148.94027777777777,120.0,0.075,1.0,116,0.0,0,0.0,,,PredHPA-r1,storm,336
0.0,0.0,0.0,136.51527777777778,102.0,0.075,1.0,111,0.0,0,0.0,,,PredHPA-r1,storm,337
0.0,0.0,0.0,126.55555555555556,120.0,0.075,1.0,148,0.0,0,0.0,,,PredHPA-r1,storm,338
0.0,0.0,0.0,142.78194444444443,110.0,0.075,1.0,92,0.0,0,0.0,,,PredHPA-r1,storm,339
0.0,0.2680004861215002,0.26800048612148764,118.2,120.0,0.075,0.9699999999999999,911,0.0,9,0.0,5.0,,ARC,storm,300
5.0,0.3219157183468102,0.3043804630040494,108.37222222222222,116.0,0.075,0.899661338697283,834,2.5,10,0.0,10.0,,ARC,storm,301
0.0,0.1108162668812418,0.11081626688124037,100.49444444444444,120.0,0.075,0.9699999999999999,671,0.0,10,0.0,10.0,,ARC,storm,302
25.0,0.718080384644193,0.2536520514063727,114.44583333333334,120.0,0.075,0.0046859953661469575,858,6.25,11,0.0,10.0,,ARC,storm,303
25.0,0.6661829708377143,0.27884003891995823,121.99166666666666,120.0,0.075,0.10173877175645178,897,8.75,10,0.0,5.0,,ARC,storm,304
25.0,0.6911420384823397,0.27597034693227085,110.78611111111111,120.0,0.075,0.012401812088205925,886,7.5,10,0.0,10.0,,ARC,storm,305
10.0,0.30782936236534164,0.26859816233488365,111.3125,120.0,0.075,0.8836419461528144,937,5.0,10,0.0,5.0,,ARC,storm,306
45.0,0.9791136146806934,0.2865401317152707,107.00277777777778,115.0,0.075,0.0001318610433947428,842,11.25,10,10.0,10.0,,ARC,storm,307
5.0,0.12580402071915575,0.11883961401200883,99.72083333333333,120.0,0.075,0.9331781169811891,677,1.25,10,0.0,5.0,,ARC,storm,308
15.0,0.6866578159982262,0.2504942481036536,109.94027777777778,110.0,0.075,0.011671676729131998,846,3.75,11,0.0,5.0,,ARC,storm,309
50.0,0.5537347735039333,0.19686008310715888,111.40277777777777,120.0,0.075,0.0400845367321694,858,11.25,10,0.0,5.0,,ARC,storm,310
0.0,0.26201007125025155,0.2620100712502521,112.94027777777778,120.0,0.075,0.9699999999999999,961,0.0,9,0.0,20.0,,ARC,storm,311
5.0,0.2651260573135028,0.254421181948461,113.09027777777777,120.0,0.075,0.928690204759194,897,2.5,9,0.0,10.0,,ARC,storm,312
0.0,0.297716277416471,0.2977162774164857,102.5111111111111,109.0,0.075,0.9699999999999999,801,0.0,10,0.0,5.0,,ARC,storm,313
45.0,0.6465096721926744,0.17113749258636038,93.47222222222223,114.0,0.075,0.0044024308836880174,659,21.25,9,0.0,5.0,,ARC,storm,314
10.0,0.5121057945304153,0.30871276103372675,124.05694444444444,120.0,0.075,0.063331207324852,850,2.5,10,0.0,10.0,,ARC,storm,315
30.0,0.5928287456300807,0.2883650503924149,118.44583333333334,120.0,0.075,0.08654893024100493,920,11.25,10,0.0,5.0,,ARC,storm,316
5.0,0.28887891412859856,0.26821620513624506,106.4263888888889,120.0,0.075,0.9068019990583451,926,2.5,9,0.0,15.0,,ARC,storm,317
0.0,0.285878773429038,0.28587877342904233,120.1763888888889,120.0,0.075,0.9699999999999999,955,0.0,10,0.0,10.0,,ARC,storm,318
0.0,0.2955967611615984,0.29559676116157957,110.03055555555555,120.0,0.075,0.9699999999999999,885,0.0,10,0.0,10.0,,ARC,storm,319
35.0,0.5563832192269857,0.12841961003481353,96.0513888888889,120.0,0.075,0.030277762546460658,701,18.75,10,0.0,5.0,,ARC,storm,320
0.0,0.3120704258110618,0.3094705830851519,122.00694444444444,120.0,0.075,0.9699999999999999,824,0.0,10,0.0,10.0,,ARC,storm,321
10.0,0.27253204763442174,0.2520076045883132,113.3638888888889,120.0,0.075,0.9063117351574477,819,3.75,10,0.0,5.0,,ARC,storm,322
0.0,0.2558121939584379,0.2558121939584311,113.08472222222223,120.0,0.075,0.9699999999999999,914,0.0,10,0.0,5.0,,ARC,storm,323
0.0,0.2751507165485223,0.27515071654853435,119.32916666666667,120.0,0.075,0.9699999999999999,958,0.0,10,0.0,5.0,,ARC,storm,324
0.0,0.2914864913173054,0.29148649131730586,104.68472222222222,118.0,0.075,0.9699999999999999,873,0.0,10,0.0,15.0,,ARC,storm,325
0.0,0.11759273375759882,0.11759273375759567,99.93611111111112,120.0,0.075,0.9699999999999999,694,0.0,10,0.0,5.0,,ARC,storm,326
15.0,0.6532301478721636,0.2468438980999349,119.75138888888888,120.0,0.075,0.02794686372266462,867,3.75,10,0.0,5.0,,ARC,storm,327
15.0,0.30191545670528175,0.2019740849285373,113.06111111111112,120.0,0.075,0.4821217726192107,890,3.75,10,0.0,5.0,,ARC,storm,328
0.0,0.2781795115770702,0.27817951157708265,114.07916666666667,120.0,0.075,0.9699999999999999,887,0.0,9,0.0,5.0,,ARC,storm,329
0.0,0.30250704378895765,0.3025070437889673,117.99166666666666,120.0,0.075,0.9699999999999999,1003,0.0,10,0.0,10.0,,ARC,storm,330
0.0,0.28867280061246614,0.2886728006124699,104.94444444444444,116.0,0.075,0.9699999999999999,857,0.0,10,0.0,5.0,,ARC,storm,331
0.0,0.16725444541059176,0.1672544454105986,97.90416666666667,117.0,0.075,0.9699999999999999,605,0.0,9,0.0,5.0,,ARC,storm,332
0.0,0.31472413802633437,0.3147241380263506,120.74583333333334,120.0,0.075,0.9699999999999999,872,0.0,10,0.0,5.0,,ARC,storm,333
35.0,0.4529555149177078,0.2115126752559191,110.70833333333333,120.0,0.075,0.2380213165444936,822,10.0,10,0.0,10.0,,ARC,storm,334
25.0,0.5701648198406906,0.25659704016869056,116.15833333333333,120.0,0.075,0.051650257811919516,971,6.25,10,0.0,15.0,,ARC,storm,335
25.0,0.8003602904518736,0.24383136457926832,116.73055555555555,120.0,0.075,0.03335966234367052,926,12.5,9,0.0,10.0,,ARC,storm,336
0.0,0.30393012935129304,0.30254436519446837,109.22361111111111,120.0,0.075,0.9699999999999999,844,0.0,10,0.0,5.0,,ARC,storm,337
0.0,0.14810143546073462,0.1481014354607504,94.69444444444444,120.0,0.075,0.9699999999999999,626,0.0,10,0.0,5.0,,ARC,storm,338
25.0,0.7799331181791214,0.2891449531728378,109.46805555555555,118.0,0.075,0.00023606289823218057,828,6.25,11,0.0,10.0,,ARC,storm,339
0.0,0.2659713327189728,0.26597133271896384,116.37222222222222,120.0,0.075,0.9699999999999999,897,0.0,9,0.0,5.0,,ARC-r0,storm,300
5.0,0.3219157183468102,0.3043804630040494,108.37222222222222,116.0,0.075,0.899661338697283,834,2.5,10,0.0,10.0,,ARC-r0,storm,301
0.0,0.1108162668812418,0.11081626688124037,100.49444444444444,120.0,0.075,0.9699999999999999,671,0.0,10,0.0,10.0,,ARC-r0,storm,302
20.0,0.6771020533839045,0.2536520514063727,114.4125,120.0,0.075,0.013125509346343324,858,5.0,11,0.0,10.0,,ARC-r0,storm,303
15.0,0.4819324188164442,0.27884003891995823,123.10555555555555,120.0,0.075,0.3810274139097872,915,6.25,10,0.0,5.0,,ARC-r0,storm,304
20.0,0.5143902399867062,0.2793131977302341,110.69722222222222,120.0,0.075,0.275600130830298,890,6.25,10,0.0,5.0,,ARC-r0,storm,305
5.0,0.29300980604441973,0.26859816233488365,111.3125,120.0,0.075,0.8836419461528144,936,2.5,10,0.0,5.0,,ARC-r0,storm,306
45.0,0.9292450006608055,0.2865401317152707,107.09444444444445,115.0,0.075,0.0002590028945743073,838,11.25,10,10.0,10.0,,ARC-r0,storm,307
5.0,0.12580402071915575,0.11883961401200883,99.72083333333333,120.0,0.075,0.9331781169811891,677,1.25,10,0.0,5.0,,ARC-r0,storm,308
15.0,0.6618834445763722,0.2504942481036536,110.175,110.0,0.075,0.022306602093953572,862,3.75,11,0.0,5.0,,ARC-r0,storm,309
45.0,0.5216370612468713,0.19686008310715888,111.40416666666667,120.0,0.075,0.0400845367321694,857,10.0,10,0.0,5.0,,ARC-r0,storm,310
0.0,0.26201007125025155,0.2620100712502521,112.94027777777778,120.0,0.075,0.9699999999999999,961,0.0,9,0.0,20.0,,ARC-r0,storm,311
5.0,0.2651260573135028,0.254421181948461,113.09027777777777,120.0,0.075,0.928690204759194,897,2.5,9,0.0,10.0,,ARC-r0,storm,312
0.0,0.297716277416471,0.2977162774164857,102.5111111111111,109.0,0.075,0.9699999999999999,801,0.0,10,0.0,5.0,,ARC-r0,storm,313
30.0,0.371730155788097,0.17113749258636038,93.68333333333334,114.0,0.075,0.1539895985876052,646,17.5,9,0.0,5.0,,ARC-r0,storm,314
10.0,0.4636159841601817,0.30871276103372675,124.05416666666666,120.0,0.075,0.30960243635376083,850,2.5,10,0.0,10.0,,ARC-r0,storm,315
25.0,0.506312160550404,0.2883650503924149,118.62361111111112,120.0,0.075,0.30938520404585745,926,10.0,10,0.0,5.0,,ARC-r0,storm,316
5.0,0.28887891412859856,0.26821620513624506,106.4263888888889,120.0,0.075,0.9068019990583451,926,2.5,9,0.0,15.0,,ARC-r0,storm,317
0.0,0.28442335960111587,0.2844233596011174,119.47638888888889,120.0,0.075,0.9699999999999999,926,0.0,10,0.0,15.0,,ARC-r0,storm,318
0.0,0.2955967611615984,0.29559676116157957,110.03055555555555,120.0,0.075,0.9699999999999999,885,0.0,10,0.0,10.0,,ARC-r0,storm,319
20.0,0.29434057473290975,0.12841961003481353,96.0513888888889,120.0,0.075,0.21304163481176747,703,10.0,10,0.0,5.0,,ARC-r0,storm,320
0.0,0.3120704258110618,0.3094705830851519,122.00694444444444,120.0,0.075,0.9699999999999999,824,0.0,10,0.0,10.0,,ARC-r0,storm,321
5.0,0.26611431410156206,0.2520076045883132,113.3638888888889,120.0,0.075,0.9105074313837636,819,2.5,10,0.0,5.0,,ARC-r0,storm,322
0.0,0.2558121939584379,0.2558121939584311,113.08472222222223,120.0,0.075,0.9699999999999999,914,0.0,10,0.0,5.0,,ARC-r0,storm,323
0.0,0.2751507165485223,0.27515071654853435,119.21527777777777,120.0,0.075,0.9699999999999999,956,0.0,10,0.0,5.0,,ARC-r0,storm,324
0.0,0.2914864913173054,0.29148649131730586,104.68472222222222,118.0,0.075,0.9699999999999999,873,0.0,10,0.0,15.0,,ARC-r0,storm,325
0.0,0.11759273375759882,0.11759273375759567,99.93611111111112,120.0,0.075,0.9699999999999999,694,0.0,10,0.0,5.0,,ARC-r0,storm,326
15.0,0.6117813202294764,0.2468438980999349,119.71527777777777,120.0,0.075,0.052204202366769696,865,3.75,10,0.0,5.0,,ARC-r0,storm,327
10.0,0.2747355202348478,0.20526066439421564,112.3625,120.0,0.075,0.6576469358934502,887,2.5,10,0.0,5.0,,ARC-r0,storm,328
0.0,0.2776248614163368,0.2776248614163477,114.57916666666667,120.0,0.075,0.9699999999999999,894,0.0,9,0.0,10.0,,ARC-r0,storm,329
0.0,0.30250704378895765,0.3025070437889673,117.99166666666666,120.0,0.075,0.9699999999999999,1003,0.0,10,0.0,10.0,,ARC-r0,storm,330
0.0,0.28867280061246614,0.2886728006124699,104.94444444444444,116.0,0.075,0.9699999999999999,857,0.0,10,0.0,5.0,,ARC-r0,storm,331
0.0,0.16725444541059176,0.1672544454105986,97.90416666666667,117.0,0.075,0.9699999999999999,605,0.0,9,0.0,5.0,,ARC-r0,storm,332
0.0,0.31472413802633437,0.3147241380263506,120.74583333333334,120.0,0.075,0.9699999999999999,872,0.0,10,0.0,5.0,,ARC-r0,storm,333
20.0,0.40088665238148247,0.2115126752559191,107.98194444444445,120.0,0.075,0.2380213165444936,835,5.0,10,0.0,10.0,,ARC-r0,storm,334
25.0,0.5701648198406906,0.25659704016869056,116.15833333333333,120.0,0.075,0.051650257811919516,971,6.25,10,0.0,15.0,,ARC-r0,storm,335
20.0,0.37796624741589513,0.24383136457926832,114.72222222222223,120.0,0.075,0.6102711056561535,914,10.0,9,0.0,10.0,,ARC-r0,storm,336
0.0,0.30393012935129304,0.30254436519446837,109.22361111111111,120.0,0.075,0.9699999999999999,844,0.0,10,0.0,5.0,,ARC-r0,storm,337
0.0,0.14810143546073462,0.1481014354607504,94.69444444444444,120.0,0.075,0.9699999999999999,626,0.0,10,0.0,5.0,,ARC-r0,storm,338
20.0,0.6629202489861874,0.29156375443039256,109.05833333333334,118.0,0.075,0.024745692503124823,824,5.0,11,0.0,10.0,,ARC-r0,storm,339
0.0,0.2680004861215002,0.26800048612148764,118.2,120.0,0.075,0.9699999999999999,911,0.0,9,0.0,5.0,,ARC-r1,storm,300
5.0,0.3219157183468102,0.3043804630040494,108.37222222222222,116.0,0.075,0.899661338697283,834,2.5,10,0.0,10.0,,ARC-r1,storm,301
0.0,0.1108162668812418,0.11081626688124037,100.49444444444444,120.0,0.075,0.9699999999999999,671,0.0,10,0.0,10.0,,ARC-r1,storm,302
25.0,0.7153218412735529,0.2536520514063727,114.44583333333334,120.0,0.075,0.00523958075044524,858,6.25,11,0.0,10.0,,ARC-r1,storm,303
25.0,0.7587072801522599,0.27884003891995823,121.99027777777778,120.0,0.075,0.06007292587385624,897,8.75,10,0.0,5.0,,ARC-r1,storm,304
25.0,0.6871168159106045,0.27597034693227085,110.78611111111111,120.0,0.075,0.01293948127088145,886,7.5,10,0.0,10.0,,ARC-r1,storm,305
10.0,0.3054850436930101,0.26859816233488365,111.3125,120.0,0.075,0.8836419461528144,937,5.0,10,0.0,5.0,,ARC-r1,storm,306
45.0,0.9791136146806934,0.2865401317152707,107.00277777777778,115.0,0.075,0.0001318610433947428,842,11.25,10,10.0,10.0,,ARC-r1,storm,307
5.0,0.12580402071915575,0.11883961401200883,99.72083333333333,120.0,0.075,0.9331781169811891,677,1.25,10,0.0,5.0,,ARC-r1,storm,308
15.0,0.6852481606840932,0.2504942481036536,110.175,110.0,0.075,0.012257267466924607,862,3.75,11,0.0,5.0,,ARC-r1,storm,309
50.0,0.5536590802815988,0.19686008310715888,111.40277777777777,120.0,0.075,0.0400845367321694,858,11.25,10,0.0,5.0,,ARC-r1,storm,310
0.0,0.26201007125025155,0.2620100712502521,112.94027777777778,120.0,0.075,0.9699999999999999,961,0.0,9,0.0,20.0,,ARC-r1,storm,311
5.0,0.2651260573135028,0.254421181948461,113.09027777777777,120.0,0.075,0.928690204759194,897,2.5,9,0.0,10.0,,ARC-r1,storm,312
0.0,0.297716277416471,0.2977162774164857,102.5111111111111,109.0,0.075,0.9699999999999999,801,0.0,10,0.0,5.0,,ARC-r1,storm,313
45.0,0.6162316121542943,0.17113749258636038,93.47083333333333,114.0,0.075,0.005475730540448593,658,21.25,9,0.0,5.0,,ARC-r1,storm,314
10.0,0.5088547913683961,0.30871276103372675,124.05694444444444,120.0,0.075,0.07461770051191864,850,2.5,10,0.0,10.0,,ARC-r1,storm,315
30.0,0.5859874829869494,0.2883650503924149,118.44583333333334,120.0,0.075,0.09705703657112964,920,11.25,10,0.0,5.0,,ARC-r1,storm,316
5.0,0.28887891412859856,0.26821620513624506,106.4263888888889,120.0,0.075,0.9068019990583451,926,2.5,9,0.0,15.0,,ARC-r1,storm,317
0.0,0.285878773429038,0.28587877342904233,120.1763888888889,120.0,0.075,0.9699999999999999,955,0.0,10,0.0,10.0,,ARC-r1,storm,318
0.0,0.2955967611615984,0.29559676116157957,110.03055555555555,120.0,0.075,0.9699999999999999,885,0.0,10,0.0,10.0,,ARC-r1,storm,319
35.0,0.5859004460584072,0.12841961003481353,96.05833333333334,120.0,0.075,0.0400310086157743,700,18.75,10,0.0,5.0,,ARC-r1,storm,320
0.0,0.3120704258110618,0.3094705830851519,122.00694444444444,120.0,0.075,0.9699999999999999,824,0.0,10,0.0,10.0,,ARC-r1,storm,321
5.0,0.27161494669448727,0.2520076045883132,113.3638888888889,120.0,0.075,0.90633408350721,819,2.5,10,0.0,5.0,,ARC-r1,storm,322
0.0,0.2558121939584379,0.2558121939584311,113.08472222222223,120.0,0.075,0.9699999999999999,914,0.0,10,0.0,5.0,,ARC-r1,storm,323
0.0,0.2751507165485223,0.27515071654853435,119.32916666666667,120.0,0.075,0.9699999999999999,958,0.0,10,0.0,5.0,,ARC-r1,storm,324
0.0,0.2914864913173054,0.29148649131730586,104.68472222222222,118.0,0.075,0.9699999999999999,873,0.0,10,0.0,15.0,,ARC-r1,storm,325
0.0,0.11759273375759882,0.11759273375759567,99.93611111111112,120.0,0.075,0.9699999999999999,694,0.0,10,0.0,5.0,,ARC-r1,storm,326
15.0,0.6507287329578282,0.2468438980999349,119.75138888888888,120.0,0.075,0.029335565495690604,867,3.75,10,0.0,5.0,,ARC-r1,storm,327
15.0,0.30125205642469455,0.2019740849285373,113.06111111111112,120.0,0.075,0.48784569500840463,890,3.75,10,0.0,5.0,,ARC-r1,storm,328
0.0,0.2781795115770702,0.27817951157708265,114.07916666666667,120.0,0.075,0.9699999999999999,887,0.0,9,0.0,5.0,,ARC-r1,storm,329
0.0,0.30250704378895765,0.3025070437889673,117.99166666666666,120.0,0.075,0.9699999999999999,1003,0.0,10,0.0,10.0,,ARC-r1,storm,330
0.0,0.28867280061246614,0.2886728006124699,104.94444444444444,116.0,0.075,0.9699999999999999,857,0.0,10,0.0,5.0,,ARC-r1,storm,331
0.0,0.16725444541059176,0.1672544454105986,97.90416666666667,117.0,0.075,0.9699999999999999,605,0.0,9,0.0,5.0,,ARC-r1,storm,332
0.0,0.31472413802633437,0.3147241380263506,120.74583333333334,120.0,0.075,0.9699999999999999,872,0.0,10,0.0,5.0,,ARC-r1,storm,333
35.0,0.4539030634851837,0.2115126752559191,110.49027777777778,120.0,0.075,0.2380213165444936,834,10.0,10,0.0,10.0,,ARC-r1,storm,334
25.0,0.5701648198406906,0.25659704016869056,116.15833333333333,120.0,0.075,0.051650257811919516,971,6.25,10,0.0,15.0,,ARC-r1,storm,335
25.0,0.796141725420918,0.24383136457926832,116.73055555555555,120.0,0.075,0.035027729752611675,926,12.5,9,0.0,10.0,,ARC-r1,storm,336
0.0,0.30393012935129304,0.30254436519446837,109.22361111111111,120.0,0.075,0.9699999999999999,844,0.0,10,0.0,5.0,,ARC-r1,storm,337
0.0,0.14810143546073462,0.1481014354607504,94.69444444444444,120.0,0.075,0.9699999999999999,626,0.0,10,0.0,5.0,,ARC-r1,storm,338
25.0,0.7743436478082621,0.29156375443039256,109.06527777777778,118.0,0.075,0.00032080990573260374,822,6.25,11,0.0,10.0,,ARC-r1,storm,339
