slo_viol_s,loss_pct,shed_pct,replica_hours,peak_pods,p95_lat_s,min_avail,scale_actions,mttr_s,n_chaos,chaos_harm_s,attack_det_delay_s,poison_f1,controller,scenario,seed
0.0,0.0,0.0,88.8013888888889,56.0,0.075,1.0,46,0.0,0,0.0,,,HPA-45-r1,baseline,100
0.0,0.0,0.0,95.175,67.0,0.075,1.0,67,0.0,0,0.0,,,HPA-45-r1,baseline,101
0.0,0.0,0.0,93.25972222222222,59.0,0.075,1.0,54,0.0,0,0.0,,,HPA-45-r1,baseline,102
0.0,0.0,0.0,89.65694444444445,54.0,0.075,1.0,36,0.0,0,0.0,,,HPA-45-r1,baseline,103
0.0,0.0,0.0,90.25416666666666,60.0,0.075,1.0,57,0.0,0,0.0,,,HPA-45-r1,baseline,104
0.0,0.0,0.0,92.29583333333333,55.0,0.075,1.0,37,0.0,0,0.0,,,HPA-45-r1,baseline,105
0.0,0.0,0.0,85.97638888888889,55.0,0.075,1.0,32,0.0,0,0.0,,,HPA-45-r1,baseline,106
0.0,0.0,0.0,95.45277777777778,71.0,0.075,1.0,69,0.0,0,0.0,,,HPA-45-r1,baseline,107
0.0,0.0,0.0,93.0111111111111,62.0,0.075,1.0,50,0.0,0,0.0,,,HPA-45-r1,baseline,108
0.0,0.0,0.0,90.50416666666666,54.0,0.075,1.0,40,0.0,0,0.0,,,HPA-45-r1,baseline,109
0.0,0.0,0.0,89.175,58.0,0.075,1.0,49,0.0,0,0.0,,,HPA-45-r1,baseline,110
0.0,0.0,0.0,90.77777777777777,53.0,0.075,1.0,34,0.0,0,0.0,,,HPA-45-r1,baseline,111
0.0,0.0,0.0,88.3861111111111,58.0,0.075,1.0,47,0.0,0,0.0,,,HPA-45-r1,baseline,112
0.0,0.0,0.0,96.24444444444444,68.0,0.075,1.0,71,0.0,0,0.0,,,HPA-45-r1,baseline,113
0.0,0.0,0.0,93.86944444444444,61.0,0.075,1.0,55,0.0,0,0.0,,,HPA-45-r1,baseline,114
0.0,0.0,0.0,91.01388888888889,57.0,0.075,1.0,41,0.0,0,0.0,,,HPA-45-r1,baseline,115
0.0,0.0,0.0,90.3125,60.0,0.075,1.0,52,0.0,0,0.0,,,HPA-45-r1,baseline,116
0.0,0.0,0.0,91.1125,54.0,0.075,1.0,38,0.0,0,0.0,,,HPA-45-r1,baseline,117
0.0,0.0,0.0,86.775,58.0,0.075,1.0,39,0.0,0,0.0,,,HPA-45-r1,baseline,118
0.0,0.0,0.0,97.10833333333333,70.0,0.075,1.0,79,0.0,0,0.0,,,HPA-45-r1,baseline,119
0.0,0.0,0.0,93.2375,61.0,0.075,1.0,49,0.0,0,0.0,,,HPA-45-r1,baseline,120
0.0,0.0,0.0,90.52083333333333,53.0,0.075,1.0,37,0.0,0,0.0,,,HPA-45-r1,baseline,121
0.0,0.0,0.0,89.60694444444445,58.0,0.075,1.0,48,0.0,0,0.0,,,HPA-45-r1,baseline,122
0.0,0.0,0.0,91.23611111111111,54.0,0.075,1.0,32,0.0,0,0.0,,,HPA-45-r1,baseline,123
0.0,0.0,0.0,88.77222222222223,56.0,0.075,1.0,41,0.0,0,0.0,,,HPA-45-r1,baseline,124
0.0,0.0,0.0,95.66666666666667,70.0,0.075,1.0,71,0.0,0,0.0,,,HPA-45-r1,baseline,125
0.0,0.0,0.0,94.38888888888889,59.0,0.075,1.0,60,0.0,0,0.0,,,HPA-45-r1,baseline,126
0.0,0.0,0.0,91.52083333333333,57.0,0.075,1.0,46,0.0,0,0.0,,,HPA-45-r1,baseline,127
0.0,0.0,0.0,89.69583333333334,58.0,0.075,1.0,47,0.0,0,0.0,,,HPA-45-r1,baseline,128
0.0,0.0,0.0,90.3236111111111,53.0,0.075,1.0,28,0.0,0,0.0,,,HPA-45-r1,baseline,129
0.0,0.0,0.0,86.60416666666667,54.0,0.075,1.0,40,0.0,0,0.0,,,HPA-45-r1,baseline,130
0.0,0.0,0.0,97.02083333333333,70.0,0.075,1.0,73,0.0,0,0.0,,,HPA-45-r1,baseline,131
0.0,0.0,0.0,91.92083333333333,58.0,0.075,1.0,50,0.0,0,0.0,,,HPA-45-r1,baseline,132
0.0,0.0,0.0,90.68055555555556,52.0,0.075,1.0,45,0.0,0,0.0,,,HPA-45-r1,baseline,133
0.0,0.0,0.0,89.69027777777778,58.0,0.075,1.0,46,0.0,0,0.0,,,HPA-45-r1,baseline,134
0.0,0.0,0.0,91.56388888888888,54.0,0.075,1.0,33,0.0,0,0.0,,,HPA-45-r1,baseline,135
0.0,0.0,0.0,88.21805555555555,57.0,0.075,1.0,45,0.0,0,0.0,,,HPA-45-r1,baseline,136
0.0,0.0,0.0,95.79444444444445,70.0,0.075,1.0,70,0.0,0,0.0,,,HPA-45-r1,baseline,137
0.0,0.0,0.0,92.07638888888889,59.0,0.075,1.0,44,0.0,0,0.0,,,HPA-45-r1,baseline,138
0.0,0.0,0.0,91.50833333333334,57.0,0.075,1.0,42,0.0,0,0.0,,,HPA-45-r1,baseline,139
0.0,0.0,0.0,88.8013888888889,56.0,0.075,1.0,46,0.0,0,0.0,,,HPA-45-r0,baseline,100
0.0,0.0,0.0,95.175,67.0,0.075,1.0,67,0.0,0,0.0,,,HPA-45-r0,baseline,101
0.0,0.0,0.0,92.97777777777777,59.0,0.075,1.0,52,0.0,0,0.0,,,HPA-45-r0,baseline,102
0.0,0.0,0.0,89.65694444444445,54.0,0.075,1.0,36,0.0,0,0.0,,,HPA-45-r0,baseline,103
0.0,0.0,0.0,90.25416666666666,60.0,0.075,1.0,57,0.0,0,0.0,,,HPA-45-r0,baseline,104
0.0,0.0,0.0,92.29583333333333,55.0,0.075,1.0,37,0.0,0,0.0,,,HPA-45-r0,baseline,105
0.0,0.0,0.0,85.97638888888889,55.0,0.075,1.0,32,0.0,0,0.0,,,HPA-45-r0,baseline,106
0.0,0.0,0.0,95.45277777777778,71.0,0.075,1.0,69,0.0,0,0.0,,,HPA-45-r0,baseline,107
0.0,0.0,0.0,93.0111111111111,62.0,0.075,1.0,50,0.0,0,0.0,,,HPA-45-r0,baseline,108
0.0,0.0,0.0,90.23194444444445,55.0,0.075,1.0,38,0.0,0,0.0,,,HPA-45-r0,baseline,109
0.0,0.0,0.0,89.175,58.0,0.075,1.0,49,0.0,0,0.0,,,HPA-45-r0,baseline,110
0.0,0.0,0.0,90.77777777777777,53.0,0.075,1.0,34,0.0,0,0.0,,,HPA-45-r0,baseline,111
0.0,0.0,0.0,88.3861111111111,58.0,0.075,1.0,47,0.0,0,0.0,,,HPA-45-r0,baseline,112
0.0,0.0,0.0,96.24444444444444,68.0,0.075,1.0,71,0.0,0,0.0,,,HPA-45-r0,baseline,113
0.0,0.0,0.0,94.09166666666667,61.0,0.075,1.0,57,0.0,0,0.0,,,HPA-45-r0,baseline,114
0.0,0.0,0.0,91.01388888888889,57.0,0.075,1.0,41,0.0,0,0.0,,,HPA-45-r0,baseline,115
0.0,0.0,0.0,90.3125,60.0,0.075,1.0,52,0.0,0,0.0,,,HPA-45-r0,baseline,116
0.0,0.0,0.0,91.1125,54.0,0.075,1.0,38,0.0,0,0.0,,,HPA-45-r0,baseline,117
0.0,0.0,0.0,86.775,58.0,0.075,1.0,39,0.0,0,0.0,,,HPA-45-r0,baseline,118
0.0,0.0,0.0,97.10833333333333,70.0,0.075,1.0,79,0.0,0,0.0,,,HPA-45-r0,baseline,119
0.0,0.0,0.0,93.19166666666666,60.0,0.075,1.0,50,0.0,0,0.0,,,HPA-45-r0,baseline,120
0.0,0.0,0.0,90.52083333333333,53.0,0.075,1.0,37,0.0,0,0.0,,,HPA-45-r0,baseline,121
0.0,0.0,0.0,89.60694444444445,58.0,0.075,1.0,48,0.0,0,0.0,,,HPA-45-r0,baseline,122
0.0,0.0,0.0,91.23611111111111,54.0,0.075,1.0,32,0.0,0,0.0,,,HPA-45-r0,baseline,123
0.0,0.0,0.0,88.77222222222223,56.0,0.075,1.0,41,0.0,0,0.0,,,HPA-45-r0,baseline,124
0.0,0.0,0.0,95.66666666666667,70.0,0.075,1.0,71,0.0,0,0.0,,,HPA-45-r0,baseline,125
0.0,0.0,0.0,94.38888888888889,59.0,0.075,1.0,60,0.0,0,0.0,,,HPA-45-r0,baseline,126
0.0,0.0,0.0,91.52083333333333,57.0,0.075,1.0,46,0.0,0,0.0,,,HPA-45-r0,baseline,127
0.0,0.0,0.0,89.69583333333334,58.0,0.075,1.0,47,0.0,0,0.0,,,HPA-45-r0,baseline,128
0.0,0.0,0.0,90.3236111111111,53.0,0.075,1.0,28,0.0,0,0.0,,,HPA-45-r0,baseline,129
0.0,0.0,0.0,86.60416666666667,54.0,0.075,1.0,40,0.0,0,0.0,,,HPA-45-r0,baseline,130
0.0,0.0,0.0,97.02083333333333,70.0,0.075,1.0,73,0.0,0,0.0,,,HPA-45-r0,baseline,131
0.0,0.0,0.0,91.92083333333333,58.0,0.075,1.0,50,0.0,0,0.0,,,HPA-45-r0,baseline,132
0.0,0.0,0.0,91.0625,55.0,0.075,1.0,43,0.0,0,0.0,,,HPA-45-r0,baseline,133
0.0,0.0,0.0,89.69027777777778,58.0,0.075,1.0,46,0.0,0,0.0,,,HPA-45-r0,baseline,134
0.0,0.0,0.0,91.56388888888888,54.0,0.075,1.0,33,0.0,0,0.0,,,HPA-45-r0,baseline,135
0.0,0.0,0.0,88.21805555555555,57.0,0.075,1.0,45,0.0,0,0.0,,,HPA-45-r0,baseline,136
0.0,0.0,0.0,95.79444444444445,70.0,0.075,1.0,70,0.0,0,0.0,,,HPA-45-r0,baseline,137
0.0,0.0,0.0,92.07638888888889,59.0,0.075,1.0,44,0.0,0,0.0,,,HPA-45-r0,baseline,138
0.0,0.0,0.0,91.50833333333334,57.0,0.075,1.0,42,0.0,0,0.0,,,HPA-45-r0,baseline,139
0.0,0.0,0.0,123.33194444444445,84.0,0.075,1.0,107,0.0,0,0.0,,,PredHPA-r1,baseline,100
0.0,0.0,0.0,129.01944444444445,104.0,0.075,1.0,130,0.0,0,0.0,,,PredHPA-r1,baseline,101
0.0,0.0,0.0,128.69861111111112,83.0,0.075,1.0,95,0.0,0,0.0,,,PredHPA-r1,baseline,102
0.0,0.0,0.0,112.14305555555555,67.0,0.075,1.0,75,0.0,0,0.0,,,PredHPA-r1,baseline,103
0.0,0.0,0.0,105.11527777777778,86.0,0.075,1.0,85,0.0,0,0.0,,,PredHPA-r1,baseline,104
0.0,0.0,0.0,122.81666666666666,96.0,0.075,1.0,69,0.0,0,0.0,,,PredHPA-r1,baseline,105
0.0,0.0,0.0,122.13055555555556,82.0,0.075,1.0,102,0.0,0,0.0,,,PredHPA-r1,baseline,106
0.0,0.0,0.0,127.3638888888889,103.0,0.075,1.0,131,0.0,0,0.0,,,PredHPA-r1,baseline,107
0.0,0.0,0.0,129.3,85.0,0.075,1.0,96,0.0,0,0.0,,,PredHPA-r1,baseline,108
0.0,0.0,0.0,112.55972222222222,71.0,0.075,1.0,67,0.0,0,0.0,,,PredHPA-r1,baseline,109
0.0,0.0,0.0,106.49305555555556,89.0,0.075,1.0,89,0.0,0,0.0,,,PredHPA-r1,baseline,110
0.0,0.0,0.0,122.00555555555556,93.0,0.075,1.0,67,0.0,0,0.0,,,PredHPA-r1,baseline,111
0.0,0.0,0.0,123.28472222222223,88.0,0.075,1.0,109,0.0,0,0.0,,,PredHPA-r1,baseline,112
0.0,0.0,0.0,130.9763888888889,110.0,0.075,1.0,134,0.0,0,0.0,,,PredHPA-r1,baseline,113
0.0,0.0,0.0,129.67777777777778,84.0,0.075,1.0,93,0.0,0,0.0,,,PredHPA-r1,baseline,114
0.0,0.0,0.0,112.71111111111111,70.0,0.075,1.0,75,0.0,0,0.0,,,PredHPA-r1,baseline,115
0.0,0.0,0.0,107.28472222222223,90.0,0.075,1.0,90,0.0,0,0.0,,,PredHPA-r1,baseline,116
0.0,0.0,0.0,122.23333333333333,93.0,0.075,1.0,70,0.0,0,0.0,,,PredHPA-r1,baseline,117
0.0,0.0,0.0,121.28472222222223,83.0,0.075,1.0,100,0.0,0,0.0,,,PredHPA-r1,baseline,118
0.0,0.0,0.0,130.57222222222222,111.0,0.075,1.0,132,0.0,0,0.0,,,PredHPA-r1,baseline,119
0.0,0.0,0.0,128.2736111111111,85.0,0.075,1.0,93,0.0,0,0.0,,,PredHPA-r1,baseline,120
0.0,0.0,0.0,114.14305555555555,70.0,0.075,1.0,79,0.0,0,0.0,,,PredHPA-r1,baseline,121
0.0,0.0,0.0,106.15,88.0,0.075,1.0,84,0.0,0,0.0,,,PredHPA-r1,baseline,122
0.0,0.0,0.0,121.41944444444445,92.0,0.075,1.0,64,0.0,0,0.0,,,PredHPA-r1,baseline,123
0.0,0.0,0.0,123.47638888888889,89.0,0.075,1.0,93,0.0,0,0.0,,,PredHPA-r1,baseline,124
0.0,0.0,0.0,132.16944444444445,113.0,0.075,1.0,140,0.0,0,0.0,,,PredHPA-r1,baseline,125
0.0,0.0,0.0,129.00833333333333,81.0,0.075,1.0,99,0.0,0,0.0,,,PredHPA-r1,baseline,126
0.0,0.0,0.0,113.25972222222222,72.0,0.075,1.0,75,0.0,0,0.0,,,PredHPA-r1,baseline,127
0.0,0.0,0.0,106.15277777777777,84.0,0.075,1.0,85,0.0,0,0.0,,,PredHPA-r1,baseline,128
0.0,0.0,0.0,123.0736111111111,98.0,0.075,1.0,72,0.0,0,0.0,,,PredHPA-r1,baseline,129
0.0,0.0,0.0,124.02777777777777,85.0,0.075,1.0,106,0.0,0,0.0,,,PredHPA-r1,baseline,130
0.0,0.0,0.0,131.05833333333334,111.0,0.075,1.0,127,0.0,0,0.0,,,PredHPA-r1,baseline,131
0.0,0.0,0.0,127.59444444444445,81.0,0.075,1.0,96,0.0,0,0.0,,,PredHPA-r1,baseline,132
0.0,0.0,0.0,113.74027777777778,70.0,0.075,1.0,84,0.0,0,0.0,,,PredHPA-r1,baseline,133
0.0,0.0,0.0,105.74027777777778,90.0,0.075,1.0,87,0.0,0,0.0,,,PredHPA-r1,baseline,134
0.0,0.0,0.0,123.3875,99.0,0.075,1.0,65,0.0,0,0.0,,,PredHPA-r1,baseline,135
0.0,0.0,0.0,122.27083333333333,83.0,0.075,1.0,115,0.0,0,0.0,,,PredHPA-r1,baseline,136
0.0,0.0,0.0,127.925,110.0,0.075,1.0,124,0.0,0,0.0,,,PredHPA-r1,baseline,137
0.0,0.0,0.0,129.57222222222222,85.0,0.075,1.0,95,0.0,0,0.0,,,PredHPA-r1,baseline,138
0.0,0.0,0.0,113.35277777777777,70.0,0.075,1.0,78,0.0,0,0.0,,,PredHPA-r1,baseline,139
40.0,1.0357593392827047,0.0,120.92222222222222,120.0,0.075,0.028108702386938213,107,40.0,0,0.0,,,HPA-45-r1,flash,100
70.0,2.9908267173605507,0.0,126.34583333333333,120.0,0.075,5.8668854674281585e-05,142,70.0,0,0.0,,,HPA-45-r1,flash,101
0.0,0.0,0.0,126.67361111111111,120.0,0.075,1.0,117,0.0,0,0.0,,,HPA-45-r1,flash,102
20.0,0.7056516179555494,0.0,124.77222222222223,120.0,0.07500000000000004,0.02115754090204348,110,20.0,0,0.0,,,HPA-45-r1,flash,103
5.0,0.030023278661350794,0.0,120.37777777777778,120.0,0.075,0.8877560813701417,147,5.0,0,0.0,,,HPA-45-r1,flash,104
60.0,2.568329932528557,0.0,122.09722222222223,120.0,0.075,0.0007316842856887728,126,60.0,0,0.0,,,HPA-45-r1,flash,105
0.0,0.004384805377954937,0.0,120.0375,120.0,0.075,0.984712169929453,108,0.0,0,0.0,,,HPA-45-r1,flash,106
35.0,1.11909105913367,0.0,125.15694444444445,120.0,0.075,0.022143099070014664,141,35.0,0,0.0,,,HPA-45-r1,flash,107
10.0,0.04742002718217675,0.0,126.53611111111111,120.0,0.075,0.8924984194145813,115,10.0,0,0.0,,,HPA-45-r1,flash,108
55.0,1.895212246091038,0.0,124.67361111111111,120.0,0.075,5.3920185453302426e-05,129,55.0,0,0.0,,,HPA-45-r1,flash,109
40.0,1.742380368339136,0.0,119.11111111111111,120.0,0.07500000000000007,0.1160966865569625,148,40.0,0,0.0,,,HPA-45-r1,flash,110
0.0,0.0,0.0,122.30555555555556,116.0,0.075,1.0,85,0.0,0,0.0,,,HPA-45-r1,flash,111
5.0,0.02384380157052224,0.0,117.06111111111112,120.0,0.075,0.9252208376584453,131,5.0,0,0.0,,,HPA-45-r1,flash,112
70.0,3.3012839187229415,0.0,122.6361111111111,120.0,0.075,0.0005067105527397453,147,70.0,0,0.0,,,HPA-45-r1,flash,113
55.0,2.4739948871869144,0.0,125.20833333333333,120.0,0.075,0.00023960115159272658,137,55.0,0,0.0,,,HPA-45-r1,flash,114
35.0,0.8435287401663882,0.0,124.94722222222222,120.0,0.075,0.045712503534900535,115,35.0,0,0.0,,,HPA-45-r1,flash,115
0.0,0.0027489187479745603,0.0,119.13333333333334,120.0,0.075,0.9918286526099862,135,0.0,0,0.0,,,HPA-45-r1,flash,116
0.0,0.0,0.0,121.08055555555555,119.0,0.075,1.0,107,0.0,0,0.0,,,HPA-45-r1,flash,117
15.0,0.17447611494852966,0.0,118.93472222222222,120.0,0.075,0.47086726974356796,111,15.0,0,0.0,,,HPA-45-r1,flash,118
30.0,0.9980214369239682,0.0,126.30833333333334,120.0,0.075,0.022693496963293584,113,30.0,0,0.0,,,HPA-45-r1,flash,119
45.0,1.4609878787702923,0.0,127.55277777777778,120.0,0.075,1.7528993088813866e-05,116,45.0,0,0.0,,,HPA-45-r1,flash,120
0.0,0.0,0.0,122.66805555555555,120.0,0.075,1.0,113,0.0,0,0.0,,,HPA-45-r1,flash,121
0.0,0.0,0.0,119.0125,120.0,0.075,1.0,142,0.0,0,0.0,,,HPA-45-r1,flash,122
0.0,0.0,0.0,125.225,120.0,0.075,1.0,123,0.0,0,0.0,,,HPA-45-r1,flash,123
65.0,3.437583511328912,0.0,118.92083333333333,120.0,0.075,0.00019741096519498987,140,65.0,0,0.0,,,HPA-45-r1,flash,124
140.0,6.351286967973868,0.0,122.31111111111112,120.0,0.075,0.00027987613776478767,146,95.0,0,0.0,,,HPA-45-r1,flash,125
15.0,0.429638936368848,0.0,125.44444444444444,120.0,0.075,0.11139128205105885,114,15.0,0,0.0,,,HPA-45-r1,flash,126
0.0,0.0,0.0,124.87638888888888,120.0,0.075,1.0,108,0.0,0,0.0,,,HPA-45-r1,flash,127
90.0,3.910482283434946,0.0,120.14861111111111,120.0,0.075,0.0006779847860477029,151,90.0,0,0.0,,,HPA-45-r1,flash,128
55.0,2.1034985663682115,0.0,123.95416666666667,120.0,0.075,0.00017571952117201027,112,55.0,0,0.0,,,HPA-45-r1,flash,129
45.0,1.176827683998205,0.0,119.53055555555555,120.0,0.075,0.014410009697437583,119,45.0,0,0.0,,,HPA-45-r1,flash,130
10.0,0.0838719916466113,0.0,126.77083333333333,120.0,0.075,0.8384442315827775,143,10.0,0,0.0,,,HPA-45-r1,flash,131
30.0,0.8138234642793951,0.0,124.56388888888888,120.0,0.075,0.04023684196578358,116,30.0,0,0.0,,,HPA-45-r1,flash,132
0.0,0.0,0.0,120.07777777777778,120.0,0.075,1.0,118,0.0,0,0.0,,,HPA-45-r1,flash,133
95.0,4.033918188580021,0.0,119.98472222222222,120.0,0.075,0.0011419415952697283,137,95.0,0,0.0,,,HPA-45-r1,flash,134
5.0,0.022731662827668586,0.0,122.29027777777777,120.0,0.075,0.8986007029699645,111,5.0,0,0.0,,,HPA-45-r1,flash,135
15.0,0.06510574825560056,0.0,120.15277777777777,120.0,0.075,0.8846624477581847,128,15.0,0,0.0,,,HPA-45-r1,flash,136
5.0,0.020923532995487104,0.0,123.44027777777778,120.0,0.075,0.9020233754314765,139,5.0,0,0.0,,,HPA-45-r1,flash,137
0.0,0.006858336586457181,0.0,123.71527777777777,120.0,0.075,0.9703601132112784,125,0.0,0,0.0,,,HPA-45-r1,flash,138
0.0,0.0,0.0,124.0513888888889,120.0,0.075,1.0,102,0.0,0,0.0,,,HPA-45-r1,flash,139
40.0,1.0357593392827047,0.0,120.91805555555555,120.0,0.075,0.028108702386938213,108,40.0,0,0.0,,,HPA-45-r0,flash,100
40.0,0.9856332040026672,0.0,126.17916666666666,120.0,0.075,0.029344158284073826,133,55.0,0,0.0,,,HPA-45-r0,flash,101
0.0,0.0,0.0,126.53055555555555,120.0,0.075,1.0,112,0.0,0,0.0,,,HPA-45-r0,flash,102
15.0,0.35771163177140686,0.0,124.26944444444445,120.0,0.075,0.3857523614805248,103,15.0,0,0.0,,,HPA-45-r0,flash,103
5.0,0.02806399293345807,0.0,120.55694444444444,120.0,0.075,0.8877560813701417,146,5.0,0,0.0,,,HPA-45-r0,flash,104
30.0,1.3203067440167415,0.0,122.13055555555556,120.0,0.075,0.016215683880699706,114,30.0,0,0.0,,,HPA-45-r0,flash,105
0.0,0.004384805377954937,0.0,119.98611111111111,120.0,0.075,0.984712169929453,112,0.0,0,0.0,,,HPA-45-r0,flash,106
20.0,0.2441907769916929,0.0,125.37361111111112,120.0,0.075,0.5903202198138883,135,20.0,0,0.0,,,HPA-45-r0,flash,107
5.0,0.03493220610473191,0.0,126.53611111111111,120.0,0.075,0.8924984194145813,110,5.0,0,0.0,,,HPA-45-r0,flash,108
35.0,0.8945811550259308,0.0,124.89166666666667,120.0,0.075,0.032319087399752894,124,40.0,0,0.0,,,HPA-45-r0,flash,109
5.0,0.1098755654382999,0.0,119.11111111111111,120.0,0.075,0.7079730191207534,143,5.0,0,0.0,,,HPA-45-r0,flash,110
0.0,0.0,0.0,122.30555555555556,116.0,0.075,1.0,85,0.0,0,0.0,,,HPA-45-r0,flash,111
5.0,0.02384380157052224,0.0,117.08611111111111,120.0,0.075,0.9252208376584453,133,5.0,0,0.0,,,HPA-45-r0,flash,112
30.0,1.3428231865703966,0.0,122.62777777777778,120.0,0.075,0.009056883104732554,142,30.0,0,0.0,,,HPA-45-r0,flash,113
40.0,1.7347372511378745,0.0,124.49027777777778,120.0,0.075,0.012240946436579754,112,40.0,0,0.0,,,HPA-45-r0,flash,114
15.0,0.3245214682251141,0.0,123.81944444444444,120.0,0.075,0.22795428435380102,108,15.0,0,0.0,,,HPA-45-r0,flash,115
0.0,0.0027489187479745603,0.0,119.13333333333334,120.0,0.075,0.9918286526099862,135,0.0,0,0.0,,,HPA-45-r0,flash,116
0.0,0.0,0.0,121.08055555555555,119.0,0.075,1.0,107,0.0,0,0.0,,,HPA-45-r0,flash,117
15.0,0.16752708046725573,0.0,118.70138888888889,120.0,0.075,0.47086726974356796,111,15.0,0,0.0,,,HPA-45-r0,flash,118
20.0,0.892712443357313,0.0,126.2388888888889,120.0,0.075,0.022693496963293584,117,20.0,0,0.0,,,HPA-45-r0,flash,119
30.0,0.9866912569161501,0.0,124.87083333333334,120.0,0.075,0.008467355785377098,111,30.0,0,0.0,,,HPA-45-r0,flash,120
0.0,0.0,0.0,122.95277777777778,120.0,0.075,1.0,109,0.0,0,0.0,,,HPA-45-r0,flash,121
0.0,0.0,0.0,118.97916666666667,120.0,0.075,1.0,142,0.0,0,0.0,,,HPA-45-r0,flash,122
0.0,0.0,0.0,125.225,120.0,0.075,1.0,123,0.0,0,0.0,,,HPA-45-r0,flash,123
40.0,1.4117954697661972,0.0,118.87222222222222,120.0,0.075,0.007915797145766843,131,50.0,0,0.0,,,HPA-45-r0,flash,124
45.0,1.7959211773293848,0.0,121.99305555555556,120.0,0.075,0.004502256919591212,138,45.0,0,0.0,,,HPA-45-r0,flash,125
15.0,0.429638936368848,0.0,125.44027777777778,120.0,0.075,0.11139128205105885,111,15.0,0,0.0,,,HPA-45-r0,flash,126
0.0,0.0,0.0,124.87638888888888,120.0,0.075,1.0,108,0.0,0,0.0,,,HPA-45-r0,flash,127
20.0,0.20153785016543413,0.0,120.28888888888889,120.0,0.075,0.6997982594879711,136,20.0,0,0.0,,,HPA-45-r0,flash,128
35.0,1.4244825227771374,0.0,124.49305555555556,120.0,0.075,0.005028983986958455,104,35.0,0,0.0,,,HPA-45-r0,flash,129
20.0,0.44287739964192774,0.0,118.23611111111111,120.0,0.075,0.06762451391426051,127,20.0,0,0.0,,,HPA-45-r0,flash,130
10.0,0.07881870869671515,0.0,126.97777777777777,120.0,0.075,0.8384442315827775,135,10.0,0,0.0,,,HPA-45-r0,flash,131
15.0,0.31320977803491745,0.0,123.45694444444445,120.0,0.075,0.39298338838980895,109,15.0,0,0.0,,,HPA-45-r0,flash,132
0.0,0.0,0.0,118.47638888888889,120.0,0.075,1.0,117,0.0,0,0.0,,,HPA-45-r0,flash,133
20.0,0.10833555003703088,0.0,120.04722222222222,120.0,0.075,0.8389999623929767,129,20.0,0,0.0,,,HPA-45-r0,flash,134
5.0,0.022731662827668586,0.0,122.29027777777777,120.0,0.075,0.8986007029699645,111,5.0,0,0.0,,,HPA-45-r0,flash,135
15.0,0.06332858776004757,0.0,118.67083333333333,120.0,0.075,0.8846624477581847,134,15.0,0,0.0,,,HPA-45-r0,flash,136
5.0,0.020923532995487104,0.0,123.59027777777777,120.0,0.075,0.9020233754314765,140,5.0,0,0.0,,,HPA-45-r0,flash,137
0.0,0.005760873086713136,0.0,123.71527777777777,120.0,0.075,0.9703601132112784,125,0.0,0,0.0,,,HPA-45-r0,flash,138
0.0,0.0,0.0,124.0513888888889,120.0,0.075,1.0,102,0.0,0,0.0,,,HPA-45-r0,flash,139
15.0,0.1677224966615487,0.0,149.1236111111111,120.0,0.075,0.4898412919472618,154,15.0,0,0.0,,,PredHPA-r1,flash,100
10.0,0.06015678744936137,0.0,150.07083333333333,120.0,0.075,0.8553706207769602,170,10.0,0,0.0,,,PredHPA-r1,flash,101
0.0,0.0,0.0,150.60555555555555,120.0,0.075,1.0,165,0.0,0,0.0,,,PredHPA-r1,flash,102
0.0,0.0,0.0,142.03472222222223,120.0,0.075,1.0,110,0.0,0,0.0,,,PredHPA-r1,flash,103
0.0,0.0,0.0,127.81805555555556,120.0,0.075,1.0,161,0.0,0,0.0,,,PredHPA-r1,flash,104
15.0,0.5277703308739445,0.0,149.225,120.0,0.075,0.2802683651873125,112,15.0,0,0.0,,,PredHPA-r1,flash,105
0.0,0.0,0.0,146.99583333333334,120.0,0.075,1.0,158,0.0,0,0.0,,,PredHPA-r1,flash,106
0.0,0.0,0.0,149.63611111111112,120.0,0.075,1.0,150,0.0,0,0.0,,,PredHPA-r1,flash,107
0.0,0.0,0.0,150.61666666666667,120.0,0.075,1.0,165,0.0,0,0.0,,,PredHPA-r1,flash,108
10.0,0.04382040059054404,0.0,141.84722222222223,120.0,0.075,0.9174105606259205,112,10.0,0,0.0,,,PredHPA-r1,flash,109
0.0,0.0,0.0,128.94444444444446,120.0,0.075,1.0,179,0.0,0,0.0,,,PredHPA-r1,flash,110
0.0,0.0,0.0,147.85833333333332,120.0,0.075,1.0,110,0.0,0,0.0,,,PredHPA-r1,flash,111
0.0,0.0,0.0,147.6513888888889,120.0,0.075,1.0,181,0.0,0,0.0,,,PredHPA-r1,flash,112
0.0,0.018313449438800422,0.0,144.67638888888888,120.0,0.075,0.9657752936945299,170,0.0,0,0.0,,,PredHPA-r1,flash,113
5.0,0.02500455944466351,0.0,150.75694444444446,120.0,0.075,0.9294748731645234,150,5.0,0,0.0,,,PredHPA-r1,flash,114
0.0,0.0,0.0,141.5402777777778,120.0,0.075,1.0,119,0.0,0,0.0,,,PredHPA-r1,flash,115
0.0,0.0,0.0,129.34583333333333,120.0,0.075,1.0,154,0.0,0,0.0,,,PredHPA-r1,flash,116
0.0,0.0,0.0,148.2263888888889,120.0,0.075,1.0,113,0.0,0,0.0,,,PredHPA-r1,flash,117
0.0,0.0,0.0,146.85416666666666,120.0,0.075,1.0,166,0.0,0,0.0,,,PredHPA-r1,flash,118
15.0,0.4005041550784849,0.0,147.55277777777778,120.0,0.075,0.2122646662021193,162,15.0,0,0.0,,,PredHPA-r1,flash,119
5.0,0.03295672380254633,0.0,150.54305555555555,120.0,0.075,0.9145509048255202,142,5.0,0,0.0,,,PredHPA-r1,flash,120
0.0,0.0,0.0,142.63888888888889,120.0,0.075,1.0,137,0.0,0,0.0,,,PredHPA-r1,flash,121
0.0,0.0,0.0,128.9736111111111,120.0,0.075,1.0,160,0.0,0,0.0,,,PredHPA-r1,flash,122
0.0,0.0,0.0,145.95555555555555,120.0,0.075,1.0,125,0.0,0,0.0,,,PredHPA-r1,flash,123
10.0,0.08576337287007352,0.0,147.44027777777777,120.0,0.075,0.8351907817847607,167,10.0,0,0.0,,,PredHPA-r1,flash,124
0.0,0.011950880500544159,0.0,144.6861111111111,120.0,0.075,0.9709734813919567,165,0.0,0,0.0,,,PredHPA-r1,flash,125
0.0,0.0,0.0,150.78194444444443,120.0,0.075,1.0,138,0.0,0,0.0,,,PredHPA-r1,flash,126
0.0,0.0,0.0,141.00277777777777,120.0,0.075,1.0,124,0.0,0,0.0,,,PredHPA-r1,flash,127
0.0,0.0,0.0,128.70416666666668,120.0,0.075,1.0,160,0.0,0,0.0,,,PredHPA-r1,flash,128
5.0,0.038881914205268764,0.0,151.33055555555555,120.0,0.075,0.8718585442347746,109,5.0,0,0.0,,,PredHPA-r1,flash,129
0.0,0.0,0.0,148.49583333333334,120.0,0.075,1.0,163,0.0,0,0.0,,,PredHPA-r1,flash,130
0.0,0.008297627598685686,0.0,151.65972222222223,120.0,0.075,0.9738083912966196,152,0.0,0,0.0,,,PredHPA-r1,flash,131
0.0,0.0,0.0,148.63888888888889,120.0,0.075,1.0,169,0.0,0,0.0,,,PredHPA-r1,flash,132
0.0,0.0,0.0,140.61805555555554,120.0,0.075,1.0,110,0.0,0,0.0,,,PredHPA-r1,flash,133
0.0,0.0,0.0,127.44722222222222,120.0,0.075,1.0,163,0.0,0,0.0,,,PredHPA-r1,flash,134
0.0,0.0,0.0,149.1027777777778,120.0,0.075,1.0,92,0.0,0,0.0,,,PredHPA-r1,flash,135
0.0,0.0,0.0,146.74444444444444,120.0,0.075,1.0,183,0.0,0,0.0,,,PredHPA-r1,flash,136
0.0,0.0,0.0,144.42638888888888,120.0,0.075,1.0,166,0.0,0,0.0,,,PredHPA-r1,flash,137
0.0,0.0,0.0,150.20277777777778,120.0,0.075,1.0,168,0.0,0,0.0,,,PredHPA-r1,flash,138
0.0,0.0,0.0,141.1611111111111,120.0,0.075,1.0,120,0.0,0,0.0,,,PredHPA-r1,flash,139
80.0,2.695420655258962,0.0,121.7625,120.0,0.075,0.021895533462464572,90,80.0,0,0.0,,,HPA-45-r1,flash_step,100
80.0,3.2891118091862848,0.0,128.025,120.0,0.075,4.254435790956012e-06,128,80.0,0,0.0,,,HPA-45-r1,flash_step,101
20.0,0.8923712497868386,0.0,127.32916666666667,120.0,0.07500000000000004,0.02725493170664996,124,20.0,0,0.0,,,HPA-45-r1,flash_step,102
60.0,2.106108203785373,0.0,126.28055555555555,120.0,0.075,0.0014290472221021565,113,60.0,0,0.0,,,HPA-45-r1,flash_step,103
70.0,3.073823417778032,0.0,121.61527777777778,120.0,0.075,0.0005886112477583113,139,70.0,0,0.0,,,HPA-45-r1,flash_step,104
25.0,0.8112085259791457,0.0,124.43611111111112,120.0,0.075,0.13123691520639716,117,5.0,0,0.0,,,HPA-45-r1,flash_step,105
35.0,0.9130028281144065,0.0,120.74583333333334,120.0,0.075,0.02705006721876294,96,35.0,0,0.0,,,HPA-45-r1,flash_step,106
50.0,1.4468728551974452,0.0,125.90277777777777,120.0,0.075,0.031658000986466664,127,50.0,0,0.0,,,HPA-45-r1,flash_step,107
20.0,0.8642741556569411,0.0,126.20694444444445,120.0,0.075,0.02815703458178789,113,20.0,0,0.0,,,HPA-45-r1,flash_step,108
70.0,3.088936715453261,0.0,126.22222222222223,120.0,0.075,8.725632489751163e-06,124,70.0,0,0.0,,,HPA-45-r1,flash_step,109
25.0,0.09979362143148762,0.0,120.88472222222222,120.0,0.075,0.8620225753860913,125,25.0,0,0.0,,,HPA-45-r1,flash_step,110
65.0,2.486410424031149,0.0,126.12777777777778,120.0,0.075,0.02954324428329664,97,65.0,0,0.0,,,HPA-45-r1,flash_step,111
30.0,0.7604502282480663,0.0,120.27638888888889,120.0,0.075,0.03208246821733767,121,40.0,0,0.0,,,HPA-45-r1,flash_step,112
175.0,7.886951379370144,0.0,122.78194444444445,120.0,0.075,0.0005784038321267315,151,125.0,0,0.0,,,HPA-45-r1,flash_step,113
5.0,0.029537689679404178,0.0,127.34583333333333,120.0,0.075,0.8916845097088817,105,5.0,0,0.0,,,HPA-45-r1,flash_step,114
55.0,2.098993346735367,0.0,125.48055555555555,120.0,0.075,0.003092342994996254,118,55.0,0,0.0,,,HPA-45-r1,flash_step,115
0.0,0.009389498166512134,0.0,119.62083333333334,120.0,0.075,0.9605708906869391,135,0.0,0,0.0,,,HPA-45-r1,flash_step,116
55.0,2.5344824912804653,0.0,124.78055555555555,120.0,0.075,8.738128627183493e-05,107,55.0,0,0.0,,,HPA-45-r1,flash_step,117
70.0,2.2079967596111416,0.0,121.65972222222223,120.0,0.075,0.00015674707842945978,114,70.0,0,0.0,,,HPA-45-r1,flash_step,118
60.0,1.9411559454314498,0.0,127.21388888888889,120.0,0.075,0.000563618330024344,131,5.0,0,0.0,,,HPA-45-r1,flash_step,119
60.0,2.148377798013934,0.0,128.55972222222223,120.0,0.075,7.910984460812123e-06,125,60.0,0,0.0,,,HPA-45-r1,flash_step,120
20.0,0.6586525037123758,0.0,123.97083333333333,120.0,0.075,0.04101774805953332,91,20.0,0,0.0,,,HPA-45-r1,flash_step,121
55.0,1.4608306015629902,0.0,121.04027777777777,120.0,0.075,0.0010136804248040297,134,65.0,0,0.0,,,HPA-45-r1,flash_step,122
30.0,0.3710151694374053,0.0,126.75,120.0,0.075,0.22151241776252242,98,30.0,0,0.0,,,HPA-45-r1,flash_step,123
110.0,5.204040183860181,0.0,118.5513888888889,120.0,0.075,0.00038091178921045214,142,110.0,0,0.0,,,HPA-45-r1,flash_step,124
115.0,5.062917897489072,0.0,122.10277777777777,120.0,0.075,0.000957848287525117,151,75.0,0,0.0,,,HPA-45-r1,flash_step,125
5.0,0.015243992185909327,0.0,125.8861111111111,120.0,0.075,0.9227724830530804,105,5.0,0,0.0,,,HPA-45-r1,flash_step,126
15.0,0.49142912818702644,0.0,126.20555555555555,120.0,0.075,0.08271668896717958,112,15.0,0,0.0,,,HPA-45-r1,flash_step,127
95.0,4.4691719554862175,0.0,121.17916666666666,120.0,0.075,2.259027497572933e-05,137,95.0,0,0.0,,,HPA-45-r1,flash_step,128
85.0,4.0860226081057105,0.0,124.92777777777778,120.0,0.075,2.0069159513719962e-05,119,85.0,0,0.0,,,HPA-45-r1,flash_step,129
40.0,0.6426522315674199,0.0,119.70972222222223,120.0,0.075,0.20833749207339025,114,50.0,0,0.0,,,HPA-45-r1,flash_step,130
60.0,1.804876405018141,0.0,127.84166666666667,120.0,0.075,0.0297330999228655,130,60.0,0,0.0,,,HPA-45-r1,flash_step,131
40.0,1.1939020604359252,0.0,125.43611111111112,120.0,0.075,0.0063165639422320796,124,40.0,0,0.0,,,HPA-45-r1,flash_step,132
0.0,0.0,0.0,121.375,120.0,0.075,1.0,114,0.0,0,0.0,,,HPA-45-r1,flash_step,133
125.0,5.6195674650638905,0.0,120.82638888888889,120.0,0.075,9.815746082607568e-05,140,125.0,0,0.0,,,HPA-45-r1,flash_step,134
20.0,0.7120191988999269,0.0,123.46388888888889,120.0,0.075,0.034868461956515245,105,20.0,0,0.0,,,HPA-45-r1,flash_step,135
0.0,0.0,0.0,119.16666666666667,120.0,0.075,1.0,145,0.0,0,0.0,,,HPA-45-r1,flash_step,136
0.0,0.0,0.0,125.06944444444444,120.0,0.075,1.0,138,0.0,0,0.0,,,HPA-45-r1,flash_step,137
55.0,1.7290986508534445,0.0,126.2611111111111,120.0,0.075,2.1639712576238728e-05,127,55.0,0,0.0,,,HPA-45-r1,flash_step,138
20.0,0.49713816619538775,0.0,125.82638888888889,120.0,0.075,0.19536706774345447,107,20.0,0,0.0,,,HPA-45-r1,flash_step,139
55.0,1.8406599421016412,0.0,122.1361111111111,120.0,0.075,0.021895533462464572,96,55.0,0,0.0,,,HPA-45-r0,flash_step,100
50.0,2.126133938849406,0.0,127.59444444444445,120.0,0.075,0.0005058133002061806,116,50.0,0,0.0,,,HPA-45-r0,flash_step,101
20.0,0.8923712497868386,0.0,126.50555555555556,120.0,0.07500000000000004,0.02725493170664996,115,20.0,0,0.0,,,HPA-45-r0,flash_step,102
30.0,0.7690779367596989,0.0,125.93472222222222,120.0,0.075,0.08411102190715043,96,30.0,0,0.0,,,HPA-45-r0,flash_step,103
30.0,1.1802554997512482,0.0,121.62361111111112,120.0,0.075,0.019434197916638696,130,30.0,0,0.0,,,HPA-45-r0,flash_step,104
15.0,0.35812961476736627,0.0,124.14027777777778,120.0,0.075,0.40749241755605464,117,5.0,0,0.0,,,HPA-45-r0,flash_step,105
30.0,0.5078693184202954,0.0,120.36666666666666,120.0,0.075,0.17758218115179955,102,30.0,0,0.0,,,HPA-45-r0,flash_step,106
45.0,1.3516706036245996,0.0,125.96111111111111,120.0,0.075,0.031658000986466664,122,45.0,0,0.0,,,HPA-45-r0,flash_step,107
20.0,0.8642741556569411,0.0,126.20694444444445,120.0,0.075,0.02815703458178789,113,20.0,0,0.0,,,HPA-45-r0,flash_step,108
60.0,2.1130684801160315,0.0,125.85277777777777,120.0,0.075,0.027648319335247463,120,60.0,0,0.0,,,HPA-45-r0,flash_step,109
10.0,0.02541061866720984,0.0,121.23055555555555,120.0,0.075,0.9345333443454279,128,10.0,0,0.0,,,HPA-45-r0,flash_step,110
45.0,1.7734865825048907,0.0,126.15833333333333,120.0,0.075,0.02954324428329664,86,45.0,0,0.0,,,HPA-45-r0,flash_step,111
30.0,0.7149992530289362,0.0,119.56388888888888,120.0,0.075,0.03208246821733767,119,40.0,0,0.0,,,HPA-45-r0,flash_step,112
30.0,1.057528601260349,0.0,122.79444444444445,120.0,0.075,0.025275525166018584,144,25.0,0,0.0,,,HPA-45-r0,flash_step,113
5.0,0.029537689679404178,0.0,126.77361111111111,120.0,0.075,0.8916845097088817,98,5.0,0,0.0,,,HPA-45-r0,flash_step,114
50.0,1.9627666370680696,0.0,125.77361111111111,120.0,0.075,0.006860220079392966,114,50.0,0,0.0,,,HPA-45-r0,flash_step,115
0.0,0.009389498166512134,0.0,119.62083333333334,120.0,0.075,0.9605708906869391,135,0.0,0,0.0,,,HPA-45-r0,flash_step,116
45.0,2.0314324603777245,0.0,124.3125,120.0,0.075,0.010288687327276034,96,45.0,0,0.0,,,HPA-45-r0,flash_step,117
45.0,1.4713657166469218,0.0,120.72222222222223,120.0,0.075,0.0018057365808111959,107,45.0,0,0.0,,,HPA-45-r0,flash_step,118
35.0,0.5707365565356115,0.0,127.14166666666667,120.0,0.075,0.1813587896429625,135,5.0,0,0.0,,,HPA-45-r0,flash_step,119
35.0,1.664854203405941,0.0,128.96666666666667,120.0,0.075,0.0008887407053130321,122,5.0,0,0.0,,,HPA-45-r0,flash_step,120
20.0,0.6586525037123758,0.0,123.97083333333333,120.0,0.075,0.04101774805953332,91,20.0,0,0.0,,,HPA-45-r0,flash_step,121
35.0,0.7432361977890878,0.0,120.89444444444445,120.0,0.075,0.12579146470470506,129,10.0,0,0.0,,,HPA-45-r0,flash_step,122
30.0,0.3710151694374053,0.0,126.75,120.0,0.075,0.22151241776252242,98,30.0,0,0.0,,,HPA-45-r0,flash_step,123
60.0,2.3382832344868487,0.0,118.85694444444445,120.0,0.075,0.01711963231047224,126,60.0,0,0.0,,,HPA-45-r0,flash_step,124
30.0,0.9623875533397719,0.0,122.55694444444444,120.0,0.075,0.03393066921182108,146,40.0,0,0.0,,,HPA-45-r0,flash_step,125
5.0,0.015243992185909327,0.0,125.87777777777778,120.0,0.075,0.9227724830530804,108,5.0,0,0.0,,,HPA-45-r0,flash_step,126
15.0,0.49142912818702644,0.0,126.20555555555555,120.0,0.075,0.08271668896717958,112,15.0,0,0.0,,,HPA-45-r0,flash_step,127
50.0,2.0902006614812674,0.0,121.46666666666667,120.0,0.075,0.0031084420378689978,120,50.0,0,0.0,,,HPA-45-r0,flash_step,128
60.0,3.0300152836630345,0.0,125.20555555555555,120.0,0.075,0.0012493661206230452,108,60.0,0,0.0,,,HPA-45-r0,flash_step,129
40.0,0.6327838802058561,0.0,120.2375,120.0,0.075,0.20833749207339025,114,50.0,0,0.0,,,HPA-45-r0,flash_step,130
40.0,1.3565425361764194,0.0,127.7375,120.0,0.075,0.0297330999228655,127,40.0,0,0.0,,,HPA-45-r0,flash_step,131
20.0,0.8306101514523823,0.0,124.81944444444444,120.0,0.075,0.020378253113541342,118,20.0,0,0.0,,,HPA-45-r0,flash_step,132
0.0,0.0,0.0,119.86805555555556,119.0,0.075,1.0,103,0.0,0,0.0,,,HPA-45-r0,flash_step,133
45.0,1.7373262431737646,0.0,120.93055555555556,120.0,0.075,0.05654283950607823,117,45.0,0,0.0,,,HPA-45-r0,flash_step,134
20.0,0.7120191988999269,0.0,123.46388888888889,120.0,0.075,0.034868461956515245,105,20.0,0,0.0,,,HPA-45-r0,flash_step,135
0.0,0.0,0.0,119.16666666666667,120.0,0.075,1.0,145,0.0,0,0.0,,,HPA-45-r0,flash_step,136
0.0,0.0,0.0,125.06944444444444,120.0,0.075,1.0,138,0.0,0,0.0,,,HPA-45-r0,flash_step,137
35.0,1.2539677688531925,0.0,125.91666666666667,120.0,0.075,0.0004570392537766604,119,35.0,0,0.0,,,HPA-45-r0,flash_step,138
20.0,0.4765277933908685,0.0,125.59305555555555,120.0,0.075,0.19536706774345447,106,20.0,0,0.0,,,HPA-45-r0,flash_step,139
25.0,0.5599365118189814,0.0,149.8486111111111,120.0,0.075,0.2380701377424833,154,25.0,0,0.0,,,PredHPA-r1,flash_step,100
45.0,1.2947623237074102,0.0,151.05416666666667,120.0,0.075,0.0009175296763682296,160,50.0,0,0.0,,,PredHPA-r1,flash_step,101
15.0,0.698822426733825,0.0,151.38472222222222,120.0,0.075,0.06624917136421749,162,15.0,0,0.0,,,PredHPA-r1,flash_step,102
0.0,0.0,0.0,142.74722222222223,120.0,0.075,1.0,122,0.0,0,0.0,,,PredHPA-r1,flash_step,103
25.0,0.26116272210091607,0.0,129.36388888888888,120.0,0.075,0.5688241473163469,134,25.0,0,0.0,,,PredHPA-r1,flash_step,104
0.0,0.0,0.0,148.8388888888889,120.0,0.075,1.0,111,0.0,0,0.0,,,PredHPA-r1,flash_step,105
0.0,0.0,0.0,148.04722222222222,120.0,0.075,1.0,156,0.0,0,0.0,,,PredHPA-r1,flash_step,106
0.0,0.015210968924339596,0.0,150.9777777777778,120.0,0.075,0.9520753581181809,150,0.0,0,0.0,,,PredHPA-r1,flash_step,107
15.0,0.5260168475126448,0.0,151.34583333333333,120.0,0.075,0.22059433031432774,161,15.0,0,0.0,,,PredHPA-r1,flash_step,108
0.0,7.566933111213814e-05,0.0,143.19166666666666,120.0,0.075,0.9997646855370385,129,0.0,0,0.0,,,PredHPA-r1,flash_step,109
0.0,0.0,0.0,130.5402777777778,120.0,0.075,1.0,143,0.0,0,0.0,,,PredHPA-r1,flash_step,110
50.0,1.9076519913883705,0.0,149.31944444444446,120.0,0.075,0.00042734596964746864,111,50.0,0,0.0,,,PredHPA-r1,flash_step,111
10.0,0.04874002778660902,0.0,148.64305555555555,120.0,0.075,0.8701431722158114,168,10.0,0,0.0,,,PredHPA-r1,flash_step,112
5.0,0.02882827295477286,0.0,144.87222222222223,120.0,0.075,0.9492894160689923,179,5.0,0,0.0,,,PredHPA-r1,flash_step,113
0.0,0.0,0.0,152.12777777777777,120.0,0.075,1.0,127,0.0,0,0.0,,,PredHPA-r1,flash_step,114
15.0,0.23340635596726944,0.0,141.65833333333333,120.0,0.075,0.5046044718167935,125,15.0,0,0.0,,,PredHPA-r1,flash_step,115
0.0,0.0,0.0,130.73472222222222,120.0,0.075,1.0,149,0.0,0,0.0,,,PredHPA-r1,flash_step,116
45.0,1.9636026403722528,0.0,151.00416666666666,120.0,0.075,0.0002378554704585793,101,45.0,0,0.0,,,PredHPA-r1,flash_step,117
5.0,0.015875200204706896,0.0,148.9763888888889,120.0,0.075,0.9388945263248797,156,5.0,0,0.0,,,PredHPA-r1,flash_step,118
0.0,0.025825021487946298,0.0,148.51944444444445,120.0,0.075,0.9587600642417183,170,0.0,0,0.0,,,PredHPA-r1,flash_step,119
25.0,1.3041111901243019,0.0,151.30694444444444,120.0,0.075,0.001471504692681772,151,25.0,0,0.0,,,PredHPA-r1,flash_step,120
0.0,0.0,0.0,144.17638888888888,120.0,0.075,1.0,120,0.0,0,0.0,,,PredHPA-r1,flash_step,121
0.0,0.014690148780283074,0.0,129.86527777777778,120.0,0.075,0.9537676373436145,152,0.0,0,0.0,,,PredHPA-r1,flash_step,122
0.0,0.0,0.0,147.4388888888889,120.0,0.075,1.0,115,0.0,0,0.0,,,PredHPA-r1,flash_step,123
0.0,0.0,0.0,147.9111111111111,120.0,0.075,1.0,151,0.0,0,0.0,,,PredHPA-r1,flash_step,124
0.0,0.010207740079370975,0.0,144.92083333333332,120.0,0.075,0.9822364857352198,166,0.0,0,0.0,,,PredHPA-r1,flash_step,125
0.0,0.0,0.0,151.04861111111111,120.0,0.075,1.0,149,0.0,0,0.0,,,PredHPA-r1,flash_step,126
0.0,0.0,0.0,141.52916666666667,120.0,0.075,1.0,122,0.0,0,0.0,,,PredHPA-r1,flash_step,127
35.0,0.8269972102378342,0.0,129.2763888888889,120.0,0.075,0.16510557717702667,145,35.0,0,0.0,,,PredHPA-r1,flash_step,128
40.0,2.0060214397822573,0.0,150.9375,120.0,0.075,0.0010549363601759568,110,40.0,0,0.0,,,PredHPA-r1,flash_step,129
0.0,0.0,0.0,150.05416666666667,120.0,0.075,1.0,171,0.0,0,0.0,,,PredHPA-r1,flash_step,130
20.0,0.07290013547586183,0.0,153.08055555555555,120.0,0.075,0.8414864565289898,147,20.0,0,0.0,,,PredHPA-r1,flash_step,131
0.0,0.0,0.0,149.24305555555554,120.0,0.075,1.0,157,0.0,0,0.0,,,PredHPA-r1,flash_step,132
0.0,0.0,0.0,143.55972222222223,120.0,0.075,1.0,112,0.0,0,0.0,,,PredHPA-r1,flash_step,133
25.0,0.3315928749657804,0.0,128.0263888888889,120.0,0.075,0.540651621313999,141,25.0,0,0.0,,,PredHPA-r1,flash_step,134
0.0,0.0,0.0,149.82222222222222,120.0,0.075,1.0,96,0.0,0,0.0,,,PredHPA-r1,flash_step,135
0.0,0.0,0.0,147.73611111111111,120.0,0.075,1.0,184,0.0,0,0.0,,,PredHPA-r1,flash_step,136
0.0,0.0,0.0,144.1875,120.0,0.075,1.0,170,0.0,0,0.0,,,PredHPA-r1,flash_step,137
0.0,0.0,0.0,151.17638888888888,120.0,0.075,1.0,156,0.0,0,0.0,,,PredHPA-r1,flash_step,138
0.0,0.0,0.0,142.08055555555555,120.0,0.075,1.0,122,0.0,0,0.0,,,PredHPA-r1,flash_step,139
20.0,0.14084027126689547,0.0,90.50833333333334,60.0,0.075,0.05198066221534044,51,20.0,0,0.0,,,HPA-45-r1,kill_cascade,100
50.0,0.9128864020329308,0.0,99.1125,66.0,0.075,0.012716868501264016,73,50.0,0,0.0,,,HPA-45-r1,kill_cascade,101
35.0,0.4933900768261168,0.0,94.73055555555555,61.0,0.075,0.04244320475629631,63,35.0,0,0.0,,,HPA-45-r1,kill_cascade,102
15.0,0.09570178092592752,0.0,90.32777777777778,54.0,0.075,0.18000000154641543,40,15.0,0,0.0,,,HPA-45-r1,kill_cascade,103
20.0,0.3458551824166767,0.0,91.24444444444444,64.0,0.075,0.18000000066329377,60,20.0,0,0.0,,,HPA-45-r1,kill_cascade,104
15.0,0.07500038186283309,0.0,91.95694444444445,54.0,0.075,0.1800000018776865,37,15.0,0,0.0,,,HPA-45-r1,kill_cascade,105
30.0,0.34279912445919214,0.0,87.48055555555555,55.0,0.075,0.04622219658305839,31,30.0,0,0.0,,,HPA-45-r1,kill_cascade,106
35.0,0.5086088853656578,0.0,95.78888888888889,68.0,0.075,0.045960477047913624,73,35.0,0,0.0,,,HPA-45-r1,kill_cascade,107
15.0,0.30022943381812217,0.0,94.1125,59.0,0.075,0.180000000630703,56,15.0,0,0.0,,,HPA-45-r1,kill_cascade,108
45.0,0.849481766301674,0.0,96.18055555555556,66.0,0.075,0.011951685245144823,54,45.0,0,0.0,,,HPA-45-r1,kill_cascade,109
30.0,0.40959154522950403,0.0,91.60833333333333,68.0,0.075,0.023405073512130906,52,30.0,0,0.0,,,HPA-45-r1,kill_cascade,110
20.0,0.3137511318900721,0.0,91.0736111111111,53.0,0.075,0.1800000005945935,33,20.0,0,0.0,,,HPA-45-r1,kill_cascade,111
20.0,0.2506121393702543,0.0,88.875,58.0,0.075,0.043052024577872675,44,20.0,0,0.0,,,HPA-45-r1,kill_cascade,112
0.0,0.0,0.0,96.11666666666666,68.0,0.075,1.0,68,0.0,0,0.0,,,HPA-45-r1,kill_cascade,113
15.0,0.1915528466962746,0.0,94.2625,60.0,0.075,0.18000000104490138,58,15.0,0,0.0,,,HPA-45-r1,kill_cascade,114
25.0,0.34859316485684744,0.0,92.60833333333333,59.0,0.075,0.04530326241069568,51,25.0,0,0.0,,,HPA-45-r1,kill_cascade,115
0.0,0.0,0.0,90.27083333333333,61.0,0.075,1.0,54,0.0,0,0.0,,,HPA-45-r1,kill_cascade,116
35.0,0.7447653077587213,0.0,92.375,58.0,0.075,0.04210228125075677,36,35.0,0,0.0,,,HPA-45-r1,kill_cascade,117
40.0,0.5687965409187701,0.0,89.93611111111112,61.0,0.075,0.013310295127977073,44,40.0,0,0.0,,,HPA-45-r1,kill_cascade,118
15.0,0.19459480380626948,0.0,97.43888888888888,72.0,0.075,0.18000000097193142,73,15.0,0,0.0,,,HPA-45-r1,kill_cascade,119
50.0,0.9863111036903627,0.0,97.84166666666667,68.0,0.075,0.013285255344629753,60,50.0,0,0.0,,,HPA-45-r1,kill_cascade,120
20.0,0.11253961946393609,0.0,90.425,53.0,0.075,0.18000000160294943,33,20.0,0,0.0,,,HPA-45-r1,kill_cascade,121
40.0,0.7638737182379951,0.0,91.67083333333333,66.0,0.075,0.044505783365742145,55,40.0,0,0.0,,,HPA-45-r1,kill_cascade,122
15.0,0.20644843557448,0.0,92.02638888888889,54.0,0.075,0.18000000087451362,37,15.0,0,0.0,,,HPA-45-r1,kill_cascade,123
20.0,0.21285529591271724,0.0,89.00138888888888,58.0,0.075,0.18000000091174492,41,20.0,0,0.0,,,HPA-45-r1,kill_cascade,124
15.0,0.11944541539533615,0.0,96.24722222222222,70.0,0.075,0.1800000019755218,70,15.0,0,0.0,,,HPA-45-r1,kill_cascade,125
20.0,0.1408186258919364,0.0,94.55833333333334,58.0,0.075,0.05342823907650479,55,20.0,0,0.0,,,HPA-45-r1,kill_cascade,126
10.0,0.10271379045329043,0.0,91.48055555555555,56.0,0.075,0.1800000011578022,48,10.0,0,0.0,,,HPA-45-r1,kill_cascade,127
35.0,0.64304006460566,0.0,93.58472222222223,73.0,0.075,0.013816363881514278,58,35.0,0,0.0,,,HPA-45-r1,kill_cascade,128
45.0,0.8479859466774875,0.0,93.75138888888888,56.0,0.075,0.04145009225041962,42,45.0,0,0.0,,,HPA-45-r1,kill_cascade,129
35.0,0.4428259544632329,0.0,87.31805555555556,56.0,0.075,0.04710147704635314,39,35.0,0,0.0,,,HPA-45-r1,kill_cascade,130
35.0,0.5819805867497307,0.0,98.0736111111111,68.0,0.075,0.01342923239261409,70,35.0,0,0.0,,,HPA-45-r1,kill_cascade,131
30.0,0.4178053917723079,0.0,94.2611111111111,58.0,0.075,0.019404772434106942,49,30.0,0,0.0,,,HPA-45-r1,kill_cascade,132
0.0,0.0,0.0,90.53611111111111,54.0,0.075,1.0,43,0.0,0,0.0,,,HPA-45-r1,kill_cascade,133
15.0,0.18040064537605538,0.0,90.81388888888888,62.0,0.075,0.04799512883552651,48,15.0,0,0.0,,,HPA-45-r1,kill_cascade,134
35.0,0.45516118924429083,0.0,93.17916666666666,56.0,0.075,0.0465279290631763,34,35.0,0,0.0,,,HPA-45-r1,kill_cascade,135
10.0,0.062086528505422844,0.0,89.27222222222223,55.0,0.075,0.19291104878012288,41,10.0,0,0.0,,,HPA-45-r1,kill_cascade,136
35.0,0.44035131187990517,0.0,97.07777777777778,72.0,0.075,0.047126716473201526,73,35.0,0,0.0,,,HPA-45-r1,kill_cascade,137
30.0,0.527517501211705,0.0,94.75416666666666,62.0,0.075,0.04199613742478278,53,30.0,0,0.0,,,HPA-45-r1,kill_cascade,138
15.0,0.10083587378045822,0.0,92.4375,60.0,0.075,0.1800000012435513,48,15.0,0,0.0,,,HPA-45-r1,kill_cascade,139
15.0,0.07118897945531666,0.0,89.77083333333333,58.0,0.075,0.18000000509479425,45,15.0,0,0.0,,,HPA-45-r0,kill_cascade,100
35.0,0.5478645980911967,0.0,97.27222222222223,68.0,0.075,0.026599951913995303,73,35.0,0,0.0,,,HPA-45-r0,kill_cascade,101
25.0,0.3801971054096853,0.0,93.95277777777778,59.0,0.075,0.04762817835008558,52,25.0,0,0.0,,,HPA-45-r0,kill_cascade,102
10.0,0.08693957764052129,0.0,90.14861111111111,54.0,0.075,0.1800000028917297,38,10.0,0,0.0,,,HPA-45-r0,kill_cascade,103
15.0,0.29068116566990376,0.0,90.96111111111111,63.0,0.075,0.18000000133996186,57,15.0,0,0.0,,,HPA-45-r0,kill_cascade,104
10.0,0.07121953861634056,0.0,91.95694444444445,54.0,0.075,0.18000000364177143,38,10.0,0,0.0,,,HPA-45-r0,kill_cascade,105
25.0,0.3158402801821003,0.0,87.48055555555555,55.0,0.075,0.055204706906504,31,25.0,0,0.0,,,HPA-45-r0,kill_cascade,106
25.0,0.4077929801064806,0.0,95.78888888888889,68.0,0.075,0.05372558292785986,73,25.0,0,0.0,,,HPA-45-r0,kill_cascade,107
15.0,0.30022943362791876,0.0,94.1125,59.0,0.075,0.18000000108666556,56,15.0,0,0.0,,,HPA-45-r0,kill_cascade,108
25.0,0.4266336140614335,0.0,92.85277777777777,58.0,0.075,0.025521791317547823,49,25.0,0,0.0,,,HPA-45-r0,kill_cascade,109
20.0,0.08382571260526772,0.0,90.28611111111111,60.0,0.075,0.612831318846836,50,20.0,0,0.0,,,HPA-45-r0,kill_cascade,110
15.0,0.2935303082550078,0.0,91.00277777777778,53.0,0.075,0.18000000130987553,34,15.0,0,0.0,,,HPA-45-r0,kill_cascade,111
15.0,0.1458045729127888,0.0,88.8625,58.0,0.075,0.1800000018609984,45,15.0,0,0.0,,,HPA-45-r0,kill_cascade,112
0.0,0.0,0.0,96.11666666666666,68.0,0.075,1.0,68,0.0,0,0.0,,,HPA-45-r0,kill_cascade,113
15.0,0.19155284650630433,0.0,93.3013888888889,59.0,0.075,0.18000000183793932,50,15.0,0,0.0,,,HPA-45-r0,kill_cascade,114
10.0,0.13135323618219674,0.0,91.68333333333334,57.0,0.075,0.18000000175753575,46,10.0,0,0.0,,,HPA-45-r0,kill_cascade,115
0.0,0.0,0.0,90.27083333333333,61.0,0.075,1.0,54,0.0,0,0.0,,,HPA-45-r0,kill_cascade,116
25.0,0.5505457865357943,0.0,91.69166666666666,54.0,0.075,0.04842138725621817,34,25.0,0,0.0,,,HPA-45-r0,kill_cascade,117
25.0,0.4202559845118303,0.0,88.10277777777777,56.0,0.075,0.02362233576576107,42,25.0,0,0.0,,,HPA-45-r0,kill_cascade,118
15.0,0.19459480359963477,0.0,97.32222222222222,71.0,0.075,0.1800000021598477,74,15.0,0,0.0,,,HPA-45-r0,kill_cascade,119
35.0,0.5619412875940144,0.0,94.68333333333334,61.0,0.075,0.029498553883904828,51,35.0,0,0.0,,,HPA-45-r0,kill_cascade,120
15.0,0.0904531409272824,0.0,90.50555555555556,53.0,0.075,0.1800000035621099,35,15.0,0,0.0,,,HPA-45-r0,kill_cascade,121
25.0,0.4567579439222036,0.0,90.53611111111111,62.0,0.075,0.05174544059699356,51,25.0,0,0.0,,,HPA-45-r0,kill_cascade,122
15.0,0.2064484353882845,0.0,92.02222222222223,54.0,0.075,0.18000000187246057,36,15.0,0,0.0,,,HPA-45-r0,kill_cascade,123
15.0,0.20501764171942938,0.0,89.00138888888888,58.0,0.075,0.18000000202609978,41,15.0,0,0.0,,,HPA-45-r0,kill_cascade,124
15.0,0.11944541518912333,0.0,96.24722222222222,70.0,0.075,0.18000000294016885,70,15.0,0,0.0,,,HPA-45-r0,kill_cascade,125
20.0,0.06479783834620889,0.0,94.83611111111111,58.0,0.075,0.47128524178413184,66,20.0,0,0.0,,,HPA-45-r0,kill_cascade,126
10.0,0.10271379036177475,0.0,91.48055555555555,56.0,0.075,0.18000000257289386,48,10.0,0,0.0,,,HPA-45-r0,kill_cascade,127
25.0,0.4530307185882654,0.0,92.10972222222222,68.0,0.075,0.0284283119297879,54,25.0,0,0.0,,,HPA-45-r0,kill_cascade,128
25.0,0.5290563432141293,0.0,92.18888888888888,54.0,0.075,0.04781683402966573,35,25.0,0,0.0,,,HPA-45-r0,kill_cascade,129
25.0,0.34752143447772665,0.0,87.31805555555556,56.0,0.075,0.056364907793189895,39,25.0,0,0.0,,,HPA-45-r0,kill_cascade,130
30.0,0.503807518667343,0.0,98.02638888888889,71.0,0.075,0.027649619076832006,72,30.0,0,0.0,,,HPA-45-r0,kill_cascade,131
20.0,0.32941296397968056,0.0,92.91944444444445,59.0,0.075,0.0324146695413952,54,20.0,0,0.0,,,HPA-45-r0,kill_cascade,132
0.0,0.0,0.0,90.97916666666667,54.0,0.075,1.0,42,0.0,0,0.0,,,HPA-45-r0,kill_cascade,133
15.0,0.13997853645978386,0.0,90.81805555555556,62.0,0.075,0.0839672431632339,48,15.0,0,0.0,,,HPA-45-r0,kill_cascade,134
25.0,0.2643335450341566,0.0,91.93333333333334,54.0,0.075,0.055453135962661826,29,25.0,0,0.0,,,HPA-45-r0,kill_cascade,135
10.0,0.037729643618533704,0.0,88.52361111111111,56.0,0.075,0.5534150653785375,39,10.0,0,0.0,,,HPA-45-r0,kill_cascade,136
35.0,0.4343207497659818,0.0,97.07777777777778,72.0,0.075,0.05612544247600136,73,35.0,0,0.0,,,HPA-45-r0,kill_cascade,137
25.0,0.41491920196055077,0.0,93.62638888888888,61.0,0.075,0.048704819772624294,51,25.0,0,0.0,,,HPA-45-r0,kill_cascade,138
10.0,0.09443328712508414,0.0,92.4375,60.0,0.075,0.18000000276344735,49,10.0,0,0.0,,,HPA-45-r0,kill_cascade,139
0.0,0.0,0.0,123.35694444444445,84.0,0.075,1.0,107,0.0,0,0.0,,,PredHPA-r1,kill_cascade,100
40.0,0.7674059309445536,0.0,135.19583333333333,105.0,0.075,0.012716868501264016,137,40.0,0,0.0,,,PredHPA-r1,kill_cascade,101
20.0,0.371724546322616,0.0,128.675,83.0,0.075,0.050025026723061465,98,20.0,0,0.0,,,PredHPA-r1,kill_cascade,102
0.0,0.0,0.0,111.97638888888889,67.0,0.075,1.0,79,0.0,0,0.0,,,PredHPA-r1,kill_cascade,103
15.0,0.2691984327261143,0.0,106.2388888888889,86.0,0.075,0.04725121554729449,83,15.0,0,0.0,,,PredHPA-r1,kill_cascade,104
0.0,0.0,0.0,122.53333333333333,95.0,0.075,1.0,72,0.0,0,0.0,,,PredHPA-r1,kill_cascade,105
30.0,0.34279912445919214,0.0,122.76527777777778,82.0,0.075,0.04622219658305839,102,30.0,0,0.0,,,PredHPA-r1,kill_cascade,106
30.0,0.4835881801649955,0.0,129.34027777777777,103.0,0.075,0.045960477047913624,135,30.0,0,0.0,,,PredHPA-r1,kill_cascade,107
15.0,0.3493800376814127,0.0,129.0,84.0,0.075,0.03917819136444792,98,15.0,0,0.0,,,PredHPA-r1,kill_cascade,108
40.0,0.593815833661504,0.0,121.85833333333333,92.0,0.075,0.017135246808497515,77,40.0,0,0.0,,,PredHPA-r1,kill_cascade,109
30.0,0.3405054305100852,0.0,107.32777777777778,91.0,0.075,0.023405073512130906,87,30.0,0,0.0,,,PredHPA-r1,kill_cascade,110
15.0,0.31736408527710536,0.0,123.47916666666667,93.0,0.075,0.040901472395839106,73,15.0,0,0.0,,,PredHPA-r1,kill_cascade,111
15.0,0.22357368132387423,0.0,124.23611111111111,88.0,0.075,0.18000000075544442,115,15.0,0,0.0,,,PredHPA-r1,kill_cascade,112
0.0,0.0,0.0,130.89027777777778,111.0,0.075,1.0,132,0.0,0,0.0,,,PredHPA-r1,kill_cascade,113
0.0,0.0005510161651289813,0.0,129.32916666666668,84.0,0.075,0.9941360926349784,92,0.0,0,0.0,,,PredHPA-r1,kill_cascade,114
0.0,0.004238253236188427,0.0,112.1763888888889,70.0,0.075,0.9552172719920154,70,0.0,0,0.0,,,PredHPA-r1,kill_cascade,115
0.0,0.0,0.0,108.025,90.0,0.075,1.0,89,0.0,0,0.0,,,PredHPA-r1,kill_cascade,116
25.0,0.5537798132588478,0.0,124.89166666666667,95.0,0.075,0.04210228125075677,75,25.0,0,0.0,,,PredHPA-r1,kill_cascade,117
30.0,0.4284678515711349,0.0,122.51805555555555,83.0,0.075,0.02254353233521341,98,30.0,0,0.0,,,PredHPA-r1,kill_cascade,118
15.0,0.19459480380626948,0.0,130.4138888888889,111.0,0.075,0.18000000097193142,129,15.0,0,0.0,,,PredHPA-r1,kill_cascade,119
20.0,0.1480257136747598,0.0,130.50555555555556,85.0,0.075,0.45338154846496764,92,10.0,0,0.0,,,PredHPA-r1,kill_cascade,120
0.0,0.0,0.0,113.27361111111111,70.0,0.075,1.0,82,0.0,0,0.0,,,PredHPA-r1,kill_cascade,121
15.0,0.027945705492360418,0.0,107.07916666666667,89.0,0.075,0.8889445658150522,84,15.0,0,0.0,,,PredHPA-r1,kill_cascade,122
0.0,0.0,0.0,121.87083333333334,92.0,0.075,1.0,59,0.0,0,0.0,,,PredHPA-r1,kill_cascade,123
0.0,0.0,0.0,124.16527777777777,89.0,0.075,1.0,96,0.0,0,0.0,,,PredHPA-r1,kill_cascade,124
15.0,0.11944541539533615,0.0,132.01944444444445,113.0,0.075,0.1800000019755218,137,15.0,0,0.0,,,PredHPA-r1,kill_cascade,125
20.0,0.1408186258919364,0.0,130.04305555555555,82.0,0.075,0.05342823907650479,95,20.0,0,0.0,,,PredHPA-r1,kill_cascade,126
0.0,0.0,0.0,112.46527777777777,71.0,0.075,1.0,72,0.0,0,0.0,,,PredHPA-r1,kill_cascade,127
35.0,0.64304006460566,0.0,110.69722222222222,96.0,0.075,0.013816363881514278,90,35.0,0,0.0,,,PredHPA-r1,kill_cascade,128
25.0,0.44764217417069263,0.0,125.68472222222222,97.0,0.075,0.05215578294741938,75,25.0,0,0.0,,,PredHPA-r1,kill_cascade,129
25.0,0.35015282160075767,0.0,124.05972222222222,84.0,0.075,0.04710147704635314,108,25.0,0,0.0,,,PredHPA-r1,kill_cascade,130
35.0,0.5222067345000303,0.0,134.54305555555555,111.0,0.075,0.01342923239261409,138,35.0,0,0.0,,,PredHPA-r1,kill_cascade,131
15.0,0.1205454856070487,0.0,128.27777777777777,81.0,0.075,0.4792622604374977,99,15.0,0,0.0,,,PredHPA-r1,kill_cascade,132
0.0,0.0,0.0,114.14583333333333,70.0,0.075,1.0,81,0.0,0,0.0,,,PredHPA-r1,kill_cascade,133
20.0,0.30689869944029446,0.0,107.15138888888889,92.0,0.075,0.04799512883552651,90,20.0,0,0.0,,,PredHPA-r1,kill_cascade,134
0.0,0.0,0.0,122.66111111111111,97.0,0.075,1.0,61,0.0,0,0.0,,,PredHPA-r1,kill_cascade,135
0.0,0.0,0.0,122.0125,83.0,0.075,1.0,113,0.0,0,0.0,,,PredHPA-r1,kill_cascade,136
30.0,0.37442342491441627,0.0,129.57083333333333,113.0,0.075,0.047126716473201526,126,30.0,0,0.0,,,PredHPA-r1,kill_cascade,137
15.0,0.16227285155165916,0.0,129.8986111111111,85.0,0.075,0.0707383648000354,99,15.0,0,0.0,,,PredHPA-r1,kill_cascade,138
0.0,0.0,0.0,113.75694444444444,70.0,0.075,1.0,71,0.0,0,0.0,,,PredHPA-r1,kill_cascade,139
0.0,0.005945697073661549,0.0,88.95277777777778,56.0,0.075,0.9520012215550521,42,0.0,0,0.0,,,HPA-45-r1,node_failure,100
0.0,0.0,0.0,96.1138888888889,66.0,0.075,1.0,69,0.0,0,0.0,,,HPA-45-r1,node_failure,101
10.0,0.0620105905185353,0.0,94.83611111111111,61.0,0.075,0.7101340946382106,61,10.0,0,0.0,,,HPA-45-r1,node_failure,102
0.0,0.0,0.0,89.96527777777777,54.0,0.075,1.0,39,0.0,0,0.0,,,HPA-45-r1,node_failure,103
15.0,0.3060518317019145,0.0,92.20277777777778,66.0,0.075,0.04151553251786001,62,15.0,0,0.0,,,HPA-45-r1,node_failure,104
0.0,0.0,0.0,91.17361111111111,52.0,0.075,1.0,31,0.0,0,0.0,,,HPA-45-r1,node_failure,105
0.0,0.0,0.0,87.6986111111111,57.0,0.075,1.0,35,0.0,0,0.0,,,HPA-45-r1,node_failure,106
0.0,0.0,0.0,94.96944444444445,68.0,0.075,1.0,67,0.0,0,0.0,,,HPA-45-r1,node_failure,107
0.0,0.0011173875374415054,0.0,93.39722222222223,58.0,0.075,0.9929776050182776,51,0.0,0,0.0,,,HPA-45-r1,node_failure,108
0.0,0.0,0.0,92.90694444444445,57.0,0.075,1.0,48,0.0,0,0.0,,,HPA-45-r1,node_failure,109
10.0,0.016258107302191682,0.0,89.78194444444445,58.0,0.075,0.8868974710125874,47,10.0,0,0.0,,,HPA-45-r1,node_failure,110
20.0,0.3862571664895009,0.0,90.75,53.0,0.075,0.040901472395839106,34,20.0,0,0.0,,,HPA-45-r1,node_failure,111
0.0,0.0,0.0,88.0625,55.0,0.075,1.0,41,0.0,0,0.0,,,HPA-45-r1,node_failure,112
0.0,0.0,0.0,96.26527777777778,69.0,0.075,1.0,72,0.0,0,0.0,,,HPA-45-r1,node_failure,113
0.0,0.0005510161651289813,0.0,93.5125,60.0,0.075,0.9941360926349784,57,0.0,0,0.0,,,HPA-45-r1,node_failure,114
5.0,0.011495317657839177,0.0,91.97222222222223,56.0,0.075,0.9186562132003954,50,5.0,0,0.0,,,HPA-45-r1,node_failure,115
0.0,0.0,0.0,90.5375,61.0,0.075,1.0,53,0.0,0,0.0,,,HPA-45-r1,node_failure,116
20.0,0.41250543757028746,0.0,93.08611111111111,57.0,0.075,0.026891708944464156,43,20.0,0,0.0,,,HPA-45-r1,node_failure,117
0.0,0.005663667804167716,0.0,87.59722222222223,54.0,0.075,0.950744942063456,37,0.0,0,0.0,,,HPA-45-r1,node_failure,118
0.0,0.0,0.0,97.04583333333333,69.0,0.075,1.0,78,0.0,0,0.0,,,HPA-45-r1,node_failure,119
5.0,0.008609391783975795,0.0,94.97222222222223,60.0,0.075,0.916540992438669,61,5.0,0,0.0,,,HPA-45-r1,node_failure,120
0.0,0.0,0.0,90.025,53.0,0.075,1.0,34,0.0,0,0.0,,,HPA-45-r1,node_failure,121
0.0,0.0,0.0,89.56527777777778,58.0,0.075,1.0,49,0.0,0,0.0,,,HPA-45-r1,node_failure,122
0.0,0.0,0.0,92.20833333333333,54.0,0.075,1.0,39,0.0,0,0.0,,,HPA-45-r1,node_failure,123
0.0,0.0,0.0,88.54722222222222,55.0,0.075,1.0,37,0.0,0,0.0,,,HPA-45-r1,node_failure,124
0.0,0.0,0.0,96.06944444444444,70.0,0.075,1.0,70,0.0,0,0.0,,,HPA-45-r1,node_failure,125
0.0,0.0,0.0,94.04444444444445,58.0,0.075,1.0,61,0.0,0,0.0,,,HPA-45-r1,node_failure,126
0.0,0.0,0.0,91.8125,57.0,0.075,1.0,47,0.0,0,0.0,,,HPA-45-r1,node_failure,127
0.0,0.0,0.0,90.60277777777777,60.0,0.075,1.0,52,0.0,0,0.0,,,HPA-45-r1,node_failure,128
0.0,0.0,0.0,92.55,55.0,0.075,1.0,39,0.0,0,0.0,,,HPA-45-r1,node_failure,129
0.0,0.0,0.0,86.84027777777777,55.0,0.075,1.0,39,0.0,0,0.0,,,HPA-45-r1,node_failure,130
0.0,0.0,0.0,96.54166666666667,69.0,0.075,1.0,73,0.0,0,0.0,,,HPA-45-r1,node_failure,131
0.0,0.0,0.0,91.8125,58.0,0.075,1.0,45,0.0,0,0.0,,,HPA-45-r1,node_failure,132
0.0,0.0,0.0,90.74722222222222,54.0,0.075,1.0,42,0.0,0,0.0,,,HPA-45-r1,node_failure,133
0.0,0.0,0.0,89.8013888888889,58.0,0.075,1.0,45,0.0,0,0.0,,,HPA-45-r1,node_failure,134
0.0,0.0,0.0,91.53194444444445,54.0,0.075,1.0,34,0.0,0,0.0,,,HPA-45-r1,node_failure,135
0.0,0.0,0.0,88.80277777777778,56.0,0.075,1.0,45,0.0,0,0.0,,,HPA-45-r1,node_failure,136
0.0,0.0,0.0,95.54444444444445,69.0,0.075,1.0,71,0.0,0,0.0,,,HPA-45-r1,node_failure,137
0.0,0.0,0.0,92.65416666666667,61.0,0.075,1.0,54,0.0,0,0.0,,,HPA-45-r1,node_failure,138
0.0,0.0,0.0,91.9375,58.0,0.075,1.0,42,0.0,0,0.0,,,HPA-45-r1,node_failure,139
0.0,0.005945697073661549,0.0,88.95277777777778,56.0,0.075,0.9520012215550521,42,0.0,0,0.0,,,HPA-45-r0,node_failure,100
0.0,0.0,0.0,96.1138888888889,66.0,0.075,1.0,69,0.0,0,0.0,,,HPA-45-r0,node_failure,101
0.0,0.0,0.0,93.1138888888889,61.0,0.075,1.0,55,0.0,0,0.0,,,HPA-45-r0,node_failure,102
0.0,0.0,0.0,89.96527777777777,54.0,0.075,1.0,39,0.0,0,0.0,,,HPA-45-r0,node_failure,103
15.0,0.3042056761937695,0.0,91.47777777777777,64.0,0.075,0.05246582093453098,59,15.0,0,0.0,,,HPA-45-r0,node_failure,104
0.0,0.0,0.0,91.17361111111111,52.0,0.075,1.0,31,0.0,0,0.0,,,HPA-45-r0,node_failure,105
0.0,0.0,0.0,87.6986111111111,57.0,0.075,1.0,35,0.0,0,0.0,,,HPA-45-r0,node_failure,106
0.0,0.0,0.0,94.96944444444445,68.0,0.075,1.0,67,0.0,0,0.0,,,HPA-45-r0,node_failure,107
0.0,0.0011173875374415054,0.0,93.39722222222223,58.0,0.075,0.9929776050182776,51,0.0,0,0.0,,,HPA-45-r0,node_failure,108
0.0,0.0,0.0,92.09861111111111,58.0,0.075,1.0,47,0.0,0,0.0,,,HPA-45-r0,node_failure,109
10.0,0.011646453007307933,0.0,89.78194444444445,58.0,0.075,0.934533344345428,47,10.0,0,0.0,,,HPA-45-r0,node_failure,110
15.0,0.3154719109648485,0.0,91.46666666666667,53.0,0.075,0.05023624885462751,38,15.0,0,0.0,,,HPA-45-r0,node_failure,111
0.0,0.0,0.0,88.0625,55.0,0.075,1.0,41,0.0,0,0.0,,,HPA-45-r0,node_failure,112
0.0,0.0,0.0,96.26527777777778,69.0,0.075,1.0,72,0.0,0,0.0,,,HPA-45-r0,node_failure,113
0.0,0.0005510161651289813,0.0,92.5513888888889,59.0,0.075,0.9941360926349784,47,0.0,0,0.0,,,HPA-45-r0,node_failure,114
0.0,0.007673527960383453,0.0,91.97222222222223,56.0,0.075,0.9552172719920154,50,0.0,0,0.0,,,HPA-45-r0,node_failure,115
0.0,0.0,0.0,90.5375,61.0,0.075,1.0,53,0.0,0,0.0,,,HPA-45-r0,node_failure,116
15.0,0.3248354312002877,0.0,91.425,54.0,0.075,0.048162980676233924,38,15.0,0,0.0,,,HPA-45-r0,node_failure,117
0.0,0.005663667804167716,0.0,87.59722222222223,54.0,0.075,0.950744942063456,37,0.0,0,0.0,,,HPA-45-r0,node_failure,118
0.0,0.0,0.0,97.04583333333333,69.0,0.075,1.0,78,0.0,0,0.0,,,HPA-45-r0,node_failure,119
5.0,0.008609391783975795,0.0,94.39305555555555,59.0,0.075,0.916540992438669,51,5.0,0,0.0,,,HPA-45-r0,node_failure,120
0.0,0.0,0.0,90.025,53.0,0.075,1.0,34,0.0,0,0.0,,,HPA-45-r0,node_failure,121
0.0,0.0,0.0,89.56527777777778,58.0,0.075,1.0,49,0.0,0,0.0,,,HPA-45-r0,node_failure,122
0.0,0.0,0.0,92.20833333333333,54.0,0.075,1.0,39,0.0,0,0.0,,,HPA-45-r0,node_failure,123
0.0,0.0,0.0,88.54722222222222,55.0,0.075,1.0,37,0.0,0,0.0,,,HPA-45-r0,node_failure,124
0.0,0.0,0.0,96.06944444444444,70.0,0.075,1.0,70,0.0,0,0.0,,,HPA-45-r0,node_failure,125
0.0,0.0,0.0,94.04444444444445,58.0,0.075,1.0,61,0.0,0,0.0,,,HPA-45-r0,node_failure,126
0.0,0.0,0.0,91.8125,57.0,0.075,1.0,47,0.0,0,0.0,,,HPA-45-r0,node_failure,127
0.0,0.0,0.0,90.60277777777777,60.0,0.075,1.0,52,0.0,0,0.0,,,HPA-45-r0,node_failure,128
0.0,0.0,0.0,92.55,55.0,0.075,1.0,39,0.0,0,0.0,,,HPA-45-r0,node_failure,129
0.0,0.0,0.0,86.84027777777777,55.0,0.075,1.0,39,0.0,0,0.0,,,HPA-45-r0,node_failure,130
0.0,0.0,0.0,96.54166666666667,69.0,0.075,1.0,73,0.0,0,0.0,,,HPA-45-r0,node_failure,131
0.0,0.0,0.0,91.8125,58.0,0.075,1.0,45,0.0,0,0.0,,,HPA-45-r0,node_failure,132
0.0,0.0,0.0,90.47916666666667,54.0,0.075,1.0,40,0.0,0,0.0,,,HPA-45-r0,node_failure,133
0.0,0.0,0.0,89.8013888888889,58.0,0.075,1.0,45,0.0,0,0.0,,,HPA-45-r0,node_failure,134
0.0,0.0,0.0,91.53194444444445,54.0,0.075,1.0,34,0.0,0,0.0,,,HPA-45-r0,node_failure,135
0.0,0.0,0.0,88.80277777777778,56.0,0.075,1.0,45,0.0,0,0.0,,,HPA-45-r0,node_failure,136
0.0,0.0,0.0,95.54444444444445,69.0,0.075,1.0,71,0.0,0,0.0,,,HPA-45-r0,node_failure,137
0.0,0.0,0.0,92.65416666666667,61.0,0.075,1.0,54,0.0,0,0.0,,,HPA-45-r0,node_failure,138
0.0,0.0,0.0,91.9375,58.0,0.075,1.0,42,0.0,0,0.0,,,HPA-45-r0,node_failure,139
0.0,0.0,0.0,123.49027777777778,85.0,0.075,1.0,103,0.0,0,0.0,,,PredHPA-r1,node_failure,100
0.0,0.0,0.0,129.53333333333333,104.0,0.075,1.0,135,0.0,0,0.0,,,PredHPA-r1,node_failure,101
0.0,0.0,0.0,129.55416666666667,85.0,0.075,1.0,95,0.0,0,0.0,,,PredHPA-r1,node_failure,102
0.0,0.0,0.0,111.8013888888889,67.0,0.075,1.0,76,0.0,0,0.0,,,PredHPA-r1,node_failure,103
0.0,0.0,0.0,105.68888888888888,86.0,0.075,1.0,83,0.0,0,0.0,,,PredHPA-r1,node_failure,104
0.0,0.0,0.0,122.23472222222222,95.0,0.075,1.0,73,0.0,0,0.0,,,PredHPA-r1,node_failure,105
0.0,0.0,0.0,121.86111111111111,82.0,0.075,1.0,100,0.0,0,0.0,,,PredHPA-r1,node_failure,106
0.0,0.0,0.0,127.31944444444444,103.0,0.075,1.0,130,0.0,0,0.0,,,PredHPA-r1,node_failure,107
0.0,0.0,0.0,128.79305555555555,84.0,0.075,1.0,96,0.0,0,0.0,,,PredHPA-r1,node_failure,108
0.0,0.0,0.0,112.49166666666666,71.0,0.075,1.0,67,0.0,0,0.0,,,PredHPA-r1,node_failure,109
0.0,0.0,0.0,106.23194444444445,88.0,0.075,1.0,82,0.0,0,0.0,,,PredHPA-r1,node_failure,110
0.0,0.0,0.0,122.04583333333333,93.0,0.075,1.0,63,0.0,0,0.0,,,PredHPA-r1,node_failure,111
0.0,0.0,0.0,123.52777777777777,88.0,0.075,1.0,111,0.0,0,0.0,,,PredHPA-r1,node_failure,112
0.0,0.0,0.0,130.10416666666666,109.0,0.075,1.0,132,0.0,0,0.0,,,PredHPA-r1,node_failure,113
0.0,0.0,0.0,129.30138888888888,83.0,0.075,1.0,89,0.0,0,0.0,,,PredHPA-r1,node_failure,114
0.0,0.0,0.0,111.82638888888889,70.0,0.075,1.0,76,0.0,0,0.0,,,PredHPA-r1,node_failure,115
0.0,0.0,0.0,107.36666666666666,89.0,0.075,1.0,83,0.0,0,0.0,,,PredHPA-r1,node_failure,116
0.0,0.0,0.0,122.15972222222223,94.0,0.075,1.0,67,0.0,0,0.0,,,PredHPA-r1,node_failure,117
0.0,0.0,0.0,122.19444444444444,85.0,0.075,1.0,105,0.0,0,0.0,,,PredHPA-r1,node_failure,118
0.0,0.0,0.0,130.9597222222222,112.0,0.075,1.0,134,0.0,0,0.0,,,PredHPA-r1,node_failure,119
0.0,0.0,0.0,127.36527777777778,84.0,0.075,1.0,91,0.0,0,0.0,,,PredHPA-r1,node_failure,120
0.0,0.0,0.0,114.31111111111112,70.0,0.075,1.0,82,0.0,0,0.0,,,PredHPA-r1,node_failure,121
0.0,0.0,0.0,106.025,87.0,0.075,1.0,84,0.0,0,0.0,,,PredHPA-r1,node_failure,122
0.0,0.0,0.0,121.63055555555556,93.0,0.075,1.0,64,0.0,0,0.0,,,PredHPA-r1,node_failure,123
0.0,0.0,0.0,123.5111111111111,88.0,0.075,1.0,91,0.0,0,0.0,,,PredHPA-r1,node_failure,124
0.0,0.0,0.0,131.88611111111112,112.0,0.075,1.0,138,0.0,0,0.0,,,PredHPA-r1,node_failure,125
0.0,0.0,0.0,129.46805555555557,81.0,0.075,1.0,95,0.0,0,0.0,,,PredHPA-r1,node_failure,126
0.0,0.0,0.0,112.78611111111111,71.0,0.075,1.0,75,0.0,0,0.0,,,PredHPA-r1,node_failure,127
0.0,0.0,0.0,106.11111111111111,84.0,0.075,1.0,86,0.0,0,0.0,,,PredHPA-r1,node_failure,128
0.0,0.0,0.0,122.91805555555555,98.0,0.075,1.0,70,0.0,0,0.0,,,PredHPA-r1,node_failure,129
0.0,0.0,0.0,124.075,84.0,0.075,1.0,107,0.0,0,0.0,,,PredHPA-r1,node_failure,130
0.0,0.0,0.0,130.75416666666666,111.0,0.075,1.0,131,0.0,0,0.0,,,PredHPA-r1,node_failure,131
0.0,0.0,0.0,128.175,82.0,0.075,1.0,99,0.0,0,0.0,,,PredHPA-r1,node_failure,132
0.0,0.0,0.0,113.96666666666667,70.0,0.075,1.0,86,0.0,0,0.0,,,PredHPA-r1,node_failure,133
0.0,0.0,0.0,106.39722222222223,90.0,0.075,1.0,88,0.0,0,0.0,,,PredHPA-r1,node_failure,134
0.0,0.0,0.0,122.95416666666667,97.0,0.075,1.0,65,0.0,0,0.0,,,PredHPA-r1,node_failure,135
0.0,0.0,0.0,121.86944444444444,83.0,0.075,1.0,109,0.0,0,0.0,,,PredHPA-r1,node_failure,136
0.0,0.0,0.0,128.48472222222222,112.0,0.075,1.0,126,0.0,0,0.0,,,PredHPA-r1,node_failure,137
0.0,0.0,0.0,129.08055555555555,84.0,0.075,1.0,96,0.0,0,0.0,,,PredHPA-r1,node_failure,138
0.0,0.0,0.0,113.825,70.0,0.075,1.0,75,0.0,0,0.0,,,PredHPA-r1,node_failure,139
80.0,1.2637868976586697,0.0,99.04861111111111,80.0,0.075,3.160063571584408e-05,57,80.0,0,0.0,,,HPA-45-r1,gray,100
0.0,0.0,0.0,97.58888888888889,72.0,0.075,1.0,74,0.0,0,0.0,,,HPA-45-r1,gray,101
80.0,1.1171301961111935,0.0,105.6625,72.0,0.075,0.0,65,80.0,0,0.0,,,HPA-45-r1,gray,102
65.0,0.9029127976939888,0.0,99.81111111111112,72.0,0.075,3.160063571584408e-05,54,65.0,0,0.0,,,HPA-45-r1,gray,103
70.0,1.3232958163785558,0.0,101.74166666666666,88.0,0.075,3.160063571584408e-05,78,70.0,0,0.0,,,HPA-45-r1,gray,104
55.0,0.6893814649025609,0.0,102.19166666666666,73.0,0.075,0.0005465061457353935,50,60.0,0,0.0,,,HPA-45-r1,gray,105
50.0,0.49258783456591626,0.0,98.34583333333333,73.0,0.075,0.0,39,50.0,0,0.0,,,HPA-45-r1,gray,106
85.0,1.1757060579789536,0.0,106.39027777777778,84.0,0.075,0.0,68,85.0,0,0.0,,,HPA-45-r1,gray,107
70.0,0.9198588566569188,0.0,103.63472222222222,73.0,0.075,3.1600635715844084e-05,64,70.0,0,0.0,,,HPA-45-r1,gray,108
0.0,0.0014408727619041883,0.0,93.08472222222223,57.0,0.075,0.9897882169833346,51,0.0,0,0.0,,,HPA-45-r1,gray,109
0.0,0.0,0.0,90.74166666666666,60.0,0.075,1.0,53,0.0,0,0.0,,,HPA-45-r1,gray,110
75.0,1.3153515681597283,0.0,100.42777777777778,74.0,0.075,3.160063571584408e-05,44,75.0,0,0.0,,,HPA-45-r1,gray,111
60.0,0.7107370861930917,0.0,95.92083333333333,73.0,0.075,3.160063571584408e-05,43,60.0,0,0.0,,,HPA-45-r1,gray,112
125.0,2.393822149795366,0.0,108.54444444444445,92.0,0.075,0.0,82,125.0,0,0.0,,,HPA-45-r1,gray,113
25.0,0.08918434992012392,0.0,99.68888888888888,66.0,0.075,0.5269637605785064,59,25.0,0,0.0,,,HPA-45-r1,gray,114
70.0,1.120643620186601,0.0,102.48472222222222,75.0,0.075,3.160063571584408e-05,58,70.0,0,0.0,,,HPA-45-r1,gray,115
10.0,0.01652680297905551,0.0,97.89166666666667,77.0,0.075,0.9085033586473418,70,10.0,0,0.0,,,HPA-45-r1,gray,116
60.0,1.1065566042378627,0.0,104.77638888888889,78.0,0.075,0.0,51,60.0,0,0.0,,,HPA-45-r1,gray,117
0.0,0.0,0.0,89.88194444444444,60.0,0.075,1.0,51,0.0,0,0.0,,,HPA-45-r1,gray,118
60.0,0.9653773179258085,0.0,107.49722222222222,93.0,0.075,3.160063571584408e-05,85,60.0,0,0.0,,,HPA-45-r1,gray,119
40.0,0.6697081308692066,0.0,95.34583333333333,59.0,0.075,0.00010304337770144988,54,40.0,0,0.0,,,HPA-45-r1,gray,120
60.0,0.8162389873072717,0.0,99.68888888888888,72.0,0.075,3.160063571584408e-05,43,60.0,0,0.0,,,HPA-45-r1,gray,121
70.0,1.202301221713875,0.0,102.1,83.0,0.075,0.0,63,70.0,0,0.0,,,HPA-45-r1,gray,122
70.0,0.8865637131842963,0.0,101.675,73.0,0.075,3.1600635715844084e-05,46,70.0,0,0.0,,,HPA-45-r1,gray,123
105.0,2.268143012558299,0.0,98.78194444444445,82.0,0.075,3.160063571584408e-05,54,105.0,0,0.0,,,HPA-45-r1,gray,124
60.0,1.1127910530589147,0.0,106.04583333333333,94.0,0.075,3.160063571584408e-05,80,65.0,0,0.0,,,HPA-45-r1,gray,125
5.0,0.0043422070289955705,0.0,103.75,72.0,0.075,0.9470042031595839,58,5.0,0,0.0,,,HPA-45-r1,gray,126
55.0,0.647993383806944,0.0,100.79444444444445,71.0,0.075,3.160063571584408e-05,58,55.0,0,0.0,,,HPA-45-r1,gray,127
0.0,0.002263420357762058,0.0,92.58888888888889,65.0,0.075,0.9934373837382391,58,0.0,0,0.0,,,HPA-45-r1,gray,128
100.0,1.9526292983165439,0.0,107.43472222222222,84.0,0.075,0.0,55,100.0,0,0.0,,,HPA-45-r1,gray,129
75.0,0.9463539015827749,0.0,97.8625,74.0,0.075,0.0,44,75.0,0,0.0,,,HPA-45-r1,gray,130
0.0,0.0,0.0,97.87222222222222,75.0,0.075,1.0,79,0.0,0,0.0,,,HPA-45-r1,gray,131
0.0,0.0003671895184242935,0.0,94.37916666666666,59.0,0.075,0.997169465095209,59,0.0,0,0.0,,,HPA-45-r1,gray,132
0.0,0.0,0.0,91.2375,52.0,0.075,1.0,47,0.0,0,0.0,,,HPA-45-r1,gray,133
80.0,1.7488817259692424,0.0,102.47222222222223,87.0,0.075,3.160063571584408e-05,66,80.0,0,0.0,,,HPA-45-r1,gray,134
50.0,0.6184099884097738,0.0,102.72083333333333,70.0,0.075,0.0,37,50.0,0,0.0,,,HPA-45-r1,gray,135
0.0,0.0,0.0,89.84583333333333,58.0,0.075,1.0,47,0.0,0,0.0,,,HPA-45-r1,gray,136
0.0,0.0,0.0,104.3,86.0,0.075,1.0,73,0.0,0,0.0,,,HPA-45-r1,gray,137
100.0,1.5036682565509718,0.0,105.20416666666667,74.0,0.075,0.0,65,100.0,0,0.0,,,HPA-45-r1,gray,138
50.0,0.6198808080369544,0.0,99.3638888888889,69.0,0.075,3.1600635715844084e-05,53,50.0,0,0.0,,,HPA-45-r1,gray,139
60.0,0.9737245538274042,0.0,96.71527777777777,69.0,0.075,3.160063571584408e-05,49,60.0,0,0.0,,,HPA-45-r0,gray,100
0.0,0.0,0.0,97.58888888888889,72.0,0.075,1.0,74,0.0,0,0.0,,,HPA-45-r0,gray,101
25.0,0.4329026796196289,0.0,103.675,71.0,0.075,0.0,63,25.0,0,0.0,,,HPA-45-r0,gray,102
25.0,0.27204451103426397,0.0,96.24305555555556,59.0,0.075,0.16552552248907082,49,25.0,0,0.0,,,HPA-45-r0,gray,103
25.0,0.08116245509288689,0.0,98.6986111111111,77.0,0.075,0.6910742970217056,70,25.0,0,0.0,,,HPA-45-r0,gray,104
15.0,0.11601610273344054,0.0,99.10972222222222,64.0,0.075,0.6044271102951086,43,5.0,0,0.0,,,HPA-45-r0,gray,105
30.0,0.28137981013898195,0.0,97.825,74.0,0.075,0.0673365417811652,46,30.0,0,0.0,,,HPA-45-r0,gray,106
50.0,0.7257820337746135,0.0,105.36944444444444,86.0,0.075,0.0,70,50.0,0,0.0,,,HPA-45-r0,gray,107
30.0,0.4530128367170816,0.0,99.84722222222223,64.0,0.075,0.00018848583275944838,56,30.0,0,0.0,,,HPA-45-r0,gray,108
0.0,0.0013818685523747654,0.0,91.60138888888889,57.0,0.075,0.9897882169833346,45,0.0,0,0.0,,,HPA-45-r0,gray,109
0.0,0.0,0.0,90.74166666666666,60.0,0.075,1.0,53,0.0,0,0.0,,,HPA-45-r0,gray,110
55.0,1.0135274731198574,0.0,98.92083333333333,65.0,0.075,3.1600635715844084e-05,46,55.0,0,0.0,,,HPA-45-r0,gray,111
50.0,0.6100708762696083,0.0,95.50972222222222,68.0,0.075,0.0002705482777736999,47,50.0,0,0.0,,,HPA-45-r0,gray,112
25.0,0.28395039446443837,0.0,106.06388888888888,85.0,0.075,0.15757576580816796,72,25.0,0,0.0,,,HPA-45-r0,gray,113
5.0,0.01452699217376896,0.0,99.96805555555555,65.0,0.075,0.8570288640059825,58,5.0,0,0.0,,,HPA-45-r0,gray,114
50.0,0.8723511303202147,0.0,99.00972222222222,65.0,0.075,3.1600635715844084e-05,47,50.0,0,0.0,,,HPA-45-r0,gray,115
5.0,0.010293589361820565,0.0,97.87083333333334,77.0,0.075,0.9211206951264219,69,5.0,0,0.0,,,HPA-45-r0,gray,116
50.0,0.9418675598024784,0.0,102.80694444444444,71.0,0.075,0.0,41,50.0,0,0.0,,,HPA-45-r0,gray,117
0.0,0.0,0.0,89.88194444444444,60.0,0.075,1.0,51,0.0,0,0.0,,,HPA-45-r0,gray,118
20.0,0.2085364260764666,0.0,103.44583333333334,86.0,0.075,0.041213447501314816,84,20.0,0,0.0,,,HPA-45-r0,gray,119
20.0,0.4105227759903296,0.0,94.65,61.0,0.075,0.08554893214768299,52,20.0,0,0.0,,,HPA-45-r0,gray,120
25.0,0.3424189794744237,0.0,95.15694444444445,58.0,0.075,0.010651179062727778,42,25.0,0,0.0,,,HPA-45-r0,gray,121
45.0,0.5692944656308208,0.0,100.33611111111111,76.0,0.075,0.0,54,55.0,0,0.0,,,HPA-45-r0,gray,122
40.0,0.4064896077930258,0.0,98.24583333333334,64.0,0.075,0.016034966263974368,46,40.0,0,0.0,,,HPA-45-r0,gray,123
65.0,1.170376691440811,0.0,95.77777777777777,72.0,0.075,3.1600635715844084e-05,48,65.0,0,0.0,,,HPA-45-r0,gray,124
25.0,0.05574898580587018,0.0,104.25416666666666,89.0,0.075,0.8914788985703134,78,30.0,0,0.0,,,HPA-45-r0,gray,125
5.0,0.0043422070289955705,0.0,103.74583333333334,72.0,0.075,0.9470042031595839,58,5.0,0,0.0,,,HPA-45-r0,gray,126
20.0,0.2662659431022063,0.0,97.27777777777777,58.0,0.075,0.017819358507072707,52,20.0,0,0.0,,,HPA-45-r0,gray,127
0.0,0.0011444734658860867,0.0,92.24305555555556,63.0,0.075,0.995734740519666,57,0.0,0,0.0,,,HPA-45-r0,gray,128
65.0,1.4274835770548777,0.0,102.76388888888889,70.0,0.075,0.0,41,65.0,0,0.0,,,HPA-45-r0,gray,129
30.0,0.14402732943595842,0.0,98.07222222222222,74.0,0.075,0.4706203397135684,45,30.0,0,0.0,,,HPA-45-r0,gray,130
0.0,0.0,0.0,97.87222222222222,75.0,0.075,1.0,79,0.0,0,0.0,,,HPA-45-r0,gray,131
0.0,0.0003671895184242935,0.0,94.37916666666666,59.0,0.075,0.997169465095209,59,0.0,0,0.0,,,HPA-45-r0,gray,132
0.0,0.0,0.0,91.775,55.0,0.075,1.0,45,0.0,0,0.0,,,HPA-45-r0,gray,133
50.0,1.0583844987056668,0.0,100.55972222222222,81.0,0.075,0.00019709056067427187,57,50.0,0,0.0,,,HPA-45-r0,gray,134
25.0,0.3726456405947598,0.0,102.20416666666667,70.0,0.075,0.0,39,25.0,0,0.0,,,HPA-45-r0,gray,135
0.0,0.0,0.0,89.84583333333333,58.0,0.075,1.0,47,0.0,0,0.0,,,HPA-45-r0,gray,136
0.0,0.0,0.0,104.3,86.0,0.075,1.0,73,0.0,0,0.0,,,HPA-45-r0,gray,137
40.0,0.6095285253599037,0.0,103.30277777777778,71.0,0.075,0.0,59,40.0,0,0.0,,,HPA-45-r0,gray,138
20.0,0.288173009436854,0.0,97.30833333333334,58.0,0.075,0.022759070291120356,49,20.0,0,0.0,,,HPA-45-r0,gray,139
70.0,1.0779955311332134,0.0,130.65694444444443,91.0,0.075,3.160063571584408e-05,128,70.0,0,0.0,,,PredHPA-r1,gray,100
0.0,0.0028695000879430665,0.0,129.75277777777777,106.0,0.075,0.990297682882856,137,0.0,0,0.0,,,PredHPA-r1,gray,101
85.0,1.126914034282267,0.0,136.30555555555554,92.0,0.075,0.0,102,85.0,0,0.0,,,PredHPA-r1,gray,102
0.0,0.005044218542549217,0.0,114.29305555555555,67.0,0.075,0.9552198492509184,78,0.0,0,0.0,,,PredHPA-r1,gray,103
90.0,1.6790314384937277,0.0,114.57222222222222,109.0,0.075,3.160063571584408e-05,102,90.0,0,0.0,,,PredHPA-r1,gray,104
65.0,1.1219285914826904,0.0,130.6875,98.0,0.075,3.160063571584408e-05,83,65.0,0,0.0,,,PredHPA-r1,gray,105
0.0,0.0,0.0,127.10694444444445,82.0,0.075,1.0,105,0.0,0,0.0,,,PredHPA-r1,gray,106
160.0,2.797973728010106,0.0,140.66944444444445,120.0,0.075,0.0,149,110.0,0,0.0,,,PredHPA-r1,gray,107
55.0,0.7010095551167383,0.0,132.9138888888889,88.0,0.075,0.00010593597590010626,104,55.0,0,0.0,,,PredHPA-r1,gray,108
0.0,0.0014408727619041883,0.0,112.9125,71.0,0.075,0.9897882169833346,71,0.0,0,0.0,,,PredHPA-r1,gray,109
0.0,0.0,0.0,106.98055555555555,89.0,0.075,1.0,89,0.0,0,0.0,,,PredHPA-r1,gray,110
85.0,1.4198625155200761,0.0,128.5611111111111,96.0,0.075,3.160063571584408e-05,76,85.0,0,0.0,,,PredHPA-r1,gray,111
10.0,0.01142352412881742,0.0,127.05555555555556,89.0,0.075,0.9354888113451328,117,10.0,0,0.0,,,PredHPA-r1,gray,112
120.0,2.3504907014676224,0.0,137.80555555555554,118.0,0.075,0.0,134,120.0,0,0.0,,,PredHPA-r1,gray,113
10.0,0.02129992675167225,0.0,132.12777777777777,86.0,0.075,0.8982641236789325,97,10.0,0,0.0,,,PredHPA-r1,gray,114
65.0,0.9378046131084172,0.0,118.85555555555555,79.0,0.075,3.1600635715844084e-05,86,65.0,0,0.0,,,PredHPA-r1,gray,115
0.0,0.0,0.0,111.66666666666667,97.0,0.075,1.0,94,0.0,0,0.0,,,PredHPA-r1,gray,116
60.0,1.0184825966931932,0.0,131.475,95.0,0.075,0.0,74,60.0,0,0.0,,,PredHPA-r1,gray,117
0.0,0.0012085082825241678,0.0,122.77638888888889,84.0,0.075,0.992403852153341,104,0.0,0,0.0,,,PredHPA-r1,gray,118
70.0,0.8842786341064501,0.0,136.1263888888889,118.0,0.075,5.6647897834538996e-05,143,80.0,0,0.0,,,PredHPA-r1,gray,119
45.0,0.7018308138867502,0.0,128.65555555555557,83.0,0.075,0.00010304337770144988,93,45.0,0,0.0,,,PredHPA-r1,gray,120
0.0,0.0,0.0,115.90972222222223,70.0,0.075,1.0,77,0.0,0,0.0,,,PredHPA-r1,gray,121
70.0,0.9798705719411993,0.0,114.825,102.0,0.075,0.0,92,70.0,0,0.0,,,PredHPA-r1,gray,122
0.0,0.0,0.0,123.91111111111111,94.0,0.075,1.0,67,0.0,0,0.0,,,PredHPA-r1,gray,123
90.0,1.8930925289215583,0.0,133.03333333333333,96.0,0.075,3.160063571584408e-05,113,90.0,0,0.0,,,PredHPA-r1,gray,124
65.0,1.3617327860713457,0.0,136.8986111111111,120.0,0.075,3.160063571584408e-05,143,65.0,0,0.0,,,PredHPA-r1,gray,125
0.0,0.012677903239266541,0.0,134.1875,86.0,0.075,0.9589097474873869,95,0.0,0,0.0,,,PredHPA-r1,gray,126
0.0,0.0,0.0,115.10694444444445,71.0,0.075,1.0,74,0.0,0,0.0,,,PredHPA-r1,gray,127
0.0,0.002263420357762058,0.0,107.34861111111111,86.0,0.075,0.9934373837382391,89,0.0,0,0.0,,,PredHPA-r1,gray,128
90.0,1.6696644693836138,0.0,134.96805555555557,100.0,0.075,0.0,91,95.0,0,0.0,,,PredHPA-r1,gray,129
15.0,0.13737635673836124,0.0,130.0,84.0,0.075,0.19293593292029934,109,15.0,0,0.0,,,PredHPA-r1,gray,130
0.0,0.005607615898850504,0.0,131.86805555555554,113.0,0.075,0.9882725684538423,135,0.0,0,0.0,,,PredHPA-r1,gray,131
0.0,0.0003671895184242935,0.0,128.575,82.0,0.075,0.997169465095209,99,0.0,0,0.0,,,PredHPA-r1,gray,132
0.0,0.0,0.0,114.4125,70.0,0.075,1.0,85,0.0,0,0.0,,,PredHPA-r1,gray,133
90.0,1.8708741048165445,0.0,114.9486111111111,114.0,0.075,3.160063571584408e-05,104,90.0,0,0.0,,,PredHPA-r1,gray,134
15.0,0.055326309421033226,0.0,127.23333333333333,101.0,0.075,0.62400661973812,65,15.0,0,0.0,,,PredHPA-r1,gray,135
0.0,0.0,0.0,122.79583333333333,83.0,0.075,1.0,116,0.0,0,0.0,,,PredHPA-r1,gray,136
5.0,0.022665385885867195,0.0,132.70138888888889,120.0,0.075,0.9084840537455855,135,5.0,0,0.0,,,PredHPA-r1,gray,137
10.0,0.0163344020184919,0.0,133.23055555555555,88.0,0.075,0.9254346200675858,101,10.0,0,0.0,,,PredHPA-r1,gray,138
0.0,0.0025391263299590072,0.0,116.31944444444444,70.0,0.075,0.981859711393281,80,0.0,0,0.0,,,PredHPA-r1,gray,139
0.0,0.00994552403589255,0.0,106.26527777777778,90.0,0.075,0.9566654580577454,74,0.0,0,0.0,,,HPA-45-r1,ddos,100
5.0,0.028716800056138858,0.0,110.37916666666666,94.0,0.075,0.8084909856507915,108,5.0,0,0.0,,,HPA-45-r1,ddos,101
0.0,0.0,0.0,106.46111111111111,79.0,0.075,1.0,88,0.0,0,0.0,,,HPA-45-r1,ddos,102
0.0,0.0,0.0,107.92083333333333,89.0,0.075,1.0,76,0.0,0,0.0,,,HPA-45-r1,ddos,103
0.0,0.0,0.0,108.21527777777777,95.0,0.075,1.0,95,0.0,0,0.0,,,HPA-45-r1,ddos,104
0.0,0.0,0.0,109.97638888888889,92.0,0.075,1.0,88,0.0,0,0.0,,,HPA-45-r1,ddos,105
0.0,0.0,0.0,101.36944444444444,83.0,0.075,1.0,65,0.0,0,0.0,,,HPA-45-r1,ddos,106
0.0,0.0,0.0,106.28333333333333,78.0,0.075,1.0,87,0.0,0,0.0,,,HPA-45-r1,ddos,107
0.0,0.0,0.0,107.85416666666667,79.0,0.075,1.0,87,0.0,0,0.0,,,HPA-45-r1,ddos,108
0.0,0.004693709801772972,0.0,110.73472222222222,97.0,0.075,0.9653142507971353,90,0.0,0,0.0,,,HPA-45-r1,ddos,109
0.0,0.0,0.0,104.58333333333333,89.0,0.075,1.0,82,0.0,0,0.0,,,HPA-45-r1,ddos,110
0.0,0.0,0.0,106.80972222222222,82.0,0.075,1.0,65,0.0,0,0.0,,,HPA-45-r1,ddos,111
0.0,0.0,0.0,104.30972222222222,89.0,0.075,1.0,85,0.0,0,0.0,,,HPA-45-r1,ddos,112
0.0,0.0,0.0,109.91944444444445,94.0,0.075,1.0,103,0.0,0,0.0,,,HPA-45-r1,ddos,113
0.0,0.0,0.0,110.40416666666667,91.0,0.075,1.0,92,0.0,0,0.0,,,HPA-45-r1,ddos,114
0.0,0.0,0.0,109.34027777777777,88.0,0.075,1.0,86,0.0,0,0.0,,,HPA-45-r1,ddos,115
0.0,0.0,0.0,106.10833333333333,97.0,0.075,1.0,93,0.0,0,0.0,,,HPA-45-r1,ddos,116
0.0,0.0,0.0,106.7125,82.0,0.075,1.0,70,0.0,0,0.0,,,HPA-45-r1,ddos,117
0.0,0.0,0.0,103.05555555555556,85.0,0.075,1.0,74,0.0,0,0.0,,,HPA-45-r1,ddos,118
0.0,0.0,0.0,112.24027777777778,97.0,0.075,1.0,92,0.0,0,0.0,,,HPA-45-r1,ddos,119
45.0,0.5405618666931788,0.0,115.60694444444445,105.0,0.075,0.027193132966157517,89,45.0,0,0.0,,,HPA-45-r1,ddos,120
0.0,0.0,0.0,106.98611111111111,83.0,0.075,1.0,76,0.0,0,0.0,,,HPA-45-r1,ddos,121
0.0,0.0,0.0,105.65277777777777,95.0,0.075,1.0,91,0.0,0,0.0,,,HPA-45-r1,ddos,122
0.0,0.0,0.0,106.27638888888889,80.0,0.075,1.0,70,0.0,0,0.0,,,HPA-45-r1,ddos,123
0.0,0.0,0.0,107.45555555555555,101.0,0.075,1.0,100,0.0,0,0.0,,,HPA-45-r1,ddos,124
0.0,0.0,0.0,111.28472222222223,100.0,0.075,1.0,104,0.0,0,0.0,,,HPA-45-r1,ddos,125
0.0,0.0,0.0,107.65277777777777,80.0,0.075,1.0,88,0.0,0,0.0,,,HPA-45-r1,ddos,126
0.0,0.0,0.0,107.44027777777778,80.0,0.075,1.0,86,0.0,0,0.0,,,HPA-45-r1,ddos,127
0.0,0.0,0.0,107.78888888888889,96.0,0.075,1.0,95,0.0,0,0.0,,,HPA-45-r1,ddos,128
0.0,0.0,0.0,112.1375,104.0,0.075,1.0,85,0.0,0,0.0,,,HPA-45-r1,ddos,129
0.0,0.0,0.0,103.17361111111111,86.0,0.075,1.0,76,0.0,0,0.0,,,HPA-45-r1,ddos,130
0.0,0.0,0.0,108.56944444444444,80.0,0.075,1.0,87,0.0,0,0.0,,,HPA-45-r1,ddos,131
0.0,0.0,0.0,106.5736111111111,82.0,0.075,1.0,91,0.0,0,0.0,,,HPA-45-r1,ddos,132
0.0,0.0,0.0,105.37083333333334,79.0,0.075,1.0,86,0.0,0,0.0,,,HPA-45-r1,ddos,133
0.0,0.0,0.0,106.9263888888889,94.0,0.075,1.0,84,0.0,0,0.0,,,HPA-45-r1,ddos,134
0.0,0.0,0.0,104.57916666666667,76.0,0.075,1.0,60,0.0,0,0.0,,,HPA-45-r1,ddos,135
0.0,0.0,0.0,101.76388888888889,82.0,0.075,1.0,71,0.0,0,0.0,,,HPA-45-r1,ddos,136
0.0,0.0,0.0,110.3861111111111,101.0,0.075,1.0,99,0.0,0,0.0,,,HPA-45-r1,ddos,137
0.0,0.0,0.0,107.3236111111111,81.0,0.075,1.0,92,0.0,0,0.0,,,HPA-45-r1,ddos,138
0.0,0.0,0.0,107.91111111111111,81.0,0.075,1.0,86,0.0,0,0.0,,,HPA-45-r1,ddos,139
0.0,0.00994552403589255,0.0,106.26527777777778,90.0,0.075,0.9566654580577454,74,0.0,0,0.0,,,HPA-45-r0,ddos,100
5.0,0.022819807763907463,0.0,109.62083333333334,91.0,0.075,0.8515385331518888,101,5.0,0,0.0,,,HPA-45-r0,ddos,101
0.0,0.0,0.0,106.76666666666667,81.0,0.075,1.0,86,0.0,0,0.0,,,HPA-45-r0,ddos,102
0.0,0.0,0.0,107.92083333333333,89.0,0.075,1.0,76,0.0,0,0.0,,,HPA-45-r0,ddos,103
0.0,0.0,0.0,108.21527777777777,95.0,0.075,1.0,95,0.0,0,0.0,,,HPA-45-r0,ddos,104
0.0,0.0,0.0,109.97638888888889,92.0,0.075,1.0,88,0.0,0,0.0,,,HPA-45-r0,ddos,105
0.0,0.0,0.0,101.36944444444444,83.0,0.075,1.0,65,0.0,0,0.0,,,HPA-45-r0,ddos,106
0.0,0.0,0.0,106.28333333333333,78.0,0.075,1.0,87,0.0,0,0.0,,,HPA-45-r0,ddos,107
0.0,0.0,0.0,107.85416666666667,79.0,0.075,1.0,87,0.0,0,0.0,,,HPA-45-r0,ddos,108
0.0,0.0,0.0,110.42777777777778,93.0,0.075,1.0,91,0.0,0,0.0,,,HPA-45-r0,ddos,109
0.0,0.0,0.0,104.58333333333333,89.0,0.075,1.0,82,0.0,0,0.0,,,HPA-45-r0,ddos,110
0.0,0.0,0.0,106.80972222222222,82.0,0.075,1.0,65,0.0,0,0.0,,,HPA-45-r0,ddos,111
0.0,0.0,0.0,104.30972222222222,89.0,0.075,1.0,85,0.0,0,0.0,,,HPA-45-r0,ddos,112
0.0,0.0,0.0,109.91944444444445,94.0,0.075,1.0,103,0.0,0,0.0,,,HPA-45-r0,ddos,113
0.0,0.0,0.0,110.36944444444444,89.0,0.075,1.0,93,0.0,0,0.0,,,HPA-45-r0,ddos,114
0.0,0.0,0.0,109.34027777777777,88.0,0.075,1.0,86,0.0,0,0.0,,,HPA-45-r0,ddos,115
0.0,0.0,0.0,106.10833333333333,97.0,0.075,1.0,93,0.0,0,0.0,,,HPA-45-r0,ddos,116
0.0,0.0,0.0,106.7125,82.0,0.075,1.0,70,0.0,0,0.0,,,HPA-45-r0,ddos,117
0.0,0.0,0.0,103.05555555555556,85.0,0.075,1.0,74,0.0,0,0.0,,,HPA-45-r0,ddos,118
0.0,0.0,0.0,112.24027777777778,97.0,0.075,1.0,92,0.0,0,0.0,,,HPA-45-r0,ddos,119
0.0,0.0,0.0,109.24861111111112,83.0,0.075,1.0,77,0.0,0,0.0,,,HPA-45-r0,ddos,120
0.0,0.0,0.0,106.98611111111111,83.0,0.075,1.0,76,0.0,0,0.0,,,HPA-45-r0,ddos,121
0.0,0.0,0.0,105.65277777777777,95.0,0.075,1.0,91,0.0,0,0.0,,,HPA-45-r0,ddos,122
0.0,0.0,0.0,106.27638888888889,80.0,0.075,1.0,70,0.0,0,0.0,,,HPA-45-r0,ddos,123
0.0,0.0,0.0,107.45555555555555,101.0,0.075,1.0,100,0.0,0,0.0,,,HPA-45-r0,ddos,124
0.0,0.0,0.0,111.28472222222223,100.0,0.075,1.0,104,0.0,0,0.0,,,HPA-45-r0,ddos,125
0.0,0.0,0.0,107.65277777777777,80.0,0.075,1.0,88,0.0,0,0.0,,,HPA-45-r0,ddos,126
0.0,0.0,0.0,107.44027777777778,80.0,0.075,1.0,86,0.0,0,0.0,,,HPA-45-r0,ddos,127
0.0,0.0,0.0,107.78888888888889,96.0,0.075,1.0,95,0.0,0,0.0,,,HPA-45-r0,ddos,128
0.0,0.0,0.0,112.1375,104.0,0.075,1.0,85,0.0,0,0.0,,,HPA-45-r0,ddos,129
0.0,0.0,0.0,103.17361111111111,86.0,0.075,1.0,76,0.0,0,0.0,,,HPA-45-r0,ddos,130
0.0,0.0,0.0,108.56944444444444,80.0,0.075,1.0,87,0.0,0,0.0,,,HPA-45-r0,ddos,131
0.0,0.0,0.0,106.5736111111111,82.0,0.075,1.0,91,0.0,0,0.0,,,HPA-45-r0,ddos,132
0.0,0.0,0.0,105.33611111111111,80.0,0.075,1.0,88,0.0,0,0.0,,,HPA-45-r0,ddos,133
0.0,0.0,0.0,106.9263888888889,94.0,0.075,1.0,84,0.0,0,0.0,,,HPA-45-r0,ddos,134
0.0,0.0,0.0,104.57916666666667,76.0,0.075,1.0,60,0.0,0,0.0,,,HPA-45-r0,ddos,135
0.0,0.0,0.0,101.76388888888889,82.0,0.075,1.0,71,0.0,0,0.0,,,HPA-45-r0,ddos,136
0.0,0.0,0.0,110.3861111111111,101.0,0.075,1.0,99,0.0,0,0.0,,,HPA-45-r0,ddos,137
0.0,0.0,0.0,107.3236111111111,81.0,0.075,1.0,92,0.0,0,0.0,,,HPA-45-r0,ddos,138
0.0,0.0,0.0,107.91111111111111,81.0,0.075,1.0,86,0.0,0,0.0,,,HPA-45-r0,ddos,139
0.0,0.0,0.0,137.86111111111111,102.0,0.075,1.0,118,0.0,0,0.0,,,PredHPA-r1,ddos,100
0.0,0.0,0.0,138.14583333333334,104.0,0.075,1.0,140,0.0,0,0.0,,,PredHPA-r1,ddos,101
0.0,0.0,0.0,139.1638888888889,103.0,0.075,1.0,120,0.0,0,0.0,,,PredHPA-r1,ddos,102
0.0,0.0,0.0,127.12916666666666,94.0,0.075,1.0,85,0.0,0,0.0,,,PredHPA-r1,ddos,103
0.0,0.0,0.0,119.12777777777778,114.0,0.075,1.0,121,0.0,0,0.0,,,PredHPA-r1,ddos,104
0.0,0.0,0.0,133.4125,94.0,0.075,1.0,85,0.0,0,0.0,,,PredHPA-r1,ddos,105
0.0,0.0,0.0,132.63888888888889,94.0,0.075,1.0,127,0.0,0,0.0,,,PredHPA-r1,ddos,106
0.0,0.0,0.0,135.85972222222222,104.0,0.075,1.0,133,0.0,0,0.0,,,PredHPA-r1,ddos,107
0.0,0.0,0.0,137.09166666666667,103.0,0.075,1.0,125,0.0,0,0.0,,,PredHPA-r1,ddos,108
0.0,0.0,0.0,129.42222222222222,107.0,0.075,1.0,93,0.0,0,0.0,,,PredHPA-r1,ddos,109
0.0,0.0,0.0,119.24027777777778,115.0,0.075,1.0,125,0.0,0,0.0,,,PredHPA-r1,ddos,110
0.0,0.0,0.0,131.66805555555555,93.0,0.075,1.0,73,0.0,0,0.0,,,PredHPA-r1,ddos,111
0.0,0.0,0.0,133.72916666666666,94.0,0.075,1.0,141,0.0,0,0.0,,,PredHPA-r1,ddos,112
0.0,0.0,0.0,137.99305555555554,120.0,0.075,1.0,146,0.0,0,0.0,,,PredHPA-r1,ddos,113
0.0,0.0,0.0,139.1375,105.0,0.075,1.0,122,0.0,0,0.0,,,PredHPA-r1,ddos,114
0.0,0.0,0.0,125.17777777777778,95.0,0.075,1.0,96,0.0,0,0.0,,,PredHPA-r1,ddos,115
0.0,0.0,0.0,120.3875,116.0,0.075,1.0,119,0.0,0,0.0,,,PredHPA-r1,ddos,116
0.0,0.0,0.0,133.85416666666666,94.0,0.075,1.0,84,0.0,0,0.0,,,PredHPA-r1,ddos,117
0.0,0.0,0.0,132.43055555555554,91.0,0.075,1.0,124,0.0,0,0.0,,,PredHPA-r1,ddos,118
0.0,0.0,0.0,140.04444444444445,120.0,0.075,1.0,141,0.0,0,0.0,,,PredHPA-r1,ddos,119
0.0,0.0,0.0,144.76944444444445,120.0,0.075,1.0,118,0.0,0,0.0,,,PredHPA-r1,ddos,120
0.0,0.0,0.0,131.24027777777778,105.0,0.075,1.0,94,0.0,0,0.0,,,PredHPA-r1,ddos,121
0.0,0.0,0.0,120.45555555555555,116.0,0.075,1.0,111,0.0,0,0.0,,,PredHPA-r1,ddos,122
0.0,0.0,0.0,130.65277777777777,93.0,0.075,1.0,72,0.0,0,0.0,,,PredHPA-r1,ddos,123
0.0,0.0,0.0,134.76666666666668,95.0,0.075,1.0,121,0.0,0,0.0,,,PredHPA-r1,ddos,124
0.0,0.0,0.0,138.7861111111111,120.0,0.075,1.0,153,0.0,0,0.0,,,PredHPA-r1,ddos,125
0.0,0.0,0.0,142.4375,105.0,0.075,1.0,124,0.0,0,0.0,,,PredHPA-r1,ddos,126
0.0,0.0,0.0,125.72777777777777,91.0,0.075,1.0,87,0.0,0,0.0,,,PredHPA-r1,ddos,127
0.0,0.0,0.0,119.58055555555555,111.0,0.075,1.0,120,0.0,0,0.0,,,PredHPA-r1,ddos,128
0.0,0.0,0.0,138.78472222222223,103.0,0.075,1.0,86,0.0,0,0.0,,,PredHPA-r1,ddos,129
0.0,0.0,0.0,135.03472222222223,94.0,0.075,1.0,131,0.0,0,0.0,,,PredHPA-r1,ddos,130
0.0,0.0,0.0,138.66805555555555,110.0,0.075,1.0,137,0.0,0,0.0,,,PredHPA-r1,ddos,131
0.0,0.0,0.0,136.74583333333334,104.0,0.075,1.0,124,0.0,0,0.0,,,PredHPA-r1,ddos,132
0.0,0.0,0.0,124.45,83.0,0.075,1.0,87,0.0,0,0.0,,,PredHPA-r1,ddos,133
0.0,0.0,0.0,120.28888888888889,118.0,0.075,1.0,124,0.0,0,0.0,,,PredHPA-r1,ddos,134
0.0,0.0,0.0,138.02916666666667,104.0,0.075,1.0,87,0.0,0,0.0,,,PredHPA-r1,ddos,135
0.0,0.0,0.0,132.0847222222222,94.0,0.075,1.0,132,0.0,0,0.0,,,PredHPA-r1,ddos,136
0.0,0.0,0.0,135.40555555555557,120.0,0.075,1.0,146,0.0,0,0.0,,,PredHPA-r1,ddos,137
0.0,0.0,0.0,141.6611111111111,106.0,0.075,1.0,115,0.0,0,0.0,,,PredHPA-r1,ddos,138
0.0,0.0,0.0,126.51388888888889,92.0,0.075,1.0,86,0.0,0,0.0,,,PredHPA-r1,ddos,139
0.0,0.00994552403589255,0.0,104.925,90.0,0.075,0.9566654580577454,72,0.0,0,0.0,,,HPA-45-r1,ddos_kill,100
5.0,0.028716800056138858,0.0,111.04444444444445,94.0,0.075,0.8084909856507915,108,2.5,0,0.0,,,HPA-45-r1,ddos_kill,101
0.0,0.0,0.0,107.88472222222222,85.0,0.075,1.0,88,0.0,0,0.0,,,HPA-45-r1,ddos_kill,102
0.0,0.0,0.0,109.42222222222222,89.0,0.075,1.0,84,0.0,0,0.0,,,HPA-45-r1,ddos_kill,103
0.0,0.0,0.0,109.07916666666667,99.0,0.075,1.0,101,0.0,0,0.0,,,HPA-45-r1,ddos_kill,104
0.0,0.0,0.0,109.04027777777777,93.0,0.075,1.0,88,0.0,0,0.0,,,HPA-45-r1,ddos_kill,105
0.0,0.0,0.0,101.74166666666666,85.0,0.075,1.0,66,0.0,0,0.0,,,HPA-45-r1,ddos_kill,106
0.0,0.0,0.0,108.15277777777777,84.0,0.075,1.0,91,0.0,0,0.0,,,HPA-45-r1,ddos_kill,107
0.0,0.0,0.0,108.83333333333333,84.0,0.075,1.0,89,0.0,0,0.0,,,HPA-45-r1,ddos_kill,108
0.0,0.004693709801772972,0.0,110.6763888888889,97.0,0.075,0.9653142507971353,88,0.0,0,0.0,,,HPA-45-r1,ddos_kill,109
55.0,1.0705969903508028,0.0,111.8125,119.0,0.075,0.019625729043174833,108,55.0,0,0.0,,,HPA-45-r1,ddos_kill,110
0.0,0.0,0.0,106.23333333333333,82.0,0.075,1.0,63,0.0,0,0.0,,,HPA-45-r1,ddos_kill,111
0.0,0.0,0.0,103.39583333333333,89.0,0.075,1.0,82,0.0,0,0.0,,,HPA-45-r1,ddos_kill,112
0.0,0.0,0.0,111.24305555555556,97.0,0.075,1.0,109,0.0,0,0.0,,,HPA-45-r1,ddos_kill,113
0.0,0.0,0.0,110.39166666666667,91.0,0.075,1.0,92,0.0,0,0.0,,,HPA-45-r1,ddos_kill,114
0.0,0.0,0.0,109.3,88.0,0.075,1.0,84,0.0,0,0.0,,,HPA-45-r1,ddos_kill,115
0.0,0.0,0.0,105.88055555555556,93.0,0.075,1.0,86,0.0,0,0.0,,,HPA-45-r1,ddos_kill,116
0.0,0.0,0.0,106.88194444444444,82.0,0.075,1.0,70,0.0,0,0.0,,,HPA-45-r1,ddos_kill,117
0.0,0.0,0.0,104.00833333333334,90.0,0.075,1.0,77,0.0,0,0.0,,,HPA-45-r1,ddos_kill,118
0.0,0.0,0.0,112.34861111111111,96.0,0.075,1.0,90,0.0,0,0.0,,,HPA-45-r1,ddos_kill,119
45.0,0.5405618666931788,0.0,116.39166666666667,105.0,0.075,0.027193132966157517,100,22.5,0,0.0,,,HPA-45-r1,ddos_kill,120
0.0,0.0,0.0,106.20277777777778,84.0,0.075,1.0,77,0.0,0,0.0,,,HPA-45-r1,ddos_kill,121
0.0,0.0,0.0,105.49027777777778,94.0,0.075,1.0,91,0.0,0,0.0,,,HPA-45-r1,ddos_kill,122
0.0,0.0,0.0,106.1986111111111,81.0,0.075,1.0,75,0.0,0,0.0,,,HPA-45-r1,ddos_kill,123
0.0,0.0,0.0,107.92083333333333,103.0,0.075,1.0,99,0.0,0,0.0,,,HPA-45-r1,ddos_kill,124
0.0,0.0,0.0,111.60555555555555,100.0,0.075,1.0,102,0.0,0,0.0,,,HPA-45-r1,ddos_kill,125
0.0,0.0,0.0,108.36111111111111,83.0,0.075,1.0,91,0.0,0,0.0,,,HPA-45-r1,ddos_kill,126
0.0,0.0,0.0,109.02916666666667,83.0,0.075,1.0,92,0.0,0,0.0,,,HPA-45-r1,ddos_kill,127
0.0,0.0,0.0,108.40138888888889,98.0,0.075,1.0,95,0.0,0,0.0,,,HPA-45-r1,ddos_kill,128
0.0,0.0,0.0,113.08055555555555,105.0,0.075,1.0,86,0.0,0,0.0,,,HPA-45-r1,ddos_kill,129
0.0,0.0,0.0,104.08194444444445,90.0,0.075,1.0,78,0.0,0,0.0,,,HPA-45-r1,ddos_kill,130
0.0,0.0,0.0,110.35833333333333,87.0,0.075,1.0,92,0.0,0,0.0,,,HPA-45-r1,ddos_kill,131
0.0,0.0,0.0,108.01944444444445,88.0,0.075,1.0,98,0.0,0,0.0,,,HPA-45-r1,ddos_kill,132
0.0,0.0,0.0,105.54305555555555,79.0,0.075,1.0,78,0.0,0,0.0,,,HPA-45-r1,ddos_kill,133
0.0,0.0,0.0,107.81805555555556,98.0,0.075,1.0,88,0.0,0,0.0,,,HPA-45-r1,ddos_kill,134
0.0,0.0,0.0,106.24583333333334,81.0,0.075,1.0,63,0.0,0,0.0,,,HPA-45-r1,ddos_kill,135
0.0,0.0,0.0,102.81805555555556,84.0,0.075,1.0,76,0.0,0,0.0,,,HPA-45-r1,ddos_kill,136
0.0,0.0,0.0,110.49861111111112,102.0,0.075,1.0,99,0.0,0,0.0,,,HPA-45-r1,ddos_kill,137
0.0,0.0,0.0,107.44027777777778,82.0,0.075,1.0,89,0.0,0,0.0,,,HPA-45-r1,ddos_kill,138
0.0,0.0,0.0,108.84861111111111,85.0,0.075,1.0,87,0.0,0,0.0,,,HPA-45-r1,ddos_kill,139
0.0,0.00994552403589255,0.0,104.925,90.0,0.075,0.9566654580577454,72,0.0,0,0.0,,,HPA-45-r0,ddos_kill,100
5.0,0.022819807763907463,0.0,110.0625,91.0,0.075,0.8515385331518888,100,2.5,0,0.0,,,HPA-45-r0,ddos_kill,101
0.0,0.0,0.0,108.97222222222223,85.0,0.075,1.0,90,0.0,0,0.0,,,HPA-45-r0,ddos_kill,102
0.0,0.0,0.0,109.42222222222222,89.0,0.075,1.0,84,0.0,0,0.0,,,HPA-45-r0,ddos_kill,103
0.0,0.0,0.0,109.07916666666667,99.0,0.075,1.0,101,0.0,0,0.0,,,HPA-45-r0,ddos_kill,104
0.0,0.0,0.0,109.04027777777777,93.0,0.075,1.0,88,0.0,0,0.0,,,HPA-45-r0,ddos_kill,105
0.0,0.0,0.0,101.74166666666666,85.0,0.075,1.0,66,0.0,0,0.0,,,HPA-45-r0,ddos_kill,106
0.0,0.0,0.0,108.15277777777777,84.0,0.075,1.0,91,0.0,0,0.0,,,HPA-45-r0,ddos_kill,107
0.0,0.0,0.0,108.83333333333333,84.0,0.075,1.0,89,0.0,0,0.0,,,HPA-45-r0,ddos_kill,108
0.0,0.0,0.0,110.77638888888889,94.0,0.075,1.0,89,0.0,0,0.0,,,HPA-45-r0,ddos_kill,109
30.0,0.48910670996257233,0.0,105.85416666666667,93.0,0.075,0.09775948092322512,87,30.0,0,0.0,,,HPA-45-r0,ddos_kill,110
0.0,0.0,0.0,106.23333333333333,82.0,0.075,1.0,63,0.0,0,0.0,,,HPA-45-r0,ddos_kill,111
0.0,0.0,0.0,103.39583333333333,89.0,0.075,1.0,82,0.0,0,0.0,,,HPA-45-r0,ddos_kill,112
0.0,0.0,0.0,111.24305555555556,97.0,0.075,1.0,109,0.0,0,0.0,,,HPA-45-r0,ddos_kill,113
0.0,0.0,0.0,109.46805555555555,89.0,0.075,1.0,87,0.0,0,0.0,,,HPA-45-r0,ddos_kill,114
0.0,0.0,0.0,109.3,88.0,0.075,1.0,84,0.0,0,0.0,,,HPA-45-r0,ddos_kill,115
0.0,0.0,0.0,105.88055555555556,93.0,0.075,1.0,86,0.0,0,0.0,,,HPA-45-r0,ddos_kill,116
0.0,0.0,0.0,106.88194444444444,82.0,0.075,1.0,70,0.0,0,0.0,,,HPA-45-r0,ddos_kill,117
0.0,0.0,0.0,104.00833333333334,90.0,0.075,1.0,77,0.0,0,0.0,,,HPA-45-r0,ddos_kill,118
0.0,0.0,0.0,112.34861111111111,96.0,0.075,1.0,90,0.0,0,0.0,,,HPA-45-r0,ddos_kill,119
0.0,0.0,0.0,110.21944444444445,86.0,0.075,1.0,84,0.0,0,0.0,,,HPA-45-r0,ddos_kill,120
0.0,0.0,0.0,106.20277777777778,84.0,0.075,1.0,77,0.0,0,0.0,,,HPA-45-r0,ddos_kill,121
0.0,0.0,0.0,105.49027777777778,94.0,0.075,1.0,91,0.0,0,0.0,,,HPA-45-r0,ddos_kill,122
0.0,0.0,0.0,106.1986111111111,81.0,0.075,1.0,75,0.0,0,0.0,,,HPA-45-r0,ddos_kill,123
0.0,0.0,0.0,107.92083333333333,103.0,0.075,1.0,99,0.0,0,0.0,,,HPA-45-r0,ddos_kill,124
0.0,0.0,0.0,111.60555555555555,100.0,0.075,1.0,102,0.0,0,0.0,,,HPA-45-r0,ddos_kill,125
0.0,0.0,0.0,108.36111111111111,83.0,0.075,1.0,91,0.0,0,0.0,,,HPA-45-r0,ddos_kill,126
0.0,0.0,0.0,109.02916666666667,83.0,0.075,1.0,92,0.0,0,0.0,,,HPA-45-r0,ddos_kill,127
0.0,0.0,0.0,108.40138888888889,98.0,0.075,1.0,95,0.0,0,0.0,,,HPA-45-r0,ddos_kill,128
0.0,0.0,0.0,113.08055555555555,105.0,0.075,1.0,86,0.0,0,0.0,,,HPA-45-r0,ddos_kill,129
0.0,0.0,0.0,104.08194444444445,90.0,0.075,1.0,78,0.0,0,0.0,,,HPA-45-r0,ddos_kill,130
0.0,0.0,0.0,110.35833333333333,87.0,0.075,1.0,92,0.0,0,0.0,,,HPA-45-r0,ddos_kill,131
0.0,0.0,0.0,108.01944444444445,88.0,0.075,1.0,98,0.0,0,0.0,,,HPA-45-r0,ddos_kill,132
0.0,0.0,0.0,104.83055555555555,82.0,0.075,1.0,83,0.0,0,0.0,,,HPA-45-r0,ddos_kill,133
0.0,0.0,0.0,107.81805555555556,98.0,0.075,1.0,88,0.0,0,0.0,,,HPA-45-r0,ddos_kill,134
0.0,0.0,0.0,106.24583333333334,81.0,0.075,1.0,63,0.0,0,0.0,,,HPA-45-r0,ddos_kill,135
0.0,0.0,0.0,102.81805555555556,84.0,0.075,1.0,76,0.0,0,0.0,,,HPA-45-r0,ddos_kill,136
0.0,0.0,0.0,110.49861111111112,102.0,0.075,1.0,99,0.0,0,0.0,,,HPA-45-r0,ddos_kill,137
0.0,0.0,0.0,107.44027777777778,82.0,0.075,1.0,89,0.0,0,0.0,,,HPA-45-r0,ddos_kill,138
0.0,0.0,0.0,108.84861111111111,85.0,0.075,1.0,87,0.0,0,0.0,,,HPA-45-r0,ddos_kill,139
0.0,0.0,0.0,137.88472222222222,102.0,0.075,1.0,125,0.0,0,0.0,,,PredHPA-r1,ddos_kill,100
0.0,0.0,0.0,138.34166666666667,105.0,0.075,1.0,137,0.0,0,0.0,,,PredHPA-r1,ddos_kill,101
0.0,0.0,0.0,138.37222222222223,102.0,0.075,1.0,117,0.0,0,0.0,,,PredHPA-r1,ddos_kill,102
0.0,0.0,0.0,126.6986111111111,94.0,0.075,1.0,87,0.0,0,0.0,,,PredHPA-r1,ddos_kill,103
0.0,0.0,0.0,119.14305555555555,114.0,0.075,1.0,126,0.0,0,0.0,,,PredHPA-r1,ddos_kill,104
0.0,0.0,0.0,133.31666666666666,95.0,0.075,1.0,84,0.0,0,0.0,,,PredHPA-r1,ddos_kill,105
0.0,0.0,0.0,133.03472222222223,96.0,0.075,1.0,124,0.0,0,0.0,,,PredHPA-r1,ddos_kill,106
0.0,0.0,0.0,135.5236111111111,103.0,0.075,1.0,129,0.0,0,0.0,,,PredHPA-r1,ddos_kill,107
0.0,0.0,0.0,138.17638888888888,104.0,0.075,1.0,125,0.0,0,0.0,,,PredHPA-r1,ddos_kill,108
0.0,0.0,0.0,129.7625,107.0,0.075,1.0,94,0.0,0,0.0,,,PredHPA-r1,ddos_kill,109
0.0,0.0,0.0,118.70277777777778,113.0,0.075,1.0,122,0.0,0,0.0,,,PredHPA-r1,ddos_kill,110
0.0,0.0,0.0,131.225,93.0,0.075,1.0,71,0.0,0,0.0,,,PredHPA-r1,ddos_kill,111
0.0,0.0,0.0,133.65972222222223,94.0,0.075,1.0,140,0.0,0,0.0,,,PredHPA-r1,ddos_kill,112
0.0,0.0,0.0,137.55833333333334,120.0,0.075,1.0,146,0.0,0,0.0,,,PredHPA-r1,ddos_kill,113
0.0,0.0,0.0,139.88194444444446,106.0,0.075,1.0,123,0.0,0,0.0,,,PredHPA-r1,ddos_kill,114
0.0,0.0,0.0,125.89166666666667,95.0,0.075,1.0,97,0.0,0,0.0,,,PredHPA-r1,ddos_kill,115
0.0,0.0,0.0,120.43472222222222,117.0,0.075,1.0,123,0.0,0,0.0,,,PredHPA-r1,ddos_kill,116
0.0,0.0,0.0,134.6027777777778,94.0,0.075,1.0,83,0.0,0,0.0,,,PredHPA-r1,ddos_kill,117
0.0,0.0,0.0,132.75972222222222,94.0,0.075,1.0,132,0.0,0,0.0,,,PredHPA-r1,ddos_kill,118
0.0,0.0,0.0,140.13194444444446,120.0,0.075,1.0,137,0.0,0,0.0,,,PredHPA-r1,ddos_kill,119
0.0,0.0,0.0,145.59305555555557,120.0,0.075,1.0,112,0.0,0,0.0,,,PredHPA-r1,ddos_kill,120
0.0,0.0,0.0,131.26388888888889,105.0,0.075,1.0,97,0.0,0,0.0,,,PredHPA-r1,ddos_kill,121
0.0,0.0,0.0,120.70694444444445,116.0,0.075,1.0,113,0.0,0,0.0,,,PredHPA-r1,ddos_kill,122
0.0,0.0,0.0,130.04583333333332,94.0,0.075,1.0,69,0.0,0,0.0,,,PredHPA-r1,ddos_kill,123
0.0,0.0,0.0,135.81666666666666,96.0,0.075,1.0,121,0.0,0,0.0,,,PredHPA-r1,ddos_kill,124
0.0,0.0,0.0,138.49444444444444,120.0,0.075,1.0,157,0.0,0,0.0,,,PredHPA-r1,ddos_kill,125
0.0,0.0,0.0,141.99166666666667,103.0,0.075,1.0,117,0.0,0,0.0,,,PredHPA-r1,ddos_kill,126
0.0,0.0,0.0,126.64027777777778,91.0,0.075,1.0,83,0.0,0,0.0,,,PredHPA-r1,ddos_kill,127
0.0,0.0,0.0,119.57222222222222,111.0,0.075,1.0,126,0.0,0,0.0,,,PredHPA-r1,ddos_kill,128
0.0,0.0,0.0,138.68472222222223,103.0,0.075,1.0,89,0.0,0,0.0,,,PredHPA-r1,ddos_kill,129
5.0,0.010130862523893835,0.0,135.07083333333333,94.0,0.075,0.9296615996020181,130,5.0,0,0.0,,,PredHPA-r1,ddos_kill,130
0.0,0.0,0.0,139.13888888888889,112.0,0.075,1.0,137,0.0,0,0.0,,,PredHPA-r1,ddos_kill,131
0.0,0.0,0.0,136.7263888888889,104.0,0.075,1.0,127,0.0,0,0.0,,,PredHPA-r1,ddos_kill,132
0.0,0.0,0.0,124.25972222222222,83.0,0.075,1.0,82,0.0,0,0.0,,,PredHPA-r1,ddos_kill,133
0.0,0.0,0.0,120.50972222222222,119.0,0.075,1.0,125,0.0,0,0.0,,,PredHPA-r1,ddos_kill,134
0.0,0.0,0.0,138.38611111111112,104.0,0.075,1.0,89,0.0,0,0.0,,,PredHPA-r1,ddos_kill,135
0.0,0.0,0.0,131.86111111111111,94.0,0.075,1.0,131,0.0,0,0.0,,,PredHPA-r1,ddos_kill,136
0.0,0.0,0.0,135.80555555555554,120.0,0.075,1.0,146,0.0,0,0.0,,,PredHPA-r1,ddos_kill,137
0.0,0.0,0.0,141.93472222222223,107.0,0.075,1.0,119,0.0,0,0.0,,,PredHPA-r1,ddos_kill,138
0.0,0.0,0.0,126.8861111111111,92.0,0.075,1.0,87,0.0,0,0.0,,,PredHPA-r1,ddos_kill,139
890.0,33.93548269059552,0.0,121.03194444444445,120.0,3.0549999999999997,0.0008706784842940694,96,215.0,0,0.0,,,HPA-45-r1,poison_flash,100
900.0,33.805240643870185,0.0,120.96805555555555,120.0,3.0549999999999997,7.25291164337619e-05,126,890.0,0,0.0,,,HPA-45-r1,poison_flash,101
580.0,22.260901466743544,0.0,116.23472222222222,101.0,3.0549999999999997,0.0004500081112084896,109,360.0,0,0.0,,,HPA-45-r1,poison_flash,102
765.0,26.80329625533905,0.0,122.09722222222223,120.0,3.053,0.0002507331201791455,102,345.0,0,0.0,,,HPA-45-r1,poison_flash,103
590.0,27.757368777932612,0.0,118.80694444444444,120.0,3.0549999999999997,0.007001948464397769,129,5.0,0,0.0,,,HPA-45-r1,poison_flash,104
440.0,15.195560191471124,0.0,119.75833333333334,120.0,3.053,0.0005842309165075507,108,335.0,0,0.0,,,HPA-45-r1,poison_flash,105
790.0,30.78778034874725,0.0,117.80277777777778,120.0,3.053,0.00040575864633589576,97,215.0,0,0.0,,,HPA-45-r1,poison_flash,106
925.0,34.05855136952006,0.0,115.45,105.0,3.0549999999999997,0.00025044018803808423,121,875.0,0,0.0,,,HPA-45-r1,poison_flash,107
505.0,19.876472984770054,0.0,122.11944444444444,115.0,3.0549999999999997,0.0001568862026776607,101,165.0,0,0.0,,,HPA-45-r1,poison_flash,108
885.0,29.153443696224002,0.0,117.73611111111111,111.0,3.0549999999999997,8.352548572635285e-05,119,885.0,0,0.0,,,HPA-45-r1,poison_flash,109
770.0,36.97336218480748,0.0,117.66111111111111,120.0,3.0549999999999997,0.0002794394706939225,129,770.0,0,0.0,,,HPA-45-r1,poison_flash,110
485.0,15.82996383968569,0.0,112.00972222222222,96.0,3.053,0.008530319949347751,78,275.0,0,0.0,,,HPA-45-r1,poison_flash,111
810.0,34.31936547237173,0.0,118.70416666666667,120.0,3.0549999999999997,9.625192083563921e-05,121,810.0,0,0.0,,,HPA-45-r1,poison_flash,112
565.0,23.644287042124102,0.0,121.74166666666666,120.0,3.053,0.00012502329719414238,120,430.0,0,0.0,,,HPA-45-r1,poison_flash,113
495.0,18.63496425601443,0.0,123.68333333333334,120.0,3.053,0.00014942829587739808,120,125.0,0,0.0,,,HPA-45-r1,poison_flash,114
815.0,26.069050283430418,0.0,118.56944444444444,108.0,3.053,0.01340824867773939,109,90.0,0,0.0,,,HPA-45-r1,poison_flash,115
675.0,33.28469908169771,0.0,118.64583333333333,120.0,3.0549999999999997,9.922185796142448e-05,121,675.0,0,0.0,,,HPA-45-r1,poison_flash,116
715.0,23.32503969696068,0.0,111.73194444444445,100.0,3.0549999999999997,0.0009558712707079678,93,575.0,0,0.0,,,HPA-45-r1,poison_flash,117
850.0,34.44891582771514,0.0,113.76388888888889,112.0,3.0549999999999997,0.003588438834640445,94,70.0,0,0.0,,,HPA-45-r1,poison_flash,118
760.0,29.733646375793654,0.0,125.2875,120.0,3.053,0.0008540213443151292,105,265.0,0,0.0,,,HPA-45-r1,poison_flash,119
690.0,25.335394392098685,0.0,120.50833333333334,111.0,3.0549999999999997,4.1083316324568155e-05,104,465.0,0,0.0,,,HPA-45-r1,poison_flash,120
835.0,28.17497159451914,0.0,110.31944444444444,95.0,3.0549999999999997,0.0004216375031909892,89,835.0,0,0.0,,,HPA-45-r1,poison_flash,121
590.0,29.29610903205222,0.0,116.17361111111111,120.0,3.0549999999999997,0.0003255942756946704,127,590.0,0,0.0,,,HPA-45-r1,poison_flash,122
420.0,15.328908044876844,0.0,121.66805555555555,117.0,3.053,0.0008342551529061321,105,100.0,0,0.0,,,HPA-45-r1,poison_flash,123
795.0,33.50847089420861,0.0,117.87083333333334,120.0,3.053,5.9826510191802576e-05,115,805.0,0,0.0,,,HPA-45-r1,poison_flash,124
590.0,24.935765028108936,0.0,121.29166666666667,120.0,3.0549999999999997,9.0722002895782e-05,122,445.0,0,0.0,,,HPA-45-r1,poison_flash,125
680.0,25.434077323314842,0.0,121.9,120.0,3.0549999999999997,0.00032330242462650326,108,15.0,0,0.0,,,HPA-45-r1,poison_flash,126
715.0,25.138892168260195,0.0,119.05,108.0,3.053,0.0009101473721473352,110,220.0,0,0.0,,,HPA-45-r1,poison_flash,127
665.0,30.681861306164105,0.0,119.74722222222222,120.0,3.0549999999999997,0.00017899665209288883,126,235.0,0,0.0,,,HPA-45-r1,poison_flash,128
490.0,17.12747352536904,0.0,120.80555555555556,120.0,3.053,0.0001095282588505803,92,70.0,0,0.0,,,HPA-45-r1,poison_flash,129
830.0,34.28229861579536,0.0,117.73611111111111,120.0,3.0549999999999997,0.0008401977895520234,104,60.0,0,0.0,,,HPA-45-r1,poison_flash,130
935.0,34.16979369135039,0.0,117.74166666666666,107.0,3.0549999999999997,0.00023963846782369723,126,885.0,0,0.0,,,HPA-45-r1,poison_flash,131
625.0,23.105427974266902,0.0,116.54444444444445,110.0,3.0549999999999997,0.0008423689151618894,101,295.0,0,0.0,,,HPA-45-r1,poison_flash,132
715.0,23.90758247032573,0.0,113.56944444444444,104.0,3.0549999999999997,0.0006834371652550763,116,715.0,0,0.0,,,HPA-45-r1,poison_flash,133
595.0,28.91678217711373,0.0,120.26388888888889,120.0,3.053,0.0021085479389260768,118,230.0,0,0.0,,,HPA-45-r1,poison_flash,134
705.0,22.926055879197683,0.0,114.90972222222223,110.0,3.0549999999999997,0.00038148028957756306,104,5.0,0,0.0,,,HPA-45-r1,poison_flash,135
795.0,28.86113664313553,0.0,115.49027777777778,120.0,3.0549999999999997,0.0036699316777464336,117,125.0,0,0.0,,,HPA-45-r1,poison_flash,136
695.0,27.587812197346683,0.0,119.99444444444444,120.0,3.0549999999999997,0.000486166166162118,125,5.0,0,0.0,,,HPA-45-r1,poison_flash,137
615.0,22.54747119021706,0.0,115.32222222222222,104.0,3.0549999999999997,0.0006415565142696886,114,305.0,0,0.0,,,HPA-45-r1,poison_flash,138
805.0,27.816155778547557,0.0,113.97916666666667,100.0,3.0549999999999997,0.0005024890837798051,106,805.0,0,0.0,,,HPA-45-r1,poison_flash,139
760.0,29.06745965879264,0.0,114.3638888888889,110.0,3.0549999999999997,0.0025523501468674445,81,170.0,0,0.0,,,HPA-45-r0,poison_flash,100
805.0,29.95042646298759,0.0,113.91388888888889,102.0,3.0549999999999997,0.004281359112023817,111,400.0,0,0.0,,,HPA-45-r0,poison_flash,101
360.0,13.38895415605037,0.0,108.91111111111111,89.0,0.831681485301299,0.011586064861154821,93,25.0,0,0.0,,,HPA-45-r0,poison_flash,102
535.0,17.636886803671324,0.0,113.48472222222222,99.0,2.568707310715267,0.017712271331297096,89,20.0,0,0.0,,,HPA-45-r0,poison_flash,103
440.0,20.00699498532822,0.0,114.27777777777777,116.0,2.421487857643857,0.012472025451374854,104,5.0,0,0.0,,,HPA-45-r0,poison_flash,104
210.0,6.082382808976861,0.0,116.79027777777777,116.0,0.075,0.009950587964071741,99,60.0,0,0.0,,,HPA-45-r0,poison_flash,105
650.0,24.12570467234807,0.0,110.21666666666667,107.0,3.053,0.015711623511538857,70,175.0,0,0.0,,,HPA-45-r0,poison_flash,106
735.0,26.61690079152128,0.0,106.80694444444444,84.0,3.0549999999999997,0.0036392251830516063,96,375.0,0,0.0,,,HPA-45-r0,poison_flash,107
340.0,13.883286653512139,0.0,113.7875,97.0,0.7388113949787612,0.004197903929009619,91,25.0,0,0.0,,,HPA-45-r0,poison_flash,108
595.0,18.783619593688638,0.0,109.6,95.0,3.0530999999999997,0.010646752625059104,97,50.0,0,0.0,,,HPA-45-r0,poison_flash,109
705.0,33.90933684403019,0.0,114.08055555555555,120.0,3.0549999999999997,0.010071945136932086,108,80.0,0,0.0,,,HPA-45-r0,poison_flash,110
285.0,7.501771876691099,0.0,106.57222222222222,84.0,0.075,0.01108878155121724,80,15.0,0,0.0,,,HPA-45-r0,poison_flash,111
750.0,30.864522674355065,0.0,111.15416666666667,109.0,3.0549999999999997,0.0028098744804230004,86,190.0,0,0.0,,,HPA-45-r0,poison_flash,112
265.0,12.552631098466493,0.0,121.91944444444445,120.0,0.075,0.005547222743542565,112,115.0,0,0.0,,,HPA-45-r0,poison_flash,113
425.0,15.67739758850194,0.0,118.23055555555555,117.0,1.4879410962281894,0.012240946436579754,101,110.0,0,0.0,,,HPA-45-r0,poison_flash,114
545.0,16.837123045848536,0.0,111.9375,94.0,2.5013327371717655,0.020294843853710706,90,15.0,0,0.0,,,HPA-45-r0,poison_flash,115
610.0,30.410021979802416,0.0,114.4,120.0,3.0549999999999997,0.0041341531934998045,101,75.0,0,0.0,,,HPA-45-r0,poison_flash,116
505.0,13.942995129331614,0.0,106.01527777777778,89.0,1.7459877937688295,0.009814307266348027,77,25.0,0,0.0,,,HPA-45-r0,poison_flash,117
745.0,30.656641952741058,0.0,106.9,98.0,3.0549999999999997,0.008282046707322407,83,40.0,0,0.0,,,HPA-45-r0,poison_flash,118
610.0,22.080402598956027,0.0,116.58333333333333,103.0,3.053,0.004869135982973628,89,85.0,0,0.0,,,HPA-45-r0,poison_flash,119
490.0,17.816108298770573,0.0,109.39444444444445,89.0,2.4415978767288893,0.0009664696219383951,93,35.0,0,0.0,,,HPA-45-r0,poison_flash,120
475.0,14.670873306374975,0.0,105.96388888888889,90.0,1.755131212075197,0.010811116374944408,85,20.0,0,0.0,,,HPA-45-r0,poison_flash,121
515.0,25.84931354325697,0.0,111.86944444444444,116.0,3.0549999999999997,0.010421360180350106,102,75.0,0,0.0,,,HPA-45-r0,poison_flash,122
285.0,9.175012347424039,0.0,114.95277777777778,104.0,0.075,0.021316940846128767,93,40.0,0,0.0,,,HPA-45-r0,poison_flash,123
710.0,28.32641308092253,0.0,116.5375,120.0,3.053,0.0005986861567282725,93,95.0,0,0.0,,,HPA-45-r0,poison_flash,124
370.0,14.847610702284065,0.0,117.43333333333334,113.0,0.7227484134840725,0.003395340670938904,113,130.0,0,0.0,,,HPA-45-r0,poison_flash,125
500.0,17.977785303724858,0.0,113.73611111111111,98.0,2.534391953874163,0.010127839109998862,99,15.0,0,0.0,,,HPA-45-r0,poison_flash,126
465.0,16.12256040396908,0.0,113.33194444444445,97.0,2.3168082580109584,0.0203895024879928,93,30.0,0,0.0,,,HPA-45-r0,poison_flash,127
575.0,25.630239619363593,0.0,117.0625,118.0,3.05,0.01058189610996357,95,225.0,0,0.0,,,HPA-45-r0,poison_flash,128
355.0,10.249733240478387,0.0,118.57222222222222,120.0,0.5822336289059665,0.0026499509755725983,90,50.0,0,0.0,,,HPA-45-r0,poison_flash,129
720.0,29.288128696881966,0.0,111.38472222222222,107.0,3.0549999999999997,0.0027993038807612052,85,20.0,0,0.0,,,HPA-45-r0,poison_flash,130
780.0,29.34961875344021,0.0,109.83194444444445,85.0,3.0549999999999997,0.007339195959545147,102,515.0,0,0.0,,,HPA-45-r0,poison_flash,131
435.0,16.934049270111274,0.0,109.06805555555556,89.0,2.27032682350579,0.010376475592916296,86,30.0,0,0.0,,,HPA-45-r0,poison_flash,132
370.0,10.172651797267251,0.0,107.41111111111111,85.0,0.7245020536954722,0.012162760297624144,94,20.0,0,0.0,,,HPA-45-r0,poison_flash,133
470.0,20.496086813098756,0.0,118.89305555555555,120.0,2.3411554224211626,0.01979332441619884,92,135.0,0,0.0,,,HPA-45-r0,poison_flash,134
275.0,6.781015662356982,0.0,110.29166666666667,94.0,0.075,0.01375293844455601,96,5.0,0,0.0,,,HPA-45-r0,poison_flash,135
625.0,22.77159776864892,0.0,107.17222222222222,103.0,3.0549999999999997,0.00824021394388378,90,35.0,0,0.0,,,HPA-45-r0,poison_flash,136
335.0,13.703004080498161,0.0,115.1361111111111,114.0,0.4178355209533227,0.010091034785987997,109,5.0,0,0.0,,,HPA-45-r0,poison_flash,137
440.0,16.557439834617448,0.0,107.89166666666667,87.0,1.9419515444375912,0.012401191034217812,97,95.0,0,0.0,,,HPA-45-r0,poison_flash,138
560.0,18.717371400078676,0.0,108.83333333333333,90.0,2.7815964309815233,0.011213722494844302,97,45.0,0,0.0,,,HPA-45-r0,poison_flash,139
15.0,0.1677224966615487,0.0,149.08194444444445,120.0,0.075,0.4898412919472618,150,15.0,0,0.0,,,PredHPA-r1,poison_flash,100
10.0,0.06015678744936137,0.0,150.07083333333333,120.0,0.075,0.8553706207769602,170,10.0,0,0.0,,,PredHPA-r1,poison_flash,101
0.0,0.0,0.0,150.57222222222222,120.0,0.075,1.0,162,0.0,0,0.0,,,PredHPA-r1,poison_flash,102
0.0,0.0,0.0,142.0222222222222,120.0,0.075,1.0,110,0.0,0,0.0,,,PredHPA-r1,poison_flash,103
0.0,0.0,0.0,127.76388888888889,120.0,0.075,1.0,160,0.0,0,0.0,,,PredHPA-r1,poison_flash,104
15.0,0.5277703308739445,0.0,149.225,120.0,0.075,0.2802683651873125,112,15.0,0,0.0,,,PredHPA-r1,poison_flash,105
0.0,0.0,0.0,146.97916666666666,120.0,0.075,1.0,158,0.0,0,0.0,,,PredHPA-r1,poison_flash,106
0.0,0.0,0.0,149.63611111111112,120.0,0.075,1.0,150,0.0,0,0.0,,,PredHPA-r1,poison_flash,107
0.0,0.0,0.0,150.59166666666667,120.0,0.075,1.0,162,0.0,0,0.0,,,PredHPA-r1,poison_flash,108
10.0,0.04382040059054404,0.0,141.84722222222223,120.0,0.075,0.9174105606259205,112,10.0,0,0.0,,,PredHPA-r1,poison_flash,109
0.0,0.0,0.0,128.89444444444445,120.0,0.075,1.0,178,0.0,0,0.0,,,PredHPA-r1,poison_flash,110
0.0,0.0,0.0,147.85833333333332,120.0,0.075,1.0,110,0.0,0,0.0,,,PredHPA-r1,poison_flash,111
0.0,0.0,0.0,147.60555555555555,120.0,0.075,1.0,179,0.0,0,0.0,,,PredHPA-r1,poison_flash,112
0.0,0.018313449438800422,0.0,144.6638888888889,120.0,0.075,0.9657752936945299,170,0.0,0,0.0,,,PredHPA-r1,poison_flash,113
5.0,0.02500455944466351,0.0,150.7486111111111,120.0,0.075,0.9294748731645234,151,5.0,0,0.0,,,PredHPA-r1,poison_flash,114
0.0,0.0,0.0,141.5402777777778,120.0,0.075,1.0,119,0.0,0,0.0,,,PredHPA-r1,poison_flash,115
0.0,0.0,0.0,129.30833333333334,120.0,0.075,1.0,152,0.0,0,0.0,,,PredHPA-r1,poison_flash,116
0.0,0.0,0.0,148.21805555555557,120.0,0.075,1.0,111,0.0,0,0.0,,,PredHPA-r1,poison_flash,117
0.0,0.0,0.0,146.82916666666668,120.0,0.075,1.0,166,0.0,0,0.0,,,PredHPA-r1,poison_flash,118
15.0,0.4005041550784849,0.0,147.53194444444443,120.0,0.075,0.2122646662021193,161,15.0,0,0.0,,,PredHPA-r1,poison_flash,119
5.0,0.03295672380254633,0.0,150.53055555555557,120.0,0.075,0.9145509048255202,140,5.0,0,0.0,,,PredHPA-r1,poison_flash,120
0.0,0.0,0.0,142.61805555555554,120.0,0.075,1.0,135,0.0,0,0.0,,,PredHPA-r1,poison_flash,121
0.0,0.0,0.0,128.91944444444445,120.0,0.075,1.0,157,0.0,0,0.0,,,PredHPA-r1,poison_flash,122
0.0,0.0,0.0,145.95555555555555,120.0,0.075,1.0,125,0.0,0,0.0,,,PredHPA-r1,poison_flash,123
10.0,0.08576337287007352,0.0,147.42777777777778,120.0,0.075,0.8351907817847607,164,10.0,0,0.0,,,PredHPA-r1,poison_flash,124
0.0,0.011950880500544159,0.0,144.65277777777777,120.0,0.075,0.9709734813919567,165,0.0,0,0.0,,,PredHPA-r1,poison_flash,125
0.0,0.0,0.0,150.78194444444443,120.0,0.075,1.0,138,0.0,0,0.0,,,PredHPA-r1,poison_flash,126
0.0,0.0,0.0,140.99444444444444,120.0,0.075,1.0,123,0.0,0,0.0,,,PredHPA-r1,poison_flash,127
0.0,0.0,0.0,128.63333333333333,120.0,0.075,1.0,157,0.0,0,0.0,,,PredHPA-r1,poison_flash,128
5.0,0.038881914205268764,0.0,151.32222222222222,120.0,0.075,0.8718585442347746,107,5.0,0,0.0,,,PredHPA-r1,poison_flash,129
0.0,0.0,0.0,148.47916666666666,120.0,0.075,1.0,160,0.0,0,0.0,,,PredHPA-r1,poison_flash,130
0.0,0.008297627598685686,0.0,151.65972222222223,120.0,0.075,0.9738083912966196,152,0.0,0,0.0,,,PredHPA-r1,poison_flash,131
0.0,0.0,0.0,148.63888888888889,120.0,0.075,1.0,169,0.0,0,0.0,,,PredHPA-r1,poison_flash,132
0.0,0.0,0.0,140.61388888888888,120.0,0.075,1.0,109,0.0,0,0.0,,,PredHPA-r1,poison_flash,133
0.0,0.0,0.0,127.39722222222223,120.0,0.075,1.0,160,0.0,0,0.0,,,PredHPA-r1,poison_flash,134
0.0,0.0,0.0,149.1027777777778,120.0,0.075,1.0,92,0.0,0,0.0,,,PredHPA-r1,poison_flash,135
0.0,0.0,0.0,146.7111111111111,120.0,0.075,1.0,181,0.0,0,0.0,,,PredHPA-r1,poison_flash,136
0.0,0.0,0.0,144.3513888888889,120.0,0.075,1.0,163,0.0,0,0.0,,,PredHPA-r1,poison_flash,137
0.0,0.0,0.0,150.20277777777778,120.0,0.075,1.0,168,0.0,0,0.0,,,PredHPA-r1,poison_flash,138
0.0,0.0,0.0,141.15277777777777,120.0,0.075,1.0,120,0.0,0,0.0,,,PredHPA-r1,poison_flash,139
0.0,0.0,0.0,114.89861111111111,101.0,0.075,1.0,120,0.0,0,0.0,,,HPA-45-r1,storm,100
0.0,0.0,0.0,127.82083333333334,120.0,0.075,1.0,126,0.0,0,0.0,,,HPA-45-r1,storm,101
0.0,0.0,0.0,116.42083333333333,91.0,0.075,1.0,108,0.0,0,0.0,,,HPA-45-r1,storm,102
0.0,0.0,0.0,120.09166666666667,90.0,0.075,1.0,106,0.0,0,0.0,,,HPA-45-r1,storm,103
0.0,0.0,0.0,117.0111111111111,120.0,0.075,1.0,155,0.0,0,0.0,,,HPA-45-r1,storm,104
10.0,0.03476286446456589,0.0,117.40972222222223,93.0,0.075,0.7475328404308279,104,2.5,0,0.0,,,HPA-45-r1,storm,105
60.0,2.035501824713193,0.0,120.47777777777777,120.0,0.075,0.02720762723376197,146,30.0,0,0.0,,,HPA-45-r1,storm,106
5.0,0.03212330943058728,0.0,113.09166666666667,86.0,0.075,0.8755628283092498,118,2.5,0,0.0,,,HPA-45-r1,storm,107
0.0,0.0,0.0,111.98333333333333,89.0,0.075,1.0,100,0.0,0,0.0,,,HPA-45-r1,storm,108
5.0,0.015259932157196676,0.0,120.28611111111111,98.0,0.075,0.9434945179571782,126,2.5,0,0.0,,,HPA-45-r1,storm,109
0.0,0.0,0.0,117.46111111111111,94.0,0.075,1.0,118,0.0,0,0.0,,,HPA-45-r1,storm,110
0.0,0.0,0.0,116.47361111111111,93.0,0.075,1.0,121,0.0,0,0.0,,,HPA-45-r1,storm,111
0.0,0.0,0.0,120.29166666666667,106.0,0.075,1.0,125,0.0,0,0.0,,,HPA-45-r1,storm,112
110.0,3.7212597946495896,0.0,128.5263888888889,120.0,0.075,6.49201813962863e-06,128,40.0,0,0.0,,,HPA-45-r1,storm,113
5.0,0.02479156921807446,0.0,118.6763888888889,102.0,0.075,0.9033069893879667,115,2.5,0,0.0,,,HPA-45-r1,storm,114
0.0,0.0,0.0,117.47083333333333,95.0,0.075,1.0,128,0.0,0,0.0,,,HPA-45-r1,storm,115
0.0,0.0,0.0,117.84583333333333,97.0,0.075,1.0,119,0.0,0,0.0,,,HPA-45-r1,storm,116
0.0,0.0,0.0,110.09027777777777,85.0,0.075,1.0,93,0.0,0,0.0,,,HPA-45-r1,storm,117
0.0,0.0,0.0,120.79027777777777,108.0,0.075,1.0,122,0.0,0,0.0,,,HPA-45-r1,storm,118
0.0,0.0,0.0,122.25972222222222,120.0,0.075,1.0,156,0.0,0,0.0,,,HPA-45-r1,storm,119
15.0,0.07221106757516749,0.0,113.62222222222222,88.0,0.075,0.8367557464861384,104,7.5,0,0.0,,,HPA-45-r1,storm,120
0.0,0.0,0.0,114.26388888888889,83.0,0.075,1.0,99,0.0,0,0.0,,,HPA-45-r1,storm,121
0.0,0.0,0.0,120.86111111111111,110.0,0.075,1.0,140,0.0,0,0.0,,,HPA-45-r1,storm,122
0.0,0.0,0.0,125.13333333333334,100.0,0.075,1.0,122,0.0,0,0.0,,,HPA-45-r1,storm,123
0.0,0.0,0.0,117.72083333333333,113.0,0.075,1.0,120,0.0,0,0.0,,,HPA-45-r1,storm,124
115.0,3.949008595311765,0.0,127.5625,120.0,0.075,0.0,120,40.0,0,0.0,,,HPA-45-r1,storm,125
0.0,0.0,0.0,118.28472222222223,89.0,0.075,1.0,104,0.0,0,0.0,,,HPA-45-r1,storm,126
5.0,0.017008548868535645,0.0,123.30694444444444,102.0,0.075,0.9408779259545584,123,2.5,0,0.0,,,HPA-45-r1,storm,127
0.0,0.0,0.0,120.79722222222222,114.0,0.075,1.0,132,0.0,0,0.0,,,HPA-45-r1,storm,128
10.0,0.116466089941758,0.0,110.35972222222222,79.0,0.075,0.39549494843706545,85,2.5,0,0.0,,,HPA-45-r1,storm,129
15.0,0.13735661681626432,0.0,118.73333333333333,103.0,0.075,0.31604403099064005,115,3.75,0,0.0,,,HPA-45-r1,storm,130
0.0,0.0,0.0,116.2,91.0,0.075,1.0,114,0.0,0,0.0,,,HPA-45-r1,storm,131
0.0,0.0,0.0,119.37083333333334,106.0,0.075,1.0,103,0.0,0,0.0,,,HPA-45-r1,storm,132
0.0,0.0,0.0,115.6361111111111,84.0,0.075,1.0,120,0.0,0,0.0,,,HPA-45-r1,storm,133
0.0,0.0,0.0,116.37638888888888,117.0,0.075,1.0,132,0.0,0,0.0,,,HPA-45-r1,storm,134
0.0,0.0,0.0,120.77916666666667,94.0,0.075,1.0,105,0.0,0,0.0,,,HPA-45-r1,storm,135
20.0,0.3131901922558633,0.0,121.91805555555555,120.0,0.075,0.31054102477358025,127,10.0,0,0.0,,,HPA-45-r1,storm,136
0.0,0.0,0.0,124.56527777777778,120.0,0.075,1.0,139,0.0,0,0.0,,,HPA-45-r1,storm,137
0.0,0.0,0.0,119.225,108.0,0.075,1.0,96,0.0,0,0.0,,,HPA-45-r1,storm,138
5.0,0.033857694149808104,0.0,121.58333333333333,102.0,0.075,0.8995871447322527,129,2.5,0,0.0,,,HPA-45-r1,storm,139
0.0,0.0,0.0,114.89861111111111,101.0,0.075,1.0,120,0.0,0,0.0,,,HPA-45-r0,storm,100
0.0,0.0,0.0,127.82083333333334,120.0,0.075,1.0,126,0.0,0,0.0,,,HPA-45-r0,storm,101
0.0,0.0,0.0,115.8375,91.0,0.075,1.0,106,0.0,0,0.0,,,HPA-45-r0,storm,102
0.0,0.0,0.0,120.09166666666667,90.0,0.075,1.0,106,0.0,0,0.0,,,HPA-45-r0,storm,103
0.0,0.0,0.0,117.0111111111111,120.0,0.075,1.0,155,0.0,0,0.0,,,HPA-45-r0,storm,104
5.0,0.017485971663333544,0.0,117.40972222222223,93.0,0.075,0.8801763338754026,104,1.25,0,0.0,,,HPA-45-r0,storm,105
5.0,0.046986897323864074,0.0,121.21527777777777,119.0,0.075,0.9057139354960234,131,2.5,0,0.0,,,HPA-45-r0,storm,106
5.0,0.03212330943058728,0.0,113.09166666666667,86.0,0.075,0.8755628283092498,118,2.5,0,0.0,,,HPA-45-r0,storm,107
0.0,0.0,0.0,111.98333333333333,89.0,0.075,1.0,100,0.0,0,0.0,,,HPA-45-r0,storm,108
0.0,0.0,0.0,119.9263888888889,95.0,0.075,1.0,122,0.0,0,0.0,,,HPA-45-r0,storm,109
0.0,0.0,0.0,117.46111111111111,94.0,0.075,1.0,118,0.0,0,0.0,,,HPA-45-r0,storm,110
0.0,0.0,0.0,116.47361111111111,93.0,0.075,1.0,121,0.0,0,0.0,,,HPA-45-r0,storm,111
0.0,0.0,0.0,120.29166666666667,106.0,0.075,1.0,125,0.0,0,0.0,,,HPA-45-r0,storm,112
65.0,2.735263953090439,0.0,124.04444444444445,120.0,0.075,0.004147565797614277,109,27.5,0,0.0,,,HPA-45-r0,storm,113
5.0,0.02479156921807446,0.0,119.25694444444444,103.0,0.075,0.9033069893879667,112,2.5,0,0.0,,,HPA-45-r0,storm,114
0.0,0.0,0.0,117.47083333333333,95.0,0.075,1.0,128,0.0,0,0.0,,,HPA-45-r0,storm,115
0.0,0.0,0.0,117.84583333333333,97.0,0.075,1.0,119,0.0,0,0.0,,,HPA-45-r0,storm,116
0.0,0.0,0.0,110.09027777777777,85.0,0.075,1.0,93,0.0,0,0.0,,,HPA-45-r0,storm,117
0.0,0.0,0.0,120.79027777777777,108.0,0.075,1.0,122,0.0,0,0.0,,,HPA-45-r0,storm,118
0.0,0.0,0.0,122.25972222222222,120.0,0.075,1.0,156,0.0,0,0.0,,,HPA-45-r0,storm,119
10.0,0.0416607360029464,0.0,113.3625,87.0,0.075,0.9066634660745467,101,5.0,0,0.0,,,HPA-45-r0,storm,120
0.0,0.0,0.0,114.26388888888889,83.0,0.075,1.0,99,0.0,0,0.0,,,HPA-45-r0,storm,121
0.0,0.0,0.0,120.86111111111111,110.0,0.075,1.0,140,0.0,0,0.0,,,HPA-45-r0,storm,122
0.0,0.0,0.0,125.13333333333334,100.0,0.075,1.0,122,0.0,0,0.0,,,HPA-45-r0,storm,123
0.0,0.0,0.0,117.72083333333333,113.0,0.075,1.0,120,0.0,0,0.0,,,HPA-45-r0,storm,124
70.0,2.9261510585091854,0.0,126.54444444444445,120.0,0.075,0.0038918487722162656,111,28.75,0,0.0,,,HPA-45-r0,storm,125
0.0,0.0,0.0,118.28472222222223,89.0,0.075,1.0,104,0.0,0,0.0,,,HPA-45-r0,storm,126
5.0,0.017008548868535645,0.0,123.30694444444444,102.0,0.075,0.9408779259545584,123,2.5,0,0.0,,,HPA-45-r0,storm,127
0.0,0.0,0.0,120.79722222222222,114.0,0.075,1.0,132,0.0,0,0.0,,,HPA-45-r0,storm,128
5.0,0.056294479897911476,0.0,109.8375,76.0,0.075,0.5770595657907591,95,1.25,0,0.0,,,HPA-45-r0,storm,129
5.0,0.07385800503798556,0.0,118.73333333333333,103.0,0.075,0.45435635591065493,115,1.25,0,0.0,,,HPA-45-r0,storm,130
0.0,0.0,0.0,116.2,91.0,0.075,1.0,114,0.0,0,0.0,,,HPA-45-r0,storm,131
0.0,0.0,0.0,119.37083333333334,106.0,0.075,1.0,103,0.0,0,0.0,,,HPA-45-r0,storm,132
0.0,0.0021521200247898165,0.0,116.22083333333333,86.0,0.075,0.9896575972369177,122,0.0,0,0.0,,,HPA-45-r0,storm,133
0.0,0.0,0.0,116.37638888888888,117.0,0.075,1.0,132,0.0,0,0.0,,,HPA-45-r0,storm,134
0.0,0.0,0.0,120.77916666666667,94.0,0.075,1.0,105,0.0,0,0.0,,,HPA-45-r0,storm,135
15.0,0.079385241115848,0.0,121.05694444444444,119.0,0.075,0.8211611484180412,127,7.5,0,0.0,,,HPA-45-r0,storm,136
0.0,0.0,0.0,124.56527777777778,120.0,0.075,1.0,139,0.0,0,0.0,,,HPA-45-r0,storm,137
0.0,0.0,0.0,119.225,108.0,0.075,1.0,96,0.0,0,0.0,,,HPA-45-r0,storm,138
5.0,0.033857694149808104,0.0,121.58333333333333,102.0,0.075,0.8995871447322527,129,2.5,0,0.0,,,HPA-45-r0,storm,139
0.0,0.0,0.0,147.40694444444443,120.0,0.075,1.0,142,0.0,0,0.0,,,PredHPA-r1,storm,100
0.0,0.0,0.0,144.8625,120.0,0.075,1.0,162,0.0,0,0.0,,,PredHPA-r1,storm,101
0.0,0.0,0.0,146.68055555555554,120.0,0.075,1.0,132,0.0,0,0.0,,,PredHPA-r1,storm,102
0.0,0.0,0.0,140.03194444444443,102.0,0.075,1.0,120,0.0,0,0.0,,,PredHPA-r1,storm,103
0.0,0.0,0.0,124.82638888888889,120.0,0.075,1.0,146,0.0,0,0.0,,,PredHPA-r1,storm,104
0.0,0.0,0.0,144.57222222222222,116.0,0.075,1.0,99,0.0,0,0.0,,,PredHPA-r1,storm,105
0.0,0.0,0.0,146.84305555555557,120.0,0.075,1.0,147,0.0,0,0.0,,,PredHPA-r1,storm,106
0.0,0.0,0.0,142.71527777777777,120.0,0.075,1.0,150,0.0,0,0.0,,,PredHPA-r1,storm,107
0.0,0.0007695944115204689,0.0,146.18194444444444,120.0,0.075,0.9947098248909115,127,0.0,0,0.0,,,PredHPA-r1,storm,108
0.0,0.0,0.0,140.2375,117.0,0.075,1.0,106,0.0,0,0.0,,,PredHPA-r1,storm,109
0.0,0.0,0.0,126.9888888888889,100.0,0.075,1.0,128,0.0,0,0.0,,,PredHPA-r1,storm,110
0.0,0.0,0.0,139.775,106.0,0.075,1.0,89,0.0,0,0.0,,,PredHPA-r1,storm,111
5.0,0.02206434723789341,0.0,142.26805555555555,120.0,0.075,0.8869364284334069,173,1.25,0,0.0,,,PredHPA-r1,storm,112
10.0,0.09536574804855924,0.0,143.10972222222222,120.0,0.075,0.8447420672793512,151,5.0,0,0.0,,,PredHPA-r1,storm,113
0.0,0.0,0.0,148.26111111111112,120.0,0.075,1.0,122,0.0,0,0.0,,,PredHPA-r1,storm,114
0.0,0.0,0.0,138.29444444444445,115.0,0.075,1.0,132,0.0,0,0.0,,,PredHPA-r1,storm,115
0.0,0.0,0.0,125.85,89.0,0.075,1.0,111,0.0,0,0.0,,,PredHPA-r1,storm,116
0.0,0.0,0.0,143.0611111111111,109.0,0.075,1.0,85,0.0,0,0.0,,,PredHPA-r1,storm,117
5.0,0.009273542915944066,0.0,142.90416666666667,120.0,0.075,0.9420857915990362,139,1.25,0,0.0,,,PredHPA-r1,storm,118
0.0,0.0,0.0,145.46805555555557,120.0,0.075,1.0,178,0.0,0,0.0,,,PredHPA-r1,storm,119
0.0,0.0,0.0,144.23888888888888,120.0,0.075,1.0,120,0.0,0,0.0,,,PredHPA-r1,storm,120
0.0,0.0,0.0,138.09722222222223,104.0,0.075,1.0,117,0.0,0,0.0,,,PredHPA-r1,storm,121
0.0,0.0,0.0,127.1125,109.0,0.075,1.0,126,0.0,0,0.0,,,PredHPA-r1,storm,122
0.0,0.0,0.0,142.4125,120.0,0.075,1.0,81,0.0,0,0.0,,,PredHPA-r1,storm,123
0.0,0.0,0.0,154.51666666666668,120.0,0.075,1.0,141,0.0,0,0.0,,,PredHPA-r1,storm,124
25.0,0.45719592527481145,0.0,146.66666666666666,120.0,0.075,0.6739691842846083,154,12.5,0,0.0,,,PredHPA-r1,storm,125
0.0,0.0,0.0,150.8138888888889,120.0,0.075,1.0,155,0.0,0,0.0,,,PredHPA-r1,storm,126
0.0,0.0017395966322664158,0.0,141.71527777777777,114.0,0.075,0.9869511223488298,127,0.0,0,0.0,,,PredHPA-r1,storm,127
0.0,0.0,0.0,127.80277777777778,120.0,0.075,1.0,131,0.0,0,0.0,,,PredHPA-r1,storm,128
0.0,0.0,0.0,147.17638888888888,111.0,0.075,1.0,119,0.0,0,0.0,,,PredHPA-r1,storm,129
0.0,0.007757720120327161,0.0,144.7263888888889,120.0,0.075,0.9510669822722876,153,0.0,0,0.0,,,PredHPA-r1,storm,130
0.0,0.0,0.0,143.4638888888889,120.0,0.075,1.0,143,0.0,0,0.0,,,PredHPA-r1,storm,131
0.0,0.0,0.0,148.55833333333334,120.0,0.075,1.0,128,0.0,0,0.0,,,PredHPA-r1,storm,132
0.0,0.0,0.0,137.73472222222222,103.0,0.075,1.0,115,0.0,0,0.0,,,PredHPA-r1,storm,133
0.0,0.0,0.0,124.65416666666667,120.0,0.075,1.0,141,0.0,0,0.0,,,PredHPA-r1,storm,134
0.0,0.0,0.0,144.49444444444444,113.0,0.075,1.0,90,0.0,0,0.0,,,PredHPA-r1,storm,135
0.0,0.0,0.0,146.4736111111111,120.0,0.075,1.0,158,0.0,0,0.0,,,PredHPA-r1,storm,136
25.0,0.3169651953403796,0.0,141.59166666666667,120.0,0.075,0.04698879444885752,157,6.25,0,0.0,,,PredHPA-r1,storm,137
0.0,0.0,0.0,149.08194444444445,120.0,0.075,1.0,122,0.0,0,0.0,,,PredHPA-r1,storm,138
0.0,0.0,0.0,141.39305555555555,114.0,0.075,1.0,112,0.0,0,0.0,,,PredHPA-r1,storm,139
