slo_viol_s,loss_pct,shed_pct,replica_hours,peak_pods,p95_lat_s,min_avail,scale_actions,mttr_s,n_chaos,chaos_harm_s,attack_det_delay_s,poison_f1,controller,scenario,seed
0.0,0.0,0.0,319.6069444444444,226.0,0.12997186475150113,1.0,224,0.0,0,0.0,,,HPA-45-r1,baseline,200
0.0,0.0,0.0,353.0777777777778,301.0,0.12997186475150113,1.0,297,0.0,0,0.0,,,HPA-45-r1,baseline,201
0.0,0.0,0.0,308.3986111111111,199.0,0.12997186475150113,1.0,202,0.0,0,0.0,,,HPA-45-r1,baseline,202
0.0,0.0,0.0,368.6,301.0,0.12997186475150113,1.0,463,0.0,0,0.0,,,HPA-45-r1,baseline,203
0.0,0.0,0.0,362.53055555555557,301.0,0.12997186475150113,1.0,336,0.0,0,0.0,,,HPA-45-r1,baseline,204
0.0,0.0,0.0,319.2,197.0,0.12997186475150113,1.0,177,0.0,0,0.0,,,HPA-45-r1,baseline,205
0.0,0.0,0.0,317.56111111111113,216.0,0.12997186475150113,1.0,217,0.0,0,0.0,,,HPA-45-r1,baseline,206
0.0,0.0,0.0,351.79305555555555,301.0,0.12997186475150113,1.0,273,0.0,0,0.0,,,HPA-45-r1,baseline,207
0.0,0.0,0.0,307.5486111111111,204.0,0.12997186475150113,1.0,201,0.0,0,0.0,,,HPA-45-r1,baseline,208
0.0,0.0,0.0,344.83472222222224,254.0,0.12997186475150113,1.0,308,0.0,0,0.0,,,HPA-45-r1,baseline,209
0.0,0.0,0.0,344.68055555555554,301.0,0.12997186475150113,1.0,340,0.0,0,0.0,,,HPA-45-r1,baseline,210
1040.0,15.108906994750393,0.0,394.35833333333335,301.0,9.129971864751502,4.063275513120909e-08,335,0.0,0,0.0,,,HPA-45-r1,baseline,211
0.0,0.0,0.0,322.70416666666665,227.0,0.12997186475150113,1.0,214,0.0,0,0.0,,,HPA-45-r1,baseline,212
0.0,0.0,0.0,322.76944444444445,192.0,0.12997186475150113,1.0,140,0.0,0,0.0,,,HPA-45-r1,baseline,213
0.0,0.0,0.0,317.39722222222224,211.0,0.12997186475150113,1.0,230,0.0,0,0.0,,,HPA-45-r1,baseline,214
0.0,0.0,0.0,345.28333333333336,255.0,0.12997186475150113,1.0,315,0.0,0,0.0,,,HPA-45-r1,baseline,215
0.0,0.0,0.0,362.36805555555554,301.0,0.12997186475150113,1.0,329,0.0,0,0.0,,,HPA-45-r1,baseline,216
0.0,0.0,0.0,323.1166666666667,207.0,0.12997186475150113,1.0,179,0.0,0,0.0,,,HPA-45-r1,baseline,217
0.0,0.0,0.0,319.4138888888889,223.0,0.12997186475150113,1.0,215,0.0,0,0.0,,,HPA-45-r1,baseline,218
0.0,0.0,0.0,318.25416666666666,200.0,0.12997186475150113,1.0,154,0.0,0,0.0,,,HPA-45-r1,baseline,219
0.0,0.0,0.0,314.5736111111111,204.0,0.12997186475150113,1.0,209,0.0,0,0.0,,,HPA-45-r1,baseline,220
0.0,0.0,0.0,372.05,301.0,0.12997186475150113,1.0,468,0.0,0,0.0,,,HPA-45-r1,baseline,221
0.0,0.0,0.0,337.3277777777778,221.0,0.12997186475150113,1.0,230,0.0,0,0.0,,,HPA-45-r1,baseline,222
1035.0,15.098094781910277,0.0,392.825,301.0,9.129971864751502,3.422426225925442e-09,338,0.0,0,0.0,,,HPA-45-r1,baseline,223
0.0,0.0,0.0,321.56805555555553,217.0,0.12997186475150113,1.0,211,0.0,0,0.0,,,HPA-45-r1,baseline,224
0.0,0.0,0.0,351.19166666666666,301.0,0.12997186475150113,1.0,260,0.0,0,0.0,,,HPA-45-r1,baseline,225
5.0,0.011955737294722102,0.0,314.0361111111111,203.0,0.12997186475150113,0.9386277962970108,213,0.0,0,0.0,,,HPA-45-r1,baseline,226
0.0,0.0,0.0,349.3902777777778,255.0,0.12997186475150113,1.0,316,0.0,0,0.0,,,HPA-45-r1,baseline,227
0.0,0.0,0.0,329.175,220.0,0.12997186475150113,1.0,223,0.0,0,0.0,,,HPA-45-r1,baseline,228
1035.0,15.053030325337469,0.0,393.0027777777778,301.0,9.123151669107154,2.9518534976616815e-10,330,0.0,0,0.0,,,HPA-45-r1,baseline,229
0.0,0.0,0.0,319.6069444444444,226.0,0.12997186475150113,1.0,224,0.0,0,0.0,,,HPA-45-r0,baseline,200
0.0,0.0,0.0,323.0513888888889,195.0,0.12997186475150113,1.0,155,0.0,0,0.0,,,HPA-45-r0,baseline,201
0.0,0.0,0.0,308.3986111111111,199.0,0.12997186475150113,1.0,202,0.0,0,0.0,,,HPA-45-r0,baseline,202
0.0,0.0,0.0,342.6763888888889,249.0,0.12997186475150113,1.0,307,0.0,0,0.0,,,HPA-45-r0,baseline,203
0.0,0.0,0.0,335.9263888888889,222.0,0.12997186475150113,1.0,232,0.0,0,0.0,,,HPA-45-r0,baseline,204
0.0,0.0,0.0,319.2,197.0,0.12997186475150113,1.0,177,0.0,0,0.0,,,HPA-45-r0,baseline,205
0.0,0.0,0.0,317.56111111111113,216.0,0.12997186475150113,1.0,217,0.0,0,0.0,,,HPA-45-r0,baseline,206
0.0,0.0,0.0,323.05694444444447,190.0,0.12997186475150113,1.0,137,0.0,0,0.0,,,HPA-45-r0,baseline,207
0.0,0.0,0.0,307.5486111111111,204.0,0.12997186475150113,1.0,201,0.0,0,0.0,,,HPA-45-r0,baseline,208
0.0,0.0,0.0,345.06944444444446,254.0,0.12997186475150113,1.0,310,0.0,0,0.0,,,HPA-45-r0,baseline,209
0.0,0.0,0.0,330.575,221.0,0.12997186475150113,1.0,210,0.0,0,0.0,,,HPA-45-r0,baseline,210
0.0,0.0,0.0,322.78472222222223,206.0,0.12997186475150113,1.0,188,0.0,0,0.0,,,HPA-45-r0,baseline,211
0.0,0.0,0.0,322.70416666666665,227.0,0.12997186475150113,1.0,214,0.0,0,0.0,,,HPA-45-r0,baseline,212
0.0,0.0,0.0,323.40555555555557,192.0,0.12997186475150113,1.0,140,0.0,0,0.0,,,HPA-45-r0,baseline,213
0.0,0.0,0.0,317.39722222222224,211.0,0.12997186475150113,1.0,230,0.0,0,0.0,,,HPA-45-r0,baseline,214
0.0,0.0,0.0,345.5875,255.0,0.12997186475150113,1.0,311,0.0,0,0.0,,,HPA-45-r0,baseline,215
0.0,0.0,0.0,331.8013888888889,217.0,0.12997186475150113,1.0,212,0.0,0,0.0,,,HPA-45-r0,baseline,216
0.0,0.0,0.0,323.1166666666667,207.0,0.12997186475150113,1.0,179,0.0,0,0.0,,,HPA-45-r0,baseline,217
0.0,0.0,0.0,319.4138888888889,223.0,0.12997186475150113,1.0,215,0.0,0,0.0,,,HPA-45-r0,baseline,218
0.0,0.0,0.0,319.6375,198.0,0.12997186475150113,1.0,154,0.0,0,0.0,,,HPA-45-r0,baseline,219
0.0,0.0,0.0,314.5736111111111,204.0,0.12997186475150113,1.0,209,0.0,0,0.0,,,HPA-45-r0,baseline,220
0.0,0.0,0.0,345.48055555555555,254.0,0.12997186475150113,1.0,310,0.0,0,0.0,,,HPA-45-r0,baseline,221
0.0,0.0,0.0,337.3277777777778,221.0,0.12997186475150113,1.0,230,0.0,0,0.0,,,HPA-45-r0,baseline,222
0.0,0.0,0.0,319.4555555555556,200.0,0.12997186475150113,1.0,176,0.0,0,0.0,,,HPA-45-r0,baseline,223
0.0,0.0,0.0,321.56805555555553,217.0,0.12997186475150113,1.0,211,0.0,0,0.0,,,HPA-45-r0,baseline,224
0.0,0.0,0.0,323.9222222222222,190.0,0.12997186475150113,1.0,164,0.0,0,0.0,,,HPA-45-r0,baseline,225
5.0,0.011955737294722102,0.0,311.4527777777778,202.0,0.12997186475150113,0.9386277962970108,213,0.0,0,0.0,,,HPA-45-r0,baseline,226
0.0,0.0,0.0,349.2611111111111,257.0,0.12997186475150113,1.0,318,0.0,0,0.0,,,HPA-45-r0,baseline,227
0.0,0.0,0.0,329.175,220.0,0.12997186475150113,1.0,223,0.0,0,0.0,,,HPA-45-r0,baseline,228
0.0,0.0,0.0,322.1986111111111,202.0,0.12997186475150113,1.0,187,0.0,0,0.0,,,HPA-45-r0,baseline,229
0.0,0.0,0.0,379.40833333333336,301.0,0.12997186475150113,1.0,319,0.0,0,0.0,,,PredHPA-r1,baseline,200
0.0,0.0,0.0,435.5097222222222,301.0,0.12997186475150113,1.0,233,0.0,0,0.0,,,PredHPA-r1,baseline,201
5.0,0.020632161173117503,0.0,446.8,301.0,0.12997186475150113,0.8868488694401061,478,0.0,0,0.0,,,PredHPA-r1,baseline,202
0.0,0.0,0.0,448.4222222222222,301.0,0.12997186475150113,1.0,464,0.0,0,0.0,,,PredHPA-r1,baseline,203
0.0,0.0,0.0,494.99583333333334,301.0,0.12997186475150113,1.0,479,0.0,0,0.0,,,PredHPA-r1,baseline,204
6160.0,93.6297898357165,0.0,551.8333333333334,301.0,9.129971864751502,3.525470758633509e-08,229,0.0,0,0.0,,,PredHPA-r1,baseline,205
0.0,0.0,0.0,374.43888888888887,301.0,0.12997186475150113,1.0,310,0.0,0,0.0,,,PredHPA-r1,baseline,206
0.0,0.0,0.0,432.6736111111111,301.0,0.12997186475150113,1.0,223,0.0,0,0.0,,,PredHPA-r1,baseline,207
5.0,0.023114157402726043,0.0,448.5625,301.0,0.12997186475150113,0.8748509230652757,485,0.0,0,0.0,,,PredHPA-r1,baseline,208
0.0,0.0,0.0,449.1777777777778,301.0,0.12997186475150113,1.0,470,0.0,0,0.0,,,PredHPA-r1,baseline,209
0.0,0.0,0.0,494.27916666666664,301.0,0.12997186475150113,1.0,466,0.0,0,0.0,,,PredHPA-r1,baseline,210
6160.0,93.65268017630054,0.0,551.8333333333334,301.0,9.129971864751502,2.4736464245065058e-08,218,0.0,0,0.0,,,PredHPA-r1,baseline,211
0.0,0.0,0.0,376.18194444444447,301.0,0.12997186475150113,1.0,300,0.0,0,0.0,,,PredHPA-r1,baseline,212
0.0,0.0,0.0,440.9763888888889,301.0,0.12997186475150113,1.0,285,0.0,0,0.0,,,PredHPA-r1,baseline,213
0.0,0.0,0.0,450.05694444444447,301.0,0.12997186475150113,1.0,396,0.0,0,0.0,,,PredHPA-r1,baseline,214
0.0,0.0,0.0,450.8652777777778,301.0,0.12997186475150113,1.0,461,0.0,0,0.0,,,PredHPA-r1,baseline,215
0.0,0.0,0.0,494.4472222222222,301.0,0.12997186475150113,1.0,464,0.0,0,0.0,,,PredHPA-r1,baseline,216
6160.0,93.64580491245755,0.0,551.8333333333334,301.0,9.129971864751502,2.96007847515252e-08,237,0.0,0,0.0,,,PredHPA-r1,baseline,217
0.0,0.0,0.0,382.8277777777778,301.0,0.12997186475150113,1.0,309,0.0,0,0.0,,,PredHPA-r1,baseline,218
0.0,0.0,0.0,433.28055555555557,301.0,0.12997186475150113,1.0,244,0.0,0,0.0,,,PredHPA-r1,baseline,219
0.0,0.0,0.0,447.18194444444447,301.0,0.12997186475150113,1.0,390,0.0,0,0.0,,,PredHPA-r1,baseline,220
0.0,0.0,0.0,463.3277777777778,301.0,0.12997186475150113,1.0,560,0.0,0,0.0,,,PredHPA-r1,baseline,221
0.0,0.0,0.0,495.2986111111111,301.0,0.12997186475150113,1.0,481,0.0,0,0.0,,,PredHPA-r1,baseline,222
6160.0,93.65431525061244,0.0,551.8333333333334,301.0,9.129971864751502,1.891750505594218e-08,240,0.0,0,0.0,,,PredHPA-r1,baseline,223
0.0,0.0,0.0,376.10555555555555,301.0,0.12997186475150113,1.0,312,0.0,0,0.0,,,PredHPA-r1,baseline,224
0.0,0.0,0.0,440.32916666666665,301.0,0.12997186475150113,1.0,254,0.0,0,0.0,,,PredHPA-r1,baseline,225
0.0,0.0,0.0,445.90416666666664,301.0,0.12997186475150113,1.0,402,0.0,0,0.0,,,PredHPA-r1,baseline,226
0.0,0.0,0.0,446.1138888888889,301.0,0.12997186475150113,1.0,460,0.0,0,0.0,,,PredHPA-r1,baseline,227
0.0,0.0,0.0,496.2597222222222,301.0,0.12997186475150113,1.0,451,0.0,0,0.0,,,PredHPA-r1,baseline,228
6160.0,93.64389528475927,0.0,551.8333333333334,301.0,9.129971864751502,3.5004255083960743e-08,235,0.0,0,0.0,,,PredHPA-r1,baseline,229
2050.0,43.578504523664044,0.0,426.9402777777778,301.0,15.123151669107152,2.3744402063920877e-13,447,290.0,0,0.0,,,HPA-45-r1,flash,200
5.0,0.03108032461728305,0.0,415.5083333333333,301.0,0.12997186475150113,0.8958872685459569,504,5.0,0,0.0,,,HPA-45-r1,flash,201
850.0,32.691609035780054,0.0,367.2291666666667,301.0,15.119330886181194,2.1882582709824293e-13,455,65.0,0,0.0,,,HPA-45-r1,flash,202
865.0,30.21699509266792,0.0,415.89166666666665,301.0,12.123151669107152,7.233814964031919e-14,632,485.0,0,0.0,,,HPA-45-r1,flash,203
2570.0,39.11891130494782,0.0,483.3236111111111,301.0,10.13753767901547,6.307984442292617e-13,476,155.0,0,0.0,,,HPA-45-r1,flash,204
2205.0,46.687408897271624,0.0,432.9847222222222,301.0,12.561523458035294,2.333707988075331e-14,372,1155.0,0,0.0,,,HPA-45-r1,flash,205
750.0,31.764829516171922,0.0,370.1402777777778,301.0,12.129971864751502,2.4325136420075378e-11,424,15.0,0,0.0,,,HPA-45-r1,flash,206
2700.0,50.150187890966414,0.0,478.22777777777776,301.0,12.123151669107152,3.9366555077428425e-13,464,1135.0,0,0.0,,,HPA-45-r1,flash,207
1120.0,36.57611195634467,0.0,373.8930555555556,301.0,12.123151669107152,1.7947947135476305e-13,417,1120.0,0,0.0,,,HPA-45-r1,flash,208
955.0,35.1534047857681,0.0,397.4555555555556,301.0,14.46239079783174,6.3111683355229515e-15,461,955.0,0,0.0,,,HPA-45-r1,flash,209
665.0,24.502276801228142,0.0,405.2361111111111,301.0,13.004944850284884,1.2175599774737958e-13,542,665.0,0,0.0,,,HPA-45-r1,flash,210
1275.0,19.460090081930947,0.0,451.6388888888889,301.0,9.129971864751502,4.063275513120909e-08,435,20.0,0,0.0,,,HPA-45-r1,flash,211
2275.0,55.54898360421714,0.0,431.17083333333335,301.0,15.129971864751502,1.495955838310577e-14,347,1095.0,0,0.0,,,HPA-45-r1,flash,212
925.0,29.848652178939105,0.0,392.09305555555557,301.0,13.392860217148362,3.1501296754927705e-13,357,925.0,0,0.0,,,HPA-45-r1,flash,213
910.0,35.528035278213835,0.0,372.3625,301.0,15.119330886181194,1.084213489570629e-13,395,915.0,0,0.0,,,HPA-45-r1,flash,214
905.0,34.08812447645598,0.0,394.62638888888887,301.0,15.119330886181194,1.2916418699510652e-14,475,905.0,0,0.0,,,HPA-45-r1,flash,215
3860.0,57.44852758094662,0.0,492.325,301.0,11.54735825584685,3.5373366882835107e-13,439,75.0,0,0.0,,,HPA-45-r1,flash,216
2210.0,45.953525866944844,0.0,438.60555555555555,301.0,12.333503577925121,2.542978561898255e-13,408,1125.0,0,0.0,,,HPA-45-r1,flash,217
2560.0,53.12171724116429,0.0,446.01944444444445,301.0,15.129971864751502,7.513637150349026e-14,380,300.0,0,0.0,,,HPA-45-r1,flash,218
0.0,0.0,0.0,386.27222222222224,301.0,0.12997186475150113,1.0,409,0.0,0,0.0,,,HPA-45-r1,flash,219
890.0,36.11093339040762,0.0,370.7236111111111,301.0,14.697452470308317,6.255434941282987e-14,382,890.0,0,0.0,,,HPA-45-r1,flash,220
185.0,4.489188012582346,0.0,421.44166666666666,301.0,0.12997186475150113,1.2333164908247445e-11,611,55.0,0,0.0,,,HPA-45-r1,flash,221
545.0,19.50371133488994,0.0,397.67083333333335,301.0,12.129971864751502,5.007968151081729e-15,493,545.0,0,0.0,,,HPA-45-r1,flash,222
5080.0,83.05129348692421,0.0,545.0916666666667,301.0,12.182242955673512,3.561746225659366e-15,472,1150.0,0,0.0,,,HPA-45-r1,flash,223
2075.0,51.47434171321061,0.0,425.18333333333334,301.0,15.129971864751502,2.9646966633693513e-13,465,1060.0,0,0.0,,,HPA-45-r1,flash,224
4540.0,74.60893190511827,0.0,505.27916666666664,301.0,12.129971864751502,3.445851160740964e-13,447,1130.0,0,0.0,,,HPA-45-r1,flash,225
785.0,28.91086483416927,0.0,375.1791666666667,301.0,14.03356404669868,1.4363694075821178e-12,479,20.0,0,0.0,,,HPA-45-r1,flash,226
890.0,33.6643042687394,0.0,395.4902777777778,301.0,13.364469774519666,9.768834482269699e-15,458,890.0,0,0.0,,,HPA-45-r1,flash,227
395.0,8.748930832580404,0.0,392.90694444444443,301.0,6.116835434733882,1.9319358156779513e-13,441,75.0,0,0.0,,,HPA-45-r1,flash,228
5065.0,82.61567127612676,0.0,544.6625,301.0,12.568665642197539,2.555590875438222e-14,470,1160.0,0,0.0,,,HPA-45-r1,flash,229
100.0,4.846374050659252,0.0,363.62083333333334,301.0,0.12997186475150113,0.0022065434777482603,474,50.0,0,0.0,,,HPA-45-r0,flash,200
5.0,0.016101656385913987,0.0,386.66805555555555,301.0,0.12997186475150113,0.94318015517842,369,5.0,0,0.0,,,HPA-45-r0,flash,201
120.0,4.865105086235544,0.0,363.1333333333333,301.0,0.12997186475150113,0.021633318675477083,476,60.0,0,0.0,,,HPA-45-r0,flash,202
100.0,5.883598028690273,0.0,385.0388888888889,301.0,0.12997186475150113,2.931652502064819e-05,510,55.0,0,0.0,,,HPA-45-r0,flash,203
50.0,0.9439791838470213,0.0,392.875,301.0,0.12997186475150113,0.05119858602997942,414,45.0,0,0.0,,,HPA-45-r0,flash,204
40.0,1.457849216868612,0.0,386.2638888888889,301.0,0.12997186475150113,0.012850507254075499,400,25.0,0,0.0,,,HPA-45-r0,flash,205
70.0,2.9630976296932787,0.0,364.78472222222223,301.0,0.12997186475150113,0.014734536167975727,511,15.0,0,0.0,,,HPA-45-r0,flash,206
20.0,0.8551030514653002,0.0,388.6,301.0,0.12997186475150113,0.003140076782104634,385,20.0,0,0.0,,,HPA-45-r0,flash,207
110.0,3.541072633301545,0.0,358.74444444444447,301.0,0.12997186475150113,7.57345221164903e-09,459,50.0,0,0.0,,,HPA-45-r0,flash,208
70.0,2.7489430385168823,0.0,394.03194444444443,301.0,0.12997186475150113,1.4746606853837153e-05,474,65.0,0,0.0,,,HPA-45-r0,flash,209
55.0,1.7674404228294471,0.0,390.4222222222222,301.0,0.12997186475150113,0.03600007035285367,382,20.0,0,0.0,,,HPA-45-r0,flash,210
0.0,0.0,0.0,390.7055555555556,301.0,0.12997186475150113,1.0,467,0.0,0,0.0,,,HPA-45-r0,flash,211
110.0,5.725761825236542,0.0,366.74305555555554,301.0,0.12997186475150135,1.7751405673439115e-08,476,60.0,0,0.0,,,HPA-45-r0,flash,212
10.0,0.0743156259603972,0.0,390.8486111111111,301.0,0.12997186475150113,0.8573666329311603,413,5.0,0,0.0,,,HPA-45-r0,flash,213
100.0,2.8963353010264314,0.0,366.65972222222223,301.0,0.12997186475150113,0.006540650694878717,442,65.0,0,0.0,,,HPA-45-r0,flash,214
55.0,2.1097215329164976,0.0,393.53194444444443,301.0,0.12997186475150113,0.0016534558813347286,506,65.0,0,0.0,,,HPA-45-r0,flash,215
50.0,2.06824424005263,0.0,390.2347222222222,301.0,0.12997186475150113,0.0048277248575314515,445,25.0,0,0.0,,,HPA-45-r0,flash,216
20.0,0.44802294248761365,0.0,390.83472222222224,301.0,0.12997186475150121,0.20020721464851363,460,20.0,0,0.0,,,HPA-45-r0,flash,217
70.0,2.514646045353397,0.0,362.91805555555555,301.0,0.12997186475150113,0.1132844862591566,449,20.0,0,0.0,,,HPA-45-r0,flash,218
0.0,0.0,0.0,386.8277777777778,301.0,0.12997186475150113,1.0,406,0.0,0,0.0,,,HPA-45-r0,flash,219
175.0,7.2265680899395,0.0,367.15972222222223,301.0,0.12997186475150113,8.023606282734534e-08,450,60.0,0,0.0,,,HPA-45-r0,flash,220
60.0,1.9544038704369382,0.0,390.4472222222222,301.0,0.12997186475150113,2.563693152267896e-05,409,55.0,0,0.0,,,HPA-45-r0,flash,221
55.0,2.0985336238207974,0.0,397.67083333333335,301.0,0.12997186475150113,0.002176213048029897,449,65.0,0,0.0,,,HPA-45-r0,flash,222
55.0,2.0952629157924396,0.0,387.36805555555554,301.0,0.12997186475150113,0.0006525161707728214,449,55.0,0,0.0,,,HPA-45-r0,flash,223
65.0,2.416960870781837,0.0,369.3277777777778,301.0,0.12997186475150113,0.06270075822300963,488,10.0,0,0.0,,,HPA-45-r0,flash,224
35.0,1.2992659627281467,0.0,384.93611111111113,301.0,0.12997186475150113,0.019410083190898993,464,5.0,0,0.0,,,HPA-45-r0,flash,225
105.0,2.2313472131896717,0.0,367.80833333333334,301.0,0.12997186475150113,0.033910496536692744,488,25.0,0,0.0,,,HPA-45-r0,flash,226
65.0,2.7207325271670357,0.0,395.0777777777778,301.0,0.12997186475150113,0.0020002581797647816,459,60.0,0,0.0,,,HPA-45-r0,flash,227
45.0,1.548877639974744,0.0,386.8625,301.0,0.12997186475150113,0.006063787463750099,453,30.0,0,0.0,,,HPA-45-r0,flash,228
50.0,2.207087773960925,0.0,392.0236111111111,301.0,0.12997186475150113,0.00038176352915181023,502,55.0,0,0.0,,,HPA-45-r0,flash,229
2255.0,45.61454583572381,0.0,467.45694444444445,301.0,15.112430916923008,2.756559102299981e-13,512,285.0,0,0.0,,,PredHPA-r1,flash,200
0.0,0.0,0.0,470.83472222222224,301.0,0.12997186475150113,1.0,349,0.0,0,0.0,,,PredHPA-r1,flash,201
1115.0,35.8881273199233,0.0,481.8847222222222,301.0,14.709967218704524,1.0305640553596073e-13,628,1110.0,0,0.0,,,PredHPA-r1,flash,202
1700.0,41.071699403986294,0.0,474.6736111111111,301.0,13.104565411022968,2.3785219400440463e-13,447,485.0,0,0.0,,,PredHPA-r1,flash,203
185.0,4.391550557772883,0.0,509.59722222222223,301.0,0.12997186475150113,1.8362499934284236e-11,612,185.0,0,0.0,,,PredHPA-r1,flash,204
6160.0,94.90973830327663,0.0,551.8333333333334,301.0,15.129971864751502,1.0396770756540133e-14,237,1200.0,0,0.0,,,PredHPA-r1,flash,205
1870.0,49.54185869429519,0.0,446.7875,301.0,12.129971864751502,2.0127513400749626e-12,521,1065.0,0,0.0,,,PredHPA-r1,flash,206
2700.0,49.74675156286321,0.0,496.1958333333333,301.0,12.129971864751502,3.430069181061689e-13,334,1135.0,0,0.0,,,PredHPA-r1,flash,207
1045.0,33.616985383995846,0.0,482.2,301.0,15.129971864751502,1.0086338743083765e-13,622,20.0,0,0.0,,,PredHPA-r1,flash,208
910.0,33.32196920640938,0.0,477.6625,301.0,13.867578497817016,3.0205075963050207e-13,595,910.0,0,0.0,,,PredHPA-r1,flash,209
475.0,17.14989287674794,0.0,506.21666666666664,301.0,12.129971864751502,3.669743467102387e-13,547,475.0,0,0.0,,,PredHPA-r1,flash,210
6160.0,94.84156423633891,0.0,551.8333333333334,301.0,15.129971864751502,1.0107597730393535e-14,243,1200.0,0,0.0,,,PredHPA-r1,flash,211
2265.0,54.82780387398378,0.0,466.0416666666667,301.0,15.123151669107152,1.91350536454188e-13,387,1085.0,0,0.0,,,PredHPA-r1,flash,212
5.0,0.04726725332261372,0.0,478.8722222222222,301.0,0.12997186475150113,0.8684129783823986,448,5.0,0,0.0,,,PredHPA-r1,flash,213
880.0,34.94082843621119,0.0,478.15,301.0,15.129971864751502,9.112219042866755e-14,517,880.0,0,0.0,,,PredHPA-r1,flash,214
115.0,4.517339259889863,0.0,478.43888888888887,301.0,0.12997186475150113,0.0027914793778564427,609,125.0,0,0.0,,,PredHPA-r1,flash,215
340.0,7.1731539711102466,0.0,511.2083333333333,301.0,0.4413253530558019,4.027763002762082e-13,555,5.0,0,0.0,,,PredHPA-r1,flash,216
6160.0,94.91446326902783,0.0,551.8333333333334,301.0,15.129971864751502,9.52821981969685e-15,264,1200.0,0,0.0,,,PredHPA-r1,flash,217
1525.0,27.11294854985956,0.0,449.61944444444447,301.0,9.129971864751502,5.050071413907735e-12,497,20.0,0,0.0,,,PredHPA-r1,flash,218
0.0,0.0,0.0,476.725,301.0,0.12997186475150113,1.0,409,0.0,0,0.0,,,PredHPA-r1,flash,219
885.0,35.819233231627656,0.0,475.8875,301.0,15.123909735027151,9.030025535442271e-14,492,885.0,0,0.0,,,PredHPA-r1,flash,220
920.0,32.00769045534485,0.0,487.6277777777778,301.0,12.86525745523598,3.3665975190618805e-13,615,775.0,0,0.0,,,PredHPA-r1,flash,221
470.0,17.3213714868236,0.0,508.6694444444444,301.0,9.129971864751502,8.889936424963379e-12,608,470.0,0,0.0,,,PredHPA-r1,flash,222
6160.0,94.89878252415367,0.0,551.8333333333334,301.0,15.129971864751502,9.601649463314832e-15,241,1200.0,0,0.0,,,PredHPA-r1,flash,223
2260.0,53.636897845116714,0.0,466.3361111111111,301.0,15.129971864751502,1.3430720129698634e-13,453,1060.0,0,0.0,,,PredHPA-r1,flash,224
0.0,0.0,0.0,475.94166666666666,301.0,0.12997186475150113,1.0,366,0.0,0,0.0,,,PredHPA-r1,flash,225
700.0,25.12559465628914,0.0,478.65555555555557,301.0,10.727933697022879,3.317692715618059e-12,578,15.0,0,0.0,,,PredHPA-r1,flash,226
25.0,0.6986347765342682,0.0,473.85833333333335,301.0,0.12997186475150113,0.03588025449236533,512,25.0,0,0.0,,,PredHPA-r1,flash,227
245.0,6.1801464209964685,0.0,511.38194444444446,301.0,0.12997186475150113,6.482680721411137e-13,560,245.0,0,0.0,,,PredHPA-r1,flash,228
6160.0,94.88745768563754,0.0,551.8333333333334,301.0,15.129971864751502,1.0246119235822286e-14,244,1200.0,0,0.0,,,PredHPA-r1,flash,229
2220.0,51.93036500015078,0.0,427.90972222222223,301.0,15.129971864751502,3.0673335354106025e-13,428,335.0,0,0.0,,,HPA-45-r1,flash_step,200
4535.0,76.32302400434163,0.0,504.28333333333336,301.0,12.273589928655174,3.2470306682881376e-15,384,1195.0,0,0.0,,,HPA-45-r1,flash_step,201
1180.0,38.89311908097073,0.0,376.16527777777776,301.0,13.435554897607313,1.0119292374922705e-14,369,1180.0,0,0.0,,,HPA-45-r1,flash_step,202
870.0,30.79733956521714,0.0,416.17083333333335,301.0,12.112036945052772,2.963430043765319e-13,603,490.0,0,0.0,,,HPA-45-r1,flash_step,203
3975.0,60.3101579633403,0.0,495.3958333333333,301.0,10.302194215422022,3.21278498867108e-15,403,190.0,0,0.0,,,HPA-45-r1,flash_step,204
4340.0,75.42888024157412,0.0,483.8541666666667,301.0,13.424966889678409,2.093809851545009e-13,302,1200.0,0,0.0,,,HPA-45-r1,flash_step,205
2375.0,56.756663610937075,0.0,433.1166666666667,301.0,15.123151669107152,7.268255603120964e-14,378,1175.0,0,0.0,,,HPA-45-r1,flash_step,206
4615.0,75.74312852814825,0.0,508.77916666666664,301.0,13.854483549682707,3.0282976653771e-13,425,1135.0,0,0.0,,,HPA-45-r1,flash_step,207
1145.0,38.16260010471324,0.0,370.9888888888889,301.0,12.25436673033773,1.9647348188003757e-13,372,1145.0,0,0.0,,,HPA-45-r1,flash_step,208
985.0,36.44923466054064,0.0,398.5388888888889,301.0,14.713033957527959,6.9918721594950495e-15,452,985.0,0,0.0,,,HPA-45-r1,flash_step,209
795.0,27.551117669584492,0.0,407.7,301.0,13.13056122806478,3.2496677772506474e-14,527,685.0,0,0.0,,,HPA-45-r1,flash_step,210
1160.0,14.847012419028482,0.0,451.94166666666666,301.0,9.129971864751502,4.063275513120909e-08,423,20.0,0,0.0,,,HPA-45-r1,flash_step,211
2340.0,55.95441207841021,0.0,433.39444444444445,301.0,15.129971864751502,8.486024009686187e-14,340,80.0,0,0.0,,,HPA-45-r1,flash_step,212
4995.0,81.70883336995385,0.0,492.64166666666665,301.0,13.850847983753535,2.558184938804857e-13,257,1170.0,0,0.0,,,HPA-45-r1,flash_step,213
880.0,34.951758794508635,0.0,374.7611111111111,301.0,15.129971864751502,1.217450546894952e-13,413,5.0,0,0.0,,,HPA-45-r1,flash_step,214
930.0,35.797906955422775,0.0,395.6972222222222,301.0,14.388755658127849,1.4830149186816967e-14,461,930.0,0,0.0,,,HPA-45-r1,flash_step,215
325.0,9.356277798181035,0.0,423.7916666666667,301.0,0.13688368891718034,3.30598090813574e-13,502,125.0,0,0.0,,,HPA-45-r1,flash_step,216
4345.0,74.90412936655821,0.0,485.4902777777778,301.0,13.078946214330882,4.948270970053187e-13,303,1170.0,0,0.0,,,HPA-45-r1,flash_step,217
2615.0,55.561982192274975,0.0,446.4972222222222,301.0,15.107695081446147,2.0747667212841346e-13,404,360.0,0,0.0,,,HPA-45-r1,flash_step,218
5090.0,83.28479269631276,0.0,496.0263888888889,301.0,13.294292800912205,1.5847336469969615e-13,274,1200.0,0,0.0,,,HPA-45-r1,flash_step,219
920.0,37.26684769270909,0.0,370.1722222222222,301.0,13.818645070141574,3.097953321740087e-14,339,920.0,0,0.0,,,HPA-45-r1,flash_step,220
940.0,33.63241414490481,0.0,422.3,301.0,13.438475640618766,2.1639434729571787e-12,622,815.0,0,0.0,,,HPA-45-r1,flash_step,221
3370.0,59.97649955144948,0.0,471.375,301.0,12.129971864751502,4.519940418040956e-14,344,590.0,0,0.0,,,HPA-45-r1,flash_step,222
3080.0,57.275649182907905,0.0,497.85555555555555,301.0,13.654587924177225,1.683300025365621e-13,538,1190.0,0,0.0,,,HPA-45-r1,flash_step,223
2405.0,57.661026052684306,0.0,435.84444444444443,301.0,15.119330886181194,4.2115387503748896e-15,374,1200.0,0,0.0,,,HPA-45-r1,flash_step,224
2710.0,51.384450938753986,0.0,477.3152777777778,301.0,12.129971864751502,2.9346661335863016e-13,412,1195.0,0,0.0,,,HPA-45-r1,flash_step,225
1025.0,38.02194029725926,0.0,376.65833333333336,301.0,12.129971864751502,6.7546020098368155e-12,400,1030.0,0,0.0,,,HPA-45-r1,flash_step,226
915.0,34.91802525200831,0.0,396.5652777777778,301.0,14.512967951824875,1.5607195902185217e-14,447,915.0,0,0.0,,,HPA-45-r1,flash_step,227
135.0,3.3897618253381334,0.0,388.70972222222224,301.0,0.12997186475150113,2.9338027380662795e-13,441,120.0,0,0.0,,,HPA-45-r1,flash_step,228
5095.0,83.20816914408505,0.0,545.425,301.0,13.666487624430344,8.538598872793217e-14,457,1185.0,0,0.0,,,HPA-45-r1,flash_step,229
115.0,5.3851510993447205,0.0,365.2916666666667,301.0,0.12997186475150113,0.00337820370028865,398,65.0,0,0.0,,,HPA-45-r0,flash_step,200
55.0,2.3679971844248526,0.0,387.9555555555556,301.0,0.12997186475150113,0.00010621414782090434,309,55.0,0,0.0,,,HPA-45-r0,flash_step,201
150.0,6.594634911588404,0.0,363.8375,301.0,0.12997186475150113,6.2278948061138574e-06,458,90.0,0,0.0,,,HPA-45-r0,flash_step,202
85.0,4.813686567346654,0.0,388.3722222222222,301.0,0.12997186475150113,0.0010522749728302673,492,50.0,0,0.0,,,HPA-45-r0,flash_step,203
70.0,2.5904862795938732,0.0,395.99861111111113,301.0,0.12997186475150113,1.1614367760392415e-05,413,65.0,0,0.0,,,HPA-45-r0,flash_step,204
30.0,0.6333340857573422,0.0,390.7083333333333,301.0,0.12997186475150113,0.047114109704451936,397,15.0,0,0.0,,,HPA-45-r0,flash_step,205
100.0,3.760011313720646,0.0,367.0527777777778,301.0,0.12997186475150113,0.0009268468683044276,456,15.0,0,0.0,,,HPA-45-r0,flash_step,206
20.0,0.6829610067152547,0.0,388.8625,301.0,0.12997186475150113,0.008008502570212347,363,20.0,0,0.0,,,HPA-45-r0,flash_step,207
120.0,4.850263118876308,0.0,359.65416666666664,301.0,0.1299718647515012,2.30508995880751e-08,426,65.0,0,0.0,,,HPA-45-r0,flash_step,208
80.0,2.791261205103779,0.0,395.55694444444447,301.0,0.12997186475150121,8.024678436482651e-07,477,75.0,0,0.0,,,HPA-45-r0,flash_step,209
55.0,1.4055510529479953,0.0,393.62361111111113,301.0,0.12997186475150113,0.060639965373912925,393,35.0,0,0.0,,,HPA-45-r0,flash_step,210
5.0,0.04282730987842376,0.0,393.2472222222222,301.0,0.12997186475150113,0.792178243676262,370,5.0,0,0.0,,,HPA-45-r0,flash_step,211
75.0,3.0208586917248703,0.0,369.30694444444447,301.0,0.12997186475150124,0.012094290677992241,432,15.0,0,0.0,,,HPA-45-r0,flash_step,212
45.0,1.304716690959551,0.0,392.9402777777778,301.0,0.12997186475150113,0.0054074054931953636,383,40.0,0,0.0,,,HPA-45-r0,flash_step,213
100.0,2.944156893011718,0.0,370.34027777777777,301.0,0.12997186475150113,0.04844948377881304,498,5.0,0,0.0,,,HPA-45-r0,flash_step,214
85.0,3.728686033704953,0.0,394.9486111111111,301.0,0.12997186475150113,0.0004129719848823472,461,80.0,0,0.0,,,HPA-45-r0,flash_step,215
30.0,0.5906506014914603,0.0,392.6111111111111,301.0,0.12997186475150113,0.08105301810888452,456,20.0,0,0.0,,,HPA-45-r0,flash_step,216
25.0,0.9084361260050078,0.0,391.8958333333333,301.0,0.12997186475150116,0.002640839156208071,413,25.0,0,0.0,,,HPA-45-r0,flash_step,217
85.0,3.933131572183901,0.0,363.2736111111111,301.0,0.12997186475150113,0.005741447274791026,410,25.0,0,0.0,,,HPA-45-r0,flash_step,218
35.0,0.9372806770475361,0.0,389.4861111111111,301.0,0.12997186475150113,0.013067156535044313,393,45.0,0,0.0,,,HPA-45-r0,flash_step,219
105.0,3.004071375953954,0.0,368.0,301.0,0.12997186475150113,2.305995915612561e-06,410,70.0,0,0.0,,,HPA-45-r0,flash_step,220
105.0,5.414866648514371,0.0,392.71805555555557,301.0,0.12997186475150113,0.00018059908058569977,414,70.0,0,0.0,,,HPA-45-r0,flash_step,221
80.0,3.281140428232643,0.0,399.1625,301.0,0.12997186475150113,1.3382143504843982e-05,412,65.0,0,0.0,,,HPA-45-r0,flash_step,222
50.0,0.8466273679725633,0.0,389.46527777777777,301.0,0.12997186475150113,0.046093091577164284,432,65.0,0,0.0,,,HPA-45-r0,flash_step,223
90.0,2.6643081363607712,0.0,370.97777777777776,301.0,0.12997186475150113,0.06127352832947292,429,10.0,0,0.0,,,HPA-45-r0,flash_step,224
25.0,0.9012689424373832,0.0,389.78472222222223,301.0,0.12997186475150113,0.0019806970884244054,366,25.0,0,0.0,,,HPA-45-r0,flash_step,225
95.0,2.726305405075913,0.0,368.7680555555556,301.0,0.12997186475150116,0.021611185576212333,411,65.0,0,0.0,,,HPA-45-r0,flash_step,226
55.0,2.377774190835502,0.0,396.50555555555553,301.0,0.12997186475150121,0.021590505739223727,473,50.0,0,0.0,,,HPA-45-r0,flash_step,227
30.0,0.7726300940088526,0.0,388.60555555555555,301.0,0.12997186475150113,0.23173471524925987,431,15.0,0,0.0,,,HPA-45-r0,flash_step,228
55.0,2.02057890300964,0.0,394.05555555555554,301.0,0.12997186475150113,0.0023603839275719504,469,65.0,0,0.0,,,HPA-45-r0,flash_step,229
2145.0,35.472274207109265,0.0,475.89166666666665,301.0,9.112036945052772,6.266854806061233e-12,462,10.0,0,0.0,,,PredHPA-r1,flash_step,200
4530.0,76.16059484558033,0.0,504.5208333333333,301.0,12.386904208948772,2.45989535285031e-13,255,1190.0,0,0.0,,,PredHPA-r1,flash_step,201
1180.0,38.77841569890676,0.0,482.3333333333333,301.0,15.123151669107152,2.5885728473129693e-14,583,1175.0,0,0.0,,,PredHPA-r1,flash_step,202
860.0,30.114287085081916,0.0,469.2013888888889,301.0,12.129971864751502,5.775405455966008e-13,510,470.0,0,0.0,,,PredHPA-r1,flash_step,203
185.0,4.942313209581162,0.0,509.8986111111111,301.0,0.12997186475150113,1.5581672025632513e-11,600,185.0,0,0.0,,,PredHPA-r1,flash_step,204
6160.0,94.98126059423133,0.0,551.8333333333334,301.0,15.534430031682701,1.0396770756540133e-14,234,1200.0,0,0.0,,,PredHPA-r1,flash_step,205
1755.0,43.92620277973373,0.0,446.1666666666667,301.0,15.129971864751502,7.979671689377769e-13,476,10.0,0,0.0,,,PredHPA-r1,flash_step,206
0.0,0.0,0.0,472.7597222222222,301.0,0.12997186475150113,1.0,289,0.0,0,0.0,,,PredHPA-r1,flash_step,207
995.0,34.19139692853648,0.0,480.3333333333333,301.0,14.21734161235271,2.9533530569470725e-13,632,15.0,0,0.0,,,PredHPA-r1,flash_step,208
950.0,35.39272043382813,0.0,478.2472222222222,301.0,14.116770343815523,2.8441106188316414e-13,583,950.0,0,0.0,,,PredHPA-r1,flash_step,209
475.0,17.08245567865304,0.0,507.49305555555554,301.0,12.129971864751502,5.015820737223479e-13,575,475.0,0,0.0,,,PredHPA-r1,flash_step,210
6160.0,94.90324000033809,0.0,551.8333333333334,301.0,15.129971864751502,1.0107597730393535e-14,221,1200.0,0,0.0,,,PredHPA-r1,flash_step,211
2265.0,54.62135250116429,0.0,467.2916666666667,301.0,15.123151669107152,7.439437572577425e-14,383,1085.0,0,0.0,,,PredHPA-r1,flash_step,212
5.0,0.025868443172771816,0.0,480.7861111111111,301.0,0.12997186475150113,0.9271939674490598,406,5.0,0,0.0,,,PredHPA-r1,flash_step,213
760.0,29.70090245492274,0.0,479.4555555555556,301.0,14.503585878950826,7.718860532667985e-13,546,760.0,0,0.0,,,PredHPA-r1,flash_step,214
910.0,34.57498696736444,0.0,478.95694444444445,301.0,14.825688702636162,3.304879031742087e-13,535,910.0,0,0.0,,,PredHPA-r1,flash_step,215
375.0,8.185060176799464,0.0,513.15,301.0,3.3239239895351953,3.9585391983278024e-13,579,375.0,0,0.0,,,PredHPA-r1,flash_step,216
6160.0,94.97560746832114,0.0,551.8333333333334,301.0,15.391324708012222,9.52821981969685e-15,258,1200.0,0,0.0,,,PredHPA-r1,flash_step,217
2255.0,40.416195658422296,0.0,478.95,301.0,9.521326684032996,7.902655434858575e-14,378,590.0,0,0.0,,,PredHPA-r1,flash_step,218
1040.0,32.8223194394092,0.0,480.725,301.0,14.769826829279198,4.2207162679066873e-13,408,1040.0,0,0.0,,,PredHPA-r1,flash_step,219
880.0,35.95255918734791,0.0,476.1,301.0,15.123151669107152,1.6415308426313382e-13,517,880.0,0,0.0,,,PredHPA-r1,flash_step,220
940.0,33.444690252231126,0.0,489.25555555555553,301.0,13.547745323089593,2.213571873961253e-13,591,795.0,0,0.0,,,PredHPA-r1,flash_step,221
545.0,20.191793358479202,0.0,509.4236111111111,301.0,12.103206845423287,5.614048221277976e-13,600,545.0,0,0.0,,,PredHPA-r1,flash_step,222
6160.0,94.96659869222057,0.0,551.8333333333334,301.0,15.215664783754315,9.601649463314832e-15,238,1200.0,0,0.0,,,PredHPA-r1,flash_step,223
2260.0,53.662718354587646,0.0,466.0986111111111,301.0,12.129971864751502,7.589760084941773e-12,440,1060.0,0,0.0,,,PredHPA-r1,flash_step,224
5.0,0.024164980106455847,0.0,476.96944444444443,301.0,0.12997186475150113,0.9127717656611758,297,5.0,0,0.0,,,PredHPA-r1,flash_step,225
1050.0,38.49099449913511,0.0,480.00694444444446,301.0,15.119330886181194,2.2009801998125277e-13,526,1050.0,0,0.0,,,PredHPA-r1,flash_step,226
45.0,1.8273618240090883,0.0,474.15,301.0,0.12997186475150121,0.025593228641333357,532,45.0,0,0.0,,,PredHPA-r1,flash_step,227
205.0,6.4459497262212455,0.0,511.09305555555557,301.0,0.12997186475150113,1.0615008114082548e-12,557,205.0,0,0.0,,,PredHPA-r1,flash_step,228
6160.0,94.95931472425755,0.0,551.8333333333334,301.0,15.412093945937656,9.290506697439478e-15,248,1200.0,0,0.0,,,PredHPA-r1,flash_step,229
100.0,2.0420234833527173,0.0,346.93194444444447,301.0,0.12997186475150113,0.0025048946583448462,344,100.0,0,0.0,,,HPA-45-r1,kill_cascade,200
95.0,1.5628904517903774,0.0,388.0986111111111,301.0,0.12997186475150113,3.539426200227219e-08,385,95.0,0,0.0,,,HPA-45-r1,kill_cascade,201
2680.0,41.95301256078008,0.0,432.3722222222222,301.0,9.129971864751502,2.0400227866049193e-10,342,1200.0,0,0.0,,,HPA-45-r1,kill_cascade,202
0.0,0.0,0.0,369.39166666666665,301.0,0.12997186475150113,1.0,463,0.0,0,0.0,,,HPA-45-r1,kill_cascade,203
90.0,1.4813594855913714,0.0,401.18611111111113,301.0,0.12997186475150113,1.825806856045928e-05,454,90.0,0,0.0,,,HPA-45-r1,kill_cascade,204
4340.0,68.87100885800764,0.0,483.5833333333333,301.0,12.12048976944095,1.0201612148093307e-10,281,1200.0,0,0.0,,,HPA-45-r1,kill_cascade,205
55.0,0.8311745539445026,0.0,340.61944444444447,301.0,0.12997186475150113,0.003140717373820745,274,55.0,0,0.0,,,HPA-45-r1,kill_cascade,206
0.0,0.0,0.0,352.5361111111111,301.0,0.12997186475150113,1.0,281,0.0,0,0.0,,,HPA-45-r1,kill_cascade,207
820.0,14.963987984510329,0.0,361.4916666666667,301.0,9.119330886181194,8.732966403107925e-10,370,820.0,0,0.0,,,HPA-45-r1,kill_cascade,208
985.0,16.94168717076714,0.0,398.56388888888887,301.0,9.119330886181194,1.4112699302441105e-10,421,985.0,0,0.0,,,HPA-45-r1,kill_cascade,209
0.0,0.0,0.0,342.9888888888889,301.0,0.12997186475150113,1.0,332,0.0,0,0.0,,,HPA-45-r1,kill_cascade,210
1040.0,15.108906994750393,0.0,395.1791666666667,301.0,9.129971864751502,4.063275513120909e-08,340,0.0,0,0.0,,,HPA-45-r1,kill_cascade,211
50.0,0.5984534115656692,0.0,342.6347222222222,301.0,0.12997186475150113,4.0438739881185553e-07,271,50.0,0,0.0,,,HPA-45-r1,kill_cascade,212
0.0,0.0,0.0,320.3625,191.0,0.12997186475150113,1.0,132,0.0,0,0.0,,,HPA-45-r1,kill_cascade,213
15.0,0.17980617374313557,0.0,318.47083333333336,216.0,0.12997186475150113,0.04747725746879875,234,15.0,0,0.0,,,HPA-45-r1,kill_cascade,214
930.0,15.862896919889947,0.0,394.21805555555557,301.0,9.119330886181194,8.670166548741273e-10,446,925.0,0,0.0,,,HPA-45-r1,kill_cascade,215
105.0,1.3521579918845172,0.0,399.25,301.0,0.12997186475150113,2.1478167193452746e-09,457,105.0,0,0.0,,,HPA-45-r1,kill_cascade,216
60.0,0.6980651415555483,0.0,352.89166666666665,279.0,0.12997186475150113,0.00011487134748226217,241,60.0,0,0.0,,,HPA-45-r1,kill_cascade,217
355.0,7.081711459708062,0.0,350.9763888888889,301.0,6.178436430573548,9.257538200896071e-10,365,355.0,0,0.0,,,HPA-45-r1,kill_cascade,218
60.0,0.8407180935841918,0.0,348.6458333333333,276.0,0.12997186475150113,0.001974876158588457,220,60.0,0,0.0,,,HPA-45-r1,kill_cascade,219
930.0,16.959721344660917,0.0,370.8986111111111,301.0,9.123151669107154,2.162574234022596e-11,342,930.0,0,0.0,,,HPA-45-r1,kill_cascade,220
795.0,13.001659041905544,0.0,414.925,301.0,9.118735354158028,8.298029680609543e-10,596,795.0,0,0.0,,,HPA-45-r1,kill_cascade,221
555.0,8.687480172256457,0.0,388.3333333333333,301.0,7.730539315716475,1.7723452327250865e-10,342,555.0,0,0.0,,,HPA-45-r1,kill_cascade,222
5120.0,80.17501013460311,0.0,544.9708333333333,301.0,12.118134897898443,3.118390102501239e-11,445,1190.0,0,0.0,,,HPA-45-r1,kill_cascade,223
80.0,1.1159902437005487,0.0,344.3277777777778,301.0,0.12997186475150113,2.4618475070592346e-06,311,80.0,0,0.0,,,HPA-45-r1,kill_cascade,224
4615.0,71.69924622964632,0.0,506.7708333333333,301.0,12.12048976944095,1.9825249779762103e-12,377,1195.0,0,0.0,,,HPA-45-r1,kill_cascade,225
1060.0,18.50554837658962,0.0,376.8361111111111,301.0,9.123151669107152,2.144418438653539e-10,370,1055.0,0,0.0,,,HPA-45-r1,kill_cascade,226
895.0,15.233876986542716,0.0,396.9194444444444,301.0,9.123151669107154,8.036003141407152e-10,458,895.0,0,0.0,,,HPA-45-r1,kill_cascade,227
75.0,1.102504202917498,0.0,363.75,301.0,0.12997186475150113,6.358655943704268e-05,314,75.0,0,0.0,,,HPA-45-r1,kill_cascade,228
5105.0,79.91805609531576,0.0,544.9666666666667,301.0,9.83579659872793,2.9518534976616815e-10,429,1195.0,0,0.0,,,HPA-45-r1,kill_cascade,229
35.0,0.5820598189723469,0.0,321.0833333333333,231.0,0.12997186475150113,0.012538627367776677,227,35.0,0,0.0,,,HPA-45-r0,kill_cascade,200
35.0,0.5704170480497872,0.0,323.9013888888889,195.0,0.12997186475150113,0.010569634066376113,162,35.0,0,0.0,,,HPA-45-r0,kill_cascade,201
25.0,0.44299449544227265,0.0,309.76666666666665,201.0,0.12997186475150113,0.0021494357705209616,200,25.0,0,0.0,,,HPA-45-r0,kill_cascade,202
0.0,0.0,0.0,343.5597222222222,249.0,0.12997186475150113,1.0,313,0.0,0,0.0,,,HPA-45-r0,kill_cascade,203
40.0,0.518522633715579,0.0,338.3666666666667,220.0,0.12997186475150113,0.014438227884210888,230,40.0,0,0.0,,,HPA-45-r0,kill_cascade,204
20.0,0.28850935031836666,0.0,321.43194444444447,196.0,0.12997186475150113,0.0009434469841749469,178,20.0,0,0.0,,,HPA-45-r0,kill_cascade,205
35.0,0.36102591256295113,0.0,320.2736111111111,225.0,0.12997186475150113,0.0137757349923907,225,35.0,0,0.0,,,HPA-45-r0,kill_cascade,206
0.0,0.0,0.0,323.13055555555553,188.0,0.12997186475150113,1.0,145,0.0,0,0.0,,,HPA-45-r0,kill_cascade,207
50.0,1.1404180315508494,0.0,309.93333333333334,209.0,0.12997186475150113,0.009115633222346254,202,50.0,0,0.0,,,HPA-45-r0,kill_cascade,208
25.0,0.3635105142287043,0.0,347.0111111111111,256.0,0.12997186475150113,0.002878843908192296,313,25.0,0,0.0,,,HPA-45-r0,kill_cascade,209
20.0,0.2242272459545891,0.0,330.18611111111113,221.0,0.12997186475150113,0.0032798710125763603,211,20.0,0,0.0,,,HPA-45-r0,kill_cascade,210
5.0,0.01934289345189022,0.0,322.86805555555554,198.0,0.12997186475150113,0.7738914264480364,185,5.0,0,0.0,,,HPA-45-r0,kill_cascade,211
20.0,0.329159524498579,0.0,323.46666666666664,231.0,0.12997186475150113,0.001597114113312118,214,20.0,0,0.0,,,HPA-45-r0,kill_cascade,212
0.0,0.0,0.0,322.08472222222224,190.0,0.12997186475150113,1.0,137,0.0,0,0.0,,,HPA-45-r0,kill_cascade,213
5.0,0.06576860074155588,0.0,318.60277777777776,219.0,0.12997186475150113,0.10197225852123155,235,5.0,0,0.0,,,HPA-45-r0,kill_cascade,214
35.0,0.695440608860276,0.0,347.0597222222222,254.0,0.12997186475150113,0.008715546536270543,327,35.0,0,0.0,,,HPA-45-r0,kill_cascade,215
25.0,0.10186434224946916,0.0,333.70416666666665,218.0,0.12997186475150113,0.3658996865582053,225,25.0,0,0.0,,,HPA-45-r0,kill_cascade,216
30.0,0.3093591666811113,0.0,323.43333333333334,200.0,0.12997186475150113,0.014660733871393215,178,30.0,0,0.0,,,HPA-45-r0,kill_cascade,217
25.0,0.4042202091435243,0.0,320.7652777777778,227.0,0.12997186475150113,0.004449964121119529,217,25.0,0,0.0,,,HPA-45-r0,kill_cascade,218
40.0,0.519314079698252,0.0,321.02222222222224,197.0,0.12997186475150113,0.010404518596644608,159,40.0,0,0.0,,,HPA-45-r0,kill_cascade,219
15.0,0.1600674842319183,0.0,315.14166666666665,207.0,0.12997186475150113,0.0027156228441986975,221,15.0,0,0.0,,,HPA-45-r0,kill_cascade,220
20.0,0.16187550849104948,0.0,345.9847222222222,254.0,0.12997186475150113,0.2922786908655788,310,20.0,0,0.0,,,HPA-45-r0,kill_cascade,221
25.0,0.38558065884584103,0.0,337.6277777777778,222.0,0.12997186475150113,0.004040483144508427,226,25.0,0,0.0,,,HPA-45-r0,kill_cascade,222
35.0,0.47429395091830306,0.0,320.15972222222223,200.0,0.12997186475150113,0.010822996973590786,178,35.0,0,0.0,,,HPA-45-r0,kill_cascade,223
25.0,0.4017795478991615,0.0,323.2888888888889,223.0,0.12997186475150113,0.004675297925494943,211,25.0,0,0.0,,,HPA-45-r0,kill_cascade,224
15.0,0.29818281772365784,0.0,326.33194444444445,195.0,0.12997186475150113,0.001814415333125037,162,15.0,0,0.0,,,HPA-45-r0,kill_cascade,225
30.0,0.4095040437954611,0.0,312.99583333333334,206.0,0.12997186475150113,0.0024516698546085277,210,25.0,0,0.0,,,HPA-45-r0,kill_cascade,226
45.0,0.784560107458665,0.0,349.9736111111111,253.0,0.12997186475150113,0.008889742227167777,317,45.0,0,0.0,,,HPA-45-r0,kill_cascade,227
15.0,0.12298584062573337,0.0,327.9555555555556,221.0,0.12997186475150113,0.27301362230776044,227,15.0,0,0.0,,,HPA-45-r0,kill_cascade,228
15.0,0.16100081207177652,0.0,325.18888888888887,211.0,0.12997186475150113,0.05344569810642884,209,15.0,0,0.0,,,HPA-45-r0,kill_cascade,229
65.0,1.2360230111147397,0.0,389.0375,301.0,0.12997186475150113,0.0062470554702706415,377,65.0,0,0.0,,,PredHPA-r1,kill_cascade,200
65.0,1.040244036079807,0.0,460.02222222222224,301.0,0.12997186475150113,0.0005976245882041079,323,65.0,0,0.0,,,PredHPA-r1,kill_cascade,201
15.0,0.04360319295225734,0.0,446.8861111111111,301.0,0.12997186475150113,0.8453743404265599,477,10.0,0,0.0,,,PredHPA-r1,kill_cascade,202
0.0,0.0,0.0,447.4763888888889,301.0,0.12997186475150113,1.0,464,0.0,0,0.0,,,PredHPA-r1,kill_cascade,203
5.0,0.006476451003534223,0.0,493.9625,301.0,0.12997186475150113,0.9402276864015988,473,5.0,0,0.0,,,PredHPA-r1,kill_cascade,204
6160.0,93.62953926529252,0.0,551.8333333333334,301.0,9.129971864751502,3.463391282407732e-08,235,1200.0,0,0.0,,,PredHPA-r1,kill_cascade,205
0.0,0.0,0.0,374.3041666666667,301.0,0.12997186475150113,1.0,315,0.0,0,0.0,,,PredHPA-r1,kill_cascade,206
0.0,0.0,0.0,433.3361111111111,301.0,0.12997186475150113,1.0,225,0.0,0,0.0,,,PredHPA-r1,kill_cascade,207
2620.0,41.15925227233792,0.0,507.21666666666664,301.0,12.118134897898443,4.741760304200091e-10,551,1200.0,0,0.0,,,PredHPA-r1,kill_cascade,208
5.0,0.00390037180656444,0.0,450.09027777777777,301.0,0.12997186475150113,0.9493421526919846,468,5.0,0,0.0,,,PredHPA-r1,kill_cascade,209
0.0,0.0,0.0,494.43055555555554,301.0,0.12997186475150113,1.0,466,0.0,0,0.0,,,PredHPA-r1,kill_cascade,210
6160.0,93.65267177352469,0.0,551.8333333333334,301.0,9.129971864751502,2.7257804595055904e-08,229,1200.0,0,0.0,,,PredHPA-r1,kill_cascade,211
40.0,0.5657462632255084,0.0,381.09444444444443,301.0,0.12997186475150113,5.61219828140063e-06,342,40.0,0,0.0,,,PredHPA-r1,kill_cascade,212
0.0,0.0,0.0,440.2972222222222,301.0,0.12997186475150113,1.0,285,0.0,0,0.0,,,PredHPA-r1,kill_cascade,213
0.0,0.0,0.0,450.4736111111111,301.0,0.12997186475150113,1.0,394,0.0,0,0.0,,,PredHPA-r1,kill_cascade,214
930.0,15.74949242385869,0.0,478.775,301.0,9.8815977282473,7.86156747217204e-10,536,930.0,0,0.0,,,PredHPA-r1,kill_cascade,215
0.0,0.0,0.0,493.81805555555553,301.0,0.12997186475150113,1.0,471,0.0,0,0.0,,,PredHPA-r1,kill_cascade,216
6160.0,93.64581322201822,0.0,551.8333333333334,301.0,9.129971864751502,3.001484953485734e-08,241,1200.0,0,0.0,,,PredHPA-r1,kill_cascade,217
0.0,0.0,0.0,381.96666666666664,301.0,0.12997186475150113,1.0,309,0.0,0,0.0,,,PredHPA-r1,kill_cascade,218
50.0,0.7487578882642287,0.0,456.70416666666665,301.0,0.12997186475150113,0.005239106535013136,292,50.0,0,0.0,,,PredHPA-r1,kill_cascade,219
0.0,0.0,0.0,446.59027777777777,301.0,0.12997186475150113,1.0,395,0.0,0,0.0,,,PredHPA-r1,kill_cascade,220
790.0,12.994327468648404,0.0,486.34027777777777,301.0,9.123033315134032,1.9580299527235024e-10,620,790.0,0,0.0,,,PredHPA-r1,kill_cascade,221
555.0,8.685377077483903,0.0,505.06944444444446,301.0,7.855866919289341,4.758051483424641e-09,546,555.0,0,0.0,,,PredHPA-r1,kill_cascade,222
6160.0,93.65432456884591,0.0,551.8333333333334,301.0,9.129971864751502,1.9140375138322583e-08,254,1200.0,0,0.0,,,PredHPA-r1,kill_cascade,223
0.0,0.0,0.0,375.55555555555554,301.0,0.12997186475150113,1.0,312,0.0,0,0.0,,,PredHPA-r1,kill_cascade,224
570.0,8.05023407700578,0.0,474.55694444444447,301.0,7.7865704036772465,1.3778374275907424e-07,380,570.0,0,0.0,,,PredHPA-r1,kill_cascade,225
1055.0,18.492398549621335,0.0,479.84166666666664,301.0,9.123151669107154,2.9473924439610274e-10,535,1055.0,0,0.0,,,PredHPA-r1,kill_cascade,226
80.0,1.641060151720286,0.0,472.8958333333333,301.0,0.12997186475150113,2.6347220696612197e-05,491,80.0,0,0.0,,,PredHPA-r1,kill_cascade,227
0.0,0.0,0.0,496.2111111111111,301.0,0.12997186475150113,1.0,453,0.0,0,0.0,,,PredHPA-r1,kill_cascade,228
6160.0,93.64389157210914,0.0,551.8333333333334,301.0,9.129971864751502,3.522087984807245e-08,237,1200.0,0,0.0,,,PredHPA-r1,kill_cascade,229
0.0,0.0,0.0,320.0513888888889,225.0,0.12997186475150113,1.0,223,0.0,0,0.0,,,HPA-45-r1,node_failure,200
80.0,1.2846558183835843,0.0,376.8263888888889,301.0,0.12997186475150113,5.960059472941808e-05,331,80.0,0,0.0,,,HPA-45-r1,node_failure,201
845.0,15.238968884873428,0.0,363.20416666666665,301.0,9.129971864751502,1.4462787768229406e-11,347,845.0,0,0.0,,,HPA-45-r1,node_failure,202
0.0,0.0,0.0,369.76666666666665,301.0,0.12997186475150113,1.0,465,0.0,0,0.0,,,HPA-45-r1,node_failure,203
0.0,0.0,0.0,365.96666666666664,301.0,0.12997186475150113,1.0,340,0.0,0,0.0,,,HPA-45-r1,node_failure,204
0.0,0.0,0.0,319.8777777777778,195.0,0.12997186475150113,1.0,176,0.0,0,0.0,,,HPA-45-r1,node_failure,205
0.0,0.0,0.0,317.9222222222222,216.0,0.12997186475150113,1.0,219,0.0,0,0.0,,,HPA-45-r1,node_failure,206
0.0,0.0,0.0,349.5444444444444,301.0,0.12997186475150113,1.0,272,0.0,0,0.0,,,HPA-45-r1,node_failure,207
815.0,14.913416633468547,0.0,360.87638888888887,301.0,9.119330886181194,7.96003762756551e-11,362,815.0,0,0.0,,,HPA-45-r1,node_failure,208
115.0,2.1712617683915303,0.0,383.0263888888889,301.0,0.12997186475150116,6.138459448378054e-05,400,115.0,0,0.0,,,HPA-45-r1,node_failure,209
0.0,0.0,0.0,343.5,301.0,0.12997186475150113,1.0,336,0.0,0,0.0,,,HPA-45-r1,node_failure,210
1040.0,15.108906994750393,0.0,395.1791666666667,301.0,9.129971864751502,4.063275513120909e-08,340,0.0,0,0.0,,,HPA-45-r1,node_failure,211
0.0,0.0,0.0,322.0444444444444,225.0,0.12997186475150113,1.0,209,0.0,0,0.0,,,HPA-45-r1,node_failure,212
0.0,0.0,0.0,321.4472222222222,192.0,0.12997186475150113,1.0,138,0.0,0,0.0,,,HPA-45-r1,node_failure,213
10.0,0.029320117398978773,0.0,318.2888888888889,214.0,0.12997186475150113,0.7825723676824637,235,10.0,0,0.0,,,HPA-45-r1,node_failure,214
130.0,2.500823815033826,0.0,383.6,301.0,0.12997186475150113,1.2896034619851275e-06,384,130.0,0,0.0,,,HPA-45-r1,node_failure,215
0.0,0.0,0.0,361.3222222222222,301.0,0.12997186475150113,1.0,324,0.0,0,0.0,,,HPA-45-r1,node_failure,216
0.0,0.0,0.0,321.8277777777778,199.0,0.12997186475150113,1.0,177,0.0,0,0.0,,,HPA-45-r1,node_failure,217
0.0,0.0,0.0,320.59305555555557,227.0,0.12997186475150113,1.0,220,0.0,0,0.0,,,HPA-45-r1,node_failure,218
0.0,0.0,0.0,320.3625,197.0,0.12997186475150113,1.0,161,0.0,0,0.0,,,HPA-45-r1,node_failure,219
0.0,0.0,0.0,311.8305555555556,202.0,0.12997186475150113,1.0,206,0.0,0,0.0,,,HPA-45-r1,node_failure,220
790.0,13.003027642120578,0.0,415.4458333333333,301.0,9.101160745386368,4.494265318181797e-10,579,790.0,0,0.0,,,HPA-45-r1,node_failure,221
0.0,0.0,0.0,335.8902777777778,220.0,0.12997186475150113,1.0,227,0.0,0,0.0,,,HPA-45-r1,node_failure,222
1035.0,15.098094781910277,0.0,392.5708333333333,301.0,9.129971864751502,3.422426225925442e-09,332,0.0,0,0.0,,,HPA-45-r1,node_failure,223
0.0,0.0,0.0,322.3222222222222,219.0,0.12997186475150113,1.0,211,0.0,0,0.0,,,HPA-45-r1,node_failure,224
0.0,0.0,0.0,350.9277777777778,301.0,0.12997186475150113,1.0,278,0.0,0,0.0,,,HPA-45-r1,node_failure,225
40.0,0.3955188535666676,0.0,315.6111111111111,210.0,0.12997186475150113,0.024319622694109675,213,35.0,0,0.0,,,HPA-45-r1,node_failure,226
890.0,15.12126855006618,0.0,395.54027777777776,301.0,9.123151669107154,8.573238110703671e-11,428,890.0,0,0.0,,,HPA-45-r1,node_failure,227
0.0,0.0,0.0,327.7597222222222,221.0,0.12997186475150113,1.0,225,0.0,0,0.0,,,HPA-45-r1,node_failure,228
1035.0,15.053030325337469,0.0,394.1013888888889,301.0,9.123151669107154,2.9518534976616815e-10,333,0.0,0,0.0,,,HPA-45-r1,node_failure,229
0.0,0.0,0.0,320.0513888888889,225.0,0.12997186475150113,1.0,223,0.0,0,0.0,,,HPA-45-r0,node_failure,200
5.0,0.02310489930138493,0.0,324.3902777777778,194.0,0.12997186475150113,0.8512709829674909,153,5.0,0,0.0,,,HPA-45-r0,node_failure,201
15.0,0.1988697623068636,0.0,311.80694444444447,207.0,0.12997186475150113,0.06386489558175712,201,5.0,0,0.0,,,HPA-45-r0,node_failure,202
0.0,0.0,0.0,341.7638888888889,247.0,0.12997186475150113,1.0,306,0.0,0,0.0,,,HPA-45-r0,node_failure,203
0.0,0.0,0.0,337.5,220.0,0.12997186475150113,1.0,224,0.0,0,0.0,,,HPA-45-r0,node_failure,204
0.0,0.0,0.0,319.8777777777778,195.0,0.12997186475150113,1.0,176,0.0,0,0.0,,,HPA-45-r0,node_failure,205
0.0,0.0,0.0,317.9222222222222,216.0,0.12997186475150113,1.0,219,0.0,0,0.0,,,HPA-45-r0,node_failure,206
0.0,0.0,0.0,322.0375,192.0,0.12997186475150113,1.0,125,0.0,0,0.0,,,HPA-45-r0,node_failure,207
25.0,0.27098066297949197,0.0,311.1347222222222,211.0,0.12997186475150113,0.1340434768948472,208,35.0,0,0.0,,,HPA-45-r0,node_failure,208
20.0,0.3511256756310033,0.0,348.10277777777776,251.0,0.12997186475150113,0.03617315658124923,315,20.0,0,0.0,,,HPA-45-r0,node_failure,209
0.0,0.0,0.0,329.05833333333334,221.0,0.12997186475150113,1.0,204,0.0,0,0.0,,,HPA-45-r0,node_failure,210
0.0,0.0,0.0,321.5708333333333,198.0,0.12997186475150113,1.0,174,0.0,0,0.0,,,HPA-45-r0,node_failure,211
0.0,0.0,0.0,322.0444444444444,225.0,0.12997186475150113,1.0,209,0.0,0,0.0,,,HPA-45-r0,node_failure,212
0.0,0.0,0.0,322.6375,189.0,0.12997186475150113,1.0,141,0.0,0,0.0,,,HPA-45-r0,node_failure,213
5.0,0.008255534359491445,0.0,316.4486111111111,212.0,0.12997186475150113,0.9191111740822409,231,5.0,0,0.0,,,HPA-45-r0,node_failure,214
10.0,0.07149827148151822,0.0,347.85555555555555,254.0,0.12997186475150113,0.5629402700684286,313,10.0,0,0.0,,,HPA-45-r0,node_failure,215
0.0,0.0,0.0,333.84166666666664,218.0,0.12997186475150113,1.0,216,0.0,0,0.0,,,HPA-45-r0,node_failure,216
0.0,0.0,0.0,321.8277777777778,199.0,0.12997186475150113,1.0,177,0.0,0,0.0,,,HPA-45-r0,node_failure,217
0.0,0.0,0.0,320.59305555555557,227.0,0.12997186475150113,1.0,220,0.0,0,0.0,,,HPA-45-r0,node_failure,218
0.0,0.0,0.0,319.61805555555554,197.0,0.12997186475150113,1.0,157,0.0,0,0.0,,,HPA-45-r0,node_failure,219
0.0,0.0,0.0,311.8305555555556,202.0,0.12997186475150113,1.0,206,0.0,0,0.0,,,HPA-45-r0,node_failure,220
0.0,0.0,0.0,345.3722222222222,255.0,0.12997186475150113,1.0,313,0.0,0,0.0,,,HPA-45-r0,node_failure,221
0.0,0.0,0.0,335.8902777777778,220.0,0.12997186475150113,1.0,227,0.0,0,0.0,,,HPA-45-r0,node_failure,222
0.0,0.0,0.0,317.45416666666665,196.0,0.12997186475150113,1.0,171,0.0,0,0.0,,,HPA-45-r0,node_failure,223
0.0,0.0,0.0,322.3222222222222,219.0,0.12997186475150113,1.0,211,0.0,0,0.0,,,HPA-45-r0,node_failure,224
0.0,0.0,0.0,324.3638888888889,192.0,0.12997186475150113,1.0,161,0.0,0,0.0,,,HPA-45-r0,node_failure,225
15.0,0.2003630512397936,0.0,313.90833333333336,206.0,0.12997186475150113,0.03452964667246599,218,10.0,0,0.0,,,HPA-45-r0,node_failure,226
35.0,0.7034324827644212,0.0,353.6361111111111,257.0,0.12997186475150113,0.032613550549984854,320,35.0,0,0.0,,,HPA-45-r0,node_failure,227
0.0,0.0,0.0,327.7597222222222,221.0,0.12997186475150113,1.0,225,0.0,0,0.0,,,HPA-45-r0,node_failure,228
0.0,0.0,0.0,323.5097222222222,207.0,0.12997186475150113,1.0,200,0.0,0,0.0,,,HPA-45-r0,node_failure,229
0.0,0.0,0.0,379.25416666666666,301.0,0.12997186475150113,1.0,315,0.0,0,0.0,,,PredHPA-r1,node_failure,200
0.0,0.0,0.0,434.87916666666666,301.0,0.12997186475150113,1.0,234,0.0,0,0.0,,,PredHPA-r1,node_failure,201
5.0,0.020632161173117503,0.0,445.66805555555555,301.0,0.12997186475150113,0.8868488694401061,478,0.0,0,0.0,,,PredHPA-r1,node_failure,202
0.0,0.0,0.0,447.7291666666667,301.0,0.12997186475150113,1.0,459,0.0,0,0.0,,,PredHPA-r1,node_failure,203
0.0,0.0,0.0,494.72777777777776,301.0,0.12997186475150113,1.0,477,0.0,0,0.0,,,PredHPA-r1,node_failure,204
6160.0,93.62477014412359,0.0,551.8333333333334,301.0,9.129971864751502,1.399745626485233e-08,247,1200.0,0,0.0,,,PredHPA-r1,node_failure,205
0.0,0.0,0.0,374.3041666666667,301.0,0.12997186475150113,1.0,315,0.0,0,0.0,,,PredHPA-r1,node_failure,206
0.0,0.0,0.0,433.4402777777778,301.0,0.12997186475150113,1.0,228,0.0,0,0.0,,,PredHPA-r1,node_failure,207
5.0,0.023114157402726043,0.0,449.0083333333333,301.0,0.12997186475150113,0.8748509230652757,486,0.0,0,0.0,,,PredHPA-r1,node_failure,208
0.0,0.0,0.0,449.95972222222224,301.0,0.12997186475150113,1.0,471,0.0,0,0.0,,,PredHPA-r1,node_failure,209
0.0,0.0,0.0,494.2263888888889,301.0,0.12997186475150113,1.0,461,0.0,0,0.0,,,PredHPA-r1,node_failure,210
6160.0,93.65265591713137,0.0,551.8333333333334,301.0,9.607956807117171,2.2033505327603037e-10,240,1200.0,0,0.0,,,PredHPA-r1,node_failure,211
0.0,0.0,0.0,376.84583333333336,301.0,0.12997186475150113,1.0,301,0.0,0,0.0,,,PredHPA-r1,node_failure,212
0.0,0.0,0.0,441.43888888888887,301.0,0.12997186475150113,1.0,284,0.0,0,0.0,,,PredHPA-r1,node_failure,213
0.0,0.0,0.0,449.7875,301.0,0.12997186475150113,1.0,396,0.0,0,0.0,,,PredHPA-r1,node_failure,214
0.0,0.0,0.0,451.3041666666667,301.0,0.12997186475150113,1.0,457,0.0,0,0.0,,,PredHPA-r1,node_failure,215
0.0,0.0,0.0,492.3875,301.0,0.12997186475150113,1.0,470,0.0,0,0.0,,,PredHPA-r1,node_failure,216
6160.0,93.64580369031269,0.0,551.8333333333334,301.0,9.129971864751502,3.1134243318988956e-08,253,1200.0,0,0.0,,,PredHPA-r1,node_failure,217
0.0,0.0,0.0,382.3236111111111,301.0,0.12997186475150113,1.0,303,0.0,0,0.0,,,PredHPA-r1,node_failure,218
0.0,0.0,0.0,432.8513888888889,301.0,0.12997186475150113,1.0,247,0.0,0,0.0,,,PredHPA-r1,node_failure,219
0.0,0.0,0.0,447.3152777777778,301.0,0.12997186475150113,1.0,390,0.0,0,0.0,,,PredHPA-r1,node_failure,220
0.0,0.0,0.0,462.8097222222222,301.0,0.12997186475150113,1.0,560,0.0,0,0.0,,,PredHPA-r1,node_failure,221
0.0,0.0,0.0,495.3222222222222,301.0,0.12997186475150113,1.0,482,0.0,0,0.0,,,PredHPA-r1,node_failure,222
6160.0,93.6543289063827,0.0,551.8333333333334,301.0,12.109300281648927,3.0778588059383615e-09,241,1200.0,0,0.0,,,PredHPA-r1,node_failure,223
0.0,0.0,0.0,376.0736111111111,301.0,0.12997186475150113,1.0,314,0.0,0,0.0,,,PredHPA-r1,node_failure,224
0.0,0.0,0.0,440.53333333333336,301.0,0.12997186475150113,1.0,247,0.0,0,0.0,,,PredHPA-r1,node_failure,225
0.0,0.0,0.0,445.4347222222222,301.0,0.12997186475150113,1.0,407,0.0,0,0.0,,,PredHPA-r1,node_failure,226
0.0,0.0,0.0,446.37916666666666,301.0,0.12997186475150113,1.0,463,0.0,0,0.0,,,PredHPA-r1,node_failure,227
0.0,0.0,0.0,496.0527777777778,301.0,0.12997186475150113,1.0,456,0.0,0,0.0,,,PredHPA-r1,node_failure,228
6160.0,93.64387533082586,0.0,551.8333333333334,301.0,9.129971864751502,1.0791602775276562e-08,238,1200.0,0,0.0,,,PredHPA-r1,node_failure,229
330.0,6.464664098615591,0.0,354.1013888888889,301.0,0.1596182554265582,8.069535632755578e-08,298,330.0,0,0.0,,,HPA-45-r1,gray,200
1220.0,18.445079604661174,0.0,420.7472222222222,301.0,10.116835434733883,4.497864840915383e-08,358,1190.0,0,0.0,,,HPA-45-r1,gray,201
850.0,15.521451989742408,0.0,362.1513888888889,301.0,13.116835434733883,3.5222164715986643e-09,390,850.0,0,0.0,,,HPA-45-r1,gray,202
465.0,7.899765387877345,0.0,403.0083333333333,301.0,10.123151669107154,8.6916475961638e-07,517,465.0,0,0.0,,,HPA-45-r1,gray,203
160.0,2.3654271157555584,0.0,401.81805555555553,301.0,0.12997186475150113,4.4651759896831134e-08,399,160.0,0,0.0,,,HPA-45-r1,gray,204
4340.0,68.82887688709212,0.0,483.375,301.0,15.64012843105668,7.556669936244154e-13,313,1200.0,0,0.0,,,HPA-45-r1,gray,205
65.0,0.4548633742110342,0.0,331.09583333333336,245.0,0.12997186475150113,1.0142560210764606e-06,231,65.0,0,0.0,,,HPA-45-r1,gray,206
0.0,0.0,0.0,362.24305555555554,301.0,0.12997186475150113,1.0,284,0.0,0,0.0,,,HPA-45-r1,gray,207
1210.0,19.536080600743233,0.0,368.39444444444445,301.0,13.116835434733883,2.6247907171313885e-12,393,1200.0,0,0.0,,,HPA-45-r1,gray,208
985.0,16.88289130482631,0.0,397.27222222222224,301.0,10.123151669107154,5.018362985746485e-07,364,985.0,0,0.0,,,HPA-45-r1,gray,209
650.0,10.264142827594757,0.0,401.33472222222224,301.0,16.112036945052772,2.216039893405973e-12,484,650.0,0,0.0,,,HPA-45-r1,gray,210
1040.0,15.108906994750393,0.0,403.6625,301.0,9.129971864751502,4.063275513120909e-08,344,0.0,0,0.0,,,HPA-45-r1,gray,211
0.0,0.0,0.0,327.4736111111111,236.0,0.12997186475150113,1.0,219,0.0,0,0.0,,,HPA-45-r1,gray,212
70.0,0.7551665380282513,0.0,341.2611111111111,225.0,0.12997186475150113,8.69164759616383e-07,175,70.0,0,0.0,,,HPA-45-r1,gray,213
1290.0,21.207641626968954,0.0,385.5138888888889,301.0,18.50610356001783,1.5321728194662929e-15,387,1185.0,0,0.0,,,HPA-45-r1,gray,214
955.0,15.916628928681643,0.0,394.9847222222222,301.0,10.36735850397057,6.999996605525173e-12,457,950.0,0,0.0,,,HPA-45-r1,gray,215
90.0,1.164068872559476,0.0,396.1763888888889,301.0,0.12997186475150113,2.416113467695352e-06,363,90.0,0,0.0,,,HPA-45-r1,gray,216
1185.0,17.143983144575394,0.0,385.29027777777776,282.0,10.116835434733883,4.521414480402193e-08,247,1175.0,0,0.0,,,HPA-45-r1,gray,217
325.0,6.464194275511204,0.0,353.6138888888889,301.0,0.17635295665002063,8.69164759616383e-07,309,325.0,0,0.0,,,HPA-45-r1,gray,218
1210.0,17.168154854654706,0.0,387.6138888888889,301.0,10.116835434733883,4.52049143790359e-08,267,1200.0,0,0.0,,,HPA-45-r1,gray,219
1255.0,20.801031361470734,0.0,380.90555555555557,301.0,16.123151669107155,1.4395662804048752e-12,379,1175.0,0,0.0,,,HPA-45-r1,gray,220
790.0,12.924205091111162,0.0,413.175,301.0,10.123151669107154,8.6916475961638e-07,527,790.0,0,0.0,,,HPA-45-r1,gray,221
555.0,8.645481671905886,0.0,387.35277777777776,301.0,10.123151669107154,8.69164759616383e-07,333,555.0,0,0.0,,,HPA-45-r1,gray,222
2240.0,32.97965632732838,0.0,469.65972222222223,301.0,10.116835434733883,3.422426225925442e-09,449,1195.0,0,0.0,,,HPA-45-r1,gray,223
10.0,0.020798566685253927,0.0,332.5888888888889,239.0,0.12997186475150113,0.8986077047944041,225,10.0,0,0.0,,,HPA-45-r1,gray,224
4615.0,71.68537368582115,0.0,506.68333333333334,301.0,14.833063424176615,1.6609319369707867e-13,388,1195.0,0,0.0,,,HPA-45-r1,gray,225
125.0,1.5223116210921317,0.0,339.64166666666665,271.0,0.12997186475150113,8.69164759616383e-07,227,120.0,0,0.0,,,HPA-45-r1,gray,226
905.0,15.172351235238224,0.0,395.90694444444443,301.0,10.116835434733883,1.1591780377684138e-08,380,905.0,0,0.0,,,HPA-45-r1,gray,227
90.0,1.1235277915196407,0.0,364.50694444444446,279.0,0.12997186475150113,4.51587842938008e-08,272,90.0,0,0.0,,,HPA-45-r1,gray,228
2235.0,32.89341030604569,0.0,473.1222222222222,301.0,10.123151669107154,2.9518534976616815e-10,462,1195.0,0,0.0,,,HPA-45-r1,gray,229
30.0,0.3278668762427994,0.0,329.90833333333336,240.0,0.12997186475150113,0.07141083895448924,226,30.0,0,0.0,,,HPA-45-r0,gray,200
40.0,0.6797499977331145,0.0,332.96944444444443,197.0,0.12997186475150113,2.9690353302455104e-05,154,40.0,0,0.0,,,HPA-45-r0,gray,201
65.0,1.2782123407696022,0.0,319.43194444444447,220.0,0.12997186475150113,1.7457640871608365e-05,200,65.0,0,0.0,,,HPA-45-r0,gray,202
50.0,0.7166693734769858,0.0,353.1513888888889,267.0,0.12997186475150113,0.0011253777741456184,318,50.0,0,0.0,,,HPA-45-r0,gray,203
30.0,0.4224898639630048,0.0,346.8222222222222,221.0,0.12997186475150113,0.009753459103367322,231,30.0,0,0.0,,,HPA-45-r0,gray,204
10.0,0.11480935749876853,0.0,323.7055555555556,197.0,0.12997186475150113,0.3109129955290068,182,10.0,0,0.0,,,HPA-45-r0,gray,205
5.0,0.01054345038823401,0.0,329.0208333333333,238.0,0.12997186475150113,0.9297713251154767,226,5.0,0,0.0,,,HPA-45-r0,gray,206
0.0,0.0,0.0,334.1847222222222,202.0,0.12997186475150113,1.0,148,0.0,0,0.0,,,HPA-45-r0,gray,207
55.0,1.2701808824531091,0.0,318.3569444444444,220.0,0.12997186475150113,2.9690353302455097e-05,203,55.0,0,0.0,,,HPA-45-r0,gray,208
60.0,0.9951910967659461,0.0,357.96944444444443,275.0,0.12997186475150113,1.7457640871608365e-05,322,60.0,0,0.0,,,HPA-45-r0,gray,209
10.0,0.018569536538193265,0.0,341.22083333333336,222.0,0.12997186475150113,0.8691119681756663,223,10.0,0,0.0,,,HPA-45-r0,gray,210
0.0,0.0020535824520329093,0.0,331.05833333333334,198.0,0.12997186475150113,0.9759946669790742,188,0.0,0,0.0,,,HPA-45-r0,gray,211
0.0,0.0,0.0,327.4736111111111,236.0,0.12997186475150113,1.0,219,0.0,0,0.0,,,HPA-45-r0,gray,212
45.0,0.5771397877830764,0.0,333.36944444444447,193.0,0.12997186475150113,0.0015134495938342674,164,45.0,0,0.0,,,HPA-45-r0,gray,213
20.0,0.15714387654385265,0.0,323.8875,229.0,0.12997186475150113,0.26618284699063305,253,15.0,0,0.0,,,HPA-45-r0,gray,214
40.0,0.7298080682349828,0.0,357.0722222222222,275.0,0.12997186475150113,3.490818896375352e-05,328,40.0,0,0.0,,,HPA-45-r0,gray,215
20.0,0.20750476353343927,0.0,342.7416666666667,215.0,0.12997186475150113,0.07168376323527038,216,20.0,0,0.0,,,HPA-45-r0,gray,216
30.0,0.3531111599697878,0.0,331.84583333333336,198.0,0.12997186475150113,0.0009851903307702445,181,30.0,0,0.0,,,HPA-45-r0,gray,217
15.0,0.16141658297825767,0.0,332.09444444444443,247.0,0.12997186475150113,0.29166848565467285,230,15.0,0,0.0,,,HPA-45-r0,gray,218
30.0,0.3869518463856858,0.0,331.04305555555555,197.0,0.12997186475150113,0.003856202157096436,161,30.0,0,0.0,,,HPA-45-r0,gray,219
60.0,0.9837976919035207,0.0,323.6097222222222,222.0,0.12997186475150113,7.258774448835198e-05,227,60.0,0,0.0,,,HPA-45-r0,gray,220
30.0,0.2662292082418638,0.0,354.9555555555556,274.0,0.12997186475150113,0.016133660415266145,314,15.0,0,0.0,,,HPA-45-r0,gray,221
50.0,0.6047983579519856,0.0,344.5708333333333,222.0,0.12997186475150113,0.0013435347829553422,236,50.0,0,0.0,,,HPA-45-r0,gray,222
25.0,0.20579477308256822,0.0,330.5541666666667,204.0,0.12997186475150113,0.1834812171974411,178,25.0,0,0.0,,,HPA-45-r0,gray,223
0.0,0.00396079605342603,0.0,332.5472222222222,239.0,0.12997186475150113,0.9722265590536765,226,0.0,0,0.0,,,HPA-45-r0,gray,224
20.0,0.33676372477786654,0.0,329.0527777777778,193.0,0.12997186475150113,0.002717435066317814,173,20.0,0,0.0,,,HPA-45-r0,gray,225
50.0,0.6516744681298259,0.0,323.175,224.0,0.12997186475150113,0.00048391400572932034,212,45.0,0,0.0,,,HPA-45-r0,gray,226
45.0,0.8706947841884971,0.0,360.2652777777778,270.0,0.12997186475150113,0.00020755261834458537,320,45.0,0,0.0,,,HPA-45-r0,gray,227
15.0,0.0929624041122401,0.0,341.18888888888887,220.0,0.12997186475150113,0.3663943421013864,234,15.0,0,0.0,,,HPA-45-r0,gray,228
60.0,0.6680799083185418,0.0,333.30694444444447,203.0,0.12997186475150113,0.00021968225500138818,204,60.0,0,0.0,,,HPA-45-r0,gray,229
325.0,6.308449448479692,0.0,391.475,301.0,0.12997186475150113,8.802242554041044e-07,357,325.0,0,0.0,,,PredHPA-r1,gray,200
1225.0,18.539769500918478,0.0,470.52777777777777,301.0,10.116835434733883,6.181770109046225e-07,268,1190.0,0,0.0,,,PredHPA-r1,gray,201
845.0,15.451011983257757,0.0,473.31666666666666,301.0,10.123151669107154,8.691647596163831e-07,568,840.0,0,0.0,,,PredHPA-r1,gray,202
440.0,7.532939927899784,0.0,460.90833333333336,301.0,10.123151669107154,8.691647596163801e-07,499,440.0,0,0.0,,,PredHPA-r1,gray,203
5.0,0.013351079853851644,0.0,498.40972222222223,301.0,0.12997186475150113,0.9087541770412069,478,5.0,0,0.0,,,PredHPA-r1,gray,204
6160.0,93.62980107505388,0.0,551.8333333333334,301.0,16.108216162126812,6.474631917217939e-11,229,1200.0,0,0.0,,,PredHPA-r1,gray,205
0.0,0.0038062209641198663,0.0,378.3152777777778,301.0,0.12997186475150113,0.9849768766020202,316,0.0,0,0.0,,,PredHPA-r1,gray,206
1145.0,16.220444215358054,0.0,470.12361111111113,301.0,10.116835434733883,2.707279860410774e-05,258,1135.0,0,0.0,,,PredHPA-r1,gray,207
1215.0,19.48296911412326,0.0,481.42083333333335,301.0,10.116835434733883,3.7778434343189456e-08,535,1200.0,0,0.0,,,PredHPA-r1,gray,208
955.0,16.434696709357375,0.0,477.3152777777778,301.0,10.123151669107154,2.573017668019324e-06,526,955.0,0,0.0,,,PredHPA-r1,gray,209
570.0,8.867952905060672,0.0,503.7680555555556,301.0,10.123151669107154,3.229797771475093e-06,515,570.0,0,0.0,,,PredHPA-r1,gray,210
6160.0,93.65268627800177,0.0,551.8333333333334,301.0,15.642224638464564,6.053729552718899e-11,220,1200.0,0,0.0,,,PredHPA-r1,gray,211
2265.0,40.53446757041838,0.0,464.9375,301.0,16.164299266026024,1.7269215962708163e-13,349,1085.0,0,0.0,,,PredHPA-r1,gray,212
0.0,0.0,0.0,444.4583333333333,301.0,0.12997186475150113,1.0,290,0.0,0,0.0,,,PredHPA-r1,gray,213
1120.0,19.412717163013582,0.0,482.1722222222222,301.0,16.112036945052772,8.786791184724748e-13,526,1090.0,0,0.0,,,PredHPA-r1,gray,214
925.0,15.517741308353683,0.0,478.27222222222224,301.0,10.116835434733883,4.4975834672075174e-08,483,925.0,0,0.0,,,PredHPA-r1,gray,215
15.0,0.11525163494230384,0.0,498.2013888888889,301.0,0.12997186475150113,0.35454144280343847,472,15.0,0,0.0,,,PredHPA-r1,gray,216
6160.0,93.64581210783844,0.0,551.8333333333334,301.0,14.98662558217657,6.108964454111476e-11,239,1200.0,0,0.0,,,PredHPA-r1,gray,217
320.0,6.345692632665978,0.0,395.87083333333334,301.0,0.12997186475150113,1.4430816730109732e-05,350,320.0,0,0.0,,,PredHPA-r1,gray,218
1210.0,17.064441084257087,0.0,481.3777777777778,301.0,10.116835434733883,1.0049511935133407e-06,276,1200.0,0,0.0,,,PredHPA-r1,gray,219
885.0,16.268358597261756,0.0,473.64722222222224,301.0,10.123151669107154,1.2244878847096768e-06,489,885.0,0,0.0,,,PredHPA-r1,gray,220
760.0,12.498516007016535,0.0,484.58194444444445,301.0,10.123151669107154,8.6916475961638e-07,585,760.0,0,0.0,,,PredHPA-r1,gray,221
535.0,8.255116613581404,0.0,505.19305555555553,301.0,10.123151669107154,8.778691066393376e-06,514,535.0,0,0.0,,,PredHPA-r1,gray,222
6160.0,93.65432171637083,0.0,551.8333333333334,301.0,15.58876202703598,5.6507884502179276e-11,240,1200.0,0,0.0,,,PredHPA-r1,gray,223
15.0,0.0250931084630035,0.0,379.0263888888889,301.0,0.12997186475150113,0.8986077047944041,323,15.0,0,0.0,,,PredHPA-r1,gray,224
2710.0,39.75941050074271,0.0,500.1777777777778,301.0,16.108216162126812,1.962028956134523e-13,371,1195.0,0,0.0,,,PredHPA-r1,gray,225
120.0,1.3967860923899567,0.0,466.40694444444443,301.0,0.12997186475150113,1.511556417644401e-05,419,120.0,0,0.0,,,PredHPA-r1,gray,226
900.0,15.111573937575784,0.0,473.4138888888889,301.0,10.116835434733883,3.219610035617908e-08,472,900.0,0,0.0,,,PredHPA-r1,gray,227
20.0,0.12223364863201969,0.0,501.1847222222222,301.0,0.12997186475150113,0.2034319633631907,459,20.0,0,0.0,,,PredHPA-r1,gray,228
6160.0,93.6438976068338,0.0,551.8333333333334,301.0,16.123151669107155,5.97227824466055e-11,238,1200.0,0,0.0,,,PredHPA-r1,gray,229
0.0,0.0,0.0,363.45,301.0,0.12997186475150113,1.0,369,0.0,0,0.0,,,HPA-45-r1,ddos,200
0.0,0.0,0.0,414.6777777777778,301.0,0.12997186475150113,1.0,414,0.0,0,0.0,,,HPA-45-r1,ddos,201
5.0,0.008409264639142044,0.0,360.00138888888887,301.0,0.12997186475150113,0.9403956756606988,396,5.0,0,0.0,,,HPA-45-r1,ddos,202
0.0,0.0,0.0,407.5708333333333,301.0,0.12997186475150113,1.0,597,0.0,0,0.0,,,HPA-45-r1,ddos,203
0.0,0.0,0.0,422.7402777777778,301.0,0.12997186475150113,1.0,486,0.0,0,0.0,,,HPA-45-r1,ddos,204
0.0,0.0,0.0,386.1972222222222,301.0,0.12997186475150113,1.0,332,0.0,0,0.0,,,HPA-45-r1,ddos,205
0.0,0.0,0.0,363.7638888888889,301.0,0.12997186475150113,1.0,357,0.0,0,0.0,,,HPA-45-r1,ddos,206
0.0,0.0,0.0,409.3875,301.0,0.12997186475150113,1.0,426,0.0,0,0.0,,,HPA-45-r1,ddos,207
1115.0,18.19111268793615,0.0,371.8388888888889,301.0,12.123151669107152,4.346673043146967e-11,406,1115.0,0,0.0,,,HPA-45-r1,ddos,208
955.0,16.376374216080258,0.0,397.7680555555556,301.0,12.123151669107152,1.0903507456131633e-12,462,955.0,0,0.0,,,HPA-45-r1,ddos,209
0.0,0.0,0.0,403.88055555555553,301.0,0.12997186475150113,1.0,469,0.0,0,0.0,,,HPA-45-r1,ddos,210
1040.0,15.108906994750393,0.0,443.37361111111113,301.0,9.129971864751502,4.063275513120909e-08,377,0.0,0,0.0,,,HPA-45-r1,ddos,211
0.0,0.0,0.0,365.71944444444443,301.0,0.12997186475150113,1.0,332,0.0,0,0.0,,,HPA-45-r1,ddos,212
0.0,0.0,0.0,386.64722222222224,301.0,0.12997186475150113,1.0,273,0.0,0,0.0,,,HPA-45-r1,ddos,213
0.0,0.0,0.0,366.5513888888889,301.0,0.12997186475150113,1.0,362,0.0,0,0.0,,,HPA-45-r1,ddos,214
10.0,0.031120996358846575,0.0,390.0083333333333,301.0,0.12997186475150113,0.9190233925906461,429,10.0,0,0.0,,,HPA-45-r1,ddos,215
0.0,0.0,0.0,419.3097222222222,301.0,0.12997186475150113,1.0,481,0.0,0,0.0,,,HPA-45-r1,ddos,216
0.0,0.0,0.0,391.3263888888889,301.0,0.12997186475150113,1.0,340,0.0,0,0.0,,,HPA-45-r1,ddos,217
0.0,0.0,0.0,361.7861111111111,301.0,0.12997186475150113,1.0,360,0.0,0,0.0,,,HPA-45-r1,ddos,218
0.0,0.0,0.0,384.59583333333336,301.0,0.12997186475150113,1.0,294,0.0,0,0.0,,,HPA-45-r1,ddos,219
880.0,16.172114669655922,0.0,371.33472222222224,301.0,12.123151669107152,2.5956347041722407e-11,360,880.0,0,0.0,,,HPA-45-r1,ddos,220
0.0,0.0,0.0,416.35277777777776,301.0,0.12997186475150113,1.0,537,0.0,0,0.0,,,HPA-45-r1,ddos,221
0.0,0.0,0.0,395.5361111111111,301.0,0.12997186475150113,1.0,372,0.0,0,0.0,,,HPA-45-r1,ddos,222
1035.0,15.098094781910277,0.0,457.2375,301.0,9.129971864751502,3.422426225925442e-09,528,0.0,0,0.0,,,HPA-45-r1,ddos,223
0.0,0.0,0.0,367.775,301.0,0.12997186475150113,1.0,366,0.0,0,0.0,,,HPA-45-r1,ddos,224
0.0,0.0,0.0,409.6486111111111,301.0,0.12997186475150113,1.0,440,0.0,0,0.0,,,HPA-45-r1,ddos,225
5.0,0.011955737294722102,0.0,368.09583333333336,301.0,0.12997186475150113,0.9386277962970108,312,0.0,0,0.0,,,HPA-45-r1,ddos,226
10.0,0.04423763770450284,0.0,394.1902777777778,301.0,0.12997186475150113,0.8263004999842648,413,10.0,0,0.0,,,HPA-45-r1,ddos,227
0.0,0.0,0.0,386.66805555555555,301.0,0.12997186475150113,1.0,387,0.0,0,0.0,,,HPA-45-r1,ddos,228
1035.0,15.053808676424453,0.0,460.21944444444443,301.0,9.123151669107154,2.9518534976616815e-10,526,0.0,0,0.0,,,HPA-45-r1,ddos,229
0.0,0.0,0.0,363.45,301.0,0.12997186475150113,1.0,369,0.0,0,0.0,,,HPA-45-r0,ddos,200
0.0,0.0,0.0,385.56666666666666,301.0,0.12997186475150113,1.0,282,0.0,0,0.0,,,HPA-45-r0,ddos,201
5.0,0.008409264639142044,0.0,360.00138888888887,301.0,0.12997186475150113,0.9403956756606988,396,5.0,0,0.0,,,HPA-45-r0,ddos,202
0.0,0.0,0.0,381.74305555555554,301.0,0.12997186475150113,1.0,442,0.0,0,0.0,,,HPA-45-r0,ddos,203
0.0,0.0,0.0,392.7125,301.0,0.12997186475150113,1.0,368,0.0,0,0.0,,,HPA-45-r0,ddos,204
0.0,0.0,0.0,386.1972222222222,301.0,0.12997186475150113,1.0,332,0.0,0,0.0,,,HPA-45-r0,ddos,205
0.0,0.0,0.0,363.7638888888889,301.0,0.12997186475150113,1.0,357,0.0,0,0.0,,,HPA-45-r0,ddos,206
0.0,0.0,0.0,381.1111111111111,301.0,0.12997186475150113,1.0,291,0.0,0,0.0,,,HPA-45-r0,ddos,207
30.0,0.623087581822368,0.0,358.03194444444443,301.0,0.12997186475150113,0.0018214071720792826,388,30.0,0,0.0,,,HPA-45-r0,ddos,208
15.0,0.12195465529211136,0.0,390.7611111111111,301.0,0.12997186475150113,0.3509494620376956,409,15.0,0,0.0,,,HPA-45-r0,ddos,209
0.0,0.0,0.0,390.0180555555556,301.0,0.12997186475150113,1.0,345,0.0,0,0.0,,,HPA-45-r0,ddos,210
0.0,0.0,0.0,378.64722222222224,286.0,0.12997186475150113,1.0,291,0.0,0,0.0,,,HPA-45-r0,ddos,211
0.0,0.0,0.0,365.71944444444443,301.0,0.12997186475150113,1.0,332,0.0,0,0.0,,,HPA-45-r0,ddos,212
0.0,0.0,0.0,388.78472222222223,301.0,0.12997186475150113,1.0,276,0.0,0,0.0,,,HPA-45-r0,ddos,213
0.0,0.0,0.0,366.5513888888889,301.0,0.12997186475150113,1.0,362,0.0,0,0.0,,,HPA-45-r0,ddos,214
5.0,0.016003602376857273,0.0,390.775,301.0,0.12997186475150113,0.9190233925906461,431,5.0,0,0.0,,,HPA-45-r0,ddos,215
0.0,0.0,0.0,389.21944444444443,301.0,0.12997186475150113,1.0,365,0.0,0,0.0,,,HPA-45-r0,ddos,216
0.0,0.0,0.0,391.3263888888889,301.0,0.12997186475150113,1.0,340,0.0,0,0.0,,,HPA-45-r0,ddos,217
0.0,0.0,0.0,361.7861111111111,301.0,0.12997186475150113,1.0,360,0.0,0,0.0,,,HPA-45-r0,ddos,218
0.0,0.0,0.0,384.39444444444445,301.0,0.12997186475150113,1.0,295,0.0,0,0.0,,,HPA-45-r0,ddos,219
10.0,0.08976883931008928,0.0,364.96805555555557,301.0,0.12997186475150113,0.6159825712155929,339,10.0,0,0.0,,,HPA-45-r0,ddos,220
0.0,0.0,0.0,390.65555555555557,301.0,0.12997186475150113,1.0,376,0.0,0,0.0,,,HPA-45-r0,ddos,221
0.0,0.0,0.0,395.5361111111111,301.0,0.12997186475150113,1.0,372,0.0,0,0.0,,,HPA-45-r0,ddos,222
0.0,0.0,0.0,384.40694444444443,301.0,0.12997186475150113,1.0,370,0.0,0,0.0,,,HPA-45-r0,ddos,223
0.0,0.0,0.0,367.775,301.0,0.12997186475150113,1.0,366,0.0,0,0.0,,,HPA-45-r0,ddos,224
0.0,0.0,0.0,380.75694444444446,301.0,0.12997186475150113,1.0,330,0.0,0,0.0,,,HPA-45-r0,ddos,225
5.0,0.011955737294722102,0.0,367.69166666666666,301.0,0.12997186475150113,0.9386277962970108,311,0.0,0,0.0,,,HPA-45-r0,ddos,226
10.0,0.04423763770450284,0.0,393.52777777777777,301.0,0.12997186475150113,0.8263004999842648,416,10.0,0,0.0,,,HPA-45-r0,ddos,227
0.0,0.0,0.0,386.66805555555555,301.0,0.12997186475150113,1.0,387,0.0,0,0.0,,,HPA-45-r0,ddos,228
0.0,0.005315596017008151,0.0,388.07916666666665,301.0,0.12997186475150113,0.96218354518861,386,0.0,0,0.0,,,HPA-45-r0,ddos,229
0.0,0.0,0.0,394.22083333333336,301.0,0.12997186475150113,1.0,466,0.0,0,0.0,,,PredHPA-r1,ddos,200
0.0,0.0,0.0,470.7416666666667,301.0,0.12997186475150113,1.0,290,0.0,0,0.0,,,PredHPA-r1,ddos,201
5.0,0.020632161173117503,0.0,469.3986111111111,301.0,0.12997186475150113,0.8868488694401061,553,0.0,0,0.0,,,PredHPA-r1,ddos,202
0.0,0.0,0.0,461.5541666666667,301.0,0.12997186475150113,1.0,499,0.0,0,0.0,,,PredHPA-r1,ddos,203
0.0,0.0,0.0,505.2125,301.0,0.12997186475150113,1.0,532,0.0,0,0.0,,,PredHPA-r1,ddos,204
6160.0,93.62979698669633,0.0,551.8333333333334,301.0,12.123151669107152,8.199073839943608e-11,232,1200.0,0,0.0,,,PredHPA-r1,ddos,205
0.0,0.0,0.0,393.7736111111111,301.0,0.12997186475150113,1.0,441,0.0,0,0.0,,,PredHPA-r1,ddos,206
0.0,0.0,0.0,470.79027777777776,301.0,0.12997186475150113,1.0,262,0.0,0,0.0,,,PredHPA-r1,ddos,207
5.0,0.023114157402726043,0.0,468.4916666666667,301.0,0.12997186475150113,0.8748509230652757,574,0.0,0,0.0,,,PredHPA-r1,ddos,208
0.0,0.0,0.0,477.8722222222222,301.0,0.12997186475150113,1.0,506,0.0,0,0.0,,,PredHPA-r1,ddos,209
0.0,0.0,0.0,505.0388888888889,301.0,0.12997186475150113,1.0,541,0.0,0,0.0,,,PredHPA-r1,ddos,210
6160.0,93.65268485292535,0.0,551.8333333333334,301.0,12.129971864751502,1.0083452112363017e-11,205,1200.0,0,0.0,,,PredHPA-r1,ddos,211
0.0,0.0,0.0,396.0527777777778,301.0,0.12997186475150113,1.0,414,0.0,0,0.0,,,PredHPA-r1,ddos,212
0.0,0.0,0.0,475.2416666666667,301.0,0.12997186475150113,1.0,358,0.0,0,0.0,,,PredHPA-r1,ddos,213
0.0,0.0,0.0,473.6277777777778,301.0,0.12997186475150113,1.0,490,0.0,0,0.0,,,PredHPA-r1,ddos,214
0.0,0.0,0.0,478.2027777777778,301.0,0.12997186475150113,1.0,499,0.0,0,0.0,,,PredHPA-r1,ddos,215
0.0,0.0,0.0,505.4888888888889,301.0,0.12997186475150113,1.0,519,0.0,0,0.0,,,PredHPA-r1,ddos,216
6160.0,93.64580961390041,0.0,551.8333333333334,301.0,12.123151669107152,8.100157741057163e-11,246,1200.0,0,0.0,,,PredHPA-r1,ddos,217
0.0,0.0,0.0,397.55833333333334,301.0,0.12997186475150113,1.0,440,0.0,0,0.0,,,PredHPA-r1,ddos,218
0.0,0.0,0.0,473.9402777777778,301.0,0.12997186475150113,1.0,282,0.0,0,0.0,,,PredHPA-r1,ddos,219
0.0,0.0,0.0,472.4736111111111,301.0,0.12997186475150113,1.0,435,0.0,0,0.0,,,PredHPA-r1,ddos,220
0.0,0.0,0.0,484.80833333333334,301.0,0.12997186475150113,1.0,565,0.0,0,0.0,,,PredHPA-r1,ddos,221
0.0,0.0,0.0,508.49861111111113,301.0,0.12997186475150113,1.0,569,0.0,0,0.0,,,PredHPA-r1,ddos,222
6160.0,93.65432083404978,0.0,551.8333333333334,301.0,12.129971864751502,6.559599466177812e-11,242,1200.0,0,0.0,,,PredHPA-r1,ddos,223
0.0,0.0,0.0,395.9013888888889,301.0,0.12997186475150113,1.0,446,0.0,0,0.0,,,PredHPA-r1,ddos,224
0.0,0.0,0.0,475.1611111111111,301.0,0.12997186475150113,1.0,282,0.0,0,0.0,,,PredHPA-r1,ddos,225
0.0,0.0,0.0,475.43194444444447,301.0,0.12997186475150113,1.0,514,0.0,0,0.0,,,PredHPA-r1,ddos,226
0.0,0.0,0.0,473.6972222222222,301.0,0.12997186475150113,1.0,494,0.0,0,0.0,,,PredHPA-r1,ddos,227
0.0,0.0,0.0,506.43055555555554,301.0,0.12997186475150113,1.0,501,0.0,0,0.0,,,PredHPA-r1,ddos,228
6160.0,93.6438971096534,0.0,551.8333333333334,301.0,12.129971864751502,6.2300194489600335e-12,242,1200.0,0,0.0,,,PredHPA-r1,ddos,229
0.0,0.0,0.0,363.3986111111111,301.0,0.12997186475150113,1.0,367,0.0,0,0.0,,,HPA-45-r1,ddos_kill,200
0.0,0.0,0.0,414.3652777777778,301.0,0.12997186475150113,1.0,414,0.0,0,0.0,,,HPA-45-r1,ddos_kill,201
5.0,0.008409264639142044,0.0,361.1402777777778,301.0,0.12997186475150113,0.9403956756606988,405,2.5,0,0.0,,,HPA-45-r1,ddos_kill,202
0.0,0.0,0.0,407.56666666666666,301.0,0.12997186475150113,1.0,590,0.0,0,0.0,,,HPA-45-r1,ddos_kill,203
0.0,0.0,0.0,422.56944444444446,301.0,0.12997186475150113,1.0,481,0.0,0,0.0,,,HPA-45-r1,ddos_kill,204
0.0,0.0,0.0,385.6486111111111,301.0,0.12997186475150113,1.0,325,0.0,0,0.0,,,HPA-45-r1,ddos_kill,205
2250.0,39.999984757058435,0.0,431.1722222222222,301.0,12.129971864751502,1.7010768890705428e-12,378,1125.0,0,0.0,,,HPA-45-r1,ddos_kill,206
0.0,0.0,0.0,410.81805555555553,301.0,0.12997186475150113,1.0,435,0.0,0,0.0,,,HPA-45-r1,ddos_kill,207
1115.0,18.18940479040283,0.0,371.2875,301.0,12.123151669107152,4.346673043146967e-11,421,1055.0,0,0.0,,,HPA-45-r1,ddos_kill,208
950.0,16.374805461042175,0.0,397.46805555555557,301.0,12.123151669107152,1.0903507456131633e-12,469,890.0,0,0.0,,,HPA-45-r1,ddos_kill,209
0.0,0.0,0.0,404.8208333333333,301.0,0.12997186475150113,1.0,471,0.0,0,0.0,,,HPA-45-r1,ddos_kill,210
1040.0,15.108906994750393,0.0,443.78472222222223,301.0,9.129971864751502,4.063275513120909e-08,382,0.0,0,0.0,,,HPA-45-r1,ddos_kill,211
0.0,0.0011646140977594754,0.0,365.9527777777778,301.0,0.12997186475150113,0.9900715337556257,329,0.0,0,0.0,,,HPA-45-r1,ddos_kill,212
0.0,0.0,0.0,385.1736111111111,301.0,0.12997186475150113,1.0,268,0.0,0,0.0,,,HPA-45-r1,ddos_kill,213
0.0,0.0,0.0,367.3236111111111,301.0,0.12997186475150113,1.0,374,0.0,0,0.0,,,HPA-45-r1,ddos_kill,214
10.0,0.031120996358846575,0.0,391.4263888888889,301.0,0.12997186475150113,0.9190233925906461,431,5.0,0,0.0,,,HPA-45-r1,ddos_kill,215
0.0,0.0,0.0,420.71944444444443,301.0,0.12997186475150113,1.0,491,0.0,0,0.0,,,HPA-45-r1,ddos_kill,216
0.0,0.0,0.0,387.5361111111111,301.0,0.12997186475150113,1.0,332,0.0,0,0.0,,,HPA-45-r1,ddos_kill,217
0.0,0.0,0.0,362.2055555555556,301.0,0.12997186475150113,1.0,361,0.0,0,0.0,,,HPA-45-r1,ddos_kill,218
0.0,0.0,0.0,382.9625,301.0,0.12997186475150113,1.0,288,0.0,0,0.0,,,HPA-45-r1,ddos_kill,219
880.0,16.173285177544816,0.0,368.4902777777778,301.0,12.123151669107152,2.6072057773040545e-11,361,837.5,0,0.0,,,HPA-45-r1,ddos_kill,220
0.0,0.0,0.0,415.3611111111111,301.0,0.12997186475150113,1.0,535,0.0,0,0.0,,,HPA-45-r1,ddos_kill,221
0.0,0.0,0.0,395.41805555555555,301.0,0.12997186475150113,1.0,373,0.0,0,0.0,,,HPA-45-r1,ddos_kill,222
1035.0,15.098094781910277,0.0,458.2597222222222,301.0,9.129971864751502,3.422426225925442e-09,527,0.0,0,0.0,,,HPA-45-r1,ddos_kill,223
2255.0,40.03596826694671,0.0,434.13055555555553,301.0,12.129971864751502,6.4681632398738044e-12,382,1125.0,0,0.0,,,HPA-45-r1,ddos_kill,224
0.0,0.0,0.0,409.4736111111111,301.0,0.12997186475150113,1.0,432,0.0,0,0.0,,,HPA-45-r1,ddos_kill,225
5.0,0.011955737294722102,0.0,366.41805555555555,301.0,0.12997186475150113,0.9386277962970108,303,0.0,0,0.0,,,HPA-45-r1,ddos_kill,226
10.0,0.04423763770450284,0.0,393.6069444444444,301.0,0.12997186475150113,0.8263004999842648,413,5.0,0,0.0,,,HPA-45-r1,ddos_kill,227
895.0,12.353131044996257,0.0,393.83194444444445,301.0,12.129971864751502,1.1008125482563155e-10,442,910.0,0,0.0,,,HPA-45-r1,ddos_kill,228
1035.0,15.053808676424453,0.0,461.20416666666665,301.0,9.123151669107154,2.9518534976616815e-10,527,0.0,0,0.0,,,HPA-45-r1,ddos_kill,229
0.0,0.0,0.0,363.3986111111111,301.0,0.12997186475150113,1.0,367,0.0,0,0.0,,,HPA-45-r0,ddos_kill,200
0.0,0.0,0.0,386.15833333333336,301.0,0.12997186475150113,1.0,287,0.0,0,0.0,,,HPA-45-r0,ddos_kill,201
5.0,0.008409264639142044,0.0,361.1402777777778,301.0,0.12997186475150113,0.9403956756606988,405,2.5,0,0.0,,,HPA-45-r0,ddos_kill,202
0.0,0.0,0.0,382.18055555555554,301.0,0.12997186475150113,1.0,438,0.0,0,0.0,,,HPA-45-r0,ddos_kill,203
0.0,0.0,0.0,392.6847222222222,301.0,0.12997186475150113,1.0,368,0.0,0,0.0,,,HPA-45-r0,ddos_kill,204
0.0,0.0,0.0,385.6486111111111,301.0,0.12997186475150113,1.0,325,0.0,0,0.0,,,HPA-45-r0,ddos_kill,205
15.0,0.21582253796547102,0.0,364.82916666666665,301.0,0.12997186475150113,0.17609599697448494,358,15.0,0,0.0,,,HPA-45-r0,ddos_kill,206
0.0,0.0,0.0,381.6722222222222,301.0,0.12997186475150113,1.0,292,0.0,0,0.0,,,HPA-45-r0,ddos_kill,207
30.0,0.623087581822368,0.0,357.5361111111111,301.0,0.12997186475150113,0.0018214071720792826,380,15.0,0,0.0,,,HPA-45-r0,ddos_kill,208
15.0,0.12667296820210172,0.0,390.25694444444446,301.0,0.12997186475150113,0.3509494620376956,415,7.5,0,0.0,,,HPA-45-r0,ddos_kill,209
0.0,0.0,0.0,390.3666666666667,301.0,0.12997186475150113,1.0,346,0.0,0,0.0,,,HPA-45-r0,ddos_kill,210
0.0,0.0,0.0,381.5027777777778,291.0,0.12997186475150113,1.0,294,0.0,0,0.0,,,HPA-45-r0,ddos_kill,211
0.0,0.0011646140977594754,0.0,365.9527777777778,301.0,0.12997186475150113,0.9900715337556257,329,0.0,0,0.0,,,HPA-45-r0,ddos_kill,212
0.0,0.0050589919577404,0.0,386.7319444444444,301.0,0.12997186475150113,0.9769961134524663,273,0.0,0,0.0,,,HPA-45-r0,ddos_kill,213
0.0,0.0,0.0,367.3236111111111,301.0,0.12997186475150113,1.0,374,0.0,0,0.0,,,HPA-45-r0,ddos_kill,214
5.0,0.016003602376857273,0.0,392.29305555555555,301.0,0.12997186475150113,0.9190233925906461,434,2.5,0,0.0,,,HPA-45-r0,ddos_kill,215
10.0,0.08218325498251522,0.0,390.21944444444443,301.0,0.12997186475150113,0.6098464390091637,373,10.0,0,0.0,,,HPA-45-r0,ddos_kill,216
0.0,0.0,0.0,387.5361111111111,301.0,0.12997186475150113,1.0,332,0.0,0,0.0,,,HPA-45-r0,ddos_kill,217
0.0,0.0,0.0,362.2055555555556,301.0,0.12997186475150113,1.0,361,0.0,0,0.0,,,HPA-45-r0,ddos_kill,218
0.0,0.0,0.0,381.7138888888889,301.0,0.12997186475150113,1.0,287,0.0,0,0.0,,,HPA-45-r0,ddos_kill,219
10.0,0.08976883931008928,0.0,366.7611111111111,301.0,0.12997186475150113,0.6159825712155929,342,5.0,0,0.0,,,HPA-45-r0,ddos_kill,220
0.0,0.0,0.0,390.2388888888889,301.0,0.12997186475150113,1.0,371,0.0,0,0.0,,,HPA-45-r0,ddos_kill,221
0.0,0.0,0.0,395.41805555555555,301.0,0.12997186475150113,1.0,373,0.0,0,0.0,,,HPA-45-r0,ddos_kill,222
0.0,0.0,0.0,384.5236111111111,301.0,0.12997186475150113,1.0,372,0.0,0,0.0,,,HPA-45-r0,ddos_kill,223
15.0,0.13843096707591984,0.0,367.84444444444443,301.0,0.12997186475150113,0.5745150605510548,366,15.0,0,0.0,,,HPA-45-r0,ddos_kill,224
0.0,0.0,0.0,380.1777777777778,301.0,0.12997186475150113,1.0,327,0.0,0,0.0,,,HPA-45-r0,ddos_kill,225
5.0,0.011955737294722102,0.0,365.7638888888889,301.0,0.12997186475150113,0.9386277962970108,300,0.0,0,0.0,,,HPA-45-r0,ddos_kill,226
10.0,0.04423763770450284,0.0,393.09444444444443,301.0,0.12997186475150113,0.8263004999842648,403,5.0,0,0.0,,,HPA-45-r0,ddos_kill,227
15.0,0.12294358647767512,0.0,385.68055555555554,301.0,0.12997186475150113,0.5667604857222998,387,15.0,0,0.0,,,HPA-45-r0,ddos_kill,228
0.0,0.005315596017008151,0.0,386.7986111111111,301.0,0.12997186475150113,0.96218354518861,387,0.0,0,0.0,,,HPA-45-r0,ddos_kill,229
2300.0,40.308514883329124,0.0,459.3041666666667,301.0,9.118735354158028,5.138197607722695e-10,517,1120.0,0,0.0,,,PredHPA-r1,ddos_kill,200
0.0,0.0,0.0,470.8125,301.0,0.12997186475150113,1.0,288,0.0,0,0.0,,,PredHPA-r1,ddos_kill,201
5.0,0.020632161173117503,0.0,469.4111111111111,301.0,0.12997186475150113,0.8868488694401061,552,0.0,0,0.0,,,PredHPA-r1,ddos_kill,202
0.0,0.0,0.0,461.27777777777777,301.0,0.12997186475150113,1.0,501,0.0,0,0.0,,,PredHPA-r1,ddos_kill,203
0.0,0.0,0.0,505.49444444444447,301.0,0.12997186475150113,1.0,530,0.0,0,0.0,,,PredHPA-r1,ddos_kill,204
6160.0,93.62954047042206,0.0,551.8333333333334,301.0,12.123151669107152,8.275557753970363e-11,250,1200.0,0,0.0,,,PredHPA-r1,ddos_kill,205
0.0,0.0,0.0,394.0208333333333,301.0,0.12997186475150113,1.0,446,0.0,0,0.0,,,PredHPA-r1,ddos_kill,206
1400.0,21.626091987071106,0.0,472.5027777777778,301.0,12.129971864751502,2.0380930600458187e-10,318,1125.0,0,0.0,,,PredHPA-r1,ddos_kill,207
5.0,0.023114157402726043,0.0,468.44444444444446,301.0,0.12997186475150113,0.8748509230652757,575,0.0,0,0.0,,,PredHPA-r1,ddos_kill,208
0.0,0.0,0.0,478.16805555555555,301.0,0.12997186475150113,1.0,509,0.0,0,0.0,,,PredHPA-r1,ddos_kill,209
0.0,0.0,0.0,505.06388888888887,301.0,0.12997186475150113,1.0,539,0.0,0,0.0,,,PredHPA-r1,ddos_kill,210
6220.0,94.5878047091034,0.0,551.8333333333334,301.0,12.129971864751502,1.0287123859175412e-11,216,1200.0,0,0.0,,,PredHPA-r1,ddos_kill,211
5.0,0.010395423376186042,0.0,397.02916666666664,301.0,0.12997186475150113,0.9217070770983914,416,5.0,0,0.0,,,PredHPA-r1,ddos_kill,212
10.0,0.0402915413242777,0.0,476.0,301.0,0.12997186475150113,0.7425952908076365,365,10.0,0,0.0,,,PredHPA-r1,ddos_kill,213
0.0,0.0,0.0,474.18888888888887,301.0,0.12997186475150113,1.0,489,0.0,0,0.0,,,PredHPA-r1,ddos_kill,214
0.0,0.0,0.0,477.8722222222222,301.0,0.12997186475150113,1.0,495,0.0,0,0.0,,,PredHPA-r1,ddos_kill,215
885.0,12.213142697442292,0.0,511.1902777777778,301.0,12.129971864751502,1.0642690410379964e-10,592,900.0,0,0.0,,,PredHPA-r1,ddos_kill,216
6160.0,93.64539263201529,0.0,551.8333333333334,301.0,12.123151669107152,8.365185710311052e-11,254,1200.0,0,0.0,,,PredHPA-r1,ddos_kill,217
0.0,0.0,0.0,397.80694444444447,301.0,0.12997186475150113,1.0,435,0.0,0,0.0,,,PredHPA-r1,ddos_kill,218
0.0,0.0,0.0,473.3875,301.0,0.12997186475150113,1.0,286,0.0,0,0.0,,,PredHPA-r1,ddos_kill,219
775.0,14.136322608441088,0.0,475.99444444444447,301.0,12.129971864751502,7.551584870953773e-11,492,775.0,0,0.0,,,PredHPA-r1,ddos_kill,220
0.0,0.0,0.0,485.26666666666665,301.0,0.12997186475150113,1.0,567,0.0,0,0.0,,,PredHPA-r1,ddos_kill,221
0.0,0.0,0.0,508.40555555555557,301.0,0.12997186475150113,1.0,567,0.0,0,0.0,,,PredHPA-r1,ddos_kill,222
6160.0,93.65431853334472,0.0,551.8333333333334,301.0,12.129971864751502,6.533652628676895e-11,249,1200.0,0,0.0,,,PredHPA-r1,ddos_kill,223
0.0,0.0,0.0,395.2138888888889,301.0,0.12997186475150113,1.0,443,0.0,0,0.0,,,PredHPA-r1,ddos_kill,224
0.0,0.0,0.0,475.7,301.0,0.12997186475150113,1.0,285,0.0,0,0.0,,,PredHPA-r1,ddos_kill,225
0.0,0.0,0.0,475.37361111111113,301.0,0.12997186475150113,1.0,502,0.0,0,0.0,,,PredHPA-r1,ddos_kill,226
0.0,0.0,0.0,473.98333333333335,301.0,0.12997186475150113,1.0,497,0.0,0,0.0,,,PredHPA-r1,ddos_kill,227
0.0,0.0,0.0,506.5152777777778,301.0,0.12997186475150113,1.0,498,0.0,0,0.0,,,PredHPA-r1,ddos_kill,228
6160.0,93.64389346369427,0.0,551.8333333333334,301.0,12.129971864751502,6.2300194489600335e-12,245,1200.0,0,0.0,,,PredHPA-r1,ddos_kill,229
2605.0,55.66402944725256,0.0,444.3486111111111,301.0,15.107695081446147,6.958123511668582e-14,447,290.0,0,0.0,,,HPA-45-r1,poison_flash,200
1760.0,38.093731423495335,0.0,446.71666666666664,301.0,9.129971864751502,1.1356789855596991e-10,567,5.0,0,0.0,,,HPA-45-r1,poison_flash,201
1145.0,37.360905957499845,0.0,375.0805555555556,301.0,13.05108299022241,6.17322520432003e-13,417,1110.0,0,0.0,,,HPA-45-r1,poison_flash,202
1025.0,32.38262091092719,0.0,417.24583333333334,301.0,12.123151669107152,1.7794904827713028e-13,645,1035.0,0,0.0,,,HPA-45-r1,poison_flash,203
965.0,28.283804174368644,0.0,426.1791666666667,301.0,9.116835434733883,7.238093272234977e-13,571,155.0,0,0.0,,,HPA-45-r1,poison_flash,204
4295.0,74.21651432734733,0.0,482.175,301.0,12.123151669107152,1.2216799887600004e-14,307,1105.0,0,0.0,,,HPA-45-r1,poison_flash,205
2075.0,52.904873080991045,0.0,420.4736111111111,301.0,15.129971864751502,1.658187980992358e-12,485,1025.0,0,0.0,,,HPA-45-r1,poison_flash,206
1905.0,40.69088962027314,0.0,449.96805555555557,301.0,12.107695081446147,1.361085718486131e-12,542,1085.0,0,0.0,,,HPA-45-r1,poison_flash,207
1115.0,36.56327075068355,0.0,368.49583333333334,301.0,12.107695081446147,5.325287671115942e-13,402,1095.0,0,0.0,,,HPA-45-r1,poison_flash,208
2155.0,50.35960795501576,0.0,434.7013888888889,301.0,12.107695081446147,4.899312030028751e-13,464,950.0,0,0.0,,,HPA-45-r1,poison_flash,209
780.0,27.59255828458157,0.0,407.3,301.0,12.123151669107152,1.716450384135835e-13,512,665.0,0,0.0,,,HPA-45-r1,poison_flash,210
2015.0,37.735236766547075,0.0,463.0763888888889,301.0,9.129971864751502,2.196155785296786e-09,576,20.0,0,0.0,,,HPA-45-r1,poison_flash,211
2275.0,55.54505580368878,0.0,431.03333333333336,301.0,15.129971864751502,1.4047148313506935e-14,370,1045.0,0,0.0,,,HPA-45-r1,poison_flash,212
945.0,29.931739310803795,0.0,393.47083333333336,301.0,13.421988818043632,6.96643785260043e-13,341,945.0,0,0.0,,,HPA-45-r1,poison_flash,213
905.0,35.49960092734001,0.0,370.5763888888889,301.0,10.381788748131019,1.603465341149984e-10,411,910.0,0,0.0,,,HPA-45-r1,poison_flash,214
1050.0,36.37953992902945,0.0,400.0708333333333,301.0,9.116835434733883,3.028865965018337e-12,463,905.0,0,0.0,,,HPA-45-r1,poison_flash,215
900.0,26.6702958500707,0.0,427.35555555555555,301.0,9.129971864751502,4.287468774268509e-12,554,75.0,0,0.0,,,HPA-45-r1,poison_flash,216
2205.0,45.93589366955487,0.0,436.59166666666664,301.0,9.758724028389928,3.2776577449370466e-11,465,1075.0,0,0.0,,,HPA-45-r1,poison_flash,217
2570.0,54.61594448605425,0.0,445.4888888888889,301.0,15.107695081446147,6.496745178659464e-13,415,300.0,0,0.0,,,HPA-45-r1,poison_flash,218
950.0,30.074418873803033,0.0,393.675,301.0,10.13953438359288,3.5830912721079956e-11,390,950.0,0,0.0,,,HPA-45-r1,poison_flash,219
890.0,36.10908440276862,0.0,368.45694444444445,301.0,13.194290687492085,1.946137733200994e-13,352,890.0,0,0.0,,,HPA-45-r1,poison_flash,220
955.0,33.362677640267876,0.0,421.01666666666665,301.0,9.129971864751502,4.2533864640228714e-13,554,965.0,0,0.0,,,HPA-45-r1,poison_flash,221
1110.0,30.707301296480736,0.0,408.52916666666664,301.0,12.107695081446147,7.314478074063573e-14,422,530.0,0,0.0,,,HPA-45-r1,poison_flash,222
5075.0,83.04488865512802,0.0,544.9958333333333,301.0,12.733267050257325,3.025735285568926e-14,502,1100.0,0,0.0,,,HPA-45-r1,poison_flash,223
2270.0,54.61190051176508,0.0,434.63055555555553,301.0,15.129971864751502,1.895720278465467e-13,389,1020.0,0,0.0,,,HPA-45-r1,poison_flash,224
2635.0,48.99751355707441,0.0,475.2472222222222,301.0,12.113359142194872,1.4101558789372552e-13,476,1080.0,0,0.0,,,HPA-45-r1,poison_flash,225
1010.0,36.61981152547232,0.0,375.75416666666666,301.0,11.486192355459094,2.688681377594056e-12,392,1005.0,0,0.0,,,HPA-45-r1,poison_flash,226
1035.0,35.960788318066065,0.0,402.69444444444446,301.0,9.129971864751502,2.4663457345654677e-11,438,885.0,0,0.0,,,HPA-45-r1,poison_flash,227
1080.0,28.931429539011322,0.0,395.4194444444444,301.0,12.103206845423287,6.635880581077297e-13,433,75.0,0,0.0,,,HPA-45-r1,poison_flash,228
5065.0,82.6155504613974,0.0,544.5583333333333,301.0,12.123151669107152,2.172658767326838e-14,483,1110.0,0,0.0,,,HPA-45-r1,poison_flash,229
510.0,25.18396288274346,0.0,363.3277777777778,301.0,4.829964329412036,1.1935111342813684e-05,446,185.0,0,0.0,,,HPA-45-r0,poison_flash,200
435.0,12.993153155881743,0.0,387.5708333333333,301.0,1.1143403806458494,7.784900438380377e-07,342,5.0,0,0.0,,,HPA-45-r0,poison_flash,201
745.0,31.91877742966833,0.0,362.5861111111111,301.0,6.119330886181193,2.33739930777105e-07,403,95.0,0,0.0,,,HPA-45-r0,poison_flash,202
450.0,19.012270059381166,0.0,384.7263888888889,301.0,1.8998974803572273,5.13767543654191e-06,468,145.0,0,0.0,,,HPA-45-r0,poison_flash,203
440.0,18.274227405993273,0.0,392.86805555555554,301.0,2.5888499492821486,3.8669416917289184e-05,391,45.0,0,0.0,,,HPA-45-r0,poison_flash,204
670.0,22.903069449121638,0.0,387.0361111111111,301.0,4.940569138946398,6.698355105313507e-05,377,25.0,0,0.0,,,HPA-45-r0,poison_flash,205
750.0,36.10703186014317,0.0,365.59166666666664,301.0,9.119330886181194,6.745267628249015e-07,463,760.0,0,0.0,,,HPA-45-r0,poison_flash,206
440.0,13.83851710513352,0.0,387.24305555555554,301.0,1.445907808306898,1.1995543719643035e-06,348,25.0,0,0.0,,,HPA-45-r0,poison_flash,207
735.0,31.52042247712894,0.0,359.25138888888887,301.0,9.119330886181194,1.0175409328853586e-07,390,65.0,0,0.0,,,HPA-45-r0,poison_flash,208
850.0,33.61885202063576,0.0,392.9277777777778,301.0,6.119330886181193,2.7387667527971307e-07,451,450.0,0,0.0,,,HPA-45-r0,poison_flash,209
545.0,21.759304174660656,0.0,391.65277777777777,301.0,3.6872684465886962,1.6615554406965526e-05,392,20.0,0,0.0,,,HPA-45-r0,poison_flash,210
495.0,16.32303963337295,0.0,388.1125,301.0,2.5362537886780396,5.68835339876359e-05,418,25.0,0,0.0,,,HPA-45-r0,poison_flash,211
735.0,36.085467262058714,0.0,366.16527777777776,301.0,6.119330886181193,1.8974596321111246e-08,436,75.0,0,0.0,,,HPA-45-r0,poison_flash,212
530.0,19.040721028792294,0.0,391.59583333333336,301.0,3.1195219253274917,7.311840563612118e-05,387,5.0,0,0.0,,,HPA-45-r0,poison_flash,213
760.0,32.34002630383319,0.0,367.02916666666664,301.0,6.119330886181194,1.7217398182485554e-05,396,195.0,0,0.0,,,HPA-45-r0,poison_flash,214
870.0,32.61480570251365,0.0,393.35555555555555,301.0,6.119330886181194,8.428961993885659e-07,466,405.0,0,0.0,,,HPA-45-r0,poison_flash,215
455.0,19.527890134651326,0.0,390.4527777777778,301.0,3.555530767349646,1.6355533543354966e-05,421,30.0,0,0.0,,,HPA-45-r0,poison_flash,216
615.0,21.647459608968855,0.0,390.1277777777778,301.0,6.143013256816974,6.839446600109194e-07,409,90.0,0,0.0,,,HPA-45-r0,poison_flash,217
480.0,23.725338396787777,0.0,362.56666666666666,301.0,4.170655190619257,4.624649493022334e-05,421,185.0,0,0.0,,,HPA-45-r0,poison_flash,218
600.0,21.992430731917946,0.0,386.4458333333333,301.0,5.478288576575306,6.967924769947008e-07,396,40.0,0,0.0,,,HPA-45-r0,poison_flash,219
790.0,33.98608249480755,0.0,368.08194444444445,301.0,6.119330886181193,5.085689592675698e-08,406,165.0,0,0.0,,,HPA-45-r0,poison_flash,220
655.0,24.405081960382667,0.0,390.9013888888889,301.0,3.335769964530442,9.600822964855237e-06,394,115.0,0,0.0,,,HPA-45-r0,poison_flash,221
470.0,18.350294513603437,0.0,395.4138888888889,301.0,3.4830511599630594,1.1192135732673975e-06,404,70.0,0,0.0,,,HPA-45-r0,poison_flash,222
650.0,21.859263994165623,0.0,386.7027777777778,301.0,6.76183896170437,2.3192306650416336e-07,413,85.0,0,0.0,,,HPA-45-r0,poison_flash,223
690.0,34.11170786805566,0.0,368.24305555555554,301.0,5.448451249609948,2.027830964275772e-05,443,75.0,0,0.0,,,HPA-45-r0,poison_flash,224
335.0,10.34395850222134,0.0,384.9875,301.0,0.2198322704544458,8.619945313380975e-05,427,180.0,0,0.0,,,HPA-45-r0,poison_flash,225
750.0,31.715491860868227,0.0,366.90416666666664,301.0,6.119330886181193,1.1676322565548655e-05,382,40.0,0,0.0,,,HPA-45-r0,poison_flash,226
865.0,32.43234188717295,0.0,394.0527777777778,301.0,7.939179814318596,1.5366486722463395e-07,441,380.0,0,0.0,,,HPA-45-r0,poison_flash,227
440.0,18.844201687064878,0.0,385.9111111111111,301.0,3.1989429582930464,6.461888235980883e-05,431,30.0,0,0.0,,,HPA-45-r0,poison_flash,228
600.0,20.135750685479938,0.0,389.74305555555554,301.0,3.8933571945461005,2.6995125992326565e-05,443,70.0,0,0.0,,,HPA-45-r0,poison_flash,229
2255.0,45.61454583572381,0.0,467.45694444444445,301.0,15.112430916923008,2.756559102299981e-13,512,285.0,0,0.0,,,PredHPA-r1,poison_flash,200
0.0,0.0,0.0,470.83472222222224,301.0,0.12997186475150113,1.0,349,0.0,0,0.0,,,PredHPA-r1,poison_flash,201
1115.0,35.8881273199233,0.0,482.1736111111111,301.0,14.709967218704524,1.0305640553596073e-13,630,1075.0,0,0.0,,,PredHPA-r1,poison_flash,202
1700.0,41.071699403986294,0.0,474.6736111111111,301.0,13.104565411022968,2.3785219400440463e-13,447,485.0,0,0.0,,,PredHPA-r1,poison_flash,203
185.0,4.391550557772883,0.0,509.6638888888889,301.0,0.12997186475150113,1.8362499934284236e-11,607,185.0,0,0.0,,,PredHPA-r1,poison_flash,204
6160.0,94.90973830327663,0.0,551.8333333333334,301.0,15.129971864751502,1.0396770756540133e-14,237,1200.0,0,0.0,,,PredHPA-r1,poison_flash,205
1870.0,49.54185869429519,0.0,446.7875,301.0,12.129971864751502,2.0127513400749626e-12,521,1015.0,0,0.0,,,PredHPA-r1,poison_flash,206
2700.0,49.74675156286321,0.0,496.1958333333333,301.0,12.129971864751502,3.430069181061689e-13,334,1085.0,0,0.0,,,PredHPA-r1,poison_flash,207
1045.0,33.616985383995846,0.0,482.0208333333333,301.0,15.129971864751502,1.0086338743083765e-13,617,20.0,0,0.0,,,PredHPA-r1,poison_flash,208
910.0,33.32196920640938,0.0,477.6625,301.0,13.867578497817016,3.0205075963050207e-13,594,910.0,0,0.0,,,PredHPA-r1,poison_flash,209
475.0,17.14989287674794,0.0,506.21666666666664,301.0,12.129971864751502,3.669743467102387e-13,547,475.0,0,0.0,,,PredHPA-r1,poison_flash,210
6160.0,94.84156423633891,0.0,551.8333333333334,301.0,15.129971864751502,1.0107597730393535e-14,243,1200.0,0,0.0,,,PredHPA-r1,poison_flash,211
2265.0,54.82780387398378,0.0,466.0416666666667,301.0,15.123151669107152,1.91350536454188e-13,387,1035.0,0,0.0,,,PredHPA-r1,poison_flash,212
5.0,0.04726725332261372,0.0,478.8263888888889,301.0,0.12997186475150113,0.8684129783823986,448,5.0,0,0.0,,,PredHPA-r1,poison_flash,213
880.0,34.94082843621119,0.0,478.2236111111111,301.0,15.129971864751502,9.112219042866755e-14,520,880.0,0,0.0,,,PredHPA-r1,poison_flash,214
115.0,4.517339259889863,0.0,478.43888888888887,301.0,0.12997186475150113,0.0027914793778564427,609,125.0,0,0.0,,,PredHPA-r1,poison_flash,215
340.0,7.1731539711102466,0.0,511.3208333333333,301.0,0.4413253530558019,4.027763002762082e-13,558,5.0,0,0.0,,,PredHPA-r1,poison_flash,216
6160.0,94.91446326902783,0.0,551.8333333333334,301.0,15.129971864751502,9.52821981969685e-15,265,1200.0,0,0.0,,,PredHPA-r1,poison_flash,217
1525.0,27.11294854985956,0.0,449.61944444444447,301.0,9.129971864751502,5.050071413907735e-12,497,20.0,0,0.0,,,PredHPA-r1,poison_flash,218
0.0,0.0,0.0,476.70416666666665,301.0,0.12997186475150113,1.0,408,0.0,0,0.0,,,PredHPA-r1,poison_flash,219
885.0,35.819233231627656,0.0,475.6041666666667,301.0,15.123909735027151,9.030025535442271e-14,493,885.0,0,0.0,,,PredHPA-r1,poison_flash,220
920.0,32.00769045534485,0.0,487.57916666666665,301.0,12.86525745523598,3.3665975190618805e-13,614,775.0,0,0.0,,,PredHPA-r1,poison_flash,221
470.0,17.3213714868236,0.0,508.65277777777777,301.0,9.129971864751502,8.889936424963379e-12,606,470.0,0,0.0,,,PredHPA-r1,poison_flash,222
6160.0,94.89878252415367,0.0,551.8333333333334,301.0,15.129971864751502,9.601649463314832e-15,241,1200.0,0,0.0,,,PredHPA-r1,poison_flash,223
2260.0,53.636897845116714,0.0,466.3361111111111,301.0,15.129971864751502,1.3430720129698634e-13,452,1010.0,0,0.0,,,PredHPA-r1,poison_flash,224
0.0,0.0,0.0,475.94166666666666,301.0,0.12997186475150113,1.0,366,0.0,0,0.0,,,PredHPA-r1,poison_flash,225
700.0,25.12559465628914,0.0,478.4138888888889,301.0,10.727933697022879,3.317692715618059e-12,567,15.0,0,0.0,,,PredHPA-r1,poison_flash,226
25.0,0.6986347765342682,0.0,473.85833333333335,301.0,0.12997186475150113,0.03588025449236533,512,25.0,0,0.0,,,PredHPA-r1,poison_flash,227
245.0,6.1801464209964685,0.0,511.31944444444446,301.0,0.12997186475150113,6.482680721411137e-13,558,245.0,0,0.0,,,PredHPA-r1,poison_flash,228
6160.0,94.88745768563754,0.0,551.8333333333334,301.0,15.129971864751502,1.0246119235822286e-14,243,1200.0,0,0.0,,,PredHPA-r1,poison_flash,229
2790.0,49.63505041246938,0.0,456.33194444444445,301.0,14.892356947634529,0.0,359,631.25,0,0.0,,,HPA-45-r1,storm,200
0.0,0.0,0.0,439.7680555555556,301.0,0.12997186475150113,1.0,590,0.0,0,0.0,,,HPA-45-r1,storm,201
620.0,15.357929883077926,0.0,400.3888888888889,301.0,10.556711323732156,2.4054093762507306e-12,464,191.25,0,0.0,,,HPA-45-r1,storm,202
1840.0,34.794512334060414,0.0,460.7375,301.0,16.714581816006532,0.0,555,510.0,0,0.0,,,HPA-45-r1,storm,203
0.0,0.0,0.0,437.7986111111111,301.0,0.12997186475150113,1.0,561,0.0,0,0.0,,,HPA-45-r1,storm,204
0.0,0.0,0.0,417.5236111111111,301.0,0.12997186475150113,1.0,426,0.0,0,0.0,,,HPA-45-r1,storm,205
0.0,0.0,0.0,403.99444444444447,301.0,0.12997186475150113,1.0,505,0.0,0,0.0,,,HPA-45-r1,storm,206
320.0,3.49969821272188,0.0,452.10833333333335,301.0,0.12997186475150113,7.284608959264724e-05,548,90.0,0,0.0,,,HPA-45-r1,storm,207
35.0,0.43835387753703436,0.0,395.09722222222223,301.0,0.12997186475150113,0.06865360514614165,449,8.75,0,0.0,,,HPA-45-r1,storm,208
475.0,13.741223474331555,0.0,413.1347222222222,301.0,11.39556543286895,1.2139619070679573e-12,487,156.25,0,0.0,,,HPA-45-r1,storm,209
0.0,0.0,0.0,429.4736111111111,301.0,0.12997186475150113,1.0,517,0.0,0,0.0,,,HPA-45-r1,storm,210
1040.0,13.984939958899234,0.0,484.5541666666667,301.0,9.129971864751502,4.063275513120909e-08,585,0.0,0,0.0,,,HPA-45-r1,storm,211
0.0,0.0,0.0,410.0388888888889,301.0,0.12997186475150113,1.0,516,0.0,0,0.0,,,HPA-45-r1,storm,212
0.0,0.0,0.0,406.66527777777776,290.0,0.12997186475150113,1.0,351,0.0,0,0.0,,,HPA-45-r1,storm,213
0.0,0.00571645646909591,0.0,392.10277777777776,301.0,0.12997186475150113,0.9654876943463682,514,0.0,0,0.0,,,HPA-45-r1,storm,214
10.0,0.10119584086791811,0.0,409.4458333333333,301.0,0.12997186475150113,0.8190558868732635,543,2.5,0,0.0,,,HPA-45-r1,storm,215
5.0,0.026991908499474082,0.0,442.0375,301.0,0.12997186475150113,0.7994173006371053,562,1.25,0,0.0,,,HPA-45-r1,storm,216
0.0,0.0,0.0,419.65555555555557,301.0,0.12997186475150113,1.0,408,0.0,0,0.0,,,HPA-45-r1,storm,217
2790.0,49.22945337237721,0.0,457.22777777777776,301.0,15.086088514926542,0.0,375,625.0,0,0.0,,,HPA-45-r1,storm,218
4525.0,71.87847962715475,0.0,474.68055555555554,301.0,14.694580240535725,5.793362045042641e-13,300,917.5,0,0.0,,,HPA-45-r1,storm,219
10.0,0.281250707119729,0.0,400.31805555555553,301.0,0.12997186475150113,0.4966000331918731,472,5.0,0,0.0,,,HPA-45-r1,storm,220
5.0,0.055883438541448616,0.0,437.35833333333335,301.0,0.12997186475150113,0.8699473838565052,713,1.25,0,0.0,,,HPA-45-r1,storm,221
5.0,0.01133966346068549,0.0,408.31111111111113,301.0,0.12997186475150113,0.9279802074869021,395,1.25,0,0.0,,,HPA-45-r1,storm,222
1035.0,14.03779081669867,0.0,483.2013888888889,301.0,9.129971864751502,3.422426225925442e-09,708,0.0,0,0.0,,,HPA-45-r1,storm,223
0.0,0.0,0.0,405.6638888888889,301.0,0.12997186475150113,1.0,494,0.0,0,0.0,,,HPA-45-r1,storm,224
0.0,0.0,0.0,438.51944444444445,301.0,0.12997186475150113,1.0,519,0.0,0,0.0,,,HPA-45-r1,storm,225
5.0,0.010915941142630725,0.0,391.15833333333336,301.0,0.12997186475150113,0.9386277962970108,507,0.0,0,0.0,,,HPA-45-r1,storm,226
0.0,0.0,0.0,410.9277777777778,301.0,0.12997186475150113,1.0,543,0.0,0,0.0,,,HPA-45-r1,storm,227
0.0,0.0,0.0,405.9263888888889,301.0,0.12997186475150113,1.0,458,0.0,0,0.0,,,HPA-45-r1,storm,228
1035.0,13.996961253110996,0.0,485.2888888888889,301.0,9.123151669107154,2.9518534976616815e-10,633,0.0,0,0.0,,,HPA-45-r1,storm,229
20.0,0.35470521553236933,0.0,382.43333333333334,301.0,0.12997186475150113,0.37875065711575573,473,10.0,0,0.0,,,HPA-45-r0,storm,200
0.0,0.0,0.0,412.0263888888889,301.0,0.12997186475150113,1.0,473,0.0,0,0.0,,,HPA-45-r0,storm,201
15.0,0.2807640575947734,0.0,396.15833333333336,301.0,0.12997186475150113,0.5110572358380522,461,7.5,0,0.0,,,HPA-45-r0,storm,202
60.0,2.730488432673228,0.0,404.2055555555556,301.0,0.12997186475150113,3.584242699442973e-06,413,28.75,0,0.0,,,HPA-45-r0,storm,203
0.0,0.0,0.0,409.24444444444447,301.0,0.12997186475150113,1.0,444,0.0,0,0.0,,,HPA-45-r0,storm,204
0.0,0.0,0.0,417.5236111111111,301.0,0.12997186475150113,1.0,426,0.0,0,0.0,,,HPA-45-r0,storm,205
0.0,0.0,0.0,403.99444444444447,301.0,0.12997186475150113,1.0,505,0.0,0,0.0,,,HPA-45-r0,storm,206
10.0,0.09693028877737486,0.0,412.8597222222222,301.0,0.12997186475150113,0.5557788043130907,411,5.0,0,0.0,,,HPA-45-r0,storm,207
35.0,0.4185914299084992,0.0,397.25138888888887,301.0,0.12997186475150113,0.07795901873030588,454,8.75,0,0.0,,,HPA-45-r0,storm,208
30.0,0.8164296634379564,0.0,410.8097222222222,301.0,0.12997186475150113,0.062233613283153535,421,15.0,0,0.0,,,HPA-45-r0,storm,209
0.0,0.015576073935008594,0.0,416.0,301.0,0.12997186475150113,0.9525575272138236,406,0.0,0,0.0,,,HPA-45-r0,storm,210
0.0,0.0,0.0,414.5083333333333,301.0,0.12997186475150113,1.0,431,0.0,0,0.0,,,HPA-45-r0,storm,211
0.0,0.0,0.0,410.0388888888889,301.0,0.12997186475150113,1.0,516,0.0,0,0.0,,,HPA-45-r0,storm,212
0.0,0.0,0.0,409.8277777777778,290.0,0.12997186475150113,1.0,367,0.0,0,0.0,,,HPA-45-r0,storm,213
0.0,0.0046036003405247605,0.0,392.97083333333336,301.0,0.12997186475150113,0.972673009159985,517,0.0,0,0.0,,,HPA-45-r0,storm,214
5.0,0.08300510914062142,0.0,409.75,301.0,0.12997186475150113,0.8190558868732635,539,1.25,0,0.0,,,HPA-45-r0,storm,215
5.0,0.026991908499474082,0.0,413.1986111111111,301.0,0.12997186475150113,0.7994173006371053,455,1.25,0,0.0,,,HPA-45-r0,storm,216
0.0,0.0,0.0,419.65555555555557,301.0,0.12997186475150113,1.0,408,0.0,0,0.0,,,HPA-45-r0,storm,217
20.0,0.4073487725922642,0.0,384.2416666666667,301.0,0.12997186475150113,0.2712888381967653,462,10.0,0,0.0,,,HPA-45-r0,storm,218
5.0,0.078111508917178,0.0,407.06388888888887,301.0,0.12997186475150113,0.6821277778386836,359,2.5,0,0.0,,,HPA-45-r0,storm,219
5.0,0.15036389225848712,0.0,400.31805555555553,301.0,0.12997186475150113,0.5621522411685942,464,2.5,0,0.0,,,HPA-45-r0,storm,220
5.0,0.02933664027920946,0.0,410.6430555555556,301.0,0.12997186475150113,0.9317274148343196,562,1.25,0,0.0,,,HPA-45-r0,storm,221
0.0,0.006235753022398871,0.0,408.31111111111113,301.0,0.12997186475150113,0.9708985466506267,395,0.0,0,0.0,,,HPA-45-r0,storm,222
0.0,0.0,0.0,408.4763888888889,301.0,0.12997186475150113,1.0,544,0.0,0,0.0,,,HPA-45-r0,storm,223
0.0,0.0,0.0,405.6638888888889,301.0,0.12997186475150113,1.0,494,0.0,0,0.0,,,HPA-45-r0,storm,224
0.0,0.0,0.0,412.77916666666664,301.0,0.12997186475150113,1.0,407,0.0,0,0.0,,,HPA-45-r0,storm,225
5.0,0.010915941142630725,0.0,391.39166666666665,301.0,0.12997186475150113,0.9386277962970108,536,0.0,0,0.0,,,HPA-45-r0,storm,226
0.0,0.0,0.0,409.80694444444447,301.0,0.12997186475150113,1.0,546,0.0,0,0.0,,,HPA-45-r0,storm,227
0.0,0.0,0.0,405.9263888888889,301.0,0.12997186475150113,1.0,458,0.0,0,0.0,,,HPA-45-r0,storm,228
0.0,0.003796724497984183,0.0,412.1375,301.0,0.12997186475150113,0.9822162728892332,481,0.0,0,0.0,,,HPA-45-r0,storm,229
0.0,0.0,0.0,413.67083333333335,301.0,0.12997186475150113,1.0,438,0.0,0,0.0,,,PredHPA-r1,storm,200
0.0,0.0,0.0,480.6361111111111,301.0,0.12997186475150113,1.0,301,0.0,0,0.0,,,PredHPA-r1,storm,201
5.0,0.019007134925808078,0.0,475.02777777777777,301.0,0.12997186475150113,0.8868488694401061,618,0.0,0,0.0,,,PredHPA-r1,storm,202
565.0,13.632937995212224,0.0,477.35833333333335,301.0,9.129971864751502,1.1993089945540866e-09,529,177.5,0,0.0,,,PredHPA-r1,storm,203
0.0,0.0,0.0,508.49305555555554,301.0,0.12997186475150113,1.0,565,0.0,0,0.0,,,PredHPA-r1,storm,204
6160.0,94.08820172189071,0.0,551.8333333333334,301.0,14.48024248917474,2.7424866079165983e-12,253,1200.0,0,0.0,,,PredHPA-r1,storm,205
0.0,0.0,0.0,437.925,301.0,0.12997186475150113,1.0,478,0.0,0,0.0,,,PredHPA-r1,storm,206
905.0,11.589251959029056,0.0,488.9458333333333,301.0,8.694580240535725,1.215501530082585e-05,279,236.25,0,0.0,,,PredHPA-r1,storm,207
5.0,0.021356635107006028,0.0,477.3666666666667,301.0,0.12997186475150113,0.8748509230652757,602,0.0,0,0.0,,,PredHPA-r1,storm,208
0.0,0.0,0.0,470.4902777777778,301.0,0.12997186475150113,1.0,509,0.0,0,0.0,,,PredHPA-r1,storm,209
0.0,0.0,0.0,504.22083333333336,301.0,0.12997186475150113,1.0,611,0.0,0,0.0,,,PredHPA-r1,storm,210
6160.0,94.12486647376343,0.0,551.8333333333334,301.0,16.855870576194086,1.6919091033524254e-12,251,1200.0,0,0.0,,,PredHPA-r1,storm,211
0.0,0.0,0.0,438.3027777777778,301.0,0.12997186475150113,1.0,501,0.0,0,0.0,,,PredHPA-r1,storm,212
0.0,0.0,0.0,488.38194444444446,301.0,0.12997186475150113,1.0,358,0.0,0,0.0,,,PredHPA-r1,storm,213
795.0,11.50180147625658,0.0,497.89444444444445,301.0,8.701400436180075,4.93170304821853e-06,619,198.75,0,0.0,,,PredHPA-r1,storm,214
0.0,0.022475348449901844,0.0,471.11944444444447,301.0,0.12997186475150113,0.9510056424889325,580,0.0,0,0.0,,,PredHPA-r1,storm,215
0.0,0.0,0.0,511.6986111111111,301.0,0.12997186475150113,1.0,532,0.0,0,0.0,,,PredHPA-r1,storm,216
6160.0,94.11691770414016,0.0,551.8333333333334,301.0,12.90200639591128,4.8741906380254295e-12,251,1200.0,0,0.0,,,PredHPA-r1,storm,217
0.0,0.0,0.0,423.74861111111113,301.0,0.12997186475150113,1.0,437,0.0,0,0.0,,,PredHPA-r1,storm,218
0.0,0.0,0.0,482.31944444444446,301.0,0.12997186475150113,1.0,380,0.0,0,0.0,,,PredHPA-r1,storm,219
0.0,0.0,0.0,477.48055555555555,301.0,0.12997186475150113,1.0,541,0.0,0,0.0,,,PredHPA-r1,storm,220
0.0,0.0,0.0,482.96666666666664,301.0,0.12997186475150113,1.0,677,0.0,0,0.0,,,PredHPA-r1,storm,221
0.0,0.004215082452152519,0.0,506.9013888888889,301.0,0.12997186475150113,0.9824095220984441,589,0.0,0,0.0,,,PredHPA-r1,storm,222
6160.0,94.0999712782213,0.0,551.8333333333334,301.0,14.892367395829357,1.2676851508076451e-11,284,1200.0,0,0.0,,,PredHPA-r1,storm,223
0.0,0.0,0.0,436.0152777777778,301.0,0.12997186475150113,1.0,514,0.0,0,0.0,,,PredHPA-r1,storm,224
0.0,0.0,0.0,482.12638888888887,301.0,0.12997186475150113,1.0,322,0.0,0,0.0,,,PredHPA-r1,storm,225
10.0,0.02192906423149621,0.0,474.03055555555557,301.0,0.12997186475150113,0.9133613891255989,527,2.5,0,0.0,,,PredHPA-r1,storm,226
0.0,0.0,0.0,466.2972222222222,301.0,0.12997186475150113,1.0,540,0.0,0,0.0,,,PredHPA-r1,storm,227
0.0,0.0,0.0,513.1305555555556,301.0,0.12997186475150113,1.0,503,0.0,0,0.0,,,PredHPA-r1,storm,228
6160.0,94.09141908944298,0.0,551.8333333333334,301.0,17.672589316814936,0.0,255,1200.0,0,0.0,,,PredHPA-r1,storm,229
