slo_viol_s,loss_pct,shed_pct,replica_hours,peak_pods,p95_lat_s,min_avail,scale_actions,mttr_s,n_chaos,chaos_harm_s,attack_det_delay_s,poison_f1,controller,scenario,seed
0.0,0.0,0.0,77.19583333333334,46.0,0.075,1.0,49,0.0,0,0.0,,,HPA-r0,baseline,300
0.0,0.0,0.0,76.74861111111112,54.0,0.075,1.0,52,0.0,0,0.0,,,HPA-r0,baseline,301
15.0,0.1312713936636345,0.0,78.82083333333334,55.0,0.075,0.45536418727537165,63,0.0,0,0.0,,,HPA-r0,baseline,302
0.0,0.0,0.0,78.88194444444444,55.0,0.075,1.0,55,0.0,0,0.0,,,HPA-r0,baseline,303
0.0,0.0,0.0,77.15,47.0,0.075,1.0,47,0.0,0,0.0,,,HPA-r0,baseline,304
15.0,0.16077996912446935,0.0,74.10694444444445,50.0,0.075,0.3642809208429698,62,0.0,0,0.0,,,HPA-r0,baseline,305
0.0,0.0,0.0,75.12777777777778,45.0,0.075,1.0,43,0.0,0,0.0,,,HPA-r0,baseline,306
0.0,0.0,0.0,74.825,51.0,0.075,1.0,42,0.0,0,0.0,,,HPA-r0,baseline,307
15.0,0.04630941094272423,0.0,79.57083333333334,54.0,0.075,0.9136657226200728,60,0.0,0,0.0,,,HPA-r0,baseline,308
0.0,0.0,0.0,78.17361111111111,53.0,0.075,1.0,64,0.0,0,0.0,,,HPA-r0,baseline,309
0.0,0.0036295313557199727,0.0,77.78611111111111,47.0,0.075,0.9830415204214338,56,0.0,0,0.0,,,HPA-r0,baseline,310
10.0,0.11137273224605115,0.0,74.20972222222223,50.0,0.075,0.5437964769769044,60,0.0,0,0.0,,,HPA-r0,baseline,311
0.0,0.0,0.0,75.78055555555555,45.0,0.075,1.0,41,0.0,0,0.0,,,HPA-r0,baseline,312
0.0,0.0,0.0,75.46388888888889,51.0,0.075,1.0,48,0.0,0,0.0,,,HPA-r0,baseline,313
15.0,0.07406107772068848,0.0,78.96805555555555,55.0,0.075,0.7428982441272871,58,0.0,0,0.0,,,HPA-r0,baseline,314
0.0,0.0,0.0,78.8236111111111,57.0,0.075,1.0,57,0.0,0,0.0,,,HPA-r0,baseline,315
0.0,0.0,0.0,77.42222222222222,47.0,0.075,1.0,49,0.0,0,0.0,,,HPA-r0,baseline,316
15.0,0.12878219343553932,0.0,74.07222222222222,50.0,0.075,0.4751577580608003,57,0.0,0,0.0,,,HPA-r0,baseline,317
0.0,0.0,0.0,75.99305555555556,44.0,0.075,1.0,39,0.0,0,0.0,,,HPA-r0,baseline,318
0.0,0.0,0.0,76.75972222222222,57.0,0.075,1.0,51,0.0,0,0.0,,,HPA-r0,baseline,319
30.0,0.18661737196288275,0.0,78.68611111111112,55.0,0.075,0.5343350355603179,59,0.0,0,0.0,,,HPA-r0,baseline,320
0.0,0.0,0.0,79.41666666666667,57.0,0.075,1.0,58,0.0,0,0.0,,,HPA-r0,baseline,321
0.0,0.0,0.0,77.11111111111111,47.0,0.075,1.0,54,0.0,0,0.0,,,HPA-r0,baseline,322
15.0,0.17910255065116676,0.0,75.27361111111111,50.0,0.075,0.3641293266897748,59,0.0,0,0.0,,,HPA-r0,baseline,323
0.0,0.0,0.0,75.09722222222223,44.0,0.075,1.0,48,0.0,0,0.0,,,HPA-r0,baseline,324
0.0,0.0,0.0,75.15972222222223,52.0,0.075,1.0,50,0.0,0,0.0,,,HPA-r0,baseline,325
15.0,0.08377514368819172,0.0,78.68611111111112,54.0,0.075,0.7271389329367809,59,0.0,0,0.0,,,HPA-r0,baseline,326
0.0,0.0,0.0,78.23055555555555,53.0,0.075,1.0,58,0.0,0,0.0,,,HPA-r0,baseline,327
0.0,0.0,0.0,75.92361111111111,46.0,0.075,1.0,52,0.0,0,0.0,,,HPA-r0,baseline,328
5.0,0.02733002847897792,0.0,75.25416666666666,50.0,0.075,0.8994681264985454,52,0.0,0,0.0,,,HPA-r0,baseline,329
0.0,0.0,0.0,75.02777777777777,46.0,0.075,1.0,44,0.0,0,0.0,,,HPA-r0,baseline,330
0.0,0.003774777749265823,0.0,75.62222222222222,51.0,0.075,0.9804368425584322,45,0.0,0,0.0,,,HPA-r0,baseline,331
15.0,0.1405751529506727,0.0,78.29722222222222,55.0,0.075,0.5482657277546208,61,0.0,0,0.0,,,HPA-r0,baseline,332
0.0,0.0,0.0,79.7388888888889,54.0,0.075,1.0,56,0.0,0,0.0,,,HPA-r0,baseline,333
0.0,0.0,0.0,78.08194444444445,48.0,0.075,1.0,55,0.0,0,0.0,,,HPA-r0,baseline,334
10.0,0.03667892559310326,0.0,75.19722222222222,50.0,0.075,0.8692578385434758,58,0.0,0,0.0,,,HPA-r0,baseline,335
0.0,0.0,0.0,75.25833333333334,45.0,0.075,1.0,43,0.0,0,0.0,,,HPA-r0,baseline,336
0.0,0.0009912710067450092,0.0,75.0875,52.0,0.075,0.9947887379957352,47,0.0,0,0.0,,,HPA-r0,baseline,337
15.0,0.06110602512614527,0.0,79.13472222222222,55.0,0.075,0.8823399961801627,58,0.0,0,0.0,,,HPA-r0,baseline,338
0.0,0.0,0.0,79.11111111111111,56.0,0.075,1.0,56,0.0,0,0.0,,,HPA-r0,baseline,339
0.0,0.0,0.0,80.14305555555555,51.0,0.075,1.0,148,0.0,0,0.0,,,HPA-fast-r0,baseline,300
0.0,0.0,0.0,78.20555555555555,59.0,0.075,1.0,119,0.0,0,0.0,,,HPA-fast-r0,baseline,301
0.0,0.0,0.0,82.50972222222222,62.0,0.075,1.0,212,0.0,0,0.0,,,HPA-fast-r0,baseline,302
0.0,0.0,0.0,77.83194444444445,58.0,0.075,1.0,145,0.0,0,0.0,,,HPA-fast-r0,baseline,303
0.0,0.0,0.0,80.8236111111111,56.0,0.075,1.0,152,0.0,0,0.0,,,HPA-fast-r0,baseline,304
0.0,0.0008678370837067462,0.0,78.94305555555556,63.0,0.075,0.9955652218202579,178,0.0,0,0.0,,,HPA-fast-r0,baseline,305
0.0,0.0,0.0,78.92777777777778,51.0,0.075,1.0,123,0.0,0,0.0,,,HPA-fast-r0,baseline,306
0.0,0.0,0.0,77.2625,59.0,0.075,1.0,127,0.0,0,0.0,,,HPA-fast-r0,baseline,307
0.0,0.0,0.0,82.79722222222222,63.0,0.075,1.0,217,0.0,0,0.0,,,HPA-fast-r0,baseline,308
0.0,0.0,0.0,77.11944444444444,59.0,0.075,1.0,122,0.0,0,0.0,,,HPA-fast-r0,baseline,309
0.0,0.0,0.0,80.47361111111111,62.0,0.075,1.0,155,0.0,0,0.0,,,HPA-fast-r0,baseline,310
0.0,0.0,0.0,79.4,63.0,0.075,1.0,188,0.0,0,0.0,,,HPA-fast-r0,baseline,311
0.0,0.0,0.0,79.08888888888889,51.0,0.075,1.0,143,0.0,0,0.0,,,HPA-fast-r0,baseline,312
0.0,0.0,0.0,76.96388888888889,56.0,0.075,1.0,110,0.0,0,0.0,,,HPA-fast-r0,baseline,313
0.0,0.0,0.0,82.95,63.0,0.075,1.0,210,0.0,0,0.0,,,HPA-fast-r0,baseline,314
0.0,0.0,0.0,76.79027777777777,53.0,0.075,1.0,130,0.0,0,0.0,,,HPA-fast-r0,baseline,315
0.0,0.0,0.0,80.74027777777778,56.0,0.075,1.0,147,0.0,0,0.0,,,HPA-fast-r0,baseline,316
0.0,0.0,0.0,79.78333333333333,65.0,0.075,1.0,182,0.0,0,0.0,,,HPA-fast-r0,baseline,317
0.0,0.0,0.0,80.125,55.0,0.075,1.0,157,0.0,0,0.0,,,HPA-fast-r0,baseline,318
0.0,0.0,0.0,78.06666666666666,59.0,0.075,1.0,121,0.0,0,0.0,,,HPA-fast-r0,baseline,319
0.0,0.008589885359056026,0.0,83.31944444444444,62.0,0.075,0.9519575707633596,228,0.0,0,0.0,,,HPA-fast-r0,baseline,320
0.0,0.0,0.0,77.50416666666666,58.0,0.075,1.0,128,0.0,0,0.0,,,HPA-fast-r0,baseline,321
0.0,0.0,0.0,80.31388888888888,56.0,0.075,1.0,147,0.0,0,0.0,,,HPA-fast-r0,baseline,322
0.0,0.0,0.0,80.04444444444445,66.0,0.075,1.0,179,0.0,0,0.0,,,HPA-fast-r0,baseline,323
0.0,0.0,0.0,78.97361111111111,50.0,0.075,1.0,134,0.0,0,0.0,,,HPA-fast-r0,baseline,324
0.0,0.0,0.0,77.53472222222223,56.0,0.075,1.0,120,0.0,0,0.0,,,HPA-fast-r0,baseline,325
0.0,0.0,0.0,82.84305555555555,62.0,0.075,1.0,217,0.0,0,0.0,,,HPA-fast-r0,baseline,326
0.0,0.0,0.0,76.825,55.0,0.075,1.0,129,0.0,0,0.0,,,HPA-fast-r0,baseline,327
0.0,0.0,0.0,80.0375,57.0,0.075,1.0,138,0.0,0,0.0,,,HPA-fast-r0,baseline,328
0.0,0.005044597397108053,0.0,80.01805555555555,66.0,0.075,0.9791026074343421,177,0.0,0,0.0,,,HPA-fast-r0,baseline,329
0.0,0.0,0.0,79.33888888888889,50.0,0.075,1.0,139,0.0,0,0.0,,,HPA-fast-r0,baseline,330
0.0,0.0,0.0,77.79166666666667,58.0,0.075,1.0,119,0.0,0,0.0,,,HPA-fast-r0,baseline,331
0.0,0.0,0.0,82.64722222222223,62.0,0.075,1.0,208,0.0,0,0.0,,,HPA-fast-r0,baseline,332
0.0,0.0,0.0,77.025,58.0,0.075,1.0,131,0.0,0,0.0,,,HPA-fast-r0,baseline,333
0.0,0.0,0.0,80.39861111111111,55.0,0.075,1.0,128,0.0,0,0.0,,,HPA-fast-r0,baseline,334
0.0,0.00120870344570978,0.0,80.26527777777778,64.0,0.075,0.9938283322261666,187,0.0,0,0.0,,,HPA-fast-r0,baseline,335
0.0,0.0,0.0,80.33888888888889,54.0,0.075,1.0,141,0.0,0,0.0,,,HPA-fast-r0,baseline,336
0.0,0.0,0.0,77.84861111111111,61.0,0.075,1.0,130,0.0,0,0.0,,,HPA-fast-r0,baseline,337
0.0,0.0012202366568736522,0.0,83.15833333333333,62.0,0.075,0.9934157213921853,220,0.0,0,0.0,,,HPA-fast-r0,baseline,338
0.0,0.0,0.0,77.13888888888889,60.0,0.075,1.0,131,0.0,0,0.0,,,HPA-fast-r0,baseline,339
0.0,0.0,0.0,97.30972222222222,58.0,0.075,1.0,57,0.0,0,0.0,,,HPA-45-r0,baseline,300
0.0,0.0,0.0,94.38472222222222,67.0,0.075,1.0,56,0.0,0,0.0,,,HPA-45-r0,baseline,301
0.0,0.0,0.0,99.93194444444444,76.0,0.075,1.0,78,0.0,0,0.0,,,HPA-45-r0,baseline,302
0.0,0.0,0.0,98.78333333333333,72.0,0.075,1.0,58,0.0,0,0.0,,,HPA-45-r0,baseline,303
0.0,0.0,0.0,96.17222222222222,59.0,0.075,1.0,51,0.0,0,0.0,,,HPA-45-r0,baseline,304
0.0,0.0,0.0,92.29444444444445,65.0,0.075,1.0,63,0.0,0,0.0,,,HPA-45-r0,baseline,305
0.0,0.0,0.0,94.96944444444445,56.0,0.075,1.0,53,0.0,0,0.0,,,HPA-45-r0,baseline,306
0.0,0.0,0.0,95.69166666666666,67.0,0.075,1.0,55,0.0,0,0.0,,,HPA-45-r0,baseline,307
0.0,0.0,0.0,100.20138888888889,74.0,0.075,1.0,83,0.0,0,0.0,,,HPA-45-r0,baseline,308
0.0,0.0,0.0,98.84444444444445,71.0,0.075,1.0,73,0.0,0,0.0,,,HPA-45-r0,baseline,309
0.0,0.0,0.0,95.99305555555556,58.0,0.075,1.0,57,0.0,0,0.0,,,HPA-45-r0,baseline,310
0.0,0.0,0.0,94.27777777777777,66.0,0.075,1.0,66,0.0,0,0.0,,,HPA-45-r0,baseline,311
0.0,0.0,0.0,94.3625,56.0,0.075,1.0,52,0.0,0,0.0,,,HPA-45-r0,baseline,312
0.0,0.0,0.0,95.21805555555555,65.0,0.075,1.0,59,0.0,0,0.0,,,HPA-45-r0,baseline,313
0.0,0.0,0.0,100.27777777777777,73.0,0.075,1.0,82,0.0,0,0.0,,,HPA-45-r0,baseline,314
0.0,0.0,0.0,98.09583333333333,70.0,0.075,1.0,73,0.0,0,0.0,,,HPA-45-r0,baseline,315
0.0,0.0,0.0,96.21666666666667,59.0,0.075,1.0,59,0.0,0,0.0,,,HPA-45-r0,baseline,316
0.0,0.0,0.0,93.60416666666667,65.0,0.075,1.0,61,0.0,0,0.0,,,HPA-45-r0,baseline,317
0.0,0.0,0.0,95.40694444444445,55.0,0.075,1.0,62,0.0,0,0.0,,,HPA-45-r0,baseline,318
0.0,0.0,0.0,95.02361111111111,67.0,0.075,1.0,66,0.0,0,0.0,,,HPA-45-r0,baseline,319
0.0,0.0,0.0,99.8875,71.0,0.075,1.0,85,0.0,0,0.0,,,HPA-45-r0,baseline,320
0.0,0.0,0.0,99.30833333333334,72.0,0.075,1.0,79,0.0,0,0.0,,,HPA-45-r0,baseline,321
0.0,0.0,0.0,96.40833333333333,59.0,0.075,1.0,54,0.0,0,0.0,,,HPA-45-r0,baseline,322
0.0,0.0,0.0,93.56388888888888,67.0,0.075,1.0,77,0.0,0,0.0,,,HPA-45-r0,baseline,323
0.0,0.0,0.0,95.25833333333334,57.0,0.075,1.0,50,0.0,0,0.0,,,HPA-45-r0,baseline,324
0.0,0.0,0.0,93.54444444444445,67.0,0.075,1.0,61,0.0,0,0.0,,,HPA-45-r0,baseline,325
0.0,0.0,0.0,99.25555555555556,73.0,0.075,1.0,73,0.0,0,0.0,,,HPA-45-r0,baseline,326
0.0,0.0,0.0,98.13333333333334,68.0,0.075,1.0,72,0.0,0,0.0,,,HPA-45-r0,baseline,327
0.0,0.0,0.0,95.61111111111111,58.0,0.075,1.0,58,0.0,0,0.0,,,HPA-45-r0,baseline,328
0.0,0.0,0.0,93.59444444444445,68.0,0.075,1.0,69,0.0,0,0.0,,,HPA-45-r0,baseline,329
0.0,0.0,0.0,96.02361111111111,58.0,0.075,1.0,62,0.0,0,0.0,,,HPA-45-r0,baseline,330
0.0,0.0,0.0,94.68472222222222,68.0,0.075,1.0,61,0.0,0,0.0,,,HPA-45-r0,baseline,331
0.0,0.0,0.0,98.84583333333333,72.0,0.075,1.0,77,0.0,0,0.0,,,HPA-45-r0,baseline,332
0.0,0.0,0.0,98.19166666666666,71.0,0.075,1.0,56,0.0,0,0.0,,,HPA-45-r0,baseline,333
0.0,0.0,0.0,96.76666666666667,60.0,0.075,1.0,54,0.0,0,0.0,,,HPA-45-r0,baseline,334
0.0,0.0,0.0,94.98333333333333,69.0,0.075,1.0,76,0.0,0,0.0,,,HPA-45-r0,baseline,335
0.0,0.0,0.0,93.64722222222223,56.0,0.075,1.0,45,0.0,0,0.0,,,HPA-45-r0,baseline,336
0.0,0.0,0.0,93.59166666666667,67.0,0.075,1.0,57,0.0,0,0.0,,,HPA-45-r0,baseline,337
0.0,0.0,0.0,99.71666666666667,73.0,0.075,1.0,82,0.0,0,0.0,,,HPA-45-r0,baseline,338
0.0,0.0,0.0,100.03333333333333,73.0,0.075,1.0,74,0.0,0,0.0,,,HPA-45-r0,baseline,339
0.0,0.0,0.0,121.93055555555556,77.0,0.075,1.0,105,0.0,0,0.0,,,PredHPA-r0,baseline,300
0.0,0.0,0.0,114.46666666666667,82.0,0.075,1.0,88,0.0,0,0.0,,,PredHPA-r0,baseline,301
0.0,0.0,0.0,128.15972222222223,91.0,0.075,1.0,92,0.0,0,0.0,,,PredHPA-r0,baseline,302
0.0,0.0,0.0,115.4,72.0,0.075,1.0,69,0.0,0,0.0,,,PredHPA-r0,baseline,303
0.0,0.0,0.0,127.85416666666667,88.0,0.075,1.0,105,0.0,0,0.0,,,PredHPA-r0,baseline,304
0.0,0.0,0.0,128.19861111111112,99.0,0.075,1.0,94,0.0,0,0.0,,,PredHPA-r0,baseline,305
0.0,0.0,0.0,120.33333333333333,76.0,0.075,1.0,106,0.0,0,0.0,,,PredHPA-r0,baseline,306
0.0,0.0,0.0,114.98611111111111,82.0,0.075,1.0,84,0.0,0,0.0,,,PredHPA-r0,baseline,307
0.0,0.0,0.0,131.27916666666667,93.0,0.075,1.0,97,0.0,0,0.0,,,PredHPA-r0,baseline,308
0.0,0.0,0.0,116.07222222222222,77.0,0.075,1.0,83,0.0,0,0.0,,,PredHPA-r0,baseline,309
0.0,0.0,0.0,126.7388888888889,85.0,0.075,1.0,97,0.0,0,0.0,,,PredHPA-r0,baseline,310
0.0,0.0,0.0,127.76805555555555,95.0,0.075,1.0,97,0.0,0,0.0,,,PredHPA-r0,baseline,311
0.0,0.0,0.0,120.25972222222222,73.0,0.075,1.0,116,0.0,0,0.0,,,PredHPA-r0,baseline,312
0.0,0.0,0.0,114.31666666666666,77.0,0.075,1.0,82,0.0,0,0.0,,,PredHPA-r0,baseline,313
0.0,0.0,0.0,130.6652777777778,93.0,0.075,1.0,102,0.0,0,0.0,,,PredHPA-r0,baseline,314
0.0,0.0,0.0,115.48611111111111,72.0,0.075,1.0,82,0.0,0,0.0,,,PredHPA-r0,baseline,315
0.0,0.0,0.0,129.52777777777777,90.0,0.075,1.0,101,0.0,0,0.0,,,PredHPA-r0,baseline,316
0.0,0.0,0.0,127.18611111111112,94.0,0.075,1.0,93,0.0,0,0.0,,,PredHPA-r0,baseline,317
0.0,0.0,0.0,123.19027777777778,78.0,0.075,1.0,115,0.0,0,0.0,,,PredHPA-r0,baseline,318
0.0,0.0,0.0,114.98194444444445,83.0,0.075,1.0,90,0.0,0,0.0,,,PredHPA-r0,baseline,319
0.0,0.0,0.0,130.95694444444445,93.0,0.075,1.0,97,0.0,0,0.0,,,PredHPA-r0,baseline,320
0.0,0.0,0.0,116.18055555555556,75.0,0.075,1.0,74,0.0,0,0.0,,,PredHPA-r0,baseline,321
0.0,0.0,0.0,126.67777777777778,84.0,0.075,1.0,89,0.0,0,0.0,,,PredHPA-r0,baseline,322
0.0,0.0,0.0,127.30416666666666,95.0,0.075,1.0,98,0.0,0,0.0,,,PredHPA-r0,baseline,323
0.0,0.0,0.0,119.81111111111112,72.0,0.075,1.0,105,0.0,0,0.0,,,PredHPA-r0,baseline,324
0.0,0.0,0.0,113.40833333333333,78.0,0.075,1.0,89,0.0,0,0.0,,,PredHPA-r0,baseline,325
0.0,0.0,0.0,129.82916666666668,94.0,0.075,1.0,98,0.0,0,0.0,,,PredHPA-r0,baseline,326
0.0,0.0,0.0,114.81388888888888,72.0,0.075,1.0,75,0.0,0,0.0,,,PredHPA-r0,baseline,327
0.0,0.0,0.0,125.20694444444445,86.0,0.075,1.0,93,0.0,0,0.0,,,PredHPA-r0,baseline,328
0.0,0.0,0.0,126.44444444444444,94.0,0.075,1.0,102,0.0,0,0.0,,,PredHPA-r0,baseline,329
0.0,0.0,0.0,120.49722222222222,72.0,0.075,1.0,106,0.0,0,0.0,,,PredHPA-r0,baseline,330
0.0,0.0,0.0,114.49861111111112,81.0,0.075,1.0,91,0.0,0,0.0,,,PredHPA-r0,baseline,331
0.0,0.0,0.0,128.5375,92.0,0.075,1.0,97,0.0,0,0.0,,,PredHPA-r0,baseline,332
0.0,0.0,0.0,118.01527777777778,77.0,0.075,1.0,73,0.0,0,0.0,,,PredHPA-r0,baseline,333
0.0,0.0,0.0,126.49166666666666,91.0,0.075,1.0,100,0.0,0,0.0,,,PredHPA-r0,baseline,334
0.0,0.0,0.0,129.31944444444446,94.0,0.075,1.0,99,0.0,0,0.0,,,PredHPA-r0,baseline,335
0.0,0.0,0.0,122.24027777777778,78.0,0.075,1.0,108,0.0,0,0.0,,,PredHPA-r0,baseline,336
0.0,0.0,0.0,115.28194444444445,86.0,0.075,1.0,89,0.0,0,0.0,,,PredHPA-r0,baseline,337
0.0,0.0,0.0,127.1,91.0,0.075,1.0,95,0.0,0,0.0,,,PredHPA-r0,baseline,338
0.0,0.0,0.0,117.03333333333333,77.0,0.075,1.0,77,0.0,0,0.0,,,PredHPA-r0,baseline,339
0.0,0.0,0.0,122.85138888888889,77.0,0.075,1.0,108,0.0,0,0.0,,,PredHPA-r1,baseline,300
0.0,0.0,0.0,114.46666666666667,82.0,0.075,1.0,88,0.0,0,0.0,,,PredHPA-r1,baseline,301
0.0,0.0,0.0,128.15972222222223,91.0,0.075,1.0,92,0.0,0,0.0,,,PredHPA-r1,baseline,302
0.0,0.0,0.0,115.4,72.0,0.075,1.0,69,0.0,0,0.0,,,PredHPA-r1,baseline,303
0.0,0.0,0.0,127.85416666666667,88.0,0.075,1.0,105,0.0,0,0.0,,,PredHPA-r1,baseline,304
0.0,0.0,0.0,128.60694444444445,98.0,0.075,1.0,96,0.0,0,0.0,,,PredHPA-r1,baseline,305
0.0,0.0,0.0,122.33611111111111,80.0,0.075,1.0,112,0.0,0,0.0,,,PredHPA-r1,baseline,306
0.0,0.0,0.0,114.98611111111111,82.0,0.075,1.0,84,0.0,0,0.0,,,PredHPA-r1,baseline,307
0.0,0.0,0.0,131.27916666666667,93.0,0.075,1.0,97,0.0,0,0.0,,,PredHPA-r1,baseline,308
0.0,0.0,0.0,116.07222222222222,77.0,0.075,1.0,83,0.0,0,0.0,,,PredHPA-r1,baseline,309
0.0,0.0,0.0,126.7388888888889,85.0,0.075,1.0,97,0.0,0,0.0,,,PredHPA-r1,baseline,310
0.0,0.0,0.0,127.69444444444444,95.0,0.075,1.0,94,0.0,0,0.0,,,PredHPA-r1,baseline,311
0.0,0.0,0.0,121.53888888888889,83.0,0.075,1.0,117,0.0,0,0.0,,,PredHPA-r1,baseline,312
0.0,0.0,0.0,114.31666666666666,77.0,0.075,1.0,82,0.0,0,0.0,,,PredHPA-r1,baseline,313
0.0,0.0,0.0,130.6652777777778,93.0,0.075,1.0,102,0.0,0,0.0,,,PredHPA-r1,baseline,314
0.0,0.0,0.0,115.48611111111111,72.0,0.075,1.0,82,0.0,0,0.0,,,PredHPA-r1,baseline,315
0.0,0.0,0.0,129.52777777777777,90.0,0.075,1.0,101,0.0,0,0.0,,,PredHPA-r1,baseline,316
0.0,0.0,0.0,129.2111111111111,95.0,0.075,1.0,100,0.0,0,0.0,,,PredHPA-r1,baseline,317
0.0,0.0,0.0,123.40277777777777,78.0,0.075,1.0,113,0.0,0,0.0,,,PredHPA-r1,baseline,318
0.0,0.0,0.0,114.98194444444445,83.0,0.075,1.0,90,0.0,0,0.0,,,PredHPA-r1,baseline,319
0.0,0.0,0.0,130.95694444444445,93.0,0.075,1.0,97,0.0,0,0.0,,,PredHPA-r1,baseline,320
0.0,0.0,0.0,116.18055555555556,75.0,0.075,1.0,74,0.0,0,0.0,,,PredHPA-r1,baseline,321
0.0,0.0,0.0,126.67777777777778,84.0,0.075,1.0,89,0.0,0,0.0,,,PredHPA-r1,baseline,322
0.0,0.0,0.0,129.0,96.0,0.075,1.0,106,0.0,0,0.0,,,PredHPA-r1,baseline,323
0.0,0.0,0.0,121.20138888888889,84.0,0.075,1.0,99,0.0,0,0.0,,,PredHPA-r1,baseline,324
0.0,0.0,0.0,113.40833333333333,78.0,0.075,1.0,90,0.0,0,0.0,,,PredHPA-r1,baseline,325
0.0,0.0,0.0,129.82916666666668,94.0,0.075,1.0,98,0.0,0,0.0,,,PredHPA-r1,baseline,326
0.0,0.0,0.0,114.81388888888888,72.0,0.075,1.0,75,0.0,0,0.0,,,PredHPA-r1,baseline,327
0.0,0.0,0.0,125.20694444444445,86.0,0.075,1.0,93,0.0,0,0.0,,,PredHPA-r1,baseline,328
0.0,0.0,0.0,127.6986111111111,95.0,0.075,1.0,113,0.0,0,0.0,,,PredHPA-r1,baseline,329
0.0,0.0,0.0,120.27916666666667,72.0,0.075,1.0,105,0.0,0,0.0,,,PredHPA-r1,baseline,330
0.0,0.0,0.0,114.49861111111112,81.0,0.075,1.0,91,0.0,0,0.0,,,PredHPA-r1,baseline,331
0.0,0.0,0.0,128.5375,92.0,0.075,1.0,97,0.0,0,0.0,,,PredHPA-r1,baseline,332
0.0,0.0,0.0,118.01527777777778,77.0,0.075,1.0,73,0.0,0,0.0,,,PredHPA-r1,baseline,333
0.0,0.0,0.0,126.49166666666666,91.0,0.075,1.0,100,0.0,0,0.0,,,PredHPA-r1,baseline,334
0.0,0.0,0.0,131.16666666666666,95.0,0.075,1.0,102,0.0,0,0.0,,,PredHPA-r1,baseline,335
0.0,0.0,0.0,124.14027777777778,84.0,0.075,1.0,118,0.0,0,0.0,,,PredHPA-r1,baseline,336
0.0,0.0,0.0,115.28194444444445,86.0,0.075,1.0,90,0.0,0,0.0,,,PredHPA-r1,baseline,337
0.0,0.0,0.0,127.1,91.0,0.075,1.0,95,0.0,0,0.0,,,PredHPA-r1,baseline,338
0.0,0.0,0.0,117.03333333333333,77.0,0.075,1.0,77,0.0,0,0.0,,,PredHPA-r1,baseline,339
0.0,0.0,0.0,105.26527777777778,85.0,0.075,1.0,870,0.0,11,0.0,,,ARC,baseline,300
0.0,0.0,0.0,97.95694444444445,86.0,0.075,1.0,797,0.0,11,0.0,,,ARC,baseline,301
5.0,0.03319399319868799,0.0,108.33888888888889,98.0,0.075,0.8674707116603074,911,0.0,11,0.0,,,ARC,baseline,302
0.0,0.0,0.0,94.96111111111111,80.0,0.075,1.0,759,0.0,11,0.0,,,ARC,baseline,303
0.0,0.0,0.0,114.10138888888889,107.0,0.075,1.0,823,0.0,11,0.0,,,ARC,baseline,304
10.0,0.1435698346708536,0.0,101.09444444444445,103.0,0.075,0.4531814048509701,910,0.0,11,0.0,,,ARC,baseline,305
0.0,0.0,0.0,100.09861111111111,81.0,0.075,1.0,782,0.0,11,0.0,,,ARC,baseline,306
0.0,0.0,0.0,94.58333333333333,88.0,0.075,1.0,797,0.0,11,0.0,,,ARC,baseline,307
10.0,0.0463038573037422,0.0,107.09722222222223,101.0,0.075,0.8307430913401098,910,0.0,11,0.0,,,ARC,baseline,308
0.0,0.0,0.0,91.06111111111112,73.0,0.075,1.0,697,0.0,11,0.0,,,ARC,baseline,309
35.0,0.20862722851767712,0.0,100.3638888888889,91.0,0.075,0.23921027568207723,788,0.0,11,0.0,,,ARC,baseline,310
0.0,0.008327249628381495,0.0,104.77916666666667,108.0,0.075,0.9740429032684723,991,0.0,10,0.0,,,ARC,baseline,311
0.0,0.0,0.0,100.35416666666667,85.0,0.075,1.0,872,0.0,11,0.0,,,ARC,baseline,312
0.0,0.0,0.0,94.61666666666666,86.0,0.075,1.0,787,0.0,11,0.0,,,ARC,baseline,313
40.0,0.35389115995040354,0.0,101.2,97.0,0.075,0.21563166509546994,864,0.0,11,0.0,,,ARC,baseline,314
0.0,0.0,0.0,100.60555555555555,87.0,0.075,1.0,793,0.0,11,0.0,,,ARC,baseline,315
20.0,0.06780575696779811,0.0,110.09583333333333,104.0,0.075,0.8352684652746485,851,0.0,11,0.0,,,ARC,baseline,316
15.0,0.15321876212588403,0.0,100.40416666666667,97.0,0.075,0.5196662871315737,921,0.0,11,0.0,,,ARC,baseline,317
0.0,0.0,0.0,106.25833333333334,88.0,0.075,1.0,878,0.0,11,0.0,,,ARC,baseline,318
0.0,0.0,0.0,99.84583333333333,89.0,0.075,1.0,821,0.0,11,0.0,,,ARC,baseline,319
60.0,0.9099058633021961,0.0,106.24166666666666,103.0,0.075,0.02658772040272008,904,0.0,11,10.0,,,ARC,baseline,320
0.0,0.0,0.0,99.875,80.0,0.075,1.0,764,0.0,11,0.0,,,ARC,baseline,321
10.0,0.10977215904326432,0.0,104.98333333333333,94.0,0.075,0.41913338577268267,772,0.0,11,0.0,,,ARC,baseline,322
5.0,0.0287986958580011,0.0,106.0625,107.0,0.075,0.8784165777964245,960,0.0,11,0.0,,,ARC,baseline,323
0.0,0.0,0.0,107.15416666666667,87.0,0.075,1.0,902,0.0,11,0.0,,,ARC,baseline,324
0.0,0.0,0.0,95.16805555555555,83.0,0.075,1.0,817,0.0,11,0.0,,,ARC,baseline,325
5.0,0.016228364250059357,0.0,106.85277777777777,103.0,0.075,0.9216952159824378,883,0.0,11,0.0,,,ARC,baseline,326
0.0,0.0,0.0,101.94444444444444,85.0,0.075,1.0,807,0.0,11,0.0,,,ARC,baseline,327
0.0,0.0,0.0,104.825,97.0,0.075,1.0,822,0.0,11,0.0,,,ARC,baseline,328
10.0,0.03436006482721021,0.0,107.96527777777777,113.0,0.075,0.9214577735371103,953,0.0,10,0.0,,,ARC,baseline,329
0.0,0.0,0.0,107.02916666666667,87.0,0.075,1.0,852,0.0,11,0.0,,,ARC,baseline,330
0.0,0.0,0.0,94.4486111111111,88.0,0.075,1.0,761,0.0,11,0.0,,,ARC,baseline,331
15.0,0.12055453040198394,0.0,104.20277777777778,96.0,0.075,0.6182173665110556,845,0.0,11,0.0,,,ARC,baseline,332
0.0,0.0,0.0,100.0375,84.0,0.075,1.0,748,0.0,11,0.0,,,ARC,baseline,333
10.0,0.030627054312215574,0.0,100.20972222222223,92.0,0.075,0.8890990322508973,820,0.0,11,0.0,,,ARC,baseline,334
10.0,0.04804463508013557,0.0,104.78194444444445,100.0,0.075,0.8871041040999651,970,0.0,11,0.0,,,ARC,baseline,335
0.0,0.0,0.0,102.7375,85.0,0.075,1.0,848,0.0,11,0.0,,,ARC,baseline,336
0.0,0.0,0.0,99.41388888888889,93.0,0.075,1.0,788,0.0,11,0.0,,,ARC,baseline,337
20.0,0.1159297068930476,0.0,100.47361111111111,96.0,0.075,0.6907682049408405,843,0.0,11,0.0,,,ARC,baseline,338
0.0,0.0,0.0,91.55694444444444,74.0,0.075,1.0,757,0.0,11,0.0,,,ARC,baseline,339
0.0,0.0,0.0,105.26527777777778,85.0,0.075,1.0,870,0.0,11,0.0,,,ARC-r0,baseline,300
0.0,0.0,0.0,97.95694444444445,86.0,0.075,1.0,797,0.0,11,0.0,,,ARC-r0,baseline,301
5.0,0.026449987727228397,0.0,108.33888888888889,98.0,0.075,0.8977070040831924,911,0.0,11,0.0,,,ARC-r0,baseline,302
0.0,0.0,0.0,94.96111111111111,80.0,0.075,1.0,759,0.0,11,0.0,,,ARC-r0,baseline,303
0.0,0.0,0.0,114.10138888888889,107.0,0.075,1.0,823,0.0,11,0.0,,,ARC-r0,baseline,304
10.0,0.05257070578966738,0.0,101.825,110.0,0.075,0.8676013143872935,919,0.0,10,0.0,,,ARC-r0,baseline,305
0.0,0.0,0.0,99.33472222222223,80.0,0.075,1.0,814,0.0,11,0.0,,,ARC-r0,baseline,306
0.0,0.0,0.0,94.58333333333333,88.0,0.075,1.0,797,0.0,11,0.0,,,ARC-r0,baseline,307
10.0,0.0463038573037422,0.0,107.09722222222223,101.0,0.075,0.8307430913401098,910,0.0,11,0.0,,,ARC-r0,baseline,308
0.0,0.0,0.0,91.06111111111112,73.0,0.075,1.0,697,0.0,11,0.0,,,ARC-r0,baseline,309
20.0,0.05593963062732188,0.0,100.3625,91.0,0.075,0.8846680635445447,790,0.0,11,0.0,,,ARC-r0,baseline,310
0.0,0.0076171891765342,0.0,104.77916666666667,108.0,0.075,0.9740429032684723,991,0.0,10,0.0,,,ARC-r0,baseline,311
0.0,0.0,0.0,100.35416666666667,85.0,0.075,1.0,872,0.0,11,0.0,,,ARC-r0,baseline,312
0.0,0.0,0.0,94.61666666666666,86.0,0.075,1.0,787,0.0,11,0.0,,,ARC-r0,baseline,313
25.0,0.20854543413543203,0.0,101.27638888888889,97.0,0.075,0.43773571507184345,865,0.0,11,0.0,,,ARC-r0,baseline,314
0.0,0.0,0.0,100.60555555555555,87.0,0.075,1.0,793,0.0,11,0.0,,,ARC-r0,baseline,315
10.0,0.043051837055796405,0.0,110.09305555555555,104.0,0.075,0.8352684652746485,851,0.0,11,0.0,,,ARC-r0,baseline,316
15.0,0.07725184261089257,0.0,100.40138888888889,97.0,0.075,0.8421818113171683,921,0.0,11,0.0,,,ARC-r0,baseline,317
0.0,0.0,0.0,106.25833333333334,88.0,0.075,1.0,878,0.0,11,0.0,,,ARC-r0,baseline,318
0.0,0.0,0.0,99.84583333333333,89.0,0.075,1.0,821,0.0,11,0.0,,,ARC-r0,baseline,319
55.0,0.5946727484923198,0.0,106.25277777777778,104.0,0.075,0.054537774800490074,902,0.0,11,10.0,,,ARC-r0,baseline,320
0.0,0.0,0.0,99.875,80.0,0.075,1.0,764,0.0,11,0.0,,,ARC-r0,baseline,321
10.0,0.058539722912398506,0.0,103.05972222222222,93.0,0.075,0.7400678943339628,771,0.0,11,0.0,,,ARC-r0,baseline,322
5.0,0.0287986958580011,0.0,106.0625,107.0,0.075,0.8784165777964245,960,0.0,11,0.0,,,ARC-r0,baseline,323
0.0,0.0,0.0,105.08888888888889,82.0,0.075,1.0,882,0.0,11,0.0,,,ARC-r0,baseline,324
0.0,0.0,0.0,95.16805555555555,83.0,0.075,1.0,817,0.0,11,0.0,,,ARC-r0,baseline,325
0.0,0.010095138785404245,0.0,106.85277777777777,103.0,0.075,0.9611463071537836,883,0.0,11,0.0,,,ARC-r0,baseline,326
0.0,0.0,0.0,101.94444444444444,85.0,0.075,1.0,807,0.0,11,0.0,,,ARC-r0,baseline,327
0.0,0.0,0.0,104.825,97.0,0.075,1.0,822,0.0,11,0.0,,,ARC-r0,baseline,328
5.0,0.023065725440840623,0.0,107.96527777777777,113.0,0.075,0.9214577735371103,953,0.0,10,0.0,,,ARC-r0,baseline,329
0.0,0.0,0.0,107.02916666666667,87.0,0.075,1.0,852,0.0,11,0.0,,,ARC-r0,baseline,330
0.0,0.0,0.0,94.4486111111111,88.0,0.075,1.0,761,0.0,11,0.0,,,ARC-r0,baseline,331
15.0,0.11535159389522986,0.0,104.20277777777778,96.0,0.075,0.6182173665110556,845,0.0,11,0.0,,,ARC-r0,baseline,332
0.0,0.0,0.0,100.0375,84.0,0.075,1.0,748,0.0,11,0.0,,,ARC-r0,baseline,333
10.0,0.026218604496797138,0.0,100.20972222222223,92.0,0.075,0.8890990322508973,820,0.0,11,0.0,,,ARC-r0,baseline,334
10.0,0.04804463508013557,0.0,104.78194444444445,100.0,0.075,0.8871041040999651,970,0.0,11,0.0,,,ARC-r0,baseline,335
0.0,0.0,0.0,102.7375,85.0,0.075,1.0,848,0.0,11,0.0,,,ARC-r0,baseline,336
0.0,0.0,0.0,99.41388888888889,93.0,0.075,1.0,788,0.0,11,0.0,,,ARC-r0,baseline,337
20.0,0.12154447596416373,0.0,100.51527777777778,96.0,0.075,0.6907682049408405,843,0.0,11,0.0,,,ARC-r0,baseline,338
0.0,0.0,0.0,91.55694444444444,74.0,0.075,1.0,757,0.0,11,0.0,,,ARC-r0,baseline,339
0.0,0.0,0.0,105.26527777777778,85.0,0.075,1.0,870,0.0,11,0.0,,,ARC-r1,baseline,300
0.0,0.0,0.0,97.95694444444445,86.0,0.075,1.0,797,0.0,11,0.0,,,ARC-r1,baseline,301
5.0,0.03282927932990454,0.0,108.33888888888889,98.0,0.075,0.8683226252720959,911,0.0,11,0.0,,,ARC-r1,baseline,302
0.0,0.0,0.0,94.96111111111111,80.0,0.075,1.0,759,0.0,11,0.0,,,ARC-r1,baseline,303
0.0,0.0,0.0,114.10138888888889,107.0,0.075,1.0,823,0.0,11,0.0,,,ARC-r1,baseline,304
10.0,0.13642377340863376,0.0,101.09444444444445,103.0,0.075,0.4857253434385997,910,0.0,11,0.0,,,ARC-r1,baseline,305
0.0,0.0,0.0,100.09861111111111,81.0,0.075,1.0,782,0.0,11,0.0,,,ARC-r1,baseline,306
0.0,0.0,0.0,94.58333333333333,88.0,0.075,1.0,797,0.0,11,0.0,,,ARC-r1,baseline,307
10.0,0.0463038573037422,0.0,107.09722222222223,101.0,0.075,0.8307430913401098,910,0.0,11,0.0,,,ARC-r1,baseline,308
0.0,0.0,0.0,91.06111111111112,73.0,0.075,1.0,697,0.0,11,0.0,,,ARC-r1,baseline,309
35.0,0.18980999864198767,0.0,100.3638888888889,91.0,0.075,0.27147619867174533,788,0.0,11,0.0,,,ARC-r1,baseline,310
0.0,0.008144845115942712,0.0,104.77916666666667,108.0,0.075,0.9740429032684723,991,0.0,10,0.0,,,ARC-r1,baseline,311
0.0,0.0,0.0,100.35416666666667,85.0,0.075,1.0,872,0.0,11,0.0,,,ARC-r1,baseline,312
0.0,0.0,0.0,94.61666666666666,86.0,0.075,1.0,787,0.0,11,0.0,,,ARC-r1,baseline,313
40.0,0.3324080534768181,0.0,101.2,97.0,0.075,0.22677026491609045,864,0.0,11,0.0,,,ARC-r1,baseline,314
0.0,0.0,0.0,100.60555555555555,87.0,0.075,1.0,793,0.0,11,0.0,,,ARC-r1,baseline,315
20.0,0.06440516084890158,0.0,110.09583333333333,104.0,0.075,0.8352684652746485,851,0.0,11,0.0,,,ARC-r1,baseline,316
15.0,0.147996357352298,0.0,100.40416666666667,97.0,0.075,0.5418378668641207,921,0.0,11,0.0,,,ARC-r1,baseline,317
0.0,0.0,0.0,106.25833333333334,88.0,0.075,1.0,878,0.0,11,0.0,,,ARC-r1,baseline,318
0.0,0.0,0.0,99.84583333333333,89.0,0.075,1.0,821,0.0,11,0.0,,,ARC-r1,baseline,319
60.0,0.8924932868137114,0.0,106.24166666666666,103.0,0.075,0.034227768781637184,904,0.0,11,10.0,,,ARC-r1,baseline,320
0.0,0.0,0.0,99.875,80.0,0.075,1.0,764,0.0,11,0.0,,,ARC-r1,baseline,321
10.0,0.106998811606418,0.0,104.98333333333333,94.0,0.075,0.4357965443998005,772,0.0,11,0.0,,,ARC-r1,baseline,322
5.0,0.0287986958580011,0.0,106.0625,107.0,0.075,0.8784165777964245,960,0.0,11,0.0,,,ARC-r1,baseline,323
0.0,0.0,0.0,106.82638888888889,87.0,0.075,1.0,905,0.0,11,0.0,,,ARC-r1,baseline,324
0.0,0.0,0.0,95.16805555555555,83.0,0.075,1.0,817,0.0,11,0.0,,,ARC-r1,baseline,325
5.0,0.0156016542278814,0.0,106.85277777777777,103.0,0.075,0.9227410205683884,883,0.0,11,0.0,,,ARC-r1,baseline,326
0.0,0.0,0.0,101.94444444444444,85.0,0.075,1.0,807,0.0,11,0.0,,,ARC-r1,baseline,327
0.0,0.0,0.0,104.825,97.0,0.075,1.0,822,0.0,11,0.0,,,ARC-r1,baseline,328
10.0,0.034269520061447345,0.0,107.96527777777777,113.0,0.075,0.9214577735371103,953,0.0,10,0.0,,,ARC-r1,baseline,329
0.0,0.0,0.0,107.02916666666667,87.0,0.075,1.0,852,0.0,11,0.0,,,ARC-r1,baseline,330
0.0,0.0,0.0,94.4486111111111,88.0,0.075,1.0,761,0.0,11,0.0,,,ARC-r1,baseline,331
15.0,0.12026731402562385,0.0,104.20277777777778,96.0,0.075,0.6182173665110556,845,0.0,11,0.0,,,ARC-r1,baseline,332
0.0,0.0,0.0,100.0375,84.0,0.075,1.0,748,0.0,11,0.0,,,ARC-r1,baseline,333
10.0,0.030406367771773635,0.0,100.20972222222223,92.0,0.075,0.8890990322508973,820,0.0,11,0.0,,,ARC-r1,baseline,334
10.0,0.04804463508013557,0.0,104.78194444444445,100.0,0.075,0.8871041040999651,970,0.0,11,0.0,,,ARC-r1,baseline,335
0.0,0.0,0.0,102.7375,85.0,0.075,1.0,848,0.0,11,0.0,,,ARC-r1,baseline,336
0.0,0.0,0.0,99.41388888888889,93.0,0.075,1.0,788,0.0,11,0.0,,,ARC-r1,baseline,337
20.0,0.1142963335467595,0.0,100.50416666666666,96.0,0.075,0.6907682049408405,844,0.0,11,0.0,,,ARC-r1,baseline,338
0.0,0.0,0.0,91.55694444444444,74.0,0.075,1.0,757,0.0,11,0.0,,,ARC-r1,baseline,339
65.0,2.6237887188746423,0.0,110.3638888888889,120.0,0.075,0.0006492883868488425,129,65.0,0,0.0,,,HPA-r0,flash,300
60.0,1.2069472128083847,0.0,105.05277777777778,105.0,0.075,0.00964010469061017,105,60.0,0,0.0,,,HPA-r0,flash,301
30.0,1.0399382321620743,0.0,99.26388888888889,99.0,0.0750000000000001,0.028821250457048024,99,20.0,0,0.0,,,HPA-r0,flash,302
25.0,0.711045660961851,0.0,95.74861111111112,83.0,0.075,0.0389813255080165,93,25.0,0,0.0,,,HPA-r0,flash,303
20.0,0.22526135983440554,0.0,106.4,120.0,0.07500000000000005,0.5055107506896281,117,15.0,0,0.0,,,HPA-r0,flash,304
35.0,0.8736750208205413,0.0,96.90555555555555,94.0,0.075,0.009435245976782336,106,20.0,0,0.0,,,HPA-r0,flash,305
75.0,3.602710624856975,0.0,107.8638888888889,120.0,0.075,0.0020039405080100586,131,75.0,0,0.0,,,HPA-r0,flash,306
30.0,0.6354579421642192,0.0,96.39583333333333,86.0,0.075,0.02028175667907757,97,30.0,0,0.0,,,HPA-r0,flash,307
70.0,1.7093418540560235,0.0,106.59027777777777,120.0,0.075,0.003617867431545365,117,45.0,0,0.0,,,HPA-r0,flash,308
30.0,0.9766258672308625,0.0,95.78472222222223,85.0,0.075,0.03362402904678532,96,30.0,0,0.0,,,HPA-r0,flash,309
35.0,0.5210619162987595,0.0,100.3125,89.0,0.075,0.32889366155146077,93,20.0,0,0.0,,,HPA-r0,flash,310
60.0,1.5941649632676747,0.0,97.84027777777777,95.0,0.075,0.0020128226727421637,109,55.0,0,0.0,,,HPA-r0,flash,311
75.0,2.7374168217829675,0.0,108.35833333333333,120.0,0.07500000000000007,0.003020807858159679,109,55.0,0,0.0,,,HPA-r0,flash,312
65.0,1.792830955767144,0.0,104.46805555555555,106.0,0.075,0.00033469322276037634,100,65.0,0,0.0,,,HPA-r0,flash,313
45.0,0.5124389471235835,0.0,104.73333333333333,120.0,0.075,0.19322605045450025,129,5.0,0,0.0,,,HPA-r0,flash,314
15.0,0.06176060389561089,0.0,107.64444444444445,120.0,0.075,0.8784356364360048,119,15.0,0,0.0,,,HPA-r0,flash,315
65.0,2.2048487202346645,0.0,106.225,114.0,0.075,0.0032597276999468162,109,65.0,0,0.0,,,HPA-r0,flash,316
60.0,1.6511044977250422,0.0,99.06805555555556,101.0,0.075,0.0012847696625076593,112,55.0,0,0.0,,,HPA-r0,flash,317
35.0,0.8145354052446541,0.0,108.18472222222222,115.0,0.075,0.08705676569018243,106,5.0,0,0.0,,,HPA-r0,flash,318
85.0,2.528649090668089,0.0,107.21805555555555,112.0,0.07500000000000008,0.0027906030554942416,115,85.0,0,0.0,,,HPA-r0,flash,319
75.0,2.158295237911345,0.0,106.47083333333333,120.0,0.075,0.0012856531915127246,123,50.0,0,0.0,,,HPA-r0,flash,320
15.0,0.1737069446402728,0.0,107.55833333333334,120.0,0.075,0.6536736516450546,113,15.0,0,0.0,,,HPA-r0,flash,321
20.0,0.14720305993096705,0.0,104.19444444444444,106.0,0.075,0.7533381998359931,106,25.0,0,0.0,,,HPA-r0,flash,322
60.0,1.482931488970829,0.0,104.04861111111111,113.0,0.075,0.01757350706802425,134,50.0,0,0.0,,,HPA-r0,flash,323
55.0,1.5810311051423165,0.0,107.31666666666666,120.0,0.075,0.0316905628388444,112,55.0,0,0.0,,,HPA-r0,flash,324
60.0,1.6718485356204127,0.0,106.46805555555555,109.0,0.075,0.011300659532393871,109,70.0,0,0.0,,,HPA-r0,flash,325
50.0,1.4032164413378845,0.0,106.6763888888889,120.0,0.07500000000000004,0.002076847022787692,121,35.0,0,0.0,,,HPA-r0,flash,326
15.0,0.04148753586863396,0.0,95.0125,80.0,0.075,0.9017132413925322,86,15.0,0,0.0,,,HPA-r0,flash,327
60.0,1.6497242302751847,0.0,100.86111111111111,93.0,0.075,0.02792096497218952,92,60.0,0,0.0,,,HPA-r0,flash,328
20.0,0.11503345152880096,0.0,98.09861111111111,96.0,0.075,0.8531858723816201,119,10.0,0,0.0,,,HPA-r0,flash,329
30.0,0.7651937772980011,0.0,105.51805555555555,113.0,0.075,0.022400859708151793,115,40.0,0,0.0,,,HPA-r0,flash,330
10.0,0.047218315572106206,0.0,95.95972222222223,83.0,0.075,0.8943610823190069,92,10.0,0,0.0,,,HPA-r0,flash,331
55.0,0.9824056380215995,0.0,104.65972222222223,120.0,0.07500000000000005,0.03306801335010025,120,45.0,0,0.0,,,HPA-r0,flash,332
15.0,0.0648695958450074,0.0,104.41111111111111,120.0,0.075,0.8749040048492291,125,15.0,0,0.0,,,HPA-r0,flash,333
50.0,2.078279900144109,0.0,102.40138888888889,99.0,0.075,0.0007188624320767386,107,45.0,0,0.0,,,HPA-r0,flash,334
80.0,3.036294403248818,0.0,106.26805555555555,120.0,0.075,0.0006634927898869005,123,70.0,0,0.0,,,HPA-r0,flash,335
45.0,1.6740606609231934,0.0,109.3625,120.0,0.07500000000000007,0.032757892036418795,110,30.0,0,0.0,,,HPA-r0,flash,336
40.0,0.6627702366175159,0.0,105.52916666666667,110.0,0.075,0.2489443534985957,111,50.0,0,0.0,,,HPA-r0,flash,337
45.0,0.40603873124755996,0.0,105.65972222222223,120.0,0.075,0.6894485768135052,127,5.0,0,0.0,,,HPA-r0,flash,338
30.0,0.5027921805573876,0.0,108.43194444444444,120.0,0.075,0.09362617303531491,111,20.0,0,0.0,,,HPA-r0,flash,339
35.0,1.9165666340129839,0.0,100.79027777777777,120.0,0.075,0.022858129487875474,259,35.0,0,0.0,,,HPA-fast-r0,flash,300
40.0,0.8184022477828234,0.0,96.75416666666666,117.0,0.075,0.019564321614959142,206,40.0,0,0.0,,,HPA-fast-r0,flash,301
15.0,0.7905282449246598,0.0,97.34166666666667,117.0,0.075,0.03532369974836211,260,15.0,0,0.0,,,HPA-fast-r0,flash,302
35.0,1.155610194882517,0.0,92.8,93.0,0.075,0.0014730291242178845,174,35.0,0,0.0,,,HPA-fast-r0,flash,303
15.0,0.10891353656904412,0.0,99.3875,120.0,0.075,0.6122244289393095,230,15.0,0,0.0,,,HPA-fast-r0,flash,304
5.0,0.10470206372986679,0.0,95.02638888888889,100.0,0.075,0.623846126314704,223,5.0,0,0.0,,,HPA-fast-r0,flash,305
50.0,1.9543304568597208,0.0,100.12083333333334,120.0,0.075,0.0003583226150946086,245,50.0,0,0.0,,,HPA-fast-r0,flash,306
0.0,0.01004472537117218,0.0,93.06944444444444,97.0,0.075,0.9503626403047358,177,0.0,0,0.0,,,HPA-fast-r0,flash,307
30.0,1.0469636236160929,0.0,100.72777777777777,120.0,0.075,0.0005900510967070603,303,30.0,0,0.0,,,HPA-fast-r0,flash,308
20.0,0.5293450927961629,0.0,91.42777777777778,90.0,0.075,0.19700486077433457,179,20.0,0,0.0,,,HPA-fast-r0,flash,309
10.0,0.045280504510092356,0.0,99.59027777777777,105.0,0.075,0.8536443222997105,225,10.0,0,0.0,,,HPA-fast-r0,flash,310
0.0,0.00767635723368798,0.0,96.66666666666667,113.0,0.075,0.9697813772322199,256,0.0,0,0.0,,,HPA-fast-r0,flash,311
50.0,1.654070568918109,0.0,100.62222222222222,120.0,0.07500000000000007,0.0003546015829875447,231,40.0,0,0.0,,,HPA-fast-r0,flash,312
45.0,1.32714765455616,0.0,95.30555555555556,115.0,0.075,0.02666177340731992,195,45.0,0,0.0,,,HPA-fast-r0,flash,313
0.0,0.0,0.0,99.26388888888889,120.0,0.075,1.0,296,0.0,0,0.0,,,HPA-fast-r0,flash,314
15.0,0.15964803567137809,0.0,95.79166666666667,120.0,0.075,0.47008703820855535,212,15.0,0,0.0,,,HPA-fast-r0,flash,315
30.0,1.017151992785248,0.0,99.73055555555555,120.0,0.075,0.03645421974600814,222,30.0,0,0.0,,,HPA-fast-r0,flash,316
25.0,0.856553585256159,0.0,97.8375,109.0,0.075,0.024087021365964176,263,25.0,0,0.0,,,HPA-fast-r0,flash,317
0.0,0.02609018413731734,0.0,99.92777777777778,120.0,0.075,0.9534744628650076,225,0.0,0,0.0,,,HPA-fast-r0,flash,318
30.0,0.17412720393300551,0.0,97.47361111111111,120.0,0.075,0.553860677507523,213,30.0,0,0.0,,,HPA-fast-r0,flash,319
25.0,0.924311616997131,0.0,99.38194444444444,120.0,0.075,0.026818136697878407,307,25.0,0,0.0,,,HPA-fast-r0,flash,320
0.0,0.0,0.0,96.55972222222222,120.0,0.075,1.0,213,0.0,0,0.0,,,HPA-fast-r0,flash,321
0.0,0.0,0.0,98.48472222222222,119.0,0.075,1.0,214,0.0,0,0.0,,,HPA-fast-r0,flash,322
55.0,0.7384639528721815,0.0,98.70555555555555,120.0,0.07500000000000007,0.09136393332685935,266,55.0,0,0.0,,,HPA-fast-r0,flash,323
45.0,1.2184902526159114,0.0,98.56527777777778,120.0,0.075,0.006694260068329213,247,45.0,0,0.0,,,HPA-fast-r0,flash,324
15.0,0.13948505762180208,0.0,98.41111111111111,120.0,0.075,0.7044365405871895,212,15.0,0,0.0,,,HPA-fast-r0,flash,325
20.0,0.833223008235362,0.0,100.28888888888889,120.0,0.075,0.014035804153192208,293,20.0,0,0.0,,,HPA-fast-r0,flash,326
15.0,0.04148753586863396,0.0,91.82222222222222,89.0,0.075,0.9017132413925322,176,15.0,0,0.0,,,HPA-fast-r0,flash,327
30.0,0.24553752593317046,0.0,98.07222222222222,107.0,0.075,0.3578436956145147,213,35.0,0,0.0,,,HPA-fast-r0,flash,328
5.0,0.02504343592082403,0.0,97.78888888888889,113.0,0.075,0.9325862456943375,262,5.0,0,0.0,,,HPA-fast-r0,flash,329
0.0,0.013502573789525574,0.0,99.44444444444444,120.0,0.075,0.9626830796255034,227,0.0,0,0.0,,,HPA-fast-r0,flash,330
0.0,0.01376760791785836,0.0,92.48194444444445,92.0,0.075,0.9635762631811073,179,0.0,0,0.0,,,HPA-fast-r0,flash,331
10.0,0.0672164491562266,0.0,98.43472222222222,120.0,0.075,0.8496412821645497,273,10.0,0,0.0,,,HPA-fast-r0,flash,332
0.0,0.0,0.0,92.77916666666667,120.0,0.075,1.0,212,0.0,0,0.0,,,HPA-fast-r0,flash,333
40.0,1.906126894932303,0.0,98.30416666666666,109.0,0.075,0.018040182478377895,214,40.0,0,0.0,,,HPA-fast-r0,flash,334
55.0,2.024265400596925,0.0,101.26666666666667,120.0,0.075,0.0008376307220730996,265,55.0,0,0.0,,,HPA-fast-r0,flash,335
20.0,0.8074104996945275,0.0,101.29583333333333,120.0,0.075,0.035887458873794395,229,20.0,0,0.0,,,HPA-fast-r0,flash,336
5.0,0.014529465565782385,0.0,96.27222222222223,120.0,0.075,0.9456116371081142,212,5.0,0,0.0,,,HPA-fast-r0,flash,337
0.0,0.0017680281308996015,0.0,97.5513888888889,120.0,0.075,0.9965599491892153,292,0.0,0,0.0,,,HPA-fast-r0,flash,338
20.0,0.12834079937371623,0.0,95.5375,120.0,0.075,0.7568246583914217,197,20.0,0,0.0,,,HPA-fast-r0,flash,339
40.0,1.9781678912332068,0.0,127.64027777777778,120.0,0.075,0.0020120820373159052,134,40.0,0,0.0,,,HPA-45-r0,flash,300
10.0,0.1512140835804976,0.0,129.1013888888889,120.0,0.075,0.4390937369855023,122,10.0,0,0.0,,,HPA-45-r0,flash,301
15.0,0.3901614652965901,0.0,124.75972222222222,120.0,0.075,0.2621740052729357,122,15.0,0,0.0,,,HPA-45-r0,flash,302
0.0,0.020973213183428374,0.0,121.53333333333333,108.0,0.075,0.955470068263637,101,0.0,0,0.0,,,HPA-45-r0,flash,303
0.0,0.0,0.0,126.90833333333333,120.0,0.075,1.0,124,0.0,0,0.0,,,HPA-45-r0,flash,304
10.0,0.07511231715694455,0.0,123.45972222222223,120.0,0.075,0.8527838359493681,106,10.0,0,0.0,,,HPA-45-r0,flash,305
30.0,1.0410366822239725,0.0,126.51388888888889,120.0,0.075,0.0379688067143927,154,30.0,0,0.0,,,HPA-45-r0,flash,306
10.0,0.04417150293962724,0.0,122.57083333333334,111.0,0.075,0.8639060389992356,108,10.0,0,0.0,,,HPA-45-r0,flash,307
25.0,1.000576304481371,0.0,126.8638888888889,120.0,0.075,0.0023407366676262043,133,25.0,0,0.0,,,HPA-45-r0,flash,308
0.0,0.0,0.0,121.79444444444445,107.0,0.075,1.0,106,0.0,0,0.0,,,HPA-45-r0,flash,309
0.0,0.0,0.0,129.6486111111111,120.0,0.075,1.0,111,0.0,0,0.0,,,HPA-45-r0,flash,310
0.0,0.0,0.0,124.32916666666667,119.0,0.075,1.0,120,0.0,0,0.0,,,HPA-45-r0,flash,311
30.0,1.2428931512031283,0.0,125.85,120.0,0.075,0.006459015804738072,123,30.0,0,0.0,,,HPA-45-r0,flash,312
30.0,0.8070114943189544,0.0,128.48888888888888,120.0,0.075,0.09974123833206404,121,30.0,0,0.0,,,HPA-45-r0,flash,313
0.0,0.0,0.0,124.03194444444445,120.0,0.075,1.0,149,0.0,0,0.0,,,HPA-45-r0,flash,314
0.0,0.0,0.0,127.48611111111111,120.0,0.075,1.0,130,0.0,0,0.0,,,HPA-45-r0,flash,315
35.0,1.0453935206823584,0.0,127.8125,120.0,0.075,0.03645421974600814,131,35.0,0,0.0,,,HPA-45-r0,flash,316
15.0,0.17965896781504398,0.0,123.71666666666667,120.0,0.075,0.6242033807446898,137,15.0,0,0.0,,,HPA-45-r0,flash,317
0.0,0.0,0.0,127.74583333333334,120.0,0.075,1.0,129,0.0,0,0.0,,,HPA-45-r0,flash,318
10.0,0.03803261743973163,0.0,127.02361111111111,120.0,0.075,0.9048424711160565,138,10.0,0,0.0,,,HPA-45-r0,flash,319
20.0,0.8577018175741746,0.0,127.37777777777778,120.0,0.075,0.015007516010460126,133,20.0,0,0.0,,,HPA-45-r0,flash,320
0.0,0.0,0.0,127.48055555555555,120.0,0.075,1.0,134,0.0,0,0.0,,,HPA-45-r0,flash,321
0.0,0.0,0.0,127.49861111111112,120.0,0.075,1.0,119,0.0,0,0.0,,,HPA-45-r0,flash,322
0.0,0.0,0.0,125.5736111111111,120.0,0.075,1.0,150,0.0,0,0.0,,,HPA-45-r0,flash,323
20.0,0.137988813422929,0.0,126.15416666666667,120.0,0.075,0.757484178849636,141,20.0,0,0.0,,,HPA-45-r0,flash,324
25.0,0.5905938878477346,0.0,126.75694444444444,120.0,0.075,0.14368519109721375,129,25.0,0,0.0,,,HPA-45-r0,flash,325
30.0,1.0662152769439714,0.0,127.04305555555555,120.0,0.075,0.0021108820237149997,130,25.0,0,0.0,,,HPA-45-r0,flash,326
0.0,0.0,0.0,119.99166666666666,105.0,0.075,1.0,89,0.0,0,0.0,,,HPA-45-r0,flash,327
0.0,0.0,0.0,129.4597222222222,120.0,0.075,1.0,115,0.0,0,0.0,,,HPA-45-r0,flash,328
0.0,0.0,0.0,123.73333333333333,120.0,0.075,1.0,135,0.0,0,0.0,,,HPA-45-r0,flash,329
0.0,0.0061589927795480115,0.0,125.85833333333333,120.0,0.075,0.9686816801948619,145,0.0,0,0.0,,,HPA-45-r0,flash,330
0.0,0.0,0.0,121.66388888888889,110.0,0.075,1.0,109,0.0,0,0.0,,,HPA-45-r0,flash,331
10.0,0.04268741409255705,0.0,124.13333333333334,120.0,0.075,0.8685691437887549,138,10.0,0,0.0,,,HPA-45-r0,flash,332
0.0,0.0,0.0,124.11111111111111,120.0,0.075,1.0,149,0.0,0,0.0,,,HPA-45-r0,flash,333
40.0,1.7418035520873731,0.0,128.13888888888889,120.0,0.075,0.006404220375063113,122,40.0,0,0.0,,,HPA-45-r0,flash,334
45.0,1.3192237901713977,0.0,126.1986111111111,120.0,0.075,0.08286597177221781,148,45.0,0,0.0,,,HPA-45-r0,flash,335
10.0,0.04846999888923342,0.0,126.45,120.0,0.075,0.9004967480029398,125,10.0,0,0.0,,,HPA-45-r0,flash,336
5.0,0.020597854259107873,0.0,127.85,120.0,0.075,0.9077015655214757,133,5.0,0,0.0,,,HPA-45-r0,flash,337
0.0,0.0,0.0,124.25416666666666,120.0,0.075,1.0,151,0.0,0,0.0,,,HPA-45-r0,flash,338
0.0,0.0,0.0,129.675,120.0,0.075,1.0,120,0.0,0,0.0,,,HPA-45-r0,flash,339
0.0,0.0,0.0,145.60972222222222,120.0,0.075,1.0,142,0.0,0,0.0,,,PredHPA-r0,flash,300
0.0,0.0,0.0,142.74305555555554,120.0,0.075,1.0,128,0.0,0,0.0,,,PredHPA-r0,flash,301
10.0,0.03778646293445265,0.0,146.5888888888889,120.0,0.075,0.9369687257762505,130,10.0,0,0.0,,,PredHPA-r0,flash,302
0.0,0.0,0.0,142.23333333333332,120.0,0.075,1.0,105,0.0,0,0.0,,,PredHPA-r0,flash,303
0.0,0.0,0.0,151.26944444444445,120.0,0.075,1.0,155,0.0,0,0.0,,,PredHPA-r0,flash,304
0.0,0.0,0.0,155.4111111111111,120.0,0.075,1.0,134,0.0,0,0.0,,,PredHPA-r0,flash,305
10.0,0.10963689381372488,0.0,142.46527777777777,120.0,0.075,0.8335372721669674,157,10.0,0,0.0,,,PredHPA-r0,flash,306
0.0,0.0,0.0,140.42222222222222,120.0,0.075,1.0,129,0.0,0,0.0,,,PredHPA-r0,flash,307
15.0,0.15085755760112507,0.0,149.00416666666666,120.0,0.075,0.739879515400175,131,10.0,0,0.0,,,PredHPA-r0,flash,308
0.0,0.0,0.0,142.975,120.0,0.075,1.0,108,0.0,0,0.0,,,PredHPA-r0,flash,309
0.0,0.0,0.0,152.92916666666667,120.0,0.075,1.0,130,0.0,0,0.0,,,PredHPA-r0,flash,310
0.0,0.0,0.0,154.55972222222223,120.0,0.075,1.0,142,0.0,0,0.0,,,PredHPA-r0,flash,311
30.0,1.1242890924013427,0.0,143.90972222222223,120.0,0.075,0.005174503488016234,142,30.0,0,0.0,,,PredHPA-r0,flash,312
0.0,0.0,0.0,143.10833333333332,120.0,0.075,1.0,114,0.0,0,0.0,,,PredHPA-r0,flash,313
0.0,0.0,0.0,149.0222222222222,120.0,0.075,1.0,156,0.0,0,0.0,,,PredHPA-r0,flash,314
0.0,0.0,0.0,143.62083333333334,120.0,0.075,1.0,120,0.0,0,0.0,,,PredHPA-r0,flash,315
0.0,0.0,0.0,151.55277777777778,120.0,0.075,1.0,126,0.0,0,0.0,,,PredHPA-r0,flash,316
0.0,0.0,0.0,153.29861111111111,120.0,0.075,1.0,142,0.0,0,0.0,,,PredHPA-r0,flash,317
0.0,0.0,0.0,147.6625,120.0,0.075,1.0,188,0.0,0,0.0,,,PredHPA-r0,flash,318
0.0,0.0,0.0,143.26111111111112,120.0,0.075,1.0,138,0.0,0,0.0,,,PredHPA-r0,flash,319
15.0,0.24634606133445702,0.0,149.56944444444446,120.0,0.075,0.41700840710748277,139,15.0,0,0.0,,,PredHPA-r0,flash,320
0.0,0.0,0.0,143.4763888888889,120.0,0.075,1.0,123,0.0,0,0.0,,,PredHPA-r0,flash,321
0.0,0.0,0.0,149.93472222222223,120.0,0.075,1.0,140,0.0,0,0.0,,,PredHPA-r0,flash,322
0.0,0.0,0.0,151.85416666666666,120.0,0.075,1.0,158,0.0,0,0.0,,,PredHPA-r0,flash,323
0.0,0.0,0.0,144.26805555555555,120.0,0.075,1.0,179,0.0,0,0.0,,,PredHPA-r0,flash,324
0.0,0.0,0.0,141.46666666666667,120.0,0.075,1.0,136,0.0,0,0.0,,,PredHPA-r0,flash,325
15.0,0.35508243409559936,0.0,147.94583333333333,120.0,0.075,0.35060213910685156,127,10.0,0,0.0,,,PredHPA-r0,flash,326
0.0,0.0,0.0,143.71666666666667,120.0,0.075,1.0,89,0.0,0,0.0,,,PredHPA-r0,flash,327
0.0,0.0,0.0,150.89027777777778,120.0,0.075,1.0,140,0.0,0,0.0,,,PredHPA-r0,flash,328
0.0,0.0,0.0,152.14166666666668,120.0,0.075,1.0,154,0.0,0,0.0,,,PredHPA-r0,flash,329
0.0,0.0,0.0,146.8486111111111,120.0,0.075,1.0,182,0.0,0,0.0,,,PredHPA-r0,flash,330
0.0,0.0,0.0,141.22083333333333,120.0,0.075,1.0,136,0.0,0,0.0,,,PredHPA-r0,flash,331
0.0,0.0,0.0,146.89166666666668,120.0,0.075,1.0,151,0.0,0,0.0,,,PredHPA-r0,flash,332
0.0,0.0,0.0,142.70694444444445,120.0,0.075,1.0,120,0.0,0,0.0,,,PredHPA-r0,flash,333
15.0,0.264965549522056,0.0,151.36805555555554,120.0,0.075,0.36006647288181653,136,15.0,0,0.0,,,PredHPA-r0,flash,334
0.0,0.0,0.0,154.125,120.0,0.075,1.0,134,0.0,0,0.0,,,PredHPA-r0,flash,335
0.0,0.0,0.0,145.7902777777778,120.0,0.075,1.0,156,0.0,0,0.0,,,PredHPA-r0,flash,336
0.0,0.0,0.0,142.92222222222222,120.0,0.075,1.0,134,0.0,0,0.0,,,PredHPA-r0,flash,337
0.0,0.0,0.0,144.49444444444444,120.0,0.075,1.0,157,0.0,0,0.0,,,PredHPA-r0,flash,338
0.0,0.0,0.0,145.55694444444444,120.0,0.075,1.0,121,0.0,0,0.0,,,PredHPA-r0,flash,339
0.0,0.0069207541582794185,0.0,145.9361111111111,120.0,0.075,0.9801111634588704,146,0.0,0,0.0,,,PredHPA-r1,flash,300
0.0,0.0,0.0,142.74305555555554,120.0,0.075,1.0,128,0.0,0,0.0,,,PredHPA-r1,flash,301
10.0,0.03778646293445265,0.0,146.5888888888889,120.0,0.075,0.9369687257762505,130,10.0,0,0.0,,,PredHPA-r1,flash,302
0.0,0.0,0.0,142.23333333333332,120.0,0.075,1.0,105,0.0,0,0.0,,,PredHPA-r1,flash,303
0.0,0.0,0.0,151.26944444444445,120.0,0.075,1.0,155,0.0,0,0.0,,,PredHPA-r1,flash,304
0.0,0.0,0.0,155.35972222222222,120.0,0.075,1.0,130,0.0,0,0.0,,,PredHPA-r1,flash,305
20.0,0.7849053171151033,0.0,144.51666666666668,120.0,0.075,0.058272410063662294,174,20.0,0,0.0,,,PredHPA-r1,flash,306
0.0,0.0,0.0,140.42222222222222,120.0,0.075,1.0,129,0.0,0,0.0,,,PredHPA-r1,flash,307
20.0,0.30219949754077824,0.0,149.0125,120.0,0.075,0.5068026367025408,131,10.0,0,0.0,,,PredHPA-r1,flash,308
0.0,0.0,0.0,142.975,120.0,0.075,1.0,108,0.0,0,0.0,,,PredHPA-r1,flash,309
0.0,0.0,0.0,152.92916666666667,120.0,0.075,1.0,130,0.0,0,0.0,,,PredHPA-r1,flash,310
0.0,0.0,0.0,155.575,120.0,0.075,1.0,144,0.0,0,0.0,,,PredHPA-r1,flash,311
40.0,1.259469935131885,0.0,145.49722222222223,120.0,0.075,0.0005431098865413645,150,40.0,0,0.0,,,PredHPA-r1,flash,312
0.0,0.0,0.0,143.10833333333332,120.0,0.075,1.0,114,0.0,0,0.0,,,PredHPA-r1,flash,313
0.0,0.0,0.0,149.0222222222222,120.0,0.075,1.0,156,0.0,0,0.0,,,PredHPA-r1,flash,314
0.0,0.0,0.0,143.62083333333334,120.0,0.075,1.0,120,0.0,0,0.0,,,PredHPA-r1,flash,315
0.0,0.0,0.0,151.55277777777778,120.0,0.075,1.0,126,0.0,0,0.0,,,PredHPA-r1,flash,316
0.0,0.0,0.0,154.3111111111111,120.0,0.075,1.0,145,0.0,0,0.0,,,PredHPA-r1,flash,317
0.0,0.0,0.0,148.17361111111111,120.0,0.075,1.0,186,0.0,0,0.0,,,PredHPA-r1,flash,318
0.0,0.0,0.0,143.26111111111112,120.0,0.075,1.0,138,0.0,0,0.0,,,PredHPA-r1,flash,319
15.0,0.24634606133445702,0.0,149.56944444444446,120.0,0.075,0.41700840710748277,139,15.0,0,0.0,,,PredHPA-r1,flash,320
0.0,0.0,0.0,143.4763888888889,120.0,0.075,1.0,123,0.0,0,0.0,,,PredHPA-r1,flash,321
0.0,0.0,0.0,149.93472222222223,120.0,0.075,1.0,140,0.0,0,0.0,,,PredHPA-r1,flash,322
0.0,0.0,0.0,153.2888888888889,120.0,0.075,1.0,163,0.0,0,0.0,,,PredHPA-r1,flash,323
0.0,0.0,0.0,145.76666666666668,120.0,0.075,1.0,178,0.0,0,0.0,,,PredHPA-r1,flash,324
0.0,0.0,0.0,141.46666666666667,120.0,0.075,1.0,137,0.0,0,0.0,,,PredHPA-r1,flash,325
25.0,0.6221009862514171,0.0,147.95833333333334,120.0,0.075,0.050992569978087925,127,15.0,0,0.0,,,PredHPA-r1,flash,326
0.0,0.0,0.0,143.71666666666667,120.0,0.075,1.0,89,0.0,0,0.0,,,PredHPA-r1,flash,327
0.0,0.0,0.0,150.89027777777778,120.0,0.075,1.0,140,0.0,0,0.0,,,PredHPA-r1,flash,328
0.0,0.0,0.0,153.18055555555554,120.0,0.075,1.0,158,0.0,0,0.0,,,PredHPA-r1,flash,329
0.0,0.0,0.0,146.49305555555554,120.0,0.075,1.0,181,0.0,0,0.0,,,PredHPA-r1,flash,330
0.0,0.0,0.0,141.22083333333333,120.0,0.075,1.0,136,0.0,0,0.0,,,PredHPA-r1,flash,331
0.0,0.0,0.0,146.89166666666668,120.0,0.075,1.0,151,0.0,0,0.0,,,PredHPA-r1,flash,332
0.0,0.0,0.0,142.70694444444445,120.0,0.075,1.0,120,0.0,0,0.0,,,PredHPA-r1,flash,333
45.0,1.827691663055686,0.0,151.17083333333332,120.0,0.075,0.0007127779639333972,142,45.0,0,0.0,,,PredHPA-r1,flash,334
0.0,0.0,0.0,156.19166666666666,120.0,0.075,1.0,142,0.0,0,0.0,,,PredHPA-r1,flash,335
0.0,0.0,0.0,147.76805555555555,120.0,0.075,1.0,166,0.0,0,0.0,,,PredHPA-r1,flash,336
0.0,0.0,0.0,142.92222222222222,120.0,0.075,1.0,135,0.0,0,0.0,,,PredHPA-r1,flash,337
0.0,0.0,0.0,144.49444444444444,120.0,0.075,1.0,157,0.0,0,0.0,,,PredHPA-r1,flash,338
0.0,0.0,0.0,145.55694444444444,120.0,0.075,1.0,121,0.0,0,0.0,,,PredHPA-r1,flash,339
0.0,0.0,0.0,119.66111111111111,120.0,0.075,1.0,1014,0.0,10,0.0,,,ARC,flash,300
0.0,0.0,0.0,115.21666666666667,120.0,0.075,1.0,912,0.0,10,0.0,,,ARC,flash,301
5.0,0.027637552618386962,0.0,121.47222222222223,120.0,0.075,0.8674707116603074,990,0.0,10,0.0,,,ARC,flash,302
0.0,0.0023230139456820176,0.0,111.60277777777777,120.0,0.075,0.988393005720279,877,0.0,11,0.0,,,ARC,flash,303
0.0,0.0,0.0,127.26805555555555,120.0,0.075,1.0,958,0.0,10,0.0,,,ARC,flash,304
0.0,0.008521573157860285,0.0,118.65555555555555,120.0,0.075,0.9577390646350608,1010,0.0,10,0.0,,,ARC,flash,305
10.0,0.1184677117745836,0.0,116.04027777777777,120.0,0.075,0.8061909669579028,910,10.0,10,0.0,,,ARC,flash,306
0.0,0.0,0.0,111.77222222222223,120.0,0.075,1.0,909,0.0,10,0.0,,,ARC,flash,307
20.0,0.1370693961487146,0.0,120.77361111111111,120.0,0.075,0.8281693097089311,1008,10.0,10,0.0,,,ARC,flash,308
0.0,0.0,0.0,107.31388888888888,120.0,0.075,1.0,830,0.0,11,0.0,,,ARC,flash,309
30.0,0.11063220510508787,0.0,118.86111111111111,120.0,0.075,0.5943544337976719,922,0.0,9,0.0,,,ARC,flash,310
0.0,0.001402120717153288,0.0,121.54305555555555,120.0,0.075,0.9837188196788416,1104,0.0,9,0.0,,,ARC,flash,311
25.0,0.6033919470500582,0.0,117.06805555555556,120.0,0.075,0.19870280967067894,959,25.0,10,0.0,,,ARC,flash,312
30.0,1.0126468920953369,0.0,114.38194444444444,120.0,0.075,0.029400346928437703,940,30.0,10,0.0,,,ARC,flash,313
45.0,0.30685200526902046,0.0,116.33194444444445,120.0,0.075,0.21563166509546994,999,5.0,10,0.0,,,ARC,flash,314
25.0,0.6782290085994624,0.0,117.33611111111111,120.0,0.075,0.008213325675272717,922,25.0,10,0.0,,,ARC,flash,315
20.0,0.053348324899493704,0.0,124.05,120.0,0.075,0.8352684652746485,946,0.0,10,0.0,,,ARC,flash,316
15.0,0.27617737470760906,0.0,116.63194444444444,120.0,0.075,0.29624863831867565,1061,0.0,10,0.0,,,ARC,flash,317
0.0,0.0,0.0,120.95694444444445,120.0,0.075,1.0,981,0.0,10,0.0,,,ARC,flash,318
0.0,0.0,0.0,116.09027777777777,120.0,0.075,1.0,984,0.0,10,0.0,,,ARC,flash,319
85.0,1.9406601973791182,0.0,120.29583333333333,120.0,0.075,0.00040503247016449116,1028,35.0,10,0.0,,,ARC,flash,320
0.0,0.0,0.0,115.84305555555555,120.0,0.075,1.0,928,0.0,10,0.0,,,ARC,flash,321
10.0,0.08724382647139484,0.0,121.46805555555555,120.0,0.075,0.41913338577268267,886,0.0,10,0.0,,,ARC,flash,322
15.0,0.19043701027096072,0.0,121.41527777777777,120.0,0.075,0.3450314299183309,1058,0.0,10,0.0,,,ARC,flash,323
0.0,0.0,0.0,120.59722222222223,120.0,0.075,1.0,979,0.0,10,0.0,,,ARC,flash,324
0.0,0.0,0.0,112.14444444444445,120.0,0.075,1.0,983,0.0,10,0.0,,,ARC,flash,325
5.0,0.014926227326717001,0.0,119.70555555555555,120.0,0.075,0.9216952159824378,985,0.0,10,0.0,,,ARC,flash,326
30.0,0.569261156856582,0.0,120.12638888888888,120.0,0.075,0.06162098201621586,931,30.0,10,0.0,,,ARC,flash,327
0.0,0.002616225507701131,0.0,122.3236111111111,120.0,0.075,0.9724626685056597,950,0.0,10,0.0,,,ARC,flash,328
10.0,0.03305894353008432,0.0,123.86805555555556,120.0,0.075,0.892891720897226,1041,0.0,10,0.0,,,ARC,flash,329
0.0,0.0,0.0,121.62777777777778,120.0,0.075,1.0,944,0.0,10,0.0,,,ARC,flash,330
0.0,0.0,0.0,111.58055555555555,120.0,0.075,1.0,852,0.0,10,0.0,,,ARC,flash,331
15.0,0.09700340407646779,0.0,118.90972222222223,120.0,0.075,0.6182173665110556,985,0.0,10,0.0,,,ARC,flash,332
0.0,0.0,0.0,114.98194444444445,120.0,0.075,1.0,846,0.0,10,0.0,,,ARC,flash,333
40.0,1.3123593844743486,0.0,117.3013888888889,120.0,0.075,0.10797224313866782,941,30.0,10,0.0,,,ARC,flash,334
5.0,0.011506331436272887,0.0,121.21388888888889,120.0,0.075,0.9352553380294265,1133,0.0,9,0.0,,,ARC,flash,335
0.0,0.0,0.0,116.75,120.0,0.075,1.0,962,0.0,9,0.0,,,ARC,flash,336
20.0,0.3446741707295531,0.0,117.37777777777778,120.0,0.075,0.05909587833279216,912,20.0,10,0.0,,,ARC,flash,337
20.0,0.09266109705657888,0.0,113.23194444444445,120.0,0.075,0.6907682049408405,935,0.0,11,0.0,,,ARC,flash,338
0.0,0.0,0.0,109.07916666666667,120.0,0.075,1.0,949,0.0,11,0.0,,,ARC,flash,339
0.0,0.0,0.0,119.66111111111111,120.0,0.075,1.0,1014,0.0,10,0.0,,,ARC-r0,flash,300
0.0,0.0,0.0,115.21666666666667,120.0,0.075,1.0,912,0.0,10,0.0,,,ARC-r0,flash,301
5.0,0.0221897563941309,0.0,121.47222222222223,120.0,0.075,0.8977070040831924,990,0.0,10,0.0,,,ARC-r0,flash,302
0.0,0.0023230139456820176,0.0,111.60277777777777,120.0,0.075,0.988393005720279,877,0.0,11,0.0,,,ARC-r0,flash,303
0.0,0.0,0.0,127.26805555555555,120.0,0.075,1.0,958,0.0,10,0.0,,,ARC-r0,flash,304
0.0,0.008521573157860285,0.0,118.65555555555555,120.0,0.075,0.9577390646350608,1010,0.0,10,0.0,,,ARC-r0,flash,305
10.0,0.059634893134563605,0.0,115.40694444444445,120.0,0.075,0.8813173955252754,949,10.0,10,0.0,,,ARC-r0,flash,306
0.0,0.0,0.0,111.77222222222223,120.0,0.075,1.0,909,0.0,10,0.0,,,ARC-r0,flash,307
15.0,0.09740352876506098,0.0,120.77361111111111,120.0,0.075,0.8281693097089311,1008,5.0,10,0.0,,,ARC-r0,flash,308
0.0,0.0,0.0,107.31388888888888,120.0,0.075,1.0,830,0.0,11,0.0,,,ARC-r0,flash,309
30.0,0.11063220510508787,0.0,118.86111111111111,120.0,0.075,0.5943544337976719,922,0.0,9,0.0,,,ARC-r0,flash,310
0.0,0.001402120717153288,0.0,121.54305555555555,120.0,0.075,0.9837188196788416,1104,0.0,9,0.0,,,ARC-r0,flash,311
25.0,0.5993207299047176,0.0,117.06805555555556,120.0,0.075,0.19870280967067894,959,25.0,10,0.0,,,ARC-r0,flash,312
30.0,1.0126468920953369,0.0,114.38194444444444,120.0,0.075,0.029400346928437703,940,30.0,10,0.0,,,ARC-r0,flash,313
30.0,0.18989049251608714,0.0,116.40833333333333,120.0,0.075,0.43773571507184345,1000,5.0,10,0.0,,,ARC-r0,flash,314
25.0,0.6689196765384264,0.0,117.33611111111111,120.0,0.075,0.008288236438999466,922,25.0,10,0.0,,,ARC-r0,flash,315
10.0,0.03387239511040141,0.0,124.04722222222222,120.0,0.075,0.8352684652746485,946,0.0,10,0.0,,,ARC-r0,flash,316
15.0,0.17750842237911346,0.0,116.63194444444444,120.0,0.075,0.3376886322337585,1061,0.0,10,0.0,,,ARC-r0,flash,317
0.0,0.0,0.0,120.95694444444445,120.0,0.075,1.0,981,0.0,10,0.0,,,ARC-r0,flash,318
0.0,0.0,0.0,116.09027777777777,120.0,0.075,1.0,984,0.0,10,0.0,,,ARC-r0,flash,319
80.0,1.5359836836986718,0.0,122.77361111111111,120.0,0.075,0.0016561425210037484,1026,30.0,10,0.0,,,ARC-r0,flash,320
0.0,0.0,0.0,115.84305555555555,120.0,0.075,1.0,928,0.0,10,0.0,,,ARC-r0,flash,321
10.0,0.0465257263040586,0.0,119.60694444444445,120.0,0.075,0.7400678943339628,904,0.0,9,0.0,,,ARC-r0,flash,322
10.0,0.059752677027025136,0.0,121.36944444444444,120.0,0.075,0.7874623963118433,1059,0.0,10,0.0,,,ARC-r0,flash,323
0.0,0.0,0.0,119.20138888888889,120.0,0.075,1.0,995,0.0,10,0.0,,,ARC-r0,flash,324
0.0,0.0,0.0,112.14444444444445,120.0,0.075,1.0,983,0.0,10,0.0,,,ARC-r0,flash,325
0.0,0.010051279885425757,0.0,119.70555555555555,120.0,0.075,0.9611463071537836,985,0.0,10,0.0,,,ARC-r0,flash,326
15.0,0.03908573765600831,0.0,119.69027777777778,120.0,0.075,0.9017132413925321,927,15.0,11,0.0,,,ARC-r0,flash,327
0.0,0.002616225507701131,0.0,122.3236111111111,120.0,0.075,0.9724626685056597,950,0.0,10,0.0,,,ARC-r0,flash,328
5.0,0.021151230717164626,0.0,123.93055555555556,120.0,0.075,0.9189729939457204,1037,0.0,9,0.0,,,ARC-r0,flash,329
0.0,0.0,0.0,121.62777777777778,120.0,0.075,1.0,944,0.0,10,0.0,,,ARC-r0,flash,330
0.0,0.0,0.0,111.58055555555555,120.0,0.075,1.0,852,0.0,10,0.0,,,ARC-r0,flash,331
15.0,0.09281689569169416,0.0,118.90972222222223,120.0,0.075,0.6182173665110556,985,0.0,10,0.0,,,ARC-r0,flash,332
0.0,0.0,0.0,114.98194444444445,120.0,0.075,1.0,846,0.0,10,0.0,,,ARC-r0,flash,333
25.0,0.2594132479742606,0.0,118.11944444444444,120.0,0.075,0.46968005904296567,937,15.0,10,0.0,,,ARC-r0,flash,334
5.0,0.011506331436272887,0.0,121.21388888888889,120.0,0.075,0.9352553380294265,1133,0.0,9,0.0,,,ARC-r0,flash,335
0.0,0.0,0.0,116.75,120.0,0.075,1.0,962,0.0,9,0.0,,,ARC-r0,flash,336
20.0,0.09548246247563785,0.0,117.68611111111112,120.0,0.075,0.5579594774306671,920,20.0,10,0.0,,,ARC-r0,flash,337
20.0,0.09714890847084545,0.0,113.28472222222223,120.0,0.075,0.6907682049408405,935,0.0,11,0.0,,,ARC-r0,flash,338
0.0,0.0,0.0,109.07916666666667,120.0,0.075,1.0,949,0.0,11,0.0,,,ARC-r0,flash,339
0.0,0.0,0.0,119.66111111111111,120.0,0.075,1.0,1014,0.0,10,0.0,,,ARC-r1,flash,300
0.0,0.0,0.0,115.21666666666667,120.0,0.075,1.0,912,0.0,10,0.0,,,ARC-r1,flash,301
5.0,0.027342937371444,0.0,121.47222222222223,120.0,0.075,0.8683226252720959,990,0.0,10,0.0,,,ARC-r1,flash,302
0.0,0.0023230139456820176,0.0,111.60277777777777,120.0,0.075,0.988393005720279,877,0.0,11,0.0,,,ARC-r1,flash,303
0.0,0.0,0.0,127.26805555555555,120.0,0.075,1.0,958,0.0,10,0.0,,,ARC-r1,flash,304
0.0,0.008521573157860285,0.0,118.65555555555555,120.0,0.075,0.9577390646350608,1010,0.0,10,0.0,,,ARC-r1,flash,305
10.0,0.11140224886034833,0.0,116.04027777777777,120.0,0.075,0.8162444198999971,910,10.0,10,0.0,,,ARC-r1,flash,306
0.0,0.0,0.0,111.77222222222223,120.0,0.075,1.0,909,0.0,10,0.0,,,ARC-r1,flash,307
20.0,0.1370693961487146,0.0,120.77361111111111,120.0,0.075,0.8281693097089311,1008,10.0,10,0.0,,,ARC-r1,flash,308
0.0,0.0,0.0,107.31388888888888,120.0,0.075,1.0,830,0.0,11,0.0,,,ARC-r1,flash,309
30.0,0.11063220510508787,0.0,118.86111111111111,120.0,0.075,0.5943544337976719,922,0.0,9,0.0,,,ARC-r1,flash,310
0.0,0.001402120717153288,0.0,121.54305555555555,120.0,0.075,0.9837188196788416,1104,0.0,9,0.0,,,ARC-r1,flash,311
25.0,0.603365952551238,0.0,117.06805555555556,120.0,0.075,0.19870280967067894,959,25.0,10,0.0,,,ARC-r1,flash,312
30.0,1.0126468920953369,0.0,114.38194444444444,120.0,0.075,0.029400346928437703,940,30.0,10,0.0,,,ARC-r1,flash,313
45.0,0.289564282374577,0.0,116.33194444444445,120.0,0.075,0.22677026491609045,999,5.0,10,0.0,,,ARC-r1,flash,314
25.0,0.6780617835627556,0.0,117.33611111111111,120.0,0.075,0.008215541606408621,922,25.0,10,0.0,,,ARC-r1,flash,315
20.0,0.05067279829650273,0.0,124.05,120.0,0.075,0.8352684652746485,946,0.0,10,0.0,,,ARC-r1,flash,316
15.0,0.26703769917237885,0.0,116.63194444444444,120.0,0.075,0.29692955566333173,1061,0.0,10,0.0,,,ARC-r1,flash,317
0.0,0.0,0.0,120.95694444444445,120.0,0.075,1.0,981,0.0,10,0.0,,,ARC-r1,flash,318
0.0,0.0,0.0,116.09027777777777,120.0,0.075,1.0,984,0.0,10,0.0,,,ARC-r1,flash,319
85.0,1.928440908453688,0.0,120.29583333333333,120.0,0.075,0.00040534274165331347,1028,35.0,10,0.0,,,ARC-r1,flash,320
0.0,0.0,0.0,115.84305555555555,120.0,0.075,1.0,928,0.0,10,0.0,,,ARC-r1,flash,321
10.0,0.08503964788336704,0.0,121.46805555555555,120.0,0.075,0.4357965443998005,886,0.0,10,0.0,,,ARC-r1,flash,322
15.0,0.1633850491880806,0.0,121.38055555555556,120.0,0.075,0.37827513745344915,1057,0.0,10,0.0,,,ARC-r1,flash,323
0.0,0.0,0.0,120.60972222222222,120.0,0.075,1.0,983,0.0,10,0.0,,,ARC-r1,flash,324
0.0,0.0,0.0,112.14444444444445,120.0,0.075,1.0,983,0.0,10,0.0,,,ARC-r1,flash,325
5.0,0.014428091649709707,0.0,119.70555555555555,120.0,0.075,0.9227410205683884,985,0.0,10,0.0,,,ARC-r1,flash,326
30.0,0.5400362120187574,0.0,120.15972222222223,120.0,0.075,0.05596834505385844,937,30.0,10,0.0,,,ARC-r1,flash,327
0.0,0.002616225507701131,0.0,122.3236111111111,120.0,0.075,0.9724626685056597,950,0.0,10,0.0,,,ARC-r1,flash,328
10.0,0.032779113223713185,0.0,123.86805555555556,120.0,0.075,0.894617932128733,1041,0.0,10,0.0,,,ARC-r1,flash,329
0.0,0.0,0.0,121.62777777777778,120.0,0.075,1.0,944,0.0,10,0.0,,,ARC-r1,flash,330
0.0,0.0,0.0,111.58055555555555,120.0,0.075,1.0,852,0.0,10,0.0,,,ARC-r1,flash,331
15.0,0.09677229732237835,0.0,118.90972222222223,120.0,0.075,0.6182173665110556,985,0.0,10,0.0,,,ARC-r1,flash,332
0.0,0.0,0.0,114.98194444444445,120.0,0.075,1.0,846,0.0,10,0.0,,,ARC-r1,flash,333
40.0,1.3055630175272337,0.0,117.3013888888889,120.0,0.075,0.11115285004283791,941,30.0,10,0.0,,,ARC-r1,flash,334
5.0,0.011506331436272887,0.0,121.21388888888889,120.0,0.075,0.9352553380294265,1133,0.0,9,0.0,,,ARC-r1,flash,335
0.0,0.0,0.0,116.75,120.0,0.075,1.0,962,0.0,9,0.0,,,ARC-r1,flash,336
20.0,0.34218495474018784,0.0,117.37777777777778,120.0,0.075,0.05909587833279216,912,20.0,10,0.0,,,ARC-r1,flash,337
20.0,0.0913555631237628,0.0,113.2625,120.0,0.075,0.6907682049408405,936,0.0,11,0.0,,,ARC-r1,flash,338
0.0,0.0,0.0,109.07916666666667,120.0,0.075,1.0,949,0.0,11,0.0,,,ARC-r1,flash,339
80.0,3.0197004498543123,0.0,111.04861111111111,120.0,0.075,0.0036963873793291525,124,100.0,0,0.0,,,HPA-r0,flash_step,300
50.0,1.2845186303080736,0.0,105.79861111111111,105.0,0.075,0.0031368198697230873,101,55.0,0,0.0,,,HPA-r0,flash_step,301
55.0,1.1446551753100276,0.0,106.32083333333334,120.0,0.075,0.009041107969089475,108,15.0,0,0.0,,,HPA-r0,flash_step,302
25.0,0.7035137835812,0.0,98.18472222222222,85.0,0.075,0.0389813255080165,74,25.0,0,0.0,,,HPA-r0,flash_step,303
60.0,1.9178395070911791,0.0,108.83888888888889,120.0,0.075,0.001029780018542804,118,60.0,0,0.0,,,HPA-r0,flash_step,304
70.0,2.7125769291214463,0.0,98.53888888888889,97.0,0.075,0.004145971383468387,100,60.0,0,0.0,,,HPA-r0,flash_step,305
95.0,4.150394644581834,0.0,108.92777777777778,120.0,0.075,0.0005038369716086256,122,95.0,0,0.0,,,HPA-r0,flash_step,306
65.0,2.0650203516675902,0.0,99.40972222222223,90.0,0.075,0.006825262950780386,104,65.0,0,0.0,,,HPA-r0,flash_step,307
40.0,0.9056515536510212,0.0,107.59444444444445,120.0,0.075,0.031262085861216746,121,25.0,0,0.0,,,HPA-r0,flash_step,308
15.0,0.07761410172245631,0.0,95.99305555555556,80.0,0.075,0.8462881106940308,85,15.0,0,0.0,,,HPA-r0,flash_step,309
50.0,1.9478626694552026,0.0,104.55416666666666,99.0,0.07500000000000004,0.0026187289883286328,101,50.0,0,0.0,,,HPA-r0,flash_step,310
75.0,2.8832401017257148,0.0,102.3013888888889,109.0,0.075,0.011995392494413658,114,70.0,0,0.0,,,HPA-r0,flash_step,311
60.0,1.8500790199569073,0.0,109.45,120.0,0.075,0.001471687654039168,102,20.0,0,0.0,,,HPA-r0,flash_step,312
45.0,1.5241434732419679,0.0,104.07638888888889,108.0,0.075,0.0004344562960540198,111,45.0,0,0.0,,,HPA-r0,flash_step,313
60.0,1.2470223187914353,0.0,106.66805555555555,120.0,0.075,0.032692104963286485,126,45.0,0,0.0,,,HPA-r0,flash_step,314
35.0,0.852499581647792,0.0,108.14027777777778,120.0,0.075,0.008101761964813055,122,35.0,0,0.0,,,HPA-r0,flash_step,315
45.0,1.1174375135690973,0.0,109.53888888888889,120.0,0.075,0.003814900686861865,95,30.0,0,0.0,,,HPA-r0,flash_step,316
75.0,2.3411782764760636,0.0,101.67222222222222,106.0,0.075,0.0034187090354520053,116,70.0,0,0.0,,,HPA-r0,flash_step,317
55.0,1.5253936331284246,0.0,109.64027777777778,120.0,0.07500000000000004,0.0011041336210097924,92,55.0,0,0.0,,,HPA-r0,flash_step,318
70.0,1.4156232994799733,0.0,108.95555555555555,113.0,0.0750000000000001,0.029863680740283092,106,80.0,0,0.0,,,HPA-r0,flash_step,319
65.0,1.4880642531491683,0.0,106.825,120.0,0.07500000000000008,0.00038261249546995397,120,40.0,0,0.0,,,HPA-r0,flash_step,320
30.0,0.7738540959721152,0.0,108.025,120.0,0.075,0.033746796210943106,121,30.0,0,0.0,,,HPA-r0,flash_step,321
40.0,1.0957470399007851,0.0,106.68611111111112,120.0,0.075,0.028724795793869967,107,40.0,0,0.0,,,HPA-r0,flash_step,322
55.0,1.685903631362129,0.0,105.49861111111112,116.0,0.07500000000000007,0.002233891407427397,139,45.0,0,0.0,,,HPA-r0,flash_step,323
55.0,1.5424495951785855,0.0,106.99305555555556,116.0,0.075,0.011081425900457716,106,55.0,0,0.0,,,HPA-r0,flash_step,324
80.0,2.33656573524077,0.0,106.83194444444445,107.0,0.075,0.0067753277529548515,93,80.0,0,0.0,,,HPA-r0,flash_step,325
60.0,1.8420274735570508,0.0,106.41388888888889,120.0,0.075,0.0016809484462351363,121,35.0,0,0.0,,,HPA-r0,flash_step,326
40.0,0.8882490141372101,0.0,95.84305555555555,82.0,0.075,0.07345607166773194,87,40.0,0,0.0,,,HPA-r0,flash_step,327
55.0,1.9293171914096519,0.0,101.19027777777778,94.0,0.075,0.02414336812964139,102,55.0,0,0.0,,,HPA-r0,flash_step,328
55.0,2.3061948476826744,0.0,97.39583333333333,92.0,0.075,0.012441938928965616,107,50.0,0,0.0,,,HPA-r0,flash_step,329
45.0,0.7011274396487077,0.0,105.55972222222222,110.0,0.075,0.0444121883950035,98,45.0,0,0.0,,,HPA-r0,flash_step,330
60.0,1.621458557617017,0.0,103.80972222222222,107.0,0.075,0.005743394409799985,90,60.0,0,0.0,,,HPA-r0,flash_step,331
75.0,1.976433232420105,0.0,107.64444444444445,120.0,0.075,0.01659145880088072,119,65.0,0,0.0,,,HPA-r0,flash_step,332
20.0,0.4565231771439304,0.0,105.35277777777777,120.0,0.075,0.10989820359560948,120,20.0,0,0.0,,,HPA-r0,flash_step,333
70.0,2.708141428272859,0.0,108.77222222222223,117.0,0.075,0.0006237353435512036,103,70.0,0,0.0,,,HPA-r0,flash_step,334
75.0,2.136249031968962,0.0,106.15277777777777,115.0,0.07500000000000004,0.004886025789824177,115,65.0,0,0.0,,,HPA-r0,flash_step,335
50.0,1.5724503318159555,0.0,109.94444444444444,120.0,0.075,0.0027446421820435944,113,50.0,0,0.0,,,HPA-r0,flash_step,336
85.0,2.7931797885145437,0.0,104.6875,105.0,0.075,0.012059334696186676,104,85.0,0,0.0,,,HPA-r0,flash_step,337
70.0,1.3845795070483113,0.0,105.3875,120.0,0.075,0.035323779932299,121,50.0,0,0.0,,,HPA-r0,flash_step,338
30.0,1.048513141435592,0.0,108.33611111111111,120.0,0.075,0.03542791908311137,108,30.0,0,0.0,,,HPA-r0,flash_step,339
60.0,1.9788673319252048,0.0,101.92361111111111,120.0,0.075,0.0004463119575383278,236,40.0,0,0.0,,,HPA-fast-r0,flash_step,300
45.0,1.32762481816594,0.0,97.55694444444444,112.0,0.075,0.0004104308038455218,178,45.0,0,0.0,,,HPA-fast-r0,flash_step,301
15.0,0.2085362291286641,0.0,101.4,120.0,0.075,0.5535437053044856,265,5.0,0,0.0,,,HPA-fast-r0,flash_step,302
25.0,0.19804311428284205,0.0,93.67916666666666,94.0,0.075,0.5620306139097898,178,30.0,0,0.0,,,HPA-fast-r0,flash_step,303
45.0,1.2248118629121452,0.0,100.44583333333334,120.0,0.075,0.017940652695968794,224,45.0,0,0.0,,,HPA-fast-r0,flash_step,304
35.0,1.555169014594615,0.0,97.3125,105.0,0.075,0.003810580486590887,221,35.0,0,0.0,,,HPA-fast-r0,flash_step,305
45.0,1.5642975051384345,0.0,100.95,120.0,0.075,0.015194781028065875,228,45.0,0,0.0,,,HPA-fast-r0,flash_step,306
40.0,1.240840256575193,0.0,94.60833333333333,94.0,0.075,0.00522771112219434,174,40.0,0,0.0,,,HPA-fast-r0,flash_step,307
15.0,0.7779072965979461,0.0,100.76666666666667,120.0,0.075,0.024106310495074054,310,15.0,0,0.0,,,HPA-fast-r0,flash_step,308
15.0,0.07761410172245631,0.0,93.00555555555556,93.0,0.075,0.8462881106940308,161,15.0,0,0.0,,,HPA-fast-r0,flash_step,309
35.0,1.6938351950203434,0.0,100.40694444444445,107.0,0.075,0.025183469661508903,210,35.0,0,0.0,,,HPA-fast-r0,flash_step,310
45.0,1.6324319916574015,0.0,97.99166666666666,111.0,0.075,0.012007783632696018,251,45.0,0,0.0,,,HPA-fast-r0,flash_step,311
15.0,0.1821608390174867,0.0,102.43472222222222,120.0,0.075,0.5200666635834373,219,15.0,0,0.0,,,HPA-fast-r0,flash_step,312
30.0,0.5051225498105993,0.0,95.95694444444445,115.0,0.075,0.1784953176475053,189,30.0,0,0.0,,,HPA-fast-r0,flash_step,313
15.0,0.1003009286601797,0.0,101.32916666666667,120.0,0.075,0.7716177436390602,272,20.0,0,0.0,,,HPA-fast-r0,flash_step,314
35.0,0.8913095993068554,0.0,95.99444444444444,120.0,0.075,0.01981256779218434,226,35.0,0,0.0,,,HPA-fast-r0,flash_step,315
30.0,0.8639526581436408,0.0,101.25555555555556,120.0,0.075,0.030920480530573273,210,30.0,0,0.0,,,HPA-fast-r0,flash_step,316
30.0,0.6792684740330679,0.0,98.83194444444445,109.0,0.075,0.18869305609873702,249,15.0,0,0.0,,,HPA-fast-r0,flash_step,317
45.0,1.3452899945914476,0.0,100.60972222222222,120.0,0.075,0.0010690518049371884,215,45.0,0,0.0,,,HPA-fast-r0,flash_step,318
30.0,0.8007477184286627,0.0,99.83194444444445,120.0,0.075,0.01647837917664149,205,30.0,0,0.0,,,HPA-fast-r0,flash_step,319
20.0,0.836978683820977,0.0,100.93611111111112,120.0,0.075,0.013667748048503391,312,20.0,0,0.0,,,HPA-fast-r0,flash_step,320
30.0,0.9139847046415461,0.0,98.07083333333334,120.0,0.07500000000000004,0.021077887209539903,189,30.0,0,0.0,,,HPA-fast-r0,flash_step,321
30.0,0.8720470498754351,0.0,99.40416666666667,120.0,0.07500000000000004,0.001958889619815557,220,30.0,0,0.0,,,HPA-fast-r0,flash_step,322
45.0,1.734953016598717,0.0,99.52361111111111,120.0,0.075,0.008658478273995606,259,45.0,0,0.0,,,HPA-fast-r0,flash_step,323
40.0,1.0332566738344373,0.0,99.21805555555555,120.0,0.075,0.03722874151172843,234,40.0,0,0.0,,,HPA-fast-r0,flash_step,324
40.0,1.0242854309359228,0.0,99.825,120.0,0.075,0.0060990997981504,189,40.0,0,0.0,,,HPA-fast-r0,flash_step,325
15.0,0.7737067077199677,0.0,100.56527777777778,120.0,0.075,0.020807861205944755,309,15.0,0,0.0,,,HPA-fast-r0,flash_step,326
35.0,0.7369518743023828,0.0,92.42222222222222,90.0,0.075,0.07345607166773194,168,35.0,0,0.0,,,HPA-fast-r0,flash_step,327
40.0,1.1125116950211345,0.0,98.55972222222222,104.0,0.075,0.0162435226381854,189,40.0,0,0.0,,,HPA-fast-r0,flash_step,328
40.0,1.9842236054327778,0.0,99.14583333333333,109.0,0.075,0.0005419701735609337,234,40.0,0,0.0,,,HPA-fast-r0,flash_step,329
30.0,0.427426373718065,0.0,99.73472222222222,120.0,0.075,0.31041414217920715,210,30.0,0,0.0,,,HPA-fast-r0,flash_step,330
30.0,0.4696521111909102,0.0,96.15277777777777,113.0,0.075,0.07131924644060415,163,40.0,0,0.0,,,HPA-fast-r0,flash_step,331
10.0,0.09767158991282887,0.0,100.96944444444445,120.0,0.075,0.714505954165627,276,10.0,0,0.0,,,HPA-fast-r0,flash_step,332
30.0,0.7438157912756038,0.0,94.29861111111111,120.0,0.075,0.025124176741191825,205,30.0,0,0.0,,,HPA-fast-r0,flash_step,333
25.0,0.4537181346912722,0.0,101.45972222222223,113.0,0.075,0.1301434590783548,200,20.0,0,0.0,,,HPA-fast-r0,flash_step,334
60.0,1.494173276913613,0.0,102.45555555555555,120.0,0.075,0.020655641508484774,265,65.0,0,0.0,,,HPA-fast-r0,flash_step,335
45.0,1.3345933663602372,0.0,102.01944444444445,120.0,0.075,0.028528402172652338,242,45.0,0,0.0,,,HPA-fast-r0,flash_step,336
45.0,1.4936723501131954,0.0,96.54027777777777,118.0,0.075,0.026663727482979793,202,45.0,0,0.0,,,HPA-fast-r0,flash_step,337
0.0,0.0014275786088924214,0.0,98.06388888888888,120.0,0.075,0.9929961687664374,280,0.0,0,0.0,,,HPA-fast-r0,flash_step,338
30.0,1.1883056315845408,0.0,95.86805555555556,120.0,0.075,0.026900824674569657,200,30.0,0,0.0,,,HPA-fast-r0,flash_step,339
25.0,1.0207443556130014,0.0,129.26944444444445,120.0,0.075,0.03181930330701617,137,25.0,0,0.0,,,HPA-45-r0,flash_step,300
30.0,0.7472691695718181,0.0,129.00972222222222,120.0,0.075,0.03606382668056399,116,30.0,0,0.0,,,HPA-45-r0,flash_step,301
10.0,0.03707987753244213,0.0,125.43888888888888,120.0,0.075,0.9369687257762505,125,10.0,0,0.0,,,HPA-45-r0,flash_step,302
0.0,0.02075105069985206,0.0,125.83055555555555,113.0,0.075,0.955470068263637,80,0.0,0,0.0,,,HPA-45-r0,flash_step,303
30.0,0.25463619606646004,0.0,129.16944444444445,120.0,0.075,0.5824092829599558,132,30.0,0,0.0,,,HPA-45-r0,flash_step,304
35.0,1.2319273546487541,0.0,125.37638888888888,120.0,0.075,0.030672915590837103,113,30.0,0,0.0,,,HPA-45-r0,flash_step,305
50.0,1.6786311455935343,0.0,127.89583333333333,120.0,0.07500000000000007,0.025531449775234315,135,45.0,0,0.0,,,HPA-45-r0,flash_step,306
50.0,1.4963701977518729,0.0,128.37083333333334,120.0,0.075,0.013655223333603484,114,50.0,0,0.0,,,HPA-45-r0,flash_step,307
10.0,0.3660356891772243,0.0,127.33472222222223,120.0,0.075,0.36781969606881876,140,10.0,0,0.0,,,HPA-45-r0,flash_step,308
0.0,0.0,0.0,121.44027777777778,102.0,0.075,1.0,98,0.0,0,0.0,,,HPA-45-r0,flash_step,309
40.0,1.5556178413268174,0.0,130.50416666666666,120.0,0.075,0.029692656470431556,107,40.0,0,0.0,,,HPA-45-r0,flash_step,310
20.0,0.40852506135584665,0.0,126.1361111111111,120.0,0.075,0.2914380316665854,144,20.0,0,0.0,,,HPA-45-r0,flash_step,311
25.0,0.795294031221705,0.0,126.9875,120.0,0.075,0.026631708129789138,123,25.0,0,0.0,,,HPA-45-r0,flash_step,312
20.0,0.6332237191318812,0.0,129.23472222222222,120.0,0.075,0.1220702428733808,122,20.0,0,0.0,,,HPA-45-r0,flash_step,313
5.0,0.030316518405315573,0.0,126.63055555555556,120.0,0.075,0.9189079090198015,145,5.0,0,0.0,,,HPA-45-r0,flash_step,314
0.0,0.0,0.0,127.8861111111111,120.0,0.075,1.0,144,0.0,0,0.0,,,HPA-45-r0,flash_step,315
15.0,0.08879723172340315,0.0,129.64027777777778,120.0,0.075,0.7318889521785461,112,15.0,0,0.0,,,HPA-45-r0,flash_step,316
0.0,0.008778190385938522,0.0,125.09027777777777,120.0,0.075,0.9836013965996391,134,0.0,0,0.0,,,HPA-45-r0,flash_step,317
10.0,0.06249800967628172,0.0,128.6236111111111,120.0,0.075,0.8053722962154367,125,10.0,0,0.0,,,HPA-45-r0,flash_step,318
20.0,0.0991198675919458,0.0,128.36527777777778,120.0,0.075,0.7802903011260116,132,20.0,0,0.0,,,HPA-45-r0,flash_step,319
25.0,0.8788821632566113,0.0,127.25833333333334,120.0,0.075,0.03540213856891568,140,20.0,0,0.0,,,HPA-45-r0,flash_step,320
0.0,0.009847395843831652,0.0,128.30972222222223,120.0,0.075,0.9621962693190415,129,0.0,0,0.0,,,HPA-45-r0,flash_step,321
10.0,0.049940221112865224,0.0,126.3861111111111,120.0,0.075,0.8896933964105443,108,10.0,0,0.0,,,HPA-45-r0,flash_step,322
35.0,0.8542118995998327,0.0,126.16666666666667,120.0,0.075,0.03563761871456523,146,40.0,0,0.0,,,HPA-45-r0,flash_step,323
10.0,0.05345052444161169,0.0,127.14166666666667,120.0,0.075,0.8733548058278822,136,10.0,0,0.0,,,HPA-45-r0,flash_step,324
35.0,0.8977482930944247,0.0,127.54861111111111,120.0,0.075,0.04145451265357203,118,35.0,0,0.0,,,HPA-45-r0,flash_step,325
15.0,0.47094214627448894,0.0,127.56944444444444,120.0,0.075,0.16485698530241988,144,15.0,0,0.0,,,HPA-45-r0,flash_step,326
0.0,0.0,0.0,120.68472222222222,103.0,0.075,1.0,98,0.0,0,0.0,,,HPA-45-r0,flash_step,327
35.0,0.970152445147654,0.0,129.66944444444445,120.0,0.075,0.03451240932757728,117,35.0,0,0.0,,,HPA-45-r0,flash_step,328
45.0,1.9299285931634214,0.0,124.7388888888889,120.0,0.075,0.007616736491689284,124,45.0,0,0.0,,,HPA-45-r0,flash_step,329
0.0,0.0,0.0,126.47083333333333,120.0,0.075,1.0,128,0.0,0,0.0,,,HPA-45-r0,flash_step,330
0.0,0.0,0.0,126.35972222222222,120.0,0.075,1.0,110,0.0,0,0.0,,,HPA-45-r0,flash_step,331
10.0,0.04083214722025996,0.0,127.0875,120.0,0.075,0.8946184525105119,138,10.0,0,0.0,,,HPA-45-r0,flash_step,332
0.0,0.0,0.0,125.22916666666667,120.0,0.075,1.0,132,0.0,0,0.0,,,HPA-45-r0,flash_step,333
25.0,0.8286408609655571,0.0,129.4763888888889,120.0,0.075,0.05902718076626406,112,25.0,0,0.0,,,HPA-45-r0,flash_step,334
30.0,0.7491942308422095,0.0,127.19444444444444,120.0,0.075,0.13097268625333794,140,25.0,0,0.0,,,HPA-45-r0,flash_step,335
30.0,0.8346119022613951,0.0,127.97777777777777,120.0,0.075,0.03567870456105728,124,30.0,0,0.0,,,HPA-45-r0,flash_step,336
45.0,1.3707465179936928,0.0,128.15416666666667,120.0,0.075,0.008457484789595888,108,45.0,0,0.0,,,HPA-45-r0,flash_step,337
0.0,0.0,0.0,124.73333333333333,120.0,0.075,1.0,135,0.0,0,0.0,,,HPA-45-r0,flash_step,338
0.0,0.012017996569735345,0.0,128.48194444444445,120.0,0.075,0.9526124297882972,120,0.0,0,0.0,,,HPA-45-r0,flash_step,339
25.0,0.717263462220119,0.0,146.10555555555555,120.0,0.075,0.04511332878313727,132,25.0,0,0.0,,,PredHPA-r0,flash_step,300
0.0,0.0,0.0,144.9625,120.0,0.075,1.0,129,0.0,0,0.0,,,PredHPA-r0,flash_step,301
5.0,0.026766695161939413,0.0,148.56944444444446,120.0,0.075,0.9463682752252522,108,5.0,0,0.0,,,PredHPA-r0,flash_step,302
0.0,0.0,0.0,144.14166666666668,120.0,0.075,1.0,113,0.0,0,0.0,,,PredHPA-r0,flash_step,303
0.0,0.0,0.0,151.9875,120.0,0.075,1.0,131,0.0,0,0.0,,,PredHPA-r0,flash_step,304
15.0,0.2997688567244361,0.0,155.39583333333334,120.0,0.075,0.5303663973483405,137,15.0,0,0.0,,,PredHPA-r0,flash_step,305
10.0,0.045297247707942745,0.0,143.4777777777778,120.0,0.075,0.8723775181525736,136,10.0,0,0.0,,,PredHPA-r0,flash_step,306
0.0,0.0,0.0,143.35416666666666,120.0,0.075,1.0,121,0.0,0,0.0,,,PredHPA-r0,flash_step,307
5.0,0.03395663440128871,0.0,149.4875,120.0,0.075,0.9323572772848762,126,5.0,0,0.0,,,PredHPA-r0,flash_step,308
0.0,0.0,0.0,144.9625,120.0,0.075,1.0,98,0.0,0,0.0,,,PredHPA-r0,flash_step,309
35.0,1.3765660554697412,0.0,153.5625,120.0,0.075,0.03176059996034182,133,35.0,0,0.0,,,PredHPA-r0,flash_step,310
0.0,0.0,0.0,155.32222222222222,120.0,0.075,1.0,140,0.0,0,0.0,,,PredHPA-r0,flash_step,311
0.0,0.0,0.0,145.2097222222222,120.0,0.075,1.0,148,0.0,0,0.0,,,PredHPA-r0,flash_step,312
0.0,0.0,0.0,143.4,120.0,0.075,1.0,127,0.0,0,0.0,,,PredHPA-r0,flash_step,313
0.0,0.0,0.0,151.8138888888889,120.0,0.075,1.0,158,0.0,0,0.0,,,PredHPA-r0,flash_step,314
0.0,0.0,0.0,144.80138888888888,120.0,0.075,1.0,126,0.0,0,0.0,,,PredHPA-r0,flash_step,315
0.0,0.0,0.0,153.19722222222222,120.0,0.075,1.0,128,0.0,0,0.0,,,PredHPA-r0,flash_step,316
0.0,0.0,0.0,155.69027777777777,120.0,0.075,1.0,145,0.0,0,0.0,,,PredHPA-r0,flash_step,317
0.0,0.0,0.0,149.08194444444445,120.0,0.075,1.0,170,0.0,0,0.0,,,PredHPA-r0,flash_step,318
0.0,0.0,0.0,143.90694444444443,120.0,0.075,1.0,133,0.0,0,0.0,,,PredHPA-r0,flash_step,319
5.0,0.05469698377467136,0.0,149.0361111111111,120.0,0.075,0.9166746649650334,134,5.0,0,0.0,,,PredHPA-r0,flash_step,320
0.0,0.0,0.0,145.01388888888889,120.0,0.075,1.0,122,0.0,0,0.0,,,PredHPA-r0,flash_step,321
0.0,0.0,0.0,151.79583333333332,120.0,0.075,1.0,127,0.0,0,0.0,,,PredHPA-r0,flash_step,322
0.0,0.0,0.0,152.04305555555555,120.0,0.075,1.0,146,0.0,0,0.0,,,PredHPA-r0,flash_step,323
0.0,0.0,0.0,145.99305555555554,120.0,0.075,1.0,162,0.0,0,0.0,,,PredHPA-r0,flash_step,324
10.0,0.0300514928905371,0.0,142.18055555555554,120.0,0.075,0.9213097539422128,130,10.0,0,0.0,,,PredHPA-r0,flash_step,325
5.0,0.04323758337059225,0.0,148.39583333333334,120.0,0.075,0.9152699549532111,129,5.0,0,0.0,,,PredHPA-r0,flash_step,326
0.0,0.0,0.0,144.10833333333332,120.0,0.075,1.0,98,0.0,0,0.0,,,PredHPA-r0,flash_step,327
15.0,0.5945793576955127,0.0,151.77777777777777,120.0,0.075,0.07072194364516483,133,15.0,0,0.0,,,PredHPA-r0,flash_step,328
15.0,0.14250200155435655,0.0,155.1027777777778,120.0,0.075,0.760363369945414,130,15.0,0,0.0,,,PredHPA-r0,flash_step,329
0.0,0.0,0.0,147.38055555555556,120.0,0.075,1.0,160,0.0,0,0.0,,,PredHPA-r0,flash_step,330
0.0,0.0,0.0,144.6013888888889,120.0,0.075,1.0,113,0.0,0,0.0,,,PredHPA-r0,flash_step,331
0.0,0.0,0.0,151.31666666666666,120.0,0.075,1.0,136,0.0,0,0.0,,,PredHPA-r0,flash_step,332
0.0,0.0,0.0,145.98611111111111,120.0,0.075,1.0,133,0.0,0,0.0,,,PredHPA-r0,flash_step,333
0.0,0.0,0.0,153.25416666666666,120.0,0.075,1.0,125,0.0,0,0.0,,,PredHPA-r0,flash_step,334
0.0,0.0,0.0,155.59722222222223,120.0,0.075,1.0,136,0.0,0,0.0,,,PredHPA-r0,flash_step,335
15.0,0.3101649397839079,0.0,146.9736111111111,120.0,0.075,0.378165924964047,145,15.0,0,0.0,,,PredHPA-r0,flash_step,336
0.0,0.0,0.0,143.89305555555555,120.0,0.075,1.0,114,0.0,0,0.0,,,PredHPA-r0,flash_step,337
0.0,0.0,0.0,146.99444444444444,120.0,0.075,1.0,145,0.0,0,0.0,,,PredHPA-r0,flash_step,338
0.0,0.0,0.0,146.33194444444445,120.0,0.075,1.0,109,0.0,0,0.0,,,PredHPA-r0,flash_step,339
55.0,1.6284945096089243,0.0,147.05972222222223,120.0,0.075,0.00018286456450963584,135,55.0,0,0.0,,,PredHPA-r1,flash_step,300
0.0,0.0,0.0,144.9625,120.0,0.075,1.0,129,0.0,0,0.0,,,PredHPA-r1,flash_step,301
5.0,0.026766695161939413,0.0,148.56944444444446,120.0,0.075,0.9463682752252522,108,5.0,0,0.0,,,PredHPA-r1,flash_step,302
0.0,0.0,0.0,144.14166666666668,120.0,0.075,1.0,113,0.0,0,0.0,,,PredHPA-r1,flash_step,303
0.0,0.0,0.0,151.9875,120.0,0.075,1.0,131,0.0,0,0.0,,,PredHPA-r1,flash_step,304
15.0,0.34029152466878987,0.0,155.62083333333334,120.0,0.075,0.5074899151523607,138,15.0,0,0.0,,,PredHPA-r1,flash_step,305
5.0,0.02503098909003576,0.0,145.57916666666668,120.0,0.075,0.9025225635595151,155,5.0,0,0.0,,,PredHPA-r1,flash_step,306
0.0,0.0,0.0,143.35416666666666,120.0,0.075,1.0,121,0.0,0,0.0,,,PredHPA-r1,flash_step,307
10.0,0.05557476356160551,0.0,149.49583333333334,120.0,0.075,0.9323572772848762,126,10.0,0,0.0,,,PredHPA-r1,flash_step,308
0.0,0.0,0.0,144.9625,120.0,0.075,1.0,98,0.0,0,0.0,,,PredHPA-r1,flash_step,309
35.0,1.3765660554697412,0.0,153.5625,120.0,0.075,0.03176059996034182,133,35.0,0,0.0,,,PredHPA-r1,flash_step,310
0.0,0.0,0.0,156.025,120.0,0.075,1.0,142,0.0,0,0.0,,,PredHPA-r1,flash_step,311
0.0,0.0,0.0,146.8388888888889,120.0,0.075,1.0,153,0.0,0,0.0,,,PredHPA-r1,flash_step,312
0.0,0.0,0.0,143.4,120.0,0.075,1.0,127,0.0,0,0.0,,,PredHPA-r1,flash_step,313
0.0,0.0,0.0,151.8138888888889,120.0,0.075,1.0,158,0.0,0,0.0,,,PredHPA-r1,flash_step,314
0.0,0.0,0.0,144.80138888888888,120.0,0.075,1.0,126,0.0,0,0.0,,,PredHPA-r1,flash_step,315
0.0,0.0,0.0,153.19722222222222,120.0,0.075,1.0,128,0.0,0,0.0,,,PredHPA-r1,flash_step,316
0.0,0.0,0.0,157.00555555555556,120.0,0.075,1.0,147,0.0,0,0.0,,,PredHPA-r1,flash_step,317
0.0,0.0,0.0,149.61111111111111,120.0,0.075,1.0,166,0.0,0,0.0,,,PredHPA-r1,flash_step,318
0.0,0.0,0.0,143.90694444444443,120.0,0.075,1.0,133,0.0,0,0.0,,,PredHPA-r1,flash_step,319
10.0,0.09672364147962353,0.0,149.04861111111111,120.0,0.075,0.8808741200387868,134,10.0,0,0.0,,,PredHPA-r1,flash_step,320
0.0,0.0,0.0,145.01388888888889,120.0,0.075,1.0,122,0.0,0,0.0,,,PredHPA-r1,flash_step,321
0.0,0.0,0.0,151.79583333333332,120.0,0.075,1.0,127,0.0,0,0.0,,,PredHPA-r1,flash_step,322
0.0,0.0,0.0,154.13333333333333,120.0,0.075,1.0,157,0.0,0,0.0,,,PredHPA-r1,flash_step,323
0.0,0.0,0.0,148.05138888888888,120.0,0.075,1.0,173,0.0,0,0.0,,,PredHPA-r1,flash_step,324
25.0,0.207268282007933,0.0,142.18055555555554,120.0,0.075,0.34300306371162614,129,25.0,0,0.0,,,PredHPA-r1,flash_step,325
10.0,0.07139283753491155,0.0,148.4,120.0,0.075,0.9152699549532111,129,10.0,0,0.0,,,PredHPA-r1,flash_step,326
0.0,0.0,0.0,144.10833333333332,120.0,0.075,1.0,98,0.0,0,0.0,,,PredHPA-r1,flash_step,327
20.0,0.633365512464068,0.0,151.77777777777777,120.0,0.075,0.07072194364516483,138,20.0,0,0.0,,,PredHPA-r1,flash_step,328
15.0,0.556589386977413,0.0,156.04583333333332,120.0,0.075,0.25688442468962985,132,15.0,0,0.0,,,PredHPA-r1,flash_step,329
0.0,0.0,0.0,147.05,120.0,0.075,1.0,162,0.0,0,0.0,,,PredHPA-r1,flash_step,330
0.0,0.0,0.0,144.6013888888889,120.0,0.075,1.0,113,0.0,0,0.0,,,PredHPA-r1,flash_step,331
0.0,0.0,0.0,151.31666666666666,120.0,0.075,1.0,136,0.0,0,0.0,,,PredHPA-r1,flash_step,332
0.0,0.0,0.0,145.98611111111111,120.0,0.075,1.0,133,0.0,0,0.0,,,PredHPA-r1,flash_step,333
0.0,0.0,0.0,153.25416666666666,120.0,0.075,1.0,125,0.0,0,0.0,,,PredHPA-r1,flash_step,334
0.0,0.0,0.0,157.28333333333333,120.0,0.075,1.0,145,0.0,0,0.0,,,PredHPA-r1,flash_step,335
20.0,0.4979365776957234,0.0,148.8138888888889,120.0,0.075,0.18906150378347175,156,20.0,0,0.0,,,PredHPA-r1,flash_step,336
0.0,0.0,0.0,143.89305555555555,120.0,0.075,1.0,115,0.0,0,0.0,,,PredHPA-r1,flash_step,337
0.0,0.0,0.0,146.99444444444444,120.0,0.075,1.0,145,0.0,0,0.0,,,PredHPA-r1,flash_step,338
0.0,0.0,0.0,146.33194444444445,120.0,0.075,1.0,109,0.0,0,0.0,,,PredHPA-r1,flash_step,339
15.0,0.3207905251829124,0.0,122.93194444444444,120.0,0.075,0.4067891026888298,986,15.0,10,0.0,,,ARC,flash_step,300
20.0,0.29571875684439863,0.0,118.07083333333334,120.0,0.075,0.45364107968058887,941,20.0,10,0.0,,,ARC,flash_step,301
5.0,0.03382700562644114,0.0,122.84166666666667,120.0,0.075,0.8674707116603074,1012,0.0,10,0.0,,,ARC,flash_step,302
0.0,0.0,0.0,113.37361111111112,120.0,0.075,1.0,902,0.0,11,0.0,,,ARC,flash_step,303
10.0,0.15047833786688836,0.0,128.13194444444446,120.0,0.075,0.5027624500240231,958,10.0,10,10.0,,,ARC,flash_step,304
40.0,1.532053182687776,0.0,120.83888888888889,120.0,0.075,0.024246082560266138,1029,30.0,10,0.0,,,ARC,flash_step,305
10.0,0.04154677865993994,0.0,117.00694444444444,120.0,0.075,0.9111391736439128,906,10.0,10,0.0,,,ARC,flash_step,306
35.0,0.9498779024154747,0.0,114.98194444444445,120.0,0.075,0.0378758351545739,908,35.0,10,0.0,,,ARC,flash_step,307
10.0,0.03296766877368684,0.0,121.74722222222222,120.0,0.075,0.8307430913401098,1005,0.0,10,0.0,,,ARC,flash_step,308
35.0,0.8176297790468912,0.0,110.53055555555555,120.0,0.075,0.03817127641516225,834,35.0,11,0.0,,,ARC,flash_step,309
60.0,1.7070456254664412,0.0,120.99861111111112,120.0,0.075,0.02750391408826976,953,35.0,10,0.0,,,ARC,flash_step,310
10.0,0.02978231425758704,0.0,121.75833333333334,120.0,0.075,0.9185883829836212,1140,0.0,9,0.0,,,ARC,flash_step,311
0.0,0.0,0.0,115.90138888888889,120.0,0.075,1.0,989,0.0,10,0.0,,,ARC,flash_step,312
20.0,0.16102146387287908,0.0,114.97777777777777,120.0,0.075,0.36592302168900925,904,20.0,10,0.0,,,ARC,flash_step,313
80.0,1.2559858801377666,0.0,118.0111111111111,120.0,0.075,0.05942061614736729,994,40.0,10,0.0,,,ARC,flash_step,314
30.0,0.8835845312981983,0.0,119.11666666666666,120.0,0.075,0.0022909014359066672,935,30.0,10,0.0,,,ARC,flash_step,315
40.0,0.1581720097740047,0.0,125.70694444444445,120.0,0.075,0.8324892280596338,917,20.0,10,20.0,,,ARC,flash_step,316
15.0,0.3659323466811526,0.0,118.57916666666667,120.0,0.075,0.11017405678935373,1040,0.0,9,0.0,,,ARC,flash_step,317
0.0,0.00550554346006038,0.0,122.175,120.0,0.075,0.9818730001203144,912,0.0,10,0.0,,,ARC,flash_step,318
15.0,0.08645327125763602,0.0,116.83055555555555,120.0,0.075,0.8375397961964623,976,15.0,10,0.0,,,ARC,flash_step,319
80.0,1.2103929579201034,0.0,120.89305555555555,120.0,0.07500000000000007,0.02658772040272008,1014,30.0,10,0.0,,,ARC,flash_step,320
30.0,0.8983569042371964,0.0,119.91805555555555,120.0,0.07500000000000004,0.026513850365257878,883,30.0,10,0.0,,,ARC,flash_step,321
10.0,0.08576024250751546,0.0,122.65555555555555,120.0,0.075,0.41913338577268267,893,0.0,10,0.0,,,ARC,flash_step,322
20.0,0.12480730342130375,0.0,121.98055555555555,120.0,0.075,0.7740260139988816,1059,10.0,10,0.0,,,ARC,flash_step,323
0.0,0.0,0.0,121.98611111111111,120.0,0.075,1.0,961,0.0,10,0.0,,,ARC,flash_step,324
20.0,0.3896111053152129,0.0,114.08611111111111,120.0,0.075,0.11521272594922333,933,20.0,10,0.0,,,ARC,flash_step,325
5.0,0.015602209947662704,0.0,121.0513888888889,120.0,0.075,0.9216952159824378,979,0.0,10,0.0,,,ARC,flash_step,326
0.0,0.007139368759012665,0.0,120.08055555555555,120.0,0.075,0.9668064294663568,940,0.0,11,0.0,,,ARC,flash_step,327
20.0,0.4160134705414875,0.0,123.95972222222223,120.0,0.075,0.18101470769980296,959,20.0,10,0.0,,,ARC,flash_step,328
35.0,1.0990649806895458,0.0,127.28194444444445,120.0,0.075,0.07111551329558069,1072,25.0,9,0.0,,,ARC,flash_step,329
0.0,0.0,0.0,122.80416666666666,120.0,0.075,1.0,936,0.0,10,0.0,,,ARC,flash_step,330
20.0,0.27907319731008684,0.0,115.71388888888889,120.0,0.075,0.27864501299623984,894,20.0,10,0.0,,,ARC,flash_step,331
15.0,0.09572173774744508,0.0,121.06805555555556,120.0,0.075,0.6182173665110556,993,0.0,10,0.0,,,ARC,flash_step,332
15.0,0.053316573156692026,0.0,118.22777777777777,120.0,0.075,0.8711740770069952,855,15.0,10,15.0,,,ARC,flash_step,333
10.0,0.024363785272685234,0.0,118.80416666666666,120.0,0.075,0.8890990322508973,965,0.0,9,0.0,,,ARC,flash_step,334
20.0,0.43941495913830675,0.0,124.49166666666666,120.0,0.075,0.30747046085932767,1115,20.0,9,0.0,,,ARC,flash_step,335
35.0,0.7181017641886056,0.0,121.075,120.0,0.075,0.02764637486941776,1008,20.0,9,0.0,,,ARC,flash_step,336
40.0,1.4252112680590012,0.0,118.96666666666667,120.0,0.075,0.0006117285251675595,908,40.0,10,0.0,,,ARC,flash_step,337
50.0,0.8245062678647774,0.0,116.15277777777777,120.0,0.075,0.014889587044082662,944,30.0,11,0.0,,,ARC,flash_step,338
30.0,1.1903022837464583,0.0,111.30416666666666,120.0,0.075,0.029654613459997866,925,30.0,11,0.0,,,ARC,flash_step,339
15.0,0.3207905251829124,0.0,122.93194444444444,120.0,0.075,0.4067891026888298,986,15.0,10,0.0,,,ARC-r0,flash_step,300
15.0,0.19245908835222592,0.0,119.0111111111111,120.0,0.075,0.45364107968058887,945,15.0,10,0.0,,,ARC-r0,flash_step,301
5.0,0.028004389299751686,0.0,122.84166666666667,120.0,0.075,0.8977070040831924,1012,0.0,10,0.0,,,ARC-r0,flash_step,302
0.0,0.0,0.0,113.37361111111112,120.0,0.075,1.0,902,0.0,11,0.0,,,ARC-r0,flash_step,303
10.0,0.06021070757130653,0.0,128.13194444444446,120.0,0.075,0.8349746800176585,958,10.0,10,10.0,,,ARC-r0,flash_step,304
40.0,1.458061068450922,0.0,121.45416666666667,120.0,0.075,0.024246082560266138,1036,30.0,10,0.0,,,ARC-r0,flash_step,305
5.0,0.023898035798697315,0.0,116.19305555555556,120.0,0.075,0.9161020510920698,928,5.0,10,0.0,,,ARC-r0,flash_step,306
30.0,0.9132555424711808,0.0,114.98333333333333,120.0,0.075,0.0378758351545739,909,30.0,10,0.0,,,ARC-r0,flash_step,307
10.0,0.03296766877368684,0.0,121.74722222222222,120.0,0.075,0.8307430913401098,1005,0.0,10,0.0,,,ARC-r0,flash_step,308
30.0,0.763421816497023,0.0,110.53055555555555,120.0,0.075,0.03817127641516225,834,30.0,11,0.0,,,ARC-r0,flash_step,309
60.0,1.6287470873081356,0.0,120.99861111111112,120.0,0.075,0.02750391408826976,952,35.0,10,0.0,,,ARC-r0,flash_step,310
10.0,0.02978231425758704,0.0,121.75833333333334,120.0,0.075,0.9185883829836212,1140,0.0,9,0.0,,,ARC-r0,flash_step,311
0.0,0.0,0.0,115.90138888888889,120.0,0.075,1.0,989,0.0,10,0.0,,,ARC-r0,flash_step,312
20.0,0.1437471071980445,0.0,114.97777777777777,120.0,0.075,0.5011141886895633,904,20.0,10,0.0,,,ARC-r0,flash_step,313
60.0,0.6722885376553522,0.0,118.06805555555556,120.0,0.075,0.17981659604923486,995,35.0,10,0.0,,,ARC-r0,flash_step,314
30.0,0.8413536167627744,0.0,119.11666666666666,120.0,0.075,0.0036738551622599994,936,30.0,10,0.0,,,ARC-r0,flash_step,315
30.0,0.14117181557866676,0.0,126.18888888888888,120.0,0.075,0.7139713456049884,939,20.0,10,20.0,,,ARC-r0,flash_step,316
15.0,0.3659323466811526,0.0,118.57916666666667,120.0,0.075,0.11017405678935373,1040,0.0,9,0.0,,,ARC-r0,flash_step,317
0.0,0.00550554346006038,0.0,122.175,120.0,0.075,0.9818730001203144,912,0.0,10,0.0,,,ARC-r0,flash_step,318
15.0,0.07950099309415037,0.0,116.83055555555555,120.0,0.075,0.8375397961964623,976,15.0,10,0.0,,,ARC-r0,flash_step,319
75.0,0.9843156148400589,0.0,120.92222222222222,120.0,0.07500000000000007,0.054537774800490074,1025,30.0,10,0.0,,,ARC-r0,flash_step,320
30.0,0.8983569042371964,0.0,119.91805555555555,120.0,0.07500000000000004,0.026513850365257878,883,30.0,10,0.0,,,ARC-r0,flash_step,321
15.0,0.06584146876530417,0.0,120.63333333333334,120.0,0.075,0.7400678943339628,881,5.0,9,0.0,,,ARC-r0,flash_step,322
20.0,0.10198976472519661,0.0,122.15416666666667,120.0,0.075,0.85615548422303,1061,10.0,10,0.0,,,ARC-r0,flash_step,323
0.0,0.0,0.0,120.76805555555555,120.0,0.075,1.0,977,0.0,10,0.0,,,ARC-r0,flash_step,324
10.0,0.09770904262439428,0.0,113.96666666666667,120.0,0.075,0.6227676260593707,943,10.0,10,0.0,,,ARC-r0,flash_step,325
0.0,0.010770911704094388,0.0,121.0513888888889,120.0,0.075,0.9611463071537836,979,0.0,10,0.0,,,ARC-r0,flash_step,326
0.0,0.007139368759012665,0.0,120.08055555555555,120.0,0.075,0.9668064294663568,940,0.0,11,0.0,,,ARC-r0,flash_step,327
15.0,0.20197104270052169,0.0,122.72916666666667,120.0,0.075,0.6670425783593423,928,15.0,10,0.0,,,ARC-r0,flash_step,328
30.0,0.9332545385636659,0.0,127.28194444444445,120.0,0.075,0.07111551329558069,1072,25.0,9,0.0,,,ARC-r0,flash_step,329
0.0,0.0,0.0,122.80416666666666,120.0,0.075,1.0,936,0.0,10,0.0,,,ARC-r0,flash_step,330
20.0,0.27907319731008684,0.0,115.71388888888889,120.0,0.075,0.27864501299623984,894,20.0,10,0.0,,,ARC-r0,flash_step,331
15.0,0.0915905439868081,0.0,121.06805555555556,120.0,0.075,0.6182173665110556,993,0.0,10,0.0,,,ARC-r0,flash_step,332
15.0,0.053316573156692026,0.0,118.22777777777777,120.0,0.075,0.8711740770069952,855,15.0,10,15.0,,,ARC-r0,flash_step,333
10.0,0.020856868688623464,0.0,118.80416666666666,120.0,0.075,0.8890990322508973,965,0.0,9,0.0,,,ARC-r0,flash_step,334
20.0,0.4358578092098053,0.0,124.49166666666666,120.0,0.075,0.30747046085932767,1115,20.0,9,0.0,,,ARC-r0,flash_step,335
15.0,0.17209684141529236,0.0,118.91388888888889,120.0,0.075,0.6422886291040616,998,15.0,9,0.0,,,ARC-r0,flash_step,336
40.0,1.423298673596607,0.0,118.96666666666667,120.0,0.075,0.0007248596971960257,908,40.0,10,0.0,,,ARC-r0,flash_step,337
45.0,0.8646030790237624,0.0,116.21805555555555,120.0,0.075,0.014889587044082662,943,25.0,11,0.0,,,ARC-r0,flash_step,338
30.0,1.1903022837464583,0.0,111.30416666666666,120.0,0.075,0.029654613459997866,925,30.0,11,0.0,,,ARC-r0,flash_step,339
15.0,0.3207905251829124,0.0,122.93194444444444,120.0,0.075,0.4067891026888298,986,15.0,10,0.0,,,ARC-r1,flash_step,300
20.0,0.2736944475585701,0.0,118.07083333333334,120.0,0.075,0.45364107968058887,941,20.0,10,0.0,,,ARC-r1,flash_step,301
5.0,0.03348109073941785,0.0,122.84166666666667,120.0,0.075,0.8683226252720959,1012,0.0,10,0.0,,,ARC-r1,flash_step,302
0.0,0.0,0.0,113.37361111111112,120.0,0.075,1.0,902,0.0,11,0.0,,,ARC-r1,flash_step,303
10.0,0.14052967859656817,0.0,128.13194444444446,120.0,0.075,0.539016299680412,958,10.0,10,10.0,,,ARC-r1,flash_step,304
40.0,1.5262885181320907,0.0,120.83888888888889,120.0,0.075,0.024246082560266138,1029,30.0,10,0.0,,,ARC-r1,flash_step,305
10.0,0.03985599675061513,0.0,117.00694444444444,120.0,0.075,0.9130809994010022,906,10.0,10,0.0,,,ARC-r1,flash_step,306
35.0,0.9498779024154747,0.0,114.98194444444445,120.0,0.075,0.0378758351545739,908,35.0,10,0.0,,,ARC-r1,flash_step,307
10.0,0.03296766877368684,0.0,121.74722222222222,120.0,0.075,0.8307430913401098,1005,0.0,10,0.0,,,ARC-r1,flash_step,308
35.0,0.8176297790468912,0.0,110.53055555555555,120.0,0.075,0.03817127641516225,834,35.0,11,0.0,,,ARC-r1,flash_step,309
60.0,1.7004081650961012,0.0,120.99861111111112,120.0,0.075,0.02750391408826976,953,35.0,10,0.0,,,ARC-r1,flash_step,310
10.0,0.02978231425758704,0.0,121.75833333333334,120.0,0.075,0.9185883829836212,1140,0.0,9,0.0,,,ARC-r1,flash_step,311
0.0,0.0,0.0,115.90138888888889,120.0,0.075,1.0,989,0.0,10,0.0,,,ARC-r1,flash_step,312
20.0,0.1603830120689098,0.0,114.97777777777777,120.0,0.075,0.3709196213354656,904,20.0,10,0.0,,,ARC-r1,flash_step,313
80.0,1.2360299950257336,0.0,118.0111111111111,120.0,0.075,0.05950872886085242,994,40.0,10,0.0,,,ARC-r1,flash_step,314
30.0,0.8835845312981983,0.0,119.11666666666666,120.0,0.075,0.0022909014359066672,935,30.0,10,0.0,,,ARC-r1,flash_step,315
35.0,0.1297456672444408,0.0,125.70694444444445,120.0,0.075,0.8352684652746485,917,15.0,10,15.0,,,ARC-r1,flash_step,316
15.0,0.3659323466811526,0.0,118.57916666666667,120.0,0.075,0.11017405678935373,1040,0.0,9,0.0,,,ARC-r1,flash_step,317
0.0,0.00550554346006038,0.0,122.175,120.0,0.075,0.9818730001203144,912,0.0,10,0.0,,,ARC-r1,flash_step,318
15.0,0.08612154460131416,0.0,116.83055555555555,120.0,0.075,0.8375397961964623,976,15.0,10,0.0,,,ARC-r1,flash_step,319
80.0,1.1997810124574237,0.0,120.89305555555555,120.0,0.07500000000000007,0.034227768781637184,1014,30.0,10,0.0,,,ARC-r1,flash_step,320
30.0,0.8983569042371964,0.0,119.91805555555555,120.0,0.07500000000000004,0.026513850365257878,883,30.0,10,0.0,,,ARC-r1,flash_step,321
10.0,0.08359354604445812,0.0,122.65555555555555,120.0,0.075,0.4357965443998005,893,0.0,10,0.0,,,ARC-r1,flash_step,322
20.0,0.12281940812823855,0.0,121.98055555555555,120.0,0.075,0.7849169661275129,1059,10.0,10,0.0,,,ARC-r1,flash_step,323
0.0,0.0,0.0,121.98611111111111,120.0,0.075,1.0,961,0.0,10,0.0,,,ARC-r1,flash_step,324
25.0,0.4251665911123248,0.0,114.08611111111111,120.0,0.075,0.18378172454460381,933,25.0,10,0.0,,,ARC-r1,flash_step,325
5.0,0.015108534466967694,0.0,121.0513888888889,120.0,0.075,0.9227410205683884,979,0.0,10,0.0,,,ARC-r1,flash_step,326
0.0,0.007139368759012665,0.0,120.08055555555555,120.0,0.075,0.9668064294663568,940,0.0,11,0.0,,,ARC-r1,flash_step,327
15.0,0.393799015297025,0.0,123.95972222222223,120.0,0.075,0.2247585354709924,959,15.0,10,0.0,,,ARC-r1,flash_step,328
35.0,1.0859127715606043,0.0,127.28194444444445,120.0,0.075,0.07111551329558069,1072,25.0,9,0.0,,,ARC-r1,flash_step,329
0.0,0.0,0.0,122.80416666666666,120.0,0.075,1.0,936,0.0,10,0.0,,,ARC-r1,flash_step,330
20.0,0.27907319731008684,0.0,115.71388888888889,120.0,0.075,0.27864501299623984,894,20.0,10,0.0,,,ARC-r1,flash_step,331
15.0,0.09549368451247098,0.0,121.06805555555556,120.0,0.075,0.6182173665110556,993,0.0,10,0.0,,,ARC-r1,flash_step,332
15.0,0.053316573156692026,0.0,118.22777777777777,120.0,0.075,0.8711740770069952,855,15.0,10,15.0,,,ARC-r1,flash_step,333
10.0,0.024188229392274607,0.0,118.80416666666666,120.0,0.075,0.8890990322508973,965,0.0,9,0.0,,,ARC-r1,flash_step,334
20.0,0.43939434017603585,0.0,124.49166666666666,120.0,0.075,0.30747046085932767,1115,20.0,9,0.0,,,ARC-r1,flash_step,335
20.0,0.5432435676563929,0.0,119.45833333333333,120.0,0.075,0.04125081795789576,997,20.0,9,0.0,,,ARC-r1,flash_step,336
40.0,1.4251453002325998,0.0,118.96666666666667,120.0,0.075,0.0006151575685695868,908,40.0,10,0.0,,,ARC-r1,flash_step,337
50.0,0.823214657354665,0.0,116.18333333333334,120.0,0.075,0.014889587044082662,945,30.0,11,0.0,,,ARC-r1,flash_step,338
30.0,1.1903022837464583,0.0,111.30416666666666,120.0,0.075,0.029654613459997866,925,30.0,11,0.0,,,ARC-r1,flash_step,339
30.0,0.4949172691448567,0.0,76.96388888888889,46.0,0.075,0.02179023823871459,48,30.0,0,0.0,,,HPA-r0,kill_cascade,300
40.0,0.4894002275645848,0.0,76.13194444444444,51.0,0.075,0.05182635539497669,49,40.0,0,0.0,,,HPA-r0,kill_cascade,301
25.0,0.29790293030695914,0.0,77.7,56.0,0.075,0.18000000216171166,57,15.0,0,0.0,,,HPA-r0,kill_cascade,302
15.0,0.08608977128891082,0.0,78.65277777777777,54.0,0.075,0.18000000420098547,57,15.0,0,0.0,,,HPA-r0,kill_cascade,303
30.0,0.43309053766347194,0.0,78.35833333333333,49.0,0.075,0.02615029349276786,49,30.0,0,0.0,,,HPA-r0,kill_cascade,304
40.0,0.725840856234572,0.0,75.12361111111112,50.0,0.075,0.04834361895788721,64,25.0,0,0.0,,,HPA-r0,kill_cascade,305
15.0,0.24203870290315788,0.0,76.28611111111111,46.0,0.075,0.18000000142706563,48,15.0,0,0.0,,,HPA-r0,kill_cascade,306
30.0,0.4305681062857891,0.0,75.875,55.0,0.075,0.05163566463870728,49,30.0,0,0.0,,,HPA-r0,kill_cascade,307
30.0,0.13074507323216356,0.0,78.49027777777778,55.0,0.075,0.2893403180446054,59,15.0,0,0.0,,,HPA-r0,kill_cascade,308
15.0,0.18442816361839975,0.0,79.47638888888889,52.0,0.075,0.1800000019887873,63,15.0,0,0.0,,,HPA-r0,kill_cascade,309
30.0,0.6598112009406076,0.0,79.20694444444445,48.0,0.075,0.020975175953249863,59,30.0,0,0.0,,,HPA-r0,kill_cascade,310
40.0,0.5815533176125931,0.0,75.1763888888889,50.0,0.075,0.026196133438459304,57,30.0,0,0.0,,,HPA-r0,kill_cascade,311
25.0,0.23486228541571563,0.0,75.13472222222222,45.0,0.075,0.057737926197996746,44,25.0,0,0.0,,,HPA-r0,kill_cascade,312
30.0,0.25299283709140363,0.0,75.54305555555555,50.0,0.075,0.02280141367456282,45,30.0,0,0.0,,,HPA-r0,kill_cascade,313
50.0,0.4895901587661511,0.0,79.52222222222223,55.0,0.075,0.02878898287623116,62,35.0,0,0.0,,,HPA-r0,kill_cascade,314
15.0,0.08145489749065149,0.0,79.46527777777777,55.0,0.075,0.18000000453556816,57,15.0,0,0.0,,,HPA-r0,kill_cascade,315
30.0,0.44128547035847676,0.0,77.62222222222222,47.0,0.075,0.02608062817535825,50,30.0,0,0.0,,,HPA-r0,kill_cascade,316
30.0,0.33936155698739423,0.0,74.55972222222222,50.0,0.075,0.1800000019436769,59,15.0,0,0.0,,,HPA-r0,kill_cascade,317
20.0,0.30076618267032007,0.0,76.71111111111111,45.0,0.075,0.05287208868795842,47,20.0,0,0.0,,,HPA-r0,kill_cascade,318
5.0,0.005020070313943581,0.0,75.69305555555556,53.0,0.075,0.9144111269288921,48,5.0,0,0.0,,,HPA-r0,kill_cascade,319
40.0,0.22658898638595604,0.0,79.29444444444445,55.0,0.075,0.47304069607581145,63,15.0,0,0.0,,,HPA-r0,kill_cascade,320
30.0,0.3746633217867834,0.0,79.57916666666667,56.0,0.075,0.027598105151580368,59,30.0,0,0.0,,,HPA-r0,kill_cascade,321
25.0,0.3417123955769541,0.0,76.70277777777778,46.0,0.075,0.05288028960700868,58,25.0,0,0.0,,,HPA-r0,kill_cascade,322
45.0,0.7318192741296192,0.0,76.13055555555556,48.0,0.075,0.05062857328552756,60,30.0,0,0.0,,,HPA-r0,kill_cascade,323
0.0,0.0,0.0,74.60138888888889,44.0,0.075,1.0,43,0.0,0,0.0,,,HPA-r0,kill_cascade,324
20.0,0.2548377163217652,0.0,76.44444444444444,52.0,0.075,0.05259998970223307,51,20.0,0,0.0,,,HPA-r0,kill_cascade,325
25.0,0.12710987970040444,0.0,78.77361111111111,54.0,0.075,0.3898494686330436,57,10.0,0,0.0,,,HPA-r0,kill_cascade,326
0.0,0.0,0.0,78.59305555555555,53.0,0.075,1.0,60,0.0,0,0.0,,,HPA-r0,kill_cascade,327
15.0,0.17254481955043532,0.0,76.29444444444445,48.0,0.075,0.1800000022466367,59,15.0,0,0.0,,,HPA-r0,kill_cascade,328
30.0,0.6472378928914502,0.0,75.60694444444445,51.0,0.075,0.04688926516500188,54,25.0,0,0.0,,,HPA-r0,kill_cascade,329
25.0,0.25794022280223317,0.0,75.68472222222222,45.0,0.075,0.05529847143794921,45,25.0,0,0.0,,,HPA-r0,kill_cascade,330
25.0,0.28337563517319975,0.0,75.86111111111111,52.0,0.075,0.05585267678657078,48,25.0,0,0.0,,,HPA-r0,kill_cascade,331
40.0,0.4757302860150636,0.0,78.09305555555555,55.0,0.075,0.029192593923527136,60,25.0,0,0.0,,,HPA-r0,kill_cascade,332
25.0,0.29354703542482374,0.0,80.40972222222223,54.0,0.075,0.05540425943993907,62,25.0,0,0.0,,,HPA-r0,kill_cascade,333
20.0,0.2365116634059916,0.0,78.12916666666666,47.0,0.075,0.05434608304277801,55,20.0,0,0.0,,,HPA-r0,kill_cascade,334
25.0,0.35196643126022,0.0,75.73333333333333,51.0,0.075,0.1800000015435167,60,10.0,0,0.0,,,HPA-r0,kill_cascade,335
15.0,0.24224245645997344,0.0,75.99722222222222,46.0,0.075,0.18000000147539952,44,15.0,0,0.0,,,HPA-r0,kill_cascade,336
35.0,0.5069848183174908,0.0,75.79166666666667,53.0,0.075,0.013998002143869762,48,35.0,0,0.0,,,HPA-r0,kill_cascade,337
35.0,0.3328682885586076,0.0,79.12222222222222,55.0,0.075,0.05383030256544251,56,20.0,0,0.0,,,HPA-r0,kill_cascade,338
30.0,0.4912601640461478,0.0,79.07777777777778,54.0,0.075,0.05166590214570783,53,30.0,0,0.0,,,HPA-r0,kill_cascade,339
25.0,0.4723823067613986,0.0,79.73333333333333,51.0,0.075,0.02179023823871459,152,25.0,0,0.0,,,HPA-fast-r0,kill_cascade,300
35.0,0.450680687566285,0.0,78.37638888888888,58.0,0.075,0.05182635539497669,127,35.0,0,0.0,,,HPA-fast-r0,kill_cascade,301
15.0,0.17403208650358382,0.0,82.62361111111112,62.0,0.075,0.18000000216171166,206,15.0,0,0.0,,,HPA-fast-r0,kill_cascade,302
15.0,0.08608977128891082,0.0,77.79166666666667,57.0,0.075,0.18000000420098547,143,15.0,0,0.0,,,HPA-fast-r0,kill_cascade,303
30.0,0.43268451945417397,0.0,81.17916666666666,56.0,0.075,0.02615029349276786,152,30.0,0,0.0,,,HPA-fast-r0,kill_cascade,304
25.0,0.5659287241938094,0.0,78.61805555555556,63.0,0.075,0.04834361895788721,172,25.0,0,0.0,,,HPA-fast-r0,kill_cascade,305
15.0,0.24599067513767503,0.0,79.55416666666666,54.0,0.075,0.18000000142706563,138,15.0,0,0.0,,,HPA-fast-r0,kill_cascade,306
30.0,0.3573766554971325,0.0,77.76805555555555,57.0,0.075,0.05163566463870728,132,30.0,0,0.0,,,HPA-fast-r0,kill_cascade,307
15.0,0.08840374102114801,0.0,83.18055555555556,63.0,0.075,0.2893403180446054,215,15.0,0,0.0,,,HPA-fast-r0,kill_cascade,308
15.0,0.18442816361839975,0.0,77.51666666666667,58.0,0.075,0.1800000019887873,130,15.0,0,0.0,,,HPA-fast-r0,kill_cascade,309
30.0,0.6488230805410611,0.0,81.26527777777778,62.0,0.075,0.020975175953249863,162,30.0,0,0.0,,,HPA-fast-r0,kill_cascade,310
5.0,0.01249053037071235,0.0,79.3013888888889,63.0,0.075,0.8980857658348335,183,5.0,0,0.0,,,HPA-fast-r0,kill_cascade,311
25.0,0.23486228541571563,0.0,79.49166666666666,51.0,0.075,0.057737926197996746,145,25.0,0,0.0,,,HPA-fast-r0,kill_cascade,312
0.0,0.0,0.0,77.57916666666667,55.0,0.075,1.0,121,0.0,0,0.0,,,HPA-fast-r0,kill_cascade,313
25.0,0.28090823543108767,0.0,82.8,62.0,0.075,0.02878898287623116,215,25.0,0,0.0,,,HPA-fast-r0,kill_cascade,314
15.0,0.08145489749065149,0.0,76.69444444444444,57.0,0.075,0.18000000453556816,139,15.0,0,0.0,,,HPA-fast-r0,kill_cascade,315
25.0,0.394987544549541,0.0,81.29305555555555,57.0,0.075,0.02608062817535825,148,25.0,0,0.0,,,HPA-fast-r0,kill_cascade,316
15.0,0.21057936355185491,0.0,79.61666666666666,64.0,0.075,0.1800000019436769,194,15.0,0,0.0,,,HPA-fast-r0,kill_cascade,317
20.0,0.30076618267032007,0.0,79.7625,54.0,0.075,0.05287208868795842,143,20.0,0,0.0,,,HPA-fast-r0,kill_cascade,318
5.0,0.005020070313943581,0.0,77.8375,59.0,0.075,0.9144111269288921,116,5.0,0,0.0,,,HPA-fast-r0,kill_cascade,319
15.0,0.07171975695439148,0.0,83.81527777777778,65.0,0.075,0.47304069607581145,231,15.0,0,0.0,,,HPA-fast-r0,kill_cascade,320
25.0,0.36755594263427893,0.0,77.02222222222223,59.0,0.075,0.01587577984766564,122,25.0,0,0.0,,,HPA-fast-r0,kill_cascade,321
25.0,0.3401098261948232,0.0,80.48611111111111,57.0,0.075,0.05288028960700868,164,25.0,0,0.0,,,HPA-fast-r0,kill_cascade,322
40.0,0.5730444171111237,0.0,80.08888888888889,63.0,0.075,0.0568837375618041,189,40.0,0,0.0,,,HPA-fast-r0,kill_cascade,323
0.0,0.0,0.0,78.49305555555556,50.0,0.075,1.0,130,0.0,0,0.0,,,HPA-fast-r0,kill_cascade,324
20.0,0.25733243041793363,0.0,77.97222222222223,54.0,0.075,0.05259998970223307,124,20.0,0,0.0,,,HPA-fast-r0,kill_cascade,325
5.0,0.005059957714148577,0.0,82.58333333333333,62.0,0.075,0.9140372279516097,206,5.0,0,0.0,,,HPA-fast-r0,kill_cascade,326
0.0,0.0,0.0,76.88472222222222,54.0,0.075,1.0,120,0.0,0,0.0,,,HPA-fast-r0,kill_cascade,327
15.0,0.17254481955043532,0.0,80.70972222222223,59.0,0.075,0.1800000022466367,153,15.0,0,0.0,,,HPA-fast-r0,kill_cascade,328
30.0,0.6771591709247904,0.0,79.83888888888889,66.0,0.075,0.04688926516500188,183,30.0,0,0.0,,,HPA-fast-r0,kill_cascade,329
25.0,0.25794022280223317,0.0,79.68194444444444,51.0,0.075,0.05529847143794921,141,25.0,0,0.0,,,HPA-fast-r0,kill_cascade,330
30.0,0.3354422424856951,0.0,77.81805555555556,61.0,0.075,0.05585267678657078,124,30.0,0,0.0,,,HPA-fast-r0,kill_cascade,331
25.0,0.3355051860871705,0.0,83.08333333333333,62.0,0.075,0.029192593923527136,209,25.0,0,0.0,,,HPA-fast-r0,kill_cascade,332
30.0,0.31884163745447003,0.0,77.15416666666667,56.0,0.075,0.05540425943993907,132,30.0,0,0.0,,,HPA-fast-r0,kill_cascade,333
15.0,0.09097824426569368,0.0,80.81944444444444,56.0,0.075,0.06019902345622609,144,15.0,0,0.0,,,HPA-fast-r0,kill_cascade,334
20.0,0.3332471476130805,0.0,80.34166666666667,64.0,0.075,0.1800000015435167,186,20.0,0,0.0,,,HPA-fast-r0,kill_cascade,335
15.0,0.24224245645997344,0.0,80.05972222222222,56.0,0.075,0.18000000147539952,139,15.0,0,0.0,,,HPA-fast-r0,kill_cascade,336
30.0,0.46280244140959326,0.0,78.34166666666667,60.0,0.075,0.02471721420344429,129,30.0,0,0.0,,,HPA-fast-r0,kill_cascade,337
25.0,0.3411913384280485,0.0,83.0625,60.0,0.075,0.05383030256544251,208,25.0,0,0.0,,,HPA-fast-r0,kill_cascade,338
25.0,0.43861943269766224,0.0,77.15694444444445,57.0,0.075,0.05166590214570783,124,25.0,0,0.0,,,HPA-fast-r0,kill_cascade,339
25.0,0.4392758791445406,0.0,97.03333333333333,57.0,0.075,0.03138272745099473,60,25.0,0,0.0,,,HPA-45-r0,kill_cascade,300
25.0,0.27344494347425474,0.0,96.65972222222223,68.0,0.075,0.05221611334375571,62,25.0,0,0.0,,,HPA-45-r0,kill_cascade,301
15.0,0.17203266899676883,0.0,100.26527777777778,75.0,0.075,0.18000000216171166,77,15.0,0,0.0,,,HPA-45-r0,kill_cascade,302
0.0,0.0,0.0,97.70555555555555,69.0,0.075,1.0,63,0.0,0,0.0,,,HPA-45-r0,kill_cascade,303
25.0,0.34232686107239507,0.0,98.37222222222222,62.0,0.075,0.02615029349276786,59,25.0,0,0.0,,,HPA-45-r0,kill_cascade,304
25.0,0.5650608871101026,0.0,93.51388888888889,69.0,0.075,0.04834361895788721,68,25.0,0,0.0,,,HPA-45-r0,kill_cascade,305
15.0,0.24599067513767503,0.0,95.66111111111111,59.0,0.075,0.18000000142706563,56,15.0,0,0.0,,,HPA-45-r0,kill_cascade,306
30.0,0.3573766554971325,0.0,95.925,66.0,0.075,0.05163566463870728,50,30.0,0,0.0,,,HPA-45-r0,kill_cascade,307
15.0,0.08840374102114801,0.0,100.55,72.0,0.075,0.2893403180446054,83,15.0,0,0.0,,,HPA-45-r0,kill_cascade,308
15.0,0.18442816361839975,0.0,98.5125,67.0,0.075,0.1800000019887873,78,15.0,0,0.0,,,HPA-45-r0,kill_cascade,309
30.0,0.6488230805410611,0.0,99.025,59.0,0.075,0.020975175953249863,60,30.0,0,0.0,,,HPA-45-r0,kill_cascade,310
5.0,0.01249053037071235,0.0,95.33611111111111,63.0,0.075,0.8980857658348335,67,5.0,0,0.0,,,HPA-45-r0,kill_cascade,311
25.0,0.23486228541571563,0.0,95.17916666666666,58.0,0.075,0.057737926197996746,52,25.0,0,0.0,,,HPA-45-r0,kill_cascade,312
0.0,0.0,0.0,96.38888888888889,67.0,0.075,1.0,61,0.0,0,0.0,,,HPA-45-r0,kill_cascade,313
30.0,0.28891716213249596,0.0,99.14861111111111,71.0,0.075,0.02878898287623116,80,30.0,0,0.0,,,HPA-45-r0,kill_cascade,314
10.0,0.051972821510348766,0.0,97.7625,67.0,0.075,0.1800000047697719,71,10.0,0,0.0,,,HPA-45-r0,kill_cascade,315
30.0,0.44128547035847676,0.0,98.69027777777778,62.0,0.075,0.02608062817535825,58,30.0,0,0.0,,,HPA-45-r0,kill_cascade,316
10.0,0.14796112507923231,0.0,94.39722222222223,67.0,0.075,0.1800000019436769,67,10.0,0,0.0,,,HPA-45-r0,kill_cascade,317
20.0,0.30076618267032007,0.0,96.99722222222222,59.0,0.075,0.05287208868795842,66,20.0,0,0.0,,,HPA-45-r0,kill_cascade,318
5.0,0.005020070313943581,0.0,96.03194444444445,68.0,0.075,0.9144111269288921,67,5.0,0,0.0,,,HPA-45-r0,kill_cascade,319
15.0,0.06312987159533545,0.0,100.79027777777777,73.0,0.075,0.47304069607581145,80,15.0,0,0.0,,,HPA-45-r0,kill_cascade,320
25.0,0.3500897973443995,0.0,100.20694444444445,71.0,0.075,0.027598105151580368,83,25.0,0,0.0,,,HPA-45-r0,kill_cascade,321
25.0,0.26718374697100034,0.0,97.68055555555556,60.0,0.075,0.05288028960700868,55,25.0,0,0.0,,,HPA-45-r0,kill_cascade,322
25.0,0.4793281437243335,0.0,93.85416666666667,65.0,0.075,0.05062857328552756,75,25.0,0,0.0,,,HPA-45-r0,kill_cascade,323
0.0,0.0,0.0,94.89305555555555,56.0,0.075,1.0,54,0.0,0,0.0,,,HPA-45-r0,kill_cascade,324
30.0,0.3289981432766709,0.0,93.94444444444444,65.0,0.075,0.05259998970223307,57,30.0,0,0.0,,,HPA-45-r0,kill_cascade,325
5.0,0.005059957714148577,0.0,99.32638888888889,71.0,0.075,0.9140372279516097,79,5.0,0,0.0,,,HPA-45-r0,kill_cascade,326
0.0,0.0,0.0,97.45972222222223,70.0,0.075,1.0,72,0.0,0,0.0,,,HPA-45-r0,kill_cascade,327
10.0,0.12047463738585895,0.0,96.83194444444445,59.0,0.075,0.1800000022466367,65,10.0,0,0.0,,,HPA-45-r0,kill_cascade,328
25.0,0.6199078644124612,0.0,93.80416666666666,67.0,0.075,0.04688926516500188,71,25.0,0,0.0,,,HPA-45-r0,kill_cascade,329
25.0,0.25794022280223317,0.0,96.57916666666667,59.0,0.075,0.05529847143794921,58,25.0,0,0.0,,,HPA-45-r0,kill_cascade,330
30.0,0.3354422424856951,0.0,96.73472222222222,72.0,0.075,0.05585267678657078,64,30.0,0,0.0,,,HPA-45-r0,kill_cascade,331
25.0,0.3355051860871705,0.0,100.00972222222222,73.0,0.075,0.029192593923527136,79,25.0,0,0.0,,,HPA-45-r0,kill_cascade,332
30.0,0.31884163745447003,0.0,98.43194444444444,72.0,0.075,0.05540425943993907,56,30.0,0,0.0,,,HPA-45-r0,kill_cascade,333
15.0,0.09097824426569368,0.0,97.125,58.0,0.075,0.06019902345622609,56,15.0,0,0.0,,,HPA-45-r0,kill_cascade,334
15.0,0.26192005654527284,0.0,95.1361111111111,67.0,0.075,0.1800000015435167,66,15.0,0,0.0,,,HPA-45-r0,kill_cascade,335
15.0,0.24224245645997344,0.0,95.71944444444445,58.0,0.075,0.18000000147539952,51,15.0,0,0.0,,,HPA-45-r0,kill_cascade,336
35.0,0.5253224723710703,0.0,96.73333333333333,69.0,0.075,0.02471721420344429,63,35.0,0,0.0,,,HPA-45-r0,kill_cascade,337
25.0,0.3411913384280485,0.0,100.30416666666666,74.0,0.075,0.05383030256544251,78,25.0,0,0.0,,,HPA-45-r0,kill_cascade,338
0.0,0.00435541278716034,0.0,100.125,71.0,0.075,0.9582920170010402,70,0.0,0,0.0,,,HPA-45-r0,kill_cascade,339
25.0,0.4392758791445406,0.0,121.88333333333334,77.0,0.075,0.03138272745099473,109,25.0,0,0.0,,,PredHPA-r0,kill_cascade,300
0.0,0.0,0.0,114.97777777777777,82.0,0.075,1.0,89,0.0,0,0.0,,,PredHPA-r0,kill_cascade,301
0.0,0.0,0.0,127.49444444444444,90.0,0.075,1.0,92,0.0,0,0.0,,,PredHPA-r0,kill_cascade,302
0.0,0.0,0.0,115.0513888888889,73.0,0.075,1.0,63,0.0,0,0.0,,,PredHPA-r0,kill_cascade,303
5.0,0.00994981243344073,0.0,127.90694444444445,88.0,0.075,0.8958050477167353,102,5.0,0,0.0,,,PredHPA-r0,kill_cascade,304
25.0,0.3870951901798536,0.0,127.6125,97.0,0.075,0.060695661209774404,91,25.0,0,0.0,,,PredHPA-r0,kill_cascade,305
5.0,0.06018606521325243,0.0,119.38055555555556,76.0,0.075,0.46909905351297093,105,5.0,0,0.0,,,PredHPA-r0,kill_cascade,306
0.0,0.0,0.0,114.96527777777777,80.0,0.075,1.0,89,0.0,0,0.0,,,PredHPA-r0,kill_cascade,307
0.0,0.0,0.0,130.85972222222222,92.0,0.075,1.0,95,0.0,0,0.0,,,PredHPA-r0,kill_cascade,308
0.0,0.0,0.0,115.84583333333333,75.0,0.075,1.0,82,0.0,0,0.0,,,PredHPA-r0,kill_cascade,309
30.0,0.5182796448858662,0.0,127.95555555555555,85.0,0.075,0.02861659337783674,99,30.0,0,0.0,,,PredHPA-r0,kill_cascade,310
0.0,0.0,0.0,127.59583333333333,95.0,0.075,1.0,95,0.0,0,0.0,,,PredHPA-r0,kill_cascade,311
25.0,0.23486228541571563,0.0,120.05972222222222,73.0,0.075,0.057737926197996746,110,25.0,0,0.0,,,PredHPA-r0,kill_cascade,312
0.0,0.0,0.0,115.05277777777778,78.0,0.075,1.0,87,0.0,0,0.0,,,PredHPA-r0,kill_cascade,313
0.0,0.0,0.0,130.73055555555555,92.0,0.075,1.0,104,0.0,0,0.0,,,PredHPA-r0,kill_cascade,314
0.0,0.0,0.0,115.50277777777778,71.0,0.075,1.0,79,0.0,0,0.0,,,PredHPA-r0,kill_cascade,315
5.0,0.01645235935632261,0.0,129.79166666666666,90.0,0.075,0.8643986852525896,102,5.0,0,0.0,,,PredHPA-r0,kill_cascade,316
0.0,0.0,0.0,127.66805555555555,95.0,0.075,1.0,94,0.0,0,0.0,,,PredHPA-r0,kill_cascade,317
25.0,0.3521797232279078,0.0,123.475,78.0,0.075,0.05287208868795842,108,25.0,0,0.0,,,PredHPA-r0,kill_cascade,318
0.0,0.0,0.0,115.6375,84.0,0.075,1.0,88,0.0,0,0.0,,,PredHPA-r0,kill_cascade,319
0.0,0.0,0.0,131.3347222222222,94.0,0.075,1.0,99,0.0,0,0.0,,,PredHPA-r0,kill_cascade,320
0.0,0.004392196216518318,0.0,116.6763888888889,76.0,0.075,0.9589183735050759,70,0.0,0,0.0,,,PredHPA-r0,kill_cascade,321
0.0,0.0,0.0,126.61944444444444,84.0,0.075,1.0,88,0.0,0,0.0,,,PredHPA-r0,kill_cascade,322
0.0,0.009972022392690238,0.0,127.61111111111111,97.0,0.075,0.9508707118595091,96,0.0,0,0.0,,,PredHPA-r0,kill_cascade,323
0.0,0.0,0.0,119.12638888888888,72.0,0.075,1.0,101,0.0,0,0.0,,,PredHPA-r0,kill_cascade,324
30.0,0.3289981432766709,0.0,114.06111111111112,79.0,0.075,0.05259998970223307,86,30.0,0,0.0,,,PredHPA-r0,kill_cascade,325
0.0,0.0,0.0,128.59166666666667,91.0,0.075,1.0,95,0.0,0,0.0,,,PredHPA-r0,kill_cascade,326
0.0,0.0,0.0,115.77083333333333,73.0,0.075,1.0,71,0.0,0,0.0,,,PredHPA-r0,kill_cascade,327
15.0,0.17254481955043532,0.0,125.41944444444445,87.0,0.075,0.1800000022466367,94,15.0,0,0.0,,,PredHPA-r0,kill_cascade,328
25.0,0.5091026244601671,0.0,126.55972222222222,94.0,0.075,0.05577559770243102,100,25.0,0,0.0,,,PredHPA-r0,kill_cascade,329
0.0,0.0,0.0,120.69027777777778,72.0,0.075,1.0,106,0.0,0,0.0,,,PredHPA-r0,kill_cascade,330
0.0,0.0,0.0,114.19722222222222,80.0,0.075,1.0,87,0.0,0,0.0,,,PredHPA-r0,kill_cascade,331
5.0,0.010951417227322846,0.0,129.47222222222223,94.0,0.075,0.9154322658064593,98,5.0,0,0.0,,,PredHPA-r0,kill_cascade,332
0.0,0.0,0.0,117.89166666666667,78.0,0.075,1.0,80,0.0,0,0.0,,,PredHPA-r0,kill_cascade,333
10.0,0.08485367146241485,0.0,126.35277777777777,88.0,0.075,0.06019902345622609,104,10.0,0,0.0,,,PredHPA-r0,kill_cascade,334
15.0,0.1363094827616318,0.0,128.90694444444443,94.0,0.075,0.37555670366034183,95,15.0,0,0.0,,,PredHPA-r0,kill_cascade,335
10.0,0.11963904831525651,0.0,121.80694444444444,78.0,0.075,0.24995214467871296,105,10.0,0,0.0,,,PredHPA-r0,kill_cascade,336
20.0,0.1897924716128041,0.0,114.80416666666666,83.0,0.075,0.2596092527432242,87,20.0,0,0.0,,,PredHPA-r0,kill_cascade,337
0.0,0.0,0.0,127.92916666666666,92.0,0.075,1.0,95,0.0,0,0.0,,,PredHPA-r0,kill_cascade,338
0.0,0.00435541278716034,0.0,117.01805555555555,75.0,0.075,0.9582920170010402,76,0.0,0,0.0,,,PredHPA-r0,kill_cascade,339
25.0,0.46513467627452565,0.0,125.18611111111112,83.0,0.075,0.01585679405399956,111,25.0,0,0.0,,,PredHPA-r1,kill_cascade,300
0.0,0.0,0.0,114.97777777777777,82.0,0.075,1.0,89,0.0,0,0.0,,,PredHPA-r1,kill_cascade,301
0.0,0.0,0.0,127.49444444444444,90.0,0.075,1.0,92,0.0,0,0.0,,,PredHPA-r1,kill_cascade,302
0.0,0.0,0.0,115.0513888888889,73.0,0.075,1.0,63,0.0,0,0.0,,,PredHPA-r1,kill_cascade,303
5.0,0.00994981243344073,0.0,127.90694444444445,88.0,0.075,0.8958050477167353,102,5.0,0,0.0,,,PredHPA-r1,kill_cascade,304
30.0,0.4470182681571844,0.0,128.9625,96.0,0.075,0.050525249034310674,97,30.0,0,0.0,,,PredHPA-r1,kill_cascade,305
5.0,0.06018606521325243,0.0,121.94027777777778,80.0,0.075,0.46909905351297093,111,5.0,0,0.0,,,PredHPA-r1,kill_cascade,306
0.0,0.0,0.0,114.96527777777777,80.0,0.075,1.0,89,0.0,0,0.0,,,PredHPA-r1,kill_cascade,307
0.0,0.0,0.0,130.85972222222222,92.0,0.075,1.0,95,0.0,0,0.0,,,PredHPA-r1,kill_cascade,308
0.0,0.0,0.0,115.84583333333333,75.0,0.075,1.0,82,0.0,0,0.0,,,PredHPA-r1,kill_cascade,309
35.0,0.6170306762314448,0.0,131.00972222222222,84.0,0.075,0.013693922821250573,107,35.0,0,0.0,,,PredHPA-r1,kill_cascade,310
0.0,0.0,0.0,128.26944444444445,93.0,0.075,1.0,95,0.0,0,0.0,,,PredHPA-r1,kill_cascade,311
30.0,0.29301227740032854,0.0,122.44722222222222,83.0,0.075,0.0483033993334517,118,30.0,0,0.0,,,PredHPA-r1,kill_cascade,312
0.0,0.0,0.0,115.05277777777778,78.0,0.075,1.0,87,0.0,0,0.0,,,PredHPA-r1,kill_cascade,313
0.0,0.0,0.0,130.73055555555555,92.0,0.075,1.0,104,0.0,0,0.0,,,PredHPA-r1,kill_cascade,314
0.0,0.0,0.0,115.50277777777778,71.0,0.075,1.0,79,0.0,0,0.0,,,PredHPA-r1,kill_cascade,315
10.0,0.052677497526076866,0.0,129.79166666666666,90.0,0.075,0.5703783205709164,102,10.0,0,0.0,,,PredHPA-r1,kill_cascade,316
0.0,0.0,0.0,128.92361111111111,94.0,0.075,1.0,95,0.0,0,0.0,,,PredHPA-r1,kill_cascade,317
0.0,0.0,0.0,123.80694444444444,78.0,0.075,1.0,108,0.0,0,0.0,,,PredHPA-r1,kill_cascade,318
0.0,0.0,0.0,115.6375,84.0,0.075,1.0,88,0.0,0,0.0,,,PredHPA-r1,kill_cascade,319
0.0,0.0,0.0,131.3347222222222,94.0,0.075,1.0,99,0.0,0,0.0,,,PredHPA-r1,kill_cascade,320
5.0,0.005618895615577824,0.0,116.6763888888889,76.0,0.075,0.9443340247144378,70,5.0,0,0.0,,,PredHPA-r1,kill_cascade,321
0.0,0.0,0.0,126.61944444444444,84.0,0.075,1.0,88,0.0,0,0.0,,,PredHPA-r1,kill_cascade,322
5.0,0.014101919142484043,0.0,129.625,96.0,0.075,0.9136923797536066,98,5.0,0,0.0,,,PredHPA-r1,kill_cascade,323
0.0,0.0,0.0,121.5513888888889,84.0,0.075,1.0,106,0.0,0,0.0,,,PredHPA-r1,kill_cascade,324
30.0,0.4003258616457117,0.0,115.475,80.0,0.075,0.04498764462790722,97,30.0,0,0.0,,,PredHPA-r1,kill_cascade,325
0.0,0.0,0.0,128.59166666666667,91.0,0.075,1.0,95,0.0,0,0.0,,,PredHPA-r1,kill_cascade,326
0.0,0.0,0.0,115.77083333333333,73.0,0.075,1.0,71,0.0,0,0.0,,,PredHPA-r1,kill_cascade,327
15.0,0.17254481973990599,0.0,125.41944444444445,87.0,0.075,0.18000000101098643,94,15.0,0,0.0,,,PredHPA-r1,kill_cascade,328
25.0,0.5423523355983839,0.0,130.79166666666666,96.0,0.075,0.04741974887829181,116,25.0,0,0.0,,,PredHPA-r1,kill_cascade,329
30.0,0.27260148311473165,0.0,121.59583333333333,74.0,0.075,0.0464093361962234,104,30.0,0,0.0,,,PredHPA-r1,kill_cascade,330
0.0,0.0,0.0,114.19722222222222,80.0,0.075,1.0,87,0.0,0,0.0,,,PredHPA-r1,kill_cascade,331
10.0,0.018678342452960184,0.0,129.47222222222223,94.0,0.075,0.8665350844040907,98,10.0,0,0.0,,,PredHPA-r1,kill_cascade,332
0.0,0.0,0.0,117.89166666666667,78.0,0.075,1.0,80,0.0,0,0.0,,,PredHPA-r1,kill_cascade,333
10.0,0.08505813019749064,0.0,126.35694444444445,88.0,0.075,0.05776219756435558,104,10.0,0,0.0,,,PredHPA-r1,kill_cascade,334
15.0,0.1289525669756264,0.0,130.625,95.0,0.075,0.08209658810012477,98,15.0,0,0.0,,,PredHPA-r1,kill_cascade,335
20.0,0.24851905637975902,0.0,125.60416666666667,84.0,0.075,0.18000000066392988,117,20.0,0,0.0,,,PredHPA-r1,kill_cascade,336
25.0,0.2918763486624232,0.0,117.57083333333334,84.0,0.075,0.020846461106559355,91,25.0,0,0.0,,,PredHPA-r1,kill_cascade,337
0.0,0.0,0.0,127.92916666666666,92.0,0.075,1.0,95,0.0,0,0.0,,,PredHPA-r1,kill_cascade,338
0.0,0.006323677675235118,0.0,117.01805555555555,75.0,0.075,0.9582920170010402,76,0.0,0,0.0,,,PredHPA-r1,kill_cascade,339
15.0,0.10204068731033411,0.0,108.21944444444445,91.0,0.075,0.3676932967835458,889,15.0,11,0.0,,,ARC,kill_cascade,300
5.0,0.021456974223332814,0.0,98.88888888888889,90.0,0.075,0.6488048256361943,799,5.0,11,0.0,,,ARC,kill_cascade,301
5.0,0.03319399319868799,0.0,108.20972222222223,98.0,0.075,0.8674707116603074,919,0.0,11,0.0,,,ARC,kill_cascade,302
15.0,0.08608977128891082,0.0,96.52083333333333,80.0,0.075,0.18000000420098547,758,15.0,11,0.0,,,ARC,kill_cascade,303
30.0,0.3211821492471012,0.0,114.26527777777778,103.0,0.075,0.03208891951489483,862,30.0,11,30.0,,,ARC,kill_cascade,304
30.0,0.6309393458039048,0.0,102.99722222222222,108.0,0.075,0.04834361895788721,915,30.0,10,0.0,,,ARC,kill_cascade,305
0.0,0.0,0.0,100.47083333333333,81.0,0.075,1.0,784,0.0,11,0.0,,,ARC,kill_cascade,306
30.0,0.4269899115848297,0.0,95.85,89.0,0.075,0.05163566463870728,782,30.0,11,0.0,,,ARC,kill_cascade,307
10.0,0.0463038573037422,0.0,107.35833333333333,100.0,0.075,0.8307430913401098,908,0.0,11,0.0,,,ARC,kill_cascade,308
15.0,0.18442816361839975,0.0,92.89861111111111,74.0,0.075,0.1800000019887873,729,15.0,11,0.0,,,ARC,kill_cascade,309
55.0,0.7617116057705209,0.0,103.14444444444445,98.0,0.075,0.027979621758108298,803,30.0,11,0.0,,,ARC,kill_cascade,310
0.0,0.008327249628381495,0.0,104.75833333333334,108.0,0.075,0.9740429032684723,1009,0.0,10,0.0,,,ARC,kill_cascade,311
0.0,0.0,0.0,100.1875,81.0,0.075,1.0,847,0.0,11,0.0,,,ARC,kill_cascade,312
30.0,0.25136095211009124,0.0,96.6361111111111,85.0,0.075,0.030197000770237313,803,30.0,11,0.0,,,ARC,kill_cascade,313
70.0,0.656936203314662,0.0,104.48194444444445,102.0,0.075,0.036228916589271534,886,30.0,11,0.0,,,ARC,kill_cascade,314
15.0,0.08145489749065149,0.0,101.98611111111111,89.0,0.075,0.18000000453556816,793,15.0,11,0.0,,,ARC,kill_cascade,315
45.0,0.48186151354983053,0.0,113.42916666666666,108.0,0.075,0.033806091382708466,845,35.0,10,20.0,,,ARC,kill_cascade,316
10.0,0.059959719758295726,0.0,100.3236111111111,96.0,0.075,0.8150698804270885,913,0.0,11,0.0,,,ARC,kill_cascade,317
20.0,0.3008725419437863,0.0,109.52083333333333,95.0,0.075,0.05287208868795842,901,20.0,11,0.0,,,ARC,kill_cascade,318
0.0,0.0,0.0,99.84444444444445,88.0,0.075,1.0,821,0.0,11,0.0,,,ARC,kill_cascade,319
70.0,1.0017308857566465,0.0,107.14861111111111,107.0,0.075,0.02658772040272008,902,20.0,11,0.0,,,ARC,kill_cascade,320
25.0,0.36474303818212483,0.0,101.50833333333334,83.0,0.075,0.020494089197147427,771,25.0,11,0.0,,,ARC,kill_cascade,321
10.0,0.10977215904326432,0.0,105.50833333333334,98.0,0.075,0.41913338577268267,782,0.0,11,0.0,,,ARC,kill_cascade,322
40.0,0.7134607908870549,0.0,108.26388888888889,109.0,0.075,0.05062857328552756,993,25.0,11,0.0,,,ARC,kill_cascade,323
0.0,0.0,0.0,106.89861111111111,84.0,0.075,1.0,885,0.0,11,0.0,,,ARC,kill_cascade,324
30.0,0.3301146203631644,0.0,95.91666666666667,85.0,0.075,0.05259998970223307,817,30.0,11,0.0,,,ARC,kill_cascade,325
5.0,0.016228364250059357,0.0,106.80555555555556,103.0,0.075,0.9216952159824378,878,0.0,11,0.0,,,ARC,kill_cascade,326
0.0,0.0,0.0,102.11944444444444,86.0,0.075,1.0,823,0.0,11,0.0,,,ARC,kill_cascade,327
0.0,0.003254328990465183,0.0,104.7,97.0,0.075,0.9724626685056597,804,0.0,11,0.0,,,ARC,kill_cascade,328
35.0,0.5561769204383671,0.0,109.59722222222223,120.0,0.075,0.05577559770243102,970,25.0,10,0.0,,,ARC,kill_cascade,329
0.0,0.0,0.0,106.93888888888888,85.0,0.075,1.0,850,0.0,11,0.0,,,ARC,kill_cascade,330
25.0,0.2799444680803509,0.0,95.85277777777777,86.0,0.075,0.053414063260927125,777,25.0,11,0.0,,,ARC,kill_cascade,331
15.0,0.12055453040198394,0.0,104.53611111111111,98.0,0.075,0.6182173665110556,863,0.0,11,0.0,,,ARC,kill_cascade,332
30.0,0.33433241362635924,0.0,99.93333333333334,84.0,0.075,0.05540425943993907,746,30.0,11,30.0,,,ARC,kill_cascade,333
25.0,0.12184991371503306,0.0,101.22222222222223,94.0,0.075,0.05755009124308828,818,15.0,11,0.0,,,ARC,kill_cascade,334
25.0,0.39130909417726123,0.0,105.86805555555556,103.0,0.075,0.06127389913854623,991,15.0,11,0.0,,,ARC,kill_cascade,335
10.0,0.1394952776774372,0.0,103.39722222222223,87.0,0.075,0.052602737608588634,839,10.0,11,0.0,,,ARC,kill_cascade,336
25.0,0.4171448812878231,0.0,101.70277777777778,98.0,0.075,0.019203326219138197,805,25.0,11,0.0,,,ARC,kill_cascade,337
35.0,0.2603517627007723,0.0,102.33055555555555,98.0,0.075,0.2700000021581036,856,15.0,11,0.0,,,ARC,kill_cascade,338
25.0,0.43861943269766224,0.0,92.43333333333334,76.0,0.075,0.05166590214570783,757,25.0,11,0.0,,,ARC,kill_cascade,339
10.0,0.030450173701512817,0.0,104.87083333333334,87.0,0.075,0.8484660957085278,872,10.0,11,0.0,,,ARC-r0,kill_cascade,300
5.0,0.021456974223332814,0.0,98.88888888888889,90.0,0.075,0.6488048256361943,799,5.0,11,0.0,,,ARC-r0,kill_cascade,301
5.0,0.026449987727228397,0.0,108.20972222222223,98.0,0.075,0.8977070040831924,919,0.0,11,0.0,,,ARC-r0,kill_cascade,302
15.0,0.08608977128891082,0.0,96.52083333333333,80.0,0.075,0.18000000420098547,758,15.0,11,0.0,,,ARC-r0,kill_cascade,303
15.0,0.053166047829944496,0.0,114.26527777777778,103.0,0.075,0.5725900314954929,862,25.0,11,15.0,,,ARC-r0,kill_cascade,304
30.0,0.6309393458039048,0.0,102.99722222222222,108.0,0.075,0.04834361895788721,915,30.0,10,0.0,,,ARC-r0,kill_cascade,305
0.0,0.0,0.0,99.27083333333333,80.0,0.075,1.0,810,0.0,11,0.0,,,ARC-r0,kill_cascade,306
30.0,0.42665778812944755,0.0,95.85,89.0,0.075,0.05163566463870728,782,30.0,11,0.0,,,ARC-r0,kill_cascade,307
10.0,0.0463038573037422,0.0,107.35833333333333,100.0,0.075,0.8307430913401098,908,0.0,11,0.0,,,ARC-r0,kill_cascade,308
15.0,0.18442816361839975,0.0,92.89861111111111,74.0,0.075,0.1800000019887873,729,15.0,11,0.0,,,ARC-r0,kill_cascade,309
55.0,0.7617116057705209,0.0,103.14444444444445,98.0,0.075,0.027979621758108298,803,30.0,11,0.0,,,ARC-r0,kill_cascade,310
0.0,0.0076171891765342,0.0,104.75833333333334,108.0,0.075,0.9740429032684723,1009,0.0,10,0.0,,,ARC-r0,kill_cascade,311
0.0,0.0,0.0,100.1875,81.0,0.075,1.0,847,0.0,11,0.0,,,ARC-r0,kill_cascade,312
30.0,0.24000912421470177,0.0,96.6361111111111,85.0,0.075,0.030197000770237313,803,30.0,11,0.0,,,ARC-r0,kill_cascade,313
50.0,0.3358822997794775,0.0,104.54027777777777,102.0,0.075,0.23125872810913187,887,25.0,11,0.0,,,ARC-r0,kill_cascade,314
15.0,0.08145489749065149,0.0,101.98611111111111,89.0,0.075,0.18000000453556816,793,15.0,11,0.0,,,ARC-r0,kill_cascade,315
35.0,0.37024796836861995,0.0,113.4263888888889,108.0,0.075,0.06369818389816582,845,30.0,10,20.0,,,ARC-r0,kill_cascade,316
10.0,0.052568067704539256,0.0,100.3236111111111,96.0,0.075,0.8464509414459741,913,0.0,11,0.0,,,ARC-r0,kill_cascade,317
20.0,0.30076618267032007,0.0,109.52083333333333,95.0,0.075,0.05287208868795842,901,20.0,11,0.0,,,ARC-r0,kill_cascade,318
0.0,0.0,0.0,99.84444444444445,88.0,0.075,1.0,821,0.0,11,0.0,,,ARC-r0,kill_cascade,319
65.0,0.6591420173972962,0.0,107.14861111111111,107.0,0.075,0.054537774800490074,902,20.0,11,0.0,,,ARC-r0,kill_cascade,320
25.0,0.36474303818212483,0.0,101.50833333333334,83.0,0.075,0.020494089197147427,771,25.0,11,0.0,,,ARC-r0,kill_cascade,321
10.0,0.058539722912398506,0.0,102.81111111111112,94.0,0.075,0.7400678943339628,775,0.0,11,0.0,,,ARC-r0,kill_cascade,322
35.0,0.5443847168766558,0.0,108.21388888888889,109.0,0.075,0.05062857328552756,994,25.0,11,0.0,,,ARC-r0,kill_cascade,323
0.0,0.0,0.0,105.075,86.0,0.075,1.0,898,0.0,11,0.0,,,ARC-r0,kill_cascade,324
30.0,0.3289981432766709,0.0,95.91666666666667,85.0,0.075,0.05259998970223307,817,30.0,11,0.0,,,ARC-r0,kill_cascade,325
0.0,0.010095138785404245,0.0,106.80555555555556,103.0,0.075,0.9611463071537836,878,0.0,11,0.0,,,ARC-r0,kill_cascade,326
0.0,0.0,0.0,102.11944444444444,86.0,0.075,1.0,823,0.0,11,0.0,,,ARC-r0,kill_cascade,327
0.0,0.003254328990465183,0.0,104.7,97.0,0.075,0.9724626685056597,804,0.0,11,0.0,,,ARC-r0,kill_cascade,328
30.0,0.5444619201224188,0.0,109.59722222222223,120.0,0.075,0.05577559770243102,970,25.0,10,0.0,,,ARC-r0,kill_cascade,329
0.0,0.0,0.0,106.93888888888888,85.0,0.075,1.0,850,0.0,11,0.0,,,ARC-r0,kill_cascade,330
25.0,0.2796008574239228,0.0,95.85277777777777,86.0,0.075,0.05585267678657078,777,25.0,11,0.0,,,ARC-r0,kill_cascade,331
15.0,0.11535159389522986,0.0,104.53611111111111,98.0,0.075,0.6182173665110556,863,0.0,11,0.0,,,ARC-r0,kill_cascade,332
30.0,0.31884163745447003,0.0,99.93333333333334,84.0,0.075,0.05540425943993907,746,30.0,11,30.0,,,ARC-r0,kill_cascade,333
25.0,0.11719684876250192,0.0,101.22222222222223,94.0,0.075,0.06019902345622609,818,15.0,11,0.0,,,ARC-r0,kill_cascade,334
25.0,0.3188311508313224,0.0,105.86805555555556,103.0,0.075,0.29987075066506835,991,15.0,11,0.0,,,ARC-r0,kill_cascade,335
10.0,0.11963904831525651,0.0,103.39722222222223,87.0,0.075,0.24995214467871296,839,10.0,11,0.0,,,ARC-r0,kill_cascade,336
25.0,0.4171448812878231,0.0,101.70277777777778,98.0,0.075,0.019203326219138197,805,25.0,11,0.0,,,ARC-r0,kill_cascade,337
35.0,0.26596653177186624,0.0,102.35,98.0,0.075,0.2700000021581036,854,15.0,11,0.0,,,ARC-r0,kill_cascade,338
25.0,0.43861943269766224,0.0,92.43333333333334,76.0,0.075,0.05166590214570783,757,25.0,11,0.0,,,ARC-r0,kill_cascade,339
15.0,0.09623760191921349,0.0,107.90694444444445,91.0,0.075,0.4025287461178334,874,15.0,11,0.0,,,ARC-r1,kill_cascade,300
5.0,0.021456974223332814,0.0,98.88888888888889,90.0,0.075,0.6488048256361943,799,5.0,11,0.0,,,ARC-r1,kill_cascade,301
5.0,0.03282927932990454,0.0,108.20972222222223,98.0,0.075,0.8683226252720959,919,0.0,11,0.0,,,ARC-r1,kill_cascade,302
15.0,0.08608977128891082,0.0,96.52083333333333,80.0,0.075,0.18000000420098547,758,15.0,11,0.0,,,ARC-r1,kill_cascade,303
30.0,0.3211821492471012,0.0,114.26527777777778,103.0,0.075,0.03208891951489483,862,30.0,11,30.0,,,ARC-r1,kill_cascade,304
30.0,0.6309393458039048,0.0,102.99722222222222,108.0,0.075,0.04834361895788721,915,30.0,10,0.0,,,ARC-r1,kill_cascade,305
0.0,0.0,0.0,100.47083333333333,81.0,0.075,1.0,784,0.0,11,0.0,,,ARC-r1,kill_cascade,306
30.0,0.4269899115848297,0.0,95.85,89.0,0.075,0.05163566463870728,782,30.0,11,0.0,,,ARC-r1,kill_cascade,307
10.0,0.0463038573037422,0.0,107.35833333333333,100.0,0.075,0.8307430913401098,908,0.0,11,0.0,,,ARC-r1,kill_cascade,308
15.0,0.18442816361839975,0.0,92.89861111111111,74.0,0.075,0.1800000019887873,729,15.0,11,0.0,,,ARC-r1,kill_cascade,309
55.0,0.7617116057705209,0.0,103.14444444444445,98.0,0.075,0.027979621758108298,803,30.0,11,0.0,,,ARC-r1,kill_cascade,310
0.0,0.008144845115942712,0.0,104.75833333333334,108.0,0.075,0.9740429032684723,1009,0.0,10,0.0,,,ARC-r1,kill_cascade,311
0.0,0.0,0.0,100.1875,81.0,0.075,1.0,847,0.0,11,0.0,,,ARC-r1,kill_cascade,312
30.0,0.25136095211009124,0.0,96.6361111111111,85.0,0.075,0.030197000770237313,803,30.0,11,0.0,,,ARC-r1,kill_cascade,313
70.0,0.6354093409833728,0.0,104.48194444444445,102.0,0.075,0.03683350955541386,886,30.0,11,0.0,,,ARC-r1,kill_cascade,314
15.0,0.08145489749065149,0.0,101.98611111111111,89.0,0.075,0.18000000453556816,793,15.0,11,0.0,,,ARC-r1,kill_cascade,315
45.0,0.47891926159323583,0.0,113.42916666666666,108.0,0.075,0.033806091382708466,845,35.0,10,20.0,,,ARC-r1,kill_cascade,316
10.0,0.05957093141671921,0.0,100.3236111111111,96.0,0.075,0.8167204709286321,913,0.0,11,0.0,,,ARC-r1,kill_cascade,317
20.0,0.3008681315959105,0.0,109.52083333333333,95.0,0.075,0.05287208868795842,901,20.0,11,0.0,,,ARC-r1,kill_cascade,318
0.0,0.0,0.0,99.84444444444445,88.0,0.075,1.0,821,0.0,11,0.0,,,ARC-r1,kill_cascade,319
70.0,0.9872765375164461,0.0,107.14861111111111,107.0,0.075,0.034227768781637184,902,20.0,11,0.0,,,ARC-r1,kill_cascade,320
25.0,0.36474303818212483,0.0,101.50833333333334,83.0,0.075,0.020494089197147427,771,25.0,11,0.0,,,ARC-r1,kill_cascade,321
10.0,0.106998811606418,0.0,105.50833333333334,98.0,0.075,0.4357965443998005,782,0.0,11,0.0,,,ARC-r1,kill_cascade,322
40.0,0.681690503986021,0.0,108.26388888888889,109.0,0.075,0.05062857328552756,993,25.0,11,0.0,,,ARC-r1,kill_cascade,323
0.0,0.0,0.0,106.63194444444444,84.0,0.075,1.0,883,0.0,11,0.0,,,ARC-r1,kill_cascade,324
30.0,0.3301123721119459,0.0,95.91666666666667,85.0,0.075,0.05259998970223307,817,30.0,11,0.0,,,ARC-r1,kill_cascade,325
5.0,0.0156016542278814,0.0,106.80555555555556,103.0,0.075,0.9227410205683884,878,0.0,11,0.0,,,ARC-r1,kill_cascade,326
0.0,0.0,0.0,102.11944444444444,86.0,0.075,1.0,823,0.0,11,0.0,,,ARC-r1,kill_cascade,327
0.0,0.003254328990465183,0.0,104.7,97.0,0.075,0.9724626685056597,804,0.0,11,0.0,,,ARC-r1,kill_cascade,328
35.0,0.5560884176538106,0.0,109.59722222222223,120.0,0.075,0.05577559770243102,970,25.0,10,0.0,,,ARC-r1,kill_cascade,329
0.0,0.0,0.0,106.93888888888888,85.0,0.075,1.0,850,0.0,11,0.0,,,ARC-r1,kill_cascade,330
25.0,0.2799444680803509,0.0,95.85277777777777,86.0,0.075,0.053414063260927125,777,25.0,11,0.0,,,ARC-r1,kill_cascade,331
15.0,0.12026731402562385,0.0,104.53611111111111,98.0,0.075,0.6182173665110556,863,0.0,11,0.0,,,ARC-r1,kill_cascade,332
30.0,0.33433241362635924,0.0,99.93333333333334,84.0,0.075,0.05540425943993907,746,30.0,11,30.0,,,ARC-r1,kill_cascade,333
25.0,0.1215890707725431,0.0,101.22222222222223,94.0,0.075,0.05776219756435558,818,15.0,11,0.0,,,ARC-r1,kill_cascade,334
25.0,0.3861781026252231,0.0,105.86805555555556,103.0,0.075,0.08209658810012477,991,15.0,11,0.0,,,ARC-r1,kill_cascade,335
10.0,0.1394952776774372,0.0,103.39722222222223,87.0,0.075,0.052602737608588634,839,10.0,11,0.0,,,ARC-r1,kill_cascade,336
25.0,0.4171448812878231,0.0,101.70277777777778,98.0,0.075,0.019203326219138197,805,25.0,11,0.0,,,ARC-r1,kill_cascade,337
35.0,0.2587183893544953,0.0,102.36111111111111,98.0,0.075,0.2700000021581036,857,15.0,11,0.0,,,ARC-r1,kill_cascade,338
25.0,0.43861943269766224,0.0,92.43333333333334,76.0,0.075,0.05166590214570783,757,25.0,11,0.0,,,ARC-r1,kill_cascade,339
15.0,0.04358033659185301,0.0,77.10138888888889,46.0,0.075,0.8484660957085278,51,15.0,0,0.0,,,HPA-r0,node_failure,300
0.0,0.0,0.0,76.4486111111111,54.0,0.075,1.0,51,0.0,0,0.0,,,HPA-r0,node_failure,301
15.0,0.1312713936636345,0.0,77.68472222222222,54.0,0.075,0.45536418727537165,61,5.0,0,0.0,,,HPA-r0,node_failure,302
0.0,0.0,0.0,78.56944444444444,53.0,0.075,1.0,61,0.0,0,0.0,,,HPA-r0,node_failure,303
0.0,0.0,0.0,77.5875,47.0,0.075,1.0,48,0.0,0,0.0,,,HPA-r0,node_failure,304
30.0,0.46149839139225657,0.0,75.26805555555555,49.0,0.075,0.04723393247270643,65,15.0,0,0.0,,,HPA-r0,node_failure,305
0.0,0.0,0.0,75.78611111111111,45.0,0.075,1.0,46,0.0,0,0.0,,,HPA-r0,node_failure,306
15.0,0.06304557390828247,0.0,75.84583333333333,51.0,0.075,0.6468413772615459,41,15.0,0,0.0,,,HPA-r0,node_failure,307
15.0,0.05375961390738926,0.0,77.99722222222222,54.0,0.075,0.9165878719584669,58,5.0,0,0.0,,,HPA-r0,node_failure,308
0.0,0.0,0.0,78.95555555555555,52.0,0.075,1.0,62,0.0,0,0.0,,,HPA-r0,node_failure,309
25.0,0.4024916547908597,0.0,78.49305555555556,47.0,0.075,0.019220610064818736,60,25.0,0,0.0,,,HPA-r0,node_failure,310
10.0,0.12584328226076247,0.0,75.0375,51.0,0.075,0.5437964769769044,56,0.0,0,0.0,,,HPA-r0,node_failure,311
0.0,0.0,0.0,74.60555555555555,43.0,0.075,1.0,39,0.0,0,0.0,,,HPA-r0,node_failure,312
0.0,0.0,0.0,75.3013888888889,51.0,0.075,1.0,45,0.0,0,0.0,,,HPA-r0,node_failure,313
15.0,0.07951848399631034,0.0,79.49861111111112,54.0,0.075,0.7428982441272871,64,5.0,0,0.0,,,HPA-r0,node_failure,314
0.0,0.0,0.0,78.27916666666667,54.0,0.075,1.0,60,0.0,0,0.0,,,HPA-r0,node_failure,315
0.0,0.0,0.0,77.56805555555556,48.0,0.075,1.0,50,0.0,0,0.0,,,HPA-r0,node_failure,316
15.0,0.12878219343553932,0.0,74.63055555555556,50.0,0.075,0.4751577580608003,55,0.0,0,0.0,,,HPA-r0,node_failure,317
0.0,0.0,0.0,76.36805555555556,45.0,0.075,1.0,44,0.0,0,0.0,,,HPA-r0,node_failure,318
0.0,0.0,0.0,76.00277777777778,53.0,0.075,1.0,52,0.0,0,0.0,,,HPA-r0,node_failure,319
30.0,0.19259866784282487,0.0,78.7625,54.0,0.075,0.5343350355603179,59,5.0,0,0.0,,,HPA-r0,node_failure,320
0.0,0.0,0.0,79.1,57.0,0.075,1.0,64,0.0,0,0.0,,,HPA-r0,node_failure,321
0.0,0.0,0.0,77.04444444444445,47.0,0.075,1.0,52,0.0,0,0.0,,,HPA-r0,node_failure,322
10.0,0.0519876368188954,0.0,75.26527777777778,50.0,0.075,0.8797701286802809,62,0.0,0,0.0,,,HPA-r0,node_failure,323
0.0,0.0,0.0,75.3375,44.0,0.075,1.0,41,0.0,0,0.0,,,HPA-r0,node_failure,324
0.0,0.0,0.0,75.69444444444444,52.0,0.075,1.0,48,0.0,0,0.0,,,HPA-r0,node_failure,325
15.0,0.08973499550053443,0.0,78.03333333333333,56.0,0.075,0.7271389329367809,58,5.0,0,0.0,,,HPA-r0,node_failure,326
0.0,0.0,0.0,78.47638888888889,53.0,0.075,1.0,59,0.0,0,0.0,,,HPA-r0,node_failure,327
0.0,0.00596243287253051,0.0,76.76388888888889,48.0,0.075,0.9650001766667413,58,0.0,0,0.0,,,HPA-r0,node_failure,328
30.0,0.5364326529391339,0.0,75.10277777777777,51.0,0.075,0.05577559770243102,51,25.0,0,0.0,,,HPA-r0,node_failure,329
0.0,0.0,0.0,74.85277777777777,44.0,0.075,1.0,43,0.0,0,0.0,,,HPA-r0,node_failure,330
0.0,0.0036047547210427133,0.0,75.68055555555556,52.0,0.075,0.981318003646819,45,0.0,0,0.0,,,HPA-r0,node_failure,331
15.0,0.12713583501974268,0.0,78.79722222222222,55.0,0.075,0.5482657277546208,59,0.0,0,0.0,,,HPA-r0,node_failure,332
0.0,0.0,0.0,78.69027777777778,54.0,0.075,1.0,55,0.0,0,0.0,,,HPA-r0,node_failure,333
0.0,0.0,0.0,77.36666666666666,47.0,0.075,1.0,52,0.0,0,0.0,,,HPA-r0,node_failure,334
15.0,0.048606905281023405,0.0,75.64027777777778,52.0,0.075,0.8692578385434758,56,5.0,0,0.0,,,HPA-r0,node_failure,335
0.0,0.0,0.0,74.7625,44.0,0.075,1.0,38,0.0,0,0.0,,,HPA-r0,node_failure,336
5.0,0.011613756836736933,0.0,75.75833333333334,53.0,0.075,0.9123995113164832,47,5.0,0,0.0,,,HPA-r0,node_failure,337
15.0,0.06672525661515216,0.0,78.90833333333333,54.0,0.075,0.8823399961801627,56,5.0,0,0.0,,,HPA-r0,node_failure,338
0.0,0.0,0.0,79.35277777777777,56.0,0.075,1.0,58,0.0,0,0.0,,,HPA-r0,node_failure,339
15.0,0.04358033659185301,0.0,79.80277777777778,52.0,0.075,0.8484660957085278,158,15.0,0,0.0,,,HPA-fast-r0,node_failure,300
0.0,0.0,0.0,78.02777777777777,60.0,0.075,1.0,131,0.0,0,0.0,,,HPA-fast-r0,node_failure,301
0.0,0.0,0.0,82.4486111111111,63.0,0.075,1.0,210,0.0,0,0.0,,,HPA-fast-r0,node_failure,302
0.0,0.0,0.0,77.28888888888889,56.0,0.075,1.0,130,0.0,0,0.0,,,HPA-fast-r0,node_failure,303
0.0,0.0,0.0,80.88472222222222,56.0,0.075,1.0,148,0.0,0,0.0,,,HPA-fast-r0,node_failure,304
15.0,0.30158625935149397,0.0,79.66666666666667,62.0,0.075,0.04723393247270643,196,15.0,0,0.0,,,HPA-fast-r0,node_failure,305
0.0,0.0,0.0,79.40138888888889,53.0,0.075,1.0,136,0.0,0,0.0,,,HPA-fast-r0,node_failure,306
0.0,0.0,0.0,77.90138888888889,58.0,0.075,1.0,130,0.0,0,0.0,,,HPA-fast-r0,node_failure,307
0.0,0.0,0.0,83.09583333333333,61.0,0.075,1.0,220,0.0,0,0.0,,,HPA-fast-r0,node_failure,308
0.0,0.0,0.0,77.04583333333333,56.0,0.075,1.0,117,0.0,0,0.0,,,HPA-fast-r0,node_failure,309
25.0,0.3449483306845802,0.0,81.15555555555555,61.0,0.075,0.03593173063350339,157,25.0,0,0.0,,,HPA-fast-r0,node_failure,310
0.0,0.0,0.0,79.41388888888889,63.0,0.075,1.0,188,0.0,0,0.0,,,HPA-fast-r0,node_failure,311
0.0,0.0,0.0,79.25277777777778,50.0,0.075,1.0,136,0.0,0,0.0,,,HPA-fast-r0,node_failure,312
0.0,0.0,0.0,77.66944444444445,58.0,0.075,1.0,116,0.0,0,0.0,,,HPA-fast-r0,node_failure,313
0.0,0.0,0.0,82.6986111111111,62.0,0.075,1.0,212,0.0,0,0.0,,,HPA-fast-r0,node_failure,314
0.0,0.0,0.0,76.35,55.0,0.075,1.0,121,0.0,0,0.0,,,HPA-fast-r0,node_failure,315
0.0,0.0,0.0,81.06944444444444,56.0,0.075,1.0,152,0.0,0,0.0,,,HPA-fast-r0,node_failure,316
0.0,0.0,0.0,79.49444444444444,64.0,0.075,1.0,188,0.0,0,0.0,,,HPA-fast-r0,node_failure,317
0.0,0.0,0.0,79.68194444444444,52.0,0.075,1.0,141,0.0,0,0.0,,,HPA-fast-r0,node_failure,318
0.0,0.0,0.0,77.79722222222222,58.0,0.075,1.0,118,0.0,0,0.0,,,HPA-fast-r0,node_failure,319
0.0,0.008589885359056026,0.0,83.92777777777778,64.0,0.075,0.9519575707633596,231,0.0,0,0.0,,,HPA-fast-r0,node_failure,320
0.0,0.0,0.0,77.325,58.0,0.075,1.0,127,0.0,0,0.0,,,HPA-fast-r0,node_failure,321
0.0,0.0,0.0,80.47916666666667,58.0,0.075,1.0,155,0.0,0,0.0,,,HPA-fast-r0,node_failure,322
40.0,0.6932183759226218,0.0,79.03333333333333,64.0,0.075,0.05062857328552756,170,40.0,0,0.0,,,HPA-fast-r0,node_failure,323
0.0,0.0,0.0,79.46527777777777,51.0,0.075,1.0,140,0.0,0,0.0,,,HPA-fast-r0,node_failure,324
0.0,0.0,0.0,77.6625,54.0,0.075,1.0,123,0.0,0,0.0,,,HPA-fast-r0,node_failure,325
0.0,0.0,0.0,82.60972222222222,63.0,0.075,1.0,223,0.0,0,0.0,,,HPA-fast-r0,node_failure,326
0.0,0.0,0.0,77.0625,57.0,0.075,1.0,135,0.0,0,0.0,,,HPA-fast-r0,node_failure,327
0.0,0.0018561972156438955,0.0,80.58333333333333,57.0,0.075,0.9841219345244061,142,0.0,0,0.0,,,HPA-fast-r0,node_failure,328
25.0,0.5141472218572418,0.0,80.34444444444445,64.0,0.075,0.05577559770243102,171,25.0,0,0.0,,,HPA-fast-r0,node_failure,329
0.0,0.0,0.0,79.67083333333333,51.0,0.075,1.0,148,0.0,0,0.0,,,HPA-fast-r0,node_failure,330
0.0,0.0,0.0,77.75694444444444,61.0,0.075,1.0,124,0.0,0,0.0,,,HPA-fast-r0,node_failure,331
0.0,0.0,0.0,82.94305555555556,62.0,0.075,1.0,205,0.0,0,0.0,,,HPA-fast-r0,node_failure,332
0.0,0.0,0.0,77.56666666666666,57.0,0.075,1.0,135,0.0,0,0.0,,,HPA-fast-r0,node_failure,333
0.0,0.0,0.0,80.7375,58.0,0.075,1.0,136,0.0,0,0.0,,,HPA-fast-r0,node_failure,334
5.0,0.01192797968790904,0.0,80.05555555555556,64.0,0.075,0.9436232440200276,170,5.0,0,0.0,,,HPA-fast-r0,node_failure,335
0.0,0.0,0.0,79.77083333333333,54.0,0.075,1.0,135,0.0,0,0.0,,,HPA-fast-r0,node_failure,336
10.0,0.021530779126444077,0.0,78.3236111111111,60.0,0.075,0.8609913574732798,123,10.0,0,0.0,,,HPA-fast-r0,node_failure,337
0.0,0.0012202366568736522,0.0,82.8375,61.0,0.075,0.9934157213921853,212,0.0,0,0.0,,,HPA-fast-r0,node_failure,338
10.0,0.02171577498302213,0.0,77.35416666666667,57.0,0.075,0.9097199965571927,120,15.0,0,0.0,,,HPA-fast-r0,node_failure,339
0.0,0.0,0.0,96.7875,57.0,0.075,1.0,58,0.0,0,0.0,,,HPA-45-r0,node_failure,300
0.0,0.0,0.0,95.87638888888888,68.0,0.075,1.0,64,0.0,0,0.0,,,HPA-45-r0,node_failure,301
0.0,0.0,0.0,99.30694444444444,74.0,0.075,1.0,79,0.0,0,0.0,,,HPA-45-r0,node_failure,302
0.0,0.0,0.0,97.7125,70.0,0.075,1.0,67,0.0,0,0.0,,,HPA-45-r0,node_failure,303
0.0,0.0,0.0,96.79583333333333,58.0,0.075,1.0,58,0.0,0,0.0,,,HPA-45-r0,node_failure,304
10.0,0.16984749989124026,0.0,93.15555555555555,66.0,0.075,0.053209806267721003,71,10.0,0,0.0,,,HPA-45-r0,node_failure,305
0.0,0.0,0.0,95.15694444444445,56.0,0.075,1.0,53,0.0,0,0.0,,,HPA-45-r0,node_failure,306
0.0,0.0,0.0,95.34583333333333,67.0,0.075,1.0,55,0.0,0,0.0,,,HPA-45-r0,node_failure,307
0.0,0.0,0.0,99.99305555555556,72.0,0.075,1.0,79,0.0,0,0.0,,,HPA-45-r0,node_failure,308
0.0,0.0,0.0,97.7625,67.0,0.075,1.0,76,0.0,0,0.0,,,HPA-45-r0,node_failure,309
15.0,0.16529381953522826,0.0,98.43333333333334,58.0,0.075,0.09612348764776264,68,15.0,0,0.0,,,HPA-45-r0,node_failure,310
0.0,0.0,0.0,94.09722222222223,64.0,0.075,1.0,64,0.0,0,0.0,,,HPA-45-r0,node_failure,311
0.0,0.0,0.0,94.82083333333334,56.0,0.075,1.0,50,0.0,0,0.0,,,HPA-45-r0,node_failure,312
0.0,0.0,0.0,95.55555555555556,64.0,0.075,1.0,57,0.0,0,0.0,,,HPA-45-r0,node_failure,313
0.0,0.0,0.0,98.11527777777778,71.0,0.075,1.0,78,0.0,0,0.0,,,HPA-45-r0,node_failure,314
0.0,0.0,0.0,96.90555555555555,69.0,0.075,1.0,68,0.0,0,0.0,,,HPA-45-r0,node_failure,315
0.0,0.0,0.0,96.67916666666666,60.0,0.075,1.0,57,0.0,0,0.0,,,HPA-45-r0,node_failure,316
0.0,0.0,0.0,93.89444444444445,66.0,0.075,1.0,66,0.0,0,0.0,,,HPA-45-r0,node_failure,317
0.0,0.0,0.0,97.06111111111112,57.0,0.075,1.0,68,0.0,0,0.0,,,HPA-45-r0,node_failure,318
0.0,0.0,0.0,94.61111111111111,68.0,0.075,1.0,65,0.0,0,0.0,,,HPA-45-r0,node_failure,319
0.0,0.0,0.0,100.06111111111112,72.0,0.075,1.0,81,0.0,0,0.0,,,HPA-45-r0,node_failure,320
0.0,0.0,0.0,98.95277777777778,71.0,0.075,1.0,78,0.0,0,0.0,,,HPA-45-r0,node_failure,321
0.0,0.0,0.0,96.1875,59.0,0.075,1.0,55,0.0,0,0.0,,,HPA-45-r0,node_failure,322
0.0,0.0,0.0,92.95,68.0,0.075,1.0,76,0.0,0,0.0,,,HPA-45-r0,node_failure,323
0.0,0.0,0.0,94.97083333333333,56.0,0.075,1.0,51,0.0,0,0.0,,,HPA-45-r0,node_failure,324
0.0,0.0,0.0,92.54444444444445,65.0,0.075,1.0,53,0.0,0,0.0,,,HPA-45-r0,node_failure,325
0.0,0.0,0.0,100.20972222222223,74.0,0.075,1.0,83,0.0,0,0.0,,,HPA-45-r0,node_failure,326
0.0,0.0,0.0,98.22222222222223,71.0,0.075,1.0,71,0.0,0,0.0,,,HPA-45-r0,node_failure,327
0.0,0.0,0.0,97.10972222222222,60.0,0.075,1.0,63,0.0,0,0.0,,,HPA-45-r0,node_failure,328
0.0,0.0,0.0,93.5375,67.0,0.075,1.0,71,0.0,0,0.0,,,HPA-45-r0,node_failure,329
0.0,0.0,0.0,95.8013888888889,56.0,0.075,1.0,58,0.0,0,0.0,,,HPA-45-r0,node_failure,330
0.0,0.0,0.0,94.74305555555556,67.0,0.075,1.0,62,0.0,0,0.0,,,HPA-45-r0,node_failure,331
0.0,0.0,0.0,100.46111111111111,75.0,0.075,1.0,83,0.0,0,0.0,,,HPA-45-r0,node_failure,332
0.0,0.0,0.0,98.17083333333333,71.0,0.075,1.0,53,0.0,0,0.0,,,HPA-45-r0,node_failure,333
0.0,0.0,0.0,96.41388888888889,60.0,0.075,1.0,58,0.0,0,0.0,,,HPA-45-r0,node_failure,334
0.0,0.0,0.0,93.92083333333333,66.0,0.075,1.0,67,0.0,0,0.0,,,HPA-45-r0,node_failure,335
0.0,0.0,0.0,95.14861111111111,56.0,0.075,1.0,48,0.0,0,0.0,,,HPA-45-r0,node_failure,336
5.0,0.008214393681127419,0.0,94.74583333333334,66.0,0.075,0.9149855332419732,54,5.0,0,0.0,,,HPA-45-r0,node_failure,337
0.0,0.0,0.0,99.1125,71.0,0.075,1.0,76,0.0,0,0.0,,,HPA-45-r0,node_failure,338
0.0,0.0,0.0,99.7125,74.0,0.075,1.0,71,0.0,0,0.0,,,HPA-45-r0,node_failure,339
0.0,0.0,0.0,121.47777777777777,77.0,0.075,1.0,111,0.0,0,0.0,,,PredHPA-r0,node_failure,300
0.0,0.0,0.0,114.36666666666666,82.0,0.075,1.0,84,0.0,0,0.0,,,PredHPA-r0,node_failure,301
0.0,0.0,0.0,127.65972222222223,90.0,0.075,1.0,91,0.0,0,0.0,,,PredHPA-r0,node_failure,302
0.0,0.0,0.0,115.59722222222223,74.0,0.075,1.0,74,0.0,0,0.0,,,PredHPA-r0,node_failure,303
0.0,0.0,0.0,127.75277777777778,87.0,0.075,1.0,108,0.0,0,0.0,,,PredHPA-r0,node_failure,304
0.0,0.0,0.0,127.5625,95.0,0.075,1.0,96,0.0,0,0.0,,,PredHPA-r0,node_failure,305
0.0,0.0,0.0,119.4263888888889,76.0,0.075,1.0,102,0.0,0,0.0,,,PredHPA-r0,node_failure,306
0.0,0.0,0.0,114.54027777777777,80.0,0.075,1.0,83,0.0,0,0.0,,,PredHPA-r0,node_failure,307
0.0,0.0,0.0,130.6013888888889,93.0,0.075,1.0,96,0.0,0,0.0,,,PredHPA-r0,node_failure,308
0.0,0.0,0.0,115.6375,75.0,0.075,1.0,82,0.0,0,0.0,,,PredHPA-r0,node_failure,309
15.0,0.16529381953522826,0.0,126.51805555555555,85.0,0.075,0.09612348764776264,100,15.0,0,0.0,,,PredHPA-r0,node_failure,310
0.0,0.0,0.0,127.3375,94.0,0.075,1.0,93,0.0,0,0.0,,,PredHPA-r0,node_failure,311
0.0,0.0,0.0,119.61944444444444,73.0,0.075,1.0,117,0.0,0,0.0,,,PredHPA-r0,node_failure,312
0.0,0.0,0.0,115.0375,78.0,0.075,1.0,89,0.0,0,0.0,,,PredHPA-r0,node_failure,313
0.0,0.0,0.0,130.28194444444443,92.0,0.075,1.0,105,0.0,0,0.0,,,PredHPA-r0,node_failure,314
0.0,0.0,0.0,115.33194444444445,72.0,0.075,1.0,77,0.0,0,0.0,,,PredHPA-r0,node_failure,315
0.0,0.0,0.0,130.4125,90.0,0.075,1.0,106,0.0,0,0.0,,,PredHPA-r0,node_failure,316
0.0,0.0,0.0,127.59166666666667,94.0,0.075,1.0,92,0.0,0,0.0,,,PredHPA-r0,node_failure,317
0.0,0.0,0.0,122.77777777777777,78.0,0.075,1.0,117,0.0,0,0.0,,,PredHPA-r0,node_failure,318
0.0,0.0,0.0,115.87916666666666,84.0,0.075,1.0,90,0.0,0,0.0,,,PredHPA-r0,node_failure,319
0.0,0.0,0.0,130.975,93.0,0.075,1.0,101,0.0,0,0.0,,,PredHPA-r0,node_failure,320
0.0,0.0,0.0,115.66388888888889,73.0,0.075,1.0,73,0.0,0,0.0,,,PredHPA-r0,node_failure,321
0.0,0.0,0.0,126.1625,84.0,0.075,1.0,94,0.0,0,0.0,,,PredHPA-r0,node_failure,322
0.0,0.0,0.0,128.14583333333334,96.0,0.075,1.0,95,0.0,0,0.0,,,PredHPA-r0,node_failure,323
0.0,0.0,0.0,120.24722222222222,73.0,0.075,1.0,93,0.0,0,0.0,,,PredHPA-r0,node_failure,324
0.0,0.0,0.0,114.1125,79.0,0.075,1.0,90,0.0,0,0.0,,,PredHPA-r0,node_failure,325
0.0,0.0,0.0,129.56805555555556,93.0,0.075,1.0,96,0.0,0,0.0,,,PredHPA-r0,node_failure,326
0.0,0.0,0.0,115.6,74.0,0.075,1.0,80,0.0,0,0.0,,,PredHPA-r0,node_failure,327
0.0,0.0,0.0,124.66805555555555,85.0,0.075,1.0,93,0.0,0,0.0,,,PredHPA-r0,node_failure,328
0.0,0.0,0.0,126.84722222222223,96.0,0.075,1.0,104,0.0,0,0.0,,,PredHPA-r0,node_failure,329
0.0,0.0,0.0,120.46527777777777,71.0,0.075,1.0,106,0.0,0,0.0,,,PredHPA-r0,node_failure,330
0.0,0.0,0.0,114.62916666666666,80.0,0.075,1.0,89,0.0,0,0.0,,,PredHPA-r0,node_failure,331
0.0,0.0,0.0,128.17916666666667,92.0,0.075,1.0,95,0.0,0,0.0,,,PredHPA-r0,node_failure,332
0.0,0.0,0.0,117.81944444444444,77.0,0.075,1.0,78,0.0,0,0.0,,,PredHPA-r0,node_failure,333
0.0,0.0,0.0,126.01944444444445,90.0,0.075,1.0,105,0.0,0,0.0,,,PredHPA-r0,node_failure,334
0.0,0.0,0.0,128.95277777777778,94.0,0.075,1.0,90,0.0,0,0.0,,,PredHPA-r0,node_failure,335
0.0,0.0,0.0,121.77916666666667,78.0,0.075,1.0,111,0.0,0,0.0,,,PredHPA-r0,node_failure,336
0.0,0.0,0.0,114.575,84.0,0.075,1.0,84,0.0,0,0.0,,,PredHPA-r0,node_failure,337
0.0,0.0,0.0,127.55555555555556,92.0,0.075,1.0,91,0.0,0,0.0,,,PredHPA-r0,node_failure,338
0.0,0.0,0.0,117.7125,77.0,0.075,1.0,75,0.0,0,0.0,,,PredHPA-r0,node_failure,339
0.0,0.0,0.0,122.79722222222222,76.0,0.075,1.0,109,0.0,0,0.0,,,PredHPA-r1,node_failure,300
0.0,0.0,0.0,114.36666666666666,82.0,0.075,1.0,84,0.0,0,0.0,,,PredHPA-r1,node_failure,301
0.0,0.0,0.0,127.65972222222223,90.0,0.075,1.0,91,0.0,0,0.0,,,PredHPA-r1,node_failure,302
0.0,0.0,0.0,115.59722222222223,74.0,0.075,1.0,74,0.0,0,0.0,,,PredHPA-r1,node_failure,303
0.0,0.0,0.0,127.75277777777778,87.0,0.075,1.0,108,0.0,0,0.0,,,PredHPA-r1,node_failure,304
0.0,0.0,0.0,128.28472222222223,97.0,0.075,1.0,94,0.0,0,0.0,,,PredHPA-r1,node_failure,305
0.0,0.0,0.0,121.41388888888889,80.0,0.075,1.0,114,0.0,0,0.0,,,PredHPA-r1,node_failure,306
0.0,0.0,0.0,114.54027777777777,80.0,0.075,1.0,83,0.0,0,0.0,,,PredHPA-r1,node_failure,307
0.0,0.0,0.0,130.6013888888889,93.0,0.075,1.0,96,0.0,0,0.0,,,PredHPA-r1,node_failure,308
0.0,0.0,0.0,115.6375,75.0,0.075,1.0,82,0.0,0,0.0,,,PredHPA-r1,node_failure,309
25.0,0.3309231162235027,0.0,127.65555555555555,85.0,0.075,0.04630006077424906,100,25.0,0,0.0,,,PredHPA-r1,node_failure,310
0.0,0.0,0.0,127.65416666666667,93.0,0.075,1.0,95,0.0,0,0.0,,,PredHPA-r1,node_failure,311
0.0,0.0,0.0,121.00972222222222,83.0,0.075,1.0,116,0.0,0,0.0,,,PredHPA-r1,node_failure,312
0.0,0.0,0.0,115.0375,78.0,0.075,1.0,89,0.0,0,0.0,,,PredHPA-r1,node_failure,313
0.0,0.0,0.0,130.28194444444443,92.0,0.075,1.0,105,0.0,0,0.0,,,PredHPA-r1,node_failure,314
0.0,0.0,0.0,115.33194444444445,72.0,0.075,1.0,77,0.0,0,0.0,,,PredHPA-r1,node_failure,315
0.0,0.0,0.0,130.4125,90.0,0.075,1.0,106,0.0,0,0.0,,,PredHPA-r1,node_failure,316
0.0,0.0,0.0,128.74305555555554,93.0,0.075,1.0,99,0.0,0,0.0,,,PredHPA-r1,node_failure,317
0.0,0.0,0.0,123.32083333333334,77.0,0.075,1.0,116,0.0,0,0.0,,,PredHPA-r1,node_failure,318
0.0,0.0,0.0,115.87916666666666,84.0,0.075,1.0,90,0.0,0,0.0,,,PredHPA-r1,node_failure,319
0.0,0.0,0.0,130.975,93.0,0.075,1.0,101,0.0,0,0.0,,,PredHPA-r1,node_failure,320
0.0,0.0,0.0,115.66388888888889,73.0,0.075,1.0,73,0.0,0,0.0,,,PredHPA-r1,node_failure,321
0.0,0.0,0.0,126.1625,84.0,0.075,1.0,94,0.0,0,0.0,,,PredHPA-r1,node_failure,322
0.0,0.0,0.0,129.34027777777777,95.0,0.075,1.0,102,0.0,0,0.0,,,PredHPA-r1,node_failure,323
0.0,0.0,0.0,121.32222222222222,84.0,0.075,1.0,109,0.0,0,0.0,,,PredHPA-r1,node_failure,324
0.0,0.0,0.0,114.1125,79.0,0.075,1.0,91,0.0,0,0.0,,,PredHPA-r1,node_failure,325
0.0,0.0,0.0,129.56805555555556,93.0,0.075,1.0,96,0.0,0,0.0,,,PredHPA-r1,node_failure,326
0.0,0.0,0.0,115.6,74.0,0.075,1.0,80,0.0,0,0.0,,,PredHPA-r1,node_failure,327
0.0,0.0,0.0,124.66805555555555,85.0,0.075,1.0,93,0.0,0,0.0,,,PredHPA-r1,node_failure,328
0.0,0.0,0.0,128.95833333333334,95.0,0.075,1.0,109,0.0,0,0.0,,,PredHPA-r1,node_failure,329
0.0,0.0,0.0,120.25555555555556,72.0,0.075,1.0,105,0.0,0,0.0,,,PredHPA-r1,node_failure,330
0.0,0.0,0.0,114.62916666666666,80.0,0.075,1.0,89,0.0,0,0.0,,,PredHPA-r1,node_failure,331
0.0,0.0,0.0,128.17916666666667,92.0,0.075,1.0,95,0.0,0,0.0,,,PredHPA-r1,node_failure,332
0.0,0.0,0.0,117.81944444444444,77.0,0.075,1.0,78,0.0,0,0.0,,,PredHPA-r1,node_failure,333
0.0,0.0,0.0,126.01944444444445,90.0,0.075,1.0,105,0.0,0,0.0,,,PredHPA-r1,node_failure,334
0.0,0.0,0.0,130.64027777777778,94.0,0.075,1.0,101,0.0,0,0.0,,,PredHPA-r1,node_failure,335
0.0,0.0,0.0,124.5125,84.0,0.075,1.0,114,0.0,0,0.0,,,PredHPA-r1,node_failure,336
0.0,0.0,0.0,114.575,84.0,0.075,1.0,85,0.0,0,0.0,,,PredHPA-r1,node_failure,337
0.0,0.0,0.0,127.55555555555556,92.0,0.075,1.0,91,0.0,0,0.0,,,PredHPA-r1,node_failure,338
0.0,0.0,0.0,117.7125,77.0,0.075,1.0,75,0.0,0,0.0,,,PredHPA-r1,node_failure,339
0.0,0.0,0.0,105.00416666666666,87.0,0.075,1.0,880,0.0,11,0.0,,,ARC,node_failure,300
0.0,0.0,0.0,97.72777777777777,90.0,0.075,1.0,791,0.0,11,0.0,,,ARC,node_failure,301
5.0,0.03319399319868799,0.0,108.29305555555555,101.0,0.075,0.8674707116603074,921,0.0,11,0.0,,,ARC,node_failure,302
0.0,0.0,0.0,95.29861111111111,80.0,0.075,1.0,774,0.0,11,0.0,,,ARC,node_failure,303
20.0,0.03017679673279483,0.0,115.51388888888889,105.0,0.075,0.9000000008493929,861,20.0,11,20.0,,,ARC,node_failure,304
30.0,0.49645837837274387,0.0,101.7125,107.0,0.075,0.04723393247270643,899,15.0,11,0.0,,,ARC,node_failure,305
0.0,0.0,0.0,100.51388888888889,82.0,0.075,1.0,802,0.0,11,0.0,,,ARC,node_failure,306
0.0,0.0,0.0,94.79027777777777,87.0,0.075,1.0,781,0.0,11,0.0,,,ARC,node_failure,307
10.0,0.0463038573037422,0.0,107.21944444444445,100.0,0.075,0.8307430913401098,910,0.0,11,0.0,,,ARC,node_failure,308
0.0,0.0,0.0,90.94444444444444,73.0,0.075,1.0,689,0.0,11,0.0,,,ARC,node_failure,309
25.0,0.11092438281196104,0.0,101.07083333333334,97.0,0.075,0.5943544337976719,795,0.0,11,0.0,,,ARC,node_failure,310
10.0,0.1556860724610476,0.0,103.73194444444445,101.0,0.075,0.39186390666570603,974,0.0,11,0.0,,,ARC,node_failure,311
0.0,0.0,0.0,100.52083333333333,81.0,0.075,1.0,849,0.0,11,0.0,,,ARC,node_failure,312
0.0,0.0,0.0,94.175,85.0,0.075,1.0,787,0.0,11,0.0,,,ARC,node_failure,313
40.0,0.35389115995040354,0.0,101.22083333333333,97.0,0.075,0.21563166509546994,868,0.0,11,0.0,,,ARC,node_failure,314
15.0,0.042247381278104346,0.0,101.29027777777777,89.0,0.075,0.6199816303229534,781,15.0,11,0.0,,,ARC,node_failure,315
20.0,0.06780575696779811,0.0,110.51805555555555,105.0,0.075,0.8352684652746485,830,0.0,11,0.0,,,ARC,node_failure,316
10.0,0.22784776351365554,0.0,100.4375,96.0,0.075,0.4171561245122212,926,0.0,11,0.0,,,ARC,node_failure,317
0.0,0.0,0.0,106.39444444444445,93.0,0.075,1.0,849,0.0,11,0.0,,,ARC,node_failure,318
0.0,0.0,0.0,99.6361111111111,89.0,0.075,1.0,815,0.0,11,0.0,,,ARC,node_failure,319
60.0,0.9099058633021961,0.0,106.25277777777778,104.0,0.075,0.02658772040272008,906,0.0,11,10.0,,,ARC,node_failure,320
20.0,0.1523809334037063,0.0,102.1361111111111,84.0,0.075,0.18786947985799524,775,20.0,11,0.0,,,ARC,node_failure,321
10.0,0.10977215904326432,0.0,105.39722222222223,98.0,0.075,0.41913338577268267,778,0.0,11,0.0,,,ARC,node_failure,322
10.0,0.049571618801091955,0.0,106.20416666666667,104.0,0.075,0.8789421641490284,948,0.0,11,0.0,,,ARC,node_failure,323
0.0,0.0,0.0,106.95,87.0,0.075,1.0,907,0.0,11,0.0,,,ARC,node_failure,324
0.0,0.0,0.0,95.325,79.0,0.075,1.0,811,0.0,11,0.0,,,ARC,node_failure,325
5.0,0.016228364250059357,0.0,106.175,100.0,0.075,0.9216952159824378,876,0.0,11,0.0,,,ARC,node_failure,326
0.0,0.0,0.0,102.08333333333333,86.0,0.075,1.0,819,0.0,11,0.0,,,ARC,node_failure,327
0.0,0.003254328990465183,0.0,104.89861111111111,98.0,0.075,0.9724626685056597,837,0.0,11,0.0,,,ARC,node_failure,328
10.0,0.03436006482721021,0.0,108.35138888888889,118.0,0.075,0.9214577735371103,974,0.0,10,0.0,,,ARC,node_failure,329
0.0,0.0,0.0,107.01666666666667,85.0,0.075,1.0,855,0.0,11,0.0,,,ARC,node_failure,330
0.0,0.0,0.0,94.96944444444445,89.0,0.075,1.0,780,0.0,11,0.0,,,ARC,node_failure,331
15.0,0.12055453040198394,0.0,104.53611111111111,98.0,0.075,0.6182173665110556,863,0.0,11,0.0,,,ARC,node_failure,332
0.0,0.0,0.0,100.11527777777778,85.0,0.075,1.0,758,0.0,11,0.0,,,ARC,node_failure,333
10.0,0.030627054312215574,0.0,100.04583333333333,92.0,0.075,0.8890990322508973,814,0.0,11,0.0,,,ARC,node_failure,334
5.0,0.017222938635796936,0.0,105.95,111.0,0.075,0.9242236667366249,1000,0.0,10,0.0,,,ARC,node_failure,335
0.0,0.0,0.0,102.41527777777777,85.0,0.075,1.0,841,0.0,11,0.0,,,ARC,node_failure,336
5.0,0.010220484281409092,0.0,99.6125,92.0,0.075,0.9123995113164832,797,5.0,11,0.0,,,ARC,node_failure,337
30.0,0.22545697246999508,0.0,101.1625,96.0,0.075,0.054122787609547134,829,10.0,11,0.0,,,ARC,node_failure,338
10.0,0.02171577498302213,0.0,91.2388888888889,74.0,0.075,0.9097199965571927,736,15.0,11,0.0,,,ARC,node_failure,339
0.0,0.0,0.0,105.00416666666666,87.0,0.075,1.0,880,0.0,11,0.0,,,ARC-r0,node_failure,300
0.0,0.0,0.0,97.72777777777777,90.0,0.075,1.0,791,0.0,11,0.0,,,ARC-r0,node_failure,301
5.0,0.026449987727228397,0.0,108.29305555555555,101.0,0.075,0.8977070040831924,921,0.0,11,0.0,,,ARC-r0,node_failure,302
0.0,0.0,0.0,95.29861111111111,80.0,0.075,1.0,774,0.0,11,0.0,,,ARC-r0,node_failure,303
20.0,0.03017679631404091,0.0,115.12777777777778,105.0,0.075,0.900000002548179,857,20.0,11,20.0,,,ARC-r0,node_failure,304
25.0,0.4705397789577903,0.0,101.71111111111111,107.0,0.075,0.04723393247270643,899,15.0,11,0.0,,,ARC-r0,node_failure,305
0.0,0.0,0.0,99.08611111111111,80.0,0.075,1.0,787,0.0,11,0.0,,,ARC-r0,node_failure,306
0.0,0.0,0.0,94.79027777777777,87.0,0.075,1.0,781,0.0,11,0.0,,,ARC-r0,node_failure,307
10.0,0.0463038573037422,0.0,107.21944444444445,100.0,0.075,0.8307430913401098,910,0.0,11,0.0,,,ARC-r0,node_failure,308
0.0,0.0,0.0,90.94444444444444,73.0,0.075,1.0,689,0.0,11,0.0,,,ARC-r0,node_failure,309
25.0,0.11092438281196104,0.0,101.07083333333334,97.0,0.075,0.5943544337976719,795,0.0,11,0.0,,,ARC-r0,node_failure,310
10.0,0.1556860724610476,0.0,103.73194444444445,101.0,0.075,0.39186390666570603,974,0.0,11,0.0,,,ARC-r0,node_failure,311
0.0,0.0,0.0,100.52083333333333,81.0,0.075,1.0,849,0.0,11,0.0,,,ARC-r0,node_failure,312
0.0,0.0,0.0,94.175,85.0,0.075,1.0,787,0.0,11,0.0,,,ARC-r0,node_failure,313
25.0,0.20854543413543203,0.0,101.29722222222222,97.0,0.075,0.43773571507184345,869,0.0,11,0.0,,,ARC-r0,node_failure,314
10.0,0.013695598733509673,0.0,100.53333333333333,87.0,0.075,0.8787370454611205,793,10.0,11,0.0,,,ARC-r0,node_failure,315
10.0,0.043051837055796405,0.0,110.51527777777778,105.0,0.075,0.8352684652746485,830,0.0,11,0.0,,,ARC-r0,node_failure,316
10.0,0.22784776351365554,0.0,100.4375,96.0,0.075,0.4171561245122212,926,0.0,11,0.0,,,ARC-r0,node_failure,317
0.0,0.0,0.0,106.39444444444445,93.0,0.075,1.0,849,0.0,11,0.0,,,ARC-r0,node_failure,318
0.0,0.0,0.0,99.6361111111111,89.0,0.075,1.0,815,0.0,11,0.0,,,ARC-r0,node_failure,319
55.0,0.5946727484923198,0.0,106.50138888888888,104.0,0.075,0.054537774800490074,913,0.0,11,10.0,,,ARC-r0,node_failure,320
20.0,0.1523809334037063,0.0,102.1361111111111,84.0,0.075,0.18786947985799524,775,20.0,11,0.0,,,ARC-r0,node_failure,321
10.0,0.058539722912398506,0.0,103.12222222222222,94.0,0.075,0.7400678943339628,778,0.0,11,0.0,,,ARC-r0,node_failure,322
5.0,0.03706310381799138,0.0,106.20277777777778,104.0,0.075,0.8789421641490284,949,0.0,11,0.0,,,ARC-r0,node_failure,323
0.0,0.0,0.0,105.24444444444444,86.0,0.075,1.0,904,0.0,11,0.0,,,ARC-r0,node_failure,324
0.0,0.0,0.0,95.325,79.0,0.075,1.0,811,0.0,11,0.0,,,ARC-r0,node_failure,325
0.0,0.010095138785404245,0.0,106.175,100.0,0.075,0.9611463071537836,876,0.0,11,0.0,,,ARC-r0,node_failure,326
0.0,0.0,0.0,102.08333333333333,86.0,0.075,1.0,819,0.0,11,0.0,,,ARC-r0,node_failure,327
0.0,0.003254328990465183,0.0,104.89861111111111,98.0,0.075,0.9724626685056597,837,0.0,11,0.0,,,ARC-r0,node_failure,328
5.0,0.023065725440840623,0.0,108.35138888888889,118.0,0.075,0.9214577735371103,974,0.0,10,0.0,,,ARC-r0,node_failure,329
0.0,0.0,0.0,107.01666666666667,85.0,0.075,1.0,855,0.0,11,0.0,,,ARC-r0,node_failure,330
0.0,0.0,0.0,94.96944444444445,89.0,0.075,1.0,780,0.0,11,0.0,,,ARC-r0,node_failure,331
15.0,0.11535159389522986,0.0,104.53611111111111,98.0,0.075,0.6182173665110556,863,0.0,11,0.0,,,ARC-r0,node_failure,332
0.0,0.0,0.0,100.11527777777778,85.0,0.075,1.0,758,0.0,11,0.0,,,ARC-r0,node_failure,333
10.0,0.026218604496797138,0.0,100.04583333333333,92.0,0.075,0.8890990322508973,814,0.0,11,0.0,,,ARC-r0,node_failure,334
5.0,0.017222938635796936,0.0,105.95,111.0,0.075,0.9242236667366249,1000,0.0,10,0.0,,,ARC-r0,node_failure,335
0.0,0.0,0.0,102.41527777777777,85.0,0.075,1.0,841,0.0,11,0.0,,,ARC-r0,node_failure,336
5.0,0.010220484281409092,0.0,99.6125,92.0,0.075,0.9123995113164832,797,5.0,11,0.0,,,ARC-r0,node_failure,337
30.0,0.23072230533708327,0.0,101.30416666666666,97.0,0.075,0.05853939565821883,837,10.0,11,0.0,,,ARC-r0,node_failure,338
10.0,0.02171577498302213,0.0,91.2388888888889,74.0,0.075,0.9097199965571927,736,15.0,11,0.0,,,ARC-r0,node_failure,339
0.0,0.0,0.0,105.00416666666666,87.0,0.075,1.0,880,0.0,11,0.0,,,ARC-r1,node_failure,300
0.0,0.0,0.0,97.72777777777777,90.0,0.075,1.0,791,0.0,11,0.0,,,ARC-r1,node_failure,301
5.0,0.03282927932990454,0.0,108.29305555555555,101.0,0.075,0.8683226252720959,921,0.0,11,0.0,,,ARC-r1,node_failure,302
0.0,0.0,0.0,95.29861111111111,80.0,0.075,1.0,774,0.0,11,0.0,,,ARC-r1,node_failure,303
20.0,0.0301767966281119,0.0,115.12777777777778,105.0,0.075,0.9000000012740894,857,20.0,11,20.0,,,ARC-r1,node_failure,304
30.0,0.4961588141745854,0.0,101.7125,107.0,0.075,0.04723393247270643,899,15.0,11,0.0,,,ARC-r1,node_failure,305
0.0,0.0,0.0,100.51388888888889,82.0,0.075,1.0,802,0.0,11,0.0,,,ARC-r1,node_failure,306
0.0,0.0,0.0,94.79027777777777,87.0,0.075,1.0,781,0.0,11,0.0,,,ARC-r1,node_failure,307
10.0,0.0463038573037422,0.0,107.21944444444445,100.0,0.075,0.8307430913401098,910,0.0,11,0.0,,,ARC-r1,node_failure,308
0.0,0.0,0.0,90.94444444444444,73.0,0.075,1.0,689,0.0,11,0.0,,,ARC-r1,node_failure,309
25.0,0.11092438281196104,0.0,101.07083333333334,97.0,0.075,0.5943544337976719,795,0.0,11,0.0,,,ARC-r1,node_failure,310
10.0,0.1556860724610476,0.0,103.73194444444445,101.0,0.075,0.39186390666570603,974,0.0,11,0.0,,,ARC-r1,node_failure,311
0.0,0.0,0.0,100.52083333333333,81.0,0.075,1.0,849,0.0,11,0.0,,,ARC-r1,node_failure,312
0.0,0.0,0.0,94.175,85.0,0.075,1.0,787,0.0,11,0.0,,,ARC-r1,node_failure,313
40.0,0.3324080534768181,0.0,101.22083333333333,97.0,0.075,0.22677026491609045,868,0.0,11,0.0,,,ARC-r1,node_failure,314
10.0,0.032464500398776686,0.0,100.94166666666666,88.0,0.075,0.6884667681302199,776,10.0,10,0.0,,,ARC-r1,node_failure,315
20.0,0.06440516084890158,0.0,110.51805555555555,105.0,0.075,0.8352684652746485,830,0.0,11,0.0,,,ARC-r1,node_failure,316
10.0,0.22784776351365554,0.0,100.4375,96.0,0.075,0.4171561245122212,926,0.0,11,0.0,,,ARC-r1,node_failure,317
0.0,0.0,0.0,106.39444444444445,93.0,0.075,1.0,849,0.0,11,0.0,,,ARC-r1,node_failure,318
0.0,0.0,0.0,99.6361111111111,89.0,0.075,1.0,815,0.0,11,0.0,,,ARC-r1,node_failure,319
60.0,0.8924932868137114,0.0,106.25277777777778,104.0,0.075,0.034227768781637184,906,0.0,11,10.0,,,ARC-r1,node_failure,320
20.0,0.1523809334037063,0.0,102.1361111111111,84.0,0.075,0.18786947985799524,775,20.0,11,0.0,,,ARC-r1,node_failure,321
10.0,0.106998811606418,0.0,105.39722222222223,98.0,0.075,0.4357965443998005,778,0.0,11,0.0,,,ARC-r1,node_failure,322
10.0,0.04947538081629954,0.0,106.20416666666667,104.0,0.075,0.8789421641490284,948,0.0,11,0.0,,,ARC-r1,node_failure,323
0.0,0.0,0.0,106.95,87.0,0.075,1.0,907,0.0,11,0.0,,,ARC-r1,node_failure,324
0.0,0.0,0.0,95.325,79.0,0.075,1.0,811,0.0,11,0.0,,,ARC-r1,node_failure,325
5.0,0.0156016542278814,0.0,106.175,100.0,0.075,0.9227410205683884,876,0.0,11,0.0,,,ARC-r1,node_failure,326
0.0,0.0,0.0,102.08333333333333,86.0,0.075,1.0,819,0.0,11,0.0,,,ARC-r1,node_failure,327
0.0,0.003254328990465183,0.0,104.89861111111111,98.0,0.075,0.9724626685056597,837,0.0,11,0.0,,,ARC-r1,node_failure,328
10.0,0.034269520061447345,0.0,108.35138888888889,118.0,0.075,0.9214577735371103,974,0.0,10,0.0,,,ARC-r1,node_failure,329
0.0,0.0,0.0,107.01666666666667,85.0,0.075,1.0,855,0.0,11,0.0,,,ARC-r1,node_failure,330
0.0,0.0,0.0,94.96944444444445,89.0,0.075,1.0,780,0.0,11,0.0,,,ARC-r1,node_failure,331
15.0,0.12026731402562385,0.0,104.53611111111111,98.0,0.075,0.6182173665110556,863,0.0,11,0.0,,,ARC-r1,node_failure,332
0.0,0.0,0.0,100.11527777777778,85.0,0.075,1.0,758,0.0,11,0.0,,,ARC-r1,node_failure,333
10.0,0.030406367771773635,0.0,100.04583333333333,92.0,0.075,0.8890990322508973,814,0.0,11,0.0,,,ARC-r1,node_failure,334
5.0,0.017222938635796936,0.0,105.95,111.0,0.075,0.9242236667366249,1000,0.0,10,0.0,,,ARC-r1,node_failure,335
0.0,0.0,0.0,102.41527777777777,85.0,0.075,1.0,841,0.0,11,0.0,,,ARC-r1,node_failure,336
5.0,0.010220484281409092,0.0,99.6125,92.0,0.075,0.9123995113164832,797,5.0,11,0.0,,,ARC-r1,node_failure,337
30.0,0.22382359912371808,0.0,101.19305555555556,96.0,0.075,0.054122787609547134,830,10.0,11,0.0,,,ARC-r1,node_failure,338
10.0,0.02171577498302213,0.0,91.2388888888889,74.0,0.075,0.9097199965571927,736,15.0,11,0.0,,,ARC-r1,node_failure,339
0.0,0.00023123690020554477,0.0,78.06666666666666,46.0,0.075,0.9980783119239949,52,0.0,0,0.0,,,HPA-r0,gray,300
75.0,0.9378256229496063,0.0,86.84027777777777,61.0,0.075,0.0,59,75.0,0,0.0,,,HPA-r0,gray,301
50.0,0.5054844049407703,0.0,83.28333333333333,68.0,0.075,0.1273567992460499,65,20.0,0,0.0,,,HPA-r0,gray,302
40.0,0.42662581084204065,0.0,83.54861111111111,56.0,0.075,0.00506787185149232,67,40.0,0,0.0,,,HPA-r0,gray,303
5.0,0.01170561159842265,0.0,78.075,49.0,0.075,0.9412353785965086,52,5.0,0,0.0,,,HPA-r0,gray,304
80.0,1.34657488836617,0.0,82.65555555555555,59.0,0.075,0.0,72,65.0,0,0.0,,,HPA-r0,gray,305
90.0,1.8347546959487149,0.0,82.34027777777777,60.0,0.075,3.160063571584408e-05,60,90.0,0,0.0,,,HPA-r0,gray,306
65.0,0.9618563904348898,0.0,85.03888888888889,60.0,0.075,0.0,53,65.0,0,0.0,,,HPA-r0,gray,307
50.0,0.5314875000318242,0.0,88.12361111111112,73.0,0.075,0.0,67,5.0,0,0.0,,,HPA-r0,gray,308
10.0,0.012638347404458905,0.0,83.25972222222222,55.0,0.075,0.9262434093468991,65,10.0,0,0.0,,,HPA-r0,gray,309
0.0,0.0001195484271021563,0.0,77.79166666666667,48.0,0.075,0.9990578058841533,53,0.0,0,0.0,,,HPA-r0,gray,310
5.0,0.019436754740320694,0.0,74.81805555555556,50.0,0.075,0.9376537606405542,56,0.0,0,0.0,,,HPA-r0,gray,311
65.0,0.9024216901523108,0.0,85.72638888888889,68.0,0.075,0.0,58,20.0,0,0.0,,,HPA-r0,gray,312
0.0,0.0,0.0,75.95138888888889,51.0,0.075,1.0,49,0.0,0,0.0,,,HPA-r0,gray,313
15.0,0.08483375652155178,0.0,80.4486111111111,57.0,0.075,0.7428982441272871,67,5.0,0,0.0,,,HPA-r0,gray,314
40.0,0.435665497085691,0.0,83.6361111111111,57.0,0.075,0.0010833094157290184,75,40.0,0,0.0,,,HPA-r0,gray,315
0.0,0.0,0.0,78.48472222222222,49.0,0.075,1.0,54,0.0,0,0.0,,,HPA-r0,gray,316
80.0,1.2369253652302126,0.0,79.16944444444445,51.0,0.075,4.0968051717519046e-05,61,70.0,0,0.0,,,HPA-r0,gray,317
65.0,0.810129197596543,0.0,86.16527777777777,64.0,0.075,0.0,60,65.0,0,0.0,,,HPA-r0,gray,318
0.0,0.0,0.0,77.47222222222223,56.0,0.075,1.0,53,0.0,0,0.0,,,HPA-r0,gray,319
80.0,0.9705526655953811,0.0,87.96111111111111,73.0,0.075,0.0,71,5.0,0,0.0,,,HPA-r0,gray,320
0.0,0.0,0.0,80.20416666666667,56.0,0.075,1.0,67,0.0,0,0.0,,,HPA-r0,gray,321
50.0,0.5421766670334782,0.0,84.74444444444444,63.0,0.075,0.0,60,50.0,0,0.0,,,HPA-r0,gray,322
70.0,0.9835407228386939,0.0,83.37638888888888,60.0,0.075,0.0,71,55.0,0,0.0,,,HPA-r0,gray,323
55.0,0.7460870425860855,0.0,84.38055555555556,62.0,0.075,0.0,53,55.0,0,0.0,,,HPA-r0,gray,324
80.0,1.1839112985955746,0.0,84.58472222222223,60.0,0.075,0.0,53,80.0,0,0.0,,,HPA-r0,gray,325
50.0,0.5523225075540372,0.0,87.65555555555555,74.0,0.075,0.0,64,5.0,0,0.0,,,HPA-r0,gray,326
0.0,0.0,0.0,79.24722222222222,55.0,0.075,1.0,59,0.0,0,0.0,,,HPA-r0,gray,327
65.0,0.8684660827124824,0.0,81.09722222222223,56.0,0.075,3.160063571584408e-05,61,65.0,0,0.0,,,HPA-r0,gray,328
65.0,1.186697098801348,0.0,82.45555555555555,58.0,0.075,0.0,64,55.0,0,0.0,,,HPA-r0,gray,329
55.0,0.5524284442595229,0.0,85.08472222222223,62.0,0.075,0.0,48,55.0,0,0.0,,,HPA-r0,gray,330
65.0,0.7615432629178742,0.0,83.62222222222222,59.0,0.075,0.0,55,65.0,0,0.0,,,HPA-r0,gray,331
20.0,0.14340986653001986,0.0,79.61805555555556,57.0,0.075,0.5482657277546208,64,5.0,0,0.0,,,HPA-r0,gray,332
30.0,0.3256860813280249,0.0,87.0111111111111,64.0,0.075,0.0,59,30.0,0,0.0,,,HPA-r0,gray,333
75.0,1.291019978120278,0.0,89.60277777777777,67.0,0.075,0.0,64,75.0,0,0.0,,,HPA-r0,gray,334
85.0,1.3287190719627917,0.0,81.35833333333333,58.0,0.075,3.160063571584408e-05,66,75.0,0,0.0,,,HPA-r0,gray,335
55.0,0.7829267692534447,0.0,81.20833333333333,56.0,0.075,3.160063571584408e-05,56,55.0,0,0.0,,,HPA-r0,gray,336
0.0,0.0013932725553278402,0.0,75.37916666666666,51.0,0.075,0.9926753548930898,51,0.0,0,0.0,,,HPA-r0,gray,337
90.0,1.0976404488451164,0.0,86.98055555555555,73.0,0.075,0.0,63,60.0,0,0.0,,,HPA-r0,gray,338
35.0,0.5193105206121595,0.0,87.43611111111112,61.0,0.075,0.0,57,35.0,0,0.0,,,HPA-r0,gray,339
0.0,0.00023123690020554477,0.0,80.55416666666666,54.0,0.075,0.9980783119239949,153,0.0,0,0.0,,,HPA-fast-r0,gray,300
50.0,0.6891326186456714,0.0,84.675,69.0,0.075,0.0,122,50.0,0,0.0,,,HPA-fast-r0,gray,301
10.0,0.03170200874924589,0.0,86.18055555555556,75.0,0.075,0.8687377721859595,217,10.0,0,0.0,,,HPA-fast-r0,gray,302
20.0,0.056751898744455964,0.0,80.71805555555555,59.0,0.075,0.6277202101363453,148,20.0,0,0.0,,,HPA-fast-r0,gray,303
0.0,0.0,0.0,81.93888888888888,62.0,0.075,1.0,153,0.0,0,0.0,,,HPA-fast-r0,gray,304
40.0,0.7349400098823788,0.0,85.48611111111111,61.0,0.075,0.0,181,40.0,0,0.0,,,HPA-fast-r0,gray,305
45.0,0.8400701936941424,0.0,83.01527777777778,64.0,0.075,0.0017219601967610285,149,45.0,0,0.0,,,HPA-fast-r0,gray,306
50.0,0.6512296265953954,0.0,84.12638888888888,68.0,0.075,0.0,134,50.0,0,0.0,,,HPA-fast-r0,gray,307
20.0,0.3545121367562687,0.0,89.49444444444444,78.0,0.075,0.0023964449304410057,231,20.0,0,0.0,,,HPA-fast-r0,gray,308
10.0,0.012638347404458905,0.0,80.46388888888889,59.0,0.075,0.9262434093468991,127,10.0,0,0.0,,,HPA-fast-r0,gray,309
0.0,0.0001195484271021563,0.0,81.14722222222223,62.0,0.075,0.9990578058841533,155,0.0,0,0.0,,,HPA-fast-r0,gray,310
0.0,0.0,0.0,80.21805555555555,63.0,0.075,1.0,199,0.0,0,0.0,,,HPA-fast-r0,gray,311
25.0,0.20089487838118592,0.0,87.02083333333333,70.0,0.075,0.03311920843283136,158,20.0,0,0.0,,,HPA-fast-r0,gray,312
0.0,0.0,0.0,77.67222222222222,56.0,0.075,1.0,114,0.0,0,0.0,,,HPA-fast-r0,gray,313
0.0,0.0,0.0,83.97083333333333,67.0,0.075,1.0,224,0.0,0,0.0,,,HPA-fast-r0,gray,314
30.0,0.38249338043440106,0.0,80.20138888888889,58.0,0.075,0.0010833094157290184,150,30.0,0,0.0,,,HPA-fast-r0,gray,315
0.0,0.0,0.0,81.74027777777778,59.0,0.075,1.0,156,0.0,0,0.0,,,HPA-fast-r0,gray,316
15.0,0.21771836148333223,0.0,83.22638888888889,64.0,0.075,0.019743034987035713,186,15.0,0,0.0,,,HPA-fast-r0,gray,317
55.0,0.6562271850969137,0.0,87.27361111111111,71.0,0.075,0.0,145,55.0,0,0.0,,,HPA-fast-r0,gray,318
0.0,0.0,0.0,78.6875,59.0,0.075,1.0,122,0.0,0,0.0,,,HPA-fast-r0,gray,319
15.0,0.305222521354509,0.0,90.17916666666666,82.0,0.075,0.05733836971787799,243,15.0,0,0.0,,,HPA-fast-r0,gray,320
0.0,0.0,0.0,77.93333333333334,58.0,0.075,1.0,123,0.0,0,0.0,,,HPA-fast-r0,gray,321
45.0,0.4953607649028635,0.0,87.16666666666667,77.0,0.075,0.0,162,45.0,0,0.0,,,HPA-fast-r0,gray,322
45.0,0.7884355842189494,0.0,86.1763888888889,65.0,0.075,0.0,188,45.0,0,0.0,,,HPA-fast-r0,gray,323
35.0,0.28965438550005995,0.0,86.37777777777778,70.0,0.075,0.05738675240961951,157,35.0,0,0.0,,,HPA-fast-r0,gray,324
40.0,0.5084693961576736,0.0,84.85416666666667,69.0,0.075,0.0,127,40.0,0,0.0,,,HPA-fast-r0,gray,325
15.0,0.2603571185311737,0.0,89.1125,82.0,0.075,0.0755190494851177,229,15.0,0,0.0,,,HPA-fast-r0,gray,326
0.0,0.0,0.0,77.38055555555556,54.0,0.075,1.0,133,0.0,0,0.0,,,HPA-fast-r0,gray,327
50.0,0.6662836679902862,0.0,84.28055555555555,68.0,0.075,3.160063571584408e-05,148,50.0,0,0.0,,,HPA-fast-r0,gray,328
40.0,0.8912178609746468,0.0,85.9888888888889,66.0,0.075,0.0,183,40.0,0,0.0,,,HPA-fast-r0,gray,329
40.0,0.3240859997903134,0.0,86.58055555555555,69.0,0.075,0.0,150,40.0,0,0.0,,,HPA-fast-r0,gray,330
40.0,0.4444421911317997,0.0,83.79444444444445,66.0,0.075,0.0,133,40.0,0,0.0,,,HPA-fast-r0,gray,331
0.0,0.0,0.0,83.70555555555555,66.0,0.075,1.0,214,0.0,0,0.0,,,HPA-fast-r0,gray,332
35.0,0.3893834603925894,0.0,84.425,67.0,0.075,0.0,142,35.0,0,0.0,,,HPA-fast-r0,gray,333
60.0,0.8510714344424963,0.0,87.55,76.0,0.075,0.0,150,60.0,0,0.0,,,HPA-fast-r0,gray,334
40.0,0.6225471785648473,0.0,83.68194444444444,62.0,0.075,3.160063571584408e-05,192,40.0,0,0.0,,,HPA-fast-r0,gray,335
45.0,0.6731647407311026,0.0,84.20416666666667,66.0,0.075,3.1600635715844084e-05,142,45.0,0,0.0,,,HPA-fast-r0,gray,336
0.0,0.0,0.0,78.39861111111111,61.0,0.075,1.0,132,0.0,0,0.0,,,HPA-fast-r0,gray,337
15.0,0.07210177914935834,0.0,88.22361111111111,80.0,0.075,0.594370307692261,216,15.0,0,0.0,,,HPA-fast-r0,gray,338
35.0,0.5463946745422832,0.0,84.00416666666666,67.0,0.075,0.0,141,35.0,0,0.0,,,HPA-fast-r0,gray,339
0.0,0.00023123690020554477,0.0,97.45833333333333,59.0,0.075,0.9980783119239949,62,0.0,0,0.0,,,HPA-45-r0,gray,300
35.0,0.4671995757662639,0.0,106.11805555555556,73.0,0.075,0.0,57,35.0,0,0.0,,,HPA-45-r0,gray,301
0.0,0.0022222801426496908,0.0,106.88333333333334,92.0,0.075,0.9887465357876901,89,0.0,0,0.0,,,HPA-45-r0,gray,302
10.0,0.020101948924688973,0.0,103.74583333333334,70.0,0.075,0.878195264910105,71,10.0,0,0.0,,,HPA-45-r0,gray,303
0.0,0.0,0.0,98.74027777777778,64.0,0.075,1.0,64,0.0,0,0.0,,,HPA-45-r0,gray,304
50.0,0.8243281159984406,0.0,103.63194444444444,71.0,0.075,0.0,72,50.0,0,0.0,,,HPA-45-r0,gray,305
45.0,0.8168454343116305,0.0,103.50277777777778,76.0,0.075,0.00020488631829021525,68,45.0,0,0.0,,,HPA-45-r0,gray,306
55.0,0.7633226320784114,0.0,106.50833333333334,74.0,0.075,0.0,61,55.0,0,0.0,,,HPA-45-r0,gray,307
15.0,0.17416760759970673,0.0,110.55,88.0,0.075,0.31000189586990756,95,15.0,0,0.0,,,HPA-45-r0,gray,308
0.0,0.0,0.0,104.76527777777778,71.0,0.075,1.0,80,0.0,0,0.0,,,HPA-45-r0,gray,309
0.0,0.0001195484271021563,0.0,98.10138888888889,62.0,0.075,0.9990578058841533,66,0.0,0,0.0,,,HPA-45-r0,gray,310
0.0,0.0,0.0,94.86944444444444,63.0,0.075,1.0,68,0.0,0,0.0,,,HPA-45-r0,gray,311
20.0,0.28236707854907284,0.0,105.28611111111111,75.0,0.075,0.08084498147372023,59,20.0,0,0.0,,,HPA-45-r0,gray,312
0.0,0.0,0.0,96.33055555555555,64.0,0.075,1.0,62,0.0,0,0.0,,,HPA-45-r0,gray,313
0.0,0.0,0.0,100.41944444444445,78.0,0.075,1.0,88,0.0,0,0.0,,,HPA-45-r0,gray,314
20.0,0.03692653358993159,0.0,104.28333333333333,71.0,0.075,0.7807407672772781,87,20.0,0,0.0,,,HPA-45-r0,gray,315
0.0,0.0,0.0,97.7125,61.0,0.075,1.0,61,0.0,0,0.0,,,HPA-45-r0,gray,316
10.0,0.025906892331151177,0.0,99.35277777777777,65.0,0.075,0.8354482937293926,72,10.0,0,0.0,,,HPA-45-r0,gray,317
35.0,0.20124137002643927,0.0,107.27361111111111,75.0,0.075,0.08904903226146153,69,40.0,0,0.0,,,HPA-45-r0,gray,318
0.0,0.0,0.0,96.74861111111112,68.0,0.075,1.0,77,0.0,0,0.0,,,HPA-45-r0,gray,319
25.0,0.3833702584432608,0.0,109.54861111111111,87.0,0.075,0.0,88,25.0,0,0.0,,,HPA-45-r0,gray,320
0.0,0.0,0.0,100.40555555555555,70.0,0.075,1.0,87,0.0,0,0.0,,,HPA-45-r0,gray,321
20.0,0.16481547525487583,0.0,105.85555555555555,77.0,0.075,0.31781651700820085,67,20.0,0,0.0,,,HPA-45-r0,gray,322
45.0,0.5788367014038953,0.0,102.72777777777777,71.0,0.075,0.0,71,45.0,0,0.0,,,HPA-45-r0,gray,323
15.0,0.03567170991121138,0.0,105.75138888888888,73.0,0.075,0.8362755505377562,58,15.0,0,0.0,,,HPA-45-r0,gray,324
50.0,0.5452628704854634,0.0,104.08611111111111,74.0,0.075,0.0,57,50.0,0,0.0,,,HPA-45-r0,gray,325
10.0,0.1396212681246789,0.0,108.46666666666667,86.0,0.075,0.32346309952011815,90,10.0,0,0.0,,,HPA-45-r0,gray,326
0.0,0.0,0.0,99.72777777777777,69.0,0.075,1.0,81,0.0,0,0.0,,,HPA-45-r0,gray,327
35.0,0.5726267568542442,0.0,104.01666666666667,71.0,0.075,0.0011453102422876392,68,35.0,0,0.0,,,HPA-45-r0,gray,328
50.0,0.993037776921113,0.0,104.2611111111111,75.0,0.075,0.0,70,50.0,0,0.0,,,HPA-45-r0,gray,329
0.0,0.00099398133902584,0.0,107.16805555555555,75.0,0.075,0.9865463576305392,63,0.0,0,0.0,,,HPA-45-r0,gray,330
0.0,0.004958787848730051,0.0,104.57638888888889,76.0,0.075,0.9546270488603678,72,0.0,0,0.0,,,HPA-45-r0,gray,331
0.0,0.0,0.0,102.31527777777778,80.0,0.075,1.0,92,0.0,0,0.0,,,HPA-45-r0,gray,332
5.0,0.010883720697130173,0.0,107.84166666666667,72.0,0.075,0.9164796114325859,60,5.0,0,0.0,,,HPA-45-r0,gray,333
35.0,0.23313110644431756,0.0,107.89166666666667,77.0,0.075,0.032418393722652206,60,15.0,0,0.0,,,HPA-45-r0,gray,334
35.0,0.5069674821212677,0.0,100.83333333333333,68.0,0.075,0.006499679760754148,76,45.0,0,0.0,,,HPA-45-r0,gray,335
50.0,0.6372260931857832,0.0,100.68333333333334,70.0,0.075,0.001982518027261152,55,50.0,0,0.0,,,HPA-45-r0,gray,336
0.0,0.0,0.0,95.72083333333333,69.0,0.075,1.0,65,0.0,0,0.0,,,HPA-45-r0,gray,337
0.0,0.0,0.0,107.10694444444445,86.0,0.075,1.0,84,0.0,0,0.0,,,HPA-45-r0,gray,338
25.0,0.12127914745460044,0.0,109.66111111111111,73.0,0.075,0.5210946436920084,68,25.0,0,0.0,,,HPA-45-r0,gray,339
10.0,0.16384140184459994,0.0,122.76805555555555,78.0,0.075,0.1690160183163267,106,10.0,0,0.0,,,PredHPA-r0,gray,300
0.0,0.0011491920781647735,0.0,121.05277777777778,83.0,0.075,0.9883212625222574,86,0.0,0,0.0,,,PredHPA-r0,gray,301
25.0,0.2621128670683204,0.0,132.69166666666666,101.0,0.075,0.1273567992460499,99,15.0,0,0.0,,,PredHPA-r0,gray,302
0.0,0.0,0.0,118.91805555555555,74.0,0.075,1.0,82,0.0,0,0.0,,,PredHPA-r0,gray,303
0.0,0.001075620799939614,0.0,128.38333333333333,88.0,0.075,0.9946001583470233,105,0.0,0,0.0,,,PredHPA-r0,gray,304
30.0,0.4587054441451466,0.0,132.32638888888889,98.0,0.075,0.004614679684574797,99,25.0,0,0.0,,,PredHPA-r0,gray,305
5.0,0.007990878563535198,0.0,123.58333333333333,85.0,0.075,0.9295125046368695,116,5.0,0,0.0,,,PredHPA-r0,gray,306
0.0,0.0,0.0,120.50277777777778,82.0,0.075,1.0,89,0.0,0,0.0,,,PredHPA-r0,gray,307
20.0,0.362672479395465,0.0,135.5222222222222,104.0,0.075,0.0023964449304410057,100,20.0,0,0.0,,,PredHPA-r0,gray,308
0.0,0.0004502486421031904,0.0,119.40833333333333,75.0,0.075,0.99569231650868,85,0.0,0,0.0,,,PredHPA-r0,gray,309
0.0,0.0001195484271021563,0.0,127.03888888888889,85.0,0.075,0.9990578058841533,99,0.0,0,0.0,,,PredHPA-r0,gray,310
0.0,0.0,0.0,128.03472222222223,95.0,0.075,1.0,98,0.0,0,0.0,,,PredHPA-r0,gray,311
45.0,0.6478503149418446,0.0,125.64027777777778,84.0,0.075,0.0,119,45.0,0,0.0,,,PredHPA-r0,gray,312
0.0,0.0,0.0,115.64027777777778,79.0,0.075,1.0,87,0.0,0,0.0,,,PredHPA-r0,gray,313
0.0,0.004052422469302819,0.0,131.3625,94.0,0.075,0.9849761244768451,105,0.0,0,0.0,,,PredHPA-r0,gray,314
0.0,0.0006467989837166677,0.0,119.30277777777778,75.0,0.075,0.995197553634044,92,0.0,0,0.0,,,PredHPA-r0,gray,315
0.0,0.0,0.0,129.4986111111111,89.0,0.075,1.0,104,0.0,0,0.0,,,PredHPA-r0,gray,316
0.0,0.0,0.0,129.5638888888889,95.0,0.075,1.0,97,0.0,0,0.0,,,PredHPA-r0,gray,317
0.0,0.0,0.0,129.3361111111111,87.0,0.075,1.0,113,0.0,0,0.0,,,PredHPA-r0,gray,318
0.0,0.0,0.0,116.20972222222223,83.0,0.075,1.0,93,0.0,0,0.0,,,PredHPA-r0,gray,319
20.0,0.255180073827721,0.0,136.05416666666667,104.0,0.075,0.11869215124396305,105,15.0,0,0.0,,,PredHPA-r0,gray,320
0.0,0.0,0.0,116.80972222222222,74.0,0.075,1.0,74,0.0,0,0.0,,,PredHPA-r0,gray,321
0.0,0.0,0.0,131.49305555555554,93.0,0.075,1.0,95,0.0,0,0.0,,,PredHPA-r0,gray,322
0.0,0.0,0.0,132.31527777777777,94.0,0.075,1.0,103,0.0,0,0.0,,,PredHPA-r0,gray,323
0.0,0.0,0.0,125.48055555555555,83.0,0.075,1.0,102,0.0,0,0.0,,,PredHPA-r0,gray,324
10.0,0.021950288558936215,0.0,120.58333333333333,82.0,0.075,0.8735376093169624,93,10.0,0,0.0,,,PredHPA-r0,gray,325
20.0,0.35155025657844785,0.0,134.53472222222223,104.0,0.075,0.0020128002028127964,103,20.0,0,0.0,,,PredHPA-r0,gray,326
0.0,0.0,0.0,115.32638888888889,72.0,0.075,1.0,76,0.0,0,0.0,,,PredHPA-r0,gray,327
20.0,0.2740050462035071,0.0,128.30694444444444,91.0,0.075,0.07870914234869453,95,20.0,0,0.0,,,PredHPA-r0,gray,328
25.0,0.3562383606347641,0.0,130.8375,94.0,0.075,0.07487961224787781,108,25.0,0,0.0,,,PredHPA-r0,gray,329
0.0,0.0,0.0,127.04027777777777,83.0,0.075,1.0,106,0.0,0,0.0,,,PredHPA-r0,gray,330
0.0,0.0006811847178100905,0.0,120.79444444444445,81.0,0.075,0.9930608076534463,90,0.0,0,0.0,,,PredHPA-r0,gray,331
0.0,0.006380549549034331,0.0,130.3972222222222,94.0,0.075,0.9856624216694359,99,0.0,0,0.0,,,PredHPA-r0,gray,332
0.0,0.005843029130236932,0.0,124.52083333333333,82.0,0.075,0.9595574298389069,82,0.0,0,0.0,,,PredHPA-r0,gray,333
55.0,0.8399814203992939,0.0,133.37222222222223,101.0,0.075,0.0,101,15.0,0,0.0,,,PredHPA-r0,gray,334
0.0,0.0,0.0,132.20416666666668,95.0,0.075,1.0,99,0.0,0,0.0,,,PredHPA-r0,gray,335
20.0,0.16627386924439325,0.0,125.54861111111111,82.0,0.075,0.3084352279453531,114,20.0,0,0.0,,,PredHPA-r0,gray,336
0.0,0.0,0.0,116.13472222222222,86.0,0.075,1.0,91,0.0,0,0.0,,,PredHPA-r0,gray,337
20.0,0.09690224584524287,0.0,132.3347222222222,104.0,0.075,0.784630095879046,99,20.0,0,0.0,,,PredHPA-r0,gray,338
0.0,0.0,0.0,123.32083333333334,81.0,0.075,1.0,81,0.0,0,0.0,,,PredHPA-r0,gray,339
0.0,0.00023654188218147354,0.0,123.89166666666667,79.0,0.075,0.9980783119239949,111,0.0,0,0.0,,,PredHPA-r1,gray,300
0.0,0.0011491920781647735,0.0,121.05277777777778,83.0,0.075,0.9883212625222574,86,0.0,0,0.0,,,PredHPA-r1,gray,301
70.0,1.0040882611857205,0.0,134.76944444444445,103.0,0.075,3.160063571584408e-05,98,70.0,0,0.0,,,PredHPA-r1,gray,302
0.0,0.0,0.0,118.91805555555555,74.0,0.075,1.0,82,0.0,0,0.0,,,PredHPA-r1,gray,303
0.0,0.001075620799939614,0.0,128.38333333333333,88.0,0.075,0.9946001583470233,105,0.0,0,0.0,,,PredHPA-r1,gray,304
75.0,1.200015360165252,0.0,137.30555555555554,98.0,0.075,0.0,107,75.0,0,0.0,,,PredHPA-r1,gray,305
5.0,0.012462595227402673,0.0,125.62638888888888,83.0,0.075,0.9295125046368695,118,5.0,0,0.0,,,PredHPA-r1,gray,306
0.0,0.0,0.0,120.50277777777778,82.0,0.075,1.0,89,0.0,0,0.0,,,PredHPA-r1,gray,307
75.0,1.136535486553636,0.0,137.9013888888889,103.0,0.075,0.0,98,75.0,0,0.0,,,PredHPA-r1,gray,308
0.0,0.0004502486421031904,0.0,119.40833333333333,75.0,0.075,0.99569231650868,85,0.0,0,0.0,,,PredHPA-r1,gray,309
0.0,0.0001195484271021563,0.0,127.03888888888889,85.0,0.075,0.9990578058841533,99,0.0,0,0.0,,,PredHPA-r1,gray,310
0.0,0.0,0.0,128.61805555555554,94.0,0.075,1.0,99,0.0,0,0.0,,,PredHPA-r1,gray,311
425.0,8.656093624623185,0.0,135.80694444444444,109.0,9.223610640861262,0.0,137,425.0,0,0.0,,,PredHPA-r1,gray,312
0.0,0.0,0.0,115.64027777777778,79.0,0.075,1.0,87,0.0,0,0.0,,,PredHPA-r1,gray,313
5.0,0.045692422911647324,0.0,131.36666666666667,94.0,0.075,0.7901978795365776,106,5.0,0,0.0,,,PredHPA-r1,gray,314
0.0,0.0006467989837166677,0.0,119.30277777777778,75.0,0.075,0.995197553634044,92,0.0,0,0.0,,,PredHPA-r1,gray,315
0.0,0.0,0.0,129.4986111111111,89.0,0.075,1.0,104,0.0,0,0.0,,,PredHPA-r1,gray,316
0.0,0.0,0.0,131.0388888888889,94.0,0.075,1.0,100,0.0,0,0.0,,,PredHPA-r1,gray,317
0.0,0.0,0.0,129.8736111111111,87.0,0.075,1.0,113,0.0,0,0.0,,,PredHPA-r1,gray,318
0.0,0.0,0.0,116.20972222222223,83.0,0.075,1.0,93,0.0,0,0.0,,,PredHPA-r1,gray,319
75.0,1.114997506889126,0.0,138.65833333333333,104.0,0.075,0.0,102,75.0,0,0.0,,,PredHPA-r1,gray,320
0.0,0.0,0.0,116.80972222222222,74.0,0.075,1.0,74,0.0,0,0.0,,,PredHPA-r1,gray,321
0.0,0.0,0.0,131.49305555555554,93.0,0.075,1.0,95,0.0,0,0.0,,,PredHPA-r1,gray,322
0.0,0.0,0.0,134.61666666666667,95.0,0.075,1.0,113,0.0,0,0.0,,,PredHPA-r1,gray,323
0.0,0.0,0.0,128.23055555555555,84.0,0.075,1.0,105,0.0,0,0.0,,,PredHPA-r1,gray,324
145.0,2.1736712400758473,0.0,126.21944444444445,93.0,0.075,0.0,101,145.0,0,0.0,,,PredHPA-r1,gray,325
70.0,1.129154922599529,0.0,137.04305555555555,104.0,0.075,0.0,101,70.0,0,0.0,,,PredHPA-r1,gray,326
0.0,0.0,0.0,115.32638888888889,72.0,0.075,1.0,76,0.0,0,0.0,,,PredHPA-r1,gray,327
75.0,1.0560973148329822,0.0,132.88611111111112,92.0,0.075,3.160063571584408e-05,107,75.0,0,0.0,,,PredHPA-r1,gray,328
135.0,2.384165229483304,0.0,134.5125,94.0,0.075,0.0,114,135.0,0,0.0,,,PredHPA-r1,gray,329
0.0,0.0,0.0,126.54583333333333,82.0,0.075,1.0,104,0.0,0,0.0,,,PredHPA-r1,gray,330
0.0,0.0006811847178100905,0.0,120.79444444444445,81.0,0.075,0.9930608076534463,90,0.0,0,0.0,,,PredHPA-r1,gray,331
15.0,0.3359146259566903,0.0,130.65,95.0,0.075,0.10075844297660111,105,15.0,0,0.0,,,PredHPA-r1,gray,332
0.0,0.0066519725775981975,0.0,124.52083333333333,82.0,0.075,0.9595574298389069,82,0.0,0,0.0,,,PredHPA-r1,gray,333
105.0,1.7003666487781621,0.0,139.9138888888889,101.0,0.075,0.0,121,105.0,0,0.0,,,PredHPA-r1,gray,334
0.0,0.0,0.0,133.775,95.0,0.075,1.0,105,0.0,0,0.0,,,PredHPA-r1,gray,335
60.0,0.7333600723239742,0.0,128.29583333333332,84.0,0.075,3.160063571584408e-05,124,60.0,0,0.0,,,PredHPA-r1,gray,336
0.0,0.0,0.0,116.13472222222222,86.0,0.075,1.0,92,0.0,0,0.0,,,PredHPA-r1,gray,337
50.0,0.8782457404841848,0.0,134.1861111111111,113.0,0.075,0.0,108,50.0,0,0.0,,,PredHPA-r1,gray,338
0.0,0.0,0.0,123.32083333333334,81.0,0.075,1.0,81,0.0,0,0.0,,,PredHPA-r1,gray,339
0.0,0.0002405731913679432,0.0,105.88333333333334,83.0,0.075,0.9980783119239949,886,0.0,11,0.0,,,ARC,gray,300
20.0,0.16142045917840742,0.0,104.36527777777778,93.0,0.075,0.0969746915483451,807,20.0,11,0.0,,,ARC,gray,301
25.0,0.32366004757133915,0.0,111.10972222222222,114.0,0.075,0.011276075094249273,926,20.0,11,0.0,,,ARC,gray,302
15.0,0.10531253606954616,0.0,97.97083333333333,82.0,0.075,0.39434258385899573,783,15.0,11,0.0,,,ARC,gray,303
0.0,0.0,0.0,115.02916666666667,105.0,0.075,1.0,843,0.0,10,0.0,,,ARC,gray,304
50.0,0.7115516805247024,0.0,107.14166666666667,110.0,0.075,0.0,915,30.0,10,5.0,,,ARC,gray,305
10.0,0.014908747814645906,0.0,103.15416666666667,88.0,0.075,0.9295125046368695,805,10.0,11,0.0,,,ARC,gray,306
15.0,0.10562844145590722,0.0,100.57222222222222,90.0,0.075,0.09780951095814078,774,15.0,11,0.0,,,ARC,gray,307
25.0,0.38963802257786506,0.0,111.70138888888889,108.0,0.075,0.0,904,15.0,11,0.0,,,ARC,gray,308
40.0,0.470867596983493,0.0,94.15694444444445,74.0,0.075,0.0005197023245924405,714,40.0,11,0.0,,,ARC,gray,309
35.0,0.20874677694477928,0.0,100.74861111111112,91.0,0.075,0.23921027568207723,786,0.0,11,0.0,,,ARC,gray,310
10.0,0.03763094770629083,0.0,104.64444444444445,106.0,0.075,0.9121670791370544,987,0.0,10,0.0,,,ARC,gray,311
10.0,0.01690185853632231,0.0,104.87083333333334,93.0,0.075,0.9297671744363266,864,10.0,11,0.0,,,ARC,gray,312
0.0,0.0,0.0,94.84027777777777,82.0,0.075,1.0,786,0.0,11,0.0,,,ARC,gray,313
40.0,0.35389115995040354,0.0,101.4888888888889,101.0,0.075,0.21563166509546994,883,0.0,11,0.0,,,ARC,gray,314
45.0,0.4842851257369163,0.0,102.69722222222222,89.0,0.075,3.1600635715844084e-05,786,45.0,11,0.0,,,ARC,gray,315
20.0,0.06780575696779811,0.0,111.29305555555555,108.0,0.075,0.8352684652746485,858,0.0,11,0.0,,,ARC,gray,316
15.0,0.15321876212588403,0.0,101.85555555555555,96.0,0.075,0.5196662871315737,929,0.0,11,0.0,,,ARC,gray,317
0.0,0.0,0.0,109.96805555555555,95.0,0.075,1.0,852,0.0,11,0.0,,,ARC,gray,318
0.0,0.0,0.0,100.5375,88.0,0.075,1.0,832,0.0,11,0.0,,,ARC,gray,319
105.0,1.2448102823848561,0.0,112.375,114.0,0.075,0.019934606270025725,887,60.0,11,0.0,,,ARC,gray,320
0.0,0.0,0.0,100.64583333333333,81.0,0.075,1.0,795,0.0,11,0.0,,,ARC,gray,321
25.0,0.14069836476388042,0.0,109.87083333333334,104.0,0.075,0.41913338577268267,784,15.0,11,15.0,,,ARC,gray,322
20.0,0.13041181339956687,0.0,111.3,107.0,0.075,0.5735106417073659,957,15.0,11,0.0,,,ARC,gray,323
0.0,0.0,0.0,110.25138888888888,92.0,0.075,1.0,878,0.0,11,0.0,,,ARC,gray,324
25.0,0.25519288017661346,0.0,102.29583333333333,93.0,0.075,0.054826345841174365,832,25.0,11,0.0,,,ARC,gray,325
15.0,0.16023979839617786,0.0,111.39722222222223,110.0,0.075,0.3351774145609288,870,10.0,11,0.0,,,ARC,gray,326
0.0,0.0,0.0,102.46805555555555,82.0,0.075,1.0,821,0.0,11,0.0,,,ARC,gray,327
25.0,0.32978567510529855,0.0,107.60138888888889,102.0,0.075,0.010166907881826172,839,25.0,11,0.0,,,ARC,gray,328
30.0,0.3869488885319683,0.0,114.21805555555555,119.0,0.075,0.17804357338347537,968,20.0,10,0.0,,,ARC,gray,329
0.0,0.0,0.0,111.70555555555555,95.0,0.075,1.0,869,0.0,11,0.0,,,ARC,gray,330
10.0,0.017380499886809897,0.0,98.60694444444445,89.0,0.075,0.8345595509822443,764,10.0,11,0.0,,,ARC,gray,331
15.0,0.12055453040198394,0.0,104.7875,103.0,0.075,0.6182173665110556,843,0.0,11,0.0,,,ARC,gray,332
10.0,0.02218730825647164,0.0,103.73333333333333,89.0,0.075,0.8373941072653514,752,10.0,11,10.0,,,ARC,gray,333
25.0,0.08939941562395859,0.0,106.00416666666666,104.0,0.075,0.4874179712972527,808,15.0,11,0.0,,,ARC,gray,334
0.0,0.0013451663242181056,0.0,107.50277777777778,110.0,0.075,0.9884596598364365,992,0.0,10,0.0,,,ARC,gray,335
0.0,0.0,0.0,104.90138888888889,85.0,0.075,1.0,860,0.0,11,0.0,,,ARC,gray,336
0.0,0.0,0.0,99.75972222222222,95.0,0.075,1.0,798,0.0,11,0.0,,,ARC,gray,337
45.0,0.4112023840812551,0.0,105.73055555555555,104.0,0.075,0.0,845,25.0,11,0.0,,,ARC,gray,338
30.0,0.4266595591256417,0.0,96.10416666666667,82.0,0.075,0.037725140311241995,748,30.0,11,0.0,,,ARC,gray,339
0.0,0.00023123690020554477,0.0,105.88333333333334,83.0,0.075,0.9980783119239949,886,0.0,11,0.0,,,ARC-r0,gray,300
15.0,0.07042577531668481,0.0,104.37222222222222,93.0,0.075,0.4514422363792334,809,15.0,11,0.0,,,ARC-r0,gray,301
20.0,0.262157216512382,0.0,110.69305555555556,112.0,0.075,0.1273567992460499,913,15.0,11,0.0,,,ARC-r0,gray,302
10.0,0.020101948924688973,0.0,96.84027777777777,81.0,0.075,0.878195264910105,755,10.0,11,0.0,,,ARC-r0,gray,303
0.0,0.0,0.0,115.02916666666667,105.0,0.075,1.0,843,0.0,10,0.0,,,ARC-r0,gray,304
45.0,0.6399001451940278,0.0,107.17083333333333,110.0,0.075,0.0,914,25.0,10,5.0,,,ARC-r0,gray,305
5.0,0.007990878563535198,0.0,101.82222222222222,87.0,0.075,0.9295125046368695,803,5.0,11,0.0,,,ARC-r0,gray,306
15.0,0.08056556220326083,0.0,100.39305555555555,90.0,0.075,0.273507784630494,783,15.0,11,0.0,,,ARC-r0,gray,307
25.0,0.28967871266527556,0.0,111.69583333333334,109.0,0.075,0.10884062207770594,897,10.0,11,0.0,,,ARC-r0,gray,308
40.0,0.4510945805010991,0.0,94.3875,77.0,0.075,0.0019060607536055382,729,40.0,11,0.0,,,ARC-r0,gray,309
20.0,0.05605917905441293,0.0,100.70277777777778,91.0,0.075,0.8846680635445447,786,0.0,11,0.0,,,ARC-r0,gray,310
10.0,0.03763094770629083,0.0,104.64444444444445,106.0,0.075,0.9121670791370544,987,0.0,10,0.0,,,ARC-r0,gray,311
5.0,0.00913269616158452,0.0,104.85416666666667,93.0,0.075,0.9297671744363266,864,5.0,11,0.0,,,ARC-r0,gray,312
0.0,0.0,0.0,94.84027777777777,82.0,0.075,1.0,786,0.0,11,0.0,,,ARC-r0,gray,313
25.0,0.20854543413543203,0.0,101.56527777777778,101.0,0.075,0.43773571507184345,884,0.0,11,0.0,,,ARC-r0,gray,314
45.0,0.47762256088588195,0.0,102.69722222222222,89.0,0.075,3.1600635715844084e-05,786,45.0,11,0.0,,,ARC-r0,gray,315
10.0,0.043051837055796405,0.0,111.29027777777777,108.0,0.075,0.8352684652746485,858,0.0,11,0.0,,,ARC-r0,gray,316
15.0,0.07725184261089257,0.0,101.85277777777777,96.0,0.075,0.8421818113171683,929,0.0,11,0.0,,,ARC-r0,gray,317
0.0,0.0,0.0,109.96805555555555,95.0,0.075,1.0,852,0.0,11,0.0,,,ARC-r0,gray,318
0.0,0.0,0.0,100.5375,88.0,0.075,1.0,832,0.0,11,0.0,,,ARC-r0,gray,319
80.0,0.7652910966711168,0.0,112.275,114.0,0.075,0.054537774800490074,886,25.0,11,0.0,,,ARC-r0,gray,320
0.0,0.0,0.0,100.64583333333333,81.0,0.075,1.0,795,0.0,11,0.0,,,ARC-r0,gray,321
20.0,0.11619048786096764,0.0,110.16805555555555,102.0,0.075,0.4614292996253646,776,10.0,11,0.0,,,ARC-r0,gray,322
20.0,0.1431771728125475,0.0,112.42222222222222,118.0,0.075,0.28600648273402335,965,15.0,10,0.0,,,ARC-r0,gray,323
0.0,0.0,0.0,109.425,93.0,0.075,1.0,899,0.0,11,0.0,,,ARC-r0,gray,324
20.0,0.13773129918170923,0.0,101.94583333333334,92.0,0.075,0.17653864859120144,814,20.0,11,0.0,,,ARC-r0,gray,325
10.0,0.08267010599491975,0.0,110.41666666666667,110.0,0.075,0.6810338508280795,859,10.0,11,0.0,,,ARC-r0,gray,326
0.0,0.0,0.0,102.46805555555555,82.0,0.075,1.0,821,0.0,11,0.0,,,ARC-r0,gray,327
20.0,0.27710513136796067,0.0,107.52361111111111,102.0,0.075,0.07870914234869453,842,20.0,11,0.0,,,ARC-r0,gray,328
20.0,0.1219916706406865,0.0,112.96111111111111,115.0,0.075,0.5403796586040988,959,15.0,10,0.0,,,ARC-r0,gray,329
0.0,0.0,0.0,111.70555555555555,95.0,0.075,1.0,869,0.0,11,0.0,,,ARC-r0,gray,330
5.0,0.012568995310502373,0.0,98.60694444444445,89.0,0.075,0.8375924839941277,764,5.0,11,0.0,,,ARC-r0,gray,331
15.0,0.11535159389522986,0.0,104.7875,103.0,0.075,0.6182173665110556,843,0.0,11,0.0,,,ARC-r0,gray,332
5.0,0.012524631337107461,0.0,103.73333333333333,89.0,0.075,0.8373941072653514,752,5.0,11,5.0,,,ARC-r0,gray,333
30.0,0.0679933888530937,0.0,104.75277777777778,105.0,0.075,0.851024658922034,818,15.0,11,0.0,,,ARC-r0,gray,334
0.0,0.0013451663242181056,0.0,107.50277777777778,110.0,0.075,0.9884596598364365,992,0.0,10,0.0,,,ARC-r0,gray,335
0.0,0.0,0.0,104.90138888888889,85.0,0.075,1.0,860,0.0,11,0.0,,,ARC-r0,gray,336
0.0,0.0,0.0,99.75972222222222,95.0,0.075,1.0,798,0.0,11,0.0,,,ARC-r0,gray,337
35.0,0.15124976838370996,0.0,104.13194444444444,104.0,0.075,0.6907682049408405,845,15.0,11,0.0,,,ARC-r0,gray,338
25.0,0.4189407227173425,0.0,96.10416666666667,82.0,0.075,0.037725140311241995,748,25.0,11,0.0,,,ARC-r0,gray,339
0.0,0.00023654188218147354,0.0,105.88333333333334,83.0,0.075,0.9980783119239949,886,0.0,11,0.0,,,ARC-r1,gray,300
20.0,0.24836838495762015,0.0,104.38333333333334,93.0,0.075,0.014683187844799836,803,20.0,10,0.0,,,ARC-r1,gray,301
25.0,0.3232953337025446,0.0,111.10972222222222,114.0,0.075,0.011276075094249273,926,20.0,11,0.0,,,ARC-r1,gray,302
15.0,0.09725638224586941,0.0,97.97083333333333,82.0,0.075,0.4274634381719942,783,15.0,11,0.0,,,ARC-r1,gray,303
0.0,0.0,0.0,115.02916666666667,105.0,0.075,1.0,843,0.0,10,0.0,,,ARC-r1,gray,304
50.0,0.7114945555265928,0.0,107.14166666666667,110.0,0.075,0.0,915,30.0,10,5.0,,,ARC-r1,gray,305
5.0,0.013027889244632274,0.0,103.15416666666667,88.0,0.075,0.9295125046368695,805,5.0,11,0.0,,,ARC-r1,gray,306
25.0,0.20634394907473874,0.0,100.575,90.0,0.075,0.05060474731644088,774,25.0,11,0.0,,,ARC-r1,gray,307
25.0,0.3894262483119304,0.0,111.70138888888889,108.0,0.075,0.0,904,15.0,11,0.0,,,ARC-r1,gray,308
40.0,0.4696059221845017,0.0,94.15694444444445,74.0,0.075,0.0006135867868092134,714,40.0,11,0.0,,,ARC-r1,gray,309
35.0,0.18992954706908982,0.0,100.74861111111112,91.0,0.075,0.27147619867174533,786,0.0,11,0.0,,,ARC-r1,gray,310
10.0,0.03763094770629083,0.0,104.64444444444445,106.0,0.075,0.9121670791370544,987,0.0,10,0.0,,,ARC-r1,gray,311
10.0,0.01633176418412985,0.0,104.87083333333334,93.0,0.075,0.9297671744363266,864,10.0,11,0.0,,,ARC-r1,gray,312
0.0,0.0,0.0,94.84027777777777,82.0,0.075,1.0,786,0.0,11,0.0,,,ARC-r1,gray,313
40.0,0.3324080534768181,0.0,101.4888888888889,101.0,0.075,0.22677026491609045,883,0.0,11,0.0,,,ARC-r1,gray,314
45.0,0.48400297949519056,0.0,102.69722222222222,89.0,0.075,3.1600635715844084e-05,786,45.0,11,0.0,,,ARC-r1,gray,315
20.0,0.06440516084890158,0.0,111.29305555555555,108.0,0.075,0.8352684652746485,858,0.0,11,0.0,,,ARC-r1,gray,316
15.0,0.147996357352298,0.0,101.85555555555555,96.0,0.075,0.5418378668641207,929,0.0,11,0.0,,,ARC-r1,gray,317
0.0,0.0,0.0,109.96805555555555,95.0,0.075,1.0,852,0.0,11,0.0,,,ARC-r1,gray,318
0.0,0.0,0.0,100.5375,88.0,0.075,1.0,832,0.0,11,0.0,,,ARC-r1,gray,319
95.0,1.1385068427656408,0.0,111.6138888888889,116.0,0.075,0.034227768781637184,884,55.0,11,0.0,,,ARC-r1,gray,320
0.0,0.0,0.0,100.64583333333333,81.0,0.075,1.0,795,0.0,11,0.0,,,ARC-r1,gray,321
25.0,0.13551569484199222,0.0,109.87083333333334,104.0,0.075,0.4357965443998005,784,15.0,11,15.0,,,ARC-r1,gray,322
25.0,0.1358872019730617,0.0,110.02083333333333,106.0,0.075,0.7849169661275129,975,15.0,11,0.0,,,ARC-r1,gray,323
0.0,0.0,0.0,110.20416666666667,92.0,0.075,1.0,877,0.0,11,0.0,,,ARC-r1,gray,324
25.0,0.247281398879462,0.0,102.2875,93.0,0.075,0.06124145381583934,833,25.0,11,0.0,,,ARC-r1,gray,325
15.0,0.15722376585581843,0.0,111.39583333333333,110.0,0.075,0.3474149467846738,870,10.0,11,0.0,,,ARC-r1,gray,326
0.0,0.0,0.0,102.46805555555555,82.0,0.075,1.0,821,0.0,11,0.0,,,ARC-r1,gray,327
25.0,0.32978567510529855,0.0,107.60138888888889,102.0,0.075,0.010166907881826172,839,25.0,11,0.0,,,ARC-r1,gray,328
30.0,0.37156066219509176,0.0,114.21805555555555,119.0,0.075,0.20022102755410043,968,20.0,10,0.0,,,ARC-r1,gray,329
0.0,0.0,0.0,111.70555555555555,95.0,0.075,1.0,869,0.0,11,0.0,,,ARC-r1,gray,330
10.0,0.01737888393686937,0.0,98.60694444444445,89.0,0.075,0.8345668830381254,764,10.0,11,0.0,,,ARC-r1,gray,331
15.0,0.12026731402562385,0.0,104.7875,103.0,0.075,0.6182173665110556,843,0.0,11,0.0,,,ARC-r1,gray,332
10.0,0.02086474559748197,0.0,103.73333333333333,89.0,0.075,0.8373941072653514,752,10.0,11,10.0,,,ARC-r1,gray,333
25.0,0.08629140396118062,0.0,105.75,104.0,0.075,0.5120172277130617,809,15.0,11,0.0,,,ARC-r1,gray,334
0.0,0.0013451663242181056,0.0,107.50277777777778,110.0,0.075,0.9884596598364365,992,0.0,10,0.0,,,ARC-r1,gray,335
0.0,0.0,0.0,104.90138888888889,85.0,0.075,1.0,860,0.0,11,0.0,,,ARC-r1,gray,336
0.0,0.0,0.0,99.75972222222222,95.0,0.075,1.0,798,0.0,11,0.0,,,ARC-r1,gray,337
45.0,0.40154497153575,0.0,105.7611111111111,104.0,0.075,0.0,846,25.0,11,0.0,,,ARC-r1,gray,338
30.0,0.4266595591256417,0.0,96.10416666666667,82.0,0.075,0.037725140311241995,748,30.0,11,0.0,,,ARC-r1,gray,339
15.0,0.06855897020325852,0.0,91.66388888888889,80.0,0.075,0.7521054447049794,98,15.0,0,0.0,,,HPA-r0,ddos,300
20.0,0.04907278336911958,0.0,90.49027777777778,71.0,0.075,0.7277629954326186,80,20.0,0,0.0,,,HPA-r0,ddos,301
10.0,0.12047485726882634,0.0,85.10972222222222,64.0,0.075,0.45536418727537165,72,0.0,0,0.0,,,HPA-r0,ddos,302
0.0,0.0,0.0,86.42777777777778,59.0,0.075,1.0,59,0.0,0,0.0,,,HPA-r0,ddos,303
0.0,0.00034531272354865195,0.0,87.88888888888889,67.0,0.075,0.9962804495340376,77,0.0,0,0.0,,,HPA-r0,ddos,304
10.0,0.05621277886652676,0.0,83.45555555555555,59.0,0.075,0.8798267769448047,84,0.0,0,0.0,,,HPA-r0,ddos,305
20.0,0.06345496209636536,0.0,91.14722222222223,82.0,0.075,0.8716177448904378,99,20.0,0,0.0,,,HPA-r0,ddos,306
45.0,0.16112255519501462,0.0,88.70416666666667,69.0,0.075,0.42822082565489517,74,45.0,0,0.0,,,HPA-r0,ddos,307
20.0,0.10452608457102164,0.0,90.81388888888888,78.0,0.075,0.575045709092057,93,10.0,0,0.0,,,HPA-r0,ddos,308
0.0,0.0,0.0,85.75555555555556,58.0,0.075,1.0,67,0.0,0,0.0,,,HPA-r0,ddos,309
10.0,0.022408710897592332,0.0,87.04444444444445,60.0,0.075,0.9072530379500817,74,10.0,0,0.0,,,HPA-r0,ddos,310
5.0,0.03390730475503201,0.0,84.81944444444444,62.0,0.075,0.9376537606405542,80,0.0,0,0.0,,,HPA-r0,ddos,311
30.0,0.42507904544736297,0.0,87.15972222222223,69.0,0.07500000000000007,0.03416169807226142,73,30.0,0,0.0,,,HPA-r0,ddos,312
40.0,0.41873896988166015,0.0,88.6138888888889,68.0,0.075,0.03638222462951022,83,40.0,0,0.0,,,HPA-r0,ddos,313
10.0,0.06449757947222245,0.0,90.12083333333334,80.0,0.075,0.7428982441272871,92,0.0,0,0.0,,,HPA-r0,ddos,314
0.0,0.0,0.0,90.00277777777778,71.0,0.075,1.0,81,0.0,0,0.0,,,HPA-r0,ddos,315
0.0,0.0,0.0,88.32222222222222,66.0,0.075,1.0,72,0.0,0,0.0,,,HPA-r0,ddos,316
5.0,0.02401798757845075,0.0,85.025,64.0,0.075,0.9174156138592241,82,0.0,0,0.0,,,HPA-r0,ddos,317
0.0,0.0,0.0,89.26944444444445,70.0,0.075,1.0,68,0.0,0,0.0,,,HPA-r0,ddos,318
45.0,0.2543247639883339,0.0,90.4888888888889,73.0,0.075,0.3375329637468727,79,45.0,0,0.0,,,HPA-r0,ddos,319
40.0,0.31642517374853574,0.0,90.00833333333334,77.0,0.075,0.35223062097998314,85,15.0,0,0.0,,,HPA-r0,ddos,320
0.0,0.0,0.0,89.7625,71.0,0.075,1.0,85,0.0,0,0.0,,,HPA-r0,ddos,321
0.0,0.0003459083802392904,0.0,86.6986111111111,63.0,0.075,0.995826854917692,67,0.0,0,0.0,,,HPA-r0,ddos,322
10.0,0.04201561442619406,0.0,86.82638888888889,66.0,0.075,0.8797701286802809,94,0.0,0,0.0,,,HPA-r0,ddos,323
0.0,0.000655271389549128,0.0,87.4888888888889,69.0,0.075,0.9921106015489813,74,0.0,0,0.0,,,HPA-r0,ddos,324
30.0,0.08243393052332904,0.0,90.29305555555555,76.0,0.075,0.6843241641941137,89,40.0,0,0.0,,,HPA-r0,ddos,325
15.0,0.09126499597491566,0.0,90.09444444444445,79.0,0.075,0.7271389329367809,89,5.0,0,0.0,,,HPA-r0,ddos,326
0.0,0.0,0.0,86.2388888888889,57.0,0.075,1.0,62,0.0,0,0.0,,,HPA-r0,ddos,327
35.0,0.2965961803868544,0.0,86.9125,62.0,0.07500000000000007,0.19556313827067612,75,35.0,0,0.0,,,HPA-r0,ddos,328
5.0,0.039547627138691865,0.0,84.11666666666666,60.0,0.075,0.8994681264985454,82,0.0,0,0.0,,,HPA-r0,ddos,329
0.0,0.0,0.0,86.15277777777777,65.0,0.075,1.0,76,0.0,0,0.0,,,HPA-r0,ddos,330
0.0,0.003883280976846315,0.0,84.94722222222222,57.0,0.075,0.981318003646819,62,0.0,0,0.0,,,HPA-r0,ddos,331
10.0,0.11137524775324259,0.0,89.9,80.0,0.075,0.5482657277546208,86,0.0,0,0.0,,,HPA-r0,ddos,332
0.0,0.0,0.0,89.77777777777777,73.0,0.075,1.0,86,0.0,0,0.0,,,HPA-r0,ddos,333
30.0,0.1634799248306229,0.0,90.22361111111111,73.0,0.075,0.5831206058483742,90,30.0,0,0.0,,,HPA-r0,ddos,334
10.0,0.054007352645535356,0.0,87.62638888888888,71.0,0.075,0.8692578385434758,92,0.0,0,0.0,,,HPA-r0,ddos,335
0.0,0.0,0.0,88.04166666666667,68.0,0.075,1.0,74,0.0,0,0.0,,,HPA-r0,ddos,336
5.0,0.012099497783057966,0.0,88.72916666666667,70.0,0.075,0.9396987653742124,78,5.0,0,0.0,,,HPA-r0,ddos,337
10.0,0.04153034485084861,0.0,89.69305555555556,81.0,0.075,0.8823399961801627,93,0.0,0,0.0,,,HPA-r0,ddos,338
0.0,0.0,0.0,90.24444444444444,72.0,0.075,1.0,85,0.0,0,0.0,,,HPA-r0,ddos,339
0.0,0.0,0.0,88.6763888888889,78.0,0.075,1.0,190,0.0,0,0.0,,,HPA-fast-r0,ddos,300
25.0,0.23655344456864347,0.0,85.95,67.0,0.075,0.12667769063033577,149,25.0,0,0.0,,,HPA-fast-r0,ddos,301
0.0,0.0,0.0,88.04166666666667,69.0,0.075,1.0,214,0.0,0,0.0,,,HPA-fast-r0,ddos,302
0.0,0.0,0.0,85.10972222222222,63.0,0.075,1.0,146,0.0,0,0.0,,,HPA-fast-r0,ddos,303
0.0,0.0,0.0,87.99444444444444,79.0,0.075,1.0,177,0.0,0,0.0,,,HPA-fast-r0,ddos,304
0.0,0.0,0.0,85.13333333333334,62.0,0.075,1.0,179,0.0,0,0.0,,,HPA-fast-r0,ddos,305
0.0,0.0,0.0,87.38055555555556,79.0,0.075,1.0,184,0.0,0,0.0,,,HPA-fast-r0,ddos,306
0.0,0.0,0.0,85.44583333333334,64.0,0.075,1.0,164,0.0,0,0.0,,,HPA-fast-r0,ddos,307
0.0,0.0,0.0,90.775,86.0,0.075,1.0,250,0.0,0,0.0,,,HPA-fast-r0,ddos,308
0.0,0.0,0.0,84.10416666666667,61.0,0.075,1.0,123,0.0,0,0.0,,,HPA-fast-r0,ddos,309
0.0,0.0025717457419860423,0.0,87.9888888888889,63.0,0.075,0.9797313627272951,177,0.0,0,0.0,,,HPA-fast-r0,ddos,310
0.0,0.0,0.0,85.90277777777777,62.0,0.075,1.0,202,0.0,0,0.0,,,HPA-fast-r0,ddos,311
20.0,0.17562636595999104,0.0,87.50694444444444,77.0,0.075,0.43341760323302697,186,20.0,0,0.0,,,HPA-fast-r0,ddos,312
0.0,0.0016083756742224509,0.0,85.47916666666667,66.0,0.075,0.9785390424605075,156,0.0,0,0.0,,,HPA-fast-r0,ddos,313
0.0,0.0,0.0,90.3861111111111,86.0,0.075,1.0,233,0.0,0,0.0,,,HPA-fast-r0,ddos,314
25.0,0.04984272489194641,0.0,85.13194444444444,71.0,0.075,0.8121351302015135,171,25.0,0,0.0,,,HPA-fast-r0,ddos,315
0.0,0.0,0.0,88.24583333333334,78.0,0.075,1.0,176,0.0,0,0.0,,,HPA-fast-r0,ddos,316
0.0,0.0,0.0,86.44583333333334,66.0,0.075,1.0,214,0.0,0,0.0,,,HPA-fast-r0,ddos,317
0.0,0.004175666789274501,0.0,88.4625,80.0,0.075,0.9655302219337486,179,0.0,0,0.0,,,HPA-fast-r0,ddos,318
5.0,0.008473192713964739,0.0,85.5736111111111,71.0,0.075,0.9467684420699626,158,5.0,0,0.0,,,HPA-fast-r0,ddos,319
10.0,0.026648270329654444,0.0,91.30694444444444,91.0,0.075,0.9339798296094862,269,10.0,0,0.0,,,HPA-fast-r0,ddos,320
0.0,0.0,0.0,85.20416666666667,72.0,0.075,1.0,164,0.0,0,0.0,,,HPA-fast-r0,ddos,321
0.0,0.0,0.0,86.38194444444444,70.0,0.075,1.0,161,0.0,0,0.0,,,HPA-fast-r0,ddos,322
30.0,0.3037500772285373,0.0,86.12222222222222,67.0,0.075,0.19058648051591107,210,30.0,0,0.0,,,HPA-fast-r0,ddos,323
0.0,0.0,0.0,86.84166666666667,76.0,0.075,1.0,190,0.0,0,0.0,,,HPA-fast-r0,ddos,324
0.0,0.0,0.0,86.42222222222222,76.0,0.075,1.0,162,0.0,0,0.0,,,HPA-fast-r0,ddos,325
0.0,0.0,0.0,90.41944444444445,89.0,0.075,1.0,243,0.0,0,0.0,,,HPA-fast-r0,ddos,326
0.0,0.0,0.0,83.81388888888888,59.0,0.075,1.0,128,0.0,0,0.0,,,HPA-fast-r0,ddos,327
0.0,0.008410685801873985,0.0,86.9,64.0,0.075,0.951236771797588,158,0.0,0,0.0,,,HPA-fast-r0,ddos,328
0.0,0.005044597397108053,0.0,86.21805555555555,66.0,0.075,0.9791026074343421,210,0.0,0,0.0,,,HPA-fast-r0,ddos,329
0.0,0.0,0.0,87.24305555555556,75.0,0.075,1.0,182,0.0,0,0.0,,,HPA-fast-r0,ddos,330
0.0,0.0,0.0,84.80555555555556,65.0,0.075,1.0,143,0.0,0,0.0,,,HPA-fast-r0,ddos,331
0.0,0.0,0.0,90.23472222222222,86.0,0.075,1.0,230,0.0,0,0.0,,,HPA-fast-r0,ddos,332
0.0,0.0,0.0,84.9263888888889,74.0,0.075,1.0,176,0.0,0,0.0,,,HPA-fast-r0,ddos,333
0.0,0.005911117544399325,0.0,87.6625,70.0,0.075,0.9538785668439113,159,0.0,0,0.0,,,HPA-fast-r0,ddos,334
0.0,0.0,0.0,87.52916666666667,70.0,0.075,1.0,223,0.0,0,0.0,,,HPA-fast-r0,ddos,335
0.0,0.0,0.0,87.99166666666666,77.0,0.075,1.0,177,0.0,0,0.0,,,HPA-fast-r0,ddos,336
0.0,0.0033546660943795104,0.0,85.19722222222222,67.0,0.075,0.9757805921129036,149,0.0,0,0.0,,,HPA-fast-r0,ddos,337
0.0,0.0012202366568736522,0.0,89.09722222222223,87.0,0.075,0.9934157213921853,225,0.0,0,0.0,,,HPA-fast-r0,ddos,338
0.0,0.0,0.0,85.15972222222223,74.0,0.075,1.0,156,0.0,0,0.0,,,HPA-fast-r0,ddos,339
0.0,0.0,0.0,118.61666666666666,106.0,0.075,1.0,119,0.0,0,0.0,,,HPA-45-r0,ddos,300
0.0,0.0,0.0,114.40972222222223,89.0,0.075,1.0,96,0.0,0,0.0,,,HPA-45-r0,ddos,301
0.0,0.0,0.0,108.00555555555556,86.0,0.075,1.0,90,0.0,0,0.0,,,HPA-45-r0,ddos,302
0.0,0.0,0.0,109.3013888888889,76.0,0.075,1.0,69,0.0,0,0.0,,,HPA-45-r0,ddos,303
0.0,0.0,0.0,111.3861111111111,90.0,0.075,1.0,90,0.0,0,0.0,,,HPA-45-r0,ddos,304
0.0,0.0,0.0,107.03194444444445,77.0,0.075,1.0,94,0.0,0,0.0,,,HPA-45-r0,ddos,305
0.0,0.0,0.0,116.02916666666667,102.0,0.075,1.0,117,0.0,0,0.0,,,HPA-45-r0,ddos,306
0.0,0.0,0.0,112.45972222222223,86.0,0.075,1.0,89,0.0,0,0.0,,,HPA-45-r0,ddos,307
0.0,0.0,0.0,114.80555555555556,103.0,0.075,1.0,110,0.0,0,0.0,,,HPA-45-r0,ddos,308
0.0,0.0,0.0,108.2,73.0,0.075,1.0,75,0.0,0,0.0,,,HPA-45-r0,ddos,309
0.0,0.0,0.0,110.6625,79.0,0.075,1.0,83,0.0,0,0.0,,,HPA-45-r0,ddos,310
0.0,0.0,0.0,109.04722222222222,82.0,0.075,1.0,93,0.0,0,0.0,,,HPA-45-r0,ddos,311
0.0,0.0,0.0,112.49444444444444,92.0,0.075,1.0,91,0.0,0,0.0,,,HPA-45-r0,ddos,312
0.0,0.0,0.0,112.69305555555556,87.0,0.075,1.0,96,0.0,0,0.0,,,HPA-45-r0,ddos,313
0.0,0.0,0.0,114.9125,106.0,0.075,1.0,118,0.0,0,0.0,,,HPA-45-r0,ddos,314
0.0,0.0,0.0,113.40555555555555,95.0,0.075,1.0,97,0.0,0,0.0,,,HPA-45-r0,ddos,315
0.0,0.0,0.0,111.18055555555556,87.0,0.075,1.0,87,0.0,0,0.0,,,HPA-45-r0,ddos,316
0.0,0.0,0.0,107.45416666666667,81.0,0.075,1.0,101,0.0,0,0.0,,,HPA-45-r0,ddos,317
0.0,0.0,0.0,112.47777777777777,90.0,0.075,1.0,86,0.0,0,0.0,,,HPA-45-r0,ddos,318
0.0,0.0,0.0,114.75694444444444,93.0,0.075,1.0,106,0.0,0,0.0,,,HPA-45-r0,ddos,319
0.0,0.0,0.0,114.03611111111111,106.0,0.075,1.0,109,0.0,0,0.0,,,HPA-45-r0,ddos,320
0.0,0.0,0.0,113.80555555555556,89.0,0.075,1.0,103,0.0,0,0.0,,,HPA-45-r0,ddos,321
0.0,0.0,0.0,108.78194444444445,85.0,0.075,1.0,78,0.0,0,0.0,,,HPA-45-r0,ddos,322
0.0,0.0,0.0,108.65833333333333,83.0,0.075,1.0,108,0.0,0,0.0,,,HPA-45-r0,ddos,323
0.0,0.0,0.0,111.99583333333334,88.0,0.075,1.0,90,0.0,0,0.0,,,HPA-45-r0,ddos,324
0.0,0.0,0.0,114.42777777777778,97.0,0.075,1.0,103,0.0,0,0.0,,,HPA-45-r0,ddos,325
0.0,0.0,0.0,114.82638888888889,103.0,0.075,1.0,112,0.0,0,0.0,,,HPA-45-r0,ddos,326
0.0,0.0,0.0,106.36666666666666,71.0,0.075,1.0,63,0.0,0,0.0,,,HPA-45-r0,ddos,327
0.0,0.0,0.0,110.24583333333334,82.0,0.075,1.0,83,0.0,0,0.0,,,HPA-45-r0,ddos,328
0.0,0.0,0.0,105.44305555555556,76.0,0.075,1.0,96,0.0,0,0.0,,,HPA-45-r0,ddos,329
0.0,0.0,0.0,110.37083333333334,85.0,0.075,1.0,94,0.0,0,0.0,,,HPA-45-r0,ddos,330
0.0,0.0,0.0,107.14722222222223,76.0,0.075,1.0,81,0.0,0,0.0,,,HPA-45-r0,ddos,331
0.0,0.0,0.0,115.39166666666667,105.0,0.075,1.0,110,0.0,0,0.0,,,HPA-45-r0,ddos,332
0.0,0.0,0.0,112.65416666666667,94.0,0.075,1.0,97,0.0,0,0.0,,,HPA-45-r0,ddos,333
0.0,0.0,0.0,114.35972222222222,96.0,0.075,1.0,99,0.0,0,0.0,,,HPA-45-r0,ddos,334
0.0,0.0,0.0,111.875,92.0,0.075,1.0,111,0.0,0,0.0,,,HPA-45-r0,ddos,335
0.0,0.0,0.0,112.78055555555555,93.0,0.075,1.0,90,0.0,0,0.0,,,HPA-45-r0,ddos,336
0.0,0.0,0.0,112.81666666666666,90.0,0.075,1.0,87,0.0,0,0.0,,,HPA-45-r0,ddos,337
0.0,0.0,0.0,114.90833333333333,108.0,0.075,1.0,113,0.0,0,0.0,,,HPA-45-r0,ddos,338
0.0,0.0,0.0,115.35277777777777,96.0,0.075,1.0,95,0.0,0,0.0,,,HPA-45-r0,ddos,339
0.0,0.0,0.0,134.8361111111111,111.0,0.075,1.0,113,0.0,0,0.0,,,PredHPA-r0,ddos,300
0.0,0.0,0.0,130.8513888888889,102.0,0.075,1.0,96,0.0,0,0.0,,,PredHPA-r0,ddos,301
0.0,0.0,0.0,133.62083333333334,92.0,0.075,1.0,99,0.0,0,0.0,,,PredHPA-r0,ddos,302
0.0,0.0,0.0,126.58472222222223,91.0,0.075,1.0,89,0.0,0,0.0,,,PredHPA-r0,ddos,303
0.0,0.0,0.0,137.2111111111111,94.0,0.075,1.0,102,0.0,0,0.0,,,PredHPA-r0,ddos,304
0.0,0.0,0.0,136.93333333333334,97.0,0.075,1.0,110,0.0,0,0.0,,,PredHPA-r0,ddos,305
0.0,0.0,0.0,130.64166666666668,104.0,0.075,1.0,118,0.0,0,0.0,,,PredHPA-r0,ddos,306
0.0,0.0,0.0,125.06111111111112,91.0,0.075,1.0,98,0.0,0,0.0,,,PredHPA-r0,ddos,307
0.0,0.0,0.0,143.82916666666668,120.0,0.075,1.0,121,0.0,0,0.0,,,PredHPA-r0,ddos,308
0.0,0.0,0.0,127.04583333333333,87.0,0.075,1.0,77,0.0,0,0.0,,,PredHPA-r0,ddos,309
0.0,0.0,0.0,136.92083333333332,89.0,0.075,1.0,93,0.0,0,0.0,,,PredHPA-r0,ddos,310
0.0,0.0,0.0,138.10416666666666,95.0,0.075,1.0,107,0.0,0,0.0,,,PredHPA-r0,ddos,311
0.0,0.0,0.0,131.11111111111111,101.0,0.075,1.0,119,0.0,0,0.0,,,PredHPA-r0,ddos,312
0.0,0.0,0.0,129.3527777777778,94.0,0.075,1.0,95,0.0,0,0.0,,,PredHPA-r0,ddos,313
0.0,0.0,0.0,142.48472222222222,120.0,0.075,1.0,129,0.0,0,0.0,,,PredHPA-r0,ddos,314
0.0,0.0,0.0,132.40277777777777,99.0,0.075,1.0,90,0.0,0,0.0,,,PredHPA-r0,ddos,315
0.0,0.0,0.0,136.90694444444443,90.0,0.075,1.0,103,0.0,0,0.0,,,PredHPA-r0,ddos,316
0.0,0.0,0.0,137.96944444444443,94.0,0.075,1.0,106,0.0,0,0.0,,,PredHPA-r0,ddos,317
0.0,0.0,0.0,136.69027777777777,102.0,0.075,1.0,138,0.0,0,0.0,,,PredHPA-r0,ddos,318
0.0,0.0,0.0,131.94027777777777,100.0,0.075,1.0,99,0.0,0,0.0,,,PredHPA-r0,ddos,319
0.0,0.0,0.0,147.01527777777778,120.0,0.075,1.0,122,0.0,0,0.0,,,PredHPA-r0,ddos,320
0.0,0.0,0.0,128.48055555555555,91.0,0.075,1.0,81,0.0,0,0.0,,,PredHPA-r0,ddos,321
0.0,0.0,0.0,135.70833333333334,90.0,0.075,1.0,92,0.0,0,0.0,,,PredHPA-r0,ddos,322
0.0,0.0,0.0,137.17916666666667,94.0,0.075,1.0,107,0.0,0,0.0,,,PredHPA-r0,ddos,323
0.0,0.0,0.0,132.56805555555556,99.0,0.075,1.0,129,0.0,0,0.0,,,PredHPA-r0,ddos,324
0.0,0.0,0.0,128.95555555555555,94.0,0.075,1.0,89,0.0,0,0.0,,,PredHPA-r0,ddos,325
0.0,0.0,0.0,142.00277777777777,120.0,0.075,1.0,127,0.0,0,0.0,,,PredHPA-r0,ddos,326
0.0,0.0,0.0,129.34583333333333,95.0,0.075,1.0,81,0.0,0,0.0,,,PredHPA-r0,ddos,327
0.0,0.0,0.0,135.89444444444445,91.0,0.075,1.0,97,0.0,0,0.0,,,PredHPA-r0,ddos,328
0.0,0.0,0.0,136.73611111111111,96.0,0.075,1.0,116,0.0,0,0.0,,,PredHPA-r0,ddos,329
0.0,0.0,0.0,133.51805555555555,98.0,0.075,1.0,130,0.0,0,0.0,,,PredHPA-r0,ddos,330
0.0,0.0,0.0,126.94444444444444,88.0,0.075,1.0,93,0.0,0,0.0,,,PredHPA-r0,ddos,331
0.0,0.0,0.0,140.2763888888889,116.0,0.075,1.0,119,0.0,0,0.0,,,PredHPA-r0,ddos,332
0.0,0.0,0.0,127.27083333333333,88.0,0.075,1.0,92,0.0,0,0.0,,,PredHPA-r0,ddos,333
0.0,0.0,0.0,137.18055555555554,94.0,0.075,1.0,109,0.0,0,0.0,,,PredHPA-r0,ddos,334
0.0,0.0,0.0,138.98888888888888,94.0,0.075,1.0,110,0.0,0,0.0,,,PredHPA-r0,ddos,335
0.0,0.0,0.0,133.43194444444444,101.0,0.075,1.0,123,0.0,0,0.0,,,PredHPA-r0,ddos,336
0.0,0.0,0.0,129.65833333333333,94.0,0.075,1.0,92,0.0,0,0.0,,,PredHPA-r0,ddos,337
0.0,0.0,0.0,137.59444444444443,119.0,0.075,1.0,128,0.0,0,0.0,,,PredHPA-r0,ddos,338
0.0,0.0,0.0,127.1875,84.0,0.075,1.0,85,0.0,0,0.0,,,PredHPA-r0,ddos,339
0.0,0.0,0.0,135.78194444444443,111.0,0.075,1.0,109,0.0,0,0.0,,,PredHPA-r1,ddos,300
0.0,0.0,0.0,130.8513888888889,102.0,0.075,1.0,96,0.0,0,0.0,,,PredHPA-r1,ddos,301
0.0,0.0,0.0,133.62083333333334,92.0,0.075,1.0,99,0.0,0,0.0,,,PredHPA-r1,ddos,302
0.0,0.0,0.0,126.58472222222223,91.0,0.075,1.0,89,0.0,0,0.0,,,PredHPA-r1,ddos,303
0.0,0.0,0.0,137.2111111111111,94.0,0.075,1.0,102,0.0,0,0.0,,,PredHPA-r1,ddos,304
0.0,0.0,0.0,138.45416666666668,97.0,0.075,1.0,111,0.0,0,0.0,,,PredHPA-r1,ddos,305
0.0,0.0,0.0,132.0263888888889,103.0,0.075,1.0,123,0.0,0,0.0,,,PredHPA-r1,ddos,306
0.0,0.0,0.0,125.06111111111112,91.0,0.075,1.0,98,0.0,0,0.0,,,PredHPA-r1,ddos,307
0.0,0.0,0.0,143.82916666666668,120.0,0.075,1.0,121,0.0,0,0.0,,,PredHPA-r1,ddos,308
0.0,0.0,0.0,127.04583333333333,87.0,0.075,1.0,77,0.0,0,0.0,,,PredHPA-r1,ddos,309
0.0,0.0,0.0,136.92083333333332,89.0,0.075,1.0,93,0.0,0,0.0,,,PredHPA-r1,ddos,310
0.0,0.0,0.0,138.5236111111111,94.0,0.075,1.0,107,0.0,0,0.0,,,PredHPA-r1,ddos,311
0.0,0.0,0.0,132.9763888888889,101.0,0.075,1.0,119,0.0,0,0.0,,,PredHPA-r1,ddos,312
0.0,0.0,0.0,129.3527777777778,94.0,0.075,1.0,95,0.0,0,0.0,,,PredHPA-r1,ddos,313
0.0,0.0,0.0,142.48472222222222,120.0,0.075,1.0,129,0.0,0,0.0,,,PredHPA-r1,ddos,314
0.0,0.0,0.0,132.40277777777777,99.0,0.075,1.0,90,0.0,0,0.0,,,PredHPA-r1,ddos,315
0.0,0.0,0.0,136.90694444444443,90.0,0.075,1.0,103,0.0,0,0.0,,,PredHPA-r1,ddos,316
0.0,0.0,0.0,139.575,95.0,0.075,1.0,112,0.0,0,0.0,,,PredHPA-r1,ddos,317
0.0,0.0,0.0,137.20694444444445,102.0,0.075,1.0,133,0.0,0,0.0,,,PredHPA-r1,ddos,318
0.0,0.0,0.0,131.94027777777777,100.0,0.075,1.0,99,0.0,0,0.0,,,PredHPA-r1,ddos,319
0.0,0.0,0.0,147.01527777777778,120.0,0.075,1.0,122,0.0,0,0.0,,,PredHPA-r1,ddos,320
0.0,0.0,0.0,128.48055555555555,91.0,0.075,1.0,81,0.0,0,0.0,,,PredHPA-r1,ddos,321
0.0,0.0,0.0,135.70833333333334,90.0,0.075,1.0,92,0.0,0,0.0,,,PredHPA-r1,ddos,322
0.0,0.0,0.0,138.99166666666667,95.0,0.075,1.0,110,0.0,0,0.0,,,PredHPA-r1,ddos,323
0.0,0.0,0.0,134.2097222222222,99.0,0.075,1.0,137,0.0,0,0.0,,,PredHPA-r1,ddos,324
0.0,0.0,0.0,128.95555555555555,94.0,0.075,1.0,90,0.0,0,0.0,,,PredHPA-r1,ddos,325
0.0,0.0,0.0,142.00277777777777,120.0,0.075,1.0,127,0.0,0,0.0,,,PredHPA-r1,ddos,326
0.0,0.0,0.0,129.34583333333333,95.0,0.075,1.0,81,0.0,0,0.0,,,PredHPA-r1,ddos,327
0.0,0.0,0.0,135.89444444444445,91.0,0.075,1.0,97,0.0,0,0.0,,,PredHPA-r1,ddos,328
0.0,0.0,0.0,138.45555555555555,94.0,0.075,1.0,122,0.0,0,0.0,,,PredHPA-r1,ddos,329
0.0,0.0,0.0,132.7486111111111,96.0,0.075,1.0,135,0.0,0,0.0,,,PredHPA-r1,ddos,330
0.0,0.0,0.0,126.94444444444444,88.0,0.075,1.0,93,0.0,0,0.0,,,PredHPA-r1,ddos,331
0.0,0.0,0.0,140.2763888888889,116.0,0.075,1.0,119,0.0,0,0.0,,,PredHPA-r1,ddos,332
0.0,0.0,0.0,127.27083333333333,88.0,0.075,1.0,92,0.0,0,0.0,,,PredHPA-r1,ddos,333
0.0,0.0,0.0,137.18055555555554,94.0,0.075,1.0,109,0.0,0,0.0,,,PredHPA-r1,ddos,334
0.0,0.0,0.0,141.67361111111111,95.0,0.075,1.0,107,0.0,0,0.0,,,PredHPA-r1,ddos,335
0.0,0.0,0.0,135.80694444444444,101.0,0.075,1.0,131,0.0,0,0.0,,,PredHPA-r1,ddos,336
0.0,0.0,0.0,129.65833333333333,94.0,0.075,1.0,93,0.0,0,0.0,,,PredHPA-r1,ddos,337
0.0,0.0,0.0,137.59444444444443,119.0,0.075,1.0,128,0.0,0,0.0,,,PredHPA-r1,ddos,338
0.0,0.0,0.0,127.1875,84.0,0.075,1.0,85,0.0,0,0.0,,,PredHPA-r1,ddos,339
0.0,0.49944784263571407,0.49944784263572345,106.125,87.0,0.075,0.9699999999999999,860,0.0,10,0.0,5.0,,ARC,ddos,300
0.0,0.4099933987500415,0.40999339875004326,98.95694444444445,92.0,0.075,0.9699999999999999,798,0.0,10,0.0,5.0,,ARC,ddos,301
5.0,0.43457087967569974,0.4013768864770013,109.34305555555555,98.0,0.075,0.8674707116603074,910,0.0,10,0.0,10.0,,ARC,ddos,302
0.0,0.329153941431104,0.3291539414311129,96.39027777777778,81.0,0.075,0.9699999999999999,763,0.0,10,0.0,5.0,,ARC,ddos,303
0.0,0.4387112381859293,0.4387112381859337,114.8638888888889,105.0,0.075,0.9699999999999999,824,0.0,10,0.0,10.0,,ARC,ddos,304
15.0,0.6078780467951739,0.355418081348755,102.91111111111111,106.0,0.075,0.09304587121946829,912,0.0,10,0.0,15.0,,ARC,ddos,305
0.0,0.4895763543630971,0.4895763543631072,102.19444444444444,81.0,0.075,0.9699999999999999,821,0.0,10,0.0,10.0,,ARC,ddos,306
0.0,0.37271959293752044,0.3727195929375181,95.24444444444444,90.0,0.075,0.9699999999999999,785,0.0,10,0.0,5.0,,ARC,ddos,307
15.0,0.4562619943620283,0.4088343236896539,108.9875,105.0,0.075,0.8307430913401098,923,5.0,10,0.0,5.0,,ARC,ddos,308
0.0,0.31595689744425837,0.3159568974442603,92.31944444444444,73.0,0.075,0.9699999999999999,697,0.0,10,0.0,5.0,,ARC,ddos,309
25.0,0.5063734279139975,0.39664452937311423,101.35,94.0,0.075,0.5943544337976719,794,0.0,10,0.0,10.0,,ARC,ddos,310
10.0,0.5536854571408734,0.3931207155025446,104.46666666666667,99.0,0.075,0.5211790906466728,975,0.0,9,0.0,5.0,,ARC,ddos,311
0.0,0.4986710965350527,0.498671096535051,100.72083333333333,81.0,0.075,0.9699999999999999,853,0.0,10,0.0,5.0,,ARC,ddos,312
0.0,0.3974858050472263,0.39748580504722336,95.71944444444445,85.0,0.075,0.9699999999999999,792,0.0,10,0.0,5.0,,ARC,ddos,313
40.0,0.7472613716807519,0.39337021173035025,102.53611111111111,103.0,0.075,0.21563166509546994,887,0.0,10,0.0,5.0,,ARC,ddos,314
0.0,0.38241823932755326,0.38241823932756597,101.8638888888889,82.0,0.075,0.9699999999999999,806,0.0,10,0.0,5.0,,ARC,ddos,315
20.0,0.5087097394310902,0.4409039824632868,111.28055555555555,104.0,0.075,0.8352684652746485,846,0.0,10,0.0,5.0,,ARC,ddos,316
15.0,0.5469276530079781,0.39370889088209454,101.94722222222222,100.0,0.075,0.5196662871315737,915,0.0,9,0.0,5.0,,ARC,ddos,317
0.0,0.47645062004786354,0.4764506200478702,107.46805555555555,92.0,0.075,0.9699999999999999,850,0.0,10,0.0,5.0,,ARC,ddos,318
0.0,0.4593359090903637,0.45933590909036087,101.00972222222222,91.0,0.075,0.9699999999999999,823,0.0,10,0.0,5.0,,ARC,ddos,319
60.0,1.2948699963114763,0.41058882801838553,106.97222222222223,103.0,0.075,0.02658772040272008,917,10.0,10,0.0,5.0,,ARC,ddos,320
0.0,0.38680808239475173,0.38680808239474596,101.35694444444445,80.0,0.075,0.9699999999999999,759,0.0,10,0.0,5.0,,ARC,ddos,321
10.0,0.5367685268020228,0.4269963677587513,106.53333333333333,94.0,0.075,0.41913338577268267,792,0.0,10,0.0,5.0,,ARC,ddos,322
5.0,0.48752228038719814,0.4587235845291879,106.60555555555555,104.0,0.075,0.8784165777964245,956,0.0,10,0.0,5.0,,ARC,ddos,323
0.0,0.4833892676157636,0.4833892676157743,107.65,87.0,0.075,0.9699999999999999,884,0.0,10,0.0,5.0,,ARC,ddos,324
0.0,0.4595549505318819,0.4595549505318857,96.38055555555556,79.0,0.075,0.9699999999999999,813,0.0,10,0.0,5.0,,ARC,ddos,325
5.0,0.42672692363713294,0.410498559387064,108.01388888888889,100.0,0.075,0.9216952159824378,881,0.0,10,0.0,5.0,,ARC,ddos,326
0.0,0.3128732279468083,0.3128732279468018,103.22083333333333,85.0,0.075,0.9699999999999999,789,0.0,10,0.0,5.0,,ARC,ddos,327
0.0,0.39518012169712513,0.3919257927066558,105.69583333333334,99.0,0.075,0.9699999999999999,831,0.0,10,0.0,5.0,,ARC,ddos,328
10.0,0.4291354130494307,0.3947753482222297,109.32777777777778,118.0,0.075,0.9214577735371103,970,0.0,9,0.0,10.0,,ARC,ddos,329
0.0,0.4551263856728216,0.455126385672822,108.6625,85.0,0.075,0.9699999999999999,869,0.0,10,0.0,5.0,,ARC,ddos,330
0.0,0.38511901634535883,0.38511901634535983,95.85,87.0,0.075,0.9699999999999999,740,0.0,10,0.0,5.0,,ARC,ddos,331
15.0,0.5145843133912753,0.39402978298929964,105.84583333333333,106.0,0.075,0.6182173665110556,867,0.0,10,0.0,10.0,,ARC,ddos,332
0.0,0.3581951269222783,0.3581951269222923,101.38472222222222,89.0,0.075,0.9699999999999999,748,0.0,10,0.0,5.0,,ARC,ddos,333
10.0,0.42246349510336456,0.3918364407911456,100.72083333333333,93.0,0.075,0.8890990322508973,832,0.0,10,0.0,5.0,,ARC,ddos,334
5.0,0.46254407871701986,0.44532114008121315,106.47916666666667,111.0,0.075,0.9242236667366249,983,0.0,9,0.0,10.0,,ARC,ddos,335
0.0,0.49957021117461586,0.49957021117462197,103.48611111111111,87.0,0.075,0.9699999999999999,848,0.0,9,0.0,10.0,,ARC,ddos,336
0.0,0.4030637436469031,0.40306374364689607,100.03472222222223,93.0,0.075,0.9699999999999999,783,0.0,10,0.0,5.0,,ARC,ddos,337
20.0,0.5174677397776994,0.40153803288465495,101.60972222222222,100.0,0.075,0.6907682049408405,853,0.0,9,0.0,5.0,,ARC,ddos,338
0.0,0.3547032952765705,0.35470329527656386,92.25555555555556,74.0,0.075,0.9699999999999999,754,0.0,10,0.0,5.0,,ARC,ddos,339
0.0,0.49944784263571407,0.49944784263572345,106.125,87.0,0.075,0.9699999999999999,860,0.0,10,0.0,5.0,,ARC-r0,ddos,300
0.0,0.4099933987500415,0.40999339875004326,98.95694444444445,92.0,0.075,0.9699999999999999,798,0.0,10,0.0,5.0,,ARC-r0,ddos,301
5.0,0.42782687420422905,0.4013768864770013,109.34305555555555,98.0,0.075,0.8977070040831924,910,0.0,10,0.0,10.0,,ARC-r0,ddos,302
0.0,0.329153941431104,0.3291539414311129,96.39027777777778,81.0,0.075,0.9699999999999999,763,0.0,10,0.0,5.0,,ARC-r0,ddos,303
0.0,0.4387112381859293,0.4387112381859337,114.8638888888889,105.0,0.075,0.9699999999999999,824,0.0,10,0.0,10.0,,ARC-r0,ddos,304
10.0,0.518320294830088,0.355418081348755,102.90972222222223,106.0,0.075,0.3651396535039082,912,0.0,10,0.0,15.0,,ARC-r0,ddos,305
0.0,0.4895763543630971,0.4895763543631072,100.43888888888888,80.0,0.075,0.9699999999999999,820,0.0,10,0.0,10.0,,ARC-r0,ddos,306
0.0,0.37271959293752044,0.3727195929375181,95.24444444444444,90.0,0.075,0.9699999999999999,785,0.0,10,0.0,5.0,,ARC-r0,ddos,307
15.0,0.4562619943620283,0.4088343236896539,108.9875,105.0,0.075,0.8307430913401098,923,5.0,10,0.0,5.0,,ARC-r0,ddos,308
0.0,0.31595689744425837,0.3159568974442603,92.31944444444444,73.0,0.075,0.9699999999999999,697,0.0,10,0.0,5.0,,ARC-r0,ddos,309
25.0,0.5063734279139975,0.39664452937311423,101.35,94.0,0.075,0.5943544337976719,794,0.0,10,0.0,10.0,,ARC-r0,ddos,310
10.0,0.5524614228996305,0.3931207155025446,104.46666666666667,99.0,0.075,0.5211790906466728,975,0.0,9,0.0,5.0,,ARC-r0,ddos,311
0.0,0.4986710965350527,0.498671096535051,100.72083333333333,81.0,0.075,0.9699999999999999,853,0.0,10,0.0,5.0,,ARC-r0,ddos,312
0.0,0.3974858050472263,0.39748580504722336,95.71944444444445,85.0,0.075,0.9699999999999999,792,0.0,10,0.0,5.0,,ARC-r0,ddos,313
25.0,0.6019156458657804,0.39337021173035025,102.6125,103.0,0.075,0.43773571507184345,888,0.0,10,0.0,5.0,,ARC-r0,ddos,314
0.0,0.38241823932755326,0.38241823932756597,101.8638888888889,82.0,0.075,0.9699999999999999,806,0.0,10,0.0,5.0,,ARC-r0,ddos,315
10.0,0.4839558195190885,0.4409039824632868,111.27777777777777,104.0,0.075,0.8352684652746485,846,0.0,10,0.0,5.0,,ARC-r0,ddos,316
15.0,0.4709607334929755,0.39370889088209454,101.94444444444444,100.0,0.075,0.8421818113171683,915,0.0,9,0.0,5.0,,ARC-r0,ddos,317
0.0,0.47645062004786354,0.4764506200478702,107.46805555555555,92.0,0.075,0.9699999999999999,850,0.0,10,0.0,5.0,,ARC-r0,ddos,318
0.0,0.4593359090903637,0.45933590909036087,101.00972222222222,91.0,0.075,0.9699999999999999,823,0.0,10,0.0,5.0,,ARC-r0,ddos,319
55.0,1.004271850901839,0.41058882801838553,108.04166666666667,108.0,0.075,0.054537774800490074,916,10.0,10,0.0,5.0,,ARC-r0,ddos,320
0.0,0.38680808239475173,0.38680808239474596,101.35694444444445,80.0,0.075,0.9699999999999999,759,0.0,10,0.0,5.0,,ARC-r0,ddos,321
10.0,0.48363190628786246,0.425092183375453,103.70972222222223,94.0,0.075,0.7400678943339628,792,0.0,9,0.0,5.0,,ARC-r0,ddos,322
5.0,0.48752228038719814,0.4587235845291879,106.60555555555555,104.0,0.075,0.8784165777964245,956,0.0,10,0.0,5.0,,ARC-r0,ddos,323
0.0,0.4833892676157636,0.4833892676157743,106.09583333333333,85.0,0.075,0.9699999999999999,894,0.0,10,0.0,5.0,,ARC-r0,ddos,324
0.0,0.4595549505318819,0.4595549505318857,96.38055555555556,79.0,0.075,0.9699999999999999,813,0.0,10,0.0,5.0,,ARC-r0,ddos,325
0.0,0.4205936981724778,0.410498559387064,108.01388888888889,100.0,0.075,0.9611463071537836,881,0.0,10,0.0,5.0,,ARC-r0,ddos,326
0.0,0.3128732279468083,0.3128732279468018,103.22083333333333,85.0,0.075,0.9699999999999999,789,0.0,10,0.0,5.0,,ARC-r0,ddos,327
0.0,0.39518012169712513,0.3919257927066558,105.69583333333334,99.0,0.075,0.9699999999999999,831,0.0,10,0.0,5.0,,ARC-r0,ddos,328
5.0,0.4178410736630833,0.3947753482222297,109.32777777777778,118.0,0.075,0.9214577735371103,970,0.0,9,0.0,10.0,,ARC-r0,ddos,329
0.0,0.4551263856728216,0.455126385672822,108.6625,85.0,0.075,0.9699999999999999,869,0.0,10,0.0,5.0,,ARC-r0,ddos,330
0.0,0.38511901634535883,0.38511901634535983,95.85,87.0,0.075,0.9699999999999999,740,0.0,10,0.0,5.0,,ARC-r0,ddos,331
15.0,0.5093813768845323,0.39402978298929964,105.84583333333333,106.0,0.075,0.6182173665110556,867,0.0,10,0.0,10.0,,ARC-r0,ddos,332
0.0,0.3581951269222783,0.3581951269222923,101.38472222222222,89.0,0.075,0.9699999999999999,748,0.0,10,0.0,5.0,,ARC-r0,ddos,333
10.0,0.4180550452879572,0.3918364407911456,100.72083333333333,93.0,0.075,0.8890990322508973,832,0.0,10,0.0,5.0,,ARC-r0,ddos,334
5.0,0.46254407871701986,0.44532114008121315,106.47916666666667,111.0,0.075,0.9242236667366249,983,0.0,9,0.0,10.0,,ARC-r0,ddos,335
0.0,0.49957021117461586,0.49957021117462197,103.48611111111111,87.0,0.075,0.9699999999999999,848,0.0,9,0.0,10.0,,ARC-r0,ddos,336
0.0,0.4030637436469031,0.40306374364689607,100.03472222222223,93.0,0.075,0.9699999999999999,783,0.0,10,0.0,5.0,,ARC-r0,ddos,337
20.0,0.5230825088488156,0.40153803288465495,101.6375,100.0,0.075,0.6907682049408405,852,0.0,9,0.0,5.0,,ARC-r0,ddos,338
0.0,0.3547032952765705,0.35470329527656386,92.25555555555556,74.0,0.075,0.9699999999999999,754,0.0,10,0.0,5.0,,ARC-r0,ddos,339
0.0,0.49944784263571407,0.49944784263572345,106.125,87.0,0.075,0.9699999999999999,860,0.0,10,0.0,5.0,,ARC-r1,ddos,300
0.0,0.4099933987500415,0.40999339875004326,98.95694444444445,92.0,0.075,0.9699999999999999,798,0.0,10,0.0,5.0,,ARC-r1,ddos,301
5.0,0.4342061658069052,0.4013768864770013,109.34305555555555,98.0,0.075,0.8683226252720959,910,0.0,10,0.0,10.0,,ARC-r1,ddos,302
0.0,0.329153941431104,0.3291539414311129,96.39027777777778,81.0,0.075,0.9699999999999999,763,0.0,10,0.0,5.0,,ARC-r1,ddos,303
0.0,0.4387112381859293,0.4387112381859337,114.8638888888889,105.0,0.075,0.9699999999999999,824,0.0,10,0.0,10.0,,ARC-r1,ddos,304
15.0,0.7734419805566994,0.355418081348755,102.9125,106.0,0.075,0.07763688831458385,912,0.0,10,0.0,15.0,,ARC-r1,ddos,305
0.0,0.4895763543630971,0.4895763543631072,102.19444444444444,81.0,0.075,0.9699999999999999,821,0.0,10,0.0,10.0,,ARC-r1,ddos,306
0.0,0.37271959293752044,0.3727195929375181,95.24444444444444,90.0,0.075,0.9699999999999999,785,0.0,10,0.0,5.0,,ARC-r1,ddos,307
15.0,0.4562619943620283,0.4088343236896539,108.9875,105.0,0.075,0.8307430913401098,923,5.0,10,0.0,5.0,,ARC-r1,ddos,308
0.0,0.31595689744425837,0.3159568974442603,92.31944444444444,73.0,0.075,0.9699999999999999,697,0.0,10,0.0,5.0,,ARC-r1,ddos,309
25.0,0.5063734279139975,0.39664452937311423,101.35,94.0,0.075,0.5943544337976719,794,0.0,10,0.0,10.0,,ARC-r1,ddos,310
10.0,0.5528042818308543,0.3931207155025446,104.46666666666667,99.0,0.075,0.5211790906466728,975,0.0,9,0.0,5.0,,ARC-r1,ddos,311
0.0,0.4986710965350527,0.498671096535051,100.72083333333333,81.0,0.075,0.9699999999999999,853,0.0,10,0.0,5.0,,ARC-r1,ddos,312
0.0,0.3974858050472263,0.39748580504722336,95.71944444444445,85.0,0.075,0.9699999999999999,792,0.0,10,0.0,5.0,,ARC-r1,ddos,313
40.0,0.7257782652071665,0.39337021173035025,102.53611111111111,103.0,0.075,0.22677026491609045,887,0.0,10,0.0,5.0,,ARC-r1,ddos,314
0.0,0.38241823932755326,0.38241823932756597,101.8638888888889,82.0,0.075,0.9699999999999999,806,0.0,10,0.0,5.0,,ARC-r1,ddos,315
20.0,0.5053091433121826,0.4409039824632868,111.28055555555555,104.0,0.075,0.8352684652746485,846,0.0,10,0.0,5.0,,ARC-r1,ddos,316
15.0,0.541705248234392,0.39370889088209454,101.94722222222222,100.0,0.075,0.5418378668641207,915,0.0,9,0.0,5.0,,ARC-r1,ddos,317
0.0,0.47645062004786354,0.4764506200478702,107.46805555555555,92.0,0.075,0.9699999999999999,850,0.0,10,0.0,5.0,,ARC-r1,ddos,318
0.0,0.4593359090903637,0.45933590909036087,101.00972222222222,91.0,0.075,0.9699999999999999,823,0.0,10,0.0,5.0,,ARC-r1,ddos,319
60.0,1.281142882573405,0.41058882801838553,106.97222222222223,103.0,0.075,0.034227768781637184,917,10.0,10,0.0,5.0,,ARC-r1,ddos,320
0.0,0.38680808239475173,0.38680808239474596,101.35694444444445,80.0,0.075,0.9699999999999999,759,0.0,10,0.0,5.0,,ARC-r1,ddos,321
10.0,0.5339951793651765,0.4269963677587513,106.53333333333333,94.0,0.075,0.4357965443998005,792,0.0,10,0.0,5.0,,ARC-r1,ddos,322
5.0,0.48752228038719814,0.4587235845291879,106.60555555555555,104.0,0.075,0.8784165777964245,956,0.0,10,0.0,5.0,,ARC-r1,ddos,323
0.0,0.4833892676157636,0.4833892676157743,107.72361111111111,87.0,0.075,0.9699999999999999,892,0.0,10,0.0,5.0,,ARC-r1,ddos,324
0.0,0.4595549505318819,0.4595549505318857,96.38055555555556,79.0,0.075,0.9699999999999999,813,0.0,10,0.0,5.0,,ARC-r1,ddos,325
5.0,0.4261002136149439,0.410498559387064,108.01388888888889,100.0,0.075,0.9227410205683884,881,0.0,10,0.0,5.0,,ARC-r1,ddos,326
0.0,0.3128732279468083,0.3128732279468018,103.22083333333333,85.0,0.075,0.9699999999999999,789,0.0,10,0.0,5.0,,ARC-r1,ddos,327
0.0,0.39518012169712513,0.3919257927066558,105.69583333333334,99.0,0.075,0.9699999999999999,831,0.0,10,0.0,5.0,,ARC-r1,ddos,328
10.0,0.42904486828369004,0.3947753482222297,109.32777777777778,118.0,0.075,0.9214577735371103,970,0.0,9,0.0,10.0,,ARC-r1,ddos,329
0.0,0.4551263856728216,0.455126385672822,108.6625,85.0,0.075,0.9699999999999999,869,0.0,10,0.0,5.0,,ARC-r1,ddos,330
0.0,0.38511901634535883,0.38511901634535983,95.85,87.0,0.075,0.9699999999999999,740,0.0,10,0.0,5.0,,ARC-r1,ddos,331
15.0,0.5142970970149263,0.39402978298929964,105.84583333333333,106.0,0.075,0.6182173665110556,867,0.0,10,0.0,10.0,,ARC-r1,ddos,332
0.0,0.3581951269222783,0.3581951269222923,101.38472222222222,89.0,0.075,0.9699999999999999,748,0.0,10,0.0,5.0,,ARC-r1,ddos,333
10.0,0.4222428085629115,0.3918364407911456,100.72083333333333,93.0,0.075,0.8890990322508973,832,0.0,10,0.0,5.0,,ARC-r1,ddos,334
5.0,0.46254407871701986,0.44532114008121315,106.47916666666667,111.0,0.075,0.9242236667366249,983,0.0,9,0.0,10.0,,ARC-r1,ddos,335
0.0,0.49957021117461586,0.49957021117462197,103.48611111111111,87.0,0.075,0.9699999999999999,848,0.0,9,0.0,10.0,,ARC-r1,ddos,336
0.0,0.4030637436469031,0.40306374364689607,100.03472222222223,93.0,0.075,0.9699999999999999,783,0.0,10,0.0,5.0,,ARC-r1,ddos,337
20.0,0.5158343664314224,0.40153803288465495,101.64027777777778,100.0,0.075,0.6907682049408405,854,0.0,9,0.0,5.0,,ARC-r1,ddos,338
0.0,0.3547032952765705,0.35470329527656386,92.25555555555556,74.0,0.075,0.9699999999999999,754,0.0,10,0.0,5.0,,ARC-r1,ddos,339
35.0,0.13699854976199077,0.0,92.61805555555556,83.0,0.075,0.7521054447049794,99,17.5,0,0.0,,,HPA-r0,ddos_kill,300
20.0,0.04907278336911958,0.0,90.45694444444445,70.0,0.075,0.7277629954326186,79,10.0,0,0.0,,,HPA-r0,ddos_kill,301
35.0,0.6257712040544927,0.0,86.03472222222223,66.0,0.075,0.04969649349402277,74,25.0,0,0.0,,,HPA-r0,ddos_kill,302
30.0,0.06016824994804493,0.0,87.28472222222223,61.0,0.075,0.5528994250516711,58,30.0,0,0.0,,,HPA-r0,ddos_kill,303
20.0,0.20022914661156355,0.0,89.66527777777777,76.0,0.075,0.22099527031724342,79,20.0,0,0.0,,,HPA-r0,ddos_kill,304
10.0,0.039084961275226426,0.0,84.52777777777777,59.0,0.075,0.8798267769448047,82,0.0,0,0.0,,,HPA-r0,ddos_kill,305
30.0,0.11433901106809863,0.0,91.58055555555555,86.0,0.075,0.7838996242555047,99,15.0,0,0.0,,,HPA-r0,ddos_kill,306
45.0,0.16112255519501462,0.0,88.47638888888889,69.0,0.075,0.42822082565489517,74,22.5,0,0.0,,,HPA-r0,ddos_kill,307
25.0,0.10933863821678269,0.0,90.53194444444445,77.0,0.075,0.575045709092057,95,7.5,0,0.0,,,HPA-r0,ddos_kill,308
25.0,0.4032794728437872,0.0,87.06805555555556,62.0,0.075,0.05122405359855728,73,25.0,0,0.0,,,HPA-r0,ddos_kill,309
30.0,0.21674617073674796,0.0,88.1125,66.0,0.075,0.03505801514583608,75,15.0,0,0.0,,,HPA-r0,ddos_kill,310
5.0,0.03390730475503201,0.0,84.59166666666667,62.0,0.075,0.9376537606405542,78,0.0,0,0.0,,,HPA-r0,ddos_kill,311
60.0,0.7851394543623047,0.0,89.16666666666667,76.0,0.07500000000000007,0.03416169807226142,76,30.0,0,0.0,,,HPA-r0,ddos_kill,312
40.0,0.41873896988166015,0.0,88.76805555555555,69.0,0.075,0.03638222462951022,82,20.0,0,0.0,,,HPA-r0,ddos_kill,313
25.0,0.08247806086931764,0.0,90.3125,78.0,0.075,0.7428982441272871,90,15.0,0,0.0,,,HPA-r0,ddos_kill,314
35.0,0.38021578744703577,0.0,90.14027777777778,71.0,0.075,0.05786079077871479,74,35.0,0,0.0,,,HPA-r0,ddos_kill,315
10.0,0.028936845066240835,0.0,88.30972222222222,66.0,0.075,0.8454928298303089,72,10.0,0,0.0,,,HPA-r0,ddos_kill,316
10.0,0.037847750092345755,0.0,85.33055555555555,64.0,0.075,0.9174156138592241,80,0.0,0,0.0,,,HPA-r0,ddos_kill,317
0.0,0.0,0.0,88.78194444444445,69.0,0.075,1.0,72,0.0,0,0.0,,,HPA-r0,ddos_kill,318
45.0,0.2543247639883339,0.0,90.71805555555555,74.0,0.075,0.3375329637468727,82,22.5,0,0.0,,,HPA-r0,ddos_kill,319
40.0,0.31714234405377795,0.0,91.1375,79.0,0.075,0.35223062097998314,90,7.5,0,0.0,,,HPA-r0,ddos_kill,320
30.0,0.02962475738674808,0.0,91.14583333333333,75.0,0.075,0.8336222497566195,85,30.0,0,0.0,,,HPA-r0,ddos_kill,321
30.0,0.4371365745351241,0.0,87.00833333333334,64.0,0.075,0.05877969581067095,69,30.0,0,0.0,,,HPA-r0,ddos_kill,322
40.0,0.5522439943680624,0.0,86.44305555555556,66.0,0.075,0.05597092627957344,91,30.0,0,0.0,,,HPA-r0,ddos_kill,323
5.0,0.00903632957217626,0.0,87.17777777777778,69.0,0.075,0.9476068694676661,74,5.0,0,0.0,,,HPA-r0,ddos_kill,324
30.0,0.08243393052332904,0.0,90.4263888888889,76.0,0.075,0.6843241641941137,86,20.0,0,0.0,,,HPA-r0,ddos_kill,325
15.0,0.09126499597491566,0.0,90.45694444444445,78.0,0.075,0.7271389329367809,88,2.5,0,0.0,,,HPA-r0,ddos_kill,326
15.0,0.01979338820132792,0.0,86.90555555555555,61.0,0.075,0.8350784683587696,68,25.0,0,0.0,,,HPA-r0,ddos_kill,327
65.0,0.8023285091910526,0.0,87.97083333333333,65.0,0.07500000000000007,0.05669045729559955,80,32.5,0,0.0,,,HPA-r0,ddos_kill,328
25.0,0.2845730825945969,0.0,84.78611111111111,62.0,0.075,0.059765313632665296,87,20.0,0,0.0,,,HPA-r0,ddos_kill,329
25.0,0.2720884320941419,0.0,87.19027777777778,67.0,0.075,0.06110548121914219,83,25.0,0,0.0,,,HPA-r0,ddos_kill,330
20.0,0.12997621867555376,0.0,87.19722222222222,63.0,0.075,0.25598488442172757,69,20.0,0,0.0,,,HPA-r0,ddos_kill,331
10.0,0.11102519473045191,0.0,89.53055555555555,79.0,0.075,0.5482657277546208,86,0.0,0,0.0,,,HPA-r0,ddos_kill,332
40.0,0.38534378684008663,0.0,89.93888888888888,71.0,0.075,0.05244881105610649,79,40.0,0,0.0,,,HPA-r0,ddos_kill,333
30.0,0.1634799248306229,0.0,90.1986111111111,73.0,0.075,0.5831206058483742,93,15.0,0,0.0,,,HPA-r0,ddos_kill,334
10.0,0.06253962069817653,0.0,88.12083333333334,74.0,0.075,0.8692578385434758,96,0.0,0,0.0,,,HPA-r0,ddos_kill,335
35.0,0.7381158937659449,0.0,88.22638888888889,73.0,0.075,0.053468585407078155,77,35.0,0,0.0,,,HPA-r0,ddos_kill,336
5.0,0.015410373777402508,0.0,89.20972222222223,73.0,0.075,0.9396987653742124,82,2.5,0,0.0,,,HPA-r0,ddos_kill,337
30.0,0.19355920726232823,0.0,90.22083333333333,79.0,0.075,0.12648984836904836,84,20.0,0,0.0,,,HPA-r0,ddos_kill,338
30.0,0.2895207677485856,0.0,90.21527777777777,71.0,0.075,0.03491833428552591,79,30.0,0,0.0,,,HPA-r0,ddos_kill,339
30.0,0.5619773068655132,0.0,88.73333333333333,81.0,0.075,0.03619628600582416,203,30.0,0,0.0,,,HPA-fast-r0,ddos_kill,300
25.0,0.23655344456864347,0.0,85.81527777777778,68.0,0.075,0.12667769063033577,159,12.5,0,0.0,,,HPA-fast-r0,ddos_kill,301
30.0,0.535214173041032,0.0,88.16527777777777,71.0,0.075,0.04969649349402277,219,30.0,0,0.0,,,HPA-fast-r0,ddos_kill,302
30.0,0.06419720912375082,0.0,84.88472222222222,64.0,0.075,0.5528994250516711,142,30.0,0,0.0,,,HPA-fast-r0,ddos_kill,303
15.0,0.042799851795660704,0.0,87.67777777777778,76.0,0.075,0.722175693640733,169,15.0,0,0.0,,,HPA-fast-r0,ddos_kill,304
0.0,0.0008678370837067462,0.0,85.74027777777778,63.0,0.075,0.9955652218202579,186,0.0,0,0.0,,,HPA-fast-r0,ddos_kill,305
10.0,0.050884048971733264,0.0,86.93333333333334,78.0,0.075,0.7838996242555047,177,10.0,0,0.0,,,HPA-fast-r0,ddos_kill,306
0.0,0.0,0.0,85.49861111111112,65.0,0.075,1.0,160,0.0,0,0.0,,,HPA-fast-r0,ddos_kill,307
0.0,0.0,0.0,90.94027777777778,90.0,0.075,1.0,257,0.0,0,0.0,,,HPA-fast-r0,ddos_kill,308
30.0,0.4451369206573852,0.0,84.18333333333334,60.0,0.075,0.05122405359855728,131,30.0,0,0.0,,,HPA-fast-r0,ddos_kill,309
5.0,0.007141559144641096,0.0,87.9888888888889,63.0,0.075,0.9489544606225407,176,5.0,0,0.0,,,HPA-fast-r0,ddos_kill,310
0.0,0.0,0.0,85.95138888888889,62.0,0.075,1.0,202,0.0,0,0.0,,,HPA-fast-r0,ddos_kill,311
20.0,0.17837598238131802,0.0,87.03888888888889,77.0,0.075,0.43341760323302697,175,10.0,0,0.0,,,HPA-fast-r0,ddos_kill,312
0.0,0.0016083756742224509,0.0,85.09305555555555,67.0,0.075,0.9785390424605075,150,0.0,0,0.0,,,HPA-fast-r0,ddos_kill,313
15.0,0.01981517864784177,0.0,90.29166666666667,86.0,0.075,0.8287243051921482,240,15.0,0,0.0,,,HPA-fast-r0,ddos_kill,314
55.0,0.385180815048658,0.0,84.89861111111111,70.0,0.075,0.05786079077871479,167,27.5,0,0.0,,,HPA-fast-r0,ddos_kill,315
10.0,0.028936845066240835,0.0,87.6763888888889,76.0,0.075,0.8454928298303089,169,10.0,0,0.0,,,HPA-fast-r0,ddos_kill,316
0.0,0.0009440406673166812,0.0,86.58333333333333,65.0,0.075,0.987027033099067,208,0.0,0,0.0,,,HPA-fast-r0,ddos_kill,317
5.0,0.010362856371148865,0.0,88.18472222222222,80.0,0.075,0.9274827638577144,182,5.0,0,0.0,,,HPA-fast-r0,ddos_kill,318
5.0,0.01379217016203027,0.0,86.03194444444445,76.0,0.075,0.9467684420699626,150,2.5,0,0.0,,,HPA-fast-r0,ddos_kill,319
10.0,0.026648270329654444,0.0,91.58888888888889,90.0,0.075,0.9339798296094862,267,5.0,0,0.0,,,HPA-fast-r0,ddos_kill,320
25.0,0.026255307256084492,0.0,84.62083333333334,69.0,0.075,0.8336222497566195,158,25.0,0,0.0,,,HPA-fast-r0,ddos_kill,321
25.0,0.35786981580469,0.0,87.27916666666667,69.0,0.075,0.05877969581067095,160,25.0,0,0.0,,,HPA-fast-r0,ddos_kill,322
70.0,0.9459217848994839,0.0,87.18333333333334,70.0,0.075,0.05597092627957344,210,35.0,0,0.0,,,HPA-fast-r0,ddos_kill,323
10.0,0.014945134723687303,0.0,87.02083333333333,77.0,0.075,0.9018759778011785,188,20.0,0,0.0,,,HPA-fast-r0,ddos_kill,324
10.0,0.012825540676519864,0.0,85.5875,75.0,0.075,0.9326820575685978,150,15.0,0,0.0,,,HPA-fast-r0,ddos_kill,325
0.0,0.0,0.0,90.49444444444444,89.0,0.075,1.0,246,0.0,0,0.0,,,HPA-fast-r0,ddos_kill,326
15.0,0.01979338820132792,0.0,84.52916666666667,60.0,0.075,0.8350784683587696,138,25.0,0,0.0,,,HPA-fast-r0,ddos_kill,327
25.0,0.47528425809287844,0.0,87.92222222222222,64.0,0.075,0.05669045729559955,165,25.0,0,0.0,,,HPA-fast-r0,ddos_kill,328
20.0,0.24689859415689686,0.0,86.35277777777777,67.0,0.075,0.059765313632665296,216,20.0,0,0.0,,,HPA-fast-r0,ddos_kill,329
25.0,0.2720884320941419,0.0,87.32916666666667,74.0,0.075,0.06110548121914219,190,25.0,0,0.0,,,HPA-fast-r0,ddos_kill,330
20.0,0.12592291467047323,0.0,84.94722222222222,64.0,0.075,0.25598488442172757,144,20.0,0,0.0,,,HPA-fast-r0,ddos_kill,331
0.0,0.0,0.0,90.12361111111112,86.0,0.075,1.0,223,0.0,0,0.0,,,HPA-fast-r0,ddos_kill,332
30.0,0.167174126349523,0.0,84.82916666666667,73.0,0.075,0.08974790730477956,168,30.0,0,0.0,,,HPA-fast-r0,ddos_kill,333
0.0,0.005911117544399325,0.0,87.8,70.0,0.075,0.9538785668439113,152,0.0,0,0.0,,,HPA-fast-r0,ddos_kill,334
0.0,0.01649510685800548,0.0,87.50138888888888,72.0,0.075,0.9547835169338899,223,0.0,0,0.0,,,HPA-fast-r0,ddos_kill,335
30.0,0.6074196885543448,0.0,88.10416666666667,81.0,0.075,0.06073527826327,186,30.0,0,0.0,,,HPA-fast-r0,ddos_kill,336
25.0,0.1827554138250087,0.0,85.15416666666667,69.0,0.075,0.28864072313652894,153,25.0,0,0.0,,,HPA-fast-r0,ddos_kill,337
25.0,0.19497533634058595,0.0,89.40833333333333,90.0,0.075,0.12648984836904836,236,25.0,0,0.0,,,HPA-fast-r0,ddos_kill,338
10.0,0.016523454546046867,0.0,86.10138888888889,72.0,0.075,0.9064296265122681,153,10.0,0,0.0,,,HPA-fast-r0,ddos_kill,339
0.0,0.0,0.0,119.75416666666666,110.0,0.075,1.0,120,0.0,0,0.0,,,HPA-45-r0,ddos_kill,300
0.0,0.0,0.0,113.98472222222222,92.0,0.075,1.0,105,0.0,0,0.0,,,HPA-45-r0,ddos_kill,301
20.0,0.40252591451193087,0.0,110.52083333333333,96.0,0.075,0.05592591871906104,96,20.0,0,0.0,,,HPA-45-r0,ddos_kill,302
0.0,0.0,0.0,110.13194444444444,80.0,0.075,1.0,69,0.0,0,0.0,,,HPA-45-r0,ddos_kill,303
0.0,0.0,0.0,112.30833333333334,90.0,0.075,1.0,89,0.0,0,0.0,,,HPA-45-r0,ddos_kill,304
0.0,0.0,0.0,107.09305555555555,77.0,0.075,1.0,95,0.0,0,0.0,,,HPA-45-r0,ddos_kill,305
0.0,0.0,0.0,116.9486111111111,106.0,0.075,1.0,114,0.0,0,0.0,,,HPA-45-r0,ddos_kill,306
0.0,0.0,0.0,111.89583333333333,86.0,0.075,1.0,88,0.0,0,0.0,,,HPA-45-r0,ddos_kill,307
0.0,0.0,0.0,114.90833333333333,99.0,0.075,1.0,110,0.0,0,0.0,,,HPA-45-r0,ddos_kill,308
30.0,0.3576985933259502,0.0,109.22361111111111,77.0,0.075,0.05852960404997529,74,30.0,0,0.0,,,HPA-45-r0,ddos_kill,309
0.0,0.0,0.0,112.45138888888889,86.0,0.075,1.0,88,0.0,0,0.0,,,HPA-45-r0,ddos_kill,310
0.0,0.0,0.0,108.83472222222223,82.0,0.075,1.0,96,0.0,0,0.0,,,HPA-45-r0,ddos_kill,311
0.0,0.0,0.0,113.31111111111112,97.0,0.075,1.0,96,0.0,0,0.0,,,HPA-45-r0,ddos_kill,312
0.0,0.0,0.0,113.93888888888888,90.0,0.075,1.0,101,0.0,0,0.0,,,HPA-45-r0,ddos_kill,313
0.0,0.0,0.0,114.33472222222223,106.0,0.075,1.0,110,0.0,0,0.0,,,HPA-45-r0,ddos_kill,314
0.0,0.0,0.0,116.18472222222222,99.0,0.075,1.0,99,0.0,0,0.0,,,HPA-45-r0,ddos_kill,315
0.0,0.0,0.0,111.91111111111111,90.0,0.075,1.0,87,0.0,0,0.0,,,HPA-45-r0,ddos_kill,316
0.0,0.0,0.0,108.17777777777778,82.0,0.075,1.0,99,0.0,0,0.0,,,HPA-45-r0,ddos_kill,317
0.0,0.0,0.0,114.33055555555555,93.0,0.075,1.0,89,0.0,0,0.0,,,HPA-45-r0,ddos_kill,318
0.0,0.0,0.0,114.69444444444444,96.0,0.075,1.0,108,0.0,0,0.0,,,HPA-45-r0,ddos_kill,319
0.0,0.0,0.0,115.63194444444444,105.0,0.075,1.0,115,0.0,0,0.0,,,HPA-45-r0,ddos_kill,320
0.0,0.0,0.0,116.27083333333333,97.0,0.075,1.0,110,0.0,0,0.0,,,HPA-45-r0,ddos_kill,321
30.0,0.40426184925064224,0.0,110.29305555555555,90.0,0.075,0.05877969581067095,79,30.0,0,0.0,,,HPA-45-r0,ddos_kill,322
5.0,0.008275668294233096,0.0,109.85,88.0,0.075,0.9418133849532537,113,5.0,0,0.0,,,HPA-45-r0,ddos_kill,323
0.0,0.0,0.0,111.26527777777778,88.0,0.075,1.0,89,0.0,0,0.0,,,HPA-45-r0,ddos_kill,324
0.0,0.0,0.0,114.26944444444445,100.0,0.075,1.0,103,0.0,0,0.0,,,HPA-45-r0,ddos_kill,325
0.0,0.0,0.0,113.78194444444445,101.0,0.075,1.0,107,0.0,0,0.0,,,HPA-45-r0,ddos_kill,326
0.0,0.0,0.0,108.15138888888889,76.0,0.075,1.0,78,0.0,0,0.0,,,HPA-45-r0,ddos_kill,327
0.0,0.0,0.0,111.37777777777778,85.0,0.075,1.0,86,0.0,0,0.0,,,HPA-45-r0,ddos_kill,328
0.0,0.0,0.0,106.64861111111111,80.0,0.075,1.0,102,0.0,0,0.0,,,HPA-45-r0,ddos_kill,329
0.0,0.0005988458095629312,0.0,110.86527777777778,88.0,0.075,0.994262241935319,90,0.0,0,0.0,,,HPA-45-r0,ddos_kill,330
0.0,0.0,0.0,109.92222222222222,83.0,0.075,1.0,84,0.0,0,0.0,,,HPA-45-r0,ddos_kill,331
0.0,0.0,0.0,113.72222222222223,101.0,0.075,1.0,106,0.0,0,0.0,,,HPA-45-r0,ddos_kill,332
5.0,0.0037721170052740227,0.0,113.10833333333333,93.0,0.075,0.9428619024701868,89,5.0,0,0.0,,,HPA-45-r0,ddos_kill,333
0.0,0.0,0.0,113.34722222222223,96.0,0.075,1.0,97,0.0,0,0.0,,,HPA-45-r0,ddos_kill,334
0.0,0.0,0.0,113.04444444444445,96.0,0.075,1.0,108,0.0,0,0.0,,,HPA-45-r0,ddos_kill,335
0.0,0.002684863734725429,0.0,113.10138888888889,96.0,0.075,0.9829336556207694,89,0.0,0,0.0,,,HPA-45-r0,ddos_kill,336
0.0,0.0,0.0,113.25833333333334,91.0,0.075,1.0,89,0.0,0,0.0,,,HPA-45-r0,ddos_kill,337
0.0,0.0,0.0,113.94166666666666,105.0,0.075,1.0,106,0.0,0,0.0,,,HPA-45-r0,ddos_kill,338
0.0,0.0,0.0,115.33611111111111,95.0,0.075,1.0,90,0.0,0,0.0,,,HPA-45-r0,ddos_kill,339
0.0,0.0,0.0,135.19722222222222,111.0,0.075,1.0,110,0.0,0,0.0,,,PredHPA-r0,ddos_kill,300
0.0,0.0,0.0,130.98333333333332,102.0,0.075,1.0,100,0.0,0,0.0,,,PredHPA-r0,ddos_kill,301
20.0,0.40252591451193087,0.0,133.35694444444445,94.0,0.075,0.05592591871906104,101,20.0,0,0.0,,,PredHPA-r0,ddos_kill,302
0.0,0.0,0.0,126.975,91.0,0.075,1.0,85,0.0,0,0.0,,,PredHPA-r0,ddos_kill,303
0.0,0.0,0.0,136.80694444444444,94.0,0.075,1.0,99,0.0,0,0.0,,,PredHPA-r0,ddos_kill,304
0.0,0.0,0.0,137.68333333333334,98.0,0.075,1.0,107,0.0,0,0.0,,,PredHPA-r0,ddos_kill,305
0.0,0.0,0.0,130.2486111111111,104.0,0.075,1.0,119,0.0,0,0.0,,,PredHPA-r0,ddos_kill,306
0.0,0.0,0.0,125.42777777777778,91.0,0.075,1.0,96,0.0,0,0.0,,,PredHPA-r0,ddos_kill,307
0.0,0.0,0.0,143.39583333333334,118.0,0.075,1.0,118,0.0,0,0.0,,,PredHPA-r0,ddos_kill,308
0.0,0.0,0.0,126.85833333333333,87.0,0.075,1.0,83,0.0,0,0.0,,,PredHPA-r0,ddos_kill,309
0.0,0.0,0.0,137.16805555555555,89.0,0.075,1.0,91,0.0,0,0.0,,,PredHPA-r0,ddos_kill,310
0.0,0.0,0.0,137.55416666666667,94.0,0.075,1.0,103,0.0,0,0.0,,,PredHPA-r0,ddos_kill,311
0.0,0.0,0.0,130.92777777777778,101.0,0.075,1.0,116,0.0,0,0.0,,,PredHPA-r0,ddos_kill,312
0.0,0.0,0.0,129.27083333333334,94.0,0.075,1.0,94,0.0,0,0.0,,,PredHPA-r0,ddos_kill,313
0.0,0.0,0.0,141.96527777777777,120.0,0.075,1.0,125,0.0,0,0.0,,,PredHPA-r0,ddos_kill,314
0.0,0.0,0.0,132.51805555555555,99.0,0.075,1.0,86,0.0,0,0.0,,,PredHPA-r0,ddos_kill,315
0.0,0.0,0.0,135.55138888888888,89.0,0.075,1.0,100,0.0,0,0.0,,,PredHPA-r0,ddos_kill,316
0.0,0.0,0.0,137.46944444444443,93.0,0.075,1.0,109,0.0,0,0.0,,,PredHPA-r0,ddos_kill,317
0.0,0.0,0.0,137.01805555555555,102.0,0.075,1.0,134,0.0,0,0.0,,,PredHPA-r0,ddos_kill,318
0.0,0.0,0.0,131.85833333333332,100.0,0.075,1.0,100,0.0,0,0.0,,,PredHPA-r0,ddos_kill,319
0.0,0.0,0.0,148.05277777777778,120.0,0.075,1.0,123,0.0,0,0.0,,,PredHPA-r0,ddos_kill,320
0.0,0.0,0.0,129.7125,92.0,0.075,1.0,86,0.0,0,0.0,,,PredHPA-r0,ddos_kill,321
0.0,0.0,0.0,135.49305555555554,89.0,0.075,1.0,91,0.0,0,0.0,,,PredHPA-r0,ddos_kill,322
0.0,0.0,0.0,137.4875,96.0,0.075,1.0,108,0.0,0,0.0,,,PredHPA-r0,ddos_kill,323
0.0,0.0,0.0,132.84722222222223,100.0,0.075,1.0,128,0.0,0,0.0,,,PredHPA-r0,ddos_kill,324
0.0,0.0,0.0,129.56944444444446,95.0,0.075,1.0,91,0.0,0,0.0,,,PredHPA-r0,ddos_kill,325
0.0,0.0,0.0,142.23611111111111,120.0,0.075,1.0,123,0.0,0,0.0,,,PredHPA-r0,ddos_kill,326
0.0,0.0,0.0,128.275,95.0,0.075,1.0,83,0.0,0,0.0,,,PredHPA-r0,ddos_kill,327
0.0,0.0,0.0,136.225,91.0,0.075,1.0,105,0.0,0,0.0,,,PredHPA-r0,ddos_kill,328
0.0,0.0,0.0,137.01944444444445,96.0,0.075,1.0,114,0.0,0,0.0,,,PredHPA-r0,ddos_kill,329
0.0,0.0005988458095629312,0.0,132.85972222222222,97.0,0.075,0.994262241935319,133,0.0,0,0.0,,,PredHPA-r0,ddos_kill,330
0.0,0.0,0.0,126.525,88.0,0.075,1.0,95,0.0,0,0.0,,,PredHPA-r0,ddos_kill,331
0.0,0.0,0.0,139.4125,116.0,0.075,1.0,118,0.0,0,0.0,,,PredHPA-r0,ddos_kill,332
0.0,0.0,0.0,126.77777777777777,85.0,0.075,1.0,93,0.0,0,0.0,,,PredHPA-r0,ddos_kill,333
0.0,0.0,0.0,137.40416666666667,94.0,0.075,1.0,110,0.0,0,0.0,,,PredHPA-r0,ddos_kill,334
0.0,0.0,0.0,139.46527777777777,95.0,0.075,1.0,111,0.0,0,0.0,,,PredHPA-r0,ddos_kill,335
0.0,0.002684863734725429,0.0,132.8736111111111,99.0,0.075,0.9829336556207694,115,0.0,0,0.0,,,PredHPA-r0,ddos_kill,336
0.0,0.0,0.0,129.5125,94.0,0.075,1.0,93,0.0,0,0.0,,,PredHPA-r0,ddos_kill,337
0.0,0.0,0.0,138.025,119.0,0.075,1.0,124,0.0,0,0.0,,,PredHPA-r0,ddos_kill,338
0.0,0.0,0.0,127.1875,82.0,0.075,1.0,80,0.0,0,0.0,,,PredHPA-r0,ddos_kill,339
0.0,0.0,0.0,135.51527777777778,111.0,0.075,1.0,110,0.0,0,0.0,,,PredHPA-r1,ddos_kill,300
0.0,0.0,0.0,130.98333333333332,102.0,0.075,1.0,100,0.0,0,0.0,,,PredHPA-r1,ddos_kill,301
30.0,0.47159122763986705,0.0,137.34027777777777,107.0,0.075,0.04713122581859086,111,30.0,0,0.0,,,PredHPA-r1,ddos_kill,302
0.0,0.0,0.0,126.975,91.0,0.075,1.0,85,0.0,0,0.0,,,PredHPA-r1,ddos_kill,303
0.0,0.0,0.0,136.80694444444444,94.0,0.075,1.0,99,0.0,0,0.0,,,PredHPA-r1,ddos_kill,304
0.0,0.0,0.0,138.17222222222222,97.0,0.075,1.0,113,0.0,0,0.0,,,PredHPA-r1,ddos_kill,305
0.0,0.0,0.0,132.3111111111111,103.0,0.075,1.0,123,0.0,0,0.0,,,PredHPA-r1,ddos_kill,306
0.0,0.0,0.0,125.42777777777778,91.0,0.075,1.0,96,0.0,0,0.0,,,PredHPA-r1,ddos_kill,307
0.0,0.0,0.0,143.39583333333334,118.0,0.075,1.0,118,0.0,0,0.0,,,PredHPA-r1,ddos_kill,308
0.0,0.0,0.0,126.85833333333333,87.0,0.075,1.0,83,0.0,0,0.0,,,PredHPA-r1,ddos_kill,309
0.0,0.0,0.0,137.16805555555555,89.0,0.075,1.0,91,0.0,0,0.0,,,PredHPA-r1,ddos_kill,310
0.0,0.0,0.0,138.6125,95.0,0.075,1.0,107,0.0,0,0.0,,,PredHPA-r1,ddos_kill,311
0.0,0.0,0.0,133.2375,101.0,0.075,1.0,121,0.0,0,0.0,,,PredHPA-r1,ddos_kill,312
0.0,0.0,0.0,129.27083333333334,94.0,0.075,1.0,94,0.0,0,0.0,,,PredHPA-r1,ddos_kill,313
0.0,0.0,0.0,141.96527777777777,120.0,0.075,1.0,125,0.0,0,0.0,,,PredHPA-r1,ddos_kill,314
0.0,0.0,0.0,132.51805555555555,99.0,0.075,1.0,86,0.0,0,0.0,,,PredHPA-r1,ddos_kill,315
0.0,0.0,0.0,135.55138888888888,89.0,0.075,1.0,100,0.0,0,0.0,,,PredHPA-r1,ddos_kill,316
0.0,0.0,0.0,139.1236111111111,94.0,0.075,1.0,111,0.0,0,0.0,,,PredHPA-r1,ddos_kill,317
0.0,0.0,0.0,137.49305555555554,102.0,0.075,1.0,128,0.0,0,0.0,,,PredHPA-r1,ddos_kill,318
0.0,0.0,0.0,131.85833333333332,100.0,0.075,1.0,100,0.0,0,0.0,,,PredHPA-r1,ddos_kill,319
0.0,0.0,0.0,148.05277777777778,120.0,0.075,1.0,123,0.0,0,0.0,,,PredHPA-r1,ddos_kill,320
0.0,0.0,0.0,129.7125,92.0,0.075,1.0,86,0.0,0,0.0,,,PredHPA-r1,ddos_kill,321
0.0,0.0,0.0,135.49305555555554,89.0,0.075,1.0,91,0.0,0,0.0,,,PredHPA-r1,ddos_kill,322
0.0,0.0,0.0,138.25972222222222,95.0,0.075,1.0,110,0.0,0,0.0,,,PredHPA-r1,ddos_kill,323
0.0,0.0,0.0,134.71805555555557,100.0,0.075,1.0,133,0.0,0,0.0,,,PredHPA-r1,ddos_kill,324
0.0,0.0,0.0,129.56944444444446,95.0,0.075,1.0,92,0.0,0,0.0,,,PredHPA-r1,ddos_kill,325
0.0,0.0,0.0,142.23611111111111,120.0,0.075,1.0,123,0.0,0,0.0,,,PredHPA-r1,ddos_kill,326
0.0,0.0,0.0,128.275,95.0,0.075,1.0,83,0.0,0,0.0,,,PredHPA-r1,ddos_kill,327
0.0,0.0,0.0,136.225,91.0,0.075,1.0,105,0.0,0,0.0,,,PredHPA-r1,ddos_kill,328
0.0,0.0,0.0,138.00555555555556,96.0,0.075,1.0,125,0.0,0,0.0,,,PredHPA-r1,ddos_kill,329
0.0,0.0005988458095629312,0.0,132.14305555555555,97.0,0.075,0.994262241935319,137,0.0,0,0.0,,,PredHPA-r1,ddos_kill,330
0.0,0.0,0.0,126.525,88.0,0.075,1.0,95,0.0,0,0.0,,,PredHPA-r1,ddos_kill,331
0.0,0.0,0.0,139.4125,116.0,0.075,1.0,118,0.0,0,0.0,,,PredHPA-r1,ddos_kill,332
0.0,0.0,0.0,126.77777777777777,85.0,0.075,1.0,93,0.0,0,0.0,,,PredHPA-r1,ddos_kill,333
0.0,0.0,0.0,137.40416666666667,94.0,0.075,1.0,110,0.0,0,0.0,,,PredHPA-r1,ddos_kill,334
5.0,0.012789468427842898,0.0,142.0402777777778,95.0,0.075,0.9322424244140672,112,5.0,0,0.0,,,PredHPA-r1,ddos_kill,335
0.0,0.002684863734725429,0.0,135.45416666666668,101.0,0.075,0.9829336556207694,124,0.0,0,0.0,,,PredHPA-r1,ddos_kill,336
0.0,0.0,0.0,129.5125,94.0,0.075,1.0,94,0.0,0,0.0,,,PredHPA-r1,ddos_kill,337
0.0,0.0,0.0,138.025,119.0,0.075,1.0,124,0.0,0,0.0,,,PredHPA-r1,ddos_kill,338
0.0,0.0,0.0,127.1875,82.0,0.075,1.0,80,0.0,0,0.0,,,PredHPA-r1,ddos_kill,339
0.0,0.49944784263571407,0.49944784263572345,106.2125,85.0,0.075,0.9699999999999999,879,0.0,10,0.0,5.0,,ARC,ddos_kill,300
0.0,0.4062573005328751,0.40625730053287207,98.90416666666667,92.0,0.075,0.9699999999999999,790,0.0,10,0.0,5.0,,ARC,ddos_kill,301
30.0,0.9239272134728749,0.39916916090497967,109.95555555555555,100.0,0.075,0.04545966272038187,921,25.0,10,0.0,10.0,,ARC,ddos_kill,302
0.0,0.3312203726666074,0.33122037266661963,96.67083333333333,80.0,0.075,0.9699999999999999,778,0.0,10,0.0,5.0,,ARC,ddos_kill,303
0.0,0.4440593014178762,0.44405930141787747,115.15,105.0,0.075,0.9699999999999999,813,0.0,10,0.0,10.0,,ARC,ddos_kill,304
15.0,0.4275320364091617,0.355418081348755,103.09444444444445,108.0,0.075,0.8641657074670479,900,0.0,10,0.0,15.0,,ARC,ddos_kill,305
0.0,0.4895763543630971,0.4895763543631072,101.43333333333334,81.0,0.075,0.9699999999999999,796,0.0,10,0.0,10.0,,ARC,ddos_kill,306
0.0,0.37271959293752044,0.3727195929375181,95.62777777777778,90.0,0.075,0.9699999999999999,780,0.0,10,0.0,5.0,,ARC,ddos_kill,307
15.0,0.4577235442103311,0.4102958735379527,108.58055555555555,101.0,0.075,0.8307430913401098,916,2.5,10,0.0,5.0,,ARC,ddos_kill,308
30.0,0.5485022080393365,0.3137203579458619,93.4375,75.0,0.075,0.10419627412080329,703,30.0,10,0.0,5.0,,ARC,ddos_kill,309
25.0,0.5063734279139975,0.39664452937311423,101.38055555555556,94.0,0.075,0.5943544337976719,787,0.0,10,0.0,10.0,,ARC,ddos_kill,310
15.0,0.4623559933224497,0.3931207155025446,104.82083333333334,99.0,0.075,0.8588101244488034,962,0.0,9,0.0,5.0,,ARC,ddos_kill,311
0.0,0.4986710965350527,0.498671096535051,100.89861111111111,85.0,0.075,0.9699999999999999,863,0.0,10,0.0,5.0,,ARC,ddos_kill,312
0.0,0.3974858050472263,0.39748580504722336,95.39166666666667,85.0,0.075,0.9699999999999999,782,0.0,10,0.0,5.0,,ARC,ddos_kill,313
40.0,0.749048324650281,0.39515716469987733,102.82777777777778,104.0,0.075,0.21563166509546994,879,0.0,10,0.0,5.0,,ARC,ddos_kill,314
0.0,0.38241823932755326,0.38241823932756597,101.94444444444444,87.0,0.075,0.9699999999999999,790,0.0,10,0.0,5.0,,ARC,ddos_kill,315
20.0,0.5114076372059295,0.4436018802381215,111.70833333333333,104.0,0.075,0.8352684652746485,834,0.0,10,0.0,5.0,,ARC,ddos_kill,316
15.0,0.5469276530079781,0.39370889088209454,101.68472222222222,100.0,0.075,0.5196662871315737,917,0.0,9,0.0,5.0,,ARC,ddos_kill,317
0.0,0.47645062004786354,0.4764506200478702,107.25833333333334,92.0,0.075,0.9699999999999999,844,0.0,10,0.0,5.0,,ARC,ddos_kill,318
0.0,0.4593359090903637,0.45933590909036087,101.16111111111111,91.0,0.075,0.9699999999999999,823,0.0,10,0.0,5.0,,ARC,ddos_kill,319
60.0,1.2948699963114763,0.41058882801838553,107.68888888888888,108.0,0.075,0.02658772040272008,907,5.0,10,0.0,5.0,,ARC,ddos_kill,320
0.0,0.38680808239475173,0.38680808239474596,101.19722222222222,81.0,0.075,0.9699999999999999,744,0.0,10,0.0,5.0,,ARC,ddos_kill,321
10.0,0.5348643424187394,0.425092183375453,106.19583333333334,96.0,0.075,0.41913338577268267,773,0.0,10,0.0,5.0,,ARC,ddos_kill,322
10.0,0.4929481933233504,0.4587235845291879,107.08333333333333,115.0,0.075,0.9055335099538582,938,0.0,9,0.0,5.0,,ARC,ddos_kill,323
0.0,0.4833892676157636,0.4833892676157743,107.65833333333333,90.0,0.075,0.9699999999999999,900,0.0,10,0.0,5.0,,ARC,ddos_kill,324
0.0,0.4571738050796359,0.4571738050796391,95.91111111111111,82.0,0.075,0.9699999999999999,794,0.0,10,0.0,5.0,,ARC,ddos_kill,325
5.0,0.42672692363713294,0.410498559387064,107.45,100.0,0.075,0.9216952159824378,873,0.0,10,0.0,5.0,,ARC,ddos_kill,326
0.0,0.3128732279468083,0.3128732279468018,103.79444444444445,84.0,0.075,0.9699999999999999,826,0.0,10,0.0,5.0,,ARC,ddos_kill,327
0.0,0.39192579270665995,0.3919257927066558,105.52361111111111,99.0,0.075,0.9699999999999999,832,0.0,10,0.0,5.0,,ARC,ddos_kill,328
15.0,0.5495934533757185,0.39652927960423906,110.03055555555555,115.0,0.075,0.10169357415267101,977,15.0,9,0.0,10.0,,ARC,ddos_kill,329
0.0,0.4551263856728216,0.455126385672822,108.33611111111111,85.0,0.075,0.9699999999999999,891,0.0,10,0.0,5.0,,ARC,ddos_kill,330
0.0,0.3873092342803086,0.3873092342803033,95.87222222222222,89.0,0.075,0.9699999999999999,780,0.0,10,0.0,5.0,,ARC,ddos_kill,331
15.0,0.5119667844097786,0.3914122540078058,105.40833333333333,98.0,0.075,0.6182173665110556,856,0.0,10,0.0,10.0,,ARC,ddos_kill,332
0.0,0.3581951269222783,0.3581951269222923,101.31666666666666,89.0,0.075,0.9699999999999999,744,0.0,10,0.0,5.0,,ARC,ddos_kill,333
10.0,0.42246349510336456,0.3918364407911456,100.81666666666666,93.0,0.075,0.8890990322508973,820,0.0,10,0.0,5.0,,ARC,ddos_kill,334
5.0,0.46254407871701986,0.44532114008121315,106.34305555555555,111.0,0.075,0.9242236667366249,975,0.0,9,0.0,10.0,,ARC,ddos_kill,335
0.0,0.49957021117461586,0.49957021117462197,103.78333333333333,86.0,0.075,0.9699999999999999,880,0.0,9,0.0,10.0,,ARC,ddos_kill,336
0.0,0.4030637436469031,0.40306374364689607,100.35,93.0,0.075,0.9699999999999999,768,0.0,10,0.0,5.0,,ARC,ddos_kill,337
20.0,0.5174677397776994,0.40153803288465495,101.33194444444445,96.0,0.075,0.6907682049408405,849,0.0,9,0.0,5.0,,ARC,ddos_kill,338
0.0,0.3547032952765705,0.35470329527656386,92.55555555555556,75.0,0.075,0.9699999999999999,744,0.0,10,0.0,5.0,,ARC,ddos_kill,339
0.0,0.49944784263571407,0.49944784263572345,106.2125,85.0,0.075,0.9699999999999999,879,0.0,10,0.0,5.0,,ARC-r0,ddos_kill,300
0.0,0.4062573005328751,0.40625730053287207,98.90416666666667,92.0,0.075,0.9699999999999999,790,0.0,10,0.0,5.0,,ARC-r0,ddos_kill,301
30.0,0.9171832080014042,0.39916916090497967,109.95555555555555,100.0,0.075,0.04545966272038187,921,25.0,10,0.0,10.0,,ARC-r0,ddos_kill,302
0.0,0.3312203726666074,0.33122037266661963,96.67083333333333,80.0,0.075,0.9699999999999999,778,0.0,10,0.0,5.0,,ARC-r0,ddos_kill,303
0.0,0.4440593014178762,0.44405930141787747,115.15,105.0,0.075,0.9699999999999999,813,0.0,10,0.0,10.0,,ARC-r0,ddos_kill,304
15.0,0.4275320364091617,0.355418081348755,103.09444444444445,108.0,0.075,0.8641657074670479,900,0.0,10,0.0,15.0,,ARC-r0,ddos_kill,305
0.0,0.4895763543630971,0.4895763543631072,100.55416666666666,80.0,0.075,0.9699999999999999,808,0.0,10,0.0,10.0,,ARC-r0,ddos_kill,306
0.0,0.37271959293752044,0.3727195929375181,95.62777777777778,90.0,0.075,0.9699999999999999,780,0.0,10,0.0,5.0,,ARC-r0,ddos_kill,307
15.0,0.4577235442103311,0.4102958735379527,108.58055555555555,101.0,0.075,0.8307430913401098,916,2.5,10,0.0,5.0,,ARC-r0,ddos_kill,308
20.0,0.3657119938839881,0.3159568974442603,92.55694444444444,73.0,0.075,0.7018451132605232,696,20.0,10,0.0,5.0,,ARC-r0,ddos_kill,309
25.0,0.5063734279139975,0.39664452937311423,101.38055555555556,94.0,0.075,0.5943544337976719,787,0.0,10,0.0,10.0,,ARC-r0,ddos_kill,310
10.0,0.44933118625754,0.3931207155025446,104.82083333333334,99.0,0.075,0.8588101244488034,962,0.0,9,0.0,5.0,,ARC-r0,ddos_kill,311
0.0,0.4986710965350527,0.498671096535051,100.89861111111111,85.0,0.075,0.9699999999999999,863,0.0,10,0.0,5.0,,ARC-r0,ddos_kill,312
0.0,0.3974858050472263,0.39748580504722336,95.39166666666667,85.0,0.075,0.9699999999999999,782,0.0,10,0.0,5.0,,ARC-r0,ddos_kill,313
25.0,0.6037025988353095,0.39515716469987733,102.90416666666667,104.0,0.075,0.43773571507184345,880,0.0,10,0.0,5.0,,ARC-r0,ddos_kill,314
0.0,0.38241823932755326,0.38241823932756597,101.94444444444444,87.0,0.075,0.9699999999999999,790,0.0,10,0.0,5.0,,ARC-r0,ddos_kill,315
10.0,0.4866537172939167,0.4436018802381215,111.70555555555555,104.0,0.075,0.8352684652746485,834,0.0,10,0.0,5.0,,ARC-r0,ddos_kill,316
15.0,0.4709607334929755,0.39370889088209454,101.68194444444444,100.0,0.075,0.8421818113171683,917,0.0,9,0.0,5.0,,ARC-r0,ddos_kill,317
0.0,0.47645062004786354,0.4764506200478702,107.25833333333334,92.0,0.075,0.9699999999999999,844,0.0,10,0.0,5.0,,ARC-r0,ddos_kill,318
0.0,0.4593359090903637,0.45933590909036087,101.16111111111111,91.0,0.075,0.9699999999999999,823,0.0,10,0.0,5.0,,ARC-r0,ddos_kill,319
55.0,1.004271850901839,0.41058882801838553,107.19027777777778,101.0,0.075,0.054537774800490074,907,5.0,10,0.0,5.0,,ARC-r0,ddos_kill,320
0.0,0.38680808239475173,0.38680808239474596,101.19722222222222,81.0,0.075,0.9699999999999999,744,0.0,10,0.0,5.0,,ARC-r0,ddos_kill,321
10.0,0.4855360906711459,0.4269963677587513,103.725,94.0,0.075,0.7400678943339628,769,0.0,9,0.0,5.0,,ARC-r0,ddos_kill,322
5.0,0.48124244186624754,0.4587235845291879,107.08333333333333,115.0,0.075,0.9403456134316954,938,0.0,9,0.0,5.0,,ARC-r0,ddos_kill,323
0.0,0.4833892676157636,0.4833892676157743,105.80416666666666,86.0,0.075,0.9699999999999999,898,0.0,10,0.0,5.0,,ARC-r0,ddos_kill,324
0.0,0.4571738050796359,0.4571738050796391,95.91111111111111,82.0,0.075,0.9699999999999999,794,0.0,10,0.0,5.0,,ARC-r0,ddos_kill,325
0.0,0.4205936981724778,0.410498559387064,107.45,100.0,0.075,0.9611463071537836,873,0.0,10,0.0,5.0,,ARC-r0,ddos_kill,326
0.0,0.3128732279468083,0.3128732279468018,103.79444444444445,84.0,0.075,0.9699999999999999,826,0.0,10,0.0,5.0,,ARC-r0,ddos_kill,327
0.0,0.39192579270665995,0.3919257927066558,105.52361111111111,99.0,0.075,0.9699999999999999,832,0.0,10,0.0,5.0,,ARC-r0,ddos_kill,328
20.0,0.4637794411130658,0.39652927960423906,109.27638888888889,115.0,0.075,0.7657210313220273,952,15.0,9,0.0,10.0,,ARC-r0,ddos_kill,329
0.0,0.4551263856728216,0.455126385672822,108.33611111111111,85.0,0.075,0.9699999999999999,891,0.0,10,0.0,5.0,,ARC-r0,ddos_kill,330
0.0,0.3873092342803086,0.3873092342803033,95.87222222222222,89.0,0.075,0.9699999999999999,780,0.0,10,0.0,5.0,,ARC-r0,ddos_kill,331
15.0,0.5067638479030356,0.3914122540078058,105.40833333333333,98.0,0.075,0.6182173665110556,856,0.0,10,0.0,10.0,,ARC-r0,ddos_kill,332
0.0,0.3581951269222783,0.3581951269222923,101.31666666666666,89.0,0.075,0.9699999999999999,744,0.0,10,0.0,5.0,,ARC-r0,ddos_kill,333
10.0,0.4180550452879572,0.3918364407911456,100.81666666666666,93.0,0.075,0.8890990322508973,820,0.0,10,0.0,5.0,,ARC-r0,ddos_kill,334
5.0,0.46254407871701986,0.44532114008121315,106.34305555555555,111.0,0.075,0.9242236667366249,975,0.0,9,0.0,10.0,,ARC-r0,ddos_kill,335
0.0,0.49957021117461586,0.49957021117462197,103.78333333333333,86.0,0.075,0.9699999999999999,880,0.0,9,0.0,10.0,,ARC-r0,ddos_kill,336
0.0,0.4030637436469031,0.40306374364689607,100.35,93.0,0.075,0.9699999999999999,768,0.0,10,0.0,5.0,,ARC-r0,ddos_kill,337
20.0,0.5230825088488156,0.40153803288465495,101.41666666666667,100.0,0.075,0.6907682049408405,841,0.0,9,0.0,5.0,,ARC-r0,ddos_kill,338
0.0,0.3547032952765705,0.35470329527656386,92.55555555555556,75.0,0.075,0.9699999999999999,744,0.0,10,0.0,5.0,,ARC-r0,ddos_kill,339
0.0,0.49944784263571407,0.49944784263572345,106.2125,85.0,0.075,0.9699999999999999,879,0.0,10,0.0,5.0,,ARC-r1,ddos_kill,300
0.0,0.4062573005328751,0.40625730053287207,98.90416666666667,92.0,0.075,0.9699999999999999,790,0.0,10,0.0,5.0,,ARC-r1,ddos_kill,301
30.0,0.9235624996040803,0.39916916090497967,109.95555555555555,100.0,0.075,0.04545966272038187,921,25.0,10,0.0,10.0,,ARC-r1,ddos_kill,302
0.0,0.3312203726666074,0.33122037266661963,96.67083333333333,80.0,0.075,0.9699999999999999,778,0.0,10,0.0,5.0,,ARC-r1,ddos_kill,303
0.0,0.4440593014178762,0.44405930141787747,115.15,105.0,0.075,0.9699999999999999,813,0.0,10,0.0,10.0,,ARC-r1,ddos_kill,304
15.0,0.4275320364091617,0.355418081348755,103.09444444444445,108.0,0.075,0.8641657074670479,900,0.0,10,0.0,15.0,,ARC-r1,ddos_kill,305
0.0,0.4895763543630971,0.4895763543631072,101.43333333333334,81.0,0.075,0.9699999999999999,796,0.0,10,0.0,10.0,,ARC-r1,ddos_kill,306
0.0,0.37271959293752044,0.3727195929375181,95.62777777777778,90.0,0.075,0.9699999999999999,780,0.0,10,0.0,5.0,,ARC-r1,ddos_kill,307
15.0,0.4577235442103311,0.4102958735379527,108.58055555555555,101.0,0.075,0.8307430913401098,916,2.5,10,0.0,5.0,,ARC-r1,ddos_kill,308
30.0,0.5377883990011267,0.3137203579458619,93.4375,75.0,0.075,0.05566939376384371,703,30.0,10,0.0,5.0,,ARC-r1,ddos_kill,309
25.0,0.5063734279139975,0.39664452937311423,101.38055555555556,94.0,0.075,0.5943544337976719,787,0.0,10,0.0,10.0,,ARC-r1,ddos_kill,310
15.0,0.46141421590224496,0.3931207155025446,104.82083333333334,99.0,0.075,0.8588101244488034,962,0.0,9,0.0,5.0,,ARC-r1,ddos_kill,311
0.0,0.4986710965350527,0.498671096535051,100.89861111111111,85.0,0.075,0.9699999999999999,863,0.0,10,0.0,5.0,,ARC-r1,ddos_kill,312
0.0,0.3974858050472263,0.39748580504722336,95.39166666666667,85.0,0.075,0.9699999999999999,782,0.0,10,0.0,5.0,,ARC-r1,ddos_kill,313
40.0,0.7275652181766845,0.39515716469987733,102.82777777777778,104.0,0.075,0.22677026491609045,879,0.0,10,0.0,5.0,,ARC-r1,ddos_kill,314
0.0,0.38241823932755326,0.38241823932756597,101.94444444444444,87.0,0.075,0.9699999999999999,790,0.0,10,0.0,5.0,,ARC-r1,ddos_kill,315
20.0,0.5080070410870108,0.4436018802381215,111.70833333333333,104.0,0.075,0.8352684652746485,834,0.0,10,0.0,5.0,,ARC-r1,ddos_kill,316
15.0,0.541705248234392,0.39370889088209454,101.68472222222222,100.0,0.075,0.5418378668641207,917,0.0,9,0.0,5.0,,ARC-r1,ddos_kill,317
0.0,0.47645062004786354,0.4764506200478702,107.25833333333334,92.0,0.075,0.9699999999999999,844,0.0,10,0.0,5.0,,ARC-r1,ddos_kill,318
0.0,0.4593359090903637,0.45933590909036087,101.16111111111111,91.0,0.075,0.9699999999999999,823,0.0,10,0.0,5.0,,ARC-r1,ddos_kill,319
60.0,1.281142882573405,0.41058882801838553,107.68888888888888,108.0,0.075,0.034227768781637184,907,5.0,10,0.0,5.0,,ARC-r1,ddos_kill,320
0.0,0.38680808239475173,0.38680808239474596,101.19722222222222,81.0,0.075,0.9699999999999999,744,0.0,10,0.0,5.0,,ARC-r1,ddos_kill,321
10.0,0.532090994981882,0.425092183375453,106.19583333333334,96.0,0.075,0.4357965443998005,773,0.0,10,0.0,5.0,,ARC-r1,ddos_kill,322
10.0,0.49285312829042693,0.4587235845291879,107.08333333333333,115.0,0.075,0.9059804179225653,938,0.0,9,0.0,5.0,,ARC-r1,ddos_kill,323
0.0,0.4833892676157636,0.4833892676157743,107.65833333333333,90.0,0.075,0.9699999999999999,900,0.0,10,0.0,5.0,,ARC-r1,ddos_kill,324
0.0,0.4571738050796359,0.4571738050796391,95.91111111111111,82.0,0.075,0.9699999999999999,794,0.0,10,0.0,5.0,,ARC-r1,ddos_kill,325
5.0,0.4261002136149439,0.410498559387064,107.45,100.0,0.075,0.9227410205683884,873,0.0,10,0.0,5.0,,ARC-r1,ddos_kill,326
0.0,0.3128732279468083,0.3128732279468018,103.79444444444445,84.0,0.075,0.9699999999999999,826,0.0,10,0.0,5.0,,ARC-r1,ddos_kill,327
0.0,0.39192579270665995,0.3919257927066558,105.52361111111111,99.0,0.075,0.9699999999999999,832,0.0,10,0.0,5.0,,ARC-r1,ddos_kill,328
15.0,0.5466323154322272,0.39652927960423906,110.03055555555555,115.0,0.075,0.11155915363121664,977,15.0,9,0.0,10.0,,ARC-r1,ddos_kill,329
0.0,0.4551263856728216,0.455126385672822,108.33611111111111,85.0,0.075,0.9699999999999999,891,0.0,10,0.0,5.0,,ARC-r1,ddos_kill,330
0.0,0.3873092342803086,0.3873092342803033,95.87222222222222,89.0,0.075,0.9699999999999999,780,0.0,10,0.0,5.0,,ARC-r1,ddos_kill,331
15.0,0.5116795680334296,0.3914122540078058,105.40833333333333,98.0,0.075,0.6182173665110556,856,0.0,10,0.0,10.0,,ARC-r1,ddos_kill,332
0.0,0.3581951269222783,0.3581951269222923,101.31666666666666,89.0,0.075,0.9699999999999999,744,0.0,10,0.0,5.0,,ARC-r1,ddos_kill,333
10.0,0.4222428085629115,0.3918364407911456,100.81666666666666,93.0,0.075,0.8890990322508973,820,0.0,10,0.0,5.0,,ARC-r1,ddos_kill,334
5.0,0.46254407871701986,0.44532114008121315,106.34305555555555,111.0,0.075,0.9242236667366249,975,0.0,9,0.0,10.0,,ARC-r1,ddos_kill,335
0.0,0.49957021117461586,0.49957021117462197,103.78333333333333,86.0,0.075,0.9699999999999999,880,0.0,9,0.0,10.0,,ARC-r1,ddos_kill,336
0.0,0.4030637436469031,0.40306374364689607,100.35,93.0,0.075,0.9699999999999999,768,0.0,10,0.0,5.0,,ARC-r1,ddos_kill,337
20.0,0.5158343664314224,0.40153803288465495,101.3625,96.0,0.075,0.6907682049408405,850,0.0,9,0.0,5.0,,ARC-r1,ddos_kill,338
0.0,0.3547032952765705,0.35470329527656386,92.55555555555556,75.0,0.075,0.9699999999999999,744,0.0,10,0.0,5.0,,ARC-r1,ddos_kill,339
855.0,34.74726678136941,0.0,96.16388888888889,92.0,3.0549999999999997,8.813424652212804e-05,94,845.0,0,0.0,,,HPA-r0,poison_flash,300
910.0,27.538404888887648,0.0,89.02361111111111,76.0,3.0549999999999997,0.0071180021412527925,87,150.0,0,0.0,,,HPA-r0,poison_flash,301
665.0,21.76777741948772,0.0,86.79861111111111,68.0,3.053,0.0002689346350947448,75,300.0,0,0.0,,,HPA-r0,poison_flash,302
480.0,12.19017986125791,0.0,86.4486111111111,66.0,2.2082307231534437,0.010285462866845537,86,25.0,0,0.0,,,HPA-r0,poison_flash,303
805.0,26.433421948364554,0.0,92.02916666666667,90.0,3.0549999999999997,0.0045335633336584845,101,15.0,0,0.0,,,HPA-r0,poison_flash,304
530.0,15.493511211449606,0.0,86.64722222222223,69.0,2.4534799807984586,0.0029204100655649003,92,90.0,0,0.0,,,HPA-r0,poison_flash,305
855.0,33.23144565916242,0.0,97.4263888888889,99.0,3.053,8.273602645269969e-05,99,875.0,0,0.0,,,HPA-r0,poison_flash,306
870.0,24.60764368493762,0.0,84.65,63.0,3.0549999999999997,0.009674130776257409,78,145.0,0,0.0,,,HPA-r0,poison_flash,307
635.0,22.595386301665133,0.0,97.38333333333334,100.0,3.0549999999999997,0.003617867431545365,93,295.0,0,0.0,,,HPA-r0,poison_flash,308
310.0,8.2168996464008,0.0,88.6763888888889,71.0,0.075,0.020241848930716594,86,30.0,0,0.0,,,HPA-r0,poison_flash,309
705.0,22.09858867907264,0.0,87.87916666666666,66.0,3.0549999999999997,0.005301503648815512,87,20.0,0,0.0,,,HPA-r0,poison_flash,310
600.0,17.432858590559963,0.0,86.15277777777777,69.0,2.9146985711375426,0.002468298621637635,85,115.0,0,0.0,,,HPA-r0,poison_flash,311
865.0,34.05245640509148,0.0,90.69722222222222,82.0,3.0549999999999997,0.0021845360118281287,84,855.0,0,0.0,,,HPA-r0,poison_flash,312
920.0,27.719779552456615,0.0,90.69444444444444,82.0,3.0549999999999997,0.0002452399945092688,86,225.0,0,0.0,,,HPA-r0,poison_flash,313
600.0,18.79304920811633,0.0,94.92083333333333,100.0,2.6996375399480685,0.004463188485025612,95,5.0,0,0.0,,,HPA-r0,poison_flash,314
750.0,24.02793317341595,0.0,91.81944444444444,81.0,3.0549999999999997,0.007003883883186466,91,650.0,0,0.0,,,HPA-r0,poison_flash,315
820.0,29.3351076239847,0.0,93.79027777777777,89.0,3.0549999999999997,0.001843915402717493,91,120.0,0,0.0,,,HPA-r0,poison_flash,316
600.0,19.17530315375229,0.0,89.225,77.0,3.05,0.001088058403696055,97,140.0,0,0.0,,,HPA-r0,poison_flash,317
785.0,30.118727703544078,0.0,94.16527777777777,88.0,3.053,0.005700766387210743,84,90.0,0,0.0,,,HPA-r0,poison_flash,318
1005.0,34.008518107848786,0.0,92.20555555555555,79.0,3.0549999999999997,8.530070075988228e-05,84,900.0,0,0.0,,,HPA-r0,poison_flash,319
665.0,23.591644104022446,0.0,98.04305555555555,107.0,3.0549999999999997,0.0005302176277491199,101,290.0,0,0.0,,,HPA-r0,poison_flash,320
805.0,25.43075238276077,0.0,93.17916666666666,86.0,3.0549999999999997,0.0027765294177991592,99,650.0,0,0.0,,,HPA-r0,poison_flash,321
740.0,24.64176394984664,0.0,89.67361111111111,77.0,3.0549999999999997,0.005153259386232752,89,60.0,0,0.0,,,HPA-r0,poison_flash,322
765.0,28.260917080998148,0.0,91.24305555555556,83.0,3.053,0.0007786711700889193,105,770.0,0,0.0,,,HPA-r0,poison_flash,323
820.0,32.258639876053095,0.0,93.45138888888889,84.0,3.053,0.0006831517827302423,86,305.0,0,0.0,,,HPA-r0,poison_flash,324
985.0,33.67841554530146,0.0,92.05972222222222,81.0,3.0549999999999997,8.685381439690152e-05,88,875.0,0,0.0,,,HPA-r0,poison_flash,325
610.0,22.19940247484028,0.0,97.33472222222223,104.0,3.0549999999999997,0.00030774565600839713,91,295.0,0,0.0,,,HPA-r0,poison_flash,326
380.0,8.286911009294585,0.0,86.30972222222222,65.0,0.7412518166704543,0.008319424598926092,76,15.0,0,0.0,,,HPA-r0,poison_flash,327
830.0,26.400029561603944,0.0,90.57083333333334,76.0,3.0549999999999997,0.0015741699013475162,80,230.0,0,0.0,,,HPA-r0,poison_flash,328
600.0,19.21884395170852,0.0,87.54583333333333,73.0,3.05,0.017413878817852994,93,10.0,0,0.0,,,HPA-r0,poison_flash,329
785.0,29.397935932771347,0.0,90.89027777777778,82.0,3.053,0.005604932450128609,90,140.0,0,0.0,,,HPA-r0,poison_flash,330
845.0,25.364872485793676,0.0,88.3638888888889,72.0,3.0549999999999997,0.0014614495089646743,79,10.0,0,0.0,,,HPA-r0,poison_flash,331
550.0,17.6933183937493,0.0,93.14583333333333,98.0,2.3910615076495323,0.007227592021383204,90,105.0,0,0.0,,,HPA-r0,poison_flash,332
660.0,20.945332852654662,0.0,90.66527777777777,83.0,3.0549999999999997,0.007789057654498361,96,30.0,0,0.0,,,HPA-r0,poison_flash,333
820.0,24.531453450895558,0.0,90.85972222222222,74.0,3.0549999999999997,0.00024705414730821985,90,100.0,0,0.0,,,HPA-r0,poison_flash,334
850.0,30.381786302379698,0.0,88.86805555555556,80.0,3.0549999999999997,0.000191280377645367,91,695.0,0,0.0,,,HPA-r0,poison_flash,335
805.0,33.75587517870182,0.0,93.1763888888889,84.0,3.053,0.00028553434935491223,81,805.0,0,0.0,,,HPA-r0,poison_flash,336
940.0,28.119398299294375,0.0,91.85833333333333,85.0,3.0549999999999997,0.001674126069334404,99,190.0,0,0.0,,,HPA-r0,poison_flash,337
560.0,18.600154530990554,0.0,99.39305555555555,110.0,2.9899815720052483,0.006832717155021098,96,5.0,0,0.0,,,HPA-r0,poison_flash,338
600.0,19.050001298398122,0.0,93.61944444444444,83.0,3.0549999999999997,0.0056769865440411404,91,85.0,0,0.0,,,HPA-r0,poison_flash,339
1085.0,36.716661627839784,0.0,90.3625,92.0,3.0549999999999997,0.0003301996804242548,216,850.0,0,0.0,,,HPA-fast-r0,poison_flash,300
1215.0,34.48517817693914,0.0,83.51944444444445,67.0,3.0549999999999997,0.005151695717357734,173,1125.0,0,0.0,,,HPA-fast-r0,poison_flash,301
755.0,25.474068317429264,0.0,89.4,79.0,3.053,0.0002918567551124414,235,315.0,0,0.0,,,HPA-fast-r0,poison_flash,302
1115.0,26.83128613818765,0.0,81.65833333333333,62.0,3.0549999999999997,0.0019273294257654138,165,50.0,0,0.0,,,HPA-fast-r0,poison_flash,303
1050.0,32.30454798745773,0.0,88.03472222222223,86.0,3.0549999999999997,0.0035564490364855487,204,15.0,0,0.0,,,HPA-fast-r0,poison_flash,304
955.0,27.44386611264925,0.0,86.52361111111111,71.0,3.0549999999999997,0.0017453705465664826,203,825.0,0,0.0,,,HPA-fast-r0,poison_flash,305
885.0,34.08372319352589,0.0,90.64305555555555,104.0,3.053,0.00023262829114623814,198,860.0,0,0.0,,,HPA-fast-r0,poison_flash,306
1025.0,27.290297992707657,0.0,82.19166666666666,58.0,3.0549999999999997,0.006080722975733151,166,15.0,0,0.0,,,HPA-fast-r0,poison_flash,307
985.0,28.916741716076977,0.0,93.1875,107.0,3.0549999999999997,0.00024513993407859823,265,75.0,0,0.0,,,HPA-fast-r0,poison_flash,308
795.0,19.84763267733982,0.0,84.03333333333333,72.0,3.053,0.017353828177923178,163,35.0,0,0.0,,,HPA-fast-r0,poison_flash,309
1060.0,30.805692370994787,0.0,86.51527777777778,68.0,3.0549999999999997,0.005549549936126562,201,10.0,0,0.0,,,HPA-fast-r0,poison_flash,310
980.0,27.65521050005396,0.0,87.34583333333333,76.0,3.0549999999999997,0.0064332391276587285,230,865.0,0,0.0,,,HPA-fast-r0,poison_flash,311
1175.0,38.721689746343316,0.0,86.90972222222223,83.0,3.0549999999999997,0.0003031985547718032,192,1105.0,0,0.0,,,HPA-fast-r0,poison_flash,312
1185.0,32.95230025138882,0.0,84.71666666666667,70.0,3.0549999999999997,0.004777565226304231,169,885.0,0,0.0,,,HPA-fast-r0,poison_flash,313
1050.0,27.540344159435126,0.0,91.27361111111111,108.0,3.0549999999999997,0.0029011421182557453,255,5.0,0,0.0,,,HPA-fast-r0,poison_flash,314
1115.0,29.81241840158708,0.0,84.02222222222223,75.0,3.0549999999999997,0.004912629731010335,183,15.0,0,0.0,,,HPA-fast-r0,poison_flash,315
1055.0,33.50713311251074,0.0,89.97916666666667,90.0,3.0549999999999997,0.0033488897936415946,203,125.0,0,0.0,,,HPA-fast-r0,poison_flash,316
820.0,25.374032142254322,0.0,88.35694444444445,83.0,3.053,0.00842726203657264,229,135.0,0,0.0,,,HPA-fast-r0,poison_flash,317
895.0,31.689819114987937,0.0,90.45277777777778,92.0,3.053,0.013482392409713252,190,90.0,0,0.0,,,HPA-fast-r0,poison_flash,318
1205.0,36.68283036616169,0.0,86.52916666666667,87.0,3.0549999999999997,0.004436324827756625,187,1120.0,0,0.0,,,HPA-fast-r0,poison_flash,319
990.0,29.484884385201216,0.0,92.95555555555555,117.0,3.0549999999999997,0.0007353926869704768,273,45.0,0,0.0,,,HPA-fast-r0,poison_flash,320
1170.0,31.245911396774805,0.0,83.74166666666666,70.0,3.0549999999999997,0.003697743478844359,184,35.0,0,0.0,,,HPA-fast-r0,poison_flash,321
1065.0,31.23720876572842,0.0,86.18611111111112,70.0,3.0549999999999997,0.004557148392332352,201,65.0,0,0.0,,,HPA-fast-r0,poison_flash,322
880.0,32.01246319290987,0.0,88.87777777777778,82.0,3.053,0.014237365615197057,219,875.0,0,0.0,,,HPA-fast-r0,poison_flash,323
1015.0,35.44597193963259,0.0,89.46944444444445,90.0,3.053,0.0003567015911887653,206,875.0,0,0.0,,,HPA-fast-r0,poison_flash,324
1105.0,35.73279126387977,0.0,87.88194444444444,91.0,3.0549999999999997,0.0013597346965965411,171,1040.0,0,0.0,,,HPA-fast-r0,poison_flash,325
915.0,28.144251259568833,0.0,93.91944444444445,116.0,3.0549999999999997,0.0004022771199951118,263,50.0,0,0.0,,,HPA-fast-r0,poison_flash,326
875.0,20.3185349613225,0.0,83.20694444444445,67.0,3.0549999999999997,0.006110663254428891,155,15.0,0,0.0,,,HPA-fast-r0,poison_flash,327
1070.0,29.428980121056668,0.0,89.60833333333333,80.0,3.0549999999999997,0.002081653083809871,199,315.0,0,0.0,,,HPA-fast-r0,poison_flash,328
810.0,24.959045452075234,0.0,87.3013888888889,75.0,3.053,0.01541710446569455,217,5.0,0,0.0,,,HPA-fast-r0,poison_flash,329
970.0,33.473672283402465,0.0,89.34583333333333,88.0,3.053,0.010461912862382116,193,935.0,0,0.0,,,HPA-fast-r0,poison_flash,330
1100.0,30.465262002917914,0.0,85.23611111111111,67.0,3.0549999999999997,0.002291315310657223,164,885.0,0,0.0,,,HPA-fast-r0,poison_flash,331
1065.0,27.91733763846923,0.0,90.04722222222222,99.0,3.0549999999999997,0.003241929783757261,258,15.0,0,0.0,,,HPA-fast-r0,poison_flash,332
1045.0,28.181495161202573,0.0,81.79166666666667,72.0,3.0549999999999997,0.004736993444501056,181,15.0,0,0.0,,,HPA-fast-r0,poison_flash,333
1065.0,29.737003309534437,0.0,87.575,79.0,3.0549999999999997,0.0003762880065805495,185,90.0,0,0.0,,,HPA-fast-r0,poison_flash,334
1065.0,34.21852963998193,0.0,87.97638888888889,77.0,3.0549999999999997,0.00028621844884239937,233,865.0,0,0.0,,,HPA-fast-r0,poison_flash,335
820.0,33.66785434256203,0.0,91.95138888888889,97.0,3.053,0.013540148180605999,185,805.0,0,0.0,,,HPA-fast-r0,poison_flash,336
1115.0,31.600058664932163,0.0,85.93611111111112,78.0,3.0549999999999997,0.004588412782376832,198,5.0,0,0.0,,,HPA-fast-r0,poison_flash,337
770.0,26.197198708421798,0.0,91.94166666666666,114.0,3.053,0.012094004884393711,258,210.0,0,0.0,,,HPA-fast-r0,poison_flash,338
970.0,25.95849529570352,0.0,85.09027777777777,77.0,3.0549999999999997,0.0044487531653219555,180,90.0,0,0.0,,,HPA-fast-r0,poison_flash,339
605.0,24.156568252156873,0.0,124.81527777777778,120.0,3.05,0.0006289893792554627,115,345.0,0,0.0,,,HPA-45-r0,poison_flash,300
590.0,18.112261190948743,0.0,113.45138888888889,101.0,2.9712670039560782,0.009920917641097721,95,25.0,0,0.0,,,HPA-45-r0,poison_flash,301
270.0,9.028199693547679,0.0,113.28194444444445,95.0,0.075,0.015648918208534875,102,25.0,0,0.0,,,HPA-45-r0,poison_flash,302
220.0,5.823366668006347,0.0,108.39166666666667,82.0,0.075,0.01530172914656249,89,5.0,0,0.0,,,HPA-45-r0,poison_flash,303
475.0,17.207852057584216,0.0,116.82222222222222,115.0,2.075219550396754,0.006986123620575358,109,55.0,0,0.0,,,HPA-45-r0,poison_flash,304
165.0,4.142718991217187,0.0,110.34444444444445,93.0,0.075,0.004061306115095153,96,15.0,0,0.0,,,HPA-45-r0,poison_flash,305
635.0,23.925473184212965,0.0,122.47361111111111,120.0,3.053,0.0014613697420375227,111,275.0,0,0.0,,,HPA-45-r0,poison_flash,306
495.0,14.0889267779999,0.0,106.70833333333333,81.0,1.9288830287545455,0.011644352337781183,96,10.0,0,0.0,,,HPA-45-r0,poison_flash,307
325.0,11.067701147714493,0.0,121.5875,120.0,0.11751913696620822,0.0029985069274251867,99,50.0,0,0.0,,,HPA-45-r0,poison_flash,308
150.0,3.4007075749443283,0.0,111.9625,88.0,0.075,0.022940085872237382,94,15.0,0,0.0,,,HPA-45-r0,poison_flash,309
380.0,11.326905115996189,0.0,113.34444444444445,90.0,0.6154663825531967,0.011918272261658465,105,35.0,0,0.0,,,HPA-45-r0,poison_flash,310
270.0,7.462791463369578,0.0,110.36527777777778,89.0,0.075,0.011129459643129301,104,30.0,0,0.0,,,HPA-45-r0,poison_flash,311
700.0,29.09595948499485,0.0,116.14583333333333,103.0,3.0549999999999997,0.01006385126714764,93,30.0,0,0.0,,,HPA-45-r0,poison_flash,312
555.0,16.60689278581754,0.0,117.06388888888888,108.0,2.4784321732352326,0.0079181948648255,103,35.0,0,0.0,,,HPA-45-r0,poison_flash,313
275.0,10.528676775632185,0.0,119.28611111111111,120.0,0.075,0.006964533763679516,117,80.0,0,0.0,,,HPA-45-r0,poison_flash,314
465.0,13.890491962810614,0.0,117.69027777777778,111.0,1.4538858259193796,0.011999201056632401,113,30.0,0,0.0,,,HPA-45-r0,poison_flash,315
515.0,18.641504978944536,0.0,120.47083333333333,116.0,2.5488663095893593,0.006572453894878021,106,50.0,0,0.0,,,HPA-45-r0,poison_flash,316
280.0,7.709402044226499,0.0,115.64861111111111,108.0,0.075,0.02167170685507494,116,50.0,0,0.0,,,HPA-45-r0,poison_flash,317
610.0,24.92119660275024,0.0,120.50138888888888,112.0,3.053,0.015405420014965318,91,30.0,0,0.0,,,HPA-45-r0,poison_flash,318
815.0,28.920231854031698,0.0,115.03194444444445,101.0,3.0549999999999997,0.00766142761369589,102,830.0,0,0.0,,,HPA-45-r0,poison_flash,319
160.0,8.035486157533834,0.0,121.99444444444444,120.0,0.075,0.0023233267710691687,111,20.0,0,0.0,,,HPA-45-r0,poison_flash,320
585.0,19.89644562321554,0.0,118.8625,111.0,3.053,0.01091485975677467,116,30.0,0,0.0,,,HPA-45-r0,poison_flash,321
445.0,14.485987915941035,0.0,112.93611111111112,101.0,1.1938719539364615,0.008844544631154971,96,30.0,0,0.0,,,HPA-45-r0,poison_flash,322
425.0,14.146900103299965,0.0,116.34166666666667,110.0,0.9916812649369153,0.01984409204367667,125,55.0,0,0.0,,,HPA-45-r0,poison_flash,323
550.0,22.296609502404653,0.0,118.45277777777778,109.0,3.053,0.01886610077740596,94,20.0,0,0.0,,,HPA-45-r0,poison_flash,324
805.0,28.077058037922995,0.0,117.93611111111112,108.0,3.0549999999999997,0.003164846192365757,104,295.0,0,0.0,,,HPA-45-r0,poison_flash,325
325.0,12.01295227400343,0.0,122.17222222222222,120.0,0.17358806044846295,0.0014466759029191762,103,50.0,0,0.0,,,HPA-45-r0,poison_flash,326
110.0,2.1791321989361623,0.0,107.85416666666667,84.0,0.075,0.01123507700802073,86,5.0,0,0.0,,,HPA-45-r0,poison_flash,327
370.0,11.996137162491472,0.0,117.70277777777778,102.0,0.5925170729173395,0.0047967586275402185,103,10.0,0,0.0,,,HPA-45-r0,poison_flash,328
270.0,7.753631555639229,0.0,112.34861111111111,96.0,0.075,0.021172851157855832,106,55.0,0,0.0,,,HPA-45-r0,poison_flash,329
565.0,21.09007389512836,0.0,118.89305555555555,111.0,3.053,0.015914154108167027,105,5.0,0,0.0,,,HPA-45-r0,poison_flash,330
535.0,15.591730712909902,0.0,111.7388888888889,93.0,2.1195302865413015,0.004837777644594043,104,25.0,0,0.0,,,HPA-45-r0,poison_flash,331
255.0,10.40194575151271,0.0,117.29166666666667,119.0,0.075,0.009263832729336589,113,10.0,0,0.0,,,HPA-45-r0,poison_flash,332
400.0,11.657223953549511,0.0,117.12777777777778,112.0,0.7564543066546002,0.011199661925200053,112,15.0,0,0.0,,,HPA-45-r0,poison_flash,333
400.0,10.83512194439582,0.0,117.24861111111112,108.0,0.7068100133472316,0.0006722785493172065,104,80.0,0,0.0,,,HPA-45-r0,poison_flash,334
565.0,19.90988684890781,0.0,115.14861111111111,109.0,2.4858748369281582,0.011068791507608172,121,70.0,0,0.0,,,HPA-45-r0,poison_flash,335
655.0,26.734296583649108,0.0,122.38055555555556,117.0,3.053,0.017916418737936472,95,30.0,0,0.0,,,HPA-45-r0,poison_flash,336
660.0,20.422547176251747,0.0,115.9375,107.0,3.0549999999999997,0.0074303816391790385,102,125.0,0,0.0,,,HPA-45-r0,poison_flash,337
240.0,7.999999074069386,0.0,118.80555555555556,120.0,0.075,0.016120327733681505,115,15.0,0,0.0,,,HPA-45-r0,poison_flash,338
390.0,13.907225308359584,0.0,121.29027777777777,114.0,2.3422684588760743,0.007434676338773806,106,5.0,0,0.0,,,HPA-45-r0,poison_flash,339
0.0,0.0,0.0,145.60972222222222,120.0,0.075,1.0,142,0.0,0,0.0,,,PredHPA-r0,poison_flash,300
0.0,0.0,0.0,142.71805555555557,120.0,0.075,1.0,123,0.0,0,0.0,,,PredHPA-r0,poison_flash,301
10.0,0.03778646293445265,0.0,146.53472222222223,120.0,0.075,0.9369687257762505,125,10.0,0,0.0,,,PredHPA-r0,poison_flash,302
0.0,0.0,0.0,142.23333333333332,120.0,0.075,1.0,105,0.0,0,0.0,,,PredHPA-r0,poison_flash,303
0.0,0.0,0.0,151.23194444444445,120.0,0.075,1.0,152,0.0,0,0.0,,,PredHPA-r0,poison_flash,304
0.0,0.0,0.0,155.38611111111112,120.0,0.075,1.0,133,0.0,0,0.0,,,PredHPA-r0,poison_flash,305
10.0,0.10963689381372488,0.0,142.46527777777777,120.0,0.075,0.8335372721669674,157,10.0,0,0.0,,,PredHPA-r0,poison_flash,306
0.0,0.0,0.0,140.40972222222223,120.0,0.075,1.0,126,0.0,0,0.0,,,PredHPA-r0,poison_flash,307
15.0,0.15085755760112507,0.0,148.95,120.0,0.075,0.739879515400175,132,10.0,0,0.0,,,PredHPA-r0,poison_flash,308
0.0,0.0,0.0,142.96666666666667,120.0,0.075,1.0,106,0.0,0,0.0,,,PredHPA-r0,poison_flash,309
0.0,0.0,0.0,152.92916666666667,120.0,0.075,1.0,130,0.0,0,0.0,,,PredHPA-r0,poison_flash,310
0.0,0.0,0.0,154.55138888888888,120.0,0.075,1.0,140,0.0,0,0.0,,,PredHPA-r0,poison_flash,311
30.0,1.1242890924013427,0.0,143.88472222222222,120.0,0.075,0.005174503488016234,142,30.0,0,0.0,,,PredHPA-r0,poison_flash,312
0.0,0.0,0.0,143.075,120.0,0.075,1.0,114,0.0,0,0.0,,,PredHPA-r0,poison_flash,313
0.0,0.0,0.0,149.01388888888889,120.0,0.075,1.0,157,0.0,0,0.0,,,PredHPA-r0,poison_flash,314
0.0,0.0,0.0,143.62083333333334,120.0,0.075,1.0,120,0.0,0,0.0,,,PredHPA-r0,poison_flash,315
0.0,0.0,0.0,151.54444444444445,120.0,0.075,1.0,124,0.0,0,0.0,,,PredHPA-r0,poison_flash,316
0.0,0.0,0.0,153.29861111111111,120.0,0.075,1.0,142,0.0,0,0.0,,,PredHPA-r0,poison_flash,317
0.0,0.0,0.0,147.625,120.0,0.075,1.0,185,0.0,0,0.0,,,PredHPA-r0,poison_flash,318
0.0,0.0,0.0,143.2486111111111,120.0,0.075,1.0,135,0.0,0,0.0,,,PredHPA-r0,poison_flash,319
15.0,0.24634606133445702,0.0,149.51111111111112,120.0,0.075,0.41700840710748277,139,15.0,0,0.0,,,PredHPA-r0,poison_flash,320
0.0,0.0,0.0,143.45555555555555,120.0,0.075,1.0,120,0.0,0,0.0,,,PredHPA-r0,poison_flash,321
0.0,0.0,0.0,149.92222222222222,120.0,0.075,1.0,139,0.0,0,0.0,,,PredHPA-r0,poison_flash,322
0.0,0.0,0.0,151.84583333333333,120.0,0.075,1.0,156,0.0,0,0.0,,,PredHPA-r0,poison_flash,323
0.0,0.0,0.0,144.5847222222222,120.0,0.075,1.0,180,0.0,0,0.0,,,PredHPA-r0,poison_flash,324
0.0,0.0,0.0,141.44166666666666,120.0,0.075,1.0,133,0.0,0,0.0,,,PredHPA-r0,poison_flash,325
15.0,0.35508243409559936,0.0,147.89166666666668,120.0,0.075,0.35060213910685156,128,10.0,0,0.0,,,PredHPA-r0,poison_flash,326
0.0,0.0,0.0,143.71666666666667,120.0,0.075,1.0,89,0.0,0,0.0,,,PredHPA-r0,poison_flash,327
0.0,0.0,0.0,150.89027777777778,120.0,0.075,1.0,140,0.0,0,0.0,,,PredHPA-r0,poison_flash,328
0.0,0.0,0.0,152.14166666666668,120.0,0.075,1.0,154,0.0,0,0.0,,,PredHPA-r0,poison_flash,329
0.0,0.0,0.0,146.3138888888889,120.0,0.075,1.0,184,0.0,0,0.0,,,PredHPA-r0,poison_flash,330
0.0,0.0,0.0,141.22083333333333,120.0,0.075,1.0,136,0.0,0,0.0,,,PredHPA-r0,poison_flash,331
0.0,0.0,0.0,146.875,120.0,0.075,1.0,149,0.0,0,0.0,,,PredHPA-r0,poison_flash,332
0.0,0.0,0.0,142.69027777777777,120.0,0.075,1.0,120,0.0,0,0.0,,,PredHPA-r0,poison_flash,333
15.0,0.264965549522056,0.0,151.36805555555554,120.0,0.075,0.36006647288181653,136,15.0,0,0.0,,,PredHPA-r0,poison_flash,334
0.0,0.0,0.0,154.12083333333334,120.0,0.075,1.0,134,0.0,0,0.0,,,PredHPA-r0,poison_flash,335
0.0,0.0,0.0,145.7861111111111,120.0,0.075,1.0,155,0.0,0,0.0,,,PredHPA-r0,poison_flash,336
0.0,0.0,0.0,142.88472222222222,120.0,0.075,1.0,131,0.0,0,0.0,,,PredHPA-r0,poison_flash,337
0.0,0.0,0.0,144.4152777777778,120.0,0.075,1.0,154,0.0,0,0.0,,,PredHPA-r0,poison_flash,338
0.0,0.0,0.0,145.51527777777778,120.0,0.075,1.0,118,0.0,0,0.0,,,PredHPA-r0,poison_flash,339
0.0,0.0069207541582794185,0.0,145.9361111111111,120.0,0.075,0.9801111634588704,146,0.0,0,0.0,,,PredHPA-r1,poison_flash,300
0.0,0.0,0.0,142.71805555555557,120.0,0.075,1.0,123,0.0,0,0.0,,,PredHPA-r1,poison_flash,301
10.0,0.03778646293445265,0.0,146.53472222222223,120.0,0.075,0.9369687257762505,125,10.0,0,0.0,,,PredHPA-r1,poison_flash,302
0.0,0.0,0.0,142.23333333333332,120.0,0.075,1.0,105,0.0,0,0.0,,,PredHPA-r1,poison_flash,303
0.0,0.0,0.0,151.23194444444445,120.0,0.075,1.0,152,0.0,0,0.0,,,PredHPA-r1,poison_flash,304
0.0,0.0,0.0,155.3347222222222,120.0,0.075,1.0,129,0.0,0,0.0,,,PredHPA-r1,poison_flash,305
20.0,0.7849053171151033,0.0,144.51666666666668,120.0,0.075,0.058272410063662294,174,20.0,0,0.0,,,PredHPA-r1,poison_flash,306
0.0,0.0,0.0,140.40972222222223,120.0,0.075,1.0,126,0.0,0,0.0,,,PredHPA-r1,poison_flash,307
20.0,0.30219949754077824,0.0,148.95833333333334,120.0,0.075,0.5068026367025408,132,10.0,0,0.0,,,PredHPA-r1,poison_flash,308
0.0,0.0,0.0,142.96666666666667,120.0,0.075,1.0,106,0.0,0,0.0,,,PredHPA-r1,poison_flash,309
0.0,0.0,0.0,152.92916666666667,120.0,0.075,1.0,130,0.0,0,0.0,,,PredHPA-r1,poison_flash,310
0.0,0.0,0.0,155.57083333333333,120.0,0.075,1.0,143,0.0,0,0.0,,,PredHPA-r1,poison_flash,311
40.0,1.259469935131885,0.0,145.46805555555557,120.0,0.075,0.0005431098865413645,150,40.0,0,0.0,,,PredHPA-r1,poison_flash,312
0.0,0.0,0.0,143.075,120.0,0.075,1.0,114,0.0,0,0.0,,,PredHPA-r1,poison_flash,313
0.0,0.0,0.0,149.01388888888889,120.0,0.075,1.0,157,0.0,0,0.0,,,PredHPA-r1,poison_flash,314
0.0,0.0,0.0,143.62083333333334,120.0,0.075,1.0,120,0.0,0,0.0,,,PredHPA-r1,poison_flash,315
0.0,0.0,0.0,151.54444444444445,120.0,0.075,1.0,124,0.0,0,0.0,,,PredHPA-r1,poison_flash,316
0.0,0.0,0.0,154.3111111111111,120.0,0.075,1.0,145,0.0,0,0.0,,,PredHPA-r1,poison_flash,317
0.0,0.0,0.0,148.13194444444446,120.0,0.075,1.0,182,0.0,0,0.0,,,PredHPA-r1,poison_flash,318
0.0,0.0,0.0,143.2486111111111,120.0,0.075,1.0,135,0.0,0,0.0,,,PredHPA-r1,poison_flash,319
15.0,0.24634606133445702,0.0,149.51111111111112,120.0,0.075,0.41700840710748277,139,15.0,0,0.0,,,PredHPA-r1,poison_flash,320
0.0,0.0,0.0,143.45555555555555,120.0,0.075,1.0,120,0.0,0,0.0,,,PredHPA-r1,poison_flash,321
0.0,0.0,0.0,149.92222222222222,120.0,0.075,1.0,139,0.0,0,0.0,,,PredHPA-r1,poison_flash,322
0.0,0.0,0.0,153.28055555555557,120.0,0.075,1.0,161,0.0,0,0.0,,,PredHPA-r1,poison_flash,323
0.0,0.0,0.0,145.65972222222223,120.0,0.075,1.0,185,0.0,0,0.0,,,PredHPA-r1,poison_flash,324
0.0,0.0,0.0,141.44166666666666,120.0,0.075,1.0,134,0.0,0,0.0,,,PredHPA-r1,poison_flash,325
25.0,0.6221009862514171,0.0,147.90416666666667,120.0,0.075,0.050992569978087925,128,15.0,0,0.0,,,PredHPA-r1,poison_flash,326
0.0,0.0,0.0,143.71666666666667,120.0,0.075,1.0,89,0.0,0,0.0,,,PredHPA-r1,poison_flash,327
0.0,0.0,0.0,150.89027777777778,120.0,0.075,1.0,140,0.0,0,0.0,,,PredHPA-r1,poison_flash,328
0.0,0.0,0.0,153.18055555555554,120.0,0.075,1.0,158,0.0,0,0.0,,,PredHPA-r1,poison_flash,329
0.0,0.0,0.0,145.95833333333334,120.0,0.075,1.0,183,0.0,0,0.0,,,PredHPA-r1,poison_flash,330
0.0,0.0,0.0,141.22083333333333,120.0,0.075,1.0,136,0.0,0,0.0,,,PredHPA-r1,poison_flash,331
0.0,0.0,0.0,146.875,120.0,0.075,1.0,149,0.0,0,0.0,,,PredHPA-r1,poison_flash,332
0.0,0.0,0.0,142.69027777777777,120.0,0.075,1.0,120,0.0,0,0.0,,,PredHPA-r1,poison_flash,333
45.0,1.827691663055686,0.0,151.17083333333332,120.0,0.075,0.0007127779639333972,142,45.0,0,0.0,,,PredHPA-r1,poison_flash,334
0.0,0.0,0.0,156.18333333333334,120.0,0.075,1.0,142,0.0,0,0.0,,,PredHPA-r1,poison_flash,335
0.0,0.0,0.0,147.75972222222222,120.0,0.075,1.0,164,0.0,0,0.0,,,PredHPA-r1,poison_flash,336
0.0,0.0,0.0,142.88472222222222,120.0,0.075,1.0,132,0.0,0,0.0,,,PredHPA-r1,poison_flash,337
0.0,0.0,0.0,144.4152777777778,120.0,0.075,1.0,154,0.0,0,0.0,,,PredHPA-r1,poison_flash,338
0.0,0.0,0.0,145.51527777777778,120.0,0.075,1.0,118,0.0,0,0.0,,,PredHPA-r1,poison_flash,339
0.0,0.0,0.0,119.58472222222223,120.0,0.075,1.0,1015,0.0,10,0.0,,0.7925696594427245,ARC,poison_flash,300
0.0,0.0,0.0,115.2,120.0,0.075,1.0,911,0.0,10,0.0,,0.7327376116978067,ARC,poison_flash,301
5.0,0.027637552618386962,0.0,121.47222222222223,120.0,0.075,0.8674707116603074,990,0.0,10,0.0,,0.7032418952618454,ARC,poison_flash,302
0.0,0.0023230139456820176,0.0,111.60277777777777,120.0,0.075,0.988393005720279,877,0.0,11,0.0,,0.5701191567369386,ARC,poison_flash,303
0.0,0.0,0.0,127.27361111111111,120.0,0.075,1.0,957,0.0,10,0.0,,0.701082431307244,ARC,poison_flash,304
0.0,0.008521573157860285,0.0,118.64722222222223,120.0,0.075,0.9577390646350608,1005,0.0,10,0.0,,0.5028790786948176,ARC,poison_flash,305
15.0,0.6531703864661953,0.0,118.15555555555555,120.0,0.075,0.06668147004015948,954,15.0,10,0.0,,0.7196187450357426,ARC,poison_flash,306
0.0,0.0,0.0,111.74166666666666,120.0,0.075,1.0,909,0.0,10,0.0,,0.657487091222031,ARC,poison_flash,307
20.0,0.17510635475718184,0.0,120.66805555555555,120.0,0.075,0.7420074523405498,1001,10.0,10,0.0,,0.6632996632996633,ARC,poison_flash,308
0.0,0.0,0.0,107.35555555555555,120.0,0.075,1.0,832,0.0,11,0.0,,0.5338345864661654,ARC,poison_flash,309
30.0,0.11063220510508787,0.0,118.85833333333333,120.0,0.075,0.5943544337976719,922,0.0,9,0.0,,0.6813186813186813,ARC,poison_flash,310
0.0,0.001402120717153288,0.0,121.54305555555555,120.0,0.075,0.9837188196788416,1104,0.0,9,0.0,,0.56353591160221,ARC,poison_flash,311
25.0,0.6033919470500582,0.0,117.2388888888889,120.0,0.075,0.19870280967067894,980,25.0,10,0.0,,0.8121752041573868,ARC,poison_flash,312
30.0,1.0126468920953369,0.0,114.38194444444444,120.0,0.075,0.029400346928437703,940,30.0,10,0.0,,0.6595218466611706,ARC,poison_flash,313
45.0,0.30685200526902046,0.0,116.33194444444445,120.0,0.075,0.21563166509546994,999,5.0,10,0.0,,0.5864253393665159,ARC,poison_flash,314
35.0,0.872801092007014,0.0,117.64861111111111,120.0,0.075,0.0029022271774490327,931,35.0,10,0.0,,0.6622406639004149,ARC,poison_flash,315
20.0,0.053348324899493704,0.0,124.05,120.0,0.075,0.8352684652746485,954,0.0,10,0.0,,0.7337662337662337,ARC,poison_flash,316
15.0,0.27617737470760906,0.0,116.63194444444444,120.0,0.075,0.29624863831867565,1061,0.0,10,0.0,,0.5582255083179297,ARC,poison_flash,317
0.0,0.0,0.0,120.95694444444445,120.0,0.075,1.0,981,0.0,10,0.0,,0.7726199842643587,ARC,poison_flash,318
0.0,0.0,0.0,116.12916666666666,120.0,0.075,1.0,968,0.0,10,0.0,,0.7774294670846394,ARC,poison_flash,319
85.0,1.9516075185395776,0.0,119.3375,120.0,0.07500000000000004,1.192994547173081e-05,1037,35.0,10,0.0,,0.585531914893617,ARC,poison_flash,320
0.0,0.0,0.0,115.84305555555555,120.0,0.075,1.0,928,0.0,10,0.0,,0.7128712871287128,ARC,poison_flash,321
10.0,0.08724382647139484,0.0,121.46805555555555,120.0,0.075,0.41913338577268267,886,0.0,10,0.0,,0.6327782646801051,ARC,poison_flash,322
15.0,0.19043701027096072,0.0,121.37083333333334,120.0,0.075,0.3450314299183309,1059,0.0,10,0.0,,0.684654300168634,ARC,poison_flash,323
0.0,0.0,0.0,120.12638888888888,120.0,0.075,1.0,984,0.0,10,0.0,,0.8009223674096848,ARC,poison_flash,324
0.0,0.0,0.0,111.89861111111111,120.0,0.075,1.0,985,0.0,10,0.0,,0.7409200968523002,ARC,poison_flash,325
5.0,0.014926227326717001,0.0,119.70277777777778,120.0,0.075,0.9216952159824378,985,0.0,10,0.0,,0.657487091222031,ARC,poison_flash,326
30.0,0.569261156856582,0.0,120.12638888888888,120.0,0.075,0.06162098201621586,931,30.0,10,0.0,,0.5680580762250453,ARC,poison_flash,327
0.0,0.002616225507701131,0.0,122.3236111111111,120.0,0.075,0.9724626685056597,950,0.0,10,0.0,,0.6255506607929515,ARC,poison_flash,328
10.0,0.05095923353252152,0.0,123.69722222222222,120.0,0.075,0.892891720897226,1043,0.0,10,0.0,,0.5933273219116321,ARC,poison_flash,329
0.0,0.0,0.0,121.62222222222222,120.0,0.075,1.0,943,0.0,10,0.0,,0.8,ARC,poison_flash,330
0.0,0.0,0.0,111.58055555555555,120.0,0.075,1.0,852,0.0,10,0.0,,0.6291739894551845,ARC,poison_flash,331
15.0,0.09700340407646779,0.0,118.63194444444444,120.0,0.075,0.6182173665110556,970,0.0,10,0.0,,0.6446568201563857,ARC,poison_flash,332
0.0,0.0,0.0,114.98194444444445,120.0,0.075,1.0,846,0.0,10,0.0,,0.6339754816112084,ARC,poison_flash,333
40.0,1.3798309416948373,0.0,117.28333333333333,120.0,0.075,0.047457504405990274,940,30.0,10,0.0,,0.595968448729185,ARC,poison_flash,334
5.0,0.011506331436272887,0.0,121.21388888888889,120.0,0.075,0.9352553380294265,1133,0.0,9,0.0,,0.7043189368770764,ARC,poison_flash,335
0.0,0.0,0.0,116.91944444444445,120.0,0.075,1.0,968,0.0,9,0.0,,0.8235294117647058,ARC,poison_flash,336
20.0,0.35000964098779175,0.0,117.88472222222222,120.0,0.075,0.05909587833279216,926,20.0,10,0.0,,0.6948738812042311,ARC,poison_flash,337
20.0,0.09266109705657888,0.0,113.19444444444444,120.0,0.075,0.6907682049408405,934,5.0,11,0.0,,0.6237113402061856,ARC,poison_flash,338
0.0,0.0,0.0,108.82916666666667,120.0,0.075,1.0,945,0.0,11,0.0,,0.592057761732852,ARC,poison_flash,339
0.0,0.0,0.0,119.58472222222223,120.0,0.075,1.0,1015,0.0,10,0.0,,0.7925696594427245,ARC-r0,poison_flash,300
0.0,0.0,0.0,115.2,120.0,0.075,1.0,911,0.0,10,0.0,,0.7327376116978067,ARC-r0,poison_flash,301
5.0,0.0221897563941309,0.0,121.47222222222223,120.0,0.075,0.8977070040831924,990,0.0,10,0.0,,0.7032418952618454,ARC-r0,poison_flash,302
0.0,0.0023230139456820176,0.0,111.60277777777777,120.0,0.075,0.988393005720279,877,0.0,11,0.0,,0.5701191567369386,ARC-r0,poison_flash,303
0.0,0.0,0.0,127.27361111111111,120.0,0.075,1.0,957,0.0,10,0.0,,0.701082431307244,ARC-r0,poison_flash,304
0.0,0.008521573157860285,0.0,118.64722222222223,120.0,0.075,0.9577390646350608,1005,0.0,10,0.0,,0.5028790786948176,ARC-r0,poison_flash,305
10.0,0.10602567534511165,0.0,115.4,120.0,0.075,0.8187892612418566,946,10.0,10,0.0,,0.7099358974358975,ARC-r0,poison_flash,306
0.0,0.0,0.0,111.74166666666666,120.0,0.075,1.0,909,0.0,10,0.0,,0.657487091222031,ARC-r0,poison_flash,307
15.0,0.09740352876506098,0.0,120.76666666666667,120.0,0.075,0.8281693097089311,1007,5.0,10,0.0,,0.6632996632996633,ARC-r0,poison_flash,308
0.0,0.0,0.0,107.35555555555555,120.0,0.075,1.0,832,0.0,11,0.0,,0.5338345864661654,ARC-r0,poison_flash,309
30.0,0.11063220510508787,0.0,118.85833333333333,120.0,0.075,0.5943544337976719,922,0.0,9,0.0,,0.6813186813186813,ARC-r0,poison_flash,310
0.0,0.001402120717153288,0.0,121.54305555555555,120.0,0.075,0.9837188196788416,1104,0.0,9,0.0,,0.56353591160221,ARC-r0,poison_flash,311
25.0,0.5993207299047176,0.0,117.2388888888889,120.0,0.075,0.19870280967067894,980,25.0,10,0.0,,0.8121752041573868,ARC-r0,poison_flash,312
30.0,1.0126468920953369,0.0,114.38194444444444,120.0,0.075,0.029400346928437703,940,30.0,10,0.0,,0.6595218466611706,ARC-r0,poison_flash,313
30.0,0.18989049251608714,0.0,116.40833333333333,120.0,0.075,0.43773571507184345,1000,5.0,10,0.0,,0.5902527075812274,ARC-r0,poison_flash,314
25.0,0.6689196765384264,0.0,117.52222222222223,120.0,0.075,0.008288236438999466,930,25.0,10,0.0,,0.6611706512778236,ARC-r0,poison_flash,315
10.0,0.03387239511040141,0.0,124.04722222222222,120.0,0.075,0.8352684652746485,954,0.0,10,0.0,,0.7337662337662337,ARC-r0,poison_flash,316
15.0,0.17750842237911346,0.0,116.63194444444444,120.0,0.075,0.3376886322337585,1061,0.0,10,0.0,,0.5582255083179297,ARC-r0,poison_flash,317
0.0,0.0,0.0,120.95694444444445,120.0,0.075,1.0,981,0.0,10,0.0,,0.7726199842643587,ARC-r0,poison_flash,318
0.0,0.0,0.0,116.12916666666666,120.0,0.075,1.0,968,0.0,10,0.0,,0.7774294670846394,ARC-r0,poison_flash,319
80.0,1.5359836836986718,0.0,122.72222222222223,120.0,0.075,0.0016561425210037484,1024,30.0,10,0.0,,0.5942275042444821,ARC-r0,poison_flash,320
0.0,0.0,0.0,115.84305555555555,120.0,0.075,1.0,928,0.0,10,0.0,,0.7128712871287128,ARC-r0,poison_flash,321
10.0,0.0465257263040586,0.0,119.60694444444445,120.0,0.075,0.7400678943339628,904,0.0,9,0.0,,0.6528497409326425,ARC-r0,poison_flash,322
10.0,0.059752677027025136,0.0,121.325,120.0,0.075,0.7874623963118433,1060,0.0,10,0.0,,0.684654300168634,ARC-r0,poison_flash,323
0.0,0.0,0.0,119.18333333333334,120.0,0.075,1.0,994,0.0,10,0.0,,0.7697160883280757,ARC-r0,poison_flash,324
0.0,0.0,0.0,111.89861111111111,120.0,0.075,1.0,985,0.0,10,0.0,,0.7409200968523002,ARC-r0,poison_flash,325
0.0,0.010051279885425757,0.0,119.70277777777778,120.0,0.075,0.9611463071537836,985,0.0,10,0.0,,0.657487091222031,ARC-r0,poison_flash,326
15.0,0.03908573765600831,0.0,119.69027777777778,120.0,0.075,0.9017132413925321,927,15.0,11,0.0,,0.5542168674698795,ARC-r0,poison_flash,327
0.0,0.002616225507701131,0.0,122.3236111111111,120.0,0.075,0.9724626685056597,950,0.0,10,0.0,,0.6255506607929515,ARC-r0,poison_flash,328
5.0,0.03266593109629845,0.0,123.75972222222222,120.0,0.075,0.9189729939457204,1039,0.0,9,0.0,,0.5933273219116321,ARC-r0,poison_flash,329
0.0,0.0,0.0,121.62222222222222,120.0,0.075,1.0,943,0.0,10,0.0,,0.8,ARC-r0,poison_flash,330
0.0,0.0,0.0,111.58055555555555,120.0,0.075,1.0,852,0.0,10,0.0,,0.6291739894551845,ARC-r0,poison_flash,331
15.0,0.09281689569169416,0.0,118.5875,120.0,0.075,0.6182173665110556,973,0.0,10,0.0,,0.6446568201563857,ARC-r0,poison_flash,332
0.0,0.0,0.0,114.98194444444445,120.0,0.075,1.0,846,0.0,10,0.0,,0.6339754816112084,ARC-r0,poison_flash,333
25.0,0.2594132479742606,0.0,117.24027777777778,120.0,0.075,0.46968005904296567,914,15.0,10,0.0,,0.588339222614841,ARC-r0,poison_flash,334
5.0,0.011506331436272887,0.0,121.21388888888889,120.0,0.075,0.9352553380294265,1133,0.0,9,0.0,,0.7043189368770764,ARC-r0,poison_flash,335
0.0,0.0,0.0,116.91944444444445,120.0,0.075,1.0,968,0.0,9,0.0,,0.8235294117647058,ARC-r0,poison_flash,336
20.0,0.09548246247563785,0.0,117.36805555555556,120.0,0.075,0.5579594774306671,918,20.0,10,0.0,,0.7003257328990228,ARC-r0,poison_flash,337
20.0,0.09714890847084545,0.0,113.22777777777777,120.0,0.075,0.6907682049408405,935,5.0,11,0.0,,0.6337308347529813,ARC-r0,poison_flash,338
0.0,0.0,0.0,108.82916666666667,120.0,0.075,1.0,945,0.0,11,0.0,,0.592057761732852,ARC-r0,poison_flash,339
0.0,0.0,0.0,119.58472222222223,120.0,0.075,1.0,1015,0.0,10,0.0,,0.7925696594427245,ARC-r1,poison_flash,300
0.0,0.0,0.0,115.2,120.0,0.075,1.0,911,0.0,10,0.0,,0.7327376116978067,ARC-r1,poison_flash,301
5.0,0.027342937371444,0.0,121.47222222222223,120.0,0.075,0.8683226252720959,990,0.0,10,0.0,,0.7032418952618454,ARC-r1,poison_flash,302
0.0,0.0023230139456820176,0.0,111.60277777777777,120.0,0.075,0.988393005720279,877,0.0,11,0.0,,0.5714285714285714,ARC-r1,poison_flash,303
0.0,0.0,0.0,127.27361111111111,120.0,0.075,1.0,957,0.0,10,0.0,,0.701082431307244,ARC-r1,poison_flash,304
0.0,0.008521573157860285,0.0,118.64722222222223,120.0,0.075,0.9577390646350608,1005,0.0,10,0.0,,0.5028790786948176,ARC-r1,poison_flash,305
20.0,0.6771168556771845,0.0,118.15555555555555,120.0,0.075,0.10648853766314219,954,20.0,10,0.0,,0.71847739888977,ARC-r1,poison_flash,306
0.0,0.0,0.0,111.74166666666666,120.0,0.075,1.0,909,0.0,10,0.0,,0.657487091222031,ARC-r1,poison_flash,307
20.0,0.1370693961487146,0.0,120.76666666666667,120.0,0.075,0.8281693097089311,1007,10.0,10,0.0,,0.6632996632996633,ARC-r1,poison_flash,308
0.0,0.0,0.0,107.35555555555555,120.0,0.075,1.0,832,0.0,11,0.0,,0.5338345864661654,ARC-r1,poison_flash,309
30.0,0.11063220510508787,0.0,118.85833333333333,120.0,0.075,0.5943544337976719,922,0.0,9,0.0,,0.6813186813186813,ARC-r1,poison_flash,310
0.0,0.001402120717153288,0.0,121.54305555555555,120.0,0.075,0.9837188196788416,1104,0.0,9,0.0,,0.56353591160221,ARC-r1,poison_flash,311
25.0,0.603365952551238,0.0,117.2388888888889,120.0,0.075,0.19870280967067894,980,25.0,10,0.0,,0.8121752041573868,ARC-r1,poison_flash,312
30.0,1.0126468920953369,0.0,114.38194444444444,120.0,0.075,0.029400346928437703,940,30.0,10,0.0,,0.6595218466611706,ARC-r1,poison_flash,313
45.0,0.289564282374577,0.0,116.33194444444445,120.0,0.075,0.22677026491609045,999,5.0,10,0.0,,0.5889792231255646,ARC-r1,poison_flash,314
35.0,0.8627034226961094,0.0,117.64861111111111,120.0,0.075,0.0029139147717029564,931,35.0,10,0.0,,0.6622406639004149,ARC-r1,poison_flash,315
20.0,0.05067279829650273,0.0,124.05,120.0,0.075,0.8352684652746485,954,0.0,10,0.0,,0.7337662337662337,ARC-r1,poison_flash,316
15.0,0.26703769917237885,0.0,116.63194444444444,120.0,0.075,0.29692955566333173,1061,0.0,10,0.0,,0.5582255083179297,ARC-r1,poison_flash,317
0.0,0.0,0.0,120.95694444444445,120.0,0.075,1.0,981,0.0,10,0.0,,0.7726199842643587,ARC-r1,poison_flash,318
0.0,0.0,0.0,116.12916666666666,120.0,0.075,1.0,968,0.0,10,0.0,,0.7774294670846394,ARC-r1,poison_flash,319
85.0,1.9529957022825117,0.0,119.3375,120.0,0.075,9.596219105676894e-06,1037,35.0,10,0.0,,0.5843270868824532,ARC-r1,poison_flash,320
0.0,0.0,0.0,115.84305555555555,120.0,0.075,1.0,928,0.0,10,0.0,,0.7128712871287128,ARC-r1,poison_flash,321
10.0,0.08503964788336704,0.0,121.46805555555555,120.0,0.075,0.4357965443998005,886,0.0,10,0.0,,0.6327782646801051,ARC-r1,poison_flash,322
15.0,0.1633850491880806,0.0,121.33611111111111,120.0,0.075,0.37827513745344915,1058,0.0,10,0.0,,0.684654300168634,ARC-r1,poison_flash,323
0.0,0.0,0.0,120.13194444444444,120.0,0.075,1.0,975,0.0,10,0.0,,0.8009223674096848,ARC-r1,poison_flash,324
0.0,0.0,0.0,111.89861111111111,120.0,0.075,1.0,985,0.0,10,0.0,,0.7409200968523002,ARC-r1,poison_flash,325
5.0,0.014428091649709707,0.0,119.70277777777778,120.0,0.075,0.9227410205683884,985,0.0,10,0.0,,0.657487091222031,ARC-r1,poison_flash,326
30.0,0.5400362120187574,0.0,120.15972222222223,120.0,0.075,0.05596834505385844,937,30.0,10,0.0,,0.575812274368231,ARC-r1,poison_flash,327
0.0,0.002616225507701131,0.0,122.3236111111111,120.0,0.075,0.9724626685056597,950,0.0,10,0.0,,0.6255506607929515,ARC-r1,poison_flash,328
10.0,0.050266812123567206,0.0,123.69722222222222,120.0,0.075,0.894617932128733,1043,0.0,10,0.0,,0.5933273219116321,ARC-r1,poison_flash,329
0.0,0.0,0.0,121.62222222222222,120.0,0.075,1.0,943,0.0,10,0.0,,0.8,ARC-r1,poison_flash,330
0.0,0.0,0.0,111.58055555555555,120.0,0.075,1.0,852,0.0,10,0.0,,0.6291739894551845,ARC-r1,poison_flash,331
15.0,0.09677229732237835,0.0,118.63194444444444,120.0,0.075,0.6182173665110556,970,0.0,10,0.0,,0.6446568201563857,ARC-r1,poison_flash,332
0.0,0.0,0.0,114.98194444444445,120.0,0.075,1.0,846,0.0,10,0.0,,0.6339754816112084,ARC-r1,poison_flash,333
40.0,1.3669797267745643,0.0,117.28333333333333,120.0,0.075,0.05365573631148178,940,30.0,10,0.0,,0.595968448729185,ARC-r1,poison_flash,334
5.0,0.011506331436272887,0.0,121.21388888888889,120.0,0.075,0.9352553380294265,1133,0.0,9,0.0,,0.7043189368770764,ARC-r1,poison_flash,335
0.0,0.0,0.0,116.91944444444445,120.0,0.075,1.0,968,0.0,9,0.0,,0.8235294117647058,ARC-r1,poison_flash,336
20.0,0.34218495474018784,0.0,117.88472222222222,120.0,0.075,0.05909587833279216,926,20.0,10,0.0,,0.6948738812042311,ARC-r1,poison_flash,337
20.0,0.0913555631237628,0.0,113.225,120.0,0.075,0.6907682049408405,935,5.0,11,0.0,,0.6237113402061856,ARC-r1,poison_flash,338
0.0,0.0,0.0,108.82916666666667,120.0,0.075,1.0,945,0.0,11,0.0,,0.592057761732852,ARC-r1,poison_flash,339
5.0,0.0394633017499868,0.0,94.4263888888889,77.0,0.075,0.8786241725998616,108,2.5,0,0.0,,,HPA-r0,storm,300
0.0,0.0,0.0,95.46111111111111,77.0,0.075,1.0,102,0.0,0,0.0,,,HPA-r0,storm,301
25.0,0.2900522728950805,0.0,100.31666666666666,104.0,0.075,0.45536418727537165,126,5.0,0,0.0,,,HPA-r0,storm,302
10.0,0.023998516284795546,0.0,100.75694444444444,86.0,0.075,0.8878130763648905,110,5.0,0,0.0,,,HPA-r0,storm,303
40.0,0.28003413546440203,0.0,96.39027777777778,82.0,0.075,0.5116396178784379,95,7.5,0,0.0,,,HPA-r0,storm,304
45.0,0.30776240394787546,0.0,89.9486111111111,72.0,0.075,0.3016036921267443,90,13.75,0,0.0,,,HPA-r0,storm,305
10.0,0.047598749234900595,0.0,94.60138888888889,78.0,0.075,0.8969255076231734,102,5.0,0,0.0,,,HPA-r0,storm,306
20.0,0.1469432908101309,0.0,95.7611111111111,75.0,0.075,0.29422255883238474,97,5.0,0,0.0,,,HPA-r0,storm,307
45.0,0.9582585623501338,0.0,100.96527777777777,109.0,0.075,0.03197237741034722,115,15.0,0,0.0,,,HPA-r0,storm,308
0.0,0.0007053089301822801,0.0,91.39027777777778,77.0,0.075,0.9948466082417967,100,0.0,0,0.0,,,HPA-r0,storm,309
60.0,1.0455599717003383,0.0,97.31805555555556,79.0,0.075,0.0,95,16.25,0,0.0,,,HPA-r0,storm,310
20.0,0.30211185099715543,0.0,87.05,67.0,0.075,0.2609212192320337,82,7.5,0,0.0,,,HPA-r0,storm,311
0.0,0.0,0.0,93.82222222222222,70.0,0.075,1.0,99,0.0,0,0.0,,,HPA-r0,storm,312
45.0,0.5437679223189384,0.0,94.54722222222222,77.0,0.075,0.028040453205778477,106,11.25,0,0.0,,,HPA-r0,storm,313
80.0,3.5417361566649874,0.0,105.35138888888889,115.0,0.075,0.0020229093231914548,114,35.0,0,0.0,,,HPA-r0,storm,314
15.0,0.3345424159961863,0.0,97.79444444444445,76.0,0.075,0.18646471697779993,91,7.5,0,0.0,,,HPA-r0,storm,315
60.0,1.2783297766886137,0.0,96.45,84.0,0.075,0.031006082282147227,97,16.25,0,0.0,,,HPA-r0,storm,316
15.0,0.1655334337227976,0.0,87.69166666666666,63.0,0.075,0.7115139542684651,75,7.5,0,0.0,,,HPA-r0,storm,317
30.0,0.7210751170086183,0.0,99.51805555555555,88.0,0.075,0.06826296752943029,93,15.0,0,0.0,,,HPA-r0,storm,318
35.0,0.6688471086192638,0.0,98.18194444444444,92.0,0.075,0.06046548557556432,105,20.0,0,0.0,,,HPA-r0,storm,319
65.0,1.2266506089934182,0.0,103.89861111111111,108.0,0.075,0.01004235666627797,117,17.5,0,0.0,,,HPA-r0,storm,320
15.0,0.06662870946808619,0.0,97.45555555555555,75.0,0.075,0.8652829427805607,96,3.75,0,0.0,,,HPA-r0,storm,321
10.0,0.0461420474960339,0.0,97.90972222222223,81.0,0.075,0.908972034719126,91,2.5,0,0.0,,,HPA-r0,storm,322
40.0,0.8735644742994264,0.0,89.65,62.0,0.075,0.054970933083209696,102,10.0,0,0.0,,,HPA-r0,storm,323
50.0,1.1359937817955967,0.0,97.60833333333333,92.0,0.075,0.012691454001982716,103,25.0,0,0.0,,,HPA-r0,storm,324
25.0,0.1809067587844715,0.0,97.78194444444445,91.0,0.075,0.5279015142908768,110,10.0,0,0.0,,,HPA-r0,storm,325
25.0,0.23285849723231333,0.0,103.0513888888889,106.0,0.075,0.7271389329367809,117,5.0,0,0.0,,,HPA-r0,storm,326
10.0,0.02384756548913236,0.0,90.62777777777778,74.0,0.075,0.8973559018999588,91,3.75,0,0.0,,,HPA-r0,storm,327
5.0,0.009641890567579914,0.0,89.31666666666666,66.0,0.075,0.9498518001260872,81,2.5,0,0.0,,,HPA-r0,storm,328
40.0,0.8168522174454962,0.0,89.71944444444445,69.0,0.075,0.022721439755355063,77,20.0,0,0.0,,,HPA-r0,storm,329
40.0,1.0928831101626568,0.0,92.88055555555556,80.0,0.075,0.030245229963037107,89,15.0,0,0.0,,,HPA-r0,storm,330
50.0,1.2309346292757928,0.0,97.50138888888888,74.0,0.075,0.02043052104304365,99,25.0,0,0.0,,,HPA-r0,storm,331
115.0,3.9744517884886976,0.0,107.63055555555556,120.0,0.075,0.003948002665664121,129,45.0,0,0.0,,,HPA-r0,storm,332
15.0,0.03567813274526488,0.0,100.29027777777777,87.0,0.075,0.9053174579435723,116,6.25,0,0.0,,,HPA-r0,storm,333
15.0,0.20963761182321017,0.0,94.6875,75.0,0.075,0.4449191248669279,99,7.5,0,0.0,,,HPA-r0,storm,334
0.0,0.014614312395477835,0.0,87.62638888888888,62.0,0.075,0.9542925538782988,81,0.0,0,0.0,,,HPA-r0,storm,335
0.0,0.0,0.0,91.00277777777778,71.0,0.075,1.0,92,0.0,0,0.0,,,HPA-r0,storm,336
65.0,0.6524798291244527,0.0,93.3375,73.0,0.075,0.3233921348989112,99,18.75,0,0.0,,,HPA-r0,storm,337
45.0,0.9473142311281713,0.0,101.54722222222222,106.0,0.075,0.03454230623150716,120,15.0,0,0.0,,,HPA-r0,storm,338
0.0,0.0,0.0,98.98194444444445,89.0,0.075,1.0,109,0.0,0,0.0,,,HPA-r0,storm,339
0.0,0.0,0.0,91.01666666666667,84.0,0.075,1.0,225,0.0,0,0.0,,,HPA-fast-r0,storm,300
10.0,0.024828336624027614,0.0,92.52638888888889,95.0,0.075,0.8916474303131422,209,2.5,0,0.0,,,HPA-fast-r0,storm,301
30.0,0.12837012356186062,0.0,95.35833333333333,116.0,0.075,0.797759317282681,300,15.0,0,0.0,,,HPA-fast-r0,storm,302
30.0,0.34502403451402985,0.0,91.39861111111111,88.0,0.075,0.09097203467410012,209,15.0,0,0.0,,,HPA-fast-r0,storm,303
35.0,0.2063974010240055,0.0,93.88055555555556,107.0,0.075,0.5116396178784379,232,11.25,0,0.0,,,HPA-fast-r0,storm,304
30.0,0.44015767197492783,0.0,89.65,80.0,0.075,0.0015164108630303828,198,16.25,0,0.0,,,HPA-fast-r0,storm,305
5.0,0.007207396379360631,0.0,90.63472222222222,76.0,0.075,0.9216480637273042,183,2.5,0,0.0,,,HPA-fast-r0,storm,306
60.0,0.5432383653649175,0.0,90.04722222222222,79.0,0.075,0.010052346128926498,200,22.5,0,0.0,,,HPA-fast-r0,storm,307
20.0,0.156791771306386,0.0,94.50138888888888,120.0,0.075,0.060895390963156236,284,5.0,0,0.0,,,HPA-fast-r0,storm,308
0.0,0.003359588761442378,0.0,86.60694444444445,77.0,0.075,0.9717393629647758,179,0.0,0,0.0,,,HPA-fast-r0,storm,309
50.0,1.2093383315194162,0.0,95.33055555555555,76.0,0.075,0.0,191,23.75,0,0.0,,,HPA-fast-r0,storm,310
15.0,0.37263866583634453,0.0,87.95416666666667,79.0,0.075,0.21116337396816812,212,7.5,0,0.0,,,HPA-fast-r0,storm,311
0.0,0.0,0.0,92.01666666666667,82.0,0.075,1.0,223,0.0,0,0.0,,,HPA-fast-r0,storm,312
45.0,0.5450089330320873,0.0,89.51388888888889,88.0,0.075,0.028040453205778477,191,11.25,0,0.0,,,HPA-fast-r0,storm,313
70.0,0.9339054282076154,0.0,97.46111111111111,120.0,0.075,0.0001318610433947428,288,22.5,0,0.0,,,HPA-fast-r0,storm,314
0.0,0.006185334105990314,0.0,91.90138888888889,76.0,0.075,0.9575277537922947,203,0.0,0,0.0,,,HPA-fast-r0,storm,315
45.0,0.7573980628336807,0.0,93.60138888888889,108.0,0.075,0.031006082282147227,236,16.25,0,0.0,,,HPA-fast-r0,storm,316
10.0,0.13295979586244178,0.0,88.47916666666667,78.0,0.075,0.7115139542684651,202,5.0,0,0.0,,,HPA-fast-r0,storm,317
10.0,0.04050242755002653,0.0,94.4375,96.0,0.075,0.9339645235080323,206,5.0,0,0.0,,,HPA-fast-r0,storm,318
5.0,0.026661762562996127,0.0,90.33194444444445,97.0,0.075,0.9445543898429015,187,2.5,0,0.0,,,HPA-fast-r0,storm,319
75.0,1.339190809605606,0.0,98.40833333333333,120.0,0.075,0.00013186104339474279,305,26.25,0,0.0,,,HPA-fast-r0,storm,320
5.0,0.008636512816806441,0.0,90.98194444444445,78.0,0.075,0.926733981166046,183,1.25,0,0.0,,,HPA-fast-r0,storm,321
10.0,0.038411764372447976,0.0,95.60972222222222,106.0,0.075,0.907353940314396,230,2.5,0,0.0,,,HPA-fast-r0,storm,322
40.0,0.8598563353886535,0.0,88.7611111111111,74.0,0.075,0.054970933083209696,216,10.0,0,0.0,,,HPA-fast-r0,storm,323
20.0,0.20314632282841805,0.0,92.11527777777778,92.0,0.075,0.16499246477127388,211,11.25,0,0.0,,,HPA-fast-r0,storm,324
5.0,0.02904310624244344,0.0,91.74444444444444,95.0,0.075,0.8878924038335928,188,2.5,0,0.0,,,HPA-fast-r0,storm,325
15.0,0.016262619785012422,0.0,96.9625,118.0,0.075,0.9127958699771255,302,7.5,0,0.0,,,HPA-fast-r0,storm,326
10.0,0.02238824751037427,0.0,85.875,76.0,0.075,0.9120949862425474,171,3.75,0,0.0,,,HPA-fast-r0,storm,327
5.0,0.01283784423612433,0.0,90.21388888888889,73.0,0.075,0.9312242855509103,191,2.5,0,0.0,,,HPA-fast-r0,storm,328
30.0,0.4186568143351388,0.0,88.82777777777778,76.0,0.075,0.08035622425350032,208,16.25,0,0.0,,,HPA-fast-r0,storm,329
20.0,0.4694915843405201,0.0,92.98194444444445,98.0,0.075,0.24608498111305682,204,10.0,0,0.0,,,HPA-fast-r0,storm,330
45.0,0.7981854268104049,0.0,92.10833333333333,75.0,0.075,0.03281655372809584,204,20.0,0,0.0,,,HPA-fast-r0,storm,331
110.0,2.449535797137392,0.0,97.70694444444445,119.0,0.075,0.000556829343030318,277,37.5,0,0.0,,,HPA-fast-r0,storm,332
5.0,0.010523192176770113,0.0,91.80416666666666,83.0,0.075,0.9411579450440917,204,2.5,0,0.0,,,HPA-fast-r0,storm,333
20.0,0.44802829487062823,0.0,91.21944444444445,79.0,0.075,0.11799761417164749,193,10.0,0,0.0,,,HPA-fast-r0,storm,334
0.0,0.0062860935394759565,0.0,88.83472222222223,76.0,0.075,0.9702836070695009,227,0.0,0,0.0,,,HPA-fast-r0,storm,335
0.0,0.0,0.0,90.36527777777778,83.0,0.075,1.0,206,0.0,0,0.0,,,HPA-fast-r0,storm,336
30.0,0.25505780709754733,0.0,89.04444444444445,86.0,0.075,0.3954074820660336,199,15.0,0,0.0,,,HPA-fast-r0,storm,337
30.0,1.1453081782141217,0.0,94.79444444444445,118.0,0.075,0.0018937258961591523,280,15.0,0,0.0,,,HPA-fast-r0,storm,338
10.0,0.021346643966879686,0.0,89.24027777777778,85.0,0.075,0.8857248578632919,194,7.5,0,0.0,,,HPA-fast-r0,storm,339
0.0,0.0,0.0,122.94722222222222,101.0,0.075,1.0,146,0.0,0,0.0,,,HPA-45-r0,storm,300
0.0,0.0,0.0,123.15555555555555,102.0,0.075,1.0,129,0.0,0,0.0,,,HPA-45-r0,storm,301
0.0,0.0,0.0,125.37916666666666,120.0,0.075,1.0,156,0.0,0,0.0,,,HPA-45-r0,storm,302
0.0,0.0,0.0,127.93888888888888,110.0,0.075,1.0,118,0.0,0,0.0,,,HPA-45-r0,storm,303
0.0,0.011404265155900983,0.0,123.40694444444445,108.0,0.075,0.954352248647582,115,0.0,0,0.0,,,HPA-45-r0,storm,304
0.0,0.0,0.0,114.14583333333333,97.0,0.075,1.0,104,0.0,0,0.0,,,HPA-45-r0,storm,305
0.0,0.0,0.0,121.95416666666667,94.0,0.075,1.0,133,0.0,0,0.0,,,HPA-45-r0,storm,306
0.0,0.0,0.0,122.48055555555555,93.0,0.075,1.0,105,0.0,0,0.0,,,HPA-45-r0,storm,307
0.0,0.006520388073261163,0.0,123.90138888888889,120.0,0.075,0.9751727169721195,146,0.0,0,0.0,,,HPA-45-r0,storm,308
0.0,0.0,0.0,116.39861111111111,98.0,0.075,1.0,121,0.0,0,0.0,,,HPA-45-r0,storm,309
10.0,0.025661398699294846,0.0,122.3236111111111,93.0,0.075,0.8921608471009874,99,5.0,0,0.0,,,HPA-45-r0,storm,310
0.0,0.0,0.0,111.21944444444445,87.0,0.075,1.0,88,0.0,0,0.0,,,HPA-45-r0,storm,311
0.0,0.0,0.0,121.16527777777777,91.0,0.075,1.0,133,0.0,0,0.0,,,HPA-45-r0,storm,312
15.0,0.14227808721688495,0.0,122.28472222222223,98.0,0.075,0.3573877220444229,127,3.75,0,0.0,,,HPA-45-r0,storm,313
20.0,0.9823058460640688,0.0,127.08611111111111,120.0,0.075,0.08461639719096792,148,10.0,0,0.0,,,HPA-45-r0,storm,314
0.0,0.0,0.0,122.58194444444445,89.0,0.075,1.0,110,0.0,0,0.0,,,HPA-45-r0,storm,315
25.0,0.07554100175757306,0.0,122.22777777777777,108.0,0.075,0.8458728459147367,107,6.25,0,0.0,,,HPA-45-r0,storm,316
0.0,0.0,0.0,112.22916666666667,83.0,0.075,1.0,83,0.0,0,0.0,,,HPA-45-r0,storm,317
0.0,0.0,0.0,126.39861111111111,112.0,0.075,1.0,107,0.0,0,0.0,,,HPA-45-r0,storm,318
0.0,0.0,0.0,127.37361111111112,120.0,0.075,1.0,140,0.0,0,0.0,,,HPA-45-r0,storm,319
5.0,0.025001239605981773,0.0,127.77638888888889,120.0,0.075,0.901268370557906,142,2.5,0,0.0,,,HPA-45-r0,storm,320
0.0,0.0,0.0,122.72222222222223,89.0,0.075,1.0,116,0.0,0,0.0,,,HPA-45-r0,storm,321
0.0,0.0,0.0,124.95416666666667,108.0,0.075,1.0,102,0.0,0,0.0,,,HPA-45-r0,storm,322
20.0,0.4094469691614533,0.0,112.82083333333334,80.0,0.075,0.054970933083209696,117,5.0,0,0.0,,,HPA-45-r0,storm,323
0.0,0.0,0.0,124.44305555555556,114.0,0.075,1.0,123,0.0,0,0.0,,,HPA-45-r0,storm,324
0.0,0.0,0.0,125.11111111111111,118.0,0.075,1.0,125,0.0,0,0.0,,,HPA-45-r0,storm,325
0.0,0.0006654282115547971,0.0,127.60277777777777,120.0,0.075,0.9974771162991236,149,0.0,0,0.0,,,HPA-45-r0,storm,326
0.0,0.0,0.0,114.28888888888889,89.0,0.075,1.0,103,0.0,0,0.0,,,HPA-45-r0,storm,327
0.0,0.0,0.0,114.81666666666666,84.0,0.075,1.0,92,0.0,0,0.0,,,HPA-45-r0,storm,328
15.0,0.10108715394464562,0.0,111.03194444444445,82.0,0.075,0.5888753359140105,85,10.0,0,0.0,,,HPA-45-r0,storm,329
10.0,0.050706166359271165,0.0,121.43888888888888,104.0,0.075,0.8673417249830894,118,5.0,0,0.0,,,HPA-45-r0,storm,330
0.0,0.0,0.0,123.71805555555555,93.0,0.075,1.0,119,0.0,0,0.0,,,HPA-45-r0,storm,331
20.0,0.3054088759652851,0.0,128.92638888888888,120.0,0.075,0.4936541868432701,156,10.0,0,0.0,,,HPA-45-r0,storm,332
0.0,0.0,0.0,128.65694444444443,118.0,0.075,1.0,125,0.0,0,0.0,,,HPA-45-r0,storm,333
0.0,0.0,0.0,118.79305555555555,95.0,0.075,1.0,106,0.0,0,0.0,,,HPA-45-r0,storm,334
0.0,0.0,0.0,113.35555555555555,80.0,0.075,1.0,103,0.0,0,0.0,,,HPA-45-r0,storm,335
0.0,0.0,0.0,116.79444444444445,92.0,0.075,1.0,119,0.0,0,0.0,,,HPA-45-r0,storm,336
0.0,0.0,0.0,121.6875,100.0,0.075,1.0,124,0.0,0,0.0,,,HPA-45-r0,storm,337
0.0,0.01032213085950806,0.0,125.5,120.0,0.075,0.9583880978660078,154,0.0,0,0.0,,,HPA-45-r0,storm,338
0.0,0.0,0.0,125.67222222222222,113.0,0.075,1.0,135,0.0,0,0.0,,,HPA-45-r0,storm,339
0.0,0.0,0.0,136.75416666666666,97.0,0.075,1.0,127,0.0,0,0.0,,,PredHPA-r0,storm,300
0.0,0.0,0.0,138.03194444444443,109.0,0.075,1.0,107,0.0,0,0.0,,,PredHPA-r0,storm,301
0.0,0.0,0.0,146.42222222222222,120.0,0.075,1.0,155,0.0,0,0.0,,,PredHPA-r0,storm,302
0.0,0.0,0.0,143.8763888888889,109.0,0.075,1.0,117,0.0,0,0.0,,,PredHPA-r0,storm,303
0.0,0.0,0.0,149.61666666666667,120.0,0.075,1.0,144,0.0,0,0.0,,,PredHPA-r0,storm,304
0.0,0.0,0.0,144.2,118.0,0.075,1.0,124,0.0,0,0.0,,,PredHPA-r0,storm,305
0.0,0.0,0.0,136.5847222222222,98.0,0.075,1.0,117,0.0,0,0.0,,,PredHPA-r0,storm,306
0.0,0.0,0.0,140.75694444444446,117.0,0.075,1.0,106,0.0,0,0.0,,,PredHPA-r0,storm,307
0.0,0.0,0.0,147.14583333333334,120.0,0.075,1.0,147,0.0,0,0.0,,,PredHPA-r0,storm,308
0.0,0.0007053089301822801,0.0,133.84583333333333,96.0,0.075,0.9948466082417967,105,0.0,0,0.0,,,PredHPA-r0,storm,309
0.0,0.0,0.0,145.6,105.0,0.075,1.0,128,0.0,0,0.0,,,PredHPA-r0,storm,310
0.0,0.0,0.0,148.11944444444444,113.0,0.075,1.0,120,0.0,0,0.0,,,PredHPA-r0,storm,311
0.0,0.0,0.0,136.63055555555556,97.0,0.075,1.0,141,0.0,0,0.0,,,PredHPA-r0,storm,312
0.0,0.0,0.0,137.4638888888889,115.0,0.075,1.0,121,0.0,0,0.0,,,PredHPA-r0,storm,313
0.0,0.0,0.0,150.53472222222223,120.0,0.075,1.0,148,0.0,0,0.0,,,PredHPA-r0,storm,314
0.0,0.0,0.0,144.9013888888889,120.0,0.075,1.0,146,0.0,0,0.0,,,PredHPA-r0,storm,315
0.0,0.0,0.0,151.34027777777777,120.0,0.075,1.0,139,0.0,0,0.0,,,PredHPA-r0,storm,316
0.0,0.0,0.0,148.54305555555555,115.0,0.075,1.0,125,0.0,0,0.0,,,PredHPA-r0,storm,317
0.0,0.0036303660994940756,0.0,146.42083333333332,120.0,0.075,0.9748962757008857,149,0.0,0,0.0,,,PredHPA-r0,storm,318
0.0,0.0,0.0,139.73888888888888,120.0,0.075,1.0,130,0.0,0,0.0,,,PredHPA-r0,storm,319
0.0,0.0,0.0,151.89027777777778,120.0,0.075,1.0,143,0.0,0,0.0,,,PredHPA-r0,storm,320
0.0,0.0,0.0,143.6625,120.0,0.075,1.0,137,0.0,0,0.0,,,PredHPA-r0,storm,321
0.0,0.0,0.0,148.5888888888889,120.0,0.075,1.0,123,0.0,0,0.0,,,PredHPA-r0,storm,322
0.0,0.0029593614435774462,0.0,150.725,120.0,0.075,0.9810330762445614,134,0.0,0,0.0,,,PredHPA-r0,storm,323
0.0,0.0,0.0,146.5402777777778,116.0,0.075,1.0,140,0.0,0,0.0,,,PredHPA-r0,storm,324
0.0,0.0,0.0,140.50277777777777,120.0,0.075,1.0,133,0.0,0,0.0,,,PredHPA-r0,storm,325
0.0,0.0,0.0,146.04166666666666,120.0,0.075,1.0,147,0.0,0,0.0,,,PredHPA-r0,storm,326
0.0,0.0,0.0,133.46805555555557,96.0,0.075,1.0,105,0.0,0,0.0,,,PredHPA-r0,storm,327
0.0,0.0,0.0,142.44166666666666,106.0,0.075,1.0,122,0.0,0,0.0,,,PredHPA-r0,storm,328
0.0,0.0,0.0,148.6513888888889,116.0,0.075,1.0,122,0.0,0,0.0,,,PredHPA-r0,storm,329
0.0,0.0012686587998467225,0.0,146.10694444444445,120.0,0.075,0.9929224859901526,145,0.0,0,0.0,,,PredHPA-r0,storm,330
0.0,0.0,0.0,140.375,113.0,0.075,1.0,121,0.0,0,0.0,,,PredHPA-r0,storm,331
0.0,0.003122953965428721,0.0,152.51944444444445,120.0,0.075,0.9818072798286331,137,0.0,0,0.0,,,PredHPA-r0,storm,332
0.0,0.0,0.0,141.7763888888889,120.0,0.075,1.0,130,0.0,0,0.0,,,PredHPA-r0,storm,333
0.0,0.0,0.0,146.66666666666666,118.0,0.075,1.0,118,0.0,0,0.0,,,PredHPA-r0,storm,334
0.0,0.0001926261750551106,0.0,146.39166666666668,112.0,0.075,0.9986667927308028,127,0.0,0,0.0,,,PredHPA-r0,storm,335
0.0,0.0,0.0,137.32361111111112,99.0,0.075,1.0,125,0.0,0,0.0,,,PredHPA-r0,storm,336
0.0,0.0,0.0,141.81805555555556,115.0,0.075,1.0,124,0.0,0,0.0,,,PredHPA-r0,storm,337
0.0,0.0,0.0,146.17638888888888,120.0,0.075,1.0,145,0.0,0,0.0,,,PredHPA-r0,storm,338
0.0,0.00040314990558121266,0.0,134.62777777777777,105.0,0.075,0.9972133806888914,121,0.0,0,0.0,,,PredHPA-r0,storm,339
0.0,0.0,0.0,137.5402777777778,96.0,0.075,1.0,129,0.0,0,0.0,,,PredHPA-r1,storm,300
0.0,0.0,0.0,138.03194444444443,109.0,0.075,1.0,107,0.0,0,0.0,,,PredHPA-r1,storm,301
0.0,0.0,0.0,146.42222222222222,120.0,0.075,1.0,155,0.0,0,0.0,,,PredHPA-r1,storm,302
0.0,0.0,0.0,143.8763888888889,109.0,0.075,1.0,117,0.0,0,0.0,,,PredHPA-r1,storm,303
0.0,0.0,0.0,149.61666666666667,120.0,0.075,1.0,144,0.0,0,0.0,,,PredHPA-r1,storm,304
0.0,0.0,0.0,144.04444444444445,118.0,0.075,1.0,130,0.0,0,0.0,,,PredHPA-r1,storm,305
0.0,0.0,0.0,137.40972222222223,95.0,0.075,1.0,116,0.0,0,0.0,,,PredHPA-r1,storm,306
0.0,0.0,0.0,140.75694444444446,117.0,0.075,1.0,106,0.0,0,0.0,,,PredHPA-r1,storm,307
0.0,0.0,0.0,147.14583333333334,120.0,0.075,1.0,147,0.0,0,0.0,,,PredHPA-r1,storm,308
0.0,0.0007053089301822801,0.0,133.84583333333333,96.0,0.075,0.9948466082417967,105,0.0,0,0.0,,,PredHPA-r1,storm,309
0.0,0.0,0.0,145.6,105.0,0.075,1.0,128,0.0,0,0.0,,,PredHPA-r1,storm,310
0.0,0.0,0.0,149.32777777777778,116.0,0.075,1.0,126,0.0,0,0.0,,,PredHPA-r1,storm,311
0.0,0.0,0.0,139.12777777777777,98.0,0.075,1.0,144,0.0,0,0.0,,,PredHPA-r1,storm,312
0.0,0.0,0.0,137.4638888888889,115.0,0.075,1.0,121,0.0,0,0.0,,,PredHPA-r1,storm,313
0.0,0.0,0.0,150.53472222222223,120.0,0.075,1.0,148,0.0,0,0.0,,,PredHPA-r1,storm,314
0.0,0.0,0.0,144.9013888888889,120.0,0.075,1.0,146,0.0,0,0.0,,,PredHPA-r1,storm,315
0.0,0.0,0.0,151.34027777777777,120.0,0.075,1.0,139,0.0,0,0.0,,,PredHPA-r1,storm,316
0.0,0.0,0.0,150.64027777777778,117.0,0.075,1.0,130,0.0,0,0.0,,,PredHPA-r1,storm,317
60.0,0.9494387520111891,0.0,150.51666666666668,120.0,0.075,0.0001318610433947428,163,15.0,0,0.0,,,PredHPA-r1,storm,318
0.0,0.0,0.0,139.73888888888888,120.0,0.075,1.0,130,0.0,0,0.0,,,PredHPA-r1,storm,319
0.0,0.0,0.0,151.89027777777778,120.0,0.075,1.0,143,0.0,0,0.0,,,PredHPA-r1,storm,320
0.0,0.0,0.0,143.6625,120.0,0.075,1.0,137,0.0,0,0.0,,,PredHPA-r1,storm,321
0.0,0.0,0.0,148.5888888888889,120.0,0.075,1.0,123,0.0,0,0.0,,,PredHPA-r1,storm,322
0.0,0.0029593614435774462,0.0,152.1472222222222,120.0,0.075,0.9810330762445614,142,0.0,0,0.0,,,PredHPA-r1,storm,323
0.0,0.0,0.0,147.76527777777778,114.0,0.075,1.0,141,0.0,0,0.0,,,PredHPA-r1,storm,324
0.0,0.0,0.0,140.50277777777777,120.0,0.075,1.0,134,0.0,0,0.0,,,PredHPA-r1,storm,325
0.0,0.0,0.0,146.04166666666666,120.0,0.075,1.0,147,0.0,0,0.0,,,PredHPA-r1,storm,326
0.0,0.0,0.0,133.46805555555557,96.0,0.075,1.0,105,0.0,0,0.0,,,PredHPA-r1,storm,327
0.0,0.0,0.0,142.44166666666666,106.0,0.075,1.0,122,0.0,0,0.0,,,PredHPA-r1,storm,328
0.0,0.0,0.0,151.34305555555557,120.0,0.075,1.0,129,0.0,0,0.0,,,PredHPA-r1,storm,329
0.0,0.0,0.0,145.5263888888889,120.0,0.075,1.0,144,0.0,0,0.0,,,PredHPA-r1,storm,330
0.0,0.0,0.0,140.375,113.0,0.075,1.0,121,0.0,0,0.0,,,PredHPA-r1,storm,331
0.0,0.003122953965428721,0.0,152.91944444444445,120.0,0.075,0.9818072798286331,139,0.0,0,0.0,,,PredHPA-r1,storm,332
0.0,0.0,0.0,141.7763888888889,120.0,0.075,1.0,130,0.0,0,0.0,,,PredHPA-r1,storm,333
0.0,0.0,0.0,146.66666666666666,118.0,0.075,1.0,118,0.0,0,0.0,,,PredHPA-r1,storm,334
0.0,0.0001926261750551106,0.0,148.5402777777778,112.0,0.075,0.9986667927308028,138,0.0,0,0.0,,,PredHPA-r1,storm,335
0.0,0.0,0.0,140.13611111111112,100.0,0.075,1.0,135,0.0,0,0.0,,,PredHPA-r1,storm,336
0.0,0.0,0.0,141.81805555555556,115.0,0.075,1.0,125,0.0,0,0.0,,,PredHPA-r1,storm,337
0.0,0.0,0.0,146.17638888888888,120.0,0.075,1.0,145,0.0,0,0.0,,,PredHPA-r1,storm,338
0.0,0.00040314990558121266,0.0,134.62777777777777,105.0,0.075,0.9972133806888914,121,0.0,0,0.0,,,PredHPA-r1,storm,339
0.0,0.25654991316933495,0.2565499131693226,113.85138888888889,120.0,0.075,0.9699999999999999,947,0.0,9,0.0,5.0,,ARC,storm,300
10.0,0.3064833745177409,0.2673070512345864,106.9,120.0,0.075,0.7947758369239132,824,2.5,10,0.0,15.0,,ARC,storm,301
20.0,0.4295769910719116,0.28020982679554307,117.41111111111111,120.0,0.075,0.45318348562589467,990,7.5,10,0.0,10.0,,ARC,storm,302
40.0,0.6707579822154974,0.3113404762514942,105.00833333333334,120.0,0.075,0.0046155809276940355,847,11.25,11,0.0,5.0,,ARC,storm,303
0.0,0.23771589017139716,0.23771589017140834,120.68333333333334,120.0,0.075,0.9699999999999999,848,0.0,9,0.0,5.0,,ARC,storm,304
10.0,0.5023812733454092,0.2925829208916432,108.82638888888889,104.0,0.075,0.09304587121946829,959,0.0,10,0.0,10.0,,ARC,storm,305
0.0,0.2679636081587389,0.2679636081587251,109.59722222222223,118.0,0.075,0.9699999999999999,862,0.0,10,0.0,10.0,,ARC,storm,306
0.0,0.29430126486077457,0.29430126486077707,102.7125,117.0,0.075,0.9699999999999999,856,0.0,10,0.0,5.0,,ARC,storm,307
10.0,0.3173158075363114,0.2744819187643682,112.30416666666666,120.0,0.075,0.8307430913401098,927,0.0,10,0.0,5.0,,ARC,storm,308
0.0,0.29698303765595124,0.29697927289624504,97.20694444444445,95.0,0.075,0.9699999999999999,733,0.0,10,0.0,10.0,,ARC,storm,309
25.0,0.342614124309526,0.2409812558940088,111.56527777777778,104.0,0.075,0.5943544337976719,850,0.0,10,0.0,5.0,,ARC,storm,310
10.0,0.3191942950621196,0.2787375915026753,111.29861111111111,120.0,0.075,0.8970017102867517,1027,2.5,10,0.0,10.0,,ARC,storm,311
0.0,0.25012690358844347,0.25012690358845663,109.4263888888889,115.0,0.075,0.9699999999999999,894,0.0,9,0.0,10.0,,ARC,storm,312
0.0,0.27945191627744004,0.2794519162774329,102.57638888888889,120.0,0.075,0.9699999999999999,868,0.0,10,0.0,10.0,,ARC,storm,313
80.0,1.2612336590286266,0.26170062987628867,108.38472222222222,120.0,0.075,0.0001318610433947428,973,22.5,10,0.0,15.0,,ARC,storm,314
0.0,0.27002798044543086,0.2700279804454206,110.91527777777777,120.0,0.075,0.9699999999999999,856,0.0,10,0.0,5.0,,ARC,storm,315
35.0,0.6989614560465096,0.23916922149940859,120.9,120.0,0.075,0.035217517123855936,896,6.25,9,0.0,5.0,,ARC,storm,316
10.0,0.337042819949418,0.2819842373273291,106.9875,119.0,0.075,0.8464509414459741,961,0.0,10,0.0,10.0,,ARC,storm,317
0.0,0.21259067375620777,0.2033093813647028,113.95138888888889,120.0,0.075,0.9699999999999999,895,0.0,10,0.0,5.0,,ARC,storm,318
0.0,0.27537964892643263,0.27537964892641426,109.0513888888889,120.0,0.075,0.9699999999999999,882,0.0,9,0.0,10.0,,ARC,storm,319
75.0,1.2469047502960962,0.27572659049029435,113.37361111111112,120.0,0.075,0.02658772040272008,928,13.75,10,0.0,10.0,,ARC,storm,320
0.0,0.269664320255969,0.26966432025597314,108.5875,120.0,0.075,0.9699999999999999,808,0.0,10,0.0,10.0,,ARC,storm,321
50.0,0.7104231624955215,0.24147287690040123,114.44722222222222,120.0,0.075,0.002494258837992859,829,22.5,9,0.0,10.0,,ARC,storm,322
20.0,0.3597209965222392,0.2567261303912838,112.98472222222222,120.0,0.075,0.873308601056348,1022,2.5,10,0.0,10.0,,ARC,storm,323
0.0,0.22413232946645323,0.2241323294664627,114.68611111111112,120.0,0.075,0.9699999999999999,977,0.0,11,0.0,10.0,,ARC,storm,324
0.0,0.2829596113832489,0.28295961138324593,104.81944444444444,120.0,0.075,0.9699999999999999,861,0.0,10,0.0,5.0,,ARC,storm,325
10.0,0.31484452288044196,0.2747658920184616,112.62222222222222,120.0,0.075,0.8881495044417712,902,1.25,10,0.0,5.0,,ARC,storm,326
0.0,0.2959258312511759,0.29566681518296917,108.28055555555555,108.0,0.075,0.9699999999999999,849,0.0,10,0.0,10.0,,ARC,storm,327
0.0,0.2494168794320517,0.24640288347355147,113.34166666666667,112.0,0.075,0.9699999999999999,898,0.0,10,0.0,10.0,,ARC,storm,328
5.0,0.31895180525534084,0.2927796453870122,114.94027777777778,120.0,0.075,0.9036630785330075,996,0.0,10,0.0,5.0,,ARC,storm,329
0.0,0.20696670892467184,0.20696670892467253,114.38888888888889,120.0,0.075,0.9699999999999999,918,0.0,10,0.0,5.0,,ARC,storm,330
20.0,0.6031501015329566,0.28120718721578575,103.4,116.0,0.075,0.0028109823977852067,831,10.0,10,0.0,10.0,,ARC,storm,331
50.0,0.7030292688028017,0.2772410774807228,113.15555555555555,120.0,0.075,0.07675657424247678,925,7.5,10,0.0,5.0,,ARC,storm,332
0.0,0.27339989172859847,0.2722860532610871,108.34861111111111,120.0,0.075,0.9699999999999999,809,0.0,10,0.0,10.0,,ARC,storm,333
10.0,0.2758416249901807,0.24769132425921725,108.35694444444445,120.0,0.075,0.8890990322508973,877,0.0,10,0.0,5.0,,ARC,storm,334
5.0,0.3027412383805994,0.28243957213919185,112.81805555555556,119.0,0.075,0.9242236667366249,1024,0.0,10,0.0,5.0,,ARC,storm,335
0.0,0.2454014705967067,0.2454014705967039,110.62222222222222,120.0,0.075,0.9699999999999999,918,0.0,10,0.0,10.0,,ARC,storm,336
0.0,0.2811681803239763,0.28116818032397284,107.25972222222222,120.0,0.075,0.9699999999999999,915,0.0,10,0.0,5.0,,ARC,storm,337
45.0,1.2277688435682999,0.2687338839587941,107.91805555555555,120.0,0.075,0.03454230623150716,922,8.75,11,0.0,5.0,,ARC,storm,338
0.0,0.27978573139738616,0.2797857313973932,98.85972222222222,115.0,0.075,0.9699999999999999,786,0.0,10,0.0,10.0,,ARC,storm,339
0.0,0.25654991316933495,0.2565499131693226,113.85138888888889,120.0,0.075,0.9699999999999999,947,0.0,9,0.0,5.0,,ARC-r0,storm,300
5.0,0.2830152523652707,0.2694923903231841,106.78888888888889,120.0,0.075,0.9228192687560475,830,1.25,10,0.0,10.0,,ARC-r0,storm,301
15.0,0.34790290124876444,0.27858985226402544,114.77083333333333,120.0,0.075,0.8334555294621557,950,5.0,10,0.0,10.0,,ARC-r0,storm,302
30.0,0.4143749899834459,0.3113404762514942,104.99722222222222,120.0,0.075,0.4487162863732686,846,10.0,11,0.0,5.0,,ARC-r0,storm,303
0.0,0.23771589017139716,0.23771589017140834,120.68333333333334,120.0,0.075,0.9699999999999999,848,0.0,9,0.0,5.0,,ARC-r0,storm,304
10.0,0.44559769141820915,0.2925829208916432,108.825,104.0,0.075,0.3651396535039082,959,0.0,10,0.0,10.0,,ARC-r0,storm,305
0.0,0.2685381569052403,0.2685381569052518,106.51388888888889,113.0,0.075,0.9699999999999999,826,0.0,10,0.0,5.0,,ARC-r0,storm,306
0.0,0.29430126486077457,0.29430126486077707,102.7125,117.0,0.075,0.9699999999999999,856,0.0,10,0.0,5.0,,ARC-r0,storm,307
10.0,0.3173158075363114,0.2744819187643682,112.30416666666666,120.0,0.075,0.8307430913401098,927,0.0,10,0.0,5.0,,ARC-r0,storm,308
0.0,0.29698303765595124,0.29697927289624504,97.20694444444445,95.0,0.075,0.9699999999999999,733,0.0,10,0.0,10.0,,ARC-r0,storm,309
25.0,0.342614124309526,0.2409812558940088,111.56527777777778,104.0,0.075,0.5943544337976719,850,0.0,10,0.0,5.0,,ARC-r0,storm,310
10.0,0.31795742829878737,0.2787375915026753,111.29861111111111,120.0,0.075,0.8970017102867517,1027,2.5,10,0.0,10.0,,ARC-r0,storm,311
0.0,0.25012690358844347,0.25012690358845663,109.4263888888889,115.0,0.075,0.9699999999999999,894,0.0,9,0.0,10.0,,ARC-r0,storm,312
0.0,0.27945191627744004,0.2794519162774329,102.57638888888889,120.0,0.075,0.9699999999999999,868,0.0,10,0.0,10.0,,ARC-r0,storm,313
65.0,1.1164886053414147,0.26170062987628867,108.33055555555555,120.0,0.075,0.0001318610433947428,971,22.5,10,0.0,15.0,,ARC-r0,storm,314
0.0,0.27002798044543086,0.2700279804454206,110.91527777777777,120.0,0.075,0.9699999999999999,856,0.0,10,0.0,5.0,,ARC-r0,storm,315
25.0,0.5392649614801237,0.23916922149940859,121.175,120.0,0.075,0.06000286502914883,881,5.0,9,0.0,5.0,,ARC-r0,storm,316
10.0,0.337042819949418,0.2819842373273291,106.9875,119.0,0.075,0.8464509414459741,961,0.0,10,0.0,10.0,,ARC-r0,storm,317
0.0,0.2094977340709625,0.2033093813647028,113.95138888888889,120.0,0.075,0.9699999999999999,895,0.0,10,0.0,5.0,,ARC-r0,storm,318
0.0,0.27537964892643263,0.27537964892641426,109.0513888888889,120.0,0.075,0.9699999999999999,882,0.0,9,0.0,10.0,,ARC-r0,storm,319
60.0,0.8371738830680653,0.2775601479942393,113.52777777777777,120.0,0.075,0.054537774800490074,941,10.0,10,0.0,5.0,,ARC-r0,storm,320
0.0,0.269664320255969,0.26966432025597314,108.5875,120.0,0.075,0.9699999999999999,808,0.0,10,0.0,10.0,,ARC-r0,storm,321
40.0,0.4224454180252746,0.24404762440082706,112.03055555555555,120.0,0.075,0.41710187135954657,834,18.75,9,0.0,5.0,,ARC-r0,storm,322
15.0,0.3381925570387079,0.2567261303912838,112.98472222222222,120.0,0.075,0.873308601056348,1022,2.5,10,0.0,10.0,,ARC-r0,storm,323
0.0,0.22351392546705595,0.2235139254670463,113.41388888888889,120.0,0.075,0.9699999999999999,965,0.0,11,0.0,5.0,,ARC-r0,storm,324
0.0,0.2829596113832489,0.28295961138324593,104.81944444444444,120.0,0.075,0.9699999999999999,861,0.0,10,0.0,5.0,,ARC-r0,storm,325
5.0,0.3019964192457758,0.2747658920184616,112.61944444444444,120.0,0.075,0.9346161953412881,901,1.25,10,0.0,5.0,,ARC-r0,storm,326
0.0,0.29587268051501914,0.29566681518296917,108.28055555555555,108.0,0.075,0.9699999999999999,849,0.0,10,0.0,10.0,,ARC-r0,storm,327
0.0,0.2494168794320517,0.24640288347355147,113.34166666666667,112.0,0.075,0.9699999999999999,898,0.0,10,0.0,10.0,,ARC-r0,storm,328
5.0,0.31895180525534084,0.2927796453870122,114.94027777777778,120.0,0.075,0.9036630785330075,996,0.0,10,0.0,5.0,,ARC-r0,storm,329
0.0,0.20696670892467184,0.20696670892467253,114.38888888888889,120.0,0.075,0.9699999999999999,918,0.0,10,0.0,5.0,,ARC-r0,storm,330
20.0,0.539243964490943,0.28120718721578575,103.09166666666667,116.0,0.075,0.045115955609094795,839,10.0,10,0.0,10.0,,ARC-r0,storm,331
25.0,0.40880707750002854,0.2772410774807228,111.78472222222223,120.0,0.075,0.6182173665110556,912,3.75,10,0.0,5.0,,ARC-r0,storm,332
0.0,0.27339989172859847,0.2722860532610871,108.34861111111111,120.0,0.075,0.9699999999999999,809,0.0,10,0.0,10.0,,ARC-r0,storm,333
10.0,0.2717896784074081,0.24769132425921725,108.35694444444445,120.0,0.075,0.8890990322508973,877,0.0,10,0.0,5.0,,ARC-r0,storm,334
5.0,0.3027412383805994,0.28243957213919185,112.81805555555556,119.0,0.075,0.9242236667366249,1024,0.0,10,0.0,5.0,,ARC-r0,storm,335
0.0,0.2454014705967067,0.2454014705967039,110.62222222222222,120.0,0.075,0.9699999999999999,918,0.0,10,0.0,10.0,,ARC-r0,storm,336
0.0,0.2811681803239763,0.28116818032397284,107.25972222222222,120.0,0.075,0.9699999999999999,915,0.0,10,0.0,5.0,,ARC-r0,storm,337
45.0,1.213101935684957,0.2687338839587941,108.03611111111111,120.0,0.075,0.03454230623150716,915,8.75,11,0.0,5.0,,ARC-r0,storm,338
0.0,0.27978573139738616,0.2797857313973932,98.85972222222222,115.0,0.075,0.9699999999999999,786,0.0,10,0.0,10.0,,ARC-r0,storm,339
0.0,0.25654991316933495,0.2565499131693226,113.85138888888889,120.0,0.075,0.9699999999999999,947,0.0,9,0.0,5.0,,ARC-r1,storm,300
10.0,0.2990950191689823,0.2694923903231841,106.91805555555555,120.0,0.075,0.8763436541252878,829,2.5,10,0.0,10.0,,ARC-r1,storm,301
15.0,0.4227425837615928,0.28020982679554307,117.41111111111111,120.0,0.075,0.47727821092421135,990,5.0,10,0.0,10.0,,ARC-r1,storm,302
40.0,0.666528254287424,0.3113404762514942,105.00833333333334,120.0,0.075,0.005202113113932729,847,11.25,11,0.0,5.0,,ARC-r1,storm,303
0.0,0.23771589017139716,0.23771589017140834,120.68333333333334,120.0,0.075,0.9699999999999999,848,0.0,9,0.0,5.0,,ARC-r1,storm,304
15.0,0.6322678965051565,0.2925829208916432,108.82777777777778,104.0,0.075,0.10580638347599894,959,0.0,10,0.0,10.0,,ARC-r1,storm,305
0.0,0.2679636081587389,0.2679636081587251,109.59722222222223,118.0,0.075,0.9699999999999999,862,0.0,10,0.0,10.0,,ARC-r1,storm,306
0.0,0.29430126486077457,0.29430126486077707,102.7125,117.0,0.075,0.9699999999999999,856,0.0,10,0.0,5.0,,ARC-r1,storm,307
10.0,0.3173158075363114,0.2744819187643682,112.30416666666666,120.0,0.075,0.8307430913401098,927,0.0,10,0.0,5.0,,ARC-r1,storm,308
0.0,0.29698303765595124,0.29697927289624504,97.20694444444445,95.0,0.075,0.9699999999999999,733,0.0,10,0.0,10.0,,ARC-r1,storm,309
25.0,0.342614124309526,0.2409812558940088,111.56527777777778,104.0,0.075,0.5943544337976719,850,0.0,10,0.0,5.0,,ARC-r1,storm,310
10.0,0.3189755146151829,0.2787375915026753,111.29861111111111,120.0,0.075,0.8970017102867517,1027,2.5,10,0.0,10.0,,ARC-r1,storm,311
0.0,0.25012690358844347,0.25012690358845663,109.4263888888889,115.0,0.075,0.9699999999999999,894,0.0,9,0.0,10.0,,ARC-r1,storm,312
0.0,0.27945191627744004,0.2794519162774329,102.57638888888889,120.0,0.075,0.9699999999999999,868,0.0,10,0.0,10.0,,ARC-r1,storm,313
80.0,1.240847864289707,0.26170062987628867,108.38472222222222,120.0,0.075,0.0001318610433947428,973,22.5,10,0.0,15.0,,ARC-r1,storm,314
0.0,0.27002798044543086,0.2700279804454206,110.91527777777777,120.0,0.075,0.9699999999999999,856,0.0,10,0.0,5.0,,ARC-r1,storm,315
35.0,0.6962746468474723,0.23916922149940859,120.9,120.0,0.075,0.035217517123855936,896,6.25,9,0.0,5.0,,ARC-r1,storm,316
10.0,0.337042819949418,0.2819842373273291,106.9875,119.0,0.075,0.8464509414459741,961,0.0,10,0.0,10.0,,ARC-r1,storm,317
0.0,0.21248139713628822,0.2033093813647028,113.95138888888889,120.0,0.075,0.9699999999999999,895,0.0,10,0.0,5.0,,ARC-r1,storm,318
0.0,0.27537964892643263,0.27537964892641426,109.0513888888889,120.0,0.075,0.9699999999999999,882,0.0,9,0.0,10.0,,ARC-r1,storm,319
75.0,1.2278788201278146,0.27572659049029435,113.37361111111112,120.0,0.075,0.034227768781637184,928,13.75,10,0.0,10.0,,ARC-r1,storm,320
0.0,0.269664320255969,0.26966432025597314,108.5875,120.0,0.075,0.9699999999999999,808,0.0,10,0.0,10.0,,ARC-r1,storm,321
45.0,0.6784815802268085,0.24147287690040123,114.4263888888889,120.0,0.075,0.006520973664743918,829,17.5,9,0.0,10.0,,ARC-r1,storm,322
20.0,0.3552674848626314,0.2567261303912838,112.98472222222222,120.0,0.075,0.873308601056348,1022,2.5,10,0.0,10.0,,ARC-r1,storm,323
0.0,0.22413232946645323,0.2241323294664627,114.68194444444444,120.0,0.075,0.9699999999999999,978,0.0,11,0.0,10.0,,ARC-r1,storm,324
0.0,0.2829596113832489,0.28295961138324593,104.81944444444444,120.0,0.075,0.9699999999999999,861,0.0,10,0.0,5.0,,ARC-r1,storm,325
10.0,0.3138766238668933,0.2747658920184616,112.62222222222222,120.0,0.075,0.8906639497325921,902,1.25,10,0.0,5.0,,ARC-r1,storm,326
0.0,0.29592044617507973,0.29566681518296917,108.28055555555555,108.0,0.075,0.9699999999999999,849,0.0,10,0.0,10.0,,ARC-r1,storm,327
0.0,0.2494168794320517,0.24640288347355147,113.34166666666667,112.0,0.075,0.9699999999999999,898,0.0,10,0.0,10.0,,ARC-r1,storm,328
5.0,0.31895180525534084,0.2927796453870122,114.94027777777778,120.0,0.075,0.9036630785330075,996,0.0,10,0.0,5.0,,ARC-r1,storm,329
0.0,0.20696670892467184,0.20696670892467253,114.38888888888889,120.0,0.075,0.9699999999999999,918,0.0,10,0.0,5.0,,ARC-r1,storm,330
20.0,0.6015262266767518,0.28120718721578575,103.4,116.0,0.075,0.002976952606713755,831,10.0,10,0.0,10.0,,ARC-r1,storm,331
50.0,0.6639184668576714,0.27478125475953513,112.59722222222223,120.0,0.075,0.1145501728282694,914,7.5,10,0.0,5.0,,ARC-r1,storm,332
0.0,0.27339989172859847,0.2722860532610871,108.34861111111111,120.0,0.075,0.9699999999999999,809,0.0,10,0.0,10.0,,ARC-r1,storm,333
10.0,0.2756387849645936,0.24769132425921725,108.35694444444445,120.0,0.075,0.8890990322508973,877,0.0,10,0.0,5.0,,ARC-r1,storm,334
5.0,0.3027412383805994,0.28243957213919185,112.81805555555556,119.0,0.075,0.9242236667366249,1024,0.0,10,0.0,5.0,,ARC-r1,storm,335
0.0,0.2454014705967067,0.2454014705967039,110.62222222222222,120.0,0.075,0.9699999999999999,918,0.0,10,0.0,10.0,,ARC-r1,storm,336
0.0,0.2811681803239763,0.28116818032397284,107.25972222222222,120.0,0.075,0.9699999999999999,915,0.0,10,0.0,5.0,,ARC-r1,storm,337
45.0,1.2253700262772171,0.2687338839587941,107.9486111111111,120.0,0.075,0.03454230623150716,923,8.75,11,0.0,5.0,,ARC-r1,storm,338
0.0,0.27978573139738616,0.2797857313973932,98.85972222222222,115.0,0.075,0.9699999999999999,786,0.0,10,0.0,10.0,,ARC-r1,storm,339
