slo_viol_s,loss_pct,shed_pct,replica_hours,peak_pods,p95_lat_s,min_avail,scale_actions,mttr_s,n_chaos,chaos_harm_s,attack_det_delay_s,poison_f1,controller,scenario,seed
5810.0,91.63209058733621,0.0,44.0,24.0,6.055,5.60176322993839e-05,0,0.0,0,0.0,,,Static,baseline,100
630.0,10.207377037561171,0.0,56.833333333333336,31.0,3.0549999999999997,0.00020200196776676047,0,0.0,0,0.0,,,Static,baseline,101
265.0,4.096386403102292,0.0,62.333333333333336,34.0,0.075,0.03807292821625635,0,0.0,0,0.0,,,Static,baseline,102
4530.0,70.02789009829151,0.0,53.166666666666664,29.0,3.3307008389683443,0.0002182976712729992,0,0.0,0,0.0,,,Static,baseline,103
0.0,0.0,0.0,73.33333333333333,40.0,0.075,1.0,0,0.0,0,0.0,,,Static,baseline,104
6130.0,90.41396288650878,0.0,36.666666666666664,20.0,3.075,0.013958580452913488,0,0.0,0,0.0,,,Static,baseline,105
5835.0,91.96551580487522,0.0,44.0,24.0,6.055,5.780143407604054e-05,0,0.0,0,0.0,,,Static,baseline,106
440.0,6.987497258196851,0.0,56.833333333333336,31.0,3.0549999999999997,0.00019616323002551557,0,0.0,0,0.0,,,Static,baseline,107
100.0,1.1671877218306759,0.0,58.666666666666664,32.0,0.075,0.03858378640539924,0,0.0,0,0.0,,,Static,baseline,108
4235.0,65.35852713604908,0.0,53.166666666666664,29.0,3.386794546381973,0.00021093629229642526,0,0.0,0,0.0,,,Static,baseline,109
0.0,0.0,0.0,73.33333333333333,40.0,0.075,1.0,0,0.0,0,0.0,,,Static,baseline,110
6125.0,90.3855780294622,0.0,36.666666666666664,20.0,3.075,0.014229078379462105,0,0.0,0,0.0,,,Static,baseline,111
5905.0,92.88069813545596,0.0,44.0,24.0,6.055,5.446329785735607e-05,0,0.0,0,0.0,,,Static,baseline,112
465.0,7.254070407396929,0.0,56.833333333333336,31.0,3.0549999999999997,0.00020181379309498624,0,0.0,0,0.0,,,Static,baseline,113
385.0,6.418993180968336,0.0,62.333333333333336,34.0,2.2839549591842117,0.03239228196595607,0,0.0,0,0.0,,,Static,baseline,114
4160.0,64.38225569226115,0.0,53.166666666666664,29.0,3.3530925905473734,0.0002113810494825085,0,0.0,0,0.0,,,Static,baseline,115
0.0,0.0,0.0,73.33333333333333,40.0,0.075,1.0,0,0.0,0,0.0,,,Static,baseline,116
6140.0,90.47968768073045,0.0,36.666666666666664,20.0,3.075,0.01398587385910846,0,0.0,0,0.0,,,Static,baseline,117
5835.0,92.10024961058133,0.0,44.0,24.0,6.055,5.796803836637899e-05,0,0.0,0,0.0,,,Static,baseline,118
630.0,10.247917084652736,0.0,56.833333333333336,31.0,3.0549999999999997,0.0001879787081140269,0,0.0,0,0.0,,,Static,baseline,119
475.0,7.863588017366352,0.0,62.333333333333336,34.0,3.053,0.02047417578213166,0,0.0,0,0.0,,,Static,baseline,120
370.0,3.811707193891445,0.0,55.0,30.0,0.5460277908031504,0.036475621570512276,0,0.0,0,0.0,,,Static,baseline,121
0.0,0.0,0.0,73.33333333333333,40.0,0.075,1.0,0,0.0,0,0.0,,,Static,baseline,122
6130.0,90.58588337820417,0.0,36.666666666666664,20.0,3.075,0.014303079748564079,0,0.0,0,0.0,,,Static,baseline,123
5790.0,91.10015385757015,0.0,44.0,24.0,6.055,5.4311772946456835e-05,0,0.0,0,0.0,,,Static,baseline,124
615.0,10.217957143312706,0.0,56.833333333333336,31.0,3.0549999999999997,0.00018972710029824236,0,0.0,0,0.0,,,Static,baseline,125
385.0,6.268605712257824,0.0,62.333333333333336,34.0,1.7324349448038294,0.022677271793150478,0,0.0,0,0.0,,,Static,baseline,126
4150.0,63.20161300672225,0.0,53.166666666666664,29.0,3.3696190711432905,0.00020943359709627013,0,0.0,0,0.0,,,Static,baseline,127
0.0,0.0,0.0,73.33333333333333,40.0,0.075,1.0,0,0.0,0,0.0,,,Static,baseline,128
6130.0,90.43625068906486,0.0,36.666666666666664,20.0,3.075,0.013717075298930577,0,0.0,0,0.0,,,Static,baseline,129
5835.0,92.08380367012697,0.0,44.0,24.0,6.055,5.7072495213283004e-05,0,0.0,0,0.0,,,Static,baseline,130
460.0,7.253890907274818,0.0,56.833333333333336,31.0,3.0549999999999997,0.00019932871246339256,0,0.0,0,0.0,,,Static,baseline,131
325.0,5.239499977188844,0.0,62.333333333333336,34.0,0.2643783714116154,0.04018205542589329,0,0.0,0,0.0,,,Static,baseline,132
390.0,3.7945219737843594,0.0,55.0,30.0,0.5093472012612544,0.036266941123513294,0,0.0,0,0.0,,,Static,baseline,133
0.0,0.0,0.0,73.33333333333333,40.0,0.075,1.0,0,0.0,0,0.0,,,Static,baseline,134
6130.0,90.58101157149171,0.0,36.666666666666664,20.0,3.075,0.0134964829819501,0,0.0,0,0.0,,,Static,baseline,135
1605.0,23.448948744532395,0.0,45.833333333333336,25.0,3.075,0.02685773652566853,0,0.0,0,0.0,,,Static,baseline,136
590.0,9.576621984351974,0.0,56.833333333333336,31.0,3.0549999999999997,0.00019558949256473653,0,0.0,0,0.0,,,Static,baseline,137
470.0,7.7498012598896775,0.0,62.333333333333336,34.0,3.053,0.0307495229322929,0,0.0,0,0.0,,,Static,baseline,138
390.0,3.531468552217165,0.0,55.0,30.0,0.49626491509354953,0.03600296098967717,0,0.0,0,0.0,,,Static,baseline,139
5.0,0.023538665708777717,0.0,71.475,45.0,0.075,0.8817670589192735,42,0.0,0,0.0,,,HPA,baseline,100
10.0,0.03271004779201725,0.0,77.94027777777778,54.0,0.075,0.899386391469853,77,0.0,0,0.0,,,HPA,baseline,101
0.0,0.0,0.0,76.3125,64.0,0.075,1.0,53,0.0,0,0.0,,,HPA,baseline,102
0.0,0.0,0.0,73.2375,44.0,0.075,1.0,36,0.0,0,0.0,,,HPA,baseline,103
0.0,0.0,0.0,72.43333333333334,48.0,0.075,1.0,50,0.0,0,0.0,,,HPA,baseline,104
0.0,0.0,0.0,73.7375,42.0,0.075,1.0,30,0.0,0,0.0,,,HPA,baseline,105
15.0,0.1328348382722666,0.0,69.8125,44.0,0.075,0.48941040794496155,30,0.0,0,0.0,,,HPA,baseline,106
10.0,0.05135003180308795,0.0,76.66944444444445,55.0,0.075,0.858474850840828,68,0.0,0,0.0,,,HPA,baseline,107
0.0,0.0,0.0,73.73611111111111,46.0,0.075,1.0,40,0.0,0,0.0,,,HPA,baseline,108
0.0,0.0,0.0,75.04027777777777,60.0,0.075,1.0,46,0.0,0,0.0,,,HPA,baseline,109
0.0,0.0,0.0,71.35277777777777,48.0,0.075,1.0,48,0.0,0,0.0,,,HPA,baseline,110
0.0,0.0,0.0,76.74166666666666,61.0,0.075,1.0,35,0.0,0,0.0,,,HPA,baseline,111
5.0,0.014138023430365632,0.0,70.69305555555556,45.0,0.075,0.9207450927924238,40,0.0,0,0.0,,,HPA,baseline,112
40.0,0.5781479301181003,0.0,76.55833333333334,56.0,0.075,0.05261612415618166,71,0.0,0,0.0,,,HPA,baseline,113
0.0,0.00026592260713442784,0.0,73.72222222222223,46.0,0.075,0.9984675843702986,41,0.0,0,0.0,,,HPA,baseline,114
0.0,0.0,0.0,72.12083333333334,45.0,0.075,1.0,36,0.0,0,0.0,,,HPA,baseline,115
0.0,0.0,0.0,72.0111111111111,48.0,0.075,1.0,50,0.0,0,0.0,,,HPA,baseline,116
0.0,0.0,0.0,73.2388888888889,43.0,0.075,1.0,22,0.0,0,0.0,,,HPA,baseline,117
5.0,0.011783095601680671,0.0,72.32916666666667,51.0,0.075,0.9332933526137996,42,0.0,0,0.0,,,HPA,baseline,118
40.0,1.004168410228301,0.0,78.91805555555555,64.0,0.075,0.03001798355118366,82,0.0,0,0.0,,,HPA,baseline,119
0.0,0.0,0.0,73.75694444444444,47.0,0.075,1.0,41,0.0,0,0.0,,,HPA,baseline,120
0.0,0.0,0.0,73.24861111111112,44.0,0.075,1.0,36,0.0,0,0.0,,,HPA,baseline,121
0.0,0.0,0.0,71.41527777777777,46.0,0.075,1.0,45,0.0,0,0.0,,,HPA,baseline,122
0.0,0.0,0.0,75.5875,60.0,0.075,1.0,39,0.0,0,0.0,,,HPA,baseline,123
15.0,0.04153264567651194,0.0,70.81666666666666,43.0,0.075,0.9046482428544613,36,0.0,0,0.0,,,HPA,baseline,124
40.0,0.889226526155984,0.0,77.27916666666667,59.0,0.075,0.04002396267574048,75,0.0,0,0.0,,,HPA,baseline,125
0.0,0.00036498666414752634,0.0,73.45555555555555,45.0,0.075,0.9981973864195177,39,0.0,0,0.0,,,HPA,baseline,126
0.0,0.0,0.0,73.72083333333333,45.0,0.075,1.0,37,0.0,0,0.0,,,HPA,baseline,127
0.0,0.0,0.0,71.84722222222223,48.0,0.075,1.0,46,0.0,0,0.0,,,HPA,baseline,128
0.0,0.0,0.0,76.94583333333334,59.0,0.075,1.0,44,0.0,0,0.0,,,HPA,baseline,129
5.0,0.024907534382268004,0.0,70.37361111111112,44.0,0.075,0.8669448543910308,32,0.0,0,0.0,,,HPA,baseline,130
25.0,0.08726608170420702,0.0,76.25416666666666,54.0,0.075,0.8792157702481866,64,0.0,0,0.0,,,HPA,baseline,131
0.0,0.0,0.0,73.90416666666667,45.0,0.075,1.0,43,0.0,0,0.0,,,HPA,baseline,132
0.0,0.0,0.0,74.21527777777777,46.0,0.075,1.0,41,0.0,0,0.0,,,HPA,baseline,133
0.0,0.0,0.0,71.65138888888889,47.0,0.075,1.0,42,0.0,0,0.0,,,HPA,baseline,134
0.0,0.0025409696071676535,0.0,72.77638888888889,43.0,0.075,0.9873008793772187,23,0.0,0,0.0,,,HPA,baseline,135
5.0,0.015037098488568379,0.0,70.33472222222223,45.0,0.075,0.9159852530290647,36,0.0,0,0.0,,,HPA,baseline,136
30.0,0.242141596676948,0.0,76.82638888888889,54.0,0.075,0.4857144880877068,63,0.0,0,0.0,,,HPA,baseline,137
0.0,0.0,0.0,76.18888888888888,66.0,0.075,1.0,57,0.0,0,0.0,,,HPA,baseline,138
0.0,0.0,0.0,73.1986111111111,45.0,0.075,1.0,37,0.0,0,0.0,,,HPA,baseline,139
5.0,0.01101917465822222,0.0,78.875,52.0,0.075,0.9413043443347127,136,0.0,0,0.0,,,HPA-fast,baseline,100
0.0,0.00856893197437314,0.0,78.42916666666666,58.0,0.075,0.9623696702111505,186,0.0,0,0.0,,,HPA-fast,baseline,101
0.0,0.0,0.0,81.34722222222223,58.0,0.075,1.0,186,0.0,0,0.0,,,HPA-fast,baseline,102
0.0,0.0,0.0,77.64166666666667,50.0,0.075,1.0,114,0.0,0,0.0,,,HPA-fast,baseline,103
0.0,0.0,0.0,70.82083333333334,50.0,0.075,1.0,88,0.0,0,0.0,,,HPA-fast,baseline,104
0.0,0.0,0.0,80.80555555555556,60.0,0.075,1.0,138,0.0,0,0.0,,,HPA-fast,baseline,105
5.0,0.012159633950525883,0.0,78.78888888888889,51.0,0.075,0.9359400893893615,138,0.0,0,0.0,,,HPA-fast,baseline,106
0.0,0.0,0.0,77.30694444444444,57.0,0.075,1.0,164,0.0,0,0.0,,,HPA-fast,baseline,107
0.0,0.0,0.0,80.68333333333334,58.0,0.075,1.0,159,0.0,0,0.0,,,HPA-fast,baseline,108
0.0,0.0,0.0,77.87222222222222,49.0,0.075,1.0,117,0.0,0,0.0,,,HPA-fast,baseline,109
0.0,0.0,0.0,70.27638888888889,51.0,0.075,1.0,98,0.0,0,0.0,,,HPA-fast,baseline,110
0.0,0.0,0.0,79.57638888888889,58.0,0.075,1.0,136,0.0,0,0.0,,,HPA-fast,baseline,111
0.0,0.0,0.0,78.70416666666667,51.0,0.075,1.0,132,0.0,0,0.0,,,HPA-fast,baseline,112
5.0,0.038735823814217696,0.0,77.98055555555555,60.0,0.075,0.8636590150982307,159,0.0,0,0.0,,,HPA-fast,baseline,113
0.0,0.0,0.0,81.8638888888889,59.0,0.075,1.0,169,0.0,0,0.0,,,HPA-fast,baseline,114
0.0,0.0,0.0,77.13333333333334,48.0,0.075,1.0,94,0.0,0,0.0,,,HPA-fast,baseline,115
0.0,0.0,0.0,70.40138888888889,49.0,0.075,1.0,87,0.0,0,0.0,,,HPA-fast,baseline,116
0.0,0.0,0.0,80.47222222222223,57.0,0.075,1.0,133,0.0,0,0.0,,,HPA-fast,baseline,117
0.0,0.0,0.0,78.71111111111111,53.0,0.075,1.0,144,0.0,0,0.0,,,HPA-fast,baseline,118
5.0,0.02004755311583173,0.0,77.7875,59.0,0.075,0.9162498571107756,159,0.0,0,0.0,,,HPA-fast,baseline,119
0.0,0.0,0.0,81.08055555555555,59.0,0.075,1.0,159,0.0,0,0.0,,,HPA-fast,baseline,120
0.0,0.0,0.0,78.06111111111112,50.0,0.075,1.0,112,0.0,0,0.0,,,HPA-fast,baseline,121
0.0,0.0,0.0,70.16944444444445,49.0,0.075,1.0,88,0.0,0,0.0,,,HPA-fast,baseline,122
0.0,0.0,0.0,79.97083333333333,57.0,0.075,1.0,123,0.0,0,0.0,,,HPA-fast,baseline,123
0.0,0.0,0.0,79.83888888888889,52.0,0.075,1.0,152,0.0,0,0.0,,,HPA-fast,baseline,124
5.0,0.012963762923412503,0.0,77.47083333333333,60.0,0.075,0.946931789150151,160,0.0,0,0.0,,,HPA-fast,baseline,125
0.0,0.0,0.0,81.53472222222223,60.0,0.075,1.0,172,0.0,0,0.0,,,HPA-fast,baseline,126
0.0,0.0,0.0,78.44305555555556,51.0,0.075,1.0,106,0.0,0,0.0,,,HPA-fast,baseline,127
5.0,0.005947247664539468,0.0,70.58333333333333,50.0,0.075,0.9284174305032707,89,0.0,0,0.0,,,HPA-fast,baseline,128
0.0,0.0,0.0,80.68888888888888,60.0,0.075,1.0,138,0.0,0,0.0,,,HPA-fast,baseline,129
0.0,0.0,0.0,78.5513888888889,51.0,0.075,1.0,152,0.0,0,0.0,,,HPA-fast,baseline,130
5.0,0.013589314572504119,0.0,78.46111111111111,57.0,0.075,0.9415740635076508,158,0.0,0,0.0,,,HPA-fast,baseline,131
0.0,0.0,0.0,80.38888888888889,56.0,0.075,1.0,156,0.0,0,0.0,,,HPA-fast,baseline,132
0.0,0.0,0.0,78.05972222222222,49.0,0.075,1.0,125,0.0,0,0.0,,,HPA-fast,baseline,133
0.0,0.0,0.0,70.77916666666667,50.0,0.075,1.0,88,0.0,0,0.0,,,HPA-fast,baseline,134
0.0,0.0,0.0,80.0875,60.0,0.075,1.0,121,0.0,0,0.0,,,HPA-fast,baseline,135
0.0,0.0,0.0,78.53472222222223,51.0,0.075,1.0,137,0.0,0,0.0,,,HPA-fast,baseline,136
5.0,0.024154913040830284,0.0,77.30416666666666,59.0,0.075,0.8978011057674125,150,0.0,0,0.0,,,HPA-fast,baseline,137
0.0,0.0,0.0,81.41527777777777,56.0,0.075,1.0,188,0.0,0,0.0,,,HPA-fast,baseline,138
0.0,0.0,0.0,77.89305555555555,51.0,0.075,1.0,107,0.0,0,0.0,,,HPA-fast,baseline,139
0.0,0.0,0.0,88.8013888888889,56.0,0.075,1.0,46,0.0,0,0.0,,,HPA-45,baseline,100
0.0,0.0,0.0,95.175,67.0,0.075,1.0,67,0.0,0,0.0,,,HPA-45,baseline,101
0.0,0.0,0.0,92.90833333333333,63.0,0.075,1.0,49,0.0,0,0.0,,,HPA-45,baseline,102
0.0,0.0,0.0,89.65694444444445,54.0,0.075,1.0,36,0.0,0,0.0,,,HPA-45,baseline,103
0.0,0.0,0.0,90.25416666666666,60.0,0.075,1.0,57,0.0,0,0.0,,,HPA-45,baseline,104
0.0,0.0,0.0,92.29583333333333,55.0,0.075,1.0,37,0.0,0,0.0,,,HPA-45,baseline,105
0.0,0.0,0.0,85.97638888888889,55.0,0.075,1.0,32,0.0,0,0.0,,,HPA-45,baseline,106
0.0,0.0,0.0,95.45277777777778,71.0,0.075,1.0,69,0.0,0,0.0,,,HPA-45,baseline,107
0.0,0.0,0.0,93.0111111111111,62.0,0.075,1.0,50,0.0,0,0.0,,,HPA-45,baseline,108
0.0,0.0,0.0,92.44166666666666,58.0,0.075,1.0,47,0.0,0,0.0,,,HPA-45,baseline,109
0.0,0.0,0.0,89.175,58.0,0.075,1.0,49,0.0,0,0.0,,,HPA-45,baseline,110
0.0,0.0,0.0,90.77777777777777,53.0,0.075,1.0,34,0.0,0,0.0,,,HPA-45,baseline,111
0.0,0.0,0.0,88.3861111111111,58.0,0.075,1.0,47,0.0,0,0.0,,,HPA-45,baseline,112
0.0,0.0,0.0,96.24444444444444,68.0,0.075,1.0,71,0.0,0,0.0,,,HPA-45,baseline,113
0.0,0.0,0.0,93.70555555555555,64.0,0.075,1.0,63,0.0,0,0.0,,,HPA-45,baseline,114
0.0,0.0,0.0,91.01388888888889,57.0,0.075,1.0,41,0.0,0,0.0,,,HPA-45,baseline,115
0.0,0.0,0.0,90.3125,60.0,0.075,1.0,52,0.0,0,0.0,,,HPA-45,baseline,116
0.0,0.0,0.0,91.1125,54.0,0.075,1.0,38,0.0,0,0.0,,,HPA-45,baseline,117
0.0,0.0,0.0,86.775,58.0,0.075,1.0,39,0.0,0,0.0,,,HPA-45,baseline,118
0.0,0.0,0.0,97.10833333333333,70.0,0.075,1.0,79,0.0,0,0.0,,,HPA-45,baseline,119
0.0,0.0,0.0,93.56111111111112,62.0,0.075,1.0,53,0.0,0,0.0,,,HPA-45,baseline,120
0.0,0.0,0.0,90.52083333333333,53.0,0.075,1.0,37,0.0,0,0.0,,,HPA-45,baseline,121
0.0,0.0,0.0,89.60694444444445,58.0,0.075,1.0,48,0.0,0,0.0,,,HPA-45,baseline,122
0.0,0.0,0.0,91.23611111111111,54.0,0.075,1.0,32,0.0,0,0.0,,,HPA-45,baseline,123
0.0,0.0,0.0,88.77222222222223,56.0,0.075,1.0,41,0.0,0,0.0,,,HPA-45,baseline,124
0.0,0.0,0.0,95.66666666666667,70.0,0.075,1.0,71,0.0,0,0.0,,,HPA-45,baseline,125
0.0,0.0,0.0,94.38888888888889,59.0,0.075,1.0,60,0.0,0,0.0,,,HPA-45,baseline,126
0.0,0.0,0.0,91.52083333333333,57.0,0.075,1.0,46,0.0,0,0.0,,,HPA-45,baseline,127
0.0,0.0,0.0,89.69583333333334,58.0,0.075,1.0,47,0.0,0,0.0,,,HPA-45,baseline,128
0.0,0.0,0.0,90.3236111111111,53.0,0.075,1.0,28,0.0,0,0.0,,,HPA-45,baseline,129
0.0,0.0,0.0,86.60416666666667,54.0,0.075,1.0,40,0.0,0,0.0,,,HPA-45,baseline,130
0.0,0.0,0.0,97.02083333333333,70.0,0.075,1.0,73,0.0,0,0.0,,,HPA-45,baseline,131
0.0,0.0,0.0,91.92083333333333,58.0,0.075,1.0,50,0.0,0,0.0,,,HPA-45,baseline,132
0.0,0.0,0.0,91.23333333333333,56.0,0.075,1.0,47,0.0,0,0.0,,,HPA-45,baseline,133
0.0,0.0,0.0,89.69027777777778,58.0,0.075,1.0,46,0.0,0,0.0,,,HPA-45,baseline,134
0.0,0.0,0.0,91.56388888888888,54.0,0.075,1.0,33,0.0,0,0.0,,,HPA-45,baseline,135
0.0,0.0,0.0,88.21805555555555,57.0,0.075,1.0,45,0.0,0,0.0,,,HPA-45,baseline,136
0.0,0.0,0.0,95.79444444444445,70.0,0.075,1.0,70,0.0,0,0.0,,,HPA-45,baseline,137
0.0,0.0,0.0,92.07638888888889,59.0,0.075,1.0,44,0.0,0,0.0,,,HPA-45,baseline,138
0.0,0.0,0.0,91.50833333333334,57.0,0.075,1.0,42,0.0,0,0.0,,,HPA-45,baseline,139
0.0,0.0,0.0,123.33194444444445,84.0,0.075,1.0,107,0.0,0,0.0,,,PredHPA,baseline,100
0.0,0.0,0.0,131.92222222222222,104.0,0.075,1.0,140,0.0,0,0.0,,,PredHPA,baseline,101
0.0,0.0,0.0,128.69861111111112,83.0,0.075,1.0,95,0.0,0,0.0,,,PredHPA,baseline,102
0.0,0.0,0.0,112.14305555555555,67.0,0.075,1.0,75,0.0,0,0.0,,,PredHPA,baseline,103
0.0,0.0,0.0,105.11527777777778,86.0,0.075,1.0,85,0.0,0,0.0,,,PredHPA,baseline,104
0.0,0.0,0.0,122.81666666666666,96.0,0.075,1.0,69,0.0,0,0.0,,,PredHPA,baseline,105
0.0,0.0,0.0,122.13055555555556,82.0,0.075,1.0,102,0.0,0,0.0,,,PredHPA,baseline,106
0.0,0.0,0.0,127.3638888888889,103.0,0.075,1.0,131,0.0,0,0.0,,,PredHPA,baseline,107
0.0,0.0,0.0,129.3,85.0,0.075,1.0,96,0.0,0,0.0,,,PredHPA,baseline,108
0.0,0.0,0.0,112.55972222222222,71.0,0.075,1.0,67,0.0,0,0.0,,,PredHPA,baseline,109
0.0,0.0,0.0,106.49305555555556,89.0,0.075,1.0,89,0.0,0,0.0,,,PredHPA,baseline,110
0.0,0.0,0.0,122.00555555555556,93.0,0.075,1.0,67,0.0,0,0.0,,,PredHPA,baseline,111
0.0,0.0,0.0,123.28472222222223,88.0,0.075,1.0,109,0.0,0,0.0,,,PredHPA,baseline,112
0.0,0.0,0.0,132.15694444444443,108.0,0.075,1.0,143,0.0,0,0.0,,,PredHPA,baseline,113
0.0,0.0,0.0,129.52916666666667,84.0,0.075,1.0,96,0.0,0,0.0,,,PredHPA,baseline,114
0.0,0.0,0.0,112.71111111111111,70.0,0.075,1.0,75,0.0,0,0.0,,,PredHPA,baseline,115
0.0,0.0,0.0,107.28472222222223,90.0,0.075,1.0,90,0.0,0,0.0,,,PredHPA,baseline,116
0.0,0.0,0.0,122.23333333333333,93.0,0.075,1.0,70,0.0,0,0.0,,,PredHPA,baseline,117
0.0,0.0,0.0,121.6375,84.0,0.075,1.0,98,0.0,0,0.0,,,PredHPA,baseline,118
0.0,0.0,0.0,130.57222222222222,111.0,0.075,1.0,132,0.0,0,0.0,,,PredHPA,baseline,119
0.0,0.0,0.0,128.2736111111111,85.0,0.075,1.0,93,0.0,0,0.0,,,PredHPA,baseline,120
0.0,0.0,0.0,114.05,69.0,0.075,1.0,84,0.0,0,0.0,,,PredHPA,baseline,121
0.0,0.0,0.0,106.15,88.0,0.075,1.0,84,0.0,0,0.0,,,PredHPA,baseline,122
0.0,0.0,0.0,121.41944444444445,92.0,0.075,1.0,64,0.0,0,0.0,,,PredHPA,baseline,123
0.0,0.0,0.0,123.47638888888889,89.0,0.075,1.0,93,0.0,0,0.0,,,PredHPA,baseline,124
0.0,0.0,0.0,134.3125,113.0,0.075,1.0,148,0.0,0,0.0,,,PredHPA,baseline,125
0.0,0.0,0.0,129.00833333333333,81.0,0.075,1.0,99,0.0,0,0.0,,,PredHPA,baseline,126
0.0,0.0,0.0,113.25972222222222,72.0,0.075,1.0,75,0.0,0,0.0,,,PredHPA,baseline,127
0.0,0.0,0.0,106.15277777777777,84.0,0.075,1.0,85,0.0,0,0.0,,,PredHPA,baseline,128
0.0,0.0,0.0,123.0736111111111,98.0,0.075,1.0,72,0.0,0,0.0,,,PredHPA,baseline,129
0.0,0.0,0.0,124.02777777777777,85.0,0.075,1.0,106,0.0,0,0.0,,,PredHPA,baseline,130
0.0,0.0,0.0,131.05833333333334,111.0,0.075,1.0,127,0.0,0,0.0,,,PredHPA,baseline,131
0.0,0.0,0.0,127.59444444444445,81.0,0.075,1.0,96,0.0,0,0.0,,,PredHPA,baseline,132
0.0,0.0,0.0,114.09444444444445,72.0,0.075,1.0,86,0.0,0,0.0,,,PredHPA,baseline,133
0.0,0.0,0.0,105.74027777777778,90.0,0.075,1.0,87,0.0,0,0.0,,,PredHPA,baseline,134
0.0,0.0,0.0,123.3875,99.0,0.075,1.0,65,0.0,0,0.0,,,PredHPA,baseline,135
0.0,0.0,0.0,122.27083333333333,83.0,0.075,1.0,115,0.0,0,0.0,,,PredHPA,baseline,136
0.0,0.0,0.0,127.925,110.0,0.075,1.0,124,0.0,0,0.0,,,PredHPA,baseline,137
0.0,0.0,0.0,129.57222222222222,85.0,0.075,1.0,95,0.0,0,0.0,,,PredHPA,baseline,138
0.0,0.0,0.0,114.47638888888889,71.0,0.075,1.0,73,0.0,0,0.0,,,PredHPA,baseline,139
5.0,0.023538665708777717,0.0,71.475,45.0,0.075,0.8817670589192735,42,0.0,0,0.0,,,HPA+RL,baseline,100
10.0,0.039883491377390445,0.01625328863310293,77.94027777777778,54.0,0.075,0.899386391469853,77,0.0,0,0.0,,,HPA+RL,baseline,101
0.0,0.0008824428354481384,0.0008824428354378579,76.3125,64.0,0.075,0.99523692943241,53,0.0,0,0.0,,,HPA+RL,baseline,102
0.0,0.0,0.0,73.2375,44.0,0.075,1.0,36,0.0,0,0.0,,,HPA+RL,baseline,103
0.0,0.0,0.0,72.43333333333334,48.0,0.075,1.0,50,0.0,0,0.0,,,HPA+RL,baseline,104
5.0,0.014505744264037279,0.014505744264045372,73.7375,42.0,0.075,0.9473497116464855,30,0.0,0,0.0,,,HPA+RL,baseline,105
15.0,0.1328348382722666,0.0,69.8125,44.0,0.075,0.48941040794496155,30,0.0,0,0.0,,,HPA+RL,baseline,106
10.0,0.05808047506882241,0.02432012027992892,75.55277777777778,52.0,0.075,0.8555556985520294,68,0.0,0,0.0,,,HPA+RL,baseline,107
5.0,0.016572805421377623,0.016572805421398173,73.425,46.0,0.075,0.9357199411943268,40,0.0,0,0.0,,,HPA+RL,baseline,108
0.0,0.0,0.0,75.04027777777777,60.0,0.075,1.0,46,0.0,0,0.0,,,HPA+RL,baseline,109
0.0,0.0,0.0,71.35277777777777,48.0,0.075,1.0,48,0.0,0,0.0,,,HPA+RL,baseline,110
0.0,0.0033377327566364023,0.0033377327566398063,76.74166666666666,61.0,0.075,0.9787029215964913,35,0.0,0,0.0,,,HPA+RL,baseline,111
5.0,0.015398579192615891,0.001260555762267494,70.69305555555556,45.0,0.075,0.9207450927924238,40,0.0,0,0.0,,,HPA+RL,baseline,112
10.0,0.06611627467490999,0.02749582017571729,75.42916666666666,52.0,0.075,0.8361296245696129,63,0.0,0,0.0,,,HPA+RL,baseline,113
5.0,0.015175002258271952,0.014909079651144155,73.72222222222223,46.0,0.075,0.9157725732168046,41,0.0,0,0.0,,,HPA+RL,baseline,114
0.0,0.0,0.0,72.12083333333334,45.0,0.075,1.0,36,0.0,0,0.0,,,HPA+RL,baseline,115
0.0,0.0,0.0,72.0111111111111,48.0,0.075,1.0,50,0.0,0,0.0,,,HPA+RL,baseline,116
5.0,0.006845367238017541,0.006845367238030386,73.2388888888889,43.0,0.075,0.9330723467373755,22,0.0,0,0.0,,,HPA+RL,baseline,117
5.0,0.011783095601680671,0.0,72.32916666666667,51.0,0.075,0.9332933526137996,42,0.0,0,0.0,,,HPA+RL,baseline,118
20.0,0.10891685229934556,0.02739516341886205,76.43194444444444,53.0,0.075,0.779833979336071,74,0.0,0,0.0,,,HPA+RL,baseline,119
5.0,0.012350158497087538,0.012350158497079372,73.44583333333334,47.0,0.075,0.9341590599478539,40,0.0,0,0.0,,,HPA+RL,baseline,120
0.0,0.0,0.0,73.24861111111112,44.0,0.075,1.0,36,0.0,0,0.0,,,HPA+RL,baseline,121
0.0,0.0,0.0,71.41527777777777,46.0,0.075,1.0,45,0.0,0,0.0,,,HPA+RL,baseline,122
0.0,0.0013239669935272147,0.0013239669935307037,75.5875,60.0,0.075,0.9864698903046376,39,0.0,0,0.0,,,HPA+RL,baseline,123
15.0,0.04604092402104021,0.004508278344517517,70.50694444444444,44.0,0.075,0.9046482428544613,36,0.0,0,0.0,,,HPA+RL,baseline,124
20.0,0.10565167793343822,0.03658485413544084,75.38333333333334,53.0,0.075,0.8113102171424456,66,0.0,0,0.0,,,HPA+RL,baseline,125
5.0,0.0175540478552505,0.017189061191110088,73.14444444444445,45.0,0.075,0.9048890097818483,39,0.0,0,0.0,,,HPA+RL,baseline,126
0.0,0.0,0.0,73.72083333333333,45.0,0.075,1.0,37,0.0,0,0.0,,,HPA+RL,baseline,127
0.0,0.0,0.0,71.84722222222223,48.0,0.075,1.0,46,0.0,0,0.0,,,HPA+RL,baseline,128
5.0,0.014971675942343499,0.014971675942358403,76.94583333333334,59.0,0.075,0.9249544660120542,44,0.0,0,0.0,,,HPA+RL,baseline,129
5.0,0.024907534382268004,0.0,70.37361111111112,44.0,0.075,0.8669448543910308,32,0.0,0,0.0,,,HPA+RL,baseline,130
15.0,0.06964405291268738,0.028200060202378186,75.78194444444445,52.0,0.075,0.8696872255506752,65,0.0,0,0.0,,,HPA+RL,baseline,131
0.0,0.0025279716564963195,0.002527971656487654,73.52222222222223,45.0,0.075,0.9857169270371001,43,0.0,0,0.0,,,HPA+RL,baseline,132
0.0,0.0,0.0,74.21527777777777,46.0,0.075,1.0,41,0.0,0,0.0,,,HPA+RL,baseline,133
0.0,0.0,0.0,71.65138888888889,47.0,0.075,1.0,42,0.0,0,0.0,,,HPA+RL,baseline,134
5.0,0.011269638132749282,0.011269638132747643,72.77638888888889,43.0,0.075,0.9355206581839981,23,0.0,0,0.0,,,HPA+RL,baseline,135
5.0,0.015037098488568379,0.0,70.33472222222223,45.0,0.075,0.9159852530290647,36,0.0,0,0.0,,,HPA+RL,baseline,136
10.0,0.054748656296432774,0.02299084009956338,76.62638888888888,53.0,0.075,0.8656333933773568,64,0.0,0,0.0,,,HPA+RL,baseline,137
0.0,0.008182924560073968,0.008182924560082743,76.18888888888888,66.0,0.075,0.9738336595514606,57,0.0,0,0.0,,,HPA+RL,baseline,138
0.0,0.0,0.0,73.1986111111111,45.0,0.075,1.0,37,0.0,0,0.0,,,HPA+RL,baseline,139
40.0,0.47063929275361627,0.0,108.82777777777778,97.0,0.075,0.03522099102108875,740,0.0,10,0.0,,,ARC,baseline,100
0.0,0.0,0.0,102.96111111111111,114.0,0.075,1.0,837,0.0,11,0.0,,,ARC,baseline,101
0.0,0.0,0.0,107.95555555555555,96.0,0.075,1.0,878,0.0,11,0.0,,,ARC,baseline,102
0.0,0.0,0.0,101.98472222222222,72.0,0.075,1.0,780,0.0,11,0.0,,,ARC,baseline,103
0.0,0.0,0.0,89.39305555555555,93.0,0.075,1.0,575,0.0,11,0.0,,,ARC,baseline,104
0.0,0.0,0.0,106.67083333333333,105.0,0.075,1.0,810,0.0,11,0.0,,,ARC,baseline,105
35.0,0.42978715950130475,0.0,98.58888888888889,83.0,0.075,0.047322484040492475,758,0.0,11,0.0,,,ARC,baseline,106
0.0,0.0,0.0,107.11111111111111,118.0,0.075,1.0,896,0.0,10,0.0,,,ARC,baseline,107
0.0,0.0,0.0,103.26944444444445,87.0,0.075,1.0,827,0.0,11,0.0,,,ARC,baseline,108
0.0,0.0,0.0,100.59861111111111,72.0,0.075,1.0,765,0.0,11,0.0,,,ARC,baseline,109
0.0,0.0,0.0,90.40416666666667,95.0,0.075,1.0,559,0.0,11,0.0,,,ARC,baseline,110
0.0,0.007222476266510736,0.0,103.97083333333333,98.0,0.075,0.9658425602194536,735,0.0,11,0.0,,,ARC,baseline,111
45.0,0.71470598050416,0.0,96.79027777777777,90.0,0.075,0.0446729690761761,732,0.0,11,0.0,,,ARC,baseline,112
0.0,0.0,0.0,109.53333333333333,120.0,0.075,1.0,835,0.0,10,0.0,,,ARC,baseline,113
0.0,0.0,0.0,113.03333333333333,94.0,0.075,1.0,930,0.0,11,0.0,,,ARC,baseline,114
0.0,0.0,0.0,99.73611111111111,71.0,0.075,1.0,776,0.0,11,0.0,,,ARC,baseline,115
0.0,0.0,0.0,92.44027777777778,97.0,0.075,1.0,590,0.0,11,0.0,,,ARC,baseline,116
0.0,0.0,0.0,108.70138888888889,102.0,0.075,1.0,741,0.0,11,0.0,,,ARC,baseline,117
10.0,0.028119335343546048,0.0,106.34861111111111,91.0,0.075,0.8793344052541648,770,0.0,11,0.0,,,ARC,baseline,118
0.0,0.0,0.0,103.31944444444444,119.0,0.075,1.0,828,0.0,10,0.0,,,ARC,baseline,119
0.0,0.0,0.0,104.40555555555555,88.0,0.075,1.0,882,0.0,11,0.0,,,ARC,baseline,120
0.0,0.0,0.0,102.61666666666666,73.0,0.075,1.0,827,0.0,11,0.0,,,ARC,baseline,121
0.0,0.0,0.0,91.1625,94.0,0.075,1.0,559,0.0,11,0.0,,,ARC,baseline,122
5.0,0.04924712761930072,0.0,101.19444444444444,88.0,0.075,0.7753733796544495,792,0.0,11,0.0,,,ARC,baseline,123
60.0,0.7589745675582349,0.0,110.95416666666667,105.0,0.075,0.06068181282056699,801,0.0,11,0.0,,,ARC,baseline,124
0.0,0.0,0.0,106.68194444444444,120.0,0.075,1.0,864,0.0,11,0.0,,,ARC,baseline,125
0.0,0.0,0.0,103.47083333333333,88.0,0.075,1.0,862,0.0,11,0.0,,,ARC,baseline,126
0.0,0.0,0.0,112.88055555555556,83.0,0.075,1.0,821,0.0,11,0.0,,,ARC,baseline,127
0.0,0.0,0.0,93.10972222222222,97.0,0.075,1.0,564,0.0,11,0.0,,,ARC,baseline,128
0.0,0.0,0.0,116.03333333333333,116.0,0.075,1.0,795,0.0,11,0.0,,,ARC,baseline,129
30.0,0.4667605391100893,0.0,106.93055555555556,97.0,0.075,0.06085918734072476,746,0.0,11,0.0,,,ARC,baseline,130
0.0,0.0,0.0,106.62361111111112,120.0,0.075,1.0,848,0.0,11,0.0,,,ARC,baseline,131
0.0,0.0,0.0,103.74027777777778,83.0,0.075,1.0,898,0.0,11,0.0,,,ARC,baseline,132
0.0,0.0,0.0,100.37222222222222,75.0,0.075,1.0,817,0.0,11,0.0,,,ARC,baseline,133
0.0,0.0,0.0,89.54722222222222,97.0,0.075,1.0,566,0.0,11,0.0,,,ARC,baseline,134
5.0,0.021110739233043407,0.0,103.14166666666667,104.0,0.075,0.9037435134337805,811,0.0,11,0.0,,,ARC,baseline,135
40.0,0.28344623264890956,0.0,110.30833333333334,93.0,0.075,0.05946866260326926,828,0.0,10,0.0,,,ARC,baseline,136
0.0,0.0,0.0,103.1625,120.0,0.075,1.0,867,0.0,10,0.0,,,ARC,baseline,137
0.0,0.0,0.0,105.52083333333333,90.0,0.075,1.0,849,0.0,11,0.0,,,ARC,baseline,138
0.0,0.0,0.0,102.60833333333333,74.0,0.075,1.0,816,0.0,11,0.0,,,ARC,baseline,139
35.0,0.45962011809540515,0.0,109.50416666666666,95.0,0.075,0.03522099102108875,752,0.0,11,0.0,,,ARC-noGraph,baseline,100
0.0,0.0,0.0,103.07916666666667,112.0,0.075,1.0,850,0.0,11,0.0,,,ARC-noGraph,baseline,101
0.0,0.0,0.0,107.9375,90.0,0.075,1.0,868,0.0,11,0.0,,,ARC-noGraph,baseline,102
0.0,0.0,0.0,102.17916666666666,73.0,0.075,1.0,779,0.0,11,0.0,,,ARC-noGraph,baseline,103
0.0,0.0,0.0,89.1361111111111,94.0,0.075,1.0,562,0.0,11,0.0,,,ARC-noGraph,baseline,104
0.0,0.0,0.0,106.34861111111111,102.0,0.075,1.0,790,0.0,11,0.0,,,ARC-noGraph,baseline,105
35.0,0.4569830312824652,0.0,97.81805555555556,87.0,0.075,0.06767938957756675,758,0.0,11,0.0,,,ARC-noGraph,baseline,106
0.0,0.0,0.0,106.64305555555555,115.0,0.075,1.0,895,0.0,11,0.0,,,ARC-noGraph,baseline,107
0.0,0.0,0.0,102.8375,88.0,0.075,1.0,843,0.0,11,0.0,,,ARC-noGraph,baseline,108
0.0,0.0,0.0,101.06805555555556,70.0,0.075,1.0,780,0.0,11,0.0,,,ARC-noGraph,baseline,109
0.0,0.0,0.0,90.62916666666666,95.0,0.075,1.0,571,0.0,11,0.0,,,ARC-noGraph,baseline,110
0.0,0.007222476266510736,0.0,103.93333333333334,99.0,0.075,0.9658425602194536,754,0.0,11,0.0,,,ARC-noGraph,baseline,111
45.0,0.6714389633534101,0.0,97.86111111111111,89.0,0.075,0.050684041333512904,751,0.0,11,0.0,,,ARC-noGraph,baseline,112
0.0,0.0,0.0,109.40972222222223,120.0,0.075,1.0,872,0.0,11,0.0,,,ARC-noGraph,baseline,113
0.0,0.0,0.0,112.62638888888888,93.0,0.075,1.0,896,0.0,11,0.0,,,ARC-noGraph,baseline,114
0.0,0.0,0.0,100.02222222222223,71.0,0.075,1.0,762,0.0,11,0.0,,,ARC-noGraph,baseline,115
0.0,0.0,0.0,92.24305555555556,97.0,0.075,1.0,573,0.0,11,0.0,,,ARC-noGraph,baseline,116
0.0,0.0,0.0,108.65416666666667,105.0,0.075,1.0,750,0.0,11,0.0,,,ARC-noGraph,baseline,117
10.0,0.028319158668010935,0.0,107.1625,90.0,0.075,0.8776931064352617,788,0.0,11,0.0,,,ARC-noGraph,baseline,118
0.0,0.0,0.0,103.04027777777777,119.0,0.075,1.0,848,0.0,11,0.0,,,ARC-noGraph,baseline,119
0.0,0.0,0.0,104.68472222222222,88.0,0.075,1.0,880,0.0,11,0.0,,,ARC-noGraph,baseline,120
0.0,0.0,0.0,102.23472222222222,72.0,0.075,1.0,794,0.0,11,0.0,,,ARC-noGraph,baseline,121
0.0,0.0,0.0,91.36666666666666,98.0,0.075,1.0,566,0.0,11,0.0,,,ARC-noGraph,baseline,122
5.0,0.04924712761930072,0.0,101.9263888888889,97.0,0.075,0.7753733796544495,787,0.0,11,0.0,,,ARC-noGraph,baseline,123
55.0,0.7556166736149783,0.0,112.05277777777778,104.0,0.075,0.05722047399333131,814,0.0,10,0.0,,,ARC-noGraph,baseline,124
0.0,0.0,0.0,105.95833333333333,120.0,0.075,1.0,871,0.0,11,0.0,,,ARC-noGraph,baseline,125
0.0,0.0,0.0,102.78333333333333,85.0,0.075,1.0,840,0.0,11,0.0,,,ARC-noGraph,baseline,126
0.0,0.0,0.0,113.00138888888888,84.0,0.075,1.0,823,0.0,11,0.0,,,ARC-noGraph,baseline,127
0.0,0.0,0.0,93.03888888888889,96.0,0.075,1.0,573,0.0,11,0.0,,,ARC-noGraph,baseline,128
0.0,0.0,0.0,116.3375,116.0,0.075,1.0,791,0.0,11,0.0,,,ARC-noGraph,baseline,129
30.0,0.24644485367375513,0.0,105.725,95.0,0.075,0.15376031411767324,775,0.0,11,0.0,,,ARC-noGraph,baseline,130
0.0,0.0,0.0,106.21805555555555,120.0,0.075,1.0,831,0.0,11,0.0,,,ARC-noGraph,baseline,131
0.0,0.0,0.0,103.06388888888888,84.0,0.075,1.0,883,0.0,11,0.0,,,ARC-noGraph,baseline,132
0.0,0.0,0.0,100.44583333333334,74.0,0.075,1.0,809,0.0,11,0.0,,,ARC-noGraph,baseline,133
0.0,0.0,0.0,89.5736111111111,97.0,0.075,1.0,553,0.0,11,0.0,,,ARC-noGraph,baseline,134
5.0,0.021110739233043407,0.0,103.03194444444445,102.0,0.075,0.9037435134337805,811,0.0,11,0.0,,,ARC-noGraph,baseline,135
30.0,0.3807537692073648,0.0,110.91666666666667,96.0,0.075,0.05930885226811997,812,0.0,10,0.0,,,ARC-noGraph,baseline,136
0.0,0.0,0.0,101.77361111111111,116.0,0.075,1.0,865,0.0,10,0.0,,,ARC-noGraph,baseline,137
0.0,0.0,0.0,106.33472222222223,89.0,0.075,1.0,889,0.0,11,0.0,,,ARC-noGraph,baseline,138
0.0,0.0,0.0,101.96111111111111,75.0,0.075,1.0,809,0.0,11,0.0,,,ARC-noGraph,baseline,139
35.0,0.5987830212245027,0.0,108.06388888888888,96.0,0.075,0.02038249818592583,770,0.0,0,0.0,,,ARC-noChaos,baseline,100
0.0,0.0,0.0,100.9875,110.0,0.075,1.0,837,0.0,0,0.0,,,ARC-noChaos,baseline,101
0.0,0.0,0.0,107.125,91.0,0.075,1.0,837,0.0,0,0.0,,,ARC-noChaos,baseline,102
0.0,0.0,0.0,103.54722222222222,76.0,0.075,1.0,811,0.0,0,0.0,,,ARC-noChaos,baseline,103
0.0,0.0,0.0,89.79722222222222,94.0,0.075,1.0,567,0.0,0,0.0,,,ARC-noChaos,baseline,104
0.0,0.0,0.0,104.62222222222222,101.0,0.075,1.0,823,0.0,0,0.0,,,ARC-noChaos,baseline,105
45.0,0.6901308149935836,0.0,97.11666666666666,83.0,0.075,0.06767938957756675,762,0.0,0,0.0,,,ARC-noChaos,baseline,106
0.0,0.0,0.0,105.26805555555555,113.0,0.075,1.0,898,0.0,0,0.0,,,ARC-noChaos,baseline,107
0.0,0.0,0.0,102.35833333333333,90.0,0.075,1.0,868,0.0,0,0.0,,,ARC-noChaos,baseline,108
0.0,0.0,0.0,101.8638888888889,72.0,0.075,1.0,784,0.0,0,0.0,,,ARC-noChaos,baseline,109
0.0,0.0,0.0,91.90555555555555,95.0,0.075,1.0,582,0.0,0,0.0,,,ARC-noChaos,baseline,110
0.0,0.007222476266510736,0.0,102.10694444444445,99.0,0.075,0.9658425602194536,726,0.0,0,0.0,,,ARC-noChaos,baseline,111
45.0,0.6305550440989682,0.0,96.33472222222223,86.0,0.075,0.0446729690761761,749,0.0,0,0.0,,,ARC-noChaos,baseline,112
0.0,0.0,0.0,109.06527777777778,120.0,0.075,1.0,870,0.0,0,0.0,,,ARC-noChaos,baseline,113
0.0,0.0,0.0,113.56527777777778,94.0,0.075,1.0,909,0.0,0,0.0,,,ARC-noChaos,baseline,114
0.0,0.0,0.0,100.86805555555556,72.0,0.075,1.0,802,0.0,0,0.0,,,ARC-noChaos,baseline,115
0.0,0.0,0.0,93.44722222222222,97.0,0.075,1.0,580,0.0,0,0.0,,,ARC-noChaos,baseline,116
0.0,0.0,0.0,105.64722222222223,101.0,0.075,1.0,734,0.0,0,0.0,,,ARC-noChaos,baseline,117
10.0,0.022266103351153976,0.0,107.57222222222222,91.0,0.075,0.8776931064352617,785,0.0,0,0.0,,,ARC-noChaos,baseline,118
0.0,0.0,0.0,103.20833333333333,120.0,0.075,1.0,841,0.0,0,0.0,,,ARC-noChaos,baseline,119
0.0,0.0,0.0,104.07083333333334,87.0,0.075,1.0,873,0.0,0,0.0,,,ARC-noChaos,baseline,120
0.0,0.0,0.0,103.46805555555555,74.0,0.075,1.0,809,0.0,0,0.0,,,ARC-noChaos,baseline,121
0.0,0.0,0.0,91.99166666666666,99.0,0.075,1.0,540,0.0,0,0.0,,,ARC-noChaos,baseline,122
5.0,0.04924712761930072,0.0,99.31666666666666,88.0,0.075,0.7753733796544495,775,0.0,0,0.0,,,ARC-noChaos,baseline,123
45.0,0.6269876516450057,0.0,110.40972222222223,103.0,0.075,0.06068181282056699,814,0.0,0,0.0,,,ARC-noChaos,baseline,124
0.0,0.0,0.0,104.72361111111111,120.0,0.075,1.0,881,0.0,0,0.0,,,ARC-noChaos,baseline,125
0.0,0.0,0.0,102.075,88.0,0.075,1.0,822,0.0,0,0.0,,,ARC-noChaos,baseline,126
0.0,0.0,0.0,114.50277777777778,88.0,0.075,1.0,838,0.0,0,0.0,,,ARC-noChaos,baseline,127
0.0,0.0,0.0,94.2625,97.0,0.075,1.0,581,0.0,0,0.0,,,ARC-noChaos,baseline,128
0.0,0.0,0.0,113.95,115.0,0.075,1.0,788,0.0,0,0.0,,,ARC-noChaos,baseline,129
25.0,0.11465015123975908,0.0,105.69166666666666,92.0,0.075,0.4950957005352999,783,0.0,0,0.0,,,ARC-noChaos,baseline,130
0.0,0.0,0.0,106.33472222222223,119.0,0.075,1.0,834,0.0,0,0.0,,,ARC-noChaos,baseline,131
0.0,0.0,0.0,103.18472222222222,83.0,0.075,1.0,888,0.0,0,0.0,,,ARC-noChaos,baseline,132
0.0,0.0,0.0,101.42916666666666,76.0,0.075,1.0,798,0.0,0,0.0,,,ARC-noChaos,baseline,133
0.0,0.0,0.0,90.63194444444444,100.0,0.075,1.0,572,0.0,0,0.0,,,ARC-noChaos,baseline,134
10.0,0.0853855504187595,0.0,100.81388888888888,91.0,0.075,0.6580672665862659,807,0.0,0,0.0,,,ARC-noChaos,baseline,135
40.0,0.7419520595826512,0.0,108.60138888888889,90.0,0.075,0.05849947451343125,784,0.0,0,0.0,,,ARC-noChaos,baseline,136
0.0,0.0,0.0,100.76805555555555,117.0,0.075,1.0,854,0.0,0,0.0,,,ARC-noChaos,baseline,137
0.0,0.0,0.0,104.88194444444444,89.0,0.075,1.0,848,0.0,0,0.0,,,ARC-noChaos,baseline,138
0.0,0.0,0.0,102.67083333333333,77.0,0.075,1.0,818,0.0,0,0.0,,,ARC-noChaos,baseline,139
40.0,0.47063929275361627,0.0,108.82777777777778,97.0,0.075,0.03522099102108875,740,0.0,10,0.0,,,ARC-noSec,baseline,100
0.0,0.0,0.0,102.96111111111111,114.0,0.075,1.0,837,0.0,11,0.0,,,ARC-noSec,baseline,101
0.0,0.0,0.0,107.95555555555555,96.0,0.075,1.0,878,0.0,11,0.0,,,ARC-noSec,baseline,102
0.0,0.0,0.0,101.98472222222222,72.0,0.075,1.0,780,0.0,11,0.0,,,ARC-noSec,baseline,103
0.0,0.0,0.0,89.39305555555555,93.0,0.075,1.0,575,0.0,11,0.0,,,ARC-noSec,baseline,104
0.0,0.0,0.0,106.67083333333333,105.0,0.075,1.0,810,0.0,11,0.0,,,ARC-noSec,baseline,105
35.0,0.42978715950130475,0.0,98.58888888888889,83.0,0.075,0.047322484040492475,758,0.0,11,0.0,,,ARC-noSec,baseline,106
0.0,0.0,0.0,107.11111111111111,118.0,0.075,1.0,896,0.0,10,0.0,,,ARC-noSec,baseline,107
0.0,0.0,0.0,103.26944444444445,87.0,0.075,1.0,826,0.0,11,0.0,,,ARC-noSec,baseline,108
0.0,0.0,0.0,100.59861111111111,72.0,0.075,1.0,765,0.0,11,0.0,,,ARC-noSec,baseline,109
0.0,0.0,0.0,90.40416666666667,95.0,0.075,1.0,559,0.0,11,0.0,,,ARC-noSec,baseline,110
0.0,0.007222476266510736,0.0,103.97083333333333,98.0,0.075,0.9658425602194536,735,0.0,11,0.0,,,ARC-noSec,baseline,111
45.0,0.71470598050416,0.0,96.7875,90.0,0.075,0.0446729690761761,731,0.0,11,0.0,,,ARC-noSec,baseline,112
0.0,0.0,0.0,109.53333333333333,120.0,0.075,1.0,835,0.0,10,0.0,,,ARC-noSec,baseline,113
0.0,0.0,0.0,113.03333333333333,94.0,0.075,1.0,930,0.0,11,0.0,,,ARC-noSec,baseline,114
0.0,0.0,0.0,99.73611111111111,71.0,0.075,1.0,776,0.0,11,0.0,,,ARC-noSec,baseline,115
0.0,0.0,0.0,92.44027777777778,97.0,0.075,1.0,590,0.0,11,0.0,,,ARC-noSec,baseline,116
0.0,0.0,0.0,108.70138888888889,102.0,0.075,1.0,741,0.0,11,0.0,,,ARC-noSec,baseline,117
10.0,0.028119335343546048,0.0,106.34861111111111,91.0,0.075,0.8793344052541648,770,0.0,11,0.0,,,ARC-noSec,baseline,118
0.0,0.0,0.0,103.31944444444444,119.0,0.075,1.0,828,0.0,10,0.0,,,ARC-noSec,baseline,119
0.0,0.0,0.0,104.40555555555555,88.0,0.075,1.0,882,0.0,11,0.0,,,ARC-noSec,baseline,120
0.0,0.0,0.0,102.61666666666666,73.0,0.075,1.0,827,0.0,11,0.0,,,ARC-noSec,baseline,121
0.0,0.0,0.0,91.1625,94.0,0.075,1.0,559,0.0,11,0.0,,,ARC-noSec,baseline,122
5.0,0.04924712761930072,0.0,101.19444444444444,88.0,0.075,0.7753733796544495,792,0.0,11,0.0,,,ARC-noSec,baseline,123
60.0,0.7589745675582349,0.0,110.91527777777777,105.0,0.075,0.06068181282056699,802,0.0,11,0.0,,,ARC-noSec,baseline,124
0.0,0.0,0.0,106.68194444444444,120.0,0.075,1.0,863,0.0,11,0.0,,,ARC-noSec,baseline,125
0.0,0.0,0.0,103.47083333333333,88.0,0.075,1.0,862,0.0,11,0.0,,,ARC-noSec,baseline,126
0.0,0.0,0.0,112.88055555555556,83.0,0.075,1.0,821,0.0,11,0.0,,,ARC-noSec,baseline,127
0.0,0.0,0.0,93.10972222222222,97.0,0.075,1.0,564,0.0,11,0.0,,,ARC-noSec,baseline,128
0.0,0.0,0.0,116.03333333333333,116.0,0.075,1.0,795,0.0,11,0.0,,,ARC-noSec,baseline,129
30.0,0.4667605391100893,0.0,106.93055555555556,97.0,0.075,0.06085918734072476,746,0.0,11,0.0,,,ARC-noSec,baseline,130
0.0,0.0,0.0,106.62361111111112,120.0,0.075,1.0,848,0.0,11,0.0,,,ARC-noSec,baseline,131
0.0,0.0,0.0,103.74027777777778,83.0,0.075,1.0,898,0.0,11,0.0,,,ARC-noSec,baseline,132
0.0,0.0,0.0,100.37222222222222,75.0,0.075,1.0,817,0.0,11,0.0,,,ARC-noSec,baseline,133
0.0,0.0,0.0,89.54722222222222,97.0,0.075,1.0,566,0.0,11,0.0,,,ARC-noSec,baseline,134
5.0,0.021110739233043407,0.0,103.14166666666667,104.0,0.075,0.9037435134337805,811,0.0,11,0.0,,,ARC-noSec,baseline,135
40.0,0.28344623264890956,0.0,110.30833333333334,93.0,0.075,0.05946866260326926,828,0.0,10,0.0,,,ARC-noSec,baseline,136
0.0,0.0,0.0,103.1625,120.0,0.075,1.0,867,0.0,10,0.0,,,ARC-noSec,baseline,137
0.0,0.0,0.0,105.52083333333333,90.0,0.075,1.0,849,0.0,11,0.0,,,ARC-noSec,baseline,138
0.0,0.0,0.0,102.60833333333333,74.0,0.075,1.0,816,0.0,11,0.0,,,ARC-noSec,baseline,139
385.0,5.637611199441106,0.0,79.93333333333334,108.0,0.7729446997924284,0.0004045559308338841,4305,0.0,10,30.0,,,ARC-noGuard,baseline,100
460.0,6.182949167275265,0.0,71.59861111111111,102.0,1.0175432221533314,0.0008009559582731345,4209,0.0,10,50.0,,,ARC-noGuard,baseline,101
355.0,4.511204286282256,0.0,77.22777777777777,100.0,0.404820787167157,0.01858266086800299,4190,0.0,10,60.0,,,ARC-noGuard,baseline,102
405.0,4.863477193652155,0.0,74.8375,87.0,0.9245051032815105,0.01568459719511189,4448,0.0,10,115.0,,,ARC-noGuard,baseline,103
350.0,4.848632878527037,0.0,70.06527777777778,97.0,0.45320154760655457,0.019561230147427174,3216,0.0,10,0.0,,,ARC-noGuard,baseline,104
360.0,4.64518007117799,0.0,76.74583333333334,109.0,0.6546279903927046,0.001517576146640785,4484,0.0,10,0.0,,,ARC-noGuard,baseline,105
550.0,7.71445476222773,0.0,71.06944444444444,96.0,1.7853219757294874,0.00028761848682376995,4182,0.0,10,140.0,,,ARC-noGuard,baseline,106
520.0,7.718381972301658,0.0,71.5513888888889,104.0,1.6358224651759827,0.0028408264305036443,4422,0.0,10,10.0,,,ARC-noGuard,baseline,107
375.0,4.479422436876046,0.0,74.24305555555556,119.0,0.5164330394877995,0.00042380756900986,4282,0.0,10,80.0,,,ARC-noGuard,baseline,108
260.0,2.691145581901311,0.0,77.42777777777778,94.0,0.075,0.017876611039213435,4567,0.0,10,0.0,,,ARC-noGuard,baseline,109
335.0,4.7229827335173225,0.0,72.03888888888889,98.0,0.41730786550640203,0.0008208257820957797,3301,0.0,11,25.0,,,ARC-noGuard,baseline,110
290.0,3.788429896194878,0.0,76.6986111111111,120.0,0.197823908519329,0.0006787566474958483,4277,0.0,11,35.0,,,ARC-noGuard,baseline,111
510.0,7.289763852371934,0.0,71.0,94.0,1.6554599879012961,0.0004155522426868277,4025,0.0,10,70.0,,,ARC-noGuard,baseline,112
380.0,4.604370687147874,0.0,75.625,109.0,0.5492694615838505,0.011042818320888003,4392,0.0,10,25.0,,,ARC-noGuard,baseline,113
255.0,3.186504961516279,0.0,81.38472222222222,119.0,0.075,0.008998246862895068,4439,0.0,11,10.0,,,ARC-noGuard,baseline,114
405.0,4.364447260876913,0.0,74.67222222222222,92.0,0.7251933144817488,0.005585233042710666,4456,0.0,10,40.0,,,ARC-noGuard,baseline,115
315.0,4.573035676044823,0.0,75.15416666666667,113.0,0.07500000000000005,0.0013435687896519327,3392,0.0,11,25.0,,,ARC-noGuard,baseline,116
260.0,3.351800977143593,0.0,78.20694444444445,120.0,0.075,0.0004153925408854671,4367,0.0,11,40.0,,,ARC-noGuard,baseline,117
305.0,4.503016972572627,0.0,79.37222222222222,104.0,0.1742521808061763,0.002377439422875254,4413,0.0,11,45.0,,,ARC-noGuard,baseline,118
425.0,5.285628873139181,0.0,72.26527777777778,106.0,0.8737929209664315,0.0005796037869913471,4173,0.0,10,70.0,,,ARC-noGuard,baseline,119
345.0,4.215807185692766,0.0,75.86666666666666,119.0,0.3587229731895031,0.000406040445293737,4251,0.0,10,25.0,,,ARC-noGuard,baseline,120
340.0,3.4942308186094895,0.0,76.19444444444444,92.0,0.38013968566595874,0.0019190950736979247,4575,0.0,10,50.0,,,ARC-noGuard,baseline,121
305.0,4.486545015397114,0.0,75.07777777777778,104.0,0.07969418734888291,0.00039629589425523585,3388,0.0,11,15.0,,,ARC-noGuard,baseline,122
465.0,5.5340225928517395,0.0,73.15138888888889,117.0,1.063864529603141,0.000452784679324145,4263,0.0,10,70.0,,,ARC-noGuard,baseline,123
440.0,6.1019316042903675,0.0,79.30416666666666,103.0,0.88635733872872,0.00038397336624037686,4366,0.0,10,55.0,,,ARC-noGuard,baseline,124
560.0,7.331506359307449,0.0,72.07638888888889,110.0,1.3311033814568323,0.0004024651507898055,4364,0.0,10,105.0,,,ARC-noGuard,baseline,125
395.0,4.465478433273873,0.0,75.6763888888889,118.0,0.6262689238615132,0.007363905896538642,4111,0.0,10,15.0,,,ARC-noGuard,baseline,126
235.0,2.673970871043785,0.0,84.29305555555555,105.0,0.07500000000000011,0.00509679430657551,4859,0.0,10,35.0,,,ARC-noGuard,baseline,127
280.0,4.019691515286827,0.0,74.77222222222223,101.0,0.075,0.0003463518404268664,3304,0.0,11,20.0,,,ARC-noGuard,baseline,128
240.0,3.0016742800505036,0.0,83.40833333333333,120.0,0.07500000000000008,0.006374426541965603,4528,0.0,11,45.0,,,ARC-noGuard,baseline,129
320.0,4.658746166121275,0.0,77.03055555555555,105.0,0.24621731601217664,0.014867375481568551,4394,0.0,10,75.0,,,ARC-noGuard,baseline,130
300.0,3.9165604721585257,0.0,75.175,117.0,0.075,0.0107066437463767,4269,0.0,10,20.0,,,ARC-noGuard,baseline,131
410.0,4.427854393175535,0.0,75.1625,111.0,0.5887986666824933,0.00041199441932430575,4245,0.0,10,75.0,,,ARC-noGuard,baseline,132
335.0,3.6586894552763205,0.0,75.28333333333333,89.0,0.3411710530822653,0.009913880388540557,4659,0.0,10,70.0,,,ARC-noGuard,baseline,133
345.0,5.000849376654292,0.0,73.25972222222222,104.0,0.5451228466481614,0.01060140594539218,3319,0.0,11,20.0,,,ARC-noGuard,baseline,134
455.0,5.768223871458922,0.0,73.725,120.0,1.0820038004950976,0.024159963017458732,4343,0.0,10,50.0,,,ARC-noGuard,baseline,135
450.0,6.578832111215894,0.0,78.22361111111111,112.0,1.1688289061042854,0.00041384654034608916,4493,0.0,10,90.0,,,ARC-noGuard,baseline,136
505.0,6.305061798991385,0.0,71.99583333333334,108.0,1.0583295082984423,0.00039690009024046413,4317,0.0,10,15.0,,,ARC-noGuard,baseline,137
300.0,3.703971530721184,0.0,76.40694444444445,106.0,0.21156080252794035,0.0003954987738617477,4351,0.0,10,15.0,,,ARC-noGuard,baseline,138
220.0,2.3191529675809397,0.0,77.6361111111111,99.0,0.075,0.01639144886266433,4657,0.0,10,0.0,,,ARC-noGuard,baseline,139
75.0,1.2283503128396323,0.0,110.75277777777778,97.0,0.075,0.007796752267132985,777,0.0,10,0.0,,,ARC-noRemed,baseline,100
0.0,0.0,0.0,103.28611111111111,114.0,0.075,1.0,853,0.0,11,0.0,,,ARC-noRemed,baseline,101
0.0,0.0,0.0,108.55833333333334,95.0,0.075,1.0,887,0.0,11,0.0,,,ARC-noRemed,baseline,102
0.0,0.0,0.0,101.98472222222222,72.0,0.075,1.0,780,0.0,11,0.0,,,ARC-noRemed,baseline,103
0.0,0.0,0.0,89.39305555555555,93.0,0.075,1.0,575,0.0,11,0.0,,,ARC-noRemed,baseline,104
0.0,0.0,0.0,106.67083333333333,105.0,0.075,1.0,812,0.0,11,0.0,,,ARC-noRemed,baseline,105
65.0,1.0522856067601172,0.0,99.85555555555555,84.0,0.075,0.0005220071394330825,777,0.0,11,0.0,,,ARC-noRemed,baseline,106
0.0,0.0,0.0,107.16805555555555,118.0,0.075,1.0,897,0.0,10,0.0,,,ARC-noRemed,baseline,107
0.0,0.0,0.0,104.09722222222223,89.0,0.075,1.0,860,0.0,11,0.0,,,ARC-noRemed,baseline,108
0.0,0.0,0.0,100.59861111111111,72.0,0.075,1.0,765,0.0,11,0.0,,,ARC-noRemed,baseline,109
0.0,0.0,0.0,90.40416666666667,95.0,0.075,1.0,559,0.0,11,0.0,,,ARC-noRemed,baseline,110
0.0,0.007222476266510736,0.0,103.54722222222222,97.0,0.075,0.9658425602194536,729,0.0,11,0.0,,,ARC-noRemed,baseline,111
65.0,0.9663595391052326,0.0,97.90277777777777,89.0,0.075,0.0446729690761761,752,0.0,11,0.0,,,ARC-noRemed,baseline,112
0.0,0.0,0.0,109.60972222222222,120.0,0.075,1.0,850,0.0,11,0.0,,,ARC-noRemed,baseline,113
0.0,0.0,0.0,116.66111111111111,96.0,0.075,1.0,956,0.0,11,0.0,,,ARC-noRemed,baseline,114
0.0,0.0,0.0,99.73611111111111,71.0,0.075,1.0,776,0.0,11,0.0,,,ARC-noRemed,baseline,115
0.0,0.0,0.0,92.44027777777778,97.0,0.075,1.0,590,0.0,11,0.0,,,ARC-noRemed,baseline,116
0.0,0.0,0.0,108.25277777777778,103.0,0.075,1.0,729,0.0,11,0.0,,,ARC-noRemed,baseline,117
35.0,0.3699288158064973,0.0,107.56805555555556,93.0,0.075,0.033496833374108956,775,0.0,11,0.0,,,ARC-noRemed,baseline,118
0.0,0.0,0.0,103.0625,118.0,0.075,1.0,847,0.0,11,0.0,,,ARC-noRemed,baseline,119
0.0,0.0,0.0,105.4375,89.0,0.075,1.0,887,0.0,11,0.0,,,ARC-noRemed,baseline,120
0.0,0.0,0.0,102.61666666666666,73.0,0.075,1.0,827,0.0,11,0.0,,,ARC-noRemed,baseline,121
0.0,0.0,0.0,91.1625,94.0,0.075,1.0,559,0.0,11,0.0,,,ARC-noRemed,baseline,122
5.0,0.04924712761930072,0.0,101.65,96.0,0.075,0.7753733796544495,789,0.0,11,0.0,,,ARC-noRemed,baseline,123
65.0,0.9397717403296868,0.0,113.1875,107.0,0.075,0.008440575392596053,810,0.0,10,0.0,,,ARC-noRemed,baseline,124
0.0,0.0,0.0,106.66527777777777,120.0,0.075,1.0,882,0.0,11,0.0,,,ARC-noRemed,baseline,125
0.0,0.0,0.0,102.53888888888889,87.0,0.075,1.0,870,0.0,11,0.0,,,ARC-noRemed,baseline,126
0.0,0.0,0.0,112.88055555555556,83.0,0.075,1.0,821,0.0,11,0.0,,,ARC-noRemed,baseline,127
0.0,0.0,0.0,93.10972222222222,97.0,0.075,1.0,564,0.0,11,0.0,,,ARC-noRemed,baseline,128
0.0,0.0,0.0,116.59583333333333,116.0,0.075,1.0,792,0.0,11,0.0,,,ARC-noRemed,baseline,129
50.0,0.8209311558014187,0.0,107.61527777777778,95.0,0.075,0.012272413539549182,786,0.0,11,0.0,,,ARC-noRemed,baseline,130
0.0,0.0,0.0,106.86805555555556,120.0,0.075,1.0,843,0.0,11,0.0,,,ARC-noRemed,baseline,131
0.0,0.0,0.0,103.7,85.0,0.075,1.0,909,0.0,11,0.0,,,ARC-noRemed,baseline,132
0.0,0.0,0.0,100.37222222222222,75.0,0.075,1.0,817,0.0,11,0.0,,,ARC-noRemed,baseline,133
0.0,0.0,0.0,89.54722222222222,97.0,0.075,1.0,566,0.0,11,0.0,,,ARC-noRemed,baseline,134
5.0,0.021110739233043407,0.0,103.14166666666667,104.0,0.075,0.9037435134337805,812,0.0,11,0.0,,,ARC-noRemed,baseline,135
95.0,1.5876723729311482,0.0,111.84722222222223,96.0,0.075,0.004764250042791246,845,0.0,10,0.0,,,ARC-noRemed,baseline,136
0.0,0.0,0.0,103.03333333333333,120.0,0.075,1.0,876,0.0,11,0.0,,,ARC-noRemed,baseline,137
0.0,0.0,0.0,106.125,90.0,0.075,1.0,888,0.0,11,0.0,,,ARC-noRemed,baseline,138
0.0,0.0,0.0,102.60833333333333,74.0,0.075,1.0,816,0.0,11,0.0,,,ARC-noRemed,baseline,139
5880.0,94.32915380201663,0.0,44.0,24.0,6.055,2.4399488748429764e-05,0,1175.0,0,0.0,,,Static,flash,100
1550.0,42.33521058602455,0.0,56.833333333333336,31.0,9.055,2.3531070856337417e-06,0,920.0,0,0.0,,,Static,flash,101
1025.0,30.080507988746696,0.0,62.333333333333336,34.0,9.055,8.412048806440474e-07,0,460.0,0,0.0,,,Static,flash,102
4815.0,79.80097578805862,0.0,53.166666666666664,29.0,6.055,9.571976250183797e-05,0,1180.0,0,0.0,,,Static,flash,103
700.0,32.177748528442926,0.0,73.33333333333333,40.0,3.075,0.020403468998101342,0,170.0,0,0.0,,,Static,flash,104
6215.0,92.97811947089517,0.0,36.666666666666664,20.0,3.075,0.007334152459741924,0,1200.0,0,0.0,,,Static,flash,105
5905.0,94.55135611732203,0.0,44.0,24.0,6.055,2.6284741724301307e-05,0,1200.0,0,0.0,,,Static,flash,106
1480.0,41.11715765401915,0.0,56.833333333333336,31.0,9.055,2.2783372872328986e-06,0,1045.0,0,0.0,,,Static,flash,107
740.0,24.800433583828884,0.0,58.666666666666664,32.0,3.075,0.01848303094420844,0,15.0,0,0.0,,,Static,flash,108
4265.0,72.74348653954104,0.0,53.166666666666664,29.0,6.055,9.428238682640864e-05,0,1200.0,0,0.0,,,Static,flash,109
795.0,36.64009684795017,0.0,73.33333333333333,40.0,3.075,0.020392782073484956,0,30.0,0,0.0,,,Static,flash,110
6215.0,92.91363027876407,0.0,36.666666666666664,20.0,3.075,0.007635586346574398,0,1200.0,0,0.0,,,Static,flash,111
5955.0,95.16342487118938,0.0,44.0,24.0,6.055,2.39321069167644e-05,0,1005.0,0,0.0,,,Static,flash,112
1205.0,34.89805299070285,0.0,56.833333333333336,31.0,9.055,2.3822428088371016e-06,0,490.0,0,0.0,,,Static,flash,113
1135.0,32.08858573835337,0.0,62.333333333333336,34.0,9.055,8.353010804463118e-07,0,200.0,0,0.0,,,Static,flash,114
4170.0,71.7346140702487,0.0,53.166666666666664,29.0,6.055,9.487460120726503e-05,0,1195.0,0,0.0,,,Static,flash,115
730.0,34.7078004314745,0.0,73.33333333333333,40.0,3.075,0.019498094314295146,0,65.0,0,0.0,,,Static,flash,116
6220.0,93.0822300871126,0.0,36.666666666666664,20.0,3.075,0.00755725280001409,0,975.0,0,0.0,,,Static,flash,117
5885.0,94.55241396075286,0.0,44.0,24.0,6.055,2.4978175035938028e-05,0,1055.0,0,0.0,,,Static,flash,118
1420.0,39.48391689451542,0.0,56.833333333333336,31.0,9.055,2.290221361779823e-06,0,780.0,0,0.0,,,Static,flash,119
1215.0,33.30973635055765,0.0,62.333333333333336,34.0,9.055,8.171179068138578e-07,0,470.0,0,0.0,,,Static,flash,120
1245.0,32.442268725190935,0.0,55.0,30.0,3.075,0.015912381427967012,0,885.0,0,0.0,,,Static,flash,121
705.0,32.69125960204289,0.0,73.33333333333333,40.0,3.075,0.020416725757160595,0,40.0,0,0.0,,,Static,flash,122
6220.0,93.06156974682035,0.0,36.666666666666664,20.0,3.075,0.0072784563712427796,0,1200.0,0,0.0,,,Static,flash,123
5890.0,93.93102475650554,0.0,44.0,24.0,6.055,2.378348750152266e-05,0,1185.0,0,0.0,,,Static,flash,124
1355.0,37.312800928222764,0.0,56.833333333333336,31.0,9.055,2.2876196111012188e-06,0,490.0,0,0.0,,,Static,flash,125
1130.0,32.669447660887045,0.0,62.333333333333336,34.0,9.055,6.887572277530369e-07,0,650.0,0,0.0,,,Static,flash,126
4325.0,72.87530826812478,0.0,53.166666666666664,29.0,6.055,9.602464701335397e-05,0,1180.0,0,0.0,,,Static,flash,127
715.0,32.49553764873595,0.0,73.33333333333333,40.0,3.075,0.02040591987153364,0,260.0,0,0.0,,,Static,flash,128
6210.0,93.06396252755724,0.0,36.666666666666664,20.0,3.075,0.0073785846679050235,0,1015.0,0,0.0,,,Static,flash,129
5885.0,94.55026586160642,0.0,44.0,24.0,6.055,2.3873432309231033e-05,0,1045.0,0,0.0,,,Static,flash,130
1490.0,41.19842755714323,0.0,56.833333333333336,31.0,9.055,2.22779183682164e-06,0,1030.0,0,0.0,,,Static,flash,131
1075.0,30.26111480322715,0.0,62.333333333333336,34.0,9.055,8.414787107450279e-07,0,320.0,0,0.0,,,Static,flash,132
1210.0,29.190498814922062,0.0,55.0,30.0,3.075,0.016499568088319413,0,115.0,0,0.0,,,Static,flash,133
710.0,32.67410343529997,0.0,73.33333333333333,40.0,3.075,0.019991523553604115,0,260.0,0,0.0,,,Static,flash,134
6215.0,93.06221877716881,0.0,36.666666666666664,20.0,3.075,0.007572900992429039,0,1200.0,0,0.0,,,Static,flash,135
2215.0,45.80066097905393,0.0,45.833333333333336,25.0,3.075,0.011559029062482866,0,165.0,0,0.0,,,Static,flash,136
1295.0,37.896741130064235,0.0,56.833333333333336,31.0,9.055,2.3385702159717793e-06,0,695.0,0,0.0,,,Static,flash,137
1230.0,32.783080531772804,0.0,62.333333333333336,34.0,9.055,8.717756475771103e-07,0,365.0,0,0.0,,,Static,flash,138
1215.0,31.50574459684462,0.0,55.0,30.0,3.075,0.01548754480036738,0,835.0,0,0.0,,,Static,flash,139
145.0,4.712924385776274,0.0,107.76805555555555,120.0,0.075,0.0002954855704118393,124,140.0,0,0.0,,,HPA,flash,100
415.0,15.023055078356961,0.0,108.9,120.0,3.0749999999999997,1.802633895189776e-06,172,415.0,0,0.0,,,HPA,flash,101
80.0,2.4501577409050124,0.0,109.79583333333333,120.0,0.075,0.00027788678745531333,133,10.0,0,0.0,,,HPA,flash,102
365.0,11.925419754875687,0.0,108.0,120.0,3.070175499590476,6.744881926782942e-06,142,365.0,0,0.0,,,HPA,flash,103
170.0,7.339377291102678,0.0,106.1875,120.0,0.075,6.486139303796474e-05,155,170.0,0,0.0,,,HPA,flash,104
120.0,4.514664878289865,0.0,103.77638888888889,120.0,0.075,1.351460649808268e-06,135,120.0,0,0.0,,,HPA,flash,105
65.0,1.7233907805645488,0.0,102.68611111111112,120.0,0.075,0.03168685146496817,98,10.0,0,0.0,,,HPA,flash,106
100.0,3.356560175765888,0.0,105.83333333333333,120.0,0.075,0.00255853701113868,143,25.0,0,0.0,,,HPA,flash,107
75.0,2.5185992849757755,0.0,106.79166666666667,120.0,0.0750000000000001,0.00012975106848051707,103,5.0,0,0.0,,,HPA,flash,108
95.0,3.1525484872937604,0.0,107.41527777777777,120.0,0.075,3.8888921463188285e-06,137,95.0,0,0.0,,,HPA,flash,109
800.0,36.92341252346392,0.0,106.16944444444445,120.0,3.3398639565929216,5.584370481870149e-05,147,30.0,0,0.0,,,HPA,flash,110
70.0,2.105862521647517,0.0,108.15833333333333,120.0,0.075,0.00034675818153647597,116,70.0,0,0.0,,,HPA,flash,111
185.0,7.4042682301335265,0.0,104.37916666666666,120.0,0.075,0.0003752452750641143,143,15.0,0,0.0,,,HPA,flash,112
195.0,7.894284797927053,0.0,106.69166666666666,120.0,0.075,9.567146616854983e-07,156,185.0,0,0.0,,,HPA,flash,113
185.0,7.301094500852656,0.0,106.11805555555556,120.0,0.075,1.6968010990837854e-06,132,185.0,0,0.0,,,HPA,flash,114
90.0,2.747447650755541,0.0,105.17916666666666,120.0,0.075,1.5355230081160963e-05,124,90.0,0,0.0,,,HPA,flash,115
70.0,2.419081096795528,0.0,103.68611111111112,120.0,0.075,9.521525134938522e-06,126,70.0,0,0.0,,,HPA,flash,116
15.0,0.2197926930971983,0.0,96.59444444444445,92.0,0.075,0.25624586727667736,78,15.0,0,0.0,,,HPA,flash,117
70.0,1.7059020237354172,0.0,107.15416666666667,120.0,0.075,0.0010402987269900084,117,65.0,0,0.0,,,HPA,flash,118
285.0,10.523112035331284,0.0,111.9263888888889,120.0,0.075,7.694878991308169e-05,142,245.0,0,0.0,,,HPA,flash,119
140.0,4.8481898276204305,0.0,108.82083333333334,120.0,0.075,2.043203061239714e-06,125,140.0,0,0.0,,,HPA,flash,120
105.0,3.010690926915305,0.0,107.23055555555555,120.0,0.075,0.0009433856788985418,122,115.0,0,0.0,,,HPA,flash,121
40.0,1.2453797808609224,0.0,104.45277777777778,120.0,0.075,0.0002709813730160495,123,40.0,0,0.0,,,HPA,flash,122
235.0,6.634653451277861,0.0,110.20277777777778,120.0,0.075,0.0009391825031143493,139,235.0,0,0.0,,,HPA,flash,123
125.0,5.110863204463378,0.0,104.1875,120.0,0.075,1.1545686659064384e-06,149,120.0,0,0.0,,,HPA,flash,124
190.0,7.871690337886705,0.0,106.69166666666666,120.0,0.07500000000000008,1.0930935380408499e-06,158,185.0,0,0.0,,,HPA,flash,125
220.0,8.623563907791908,0.0,107.83888888888889,120.0,0.075,0.00016357290666540005,134,220.0,0,0.0,,,HPA,flash,126
255.0,8.571499387319758,0.0,107.17916666666666,120.0,0.075,0.00018269656507770366,150,255.0,0,0.0,,,HPA,flash,127
260.0,11.098667008833264,0.0,106.28888888888889,120.0,0.075,2.7446262385682508e-05,154,260.0,0,0.0,,,HPA,flash,128
90.0,3.4540416848343747,0.0,109.27222222222223,120.0,0.075,1.5216136095338354e-06,124,90.0,0,0.0,,,HPA,flash,129
245.0,8.021400490664766,0.0,104.99444444444444,120.0,0.07500000000000012,4.320770441685445e-05,110,65.0,0,0.0,,,HPA,flash,130
275.0,10.49967945173993,0.0,107.29027777777777,120.0,0.075,0.0003953745547677645,167,280.0,0,0.0,,,HPA,flash,131
100.0,3.331144811672826,0.0,105.73611111111111,120.0,0.075,0.0022486146891302983,124,100.0,0,0.0,,,HPA,flash,132
45.0,0.4861774720259948,0.0,97.22083333333333,96.0,0.075,0.06826134075815742,106,10.0,0,0.0,,,HPA,flash,133
240.0,10.71700457565955,0.0,106.99722222222222,120.0,0.075,7.359365029890221e-05,146,240.0,0,0.0,,,HPA,flash,134
165.0,5.24238839130523,0.0,103.06944444444444,120.0,0.075,0.0007807371165993617,132,140.0,0,0.0,,,HPA,flash,135
135.0,3.3248458774131295,0.0,104.29861111111111,120.0,0.075,1.6454378858704998e-06,124,85.0,0,0.0,,,HPA,flash,136
35.0,0.40253963951741856,0.0,107.34444444444445,120.0,0.07500000000000005,0.3029176705890086,135,15.0,0,0.0,,,HPA,flash,137
155.0,4.937111755179979,0.0,109.19444444444444,120.0,0.075,0.00044514249043292364,154,155.0,0,0.0,,,HPA,flash,138
55.0,0.9574484933723038,0.0,101.5,106.0,0.075,0.03357273644298151,101,45.0,0,0.0,,,HPA,flash,139
45.0,1.300834480526103,0.0,100.45833333333333,120.0,0.075,0.027131149189763164,236,40.0,0,0.0,,,HPA-fast,flash,100
400.0,14.996671750946566,0.0,98.24861111111112,120.0,3.0749999999999997,0.0002579043670979571,300,400.0,0,0.0,,,HPA-fast,flash,101
0.0,0.0009279045853460843,0.0,101.35694444444445,115.0,0.075,0.9944131464522069,253,0.0,0,0.0,,,HPA-fast,flash,102
90.0,2.716357917825485,0.0,100.53611111111111,120.0,0.0750000000000001,0.0003240249576314739,226,90.0,0,0.0,,,HPA-fast,flash,103
30.0,0.9180597007137359,0.0,92.53472222222223,120.0,0.075,0.03607340984663372,209,30.0,0,0.0,,,HPA-fast,flash,104
20.0,0.9557098350378657,0.0,100.94444444444444,120.0,0.075,0.023370844821951193,216,20.0,0,0.0,,,HPA-fast,flash,105
50.0,1.1164278292697727,0.0,100.09861111111111,120.0,0.075,0.16173849989168637,235,10.0,0,0.0,,,HPA-fast,flash,106
65.0,2.234246340760959,0.0,96.80833333333334,120.0,0.075,0.0002780087169589626,268,65.0,0,0.0,,,HPA-fast,flash,107
0.0,0.0,0.0,101.68888888888888,120.0,0.075,1.0,235,0.0,0,0.0,,,HPA-fast,flash,108
65.0,2.3068979281071766,0.0,98.74722222222222,120.0,0.075,5.843124397641015e-06,238,65.0,0,0.0,,,HPA-fast,flash,109
45.0,0.8114263418657397,0.0,91.60833333333333,120.0,0.075,0.0041447751722306515,222,30.0,0,0.0,,,HPA-fast,flash,110
5.0,0.011710978863987975,0.0,97.3625,108.0,0.075,0.9364780015821066,209,5.0,0,0.0,,,HPA-fast,flash,111
55.0,2.1878117168275812,0.0,100.05972222222222,120.0,0.075,0.002654174214126141,237,55.0,0,0.0,,,HPA-fast,flash,112
180.0,7.406106172195104,0.0,96.57083333333334,120.0,0.07500000000000007,4.6577472660490775e-06,306,175.0,0,0.0,,,HPA-fast,flash,113
175.0,6.703203422599158,0.0,102.41805555555555,120.0,0.075,0.0012628138584807492,258,175.0,0,0.0,,,HPA-fast,flash,114
90.0,2.570739062857297,0.0,98.97916666666667,120.0,0.075,3.1919839510749163e-05,214,90.0,0,0.0,,,HPA-fast,flash,115
10.0,0.04273904194022071,0.0,90.6763888888889,120.0,0.075,0.9078395077996803,201,10.0,0,0.0,,,HPA-fast,flash,116
5.0,0.013888396222172528,0.0,97.37638888888888,111.0,0.075,0.9388089274065856,199,5.0,0,0.0,,,HPA-fast,flash,117
15.0,0.2767816950830726,0.0,99.9875,120.0,0.075,0.2884447639462558,236,15.0,0,0.0,,,HPA-fast,flash,118
55.0,2.03203688485315,0.0,98.9888888888889,120.0,0.075,0.000978994758227291,254,55.0,0,0.0,,,HPA-fast,flash,119
30.0,1.2005237098437926,0.0,100.4875,112.0,0.075,0.02541364982622869,231,25.0,0,0.0,,,HPA-fast,flash,120
80.0,2.4501184759772587,0.0,99.65555555555555,120.0,0.075,0.0001255227261356883,252,80.0,0,0.0,,,HPA-fast,flash,121
45.0,1.323597029332424,0.0,92.67361111111111,120.0,0.075,0.0006097398044425279,195,45.0,0,0.0,,,HPA-fast,flash,122
0.0,0.0,0.0,99.21666666666667,118.0,0.075,1.0,194,0.0,0,0.0,,,HPA-fast,flash,123
115.0,4.517425528639329,0.0,100.13194444444444,120.0,0.075,6.4816861569161495e-06,280,115.0,0,0.0,,,HPA-fast,flash,124
185.0,7.487687794932397,0.0,96.91666666666667,120.0,0.075,1.2517950888813407e-05,309,180.0,0,0.0,,,HPA-fast,flash,125
170.0,6.141675253331103,0.0,101.475,120.0,0.075,9.431415782552304e-05,294,170.0,0,0.0,,,HPA-fast,flash,126
80.0,2.586495519288745,0.0,99.24722222222222,120.0,0.075,0.0024067867440617755,248,80.0,0,0.0,,,HPA-fast,flash,127
235.0,10.573549861863397,0.0,93.70972222222223,120.0,0.075,0.00042044347024250075,228,235.0,0,0.0,,,HPA-fast,flash,128
80.0,3.1239865140559986,0.0,101.70555555555555,120.0,0.075,4.1392899272420214e-05,237,80.0,0,0.0,,,HPA-fast,flash,129
50.0,1.4093842350144326,0.0,101.04722222222222,120.0,0.075,0.0003560276203974969,227,50.0,0,0.0,,,HPA-fast,flash,130
255.0,9.886140164188728,0.0,98.29861111111111,120.0,0.07500000000000004,0.0007815594711039075,279,255.0,0,0.0,,,HPA-fast,flash,131
75.0,2.611010058269858,0.0,101.54583333333333,120.0,0.075,0.0011966550490341266,241,75.0,0,0.0,,,HPA-fast,flash,132
0.0,0.0,0.0,94.15555555555555,106.0,0.075,1.0,183,0.0,0,0.0,,,HPA-fast,flash,133
30.0,0.29688479582047345,0.0,92.97361111111111,120.0,0.075,0.521969767179069,203,30.0,0,0.0,,,HPA-fast,flash,134
10.0,0.06692747087189144,0.0,98.05833333333334,113.0,0.075,0.7706554053540194,190,10.0,0,0.0,,,HPA-fast,flash,135
25.0,0.2369839631071624,0.0,98.27361111111111,120.0,0.075,0.5512056153311023,234,35.0,0,0.0,,,HPA-fast,flash,136
10.0,0.18171234518395973,0.0,95.34305555555555,120.0,0.075,0.32988290487911676,261,10.0,0,0.0,,,HPA-fast,flash,137
0.0,0.0,0.0,100.83055555555555,120.0,0.075,1.0,252,0.0,0,0.0,,,HPA-fast,flash,138
105.0,3.3431515263396605,0.0,98.54722222222222,120.0,0.075,0.0019906745626184306,238,105.0,0,0.0,,,HPA-fast,flash,139
40.0,1.0357593392827047,0.0,120.92222222222222,120.0,0.075,0.028108702386938213,106,40.0,0,0.0,,,HPA-45,flash,100
400.0,14.984207488268552,0.0,126.3625,120.0,3.0749999999999997,3.5970636985707226e-05,162,400.0,0,0.0,,,HPA-45,flash,101
0.0,0.0,0.0,126.76666666666667,120.0,0.075,1.0,126,0.0,0,0.0,,,HPA-45,flash,102
45.0,1.4950407450286085,0.0,124.96666666666667,120.0,0.075,0.0021577050915724625,123,45.0,0,0.0,,,HPA-45,flash,103
5.0,0.03288304315504087,0.0,120.24861111111112,120.0,0.075,0.8877560813701417,146,5.0,0,0.0,,,HPA-45,flash,104
345.0,11.985387098098766,0.0,123.17916666666666,120.0,3.0489641570122012,0.0005355381299761801,140,345.0,0,0.0,,,HPA-45,flash,105
0.0,0.004384805377954937,0.0,120.0375,120.0,0.075,0.984712169929453,108,0.0,0,0.0,,,HPA-45,flash,106
505.0,19.317867364541886,0.0,124.95694444444445,120.0,3.0749999999999997,0.0007413164172455469,166,505.0,0,0.0,,,HPA-45,flash,107
10.0,0.05054428530026911,0.0,126.53611111111111,120.0,0.075,0.8924984194145813,116,10.0,0,0.0,,,HPA-45,flash,108
35.0,0.8869966107625249,0.0,126.15277777777777,120.0,0.075,0.0344886402873567,127,40.0,0,0.0,,,HPA-45,flash,109
50.0,2.205862926635116,0.0,119.11111111111111,120.0,0.07500000000000007,0.08221665294850616,153,50.0,0,0.0,,,HPA-45,flash,110
0.0,0.0,0.0,122.30555555555556,116.0,0.075,1.0,85,0.0,0,0.0,,,HPA-45,flash,111
5.0,0.02384380157052224,0.0,117.03611111111111,120.0,0.075,0.9252208376584453,129,5.0,0,0.0,,,HPA-45,flash,112
150.0,6.474998536251575,0.0,122.6361111111111,120.0,0.075,0.00011751914842882797,162,150.0,0,0.0,,,HPA-45,flash,113
115.0,4.977310356835051,0.0,126.2625,120.0,0.075,0.00010966679361099421,151,115.0,0,0.0,,,HPA-45,flash,114
70.0,1.8539348865577177,0.0,125.11805555555556,120.0,0.075,0.0006333294313660643,125,70.0,0,0.0,,,HPA-45,flash,115
0.0,0.0027489187479745603,0.0,119.13333333333334,120.0,0.075,0.9918286526099862,135,0.0,0,0.0,,,HPA-45,flash,116
0.0,0.0,0.0,121.08055555555555,119.0,0.075,1.0,107,0.0,0,0.0,,,HPA-45,flash,117
15.0,0.1748997167613675,0.0,120.2,120.0,0.075,0.47086726974356796,115,15.0,0,0.0,,,HPA-45,flash,118
30.0,1.071290443525641,0.0,126.30833333333334,120.0,0.075,0.022693496963293584,115,30.0,0,0.0,,,HPA-45,flash,119
85.0,2.6776770690820406,0.0,128.30138888888888,120.0,0.075,0.00011901062924864879,136,85.0,0,0.0,,,HPA-45,flash,120
0.0,0.0,0.0,122.66805555555555,120.0,0.075,1.0,113,0.0,0,0.0,,,HPA-45,flash,121
0.0,0.0,0.0,119.0125,120.0,0.075,1.0,142,0.0,0,0.0,,,HPA-45,flash,122
0.0,0.0,0.0,125.225,120.0,0.075,1.0,123,0.0,0,0.0,,,HPA-45,flash,123
75.0,3.728905842377772,0.0,118.92083333333333,120.0,0.075,6.462510946968211e-05,138,75.0,0,0.0,,,HPA-45,flash,124
500.0,19.15715320814223,0.0,122.32777777777778,120.0,3.0749999999999997,0.00021492019348923357,150,370.0,0,0.0,,,HPA-45,flash,125
15.0,0.429638936368848,0.0,125.44444444444444,120.0,0.075,0.11139128205105885,114,15.0,0,0.0,,,HPA-45,flash,126
0.0,0.0,0.0,124.87638888888888,120.0,0.075,1.0,108,0.0,0,0.0,,,HPA-45,flash,127
235.0,10.266496139590176,0.0,120.14861111111111,120.0,0.075,0.0004790305638581102,154,235.0,0,0.0,,,HPA-45,flash,128
75.0,2.5920502406307167,0.0,124.37777777777778,120.0,0.075,0.00011574726625774418,114,75.0,0,0.0,,,HPA-45,flash,129
60.0,1.450607437664897,0.0,119.83888888888889,120.0,0.075,0.00040021982488106856,122,60.0,0,0.0,,,HPA-45,flash,130
10.0,0.084129700770319,0.0,126.60416666666667,120.0,0.075,0.8384442315827775,141,10.0,0,0.0,,,HPA-45,flash,131
80.0,2.768151854444012,0.0,124.53472222222223,120.0,0.075,0.011427082330818936,138,80.0,0,0.0,,,HPA-45,flash,132
0.0,0.0,0.0,121.16111111111111,120.0,0.075,1.0,131,0.0,0,0.0,,,HPA-45,flash,133
235.0,10.088777851014264,0.0,119.95972222222223,120.0,0.075,0.0004866877342758584,148,235.0,0,0.0,,,HPA-45,flash,134
5.0,0.022731662827668586,0.0,122.29027777777777,120.0,0.075,0.8986007029699645,111,5.0,0,0.0,,,HPA-45,flash,135
15.0,0.06706844617485608,0.0,119.93611111111112,120.0,0.075,0.8846624477581847,130,15.0,0,0.0,,,HPA-45,flash,136
5.0,0.020923532995487104,0.0,123.44027777777778,120.0,0.075,0.9020233754314765,139,5.0,0,0.0,,,HPA-45,flash,137
0.0,0.007044048918181112,0.0,123.71527777777777,120.0,0.075,0.9703601132112784,125,0.0,0,0.0,,,HPA-45,flash,138
0.0,0.0,0.0,124.0513888888889,120.0,0.075,1.0,102,0.0,0,0.0,,,HPA-45,flash,139
15.0,0.1677224966615487,0.0,149.1236111111111,120.0,0.075,0.4898412919472618,154,15.0,0,0.0,,,PredHPA,flash,100
5.0,0.032816499190257975,0.0,152.85555555555555,120.0,0.075,0.9036498509009842,177,5.0,0,0.0,,,PredHPA,flash,101
0.0,0.0,0.0,150.60555555555555,120.0,0.075,1.0,165,0.0,0,0.0,,,PredHPA,flash,102
0.0,0.0,0.0,142.03472222222223,120.0,0.075,1.0,110,0.0,0,0.0,,,PredHPA,flash,103
0.0,0.0,0.0,127.81805555555556,120.0,0.075,1.0,161,0.0,0,0.0,,,PredHPA,flash,104
20.0,0.6263371367458803,0.0,149.225,120.0,0.075,0.27716182394173816,112,20.0,0,0.0,,,PredHPA,flash,105
0.0,0.0,0.0,146.99583333333334,120.0,0.075,1.0,158,0.0,0,0.0,,,PredHPA,flash,106
0.0,0.0,0.0,149.63611111111112,120.0,0.075,1.0,150,0.0,0,0.0,,,PredHPA,flash,107
0.0,0.0,0.0,150.61666666666667,120.0,0.075,1.0,165,0.0,0,0.0,,,PredHPA,flash,108
10.0,0.043821601941418376,0.0,141.84722222222223,120.0,0.075,0.9174105606259205,112,10.0,0,0.0,,,PredHPA,flash,109
0.0,0.0,0.0,128.94444444444446,120.0,0.075,1.0,179,0.0,0,0.0,,,PredHPA,flash,110
0.0,0.0,0.0,147.85833333333332,120.0,0.075,1.0,110,0.0,0,0.0,,,PredHPA,flash,111
0.0,0.0,0.0,147.6513888888889,120.0,0.075,1.0,181,0.0,0,0.0,,,PredHPA,flash,112
0.0,0.007032609141333079,0.0,146.30555555555554,120.0,0.075,0.9724260324961366,176,0.0,0,0.0,,,PredHPA,flash,113
5.0,0.02500455944466351,0.0,150.60833333333332,120.0,0.075,0.9294748731645234,153,5.0,0,0.0,,,PredHPA,flash,114
0.0,0.0,0.0,141.5402777777778,120.0,0.075,1.0,119,0.0,0,0.0,,,PredHPA,flash,115
0.0,0.0,0.0,129.34583333333333,120.0,0.075,1.0,154,0.0,0,0.0,,,PredHPA,flash,116
0.0,0.0,0.0,148.2263888888889,120.0,0.075,1.0,113,0.0,0,0.0,,,PredHPA,flash,117
0.0,0.0,0.0,147.26111111111112,120.0,0.075,1.0,162,0.0,0,0.0,,,PredHPA,flash,118
15.0,0.4005041550784849,0.0,147.55277777777778,120.0,0.075,0.2122646662021193,161,15.0,0,0.0,,,PredHPA,flash,119
5.0,0.0331123954585677,0.0,150.54305555555555,120.0,0.075,0.9145489806365703,142,5.0,0,0.0,,,PredHPA,flash,120
0.0,0.0,0.0,141.9,120.0,0.075,1.0,132,0.0,0,0.0,,,PredHPA,flash,121
0.0,0.0,0.0,128.9736111111111,120.0,0.075,1.0,160,0.0,0,0.0,,,PredHPA,flash,122
0.0,0.0,0.0,145.95555555555555,120.0,0.075,1.0,125,0.0,0,0.0,,,PredHPA,flash,123
10.0,0.09287780087618991,0.0,147.44027777777777,120.0,0.075,0.8093035240176439,166,10.0,0,0.0,,,PredHPA,flash,124
5.0,0.03136010424099611,0.0,146.63888888888889,120.0,0.075,0.9412954780094864,174,5.0,0,0.0,,,PredHPA,flash,125
0.0,0.0,0.0,150.78194444444443,120.0,0.075,1.0,138,0.0,0,0.0,,,PredHPA,flash,126
0.0,0.0,0.0,141.00277777777777,120.0,0.075,1.0,124,0.0,0,0.0,,,PredHPA,flash,127
0.0,0.0,0.0,128.70416666666668,120.0,0.075,1.0,160,0.0,0,0.0,,,PredHPA,flash,128
5.0,0.038881914205268764,0.0,151.33055555555555,120.0,0.075,0.8718585442347746,109,5.0,0,0.0,,,PredHPA,flash,129
0.0,0.0,0.0,148.49583333333334,120.0,0.075,1.0,163,0.0,0,0.0,,,PredHPA,flash,130
0.0,0.008297627598685686,0.0,151.65972222222223,120.0,0.075,0.9738083912966196,152,0.0,0,0.0,,,PredHPA,flash,131
0.0,0.0,0.0,148.63888888888889,120.0,0.075,1.0,169,0.0,0,0.0,,,PredHPA,flash,132
0.0,0.0,0.0,140.88611111111112,120.0,0.075,1.0,114,0.0,0,0.0,,,PredHPA,flash,133
0.0,0.0,0.0,127.44722222222222,120.0,0.075,1.0,163,0.0,0,0.0,,,PredHPA,flash,134
0.0,0.0,0.0,149.1027777777778,120.0,0.075,1.0,92,0.0,0,0.0,,,PredHPA,flash,135
0.0,0.0,0.0,146.74444444444444,120.0,0.075,1.0,183,0.0,0,0.0,,,PredHPA,flash,136
0.0,0.0,0.0,144.42638888888888,120.0,0.075,1.0,166,0.0,0,0.0,,,PredHPA,flash,137
0.0,0.0,0.0,150.20277777777778,120.0,0.075,1.0,168,0.0,0,0.0,,,PredHPA,flash,138
0.0,0.0,0.0,141.80555555555554,120.0,0.075,1.0,128,0.0,0,0.0,,,PredHPA,flash,139
640.0,12.866336606859397,9.623854273586534,97.96805555555555,120.0,0.075,0.00040495513697636257,101,135.0,0,0.0,,,HPA+RL,flash,100
625.0,9.506096035264445,7.147499940806297,101.52083333333333,120.0,0.075,7.94853800241332e-06,137,160.0,0,0.0,,,HPA+RL,flash,101
445.0,7.33209291568283,6.4870670344127035,93.17361111111111,81.0,0.075,0.019212892137866814,102,10.0,0,0.0,,,HPA+RL,flash,102
585.0,8.920211996937933,6.2119254698249815,101.56944444444444,120.0,0.075,0.00018159824354189018,111,130.0,0,0.0,,,HPA+RL,flash,103
670.0,13.287452943081501,13.253099148814286,87.39583333333333,88.0,0.075,0.38022490291140987,89,165.0,0,0.0,,,HPA+RL,flash,104
445.0,7.299262921679528,4.30730838491306,100.89722222222223,120.0,0.075,2.2736735809534973e-05,110,110.0,0,0.0,,,HPA+RL,flash,105
610.0,9.07539361437879,8.90039102072709,84.53194444444445,78.0,0.075,0.4128381009792417,63,10.0,0,0.0,,,HPA+RL,flash,106
610.0,7.771119244301127,7.354699032744278,90.9375,84.0,0.075,0.07215610290751273,99,25.0,0,0.0,,,HPA+RL,flash,107
450.0,7.394556618203641,6.53933473640111,88.6125,77.0,0.075,0.02771754427442561,82,5.0,0,0.0,,,HPA+RL,flash,108
530.0,7.949932818427852,5.477683832325437,102.97361111111111,120.0,0.07500000000000004,5.059160940171654e-05,116,90.0,0,0.0,,,HPA+RL,flash,109
765.0,15.638441529291548,15.604353105445492,80.5111111111111,65.0,0.075,0.3741517030142827,70,25.0,0,0.0,,,HPA+RL,flash,110
440.0,4.454175153697881,4.393339164611618,93.3625,81.0,0.075,0.4827183468201809,90,40.0,0,0.0,,,HPA+RL,flash,111
655.0,11.686297709028537,11.516183042164245,82.73611111111111,70.0,0.075,0.3660772072236672,73,15.0,0,0.0,,,HPA+RL,flash,112
475.0,10.21406075024851,7.253863017377459,98.91666666666667,120.0,0.07500000000000007,7.278611538569668e-06,132,175.0,0,0.0,,,HPA+RL,flash,113
450.0,9.712461222475843,6.497892368610319,99.975,120.0,0.075,9.517603638104095e-05,125,125.0,0,0.0,,,HPA+RL,flash,114
545.0,7.695405310458248,5.3070544441120795,100.19166666666666,120.0,0.075,0.00012989730225064313,108,110.0,0,0.0,,,HPA+RL,flash,115
710.0,16.417386195913654,14.894960414148075,86.66527777777777,90.0,0.075,0.001303897009201474,94,65.0,0,0.0,,,HPA+RL,flash,116
420.0,4.321591331803843,4.218678482469031,87.41111111111111,71.0,0.075,0.44522805341439675,60,15.0,0,0.0,,,HPA+RL,flash,117
670.0,12.600673313477406,11.090159369284347,91.25416666666666,95.0,0.075,0.002803621135924679,83,65.0,0,0.0,,,HPA+RL,flash,118
590.0,11.204355549941003,7.516495389383912,100.69722222222222,120.0,0.075,7.740851583165269e-05,141,235.0,0,0.0,,,HPA+RL,flash,119
520.0,9.114366330171675,6.530079702220758,100.27916666666667,120.0,0.075,5.008238395824842e-05,102,130.0,0,0.0,,,HPA+RL,flash,120
500.0,6.290804582038945,5.844965685576285,91.53194444444445,85.0,0.07500000000000007,0.1087516176784199,84,25.0,0,0.0,,,HPA+RL,flash,121
670.0,13.793858914465496,13.782271866866889,79.64027777777778,63.0,0.075,0.3852000204151884,69,35.0,0,0.0,,,HPA+RL,flash,122
415.0,5.1621098905829,5.155859096772078,93.10694444444445,84.0,0.075,0.4669064745068658,85,95.0,0,0.0,,,HPA+RL,flash,123
645.0,13.75924660836797,11.168477687800756,95.8861111111111,120.0,0.075,9.7776451258526e-07,111,90.0,0,0.0,,,HPA+RL,flash,124
495.0,10.353425717640807,7.549433384959371,98.52222222222223,120.0,0.075,9.857834561134362e-06,126,175.0,0,0.0,,,HPA+RL,flash,125
515.0,9.407783346550625,6.83012732370046,100.63472222222222,120.0,0.075,0.00019002642239704653,104,210.0,0,0.0,,,HPA+RL,flash,126
575.0,7.488807351898119,6.105203739775489,96.39305555555555,103.0,0.075,0.03026596254591733,104,245.0,0,0.0,,,HPA+RL,flash,127
685.0,15.332084696495695,13.61810641458392,90.63055555555556,102.0,0.075,0.0014660850650040336,99,255.0,0,0.0,,,HPA+RL,flash,128
480.0,7.458936002098415,5.089602133631029,104.05694444444444,120.0,0.075,2.1316090025797114e-05,110,90.0,0,0.0,,,HPA+RL,flash,129
660.0,12.871909491812838,11.310477922079755,95.96944444444445,120.0,0.075,0.00012541247555273324,93,70.0,0,0.0,,,HPA+RL,flash,130
590.0,7.689276253018451,7.403000964444284,90.08055555555555,81.0,0.075,0.3515900680895199,97,270.0,0,0.0,,,HPA+RL,flash,131
420.0,6.293966861923339,6.122292938328676,89.15694444444445,82.0,0.075,0.4232656432870295,78,40.0,0,0.0,,,HPA+RL,flash,132
445.0,4.84113407263308,4.700100402871242,84.39305555555555,61.0,0.075,0.3651286013586284,71,10.0,0,0.0,,,HPA+RL,flash,133
685.0,13.792184165390331,13.792184165390346,82.75138888888888,73.0,0.075,0.36292323902050416,77,255.0,0,0.0,,,HPA+RL,flash,134
445.0,5.188882670150042,4.286685703298623,91.40555555555555,91.0,0.075,0.010569862078782764,75,45.0,0,0.0,,,HPA+RL,flash,135
575.0,9.740222779446162,7.737396041123116,96.06388888888888,120.0,0.075,3.1376619923570206e-05,101,135.0,0,0.0,,,HPA+RL,flash,136
515.0,8.075813767585139,7.9748120352125955,86.65972222222223,70.0,0.075,0.2911524898923651,87,15.0,0,0.0,,,HPA+RL,flash,137
490.0,8.927846695521602,6.255438631503158,102.475,120.0,0.075,0.0004089796663485937,120,145.0,0,0.0,,,HPA+RL,flash,138
545.0,6.535554894102081,6.04035528812756,91.94027777777778,84.0,0.075,0.09201820127555464,83,35.0,0,0.0,,,HPA+RL,flash,139
50.0,0.5989448150280574,0.0,124.86944444444444,120.0,0.075,0.0566496306081476,841,25.0,9,0.0,,,ARC,flash,100
0.0,0.004681844006937386,0.0,119.68055555555556,120.0,0.075,0.9811130238358053,951,0.0,9,0.0,,,ARC,flash,101
0.0,0.0,0.0,121.24583333333334,120.0,0.075,1.0,996,0.0,10,0.0,,,ARC,flash,102
0.0,0.0,0.0,119.70833333333333,120.0,0.075,1.0,960,0.0,10,0.0,,,ARC,flash,103
0.0,0.011130679841819813,0.0,104.20833333333333,120.0,0.075,0.969646779095997,707,0.0,9,0.0,,,ARC,flash,104
10.0,0.2740107915947476,0.0,123.65972222222223,120.0,0.075,0.51009050076362,949,10.0,10,0.0,,,ARC,flash,105
45.0,0.4715435538356849,0.0,114.5736111111111,120.0,0.075,0.03459993797003107,865,0.0,10,0.0,,,ARC,flash,106
0.0,0.0,0.0,123.3125,120.0,0.075,1.0,1041,0.0,10,0.0,,,ARC,flash,107
0.0,0.0,0.0,117.63194444444444,120.0,0.075,1.0,967,0.0,10,0.0,,,ARC,flash,108
5.0,0.020826040004351398,0.0,117.79722222222222,120.0,0.075,0.9116957416769359,945,5.0,11,5.0,,,ARC,flash,109
0.0,0.0,0.0,105.3125,120.0,0.075,1.0,700,0.0,10,0.0,,,ARC,flash,110
0.0,0.005872360209158156,0.0,120.81388888888888,120.0,0.075,0.9658425602194536,900,0.0,10,0.0,,,ARC,flash,111
45.0,0.4858748491567755,0.0,112.22916666666667,120.0,0.075,0.0446729690761761,876,20.0,9,0.0,,,ARC,flash,112
0.0,0.015484533471177286,0.0,121.37777777777778,120.0,0.075,0.9827972472492076,977,0.0,10,0.0,,,ARC,flash,113
15.0,0.471952848366064,0.0,128.30416666666667,120.0,0.075,0.13727297596400495,1009,15.0,10,0.0,,,ARC,flash,114
15.0,0.36203528450270417,0.0,117.75833333333334,120.0,0.075,0.061242191278837434,950,15.0,10,0.0,,,ARC,flash,115
0.0,0.0,0.0,106.42222222222222,120.0,0.075,1.0,665,0.0,10,0.0,,,ARC,flash,116
0.0,0.0,0.0,123.9875,120.0,0.075,1.0,827,0.0,10,0.0,,,ARC,flash,117
10.0,0.021640089410324137,0.0,121.18333333333334,120.0,0.075,0.8776931064352617,883,0.0,9,0.0,,,ARC,flash,118
5.0,0.038691033449900214,0.0,118.04444444444445,120.0,0.075,0.8897047317023685,945,5.0,9,0.0,,,ARC,flash,119
5.0,0.01981584789130242,0.0,118.975,120.0,0.075,0.9357009231775127,968,5.0,10,0.0,,,ARC,flash,120
30.0,0.6586261193082699,0.0,120.55277777777778,120.0,0.075,0.01632494315008127,938,30.0,10,0.0,,,ARC,flash,121
20.0,0.24106096652327658,0.0,105.96944444444445,120.0,0.075,0.43493711772568106,678,20.0,10,20.0,,,ARC,flash,122
5.0,0.039848374099571426,0.0,117.82777777777778,120.0,0.075,0.7753733796544495,905,0.0,10,0.0,,,ARC,flash,123
40.0,0.3996215089409061,0.0,124.47361111111111,120.0,0.075,0.06068181282056699,900,10.0,9,0.0,,,ARC,flash,124
20.0,0.1646641928948478,0.0,119.42361111111111,120.0,0.075,0.7428839931404809,1004,15.0,10,0.0,,,ARC,flash,125
5.0,0.012796871854292569,0.0,116.96944444444445,120.0,0.075,0.9459530160146504,899,5.0,10,0.0,,,ARC,flash,126
0.0,0.0,0.0,128.25416666666666,120.0,0.075,1.0,936,0.0,9,0.0,,,ARC,flash,127
0.0,0.0,0.0,107.68888888888888,120.0,0.075,1.0,704,0.0,10,0.0,,,ARC,flash,128
0.0,0.0,0.0,131.7,120.0,0.075,1.0,916,0.0,10,0.0,,,ARC,flash,129
20.0,0.09896057103587763,0.0,121.83194444444445,120.0,0.075,0.32629179967108446,836,10.0,9,0.0,,,ARC,flash,130
0.0,0.0,0.0,122.95277777777778,120.0,0.075,1.0,975,0.0,10,0.0,,,ARC,flash,131
0.0,0.0,0.0,118.50694444444444,120.0,0.075,1.0,998,0.0,9,0.0,,,ARC,flash,132
0.0,0.0,0.0,116.49722222222222,120.0,0.075,1.0,889,0.0,10,0.0,,,ARC,flash,133
5.0,0.015591513987756045,0.0,104.76666666666667,120.0,0.075,0.9302296543802344,725,5.0,10,0.0,,,ARC,flash,134
25.0,0.4203105190907941,0.0,119.63194444444444,120.0,0.075,0.029051979493965638,910,20.0,11,0.0,,,ARC,flash,135
25.0,0.20507215546921032,0.0,124.16805555555555,120.0,0.075,0.05930885226811997,953,0.0,10,0.0,,,ARC,flash,136
5.0,0.04273141549393511,0.0,116.70277777777778,120.0,0.075,0.9228845798072116,976,5.0,9,0.0,,,ARC,flash,137
0.0,0.0,0.0,121.33194444444445,120.0,0.075,1.0,956,0.0,9,0.0,,,ARC,flash,138
0.0,0.0,0.0,118.45833333333333,120.0,0.075,1.0,934,0.0,10,0.0,,,ARC,flash,139
30.0,0.36488202673912173,0.0,123.46666666666667,120.0,0.075,0.25089113836245774,851,25.0,9,0.0,,,ARC-noGraph,flash,100
0.0,0.004681844006937386,0.0,119.70555555555555,120.0,0.075,0.9811130238358053,964,0.0,9,0.0,,,ARC-noGraph,flash,101
0.0,0.0,0.0,121.75416666666666,120.0,0.075,1.0,990,0.0,10,0.0,,,ARC-noGraph,flash,102
0.0,0.0,0.0,119.58194444444445,120.0,0.075,1.0,931,0.0,10,0.0,,,ARC-noGraph,flash,103
0.0,0.003374519678123189,0.0,104.40833333333333,120.0,0.075,0.9865033705979125,697,0.0,9,0.0,,,ARC-noGraph,flash,104
10.0,0.555177300699683,0.0,123.62222222222222,120.0,0.075,0.00800764162310861,931,10.0,10,0.0,,,ARC-noGraph,flash,105
65.0,0.4807768848070104,0.0,114.23611111111111,120.0,0.075,0.06767938957756675,883,0.0,10,0.0,,,ARC-noGraph,flash,106
0.0,0.0,0.0,123.14861111111111,120.0,0.075,1.0,1048,0.0,10,0.0,,,ARC-noGraph,flash,107
0.0,0.0,0.0,117.26527777777778,120.0,0.075,1.0,978,0.0,10,0.0,,,ARC-noGraph,flash,108
5.0,0.020826040004351398,0.0,118.28472222222223,120.0,0.075,0.9116957416769359,962,5.0,10,0.0,,,ARC-noGraph,flash,109
0.0,0.0006982061636073844,0.0,105.25972222222222,120.0,0.075,0.9954359675909964,686,0.0,10,0.0,,,ARC-noGraph,flash,110
0.0,0.005872360209158156,0.0,121.10833333333333,120.0,0.075,0.9658425602194536,900,0.0,10,0.0,,,ARC-noGraph,flash,111
50.0,0.5848490038974696,0.0,112.2625,120.0,0.075,0.0446729690761761,869,20.0,9,0.0,,,ARC-noGraph,flash,112
0.0,0.012867906831648401,0.0,121.53611111111111,120.0,0.075,0.9775646527004002,984,0.0,10,0.0,,,ARC-noGraph,flash,113
20.0,0.6000156807831947,0.0,128.475,120.0,0.075,0.06504415117009404,1019,20.0,10,0.0,,,ARC-noGraph,flash,114
15.0,0.3892677163625069,0.0,117.91388888888889,120.0,0.075,0.09755843032241371,944,15.0,10,0.0,,,ARC-noGraph,flash,115
0.0,0.0,0.0,106.14305555555555,120.0,0.075,1.0,669,0.0,10,0.0,,,ARC-noGraph,flash,116
0.0,0.0,0.0,124.31527777777778,120.0,0.075,1.0,862,0.0,10,0.0,,,ARC-noGraph,flash,117
20.0,0.031043389709173308,0.0,121.76527777777778,120.0,0.075,0.8776931064352617,901,10.0,9,0.0,,,ARC-noGraph,flash,118
0.0,0.0,0.0,117.85972222222222,120.0,0.075,1.0,945,0.0,9,0.0,,,ARC-noGraph,flash,119
5.0,0.01981584789130242,0.0,119.4125,120.0,0.075,0.9357009231775127,986,5.0,10,0.0,,,ARC-noGraph,flash,120
25.0,0.6034534090514576,0.0,120.4,120.0,0.075,0.01632494315008127,955,25.0,10,0.0,,,ARC-noGraph,flash,121
25.0,0.47662676323650954,0.0,106.77916666666667,120.0,0.075,0.2000274453954015,687,25.0,9,0.0,,,ARC-noGraph,flash,122
5.0,0.039848374099571426,0.0,118.61805555555556,120.0,0.075,0.7753733796544495,913,0.0,10,0.0,,,ARC-noGraph,flash,123
40.0,0.3996215089409061,0.0,124.59166666666667,120.0,0.075,0.06068181282056699,916,10.0,9,0.0,,,ARC-noGraph,flash,124
15.0,0.12211297028241752,0.0,118.23333333333333,120.0,0.075,0.8788670596108391,1037,10.0,10,0.0,,,ARC-noGraph,flash,125
5.0,0.02099774523897091,0.0,117.08888888888889,120.0,0.075,0.9459530160146504,901,5.0,10,0.0,,,ARC-noGraph,flash,126
0.0,0.0,0.0,128.57222222222222,120.0,0.075,1.0,937,0.0,10,0.0,,,ARC-noGraph,flash,127
0.0,0.0,0.0,107.72083333333333,120.0,0.075,1.0,711,0.0,10,0.0,,,ARC-noGraph,flash,128
0.0,0.0,0.0,131.65416666666667,120.0,0.075,1.0,918,0.0,10,0.0,,,ARC-noGraph,flash,129
25.0,0.16592998870960107,0.0,120.99027777777778,120.0,0.075,0.2446655962837497,853,15.0,9,0.0,,,ARC-noGraph,flash,130
0.0,0.0,0.0,122.71527777777777,120.0,0.075,1.0,967,0.0,10,0.0,,,ARC-noGraph,flash,131
0.0,0.0,0.0,118.63472222222222,120.0,0.075,1.0,1009,0.0,9,0.0,,,ARC-noGraph,flash,132
0.0,0.0,0.0,116.975,120.0,0.075,1.0,882,0.0,10,0.0,,,ARC-noGraph,flash,133
0.0,0.010293156846519214,0.0,104.76666666666667,120.0,0.075,0.9600293000344086,730,0.0,10,0.0,,,ARC-noGraph,flash,134
25.0,0.48273195217777287,0.0,119.99027777777778,120.0,0.075,0.023518268452470396,920,20.0,11,0.0,,,ARC-noGraph,flash,135
15.0,0.12022931610775611,0.0,125.66805555555555,120.0,0.075,0.4021999233448823,958,0.0,10,0.0,,,ARC-noGraph,flash,136
0.0,0.015991438219176146,0.0,115.28888888888889,120.0,0.075,0.971140986941223,984,0.0,9,0.0,,,ARC-noGraph,flash,137
0.0,0.0,0.0,121.53472222222223,120.0,0.075,1.0,961,0.0,9,0.0,,,ARC-noGraph,flash,138
0.0,0.0,0.0,118.28888888888889,120.0,0.075,1.0,939,0.0,9,0.0,,,ARC-noGraph,flash,139
55.0,0.8429561492568016,0.0,122.42361111111111,120.0,0.075,0.02038249818592583,859,25.0,0,0.0,,,ARC-noChaos,flash,100
5.0,0.014007868017451575,0.0,117.3013888888889,120.0,0.075,0.9434910114553041,945,5.0,0,0.0,,,ARC-noChaos,flash,101
0.0,0.0,0.0,121.09444444444445,120.0,0.075,1.0,968,0.0,0,0.0,,,ARC-noChaos,flash,102
0.0,0.0,0.0,120.77638888888889,120.0,0.075,1.0,944,0.0,0,0.0,,,ARC-noChaos,flash,103
0.0,0.011130679841819813,0.0,104.69583333333334,120.0,0.075,0.969646779095997,684,0.0,0,0.0,,,ARC-noChaos,flash,104
15.0,0.488541103670892,0.0,120.89166666666667,120.0,0.075,0.028150195305051876,935,15.0,0,0.0,,,ARC-noChaos,flash,105
40.0,0.4672599452478776,0.0,112.44722222222222,120.0,0.075,0.06767938957756675,874,0.0,0,0.0,,,ARC-noChaos,flash,106
0.0,0.0,0.0,120.99166666666666,120.0,0.075,1.0,1014,0.0,0,0.0,,,ARC-noChaos,flash,107
0.0,0.0,0.0,116.75,120.0,0.075,1.0,995,0.0,0,0.0,,,ARC-noChaos,flash,108
5.0,0.06853107498506761,0.0,119.14305555555555,120.0,0.075,0.7441791285914667,950,5.0,0,0.0,,,ARC-noChaos,flash,109
0.0,0.0,0.0,106.42222222222222,120.0,0.075,1.0,722,0.0,0,0.0,,,ARC-noChaos,flash,110
0.0,0.005872360209158156,0.0,118.6,120.0,0.075,0.9658425602194536,857,0.0,0,0.0,,,ARC-noChaos,flash,111
45.0,0.5741339005635338,0.0,111.48611111111111,120.0,0.075,0.0446729690761761,881,15.0,0,0.0,,,ARC-noChaos,flash,112
5.0,0.04462545457781797,0.0,121.17777777777778,120.0,0.075,0.9404914317082647,993,5.0,0,0.0,,,ARC-noChaos,flash,113
15.0,0.5681500198905898,0.0,127.36111111111111,120.0,0.075,0.13487847179455487,1025,15.0,0,0.0,,,ARC-noChaos,flash,114
15.0,0.3532749957624537,0.0,118.0513888888889,120.0,0.075,0.06052849108505229,956,15.0,0,0.0,,,ARC-noChaos,flash,115
0.0,0.0,0.0,107.22638888888889,120.0,0.075,1.0,657,0.0,0,0.0,,,ARC-noChaos,flash,116
0.0,0.0,0.0,120.75416666666666,120.0,0.075,1.0,806,0.0,0,0.0,,,ARC-noChaos,flash,117
10.0,0.021640089410324137,0.0,122.33611111111111,120.0,0.075,0.8776931064352617,895,0.0,0,0.0,,,ARC-noChaos,flash,118
10.0,0.06610247093432609,0.0,117.95694444444445,120.0,0.075,0.882854522499852,946,10.0,0,0.0,,,ARC-noChaos,flash,119
0.0,0.0027269578071864586,0.0,118.3625,120.0,0.075,0.9911514828687377,970,0.0,0,0.0,,,ARC-noChaos,flash,120
20.0,0.5935605871214555,0.0,119.49722222222222,120.0,0.075,0.028267401976911296,922,20.0,0,0.0,,,ARC-noChaos,flash,121
15.0,0.18610249566075598,0.0,106.62638888888888,120.0,0.075,0.43493711772568106,656,15.0,0,0.0,,,ARC-noChaos,flash,122
5.0,0.039848374099571426,0.0,115.85277777777777,120.0,0.075,0.7753733796544495,913,0.0,0,0.0,,,ARC-noChaos,flash,123
30.0,0.35412484315942017,0.0,123.7125,120.0,0.075,0.06068181282056699,894,0.0,0,0.0,,,ARC-noChaos,flash,124
10.0,0.05343029456940096,0.0,117.24027777777778,120.0,0.075,0.9332751686649785,1014,5.0,0,0.0,,,ARC-noChaos,flash,125
10.0,0.08021343621259502,0.0,116.07777777777778,120.0,0.075,0.7363809874292732,866,10.0,0,0.0,,,ARC-noChaos,flash,126
0.0,0.0,0.0,129.19305555555556,120.0,0.075,1.0,949,0.0,0,0.0,,,ARC-noChaos,flash,127
0.0,0.0,0.0,108.5375,120.0,0.075,1.0,717,0.0,0,0.0,,,ARC-noChaos,flash,128
0.0,0.009699448628486262,0.0,129.25833333333333,120.0,0.075,0.9680339434727119,922,0.0,0,0.0,,,ARC-noChaos,flash,129
35.0,0.24437922821405333,0.0,120.19722222222222,120.0,0.075,0.15376031411767324,846,15.0,0,0.0,,,ARC-noChaos,flash,130
0.0,0.0,0.0,121.93194444444444,120.0,0.075,1.0,970,0.0,0,0.0,,,ARC-noChaos,flash,131
0.0,0.0,0.0,117.99305555555556,120.0,0.075,1.0,994,0.0,0,0.0,,,ARC-noChaos,flash,132
0.0,0.0,0.0,117.49444444444444,120.0,0.075,1.0,896,0.0,0,0.0,,,ARC-noChaos,flash,133
0.0,0.0,0.0,105.45416666666667,120.0,0.075,1.0,716,0.0,0,0.0,,,ARC-noChaos,flash,134
30.0,0.43768663552878895,0.0,116.16944444444445,120.0,0.075,0.03700396571810237,902,20.0,0,0.0,,,ARC-noChaos,flash,135
40.0,0.5061375475560626,0.0,123.3236111111111,120.0,0.075,0.05849947451343125,916,0.0,0,0.0,,,ARC-noChaos,flash,136
0.0,0.015991438219176146,0.0,114.78472222222223,120.0,0.075,0.971140986941223,960,0.0,0,0.0,,,ARC-noChaos,flash,137
0.0,0.0,0.0,120.39583333333333,120.0,0.075,1.0,931,0.0,0,0.0,,,ARC-noChaos,flash,138
0.0,0.0,0.0,118.99444444444444,120.0,0.075,1.0,934,0.0,0,0.0,,,ARC-noChaos,flash,139
50.0,0.5989448150280574,0.0,124.86944444444444,120.0,0.075,0.0566496306081476,841,25.0,9,0.0,,,ARC-noSec,flash,100
0.0,0.004681844006937386,0.0,119.68055555555556,120.0,0.075,0.9811130238358053,951,0.0,9,0.0,,,ARC-noSec,flash,101
0.0,0.0,0.0,121.24583333333334,120.0,0.075,1.0,996,0.0,10,0.0,,,ARC-noSec,flash,102
0.0,0.0,0.0,119.70833333333333,120.0,0.075,1.0,960,0.0,10,0.0,,,ARC-noSec,flash,103
0.0,0.011130679841819813,0.0,104.20833333333333,120.0,0.075,0.969646779095997,707,0.0,9,0.0,,,ARC-noSec,flash,104
10.0,0.2740107915947476,0.0,123.72222222222223,120.0,0.075,0.51009050076362,936,10.0,10,0.0,,,ARC-noSec,flash,105
45.0,0.4715435538356849,0.0,114.5736111111111,120.0,0.075,0.03459993797003107,865,0.0,10,0.0,,,ARC-noSec,flash,106
0.0,0.0,0.0,123.3125,120.0,0.075,1.0,1041,0.0,10,0.0,,,ARC-noSec,flash,107
0.0,0.0,0.0,117.63194444444444,120.0,0.075,1.0,966,0.0,10,0.0,,,ARC-noSec,flash,108
5.0,0.020826040004351398,0.0,117.79722222222222,120.0,0.075,0.9116957416769359,945,5.0,11,5.0,,,ARC-noSec,flash,109
0.0,0.0,0.0,105.3125,120.0,0.075,1.0,700,0.0,10,0.0,,,ARC-noSec,flash,110
0.0,0.005872360209158156,0.0,120.81388888888888,120.0,0.075,0.9658425602194536,900,0.0,10,0.0,,,ARC-noSec,flash,111
45.0,0.4858748491567755,0.0,112.22777777777777,120.0,0.075,0.0446729690761761,875,20.0,9,0.0,,,ARC-noSec,flash,112
0.0,0.015484533471177286,0.0,121.37777777777778,120.0,0.075,0.9827972472492076,977,0.0,10,0.0,,,ARC-noSec,flash,113
15.0,0.471952848366064,0.0,128.30416666666667,120.0,0.075,0.13727297596400495,1009,15.0,10,0.0,,,ARC-noSec,flash,114
15.0,0.36203528450270417,0.0,117.75694444444444,120.0,0.075,0.061242191278837434,950,15.0,10,0.0,,,ARC-noSec,flash,115
0.0,0.0,0.0,106.42222222222222,120.0,0.075,1.0,665,0.0,10,0.0,,,ARC-noSec,flash,116
0.0,0.0,0.0,123.9875,120.0,0.075,1.0,827,0.0,10,0.0,,,ARC-noSec,flash,117
10.0,0.021640089410324137,0.0,121.18333333333334,120.0,0.075,0.8776931064352617,883,0.0,9,0.0,,,ARC-noSec,flash,118
5.0,0.038691033449900214,0.0,118.04444444444445,120.0,0.075,0.8897047317023685,945,5.0,9,0.0,,,ARC-noSec,flash,119
5.0,0.01981584789130242,0.0,118.975,120.0,0.075,0.9357009231775127,968,5.0,10,0.0,,,ARC-noSec,flash,120
30.0,0.6586261193082699,0.0,120.275,120.0,0.075,0.01632494315008127,958,30.0,10,0.0,,,ARC-noSec,flash,121
20.0,0.24106096652327658,0.0,105.96944444444445,120.0,0.075,0.43493711772568106,678,20.0,10,20.0,,,ARC-noSec,flash,122
5.0,0.039848374099571426,0.0,117.82777777777778,120.0,0.075,0.7753733796544495,905,0.0,10,0.0,,,ARC-noSec,flash,123
40.0,0.3996215089409061,0.0,124.47361111111111,120.0,0.075,0.06068181282056699,900,10.0,9,0.0,,,ARC-noSec,flash,124
20.0,0.1646641928948478,0.0,119.4375,120.0,0.075,0.7428839931404809,1011,15.0,10,0.0,,,ARC-noSec,flash,125
5.0,0.012796871854292569,0.0,116.96944444444445,120.0,0.075,0.9459530160146504,899,5.0,10,0.0,,,ARC-noSec,flash,126
0.0,0.0,0.0,128.25416666666666,120.0,0.075,1.0,936,0.0,9,0.0,,,ARC-noSec,flash,127
0.0,0.0,0.0,107.68888888888888,120.0,0.075,1.0,704,0.0,10,0.0,,,ARC-noSec,flash,128
0.0,0.0,0.0,131.7,120.0,0.075,1.0,916,0.0,10,0.0,,,ARC-noSec,flash,129
20.0,0.09896057103587763,0.0,121.83194444444445,120.0,0.075,0.32629179967108446,836,10.0,9,0.0,,,ARC-noSec,flash,130
0.0,0.0,0.0,122.95277777777778,120.0,0.075,1.0,975,0.0,10,0.0,,,ARC-noSec,flash,131
0.0,0.0,0.0,118.50694444444444,120.0,0.075,1.0,998,0.0,9,0.0,,,ARC-noSec,flash,132
0.0,0.0,0.0,116.49722222222222,120.0,0.075,1.0,889,0.0,10,0.0,,,ARC-noSec,flash,133
5.0,0.015591513987756045,0.0,104.76666666666667,120.0,0.075,0.9302296543802344,725,5.0,10,0.0,,,ARC-noSec,flash,134
25.0,0.4203105190907941,0.0,119.63194444444444,120.0,0.075,0.029051979493965638,910,20.0,11,0.0,,,ARC-noSec,flash,135
25.0,0.20507215546921032,0.0,124.16805555555555,120.0,0.075,0.05930885226811997,953,0.0,10,0.0,,,ARC-noSec,flash,136
5.0,0.04273141549393511,0.0,116.70277777777778,120.0,0.075,0.9228845798072116,976,5.0,9,0.0,,,ARC-noSec,flash,137
0.0,0.0,0.0,121.33194444444445,120.0,0.075,1.0,956,0.0,9,0.0,,,ARC-noSec,flash,138
0.0,0.0,0.0,118.45833333333333,120.0,0.075,1.0,934,0.0,10,0.0,,,ARC-noSec,flash,139
450.0,9.494956050363967,0.0,91.74444444444444,120.0,1.4038514349267672,0.00014382027840516634,4707,40.0,10,15.0,,,ARC-noGuard,flash,100
530.0,5.978812826183477,0.0,84.86527777777778,120.0,1.4642653634939569,0.0008009559582731345,4623,40.0,10,50.0,,,ARC-noGuard,flash,101
330.0,6.869711112535571,0.0,89.41944444444445,120.0,0.2992021063053075,0.004393410932782648,4730,15.0,10,10.0,,,ARC-noGuard,flash,102
425.0,4.270367734821168,0.0,88.33611111111111,120.0,0.9988606497653937,0.006993991702777018,5012,15.0,10,100.0,,,ARC-noGuard,flash,103
400.0,7.227105653661059,0.0,81.17777777777778,120.0,0.9150973352124087,9.47806153671563e-05,3592,30.0,10,0.0,,,ARC-noGuard,flash,104
400.0,5.479323310817263,0.0,89.01388888888889,120.0,0.8251317038433539,0.000566653094514656,4889,30.0,10,5.0,,,ARC-noGuard,flash,105
575.0,9.749092230654766,0.0,83.45277777777778,120.0,1.9325888136942126,0.000431821449641311,4605,35.0,10,60.0,,,ARC-noGuard,flash,106
520.0,5.2076372903208545,0.0,84.5125,120.0,1.3941136353654524,0.0028408264305036443,4805,10.0,10,5.0,,,ARC-noGuard,flash,107
450.0,7.04224413188459,0.0,83.98472222222222,120.0,0.7935706352219314,0.00029114537037312223,4643,15.0,10,50.0,,,ARC-noGuard,flash,108
305.0,3.4321635507494563,0.0,88.99305555555556,120.0,0.07845654117689478,0.0176749505977956,4997,25.0,10,15.0,,,ARC-noGuard,flash,109
390.0,5.9347375069348285,0.0,86.04027777777777,120.0,0.878168417609188,0.00014285076059933257,3648,40.0,11,65.0,,,ARC-noGuard,flash,110
365.0,4.850365032400383,0.0,88.91666666666667,120.0,0.5346790383063651,0.0006787566474958483,4767,10.0,11,50.0,,,ARC-noGuard,flash,111
575.0,9.979614852939223,0.0,84.70694444444445,120.0,1.8200980581359432,0.0005569498525512723,4557,10.0,10,90.0,,,ARC-noGuard,flash,112
410.0,7.954957147551156,0.0,86.60972222222222,120.0,0.8667825813669388,0.00011170790479437013,4720,35.0,10,35.0,,,ARC-noGuard,flash,113
360.0,7.950782589905236,0.0,92.23611111111111,120.0,0.47974352186925284,0.000265176124699082,4874,25.0,11,10.0,,,ARC-noGuard,flash,114
485.0,4.255717531544634,0.0,87.66111111111111,120.0,1.0463310383508038,0.005585233042710666,5000,30.0,10,40.0,,,ARC-noGuard,flash,115
355.0,6.519820639584517,0.0,86.6625,120.0,0.8404229192796507,0.00013246904895608584,3698,20.0,11,65.0,,,ARC-noGuard,flash,116
250.0,3.647157786782962,0.0,90.72777777777777,120.0,0.075,0.000406912275970504,4775,35.0,11,40.0,,,ARC-noGuard,flash,117
365.0,7.15021776213669,0.0,93.1986111111111,120.0,0.6280765751213716,0.0003931784347628626,4808,10.0,11,30.0,,,ARC-noGuard,flash,118
455.0,7.546977430559798,0.0,84.41388888888889,120.0,0.9895067573219208,0.0006169878227811219,4605,30.0,10,105.0,,,ARC-noGuard,flash,119
405.0,7.806090606614746,0.0,85.7611111111111,120.0,0.8569310097832914,0.000406040445293737,4692,25.0,10,20.0,,,ARC-noGuard,flash,120
380.0,3.635737879720158,0.0,88.34027777777777,120.0,0.7254602534989949,0.0019190950736979247,4944,35.0,10,60.0,,,ARC-noGuard,flash,121
360.0,6.831675735856879,0.0,87.90555555555555,120.0,0.61157293204765,0.0003822957758904108,3593,15.0,11,50.0,,,ARC-noGuard,flash,122
610.0,7.0451843730909625,0.0,84.8375,120.0,1.5368080368749442,0.00043396863139182935,4768,15.0,10,100.0,,,ARC-noGuard,flash,123
435.0,7.810787257481855,0.0,91.98472222222222,120.0,0.8939405391205969,0.000383008525709101,4700,35.0,10,20.0,,,ARC-noGuard,flash,124
590.0,10.532083461109698,0.0,83.06111111111112,120.0,1.8990606689436211,0.00011906746780705503,4791,35.0,9,35.0,,,ARC-noGuard,flash,125
570.0,9.453865247934356,0.0,85.3013888888889,120.0,1.5593531028195886,0.0008169239532361854,4602,35.0,10,15.0,,,ARC-noGuard,flash,126
250.0,2.4814405316865185,0.0,97.70416666666667,120.0,0.075,0.008497534960522976,5225,30.0,10,40.0,,,ARC-noGuard,flash,127
340.0,6.664332288062525,0.0,87.5736111111111,120.0,0.6231928205452193,0.00019590740555716602,3724,25.0,11,30.0,,,ARC-noGuard,flash,128
265.0,3.697503596962892,0.0,96.25694444444444,120.0,0.07500000000000012,0.0007711971901429043,4897,5.0,11,45.0,,,ARC-noGuard,flash,129
340.0,6.173804200451983,0.0,90.55,120.0,0.5472258729762038,0.00601063240096027,4785,25.0,10,50.0,,,ARC-noGuard,flash,130
325.0,3.750820246570896,0.0,87.85138888888889,120.0,0.2809626118594067,0.0006563450526006643,4640,10.0,10,80.0,,,ARC-noGuard,flash,131
545.0,8.641640201020273,0.0,85.16666666666667,120.0,1.1906477916472489,0.00028823988922655505,4758,10.0,9,25.0,,,ARC-noGuard,flash,132
330.0,3.7846210695292815,0.0,88.06944444444444,120.0,0.2886899330929072,0.0004728278211410323,5039,15.0,10,55.0,,,ARC-noGuard,flash,133
415.0,7.687451949811452,0.0,85.74583333333334,120.0,1.187418107829179,8.27867296455034e-05,3626,30.0,11,50.0,,,ARC-noGuard,flash,134
455.0,5.76021841045713,0.0,85.81527777777778,120.0,0.9344893020438798,0.0016508542799662789,4767,30.0,10,20.0,,,ARC-noGuard,flash,135
470.0,8.859221306932808,0.0,89.35416666666667,120.0,1.3790554928030465,0.0002884664461476567,4789,10.0,10,90.0,,,ARC-noGuard,flash,136
605.0,9.355590836479944,0.0,83.75277777777778,120.0,1.6754760504149278,0.00011351013442002714,4760,5.0,10,45.0,,,ARC-noGuard,flash,137
370.0,6.869774178442778,0.0,85.65416666666667,120.0,0.5046431199954159,0.0002554632243198979,4638,40.0,10,60.0,,,ARC-noGuard,flash,138
235.0,2.548830487670417,0.0,90.5625,120.0,0.075,0.01883678776424109,5082,20.0,10,0.0,,,ARC-noGuard,flash,139
130.0,2.3835264057421313,0.0,125.86527777777778,120.0,0.075,0.0026685056848492154,879,65.0,9,0.0,,,ARC-noRemed,flash,100
0.0,0.004681844006937386,0.0,119.47777777777777,120.0,0.075,0.9811130238358053,979,0.0,10,0.0,,,ARC-noRemed,flash,101
0.0,0.0,0.0,122.07916666666667,120.0,0.075,1.0,1007,0.0,10,0.0,,,ARC-noRemed,flash,102
0.0,0.0,0.0,119.70833333333333,120.0,0.075,1.0,960,0.0,10,0.0,,,ARC-noRemed,flash,103
0.0,0.011130679841819813,0.0,104.20833333333333,120.0,0.075,0.969646779095997,707,0.0,9,0.0,,,ARC-noRemed,flash,104
15.0,0.3576072246359918,0.0,124.64583333333333,120.0,0.075,0.4251280547040521,947,15.0,10,0.0,,,ARC-noRemed,flash,105
60.0,0.6754801981728731,0.0,114.77361111111111,120.0,0.075,0.0005226674594171163,892,0.0,10,0.0,,,ARC-noRemed,flash,106
0.0,0.0,0.0,123.36944444444444,120.0,0.075,1.0,1042,0.0,10,0.0,,,ARC-noRemed,flash,107
0.0,0.0,0.0,118.38888888888889,120.0,0.075,1.0,1003,0.0,10,0.0,,,ARC-noRemed,flash,108
5.0,0.020826040004351398,0.0,117.79722222222222,120.0,0.075,0.9116957416769359,945,5.0,11,5.0,,,ARC-noRemed,flash,109
0.0,0.0,0.0,105.3125,120.0,0.075,1.0,700,0.0,10,0.0,,,ARC-noRemed,flash,110
0.0,0.005872360209158156,0.0,120.99027777777778,120.0,0.075,0.9658425602194536,899,0.0,10,0.0,,,ARC-noRemed,flash,111
60.0,0.7244016878444226,0.0,113.14444444444445,120.0,0.075,0.0446729690761761,900,25.0,9,0.0,,,ARC-noRemed,flash,112
0.0,0.025782099427140714,0.0,122.17777777777778,120.0,0.075,0.9517146795487094,996,0.0,10,0.0,,,ARC-noRemed,flash,113
20.0,0.6140470159475497,0.0,130.775,120.0,0.075,0.06504415117009404,1072,20.0,10,0.0,,,ARC-noRemed,flash,114
30.0,0.7393591414972089,0.0,117.91944444444445,120.0,0.075,0.05269657210274506,950,30.0,11,0.0,,,ARC-noRemed,flash,115
0.0,0.0,0.0,106.42222222222222,120.0,0.075,1.0,665,0.0,10,0.0,,,ARC-noRemed,flash,116
0.0,0.0,0.0,123.5,120.0,0.075,1.0,818,0.0,10,0.0,,,ARC-noRemed,flash,117
35.0,0.29256019660218735,0.0,121.92777777777778,120.0,0.075,0.023690565556531238,884,0.0,9,0.0,,,ARC-noRemed,flash,118
5.0,0.038691033449900214,0.0,117.35138888888889,120.0,0.075,0.8897047317023685,939,5.0,9,0.0,,,ARC-noRemed,flash,119
5.0,0.01981584789130242,0.0,120.23333333333333,120.0,0.075,0.9357009231775127,976,5.0,10,0.0,,,ARC-noRemed,flash,120
45.0,1.1178939482421102,0.0,120.18333333333334,120.0,0.075,0.0004072414956650071,952,45.0,10,0.0,,,ARC-noRemed,flash,121
35.0,0.9864111749840254,0.0,106.43611111111112,120.0,0.075,0.002661157274444974,678,35.0,11,25.0,,,ARC-noRemed,flash,122
5.0,0.039848374099571426,0.0,118.06944444444444,120.0,0.075,0.7753733796544495,904,0.0,10,0.0,,,ARC-noRemed,flash,123
50.0,0.5363729081650614,0.0,125.68472222222222,120.0,0.075,0.008132279472391694,914,10.0,9,0.0,,,ARC-noRemed,flash,124
150.0,6.443646840488293,0.0,121.57777777777778,120.0,0.075,0.0008783624224479828,1027,20.0,10,0.0,,,ARC-noRemed,flash,125
5.0,0.012796871854292569,0.0,117.2388888888889,120.0,0.075,0.9459530160146504,896,5.0,10,0.0,,,ARC-noRemed,flash,126
0.0,0.0,0.0,128.25416666666666,120.0,0.075,1.0,936,0.0,9,0.0,,,ARC-noRemed,flash,127
0.0,0.0,0.0,107.68888888888888,120.0,0.075,1.0,704,0.0,10,0.0,,,ARC-noRemed,flash,128
0.0,0.0,0.0,132.07222222222222,120.0,0.075,1.0,916,0.0,10,0.0,,,ARC-noRemed,flash,129
45.0,0.38428591531222134,0.0,122.40138888888889,120.0,0.075,0.15376031411767324,846,15.0,9,0.0,,,ARC-noRemed,flash,130
0.0,0.0,0.0,123.17222222222222,120.0,0.075,1.0,975,0.0,10,0.0,,,ARC-noRemed,flash,131
0.0,0.0,0.0,118.37222222222222,120.0,0.075,1.0,1008,0.0,10,0.0,,,ARC-noRemed,flash,132
0.0,0.0,0.0,116.49722222222222,120.0,0.075,1.0,889,0.0,10,0.0,,,ARC-noRemed,flash,133
10.0,0.02887766053413232,0.0,104.76666666666667,120.0,0.075,0.9302296543802344,727,10.0,10,0.0,,,ARC-noRemed,flash,134
35.0,0.6620828024920145,0.0,120.24305555555556,120.0,0.075,0.02844027376858382,925,30.0,11,0.0,,,ARC-noRemed,flash,135
65.0,0.7326814594058595,0.0,125.84305555555555,120.0,0.075,0.022863655605267805,973,0.0,10,0.0,,,ARC-noRemed,flash,136
0.0,0.015991438219176146,0.0,116.84583333333333,120.0,0.075,0.971140986941223,987,0.0,9,0.0,,,ARC-noRemed,flash,137
0.0,0.0,0.0,121.575,120.0,0.075,1.0,981,0.0,9,0.0,,,ARC-noRemed,flash,138
0.0,0.0,0.0,118.45833333333333,120.0,0.075,1.0,934,0.0,10,0.0,,,ARC-noRemed,flash,139
5880.0,94.41888324061813,0.0,44.0,24.0,6.055,2.4399488748429764e-05,0,1175.0,0,0.0,,,Static,flash_step,100
1565.0,43.90161896413902,0.0,56.833333333333336,31.0,9.055,2.278208883192466e-06,0,935.0,0,0.0,,,Static,flash_step,101
1030.0,31.098810370850984,0.0,62.333333333333336,34.0,9.055,8.412048806440474e-07,0,460.0,0,0.0,,,Static,flash_step,102
4835.0,80.33184006488689,0.0,53.166666666666664,29.0,6.055,9.571976250183797e-05,0,1200.0,0,0.0,,,Static,flash_step,103
750.0,34.81729945458599,0.0,73.33333333333333,40.0,3.075,0.020403468998101342,0,205.0,0,0.0,,,Static,flash_step,104
6215.0,93.06102501796205,0.0,36.666666666666664,20.0,3.075,0.007334152459741924,0,1200.0,0,0.0,,,Static,flash_step,105
5905.0,94.64860207182673,0.0,44.0,24.0,6.055,2.3241116909207623e-05,0,1200.0,0,0.0,,,Static,flash_step,106
1515.0,42.933069207101084,0.0,56.833333333333336,31.0,9.055,2.2783372872328986e-06,0,1075.0,0,0.0,,,Static,flash_step,107
770.0,25.901049179480506,0.0,58.666666666666664,32.0,3.075,0.01848303094420844,0,30.0,0,0.0,,,Static,flash_step,108
4265.0,73.3172699231591,0.0,53.166666666666664,29.0,6.055,9.350480773557811e-05,0,1200.0,0,0.0,,,Static,flash_step,109
840.0,38.842268807764114,0.0,73.33333333333333,40.0,3.075,0.020392782073484956,0,65.0,0,0.0,,,Static,flash_step,110
6215.0,93.03690595566664,0.0,36.666666666666664,20.0,3.075,0.0074161335337551565,0,1200.0,0,0.0,,,Static,flash_step,111
5955.0,95.22567475643834,0.0,44.0,24.0,6.055,2.39321069167644e-05,0,1005.0,0,0.0,,,Static,flash_step,112
1210.0,35.37087731973081,0.0,56.833333333333336,31.0,9.055,2.3822428088371016e-06,0,495.0,0,0.0,,,Static,flash_step,113
1175.0,34.03114895228213,0.0,62.333333333333336,34.0,9.055,7.119287847113978e-07,0,240.0,0,0.0,,,Static,flash_step,114
4175.0,72.32946768101318,0.0,53.166666666666664,29.0,6.055,9.487460120726503e-05,0,1200.0,0,0.0,,,Static,flash_step,115
770.0,36.026232737535025,0.0,73.33333333333333,40.0,3.075,0.019498094314295146,0,20.0,0,0.0,,,Static,flash_step,116
6220.0,93.19040399700786,0.0,36.666666666666664,20.0,3.075,0.007383753130252289,0,975.0,0,0.0,,,Static,flash_step,117
5885.0,94.63142852080456,0.0,44.0,24.0,6.055,2.4978175035938028e-05,0,1055.0,0,0.0,,,Static,flash_step,118
1445.0,41.02084756020393,0.0,56.833333333333336,31.0,9.055,2.290221361779823e-06,0,805.0,0,0.0,,,Static,flash_step,119
1245.0,34.75774762164784,0.0,62.333333333333336,34.0,9.055,7.45293589800439e-07,0,495.0,0,0.0,,,Static,flash_step,120
1260.0,33.32853240174713,0.0,55.0,30.0,3.075,0.015912381427967012,0,900.0,0,0.0,,,Static,flash_step,121
750.0,35.01337589782677,0.0,73.33333333333333,40.0,3.075,0.020416725757160595,0,65.0,0,0.0,,,Static,flash_step,122
6220.0,93.16244484100687,0.0,36.666666666666664,20.0,3.075,0.0072784563712427796,0,1200.0,0,0.0,,,Static,flash_step,123
5890.0,93.99735507903878,0.0,44.0,24.0,6.055,2.378348750152266e-05,0,1185.0,0,0.0,,,Static,flash_step,124
1365.0,37.7015093489163,0.0,56.833333333333336,31.0,9.055,2.2876196111012188e-06,0,5.0,0,0.0,,,Static,flash_step,125
1165.0,33.23952489778743,0.0,62.333333333333336,34.0,9.055,6.887572277530369e-07,0,685.0,0,0.0,,,Static,flash_step,126
4345.0,73.54548883491671,0.0,53.166666666666664,29.0,6.055,9.602464701335397e-05,0,1200.0,0,0.0,,,Static,flash_step,127
745.0,34.91852213199027,0.0,73.33333333333333,40.0,3.075,0.02040591987153364,0,275.0,0,0.0,,,Static,flash_step,128
6210.0,93.1690714474664,0.0,36.666666666666664,20.0,3.075,0.006864160304452373,0,1015.0,0,0.0,,,Static,flash_step,129
5885.0,94.62602917965133,0.0,44.0,24.0,6.055,2.3873432309231033e-05,0,1045.0,0,0.0,,,Static,flash_step,130
1535.0,43.11470146164099,0.0,56.833333333333336,31.0,9.055,2.22779183682164e-06,0,1075.0,0,0.0,,,Static,flash_step,131
1115.0,32.031251108311075,0.0,62.333333333333336,34.0,9.055,8.414787107450279e-07,0,360.0,0,0.0,,,Static,flash_step,132
1260.0,30.452273271881868,0.0,55.0,30.0,3.075,0.016499568088319413,0,150.0,0,0.0,,,Static,flash_step,133
740.0,34.966174853918375,0.0,73.33333333333333,40.0,3.075,0.019991523553604115,0,275.0,0,0.0,,,Static,flash_step,134
6215.0,93.17231561985754,0.0,36.666666666666664,20.0,3.075,0.007572900992429039,0,1200.0,0,0.0,,,Static,flash_step,135
2250.0,46.80074236744861,0.0,45.833333333333336,25.0,3.075,0.011559029062482866,0,185.0,0,0.0,,,Static,flash_step,136
1330.0,39.412462278975994,0.0,56.833333333333336,31.0,9.055,2.3385702159717793e-06,0,730.0,0,0.0,,,Static,flash_step,137
1270.0,34.173777555236725,0.0,62.333333333333336,34.0,9.055,8.717756475771103e-07,0,375.0,0,0.0,,,Static,flash_step,138
1280.0,33.24194667110129,0.0,55.0,30.0,3.075,0.01548754480036738,0,900.0,0,0.0,,,Static,flash_step,139
220.0,6.954319604346804,0.0,108.26805555555555,120.0,0.075,0.00039295405764228644,121,215.0,0,0.0,,,HPA,flash_step,100
445.0,16.386322852528668,0.0,110.76805555555555,120.0,3.0749999999999997,1.1275806339776272e-06,161,445.0,0,0.0,,,HPA,flash_step,101
20.0,0.9225653084408258,0.0,107.925,116.0,0.07500000000000005,0.021198280216283304,117,20.0,0,0.0,,,HPA,flash_step,102
885.0,28.230620649346395,0.0,112.7125,120.0,3.0749999999999997,2.477412622926102e-05,127,885.0,0,0.0,,,HPA,flash_step,103
210.0,9.274436182562685,0.0,107.34166666666667,120.0,0.075,9.197003774879549e-06,153,210.0,0,0.0,,,HPA,flash_step,104
125.0,4.525393858539184,0.0,105.56944444444444,120.0,0.075,4.091110174115212e-06,129,125.0,0,0.0,,,HPA,flash_step,105
80.0,1.7589744898219406,0.0,107.29444444444445,120.0,0.075,1.4713839199445015e-06,83,65.0,0,0.0,,,HPA,flash_step,106
115.0,4.063358154893882,0.0,106.6763888888889,120.0,0.075,8.099026912587437e-05,153,115.0,0,0.0,,,HPA,flash_step,107
135.0,4.5818022699914085,0.0,107.45833333333333,120.0,0.07500000000000012,0.0010683221447167458,123,130.0,0,0.0,,,HPA,flash_step,108
120.0,4.483756307263754,0.0,108.46111111111111,120.0,0.075,2.9961955481046246e-05,142,120.0,0,0.0,,,HPA,flash_step,109
70.0,2.3085868711159585,0.0,104.26527777777778,120.0,0.075,0.0014614672793246406,117,70.0,0,0.0,,,HPA,flash_step,110
120.0,4.5240246668587725,0.0,112.66111111111111,120.0,0.075,1.6415791067261837e-06,121,120.0,0,0.0,,,HPA,flash_step,111
85.0,1.9228261343829156,0.0,104.78888888888889,119.0,0.075,0.000778206290312558,100,80.0,0,0.0,,,HPA,flash_step,112
200.0,8.164573496944739,0.0,106.44722222222222,120.0,0.075,1.4428583620018865e-06,156,190.0,0,0.0,,,HPA,flash_step,113
190.0,6.9549485862580145,0.0,112.46666666666667,120.0,0.075,2.405470170286807e-05,137,175.0,0,0.0,,,HPA,flash_step,114
105.0,3.7200791569318548,0.0,105.3625,120.0,0.075,7.806929732781509e-06,126,105.0,0,0.0,,,HPA,flash_step,115
120.0,3.8531424699919548,0.0,104.08611111111111,120.0,0.075,0.008386277712832966,131,15.0,0,0.0,,,HPA,flash_step,116
75.0,2.8859782228412345,0.0,105.48333333333333,120.0,0.075,3.0364315868651737e-06,96,75.0,0,0.0,,,HPA,flash_step,117
110.0,3.3207617457976735,0.0,109.79166666666667,120.0,0.075,1.8132666918362551e-06,124,100.0,0,0.0,,,HPA,flash_step,118
305.0,11.467871807312191,0.0,112.70833333333333,120.0,0.075,1.1713274424432612e-06,140,275.0,0,0.0,,,HPA,flash_step,119
85.0,3.1890184173117064,0.0,109.17916666666666,120.0,0.075,9.346897033577548e-07,116,85.0,0,0.0,,,HPA,flash_step,120
45.0,1.148500015503573,0.0,102.84444444444445,108.0,0.075,0.026308154376160162,91,45.0,0,0.0,,,HPA,flash_step,121
70.0,2.842203902987317,0.0,106.39861111111111,120.0,0.075,4.257617041001221e-06,127,70.0,0,0.0,,,HPA,flash_step,122
160.0,5.753775588096044,0.0,111.26388888888889,120.0,0.075,4.6291103723214535e-06,124,160.0,0,0.0,,,HPA,flash_step,123
150.0,6.264349433627048,0.0,104.17916666666666,120.0,0.075,3.5501445681702485e-06,145,145.0,0,0.0,,,HPA,flash_step,124
390.0,14.435373412125795,0.0,106.32916666666667,120.0,3.0749999999999997,1.3894845015672855e-06,162,385.0,0,0.0,,,HPA,flash_step,125
195.0,7.042633991192981,0.0,108.09305555555555,120.0,0.075,9.90161435564806e-05,133,200.0,0,0.0,,,HPA,flash_step,126
270.0,8.889011262506596,0.0,107.65416666666667,120.0,0.0750000000000001,0.00046166455135092306,145,280.0,0,0.0,,,HPA,flash_step,127
280.0,12.70435111513738,0.0,108.35972222222222,120.0,0.075,2.7384272347378513e-05,145,280.0,0,0.0,,,HPA,flash_step,128
105.0,4.806628949034241,0.0,109.26527777777778,120.0,0.075,1.3154857882457887e-06,135,105.0,0,0.0,,,HPA,flash_step,129
120.0,3.203865569398656,0.0,106.98472222222222,120.0,0.075,9.252451542868352e-05,109,100.0,0,0.0,,,HPA,flash_step,130
110.0,3.8277178614927965,0.0,107.28194444444445,120.0,0.075,3.399217866724935e-05,146,105.0,0,0.0,,,HPA,flash_step,131
150.0,5.330044182718363,0.0,106.76944444444445,120.0,0.075,0.00016607236293219045,137,150.0,0,0.0,,,HPA,flash_step,132
135.0,2.710459829357048,0.0,106.77083333333333,120.0,0.075,0.00041429659849600816,124,80.0,0,0.0,,,HPA,flash_step,133
280.0,12.65684203942179,0.0,107.6763888888889,120.0,0.075,0.00042921010807537153,141,280.0,0,0.0,,,HPA,flash_step,134
210.0,6.97640089936068,0.0,104.24722222222222,120.0,0.075,2.75134454885818e-06,131,210.0,0,0.0,,,HPA,flash_step,135
185.0,5.365884200167937,0.0,105.0736111111111,120.0,0.075,0.00017289769380901245,128,95.0,0,0.0,,,HPA,flash_step,136
135.0,5.150911934515068,0.0,111.81527777777778,120.0,0.075,0.0003755598756523179,139,100.0,0,0.0,,,HPA,flash_step,137
105.0,3.713436039474638,0.0,110.40138888888889,120.0,0.07500000000000005,0.00021168231787173329,143,105.0,0,0.0,,,HPA,flash_step,138
50.0,1.0709475067228524,0.0,103.68611111111112,111.0,0.075,0.0271666318825493,103,55.0,0,0.0,,,HPA,flash_step,139
85.0,2.8387976455404473,0.0,103.45,120.0,0.075,6.096609118899865e-05,241,80.0,0,0.0,,,HPA-fast,flash_step,100
395.0,15.014885868684635,0.0,101.9625,120.0,3.0749999999999997,1.7671804313328688e-06,316,395.0,0,0.0,,,HPA-fast,flash_step,101
95.0,2.959869836939888,0.0,102.24444444444444,120.0,0.07500000000000004,0.00022509924839256813,292,95.0,0,0.0,,,HPA-fast,flash_step,102
375.0,12.172856016220024,0.0,101.97916666666667,120.0,3.0749999999999997,0.00045909788538891664,231,375.0,0,0.0,,,HPA-fast,flash_step,103
205.0,9.131941448947556,0.0,94.20833333333333,120.0,0.075,0.00045026224827549965,207,205.0,0,0.0,,,HPA-fast,flash_step,104
345.0,11.757924120759245,0.0,103.29444444444445,120.0,2.514811648282707,0.0007336977394534456,246,5.0,0,0.0,,,HPA-fast,flash_step,105
60.0,1.4422551525732241,0.0,102.57222222222222,120.0,0.075,5.838529987000874e-05,212,55.0,0,0.0,,,HPA-fast,flash_step,106
540.0,19.54090839011542,0.0,99.85416666666667,120.0,3.0749999999999997,0.0004687180805104102,284,540.0,0,0.0,,,HPA-fast,flash_step,107
80.0,2.5760827230233208,0.0,103.29027777777777,120.0,0.075,0.00018090606048155392,259,80.0,0,0.0,,,HPA-fast,flash_step,108
120.0,4.544568425297779,0.0,99.65416666666667,120.0,0.075,5.918552750581838e-06,226,120.0,0,0.0,,,HPA-fast,flash_step,109
70.0,2.2938523025332613,0.0,93.21388888888889,120.0,0.075,2.647515044339464e-05,204,70.0,0,0.0,,,HPA-fast,flash_step,110
90.0,3.648552948399564,0.0,101.28611111111111,120.0,0.075,2.475367051154624e-05,241,90.0,0,0.0,,,HPA-fast,flash_step,111
35.0,0.8029634807304564,0.0,101.04166666666667,120.0,0.075,0.026723154867310805,229,40.0,0,0.0,,,HPA-fast,flash_step,112
185.0,7.697893741693596,0.0,97.25833333333334,120.0,0.075,0.0001102842245037857,304,185.0,0,0.0,,,HPA-fast,flash_step,113
5.0,0.03369281736714802,0.0,104.54722222222222,120.0,0.075,0.8941326926057381,217,5.0,0,0.0,,,HPA-fast,flash_step,114
105.0,3.64126130203013,0.0,99.02361111111111,120.0,0.07500000000000008,1.0544612921733173e-05,193,105.0,0,0.0,,,HPA-fast,flash_step,115
20.0,0.3719216051735974,0.0,91.6138888888889,120.0,0.075,0.07593745127103277,173,15.0,0,0.0,,,HPA-fast,flash_step,116
65.0,2.727287368180198,0.0,102.15416666666667,120.0,0.075,2.7059404428444618e-05,213,65.0,0,0.0,,,HPA-fast,flash_step,117
80.0,2.6662982953327474,0.0,103.38333333333334,120.0,0.075,0.00026575511087261535,260,80.0,0,0.0,,,HPA-fast,flash_step,118
50.0,1.9286187204298755,0.0,100.23333333333333,120.0,0.075,0.00045883540279334804,266,50.0,0,0.0,,,HPA-fast,flash_step,119
65.0,2.426424225533086,0.0,102.32777777777778,120.0,0.07500000000000002,2.175787541271092e-05,257,70.0,0,0.0,,,HPA-fast,flash_step,120
120.0,3.8769534747099543,0.0,101.02916666666667,120.0,0.075,2.497457991090086e-06,220,120.0,0,0.0,,,HPA-fast,flash_step,121
70.0,2.8390832442288017,0.0,93.60138888888889,120.0,0.075,0.00012341747924437204,174,70.0,0,0.0,,,HPA-fast,flash_step,122
75.0,2.451502377929571,0.0,101.34583333333333,120.0,0.075,2.696699354133804e-05,215,75.0,0,0.0,,,HPA-fast,flash_step,123
145.0,6.192921640191118,0.0,101.0,120.0,0.075,1.3582236610754937e-06,293,145.0,0,0.0,,,HPA-fast,flash_step,124
190.0,7.387168569797975,0.0,97.38333333333334,120.0,0.075,0.0004029787107262495,314,185.0,0,0.0,,,HPA-fast,flash_step,125
15.0,0.06454254913715873,0.0,101.4888888888889,120.0,0.075,0.8559973203987794,247,15.0,0,0.0,,,HPA-fast,flash_step,126
75.0,2.1401071244468772,0.0,98.975,120.0,0.075,0.0003958817184260025,211,5.0,0,0.0,,,HPA-fast,flash_step,127
280.0,12.38569321066796,0.0,94.36666666666666,120.0,0.075,0.0006873639077656485,210,280.0,0,0.0,,,HPA-fast,flash_step,128
105.0,4.7494035228721305,0.0,103.10138888888889,120.0,0.075,0.0001684273140186202,247,105.0,0,0.0,,,HPA-fast,flash_step,129
145.0,4.304180315456851,0.0,102.88333333333334,120.0,0.075,2.0653975498089645e-05,230,85.0,0,0.0,,,HPA-fast,flash_step,130
445.0,16.42333075476411,0.0,99.96944444444445,120.0,3.0749999999999997,0.0005063556966557772,273,445.0,0,0.0,,,HPA-fast,flash_step,131
100.0,3.3632662630632804,0.0,102.70138888888889,120.0,0.075,0.0010036057739355776,250,100.0,0,0.0,,,HPA-fast,flash_step,132
0.0,0.0,0.0,95.63194444444444,103.0,0.075,1.0,165,0.0,0,0.0,,,HPA-fast,flash_step,133
280.0,12.461138703806318,0.0,94.6375,120.0,0.075,2.7073967734607503e-05,217,280.0,0,0.0,,,HPA-fast,flash_step,134
55.0,1.5626452700666316,0.0,100.16527777777777,120.0,0.075,0.0005309016542165516,212,55.0,0,0.0,,,HPA-fast,flash_step,135
15.0,0.1099948293264652,0.0,98.19722222222222,120.0,0.075,0.4904398741390543,224,15.0,0,0.0,,,HPA-fast,flash_step,136
15.0,0.12237263718655189,0.0,96.075,120.0,0.075,0.7110425754178292,230,15.0,0,0.0,,,HPA-fast,flash_step,137
95.0,3.39403314400768,0.0,103.67916666666666,120.0,0.075,4.832455677425015e-05,288,95.0,0,0.0,,,HPA-fast,flash_step,138
260.0,8.702560171749074,0.0,99.86111111111111,120.0,0.075,0.00014954551152560592,231,260.0,0,0.0,,,HPA-fast,flash_step,139
215.0,6.711103651926987,0.0,121.7625,120.0,0.075,0.0008969213924298499,111,215.0,0,0.0,,,HPA-45,flash_step,100
430.0,16.266627253944176,0.0,127.9888888888889,120.0,3.0749999999999997,1.4653623657015507e-06,153,430.0,0,0.0,,,HPA-45,flash_step,101
20.0,0.8923712497868386,0.0,126.675,120.0,0.07500000000000004,0.02725493170664996,113,20.0,0,0.0,,,HPA-45,flash_step,102
60.0,2.1332712335455084,0.0,126.45972222222223,120.0,0.075,0.0002783971867764278,117,60.0,0,0.0,,,HPA-45,flash_step,103
205.0,9.078772558333325,0.0,121.61527777777778,120.0,0.075,0.00041542594367459075,152,205.0,0,0.0,,,HPA-45,flash_step,104
45.0,1.4837251164564802,0.0,124.43611111111112,120.0,0.075,0.026859400875502742,124,5.0,0,0.0,,,HPA-45,flash_step,105
35.0,0.9408503278002134,0.0,121.51388888888889,120.0,0.075,0.0012926162189381856,97,35.0,0,0.0,,,HPA-45,flash_step,106
50.0,1.5050819586422515,0.0,125.29027777777777,120.0,0.075,0.031658000986466664,127,50.0,0,0.0,,,HPA-45,flash_step,107
20.0,0.8642741556569411,0.0,126.20694444444445,120.0,0.075,0.02815703458178789,113,20.0,0,0.0,,,HPA-45,flash_step,108
65.0,2.1030001263679043,0.0,126.41527777777777,120.0,0.07500000000000007,0.025649453501059943,126,65.0,0,0.0,,,HPA-45,flash_step,109
30.0,0.2634648019518626,0.0,121.27083333333333,120.0,0.075,0.4619916112264102,129,30.0,0,0.0,,,HPA-45,flash_step,110
80.0,3.289008284807682,0.0,126.43472222222222,120.0,0.075,0.0025081596621642373,100,80.0,0,0.0,,,HPA-45,flash_step,111
35.0,0.7705539168024855,0.0,120.27638888888889,120.0,0.075,0.03208246821733767,121,45.0,0,0.0,,,HPA-45,flash_step,112
570.0,22.196896022831346,0.0,123.56944444444444,120.0,3.0749999999999997,0.0003830750683172504,160,430.0,0,0.0,,,HPA-45,flash_step,113
5.0,0.02563743975212418,0.0,127.7875,120.0,0.075,0.8916845097088817,123,5.0,0,0.0,,,HPA-45,flash_step,114
70.0,2.5259759478549193,0.0,125.55277777777778,120.0,0.075,0.0014473053007372728,126,70.0,0,0.0,,,HPA-45,flash_step,115
0.0,0.009389498166512134,0.0,119.62083333333334,120.0,0.075,0.9605708906869391,135,0.0,0,0.0,,,HPA-45,flash_step,116
60.0,2.6370325898334768,0.0,124.86666666666666,120.0,0.075,7.0972051968224125e-06,106,60.0,0,0.0,,,HPA-45,flash_step,117
80.0,2.562909718291828,0.0,121.69305555555556,120.0,0.075,1.1107289058857092e-05,119,80.0,0,0.0,,,HPA-45,flash_step,118
90.0,2.9019561910772484,0.0,127.21388888888889,120.0,0.075,0.0002864842606557997,135,5.0,0,0.0,,,HPA-45,flash_step,119
65.0,2.296102141887235,0.0,128.925,120.0,0.075,1.0006416640548576e-05,132,5.0,0,0.0,,,HPA-45,flash_step,120
20.0,0.6586525037123758,0.0,123.97083333333333,120.0,0.075,0.04101774805953332,91,20.0,0,0.0,,,HPA-45,flash_step,121
55.0,1.570856547967281,0.0,121.04027777777777,120.0,0.075,0.00050403941010497,136,65.0,0,0.0,,,HPA-45,flash_step,122
30.0,0.3710151694374053,0.0,126.75,120.0,0.075,0.22151241776252242,98,30.0,0,0.0,,,HPA-45,flash_step,123
140.0,6.028575021295735,0.0,118.5513888888889,120.0,0.075,0.00021884233400520283,146,140.0,0,0.0,,,HPA-45,flash_step,124
570.0,22.4245231707629,0.0,122.45694444444445,120.0,3.323254744809124,0.0006073779141393002,149,450.0,0,0.0,,,HPA-45,flash_step,125
5.0,0.015243992185909327,0.0,125.8861111111111,120.0,0.075,0.9227724830530804,105,5.0,0,0.0,,,HPA-45,flash_step,126
15.0,0.49142912818702644,0.0,126.20555555555555,120.0,0.075,0.08271668896717958,112,15.0,0,0.0,,,HPA-45,flash_step,127
270.0,12.34128300714331,0.0,121.25972222222222,120.0,0.075,1.730018561586699e-05,152,270.0,0,0.0,,,HPA-45,flash_step,128
105.0,4.56850320460207,0.0,125.95,120.0,0.075,1.8143641386041902e-05,122,105.0,0,0.0,,,HPA-45,flash_step,129
40.0,0.6435428727440295,0.0,120.45138888888889,120.0,0.075,0.20833749207339025,113,50.0,0,0.0,,,HPA-45,flash_step,130
80.0,2.095289175676396,0.0,127.69722222222222,120.0,0.075,0.0297330999228655,142,80.0,0,0.0,,,HPA-45,flash_step,131
65.0,2.2318894112260845,0.0,125.45138888888889,120.0,0.075,0.0027471885731362175,145,65.0,0,0.0,,,HPA-45,flash_step,132
0.0,0.0,0.0,122.16944444444445,120.0,0.075,1.0,125,0.0,0,0.0,,,HPA-45,flash_step,133
265.0,12.02129618000698,0.0,120.82638888888889,120.0,0.075,6.90786743748284e-05,143,265.0,0,0.0,,,HPA-45,flash_step,134
20.0,0.7120191988999269,0.0,123.46388888888889,120.0,0.075,0.034868461956515245,105,20.0,0,0.0,,,HPA-45,flash_step,135
0.0,0.0,0.0,119.16666666666667,120.0,0.075,1.0,145,0.0,0,0.0,,,HPA-45,flash_step,136
0.0,0.0,0.0,125.06944444444444,120.0,0.075,1.0,138,0.0,0,0.0,,,HPA-45,flash_step,137
110.0,3.6510532447576405,0.0,126.20694444444445,120.0,0.075,5.49058711777536e-06,141,110.0,0,0.0,,,HPA-45,flash_step,138
20.0,0.49968393573676106,0.0,126.1625,120.0,0.075,0.19536706774345447,108,20.0,0,0.0,,,HPA-45,flash_step,139
30.0,0.5712090189518126,0.0,149.8486111111111,120.0,0.075,0.2380701377424833,154,30.0,0,0.0,,,PredHPA,flash_step,100
40.0,1.2366056757068367,0.0,153.84305555555557,120.0,0.075,0.0025061054146298684,172,40.0,0,0.0,,,PredHPA,flash_step,101
15.0,0.698822426733825,0.0,151.38472222222222,120.0,0.075,0.06624917136421749,162,15.0,0,0.0,,,PredHPA,flash_step,102
0.0,0.0,0.0,142.74722222222223,120.0,0.075,1.0,122,0.0,0,0.0,,,PredHPA,flash_step,103
25.0,0.26116272210091607,0.0,129.36388888888888,120.0,0.075,0.5688241473163469,134,25.0,0,0.0,,,PredHPA,flash_step,104
0.0,0.0,0.0,148.8388888888889,120.0,0.075,1.0,111,0.0,0,0.0,,,PredHPA,flash_step,105
0.0,0.0,0.0,148.04722222222222,120.0,0.075,1.0,156,0.0,0,0.0,,,PredHPA,flash_step,106
0.0,0.015210968924339596,0.0,150.9777777777778,120.0,0.075,0.9520753581181809,150,0.0,0,0.0,,,PredHPA,flash_step,107
15.0,0.526136100554564,0.0,151.34583333333333,120.0,0.075,0.22052849228633023,159,15.0,0,0.0,,,PredHPA,flash_step,108
0.0,7.566933111213814e-05,0.0,143.19166666666666,120.0,0.075,0.9997646855370385,129,0.0,0,0.0,,,PredHPA,flash_step,109
0.0,0.0,0.0,130.5402777777778,120.0,0.075,1.0,143,0.0,0,0.0,,,PredHPA,flash_step,110
90.0,3.3803242105129416,0.0,149.23611111111111,120.0,0.075,0.0002670440342212632,118,90.0,0,0.0,,,PredHPA,flash_step,111
10.0,0.0503159137521747,0.0,148.64305555555555,120.0,0.075,0.8701431722158114,168,10.0,0,0.0,,,PredHPA,flash_step,112
0.0,0.012242494511305324,0.0,146.60972222222222,120.0,0.075,0.9681624281504664,189,0.0,0,0.0,,,PredHPA,flash_step,113
0.0,0.0,0.0,151.97916666666666,120.0,0.075,1.0,130,0.0,0,0.0,,,PredHPA,flash_step,114
15.0,0.23340635596726944,0.0,141.65833333333333,120.0,0.075,0.5046044718167935,125,15.0,0,0.0,,,PredHPA,flash_step,115
0.0,0.0,0.0,130.73472222222222,120.0,0.075,1.0,149,0.0,0,0.0,,,PredHPA,flash_step,116
55.0,2.1808334306908206,0.0,151.00416666666666,120.0,0.075,0.0002007527951917267,104,55.0,0,0.0,,,PredHPA,flash_step,117
5.0,0.025831383000252117,0.0,148.81666666666666,120.0,0.075,0.9005720322541048,160,5.0,0,0.0,,,PredHPA,flash_step,118
0.0,0.025825021487946298,0.0,148.51944444444445,120.0,0.075,0.9587600642417183,169,0.0,0,0.0,,,PredHPA,flash_step,119
30.0,1.3997342586909767,0.0,151.30694444444444,120.0,0.075,0.0012191209877251978,158,30.0,0,0.0,,,PredHPA,flash_step,120
0.0,0.0016541399647795885,0.0,144.13611111111112,120.0,0.075,0.9934127107823263,116,0.0,0,0.0,,,PredHPA,flash_step,121
0.0,0.014690148780283074,0.0,129.86527777777778,120.0,0.075,0.9537676373436145,152,0.0,0,0.0,,,PredHPA,flash_step,122
0.0,0.0,0.0,147.4388888888889,120.0,0.075,1.0,115,0.0,0,0.0,,,PredHPA,flash_step,123
0.0,0.0,0.0,147.9111111111111,120.0,0.075,1.0,151,0.0,0,0.0,,,PredHPA,flash_step,124
5.0,0.046197963575855816,0.0,146.36666666666667,120.0,0.075,0.9355051891376297,179,5.0,0,0.0,,,PredHPA,flash_step,125
0.0,0.0,0.0,151.04861111111111,120.0,0.075,1.0,149,0.0,0,0.0,,,PredHPA,flash_step,126
0.0,0.0,0.0,141.52916666666667,120.0,0.075,1.0,122,0.0,0,0.0,,,PredHPA,flash_step,127
270.0,11.661650162969494,0.0,129.2763888888889,120.0,0.075,0.001129774721361462,170,270.0,0,0.0,,,PredHPA,flash_step,128
80.0,3.662697061926934,0.0,150.9375,120.0,0.075,0.000837496200459658,114,80.0,0,0.0,,,PredHPA,flash_step,129
0.0,0.0,0.0,150.05416666666667,120.0,0.075,1.0,171,0.0,0,0.0,,,PredHPA,flash_step,130
25.0,0.09440720621728405,0.0,153.04166666666666,120.0,0.075,0.839212155819312,147,25.0,0,0.0,,,PredHPA,flash_step,131
0.0,0.0,0.0,149.24305555555554,120.0,0.075,1.0,157,0.0,0,0.0,,,PredHPA,flash_step,132
0.0,0.0,0.0,143.65694444444443,120.0,0.075,1.0,117,0.0,0,0.0,,,PredHPA,flash_step,133
25.0,0.3481229681819409,0.0,128.0263888888889,120.0,0.075,0.5388541028648836,140,25.0,0,0.0,,,PredHPA,flash_step,134
0.0,0.0,0.0,149.82222222222222,120.0,0.075,1.0,96,0.0,0,0.0,,,PredHPA,flash_step,135
0.0,0.0,0.0,147.73611111111111,120.0,0.075,1.0,184,0.0,0,0.0,,,PredHPA,flash_step,136
0.0,0.0,0.0,144.1875,120.0,0.075,1.0,170,0.0,0,0.0,,,PredHPA,flash_step,137
0.0,0.0,0.0,151.17638888888888,120.0,0.075,1.0,156,0.0,0,0.0,,,PredHPA,flash_step,138
0.0,0.0,0.0,142.5388888888889,120.0,0.075,1.0,122,0.0,0,0.0,,,PredHPA,flash_step,139
650.0,12.049141397096674,10.726258261223945,84.56527777777778,70.0,0.075,0.018716272965081972,70,140.0,0,0.0,,,HPA+RL,flash_step,100
655.0,11.401565459549667,8.234589010251497,101.90416666666667,120.0,0.075,9.860974690141575e-07,140,175.0,0,0.0,,,HPA+RL,flash_step,101
470.0,7.270183646525519,6.756834121139112,88.20833333333333,65.0,0.07500000000000007,0.021198280216283304,87,20.0,0,0.0,,,HPA+RL,flash_step,102
585.0,8.581312068847646,6.837132712283534,98.69583333333334,110.0,0.075,0.0005280710632375456,102,65.0,0,0.0,,,HPA+RL,flash_step,103
735.0,17.745300348517745,14.701238722565028,95.86666666666666,120.0,0.075,0.0005352863383765385,114,205.0,0,0.0,,,HPA+RL,flash_step,104
475.0,6.900077577973707,4.787165108573695,100.49583333333334,120.0,0.075,0.0003739322986748332,106,115.0,0,0.0,,,HPA+RL,flash_step,105
675.0,11.377945948696222,9.80607328027184,91.99027777777778,102.0,0.075,1.6149438520292405e-06,76,65.0,0,0.0,,,HPA+RL,flash_step,106
695.0,10.90299250142147,7.671864672756435,101.49861111111112,120.0,0.075,9.099630759524067e-05,132,385.0,0,0.0,,,HPA+RL,flash_step,107
455.0,7.29310043173953,6.74095966805626,86.16944444444445,66.0,0.075,0.02121664528287071,73,20.0,0,0.0,,,HPA+RL,flash_step,108
585.0,9.308428383035539,6.407289432052262,102.78611111111111,120.0,0.075,6.883939920975952e-05,115,110.0,0,0.0,,,HPA+RL,flash_step,109
830.0,16.793242829568488,16.47549029300523,81.23611111111111,67.0,0.075,0.21455527186475284,68,60.0,0,0.0,,,HPA+RL,flash_step,110
495.0,8.31992521510867,5.618211284693813,103.9625,120.0,0.075,5.7774694865723764e-05,115,190.0,0,0.0,,,HPA+RL,flash_step,111
735.0,13.332238830921728,11.889805140099645,86.10416666666667,75.0,0.075,0.021650059583753732,63,70.0,0,0.0,,,HPA+RL,flash_step,112
495.0,10.326341448393372,7.235480836017963,99.4625,120.0,0.075,5.083982140806542e-05,132,180.0,0,0.0,,,HPA+RL,flash_step,113
515.0,11.187135099478674,7.587938704180668,100.39722222222223,120.0,0.075,0.00029798511404948775,117,170.0,0,0.0,,,HPA+RL,flash_step,114
585.0,8.976882968743405,6.270486257179634,100.3625,120.0,0.075,2.3789265524008005e-05,106,100.0,0,0.0,,,HPA+RL,flash_step,115
755.0,15.841207321835027,15.614129956454361,80.4486111111111,64.0,0.075,0.21749424962217756,64,15.0,0,0.0,,,HPA+RL,flash_step,116
505.0,7.216919363174801,5.23517896674635,100.65,120.0,0.075,0.00012477827466567042,83,75.0,0,0.0,,,HPA+RL,flash_step,117
705.0,13.901613012748836,11.67257904908314,99.22083333333333,120.0,0.075,6.125832712087387e-06,108,100.0,0,0.0,,,HPA+RL,flash_step,118
610.0,12.215971839411399,8.57687410669039,101.03055555555555,120.0,0.075,3.4321887679491376e-06,130,120.0,0,0.0,,,HPA+RL,flash_step,119
535.0,9.672761874030044,7.334047582998049,100.78333333333333,120.0,0.075,9.376863791153702e-07,104,110.0,0,0.0,,,HPA+RL,flash_step,120
545.0,6.9629065901883225,6.308066579391413,88.70972222222223,69.0,0.075,0.02228625851031091,73,35.0,0,0.0,,,HPA+RL,flash_step,121
740.0,16.626912538115914,14.839850032960003,94.32777777777778,115.0,0.075,0.00044789216085591916,92,70.0,0,0.0,,,HPA+RL,flash_step,122
500.0,8.83519391167229,5.942378676152595,103.025,120.0,0.075,0.0001397378188567296,107,150.0,0,0.0,,,HPA+RL,flash_step,123
680.0,14.76341700430911,11.557277779454534,96.3236111111111,120.0,0.075,0.00017929007084155723,109,135.0,0,0.0,,,HPA+RL,flash_step,124
500.0,10.516490427322244,7.496417267962233,98.72222222222223,120.0,0.075,2.6898562978263877e-05,131,180.0,0,0.0,,,HPA+RL,flash_step,125
510.0,9.442964515640117,6.8439157280171035,101.01666666666667,120.0,0.075,0.0007296044184599479,96,210.0,0,0.0,,,HPA+RL,flash_step,126
580.0,6.758309942639096,6.340073764985142,93.10972222222222,89.0,0.075,0.08558006806852549,88,45.0,0,0.0,,,HPA+RL,flash_step,127
735.0,17.1953624348121,14.889499470936899,90.89305555555555,103.0,0.075,0.0012310794359585587,95,275.0,0,0.0,,,HPA+RL,flash_step,128
510.0,8.837459792900049,5.88394266777225,104.01527777777778,120.0,0.075,6.665212025459671e-06,109,105.0,0,0.0,,,HPA+RL,flash_step,129
735.0,14.387861706380821,11.785791562549473,96.25694444444444,120.0,0.075,0.0001093156014359078,92,100.0,0,0.0,,,HPA+RL,flash_step,130
665.0,10.86639355822674,7.705281817354247,101.31527777777778,120.0,0.075,5.977061730008745e-05,129,315.0,0,0.0,,,HPA+RL,flash_step,131
505.0,9.322501489370039,6.530334966709565,99.99027777777778,120.0,0.075,0.0016912809685620468,109,140.0,0,0.0,,,HPA+RL,flash_step,132
505.0,5.574797551002564,4.936360096084533,87.54027777777777,73.0,0.075,0.03509793904144886,70,75.0,0,0.0,,,HPA+RL,flash_step,133
735.0,14.985377003572964,14.934779306542666,88.78472222222223,95.0,0.075,0.3614484969233338,76,275.0,0,0.0,,,HPA+RL,flash_step,134
495.0,6.851884666498432,4.493836622120999,100.09027777777777,120.0,0.075,0.00014929932663390605,99,200.0,0,0.0,,,HPA+RL,flash_step,135
605.0,10.27206188423916,7.890483755366373,96.6986111111111,120.0,0.075,0.00023371249064020746,94,95.0,0,0.0,,,HPA+RL,flash_step,136
625.0,10.897984119497362,8.38166567358079,100.16944444444445,120.0,0.075,0.000711296479286377,113,190.0,0,0.0,,,HPA+RL,flash_step,137
500.0,9.48027759595953,6.733764203708392,102.74444444444444,120.0,0.07500000000000007,0.0007875685580628098,115,105.0,0,0.0,,,HPA+RL,flash_step,138
570.0,6.918424843817927,6.287137482783487,94.2611111111111,92.0,0.075,0.0236366649434072,88,45.0,0,0.0,,,HPA+RL,flash_step,139
65.0,1.6192516306126503,0.0,124.83472222222223,120.0,0.075,0.006862274357463211,842,40.0,10,0.0,,,ARC,flash_step,100
0.0,0.0006492288509352129,0.0,120.87916666666666,120.0,0.075,0.9972104327626399,944,0.0,9,0.0,,,ARC,flash_step,101
15.0,0.698822426733825,0.0,124.89027777777778,120.0,0.075,0.06624917136421749,1010,15.0,10,0.0,,,ARC,flash_step,102
10.0,0.027319305635797875,0.0,120.79722222222222,120.0,0.075,0.9044144958602354,990,5.0,9,0.0,,,ARC,flash_step,103
35.0,1.5148784793976744,0.0,106.05555555555556,120.0,0.075,0.0007638324425820188,710,35.0,9,0.0,,,ARC,flash_step,104
0.0,0.0,0.0,123.95138888888889,120.0,0.075,1.0,989,0.0,10,0.0,,,ARC,flash_step,105
60.0,0.8163690169000537,0.0,116.64027777777778,120.0,0.075,0.06767938957756675,888,25.0,10,0.0,,,ARC,flash_step,106
30.0,0.9719120908065371,0.0,128.425,120.0,0.075,0.031658000986466664,1013,30.0,10,0.0,,,ARC,flash_step,107
15.0,0.5657660805068465,0.0,120.76388888888889,120.0,0.075,0.1685529223281998,981,15.0,10,0.0,,,ARC,flash_step,108
15.0,0.13043710437665723,0.0,118.5875,120.0,0.075,0.7490638223263234,919,15.0,11,15.0,,,ARC,flash_step,109
35.0,1.2007177626681464,0.0,107.70416666666667,120.0,0.075,0.0007258186273304655,640,35.0,10,0.0,,,ARC,flash_step,110
35.0,1.369373089877457,0.0,122.89166666666667,120.0,0.07500000000000005,0.005749319896003872,895,35.0,10,0.0,,,ARC,flash_step,111
50.0,0.4405571859030899,0.0,113.85138888888889,120.0,0.075,0.0446729690761761,849,5.0,9,0.0,,,ARC,flash_step,112
0.0,0.00977952950705907,0.0,122.45277777777778,120.0,0.075,0.9827972472492076,943,0.0,10,0.0,,,ARC,flash_step,113
0.0,0.0013279405542188094,0.0,127.18888888888888,120.0,0.075,0.9941360926349785,1052,0.0,10,0.0,,,ARC,flash_step,114
35.0,1.187345833458564,0.0,118.32777777777778,120.0,0.07500000000000008,0.02759185674805466,959,35.0,10,20.0,,,ARC,flash_step,115
0.0,0.009389498166512134,0.0,107.64861111111111,120.0,0.075,0.9605708906869391,658,0.0,10,0.0,,,ARC,flash_step,116
35.0,1.3905284001632046,0.0,127.31111111111112,120.0,0.075,0.031065886682078003,824,35.0,9,0.0,,,ARC,flash_step,117
10.0,0.021328054895197734,0.0,122.67916666666666,120.0,0.075,0.8776931064352617,896,0.0,9,0.0,,,ARC,flash_step,118
0.0,0.005085008180594208,0.0,118.15277777777777,120.0,0.075,0.9908068344738976,933,0.0,9,0.0,,,ARC,flash_step,119
20.0,0.8009935114145939,0.0,120.35972222222222,120.0,0.075,0.17577563208745756,991,20.0,10,0.0,,,ARC,flash_step,120
30.0,0.8469373990095619,0.0,122.24444444444444,120.0,0.075,0.030168216525519247,963,30.0,10,0.0,,,ARC,flash_step,121
40.0,1.5199750394274791,0.0,107.17777777777778,120.0,0.075,0.008339145138024114,658,40.0,10,40.0,,,ARC,flash_step,122
5.0,0.03925224574318209,0.0,119.35138888888889,120.0,0.075,0.7753733796544495,857,0.0,10,0.0,,,ARC,flash_step,123
75.0,1.5817939989255514,0.0,124.6625,120.0,0.075,0.05527695924157075,875,40.0,9,30.0,,,ARC,flash_step,124
10.0,0.10760743422881802,0.0,120.19722222222222,120.0,0.075,0.8891398345796023,1012,10.0,10,0.0,,,ARC,flash_step,125
0.0,0.0,0.0,117.45555555555555,120.0,0.075,1.0,893,0.0,10,0.0,,,ARC,flash_step,126
0.0,0.0003455947056529851,0.0,129.50555555555556,120.0,0.075,0.9985745104910108,954,0.0,9,0.0,,,ARC,flash_step,127
35.0,1.3904363212454807,0.0,109.33611111111111,120.0,0.075,0.0056866673724851585,679,35.0,10,0.0,,,ARC,flash_step,128
40.0,1.4815426936435006,0.0,134.15416666666667,120.0,0.075,0.006058684654009923,962,40.0,10,0.0,,,ARC,flash_step,129
25.0,0.08743734504594869,0.0,121.64166666666667,120.0,0.075,0.4950957005352999,835,10.0,9,0.0,,,ARC,flash_step,130
35.0,1.1581258114938153,0.0,126.66388888888889,120.0,0.075,0.0014291879359111142,930,35.0,10,0.0,,,ARC,flash_step,131
0.0,0.014353562501634443,0.0,119.70833333333333,120.0,0.075,0.9615643214580554,976,0.0,10,0.0,,,ARC,flash_step,132
0.0,0.0,0.0,119.3638888888889,120.0,0.075,1.0,959,0.0,10,0.0,,,ARC,flash_step,133
40.0,1.6145188879397532,0.0,106.05972222222222,120.0,0.075,0.018313540191859167,709,40.0,10,0.0,,,ARC,flash_step,134
10.0,0.03561898623416493,0.0,119.30555555555556,120.0,0.075,0.9037435134337805,894,5.0,11,0.0,,,ARC,flash_step,135
25.0,0.2228291886081757,0.0,126.05416666666666,120.0,0.075,0.05929630559108672,932,10.0,10,0.0,,,ARC,flash_step,136
5.0,0.042164613439976684,0.0,118.18194444444444,120.0,0.075,0.9228845798072116,937,5.0,9,0.0,,,ARC,flash_step,137
0.0,0.01162875885857284,0.0,121.46944444444445,120.0,0.075,0.9629686319261694,965,0.0,9,0.0,,,ARC,flash_step,138
0.0,0.0006358758591118452,0.0,119.40694444444445,120.0,0.075,0.9973642146923493,949,0.0,10,0.0,,,ARC,flash_step,139
50.0,1.2571784536179909,0.0,124.40972222222223,120.0,0.075,0.011606180814919658,860,35.0,9,0.0,,,ARC-noGraph,flash_step,100
0.0,0.0006492288509352129,0.0,120.99583333333334,120.0,0.075,0.9972104327626399,960,0.0,9,0.0,,,ARC-noGraph,flash_step,101
15.0,0.8058863989948928,0.0,124.51666666666667,120.0,0.075,0.03599591213887871,987,15.0,10,0.0,,,ARC-noGraph,flash_step,102
20.0,0.07618033738072683,0.0,120.90138888888889,120.0,0.075,0.7113723780272091,938,10.0,9,0.0,,,ARC-noGraph,flash_step,103
35.0,1.6383345292559803,0.0,105.78333333333333,120.0,0.075,0.0011143006573414787,696,35.0,9,0.0,,,ARC-noGraph,flash_step,104
0.0,0.0,0.0,123.54305555555555,120.0,0.075,1.0,977,0.0,10,0.0,,,ARC-noGraph,flash_step,105
70.0,0.8841670856395312,0.0,117.83472222222223,120.0,0.075,0.06767938957756675,915,20.0,10,0.0,,,ARC-noGraph,flash_step,106
30.0,1.0657452742529938,0.0,128.24583333333334,120.0,0.075,0.031658000986466664,1002,30.0,10,0.0,,,ARC-noGraph,flash_step,107
15.0,0.5657660805068465,0.0,120.275,120.0,0.075,0.1685529223281998,967,15.0,10,0.0,,,ARC-noGraph,flash_step,108
45.0,1.3371906378157994,0.0,119.85972222222222,120.0,0.075,0.07919092620558063,949,45.0,10,30.0,,,ARC-noGraph,flash_step,109
35.0,1.2406071857078316,0.0,107.8375,120.0,0.075,0.000739276939600989,651,35.0,10,0.0,,,ARC-noGraph,flash_step,110
30.0,1.3611121700557671,0.0,122.88194444444444,120.0,0.07500000000000005,0.0008151544443171006,891,30.0,10,0.0,,,ARC-noGraph,flash_step,111
55.0,0.6085728736322182,0.0,114.29166666666667,120.0,0.075,0.0446729690761761,854,5.0,9,0.0,,,ARC-noGraph,flash_step,112
0.0,0.00977952950705907,0.0,122.72777777777777,120.0,0.075,0.9827972472492076,970,0.0,10,0.0,,,ARC-noGraph,flash_step,113
0.0,0.0013279405542188094,0.0,127.79444444444445,120.0,0.075,0.9941360926349785,1055,0.0,10,0.0,,,ARC-noGraph,flash_step,114
40.0,1.321278061761122,0.0,118.76805555555555,120.0,0.07500000000000008,0.0008504965140997386,918,40.0,10,20.0,,,ARC-noGraph,flash_step,115
0.0,0.009389498166512134,0.0,107.44166666666666,120.0,0.075,0.9605708906869391,650,0.0,10,0.0,,,ARC-noGraph,flash_step,116
35.0,1.3377518841893532,0.0,127.20416666666667,120.0,0.075,0.03449452554644749,821,35.0,9,0.0,,,ARC-noGraph,flash_step,117
10.0,0.05810923786394584,0.0,123.81805555555556,120.0,0.075,0.5880344033367602,905,0.0,9,0.0,,,ARC-noGraph,flash_step,118
0.0,0.005085008180594208,0.0,118.53472222222223,120.0,0.075,0.9908068344738976,946,0.0,9,0.0,,,ARC-noGraph,flash_step,119
20.0,0.8664574728825425,0.0,120.3125,120.0,0.075,0.144837167905328,1024,20.0,10,0.0,,,ARC-noGraph,flash_step,120
25.0,0.8001013056313733,0.0,122.66944444444445,120.0,0.075,0.026397189459829343,952,25.0,9,0.0,,,ARC-noGraph,flash_step,121
40.0,1.5030103270574302,0.0,107.88333333333334,120.0,0.075,0.010359801653689023,679,40.0,9,0.0,,,ARC-noGraph,flash_step,122
10.0,0.06939297456957094,0.0,120.22222222222223,120.0,0.075,0.7753733796544495,888,5.0,10,0.0,,,ARC-noGraph,flash_step,123
70.0,1.5392340313362451,0.0,125.9625,120.0,0.075,0.05517294318505146,885,40.0,9,0.0,,,ARC-noGraph,flash_step,124
5.0,0.035520575242142804,0.0,119.09722222222223,120.0,0.075,0.9381870776389484,1007,5.0,10,0.0,,,ARC-noGraph,flash_step,125
0.0,0.0,0.0,117.50833333333334,120.0,0.075,1.0,895,0.0,10,0.0,,,ARC-noGraph,flash_step,126
0.0,0.0018506506495485908,0.0,129.3875,120.0,0.075,0.9923665407987804,940,0.0,9,0.0,,,ARC-noGraph,flash_step,127
35.0,1.3955421867369422,0.0,109.05416666666666,120.0,0.075,0.005743560230672338,700,35.0,10,0.0,,,ARC-noGraph,flash_step,128
25.0,0.9909077810870137,0.0,134.38611111111112,120.0,0.075,0.005001233928262357,945,25.0,10,0.0,,,ARC-noGraph,flash_step,129
25.0,0.16365284493599086,0.0,122.17916666666666,120.0,0.075,0.2446655962837497,849,15.0,9,0.0,,,ARC-noGraph,flash_step,130
35.0,1.290521412632395,0.0,126.58333333333333,120.0,0.075,0.001429821335272291,953,35.0,10,0.0,,,ARC-noGraph,flash_step,131
0.0,0.01125541138985442,0.0,119.77777777777777,120.0,0.075,0.9642766695069842,978,0.0,10,0.0,,,ARC-noGraph,flash_step,132
0.0,0.0,0.0,119.57083333333334,120.0,0.075,1.0,943,0.0,10,0.0,,,ARC-noGraph,flash_step,133
40.0,1.5537137096346632,0.0,106.275,120.0,0.075,0.018991708072582204,711,40.0,10,0.0,,,ARC-noGraph,flash_step,134
5.0,0.03095228730430888,0.0,119.66111111111111,120.0,0.075,0.9037435134337805,899,0.0,11,0.0,,,ARC-noGraph,flash_step,135
35.0,0.297846325890172,0.0,126.95277777777778,120.0,0.075,0.0606243398745946,911,0.0,10,0.0,,,ARC-noGraph,flash_step,136
0.0,0.01577932308273189,0.0,116.42777777777778,120.0,0.075,0.971140986941223,962,0.0,9,0.0,,,ARC-noGraph,flash_step,137
0.0,0.01162875885857284,0.0,121.70555555555555,120.0,0.075,0.9629686319261694,980,0.0,9,0.0,,,ARC-noGraph,flash_step,138
10.0,0.1643204355820993,0.0,119.87083333333334,120.0,0.075,0.49763534710270796,954,10.0,9,0.0,,,ARC-noGraph,flash_step,139
65.0,1.702511984289945,0.0,123.35,120.0,0.075,0.005429010246292451,826,35.0,0,0.0,,,ARC-noChaos,flash_step,100
0.0,0.003562990444216929,0.0,118.8,120.0,0.075,0.9869306301550659,955,0.0,0,0.0,,,ARC-noChaos,flash_step,101
15.0,0.698822426733825,0.0,121.5,120.0,0.075,0.06624917136421749,956,15.0,0,0.0,,,ARC-noChaos,flash_step,102
10.0,0.03551792868665693,0.0,121.16388888888889,120.0,0.075,0.844072468629847,948,5.0,0,0.0,,,ARC-noChaos,flash_step,103
35.0,1.583140358111157,0.0,105.93472222222222,120.0,0.075,0.0007638324425820188,692,35.0,0,0.0,,,ARC-noChaos,flash_step,104
0.0,0.0,0.0,121.7125,120.0,0.075,1.0,984,0.0,0,0.0,,,ARC-noChaos,flash_step,105
50.0,0.4575738101870619,0.0,114.59444444444445,120.0,0.075,0.06767938957756675,891,10.0,0,0.0,,,ARC-noChaos,flash_step,106
30.0,1.0791553203573723,0.0,122.43333333333334,120.0,0.075,0.02680069150023468,963,30.0,0,0.0,,,ARC-noChaos,flash_step,107
15.0,0.5607606805402288,0.0,117.30277777777778,120.0,0.075,0.18154118763708002,955,15.0,0,0.0,,,ARC-noChaos,flash_step,108
35.0,1.1222445368140543,0.0,119.85277777777777,120.0,0.075,0.08162349547203797,945,35.0,0,0.0,,,ARC-noChaos,flash_step,109
35.0,1.2174382517223026,0.0,107.7625,120.0,0.075,0.000739276939600989,655,35.0,0,0.0,,,ARC-noChaos,flash_step,110
30.0,1.3684306134384316,0.0,119.76944444444445,120.0,0.075,0.034102418583477755,865,30.0,0,0.0,,,ARC-noChaos,flash_step,111
50.0,0.4910671681065848,0.0,113.19722222222222,120.0,0.075,0.0446729690761761,847,5.0,0,0.0,,,ARC-noChaos,flash_step,112
5.0,0.033829806657226236,0.0,122.54583333333333,120.0,0.075,0.9404914317082647,963,5.0,0,0.0,,,ARC-noChaos,flash_step,113
0.0,0.0013279405542188094,0.0,128.85,120.0,0.075,0.9941360926349785,1073,0.0,0,0.0,,,ARC-noChaos,flash_step,114
40.0,1.2652284642503675,0.0,118.91944444444445,120.0,0.075,0.0008506708062107402,949,40.0,0,0.0,,,ARC-noChaos,flash_step,115
0.0,0.0,0.0,108.43888888888888,120.0,0.075,1.0,636,0.0,0,0.0,,,ARC-noChaos,flash_step,116
35.0,1.480825752884929,0.0,123.03055555555555,120.0,0.075,0.029436579496023078,824,35.0,0,0.0,,,ARC-noChaos,flash_step,117
10.0,0.021328054895197734,0.0,123.75555555555556,120.0,0.075,0.8776931064352617,891,0.0,0,0.0,,,ARC-noChaos,flash_step,118
0.0,0.0,0.0,117.81527777777778,120.0,0.075,1.0,931,0.0,0,0.0,,,ARC-noChaos,flash_step,119
25.0,0.8919132120242756,0.0,118.975,120.0,0.075,0.1168756653448749,987,25.0,0,0.0,,,ARC-noChaos,flash_step,120
30.0,0.830015359626346,0.0,121.87916666666666,120.0,0.075,0.026397189459829343,946,30.0,0,0.0,,,ARC-noChaos,flash_step,121
40.0,1.6842638676151656,0.0,107.79166666666667,120.0,0.075,0.02826450841968794,645,40.0,0,0.0,,,ARC-noChaos,flash_step,122
0.0,0.0,0.0,117.80416666666666,120.0,0.075,1.0,879,0.0,0,0.0,,,ARC-noChaos,flash_step,123
70.0,1.4836617292629195,0.0,124.29027777777777,120.0,0.075,0.05527695924157075,858,35.0,0,0.0,,,ARC-noChaos,flash_step,124
5.0,0.03834318620483668,0.0,118.50277777777778,120.0,0.075,0.9332751686649785,1013,5.0,0,0.0,,,ARC-noChaos,flash_step,125
0.0,0.0,0.0,116.26944444444445,120.0,0.075,1.0,884,0.0,0,0.0,,,ARC-noChaos,flash_step,126
0.0,0.0,0.0,130.39305555555555,120.0,0.075,1.0,942,0.0,0,0.0,,,ARC-noChaos,flash_step,127
35.0,1.4208217404904522,0.0,109.19305555555556,120.0,0.075,0.0057707539056932305,697,35.0,0,0.0,,,ARC-noChaos,flash_step,128
20.0,0.8312112103832758,0.0,130.8388888888889,120.0,0.075,0.008615488473995984,945,20.0,0,0.0,,,ARC-noChaos,flash_step,129
30.0,0.18943849104878785,0.0,121.7625,120.0,0.075,0.15376031411767324,846,10.0,0,0.0,,,ARC-noChaos,flash_step,130
35.0,1.2689651472089891,0.0,123.58055555555555,120.0,0.075,0.0014291879359111142,930,35.0,0,0.0,,,ARC-noChaos,flash_step,131
0.0,0.014353562501634443,0.0,119.1625,120.0,0.075,0.9615643214580554,982,0.0,0,0.0,,,ARC-noChaos,flash_step,132
0.0,0.0,0.0,120.38333333333334,120.0,0.075,1.0,959,0.0,0,0.0,,,ARC-noChaos,flash_step,133
35.0,1.5128243023765364,0.0,106.16111111111111,120.0,0.075,0.0006755622548106543,686,35.0,0,0.0,,,ARC-noChaos,flash_step,134
25.0,0.5612391477443524,0.0,117.14305555555555,120.0,0.075,0.13281343046656743,879,15.0,0,0.0,,,ARC-noChaos,flash_step,135
40.0,0.578694694632409,0.0,125.30416666666666,120.0,0.075,0.05849947451343125,898,0.0,0,0.0,,,ARC-noChaos,flash_step,136
0.0,0.01577932308273189,0.0,115.48611111111111,120.0,0.075,0.971140986941223,952,0.0,0,0.0,,,ARC-noChaos,flash_step,137
0.0,0.01162875885857284,0.0,120.72777777777777,120.0,0.075,0.9629686319261694,975,0.0,0,0.0,,,ARC-noChaos,flash_step,138
10.0,0.25253813147883,0.0,119.71944444444445,120.0,0.075,0.08828692541985671,934,10.0,0,0.0,,,ARC-noChaos,flash_step,139
65.0,1.6192516306126503,0.0,124.83472222222223,120.0,0.075,0.006862274357463211,842,40.0,10,0.0,,,ARC-noSec,flash_step,100
0.0,0.0006492288509352129,0.0,120.87916666666666,120.0,0.075,0.9972104327626399,944,0.0,9,0.0,,,ARC-noSec,flash_step,101
15.0,0.698822426733825,0.0,124.89027777777778,120.0,0.075,0.06624917136421749,1010,15.0,10,0.0,,,ARC-noSec,flash_step,102
10.0,0.027319305635797875,0.0,120.79722222222222,120.0,0.075,0.9044144958602354,990,5.0,9,0.0,,,ARC-noSec,flash_step,103
35.0,1.5148784793976744,0.0,106.05555555555556,120.0,0.075,0.0007638324425820188,703,35.0,9,0.0,,,ARC-noSec,flash_step,104
0.0,0.0,0.0,123.95138888888889,120.0,0.075,1.0,989,0.0,10,0.0,,,ARC-noSec,flash_step,105
60.0,0.8163690169000537,0.0,116.62083333333334,120.0,0.075,0.06767938957756675,887,25.0,10,0.0,,,ARC-noSec,flash_step,106
30.0,0.9719120908065371,0.0,128.275,120.0,0.075,0.031658000986466664,1006,30.0,10,0.0,,,ARC-noSec,flash_step,107
15.0,0.5657660805068465,0.0,120.76388888888889,120.0,0.075,0.1685529223281998,980,15.0,10,0.0,,,ARC-noSec,flash_step,108
15.0,0.13043710437665723,0.0,118.59444444444445,120.0,0.075,0.7490638223263234,916,15.0,10,15.0,,,ARC-noSec,flash_step,109
35.0,1.2007177626681464,0.0,107.88472222222222,120.0,0.075,0.0007258186273304655,662,35.0,10,0.0,,,ARC-noSec,flash_step,110
35.0,1.369373089877457,0.0,122.78194444444445,120.0,0.07500000000000005,0.005749319896003872,886,35.0,10,0.0,,,ARC-noSec,flash_step,111
50.0,0.4405571859030899,0.0,113.85138888888889,120.0,0.075,0.0446729690761761,849,5.0,9,0.0,,,ARC-noSec,flash_step,112
0.0,0.00977952950705907,0.0,122.45277777777778,120.0,0.075,0.9827972472492076,943,0.0,10,0.0,,,ARC-noSec,flash_step,113
0.0,0.0013279405542188094,0.0,127.18888888888888,120.0,0.075,0.9941360926349785,1052,0.0,10,0.0,,,ARC-noSec,flash_step,114
35.0,1.187345833458564,0.0,118.35416666666667,120.0,0.07500000000000008,0.02759185674805466,947,35.0,10,20.0,,,ARC-noSec,flash_step,115
0.0,0.009389498166512134,0.0,107.64861111111111,120.0,0.075,0.9605708906869391,658,0.0,10,0.0,,,ARC-noSec,flash_step,116
35.0,1.3905284001632046,0.0,127.19305555555556,120.0,0.075,0.031065886682078003,824,35.0,9,0.0,,,ARC-noSec,flash_step,117
10.0,0.021328054895197734,0.0,122.67916666666666,120.0,0.075,0.8776931064352617,896,0.0,9,0.0,,,ARC-noSec,flash_step,118
0.0,0.005085008180594208,0.0,118.15277777777777,120.0,0.075,0.9908068344738976,933,0.0,9,0.0,,,ARC-noSec,flash_step,119
20.0,0.8009935114145939,0.0,120.35972222222222,120.0,0.075,0.17577563208745756,991,20.0,10,0.0,,,ARC-noSec,flash_step,120
30.0,0.8469373990095619,0.0,122.24444444444444,120.0,0.075,0.030168216525519247,961,30.0,10,0.0,,,ARC-noSec,flash_step,121
35.0,1.4950185665097648,0.0,107.08888888888889,120.0,0.075,0.008339145138024114,655,35.0,10,35.0,,,ARC-noSec,flash_step,122
5.0,0.03925224574318209,0.0,119.35138888888889,120.0,0.075,0.7753733796544495,857,0.0,10,0.0,,,ARC-noSec,flash_step,123
75.0,1.5817939989255514,0.0,124.55833333333334,120.0,0.075,0.05527695924157075,868,40.0,9,30.0,,,ARC-noSec,flash_step,124
10.0,0.10760743422881802,0.0,120.19722222222222,120.0,0.075,0.8891398345796023,1011,10.0,10,0.0,,,ARC-noSec,flash_step,125
0.0,0.0,0.0,117.45555555555555,120.0,0.075,1.0,893,0.0,10,0.0,,,ARC-noSec,flash_step,126
0.0,0.0003455947056529851,0.0,129.50555555555556,120.0,0.075,0.9985745104910108,954,0.0,9,0.0,,,ARC-noSec,flash_step,127
35.0,1.3904363212454807,0.0,109.33611111111111,120.0,0.075,0.0056866673724851585,680,35.0,10,0.0,,,ARC-noSec,flash_step,128
40.0,1.4815426936435006,0.0,134.29583333333332,120.0,0.075,0.006058684654009923,962,40.0,10,0.0,,,ARC-noSec,flash_step,129
25.0,0.08743734504594869,0.0,121.64166666666667,120.0,0.075,0.4950957005352999,835,10.0,9,0.0,,,ARC-noSec,flash_step,130
35.0,1.1581258114938153,0.0,126.66388888888889,120.0,0.075,0.0014291879359111142,926,35.0,10,0.0,,,ARC-noSec,flash_step,131
0.0,0.014353562501634443,0.0,119.70833333333333,120.0,0.075,0.9615643214580554,976,0.0,10,0.0,,,ARC-noSec,flash_step,132
0.0,0.0,0.0,119.3638888888889,120.0,0.075,1.0,959,0.0,10,0.0,,,ARC-noSec,flash_step,133
40.0,1.6145188879397532,0.0,106.05972222222222,120.0,0.075,0.018313540191859167,705,40.0,10,0.0,,,ARC-noSec,flash_step,134
10.0,0.03561898623416493,0.0,119.30555555555556,120.0,0.075,0.9037435134337805,894,5.0,11,0.0,,,ARC-noSec,flash_step,135
25.0,0.2228291886081757,0.0,126.05416666666666,120.0,0.075,0.05929630559108672,932,10.0,10,0.0,,,ARC-noSec,flash_step,136
5.0,0.042164613439976684,0.0,118.18194444444444,120.0,0.075,0.9228845798072116,937,5.0,9,0.0,,,ARC-noSec,flash_step,137
0.0,0.01162875885857284,0.0,121.46944444444445,120.0,0.075,0.9629686319261694,965,0.0,9,0.0,,,ARC-noSec,flash_step,138
0.0,0.0006358758591118452,0.0,119.40694444444445,120.0,0.075,0.9973642146923493,949,0.0,10,0.0,,,ARC-noSec,flash_step,139
495.0,9.661229893495072,0.0,91.04027777777777,120.0,1.4438930173934998,0.0004045559308338841,4708,35.0,10,35.0,,,ARC-noGuard,flash_step,100
535.0,7.684434214529523,0.0,85.60972222222222,120.0,1.7396710539567644,0.0008228062981577619,4701,30.0,10,65.0,,,ARC-noGuard,flash_step,101
340.0,7.189409068101826,0.0,89.81388888888888,120.0,0.3854681799114893,0.0002553835134651094,4673,20.0,10,10.0,,,ARC-noGuard,flash_step,102
395.0,4.058237889322369,0.0,89.71805555555555,120.0,0.7402308392237249,0.01690776722019538,4968,40.0,11,70.0,,,ARC-noGuard,flash_step,103
415.0,8.310017770200684,0.0,83.11111111111111,120.0,1.296551663740182,0.00017027786517049098,3573,35.0,10,0.0,,,ARC-noGuard,flash_step,104
345.0,4.854937147064097,0.0,88.98333333333333,120.0,0.5590678269851799,0.024459614851419717,4897,30.0,10,0.0,,,ARC-noGuard,flash_step,105
600.0,10.615840439289226,0.0,83.98333333333333,120.0,2.0795061936375165,0.000431821449641311,4619,40.0,9,90.0,,,ARC-noGuard,flash_step,106
580.0,7.346417470607502,0.0,86.2388888888889,120.0,1.7731613729234035,0.0028408264305036443,4870,30.0,10,10.0,,,ARC-noGuard,flash_step,107
440.0,7.458915344256667,0.0,84.44027777777778,120.0,0.7082632037869365,0.00017552379239331646,4633,20.0,10,55.0,,,ARC-noGuard,flash_step,108
300.0,3.812883007209611,0.0,90.49166666666666,120.0,0.07845654117689478,0.0004089651491676173,4960,35.0,10,0.0,,,ARC-noGuard,flash_step,109
385.0,6.456256772909807,0.0,86.92777777777778,120.0,0.7856998608849398,0.0001275690899072424,3666,35.0,11,55.0,,,ARC-noGuard,flash_step,110
390.0,6.593114847431525,0.0,88.78888888888889,120.0,0.7850057855109965,0.0007313334626587912,4755,30.0,11,90.0,,,ARC-noGuard,flash_step,111
610.0,11.07034415728332,0.0,84.475,120.0,2.251360735770681,0.0004155522426868277,4559,35.0,10,60.0,,,ARC-noGuard,flash_step,112
390.0,6.638866238733742,0.0,87.36111111111111,120.0,0.5744188286331118,0.00011170790479437013,4772,10.0,10,50.0,,,ARC-noGuard,flash_step,113
360.0,7.647537688312611,0.0,93.19027777777778,120.0,0.4814997023643936,0.00017115692511343787,4910,20.0,10,5.0,,,ARC-noGuard,flash_step,114
485.0,5.579969219211744,0.0,88.08333333333333,120.0,1.4363795181527022,0.00034364295671336246,4951,35.0,10,75.0,,,ARC-noGuard,flash_step,115
345.0,6.74412908840133,0.0,87.51666666666667,120.0,0.5645276866729155,0.0001261577778038244,3709,25.0,10,50.0,,,ARC-noGuard,flash_step,116
305.0,4.91585918252987,0.0,90.81805555555556,120.0,0.18107334692647342,0.0004153925408854671,4791,30.0,10,65.0,,,ARC-noGuard,flash_step,117
380.0,8.150065801887408,0.0,93.73194444444445,120.0,0.7065398817815881,0.00023569539115973116,4823,30.0,11,10.0,,,ARC-noGuard,flash_step,118
470.0,8.950003357224755,0.0,84.59166666666667,120.0,1.2429557427829347,0.0034763187061522993,4620,40.0,10,70.0,,,ARC-noGuard,flash_step,119
410.0,8.238466043044157,0.0,86.52916666666667,120.0,0.8895217511829863,0.0002925131441864131,4702,50.0,10,15.0,,,ARC-noGuard,flash_step,120
395.0,4.060756731441151,0.0,89.23055555555555,120.0,0.7517806834801672,0.0019190950736979247,5031,45.0,10,60.0,,,ARC-noGuard,flash_step,121
385.0,8.321500467277975,0.0,88.54027777777777,120.0,1.0385169149553322,0.00020525115904399628,3644,35.0,11,50.0,,,ARC-noGuard,flash_step,122
570.0,7.708712676701646,0.0,85.53888888888889,120.0,1.5013860608876943,0.00043396863139182935,4782,30.0,10,115.0,,,ARC-noGuard,flash_step,123
505.0,8.030768469250871,0.0,93.37361111111112,120.0,1.229731811282226,0.000383008525709101,4718,35.0,10,55.0,,,ARC-noGuard,flash_step,124
575.0,9.027015450271614,0.0,84.00833333333334,120.0,1.3588950693523452,0.00036485239696901325,4868,5.0,9,50.0,,,ARC-noGuard,flash_step,125
560.0,9.662185212214947,0.0,85.66944444444445,120.0,1.617423089285176,0.0007818692303445786,4619,35.0,10,30.0,,,ARC-noGuard,flash_step,126
245.0,2.4107695021366005,0.0,99.00833333333334,120.0,0.075,0.025291065030131205,5223,40.0,11,35.0,,,ARC-noGuard,flash_step,127
350.0,8.151318802487662,0.0,88.1625,120.0,0.6725971955299399,0.00023739466801723074,3660,35.0,11,50.0,,,ARC-noGuard,flash_step,128
300.0,5.369809281794913,0.0,96.64166666666667,120.0,0.07500000000000012,0.00037288369694131614,4908,35.0,11,75.0,,,ARC-noGuard,flash_step,129
405.0,7.186264837440159,0.0,90.67083333333333,120.0,0.9894543538129495,0.01319491713317394,4746,20.0,10,90.0,,,ARC-noGuard,flash_step,130
350.0,4.758973301942415,0.0,89.1875,120.0,0.43197391795169254,0.0005884725604165584,4756,30.0,10,80.0,,,ARC-noGuard,flash_step,131
505.0,9.192444081130912,0.0,86.19444444444444,120.0,1.333667352576101,0.00026265245126484455,4809,30.0,9,20.0,,,ARC-noGuard,flash_step,132
310.0,3.205790286735788,0.0,89.72777777777777,120.0,0.2408019031676976,0.0003851792426502153,5114,55.0,10,45.0,,,ARC-noGuard,flash_step,133
440.0,9.01092282951188,0.0,86.09305555555555,120.0,1.8334192364982018,0.00018937165833881573,3596,35.0,11,65.0,,,ARC-noGuard,flash_step,134
500.0,6.991728148140364,0.0,86.91666666666667,120.0,1.321331651920649,0.000757094126846971,4772,35.0,10,40.0,,,ARC-noGuard,flash_step,135
490.0,9.324065633283919,0.0,89.88194444444444,120.0,1.7161615128138512,0.00041384654034608916,4833,30.0,10,55.0,,,ARC-noGuard,flash_step,136
575.0,8.728910450587845,0.0,84.6361111111111,120.0,1.5055307254087402,0.00012288202907290656,4824,30.0,10,30.0,,,ARC-noGuard,flash_step,137
395.0,8.06534862859115,0.0,87.37361111111112,120.0,0.6335916620966651,0.00025034829463637596,4694,40.0,10,10.0,,,ARC-noGuard,flash_step,138
245.0,2.555567115548385,0.0,91.4875,120.0,0.07500000000000011,0.019032524250651398,5071,40.0,10,0.0,,,ARC-noGuard,flash_step,139
140.0,3.4626446834818747,0.0,126.25972222222222,120.0,0.075,5.7603778915846885e-05,897,75.0,9,0.0,,,ARC-noRemed,flash_step,100
0.0,0.0006492288509352129,0.0,121.14305555555555,120.0,0.075,0.9972104327626399,984,0.0,9,0.0,,,ARC-noRemed,flash_step,101
15.0,0.698822426733825,0.0,125.0513888888889,120.0,0.075,0.06624917136421749,1006,15.0,10,0.0,,,ARC-noRemed,flash_step,102
10.0,0.027319305635797875,0.0,120.79722222222222,120.0,0.075,0.9044144958602354,990,5.0,9,0.0,,,ARC-noRemed,flash_step,103
205.0,8.789178639184925,0.0,105.34722222222223,120.0,0.075,3.334686122008641e-05,695,205.0,9,0.0,,,ARC-noRemed,flash_step,104
0.0,0.0,0.0,123.95138888888889,120.0,0.075,1.0,991,0.0,10,0.0,,,ARC-noRemed,flash_step,105
100.0,1.7770961026455034,0.0,118.02083333333333,120.0,0.075,0.0005220071394330825,911,40.0,10,0.0,,,ARC-noRemed,flash_step,106
35.0,1.2020273116478908,0.0,126.14027777777778,120.0,0.075,0.031658000986466664,997,35.0,10,0.0,,,ARC-noRemed,flash_step,107
40.0,1.2875044524334078,0.0,120.6625,120.0,0.075,0.007455575410854274,1002,40.0,10,0.0,,,ARC-noRemed,flash_step,108
20.0,0.1650371533311823,0.0,118.56527777777778,120.0,0.075,0.7490638223263234,936,15.0,11,20.0,,,ARC-noRemed,flash_step,109
65.0,2.3453852811218034,0.0,106.9625,120.0,0.075,3.701005822156428e-06,640,65.0,10,0.0,,,ARC-noRemed,flash_step,110
50.0,2.0744761209606333,0.0,122.04722222222222,120.0,0.075,3.490821835719631e-05,862,50.0,10,0.0,,,ARC-noRemed,flash_step,111
75.0,0.7690158831270333,0.0,115.36944444444444,120.0,0.075,0.0446729690761761,887,5.0,9,0.0,,,ARC-noRemed,flash_step,112
0.0,0.00977952950705907,0.0,123.07638888888889,120.0,0.075,0.9827972472492076,971,0.0,10,0.0,,,ARC-noRemed,flash_step,113
0.0,0.0,0.0,130.44861111111112,120.0,0.075,1.0,1070,0.0,10,0.0,,,ARC-noRemed,flash_step,114
35.0,1.2436786491937801,0.0,119.5875,120.0,0.07500000000000008,0.02759185674805466,930,35.0,10,20.0,,,ARC-noRemed,flash_step,115
0.0,0.009389498166512134,0.0,107.64861111111111,120.0,0.075,0.9605708906869391,658,0.0,10,0.0,,,ARC-noRemed,flash_step,116
50.0,2.1617094861153374,0.0,126.31388888888888,120.0,0.075,0.0004159283056207834,825,50.0,10,0.0,,,ARC-noRemed,flash_step,117
35.0,0.28834168911998637,0.0,123.33888888888889,120.0,0.075,0.023690565556531238,895,0.0,9,0.0,,,ARC-noRemed,flash_step,118
0.0,0.005085008180594208,0.0,118.32916666666667,120.0,0.075,0.9908068344738976,936,0.0,10,0.0,,,ARC-noRemed,flash_step,119
25.0,1.152315087769873,0.0,121.95138888888889,120.0,0.07500000000000002,0.03421128312262232,1011,25.0,10,0.0,,,ARC-noRemed,flash_step,120
35.0,1.1338002018174143,0.0,122.54444444444445,120.0,0.075,0.000278611802891366,947,35.0,10,0.0,,,ARC-noRemed,flash_step,121
65.0,2.7179985126210005,0.0,107.20694444444445,120.0,0.075,0.0008453330241117156,696,65.0,10,55.0,,,ARC-noRemed,flash_step,122
5.0,0.03925224574318209,0.0,119.75555555555556,120.0,0.075,0.7753733796544495,864,0.0,10,0.0,,,ARC-noRemed,flash_step,123
155.0,5.809548577221535,0.0,126.39861111111111,120.0,0.075,0.002275380243639494,905,115.0,9,5.0,,,ARC-noRemed,flash_step,124
10.0,0.10760743422881802,0.0,119.65972222222223,120.0,0.075,0.8891398345796023,973,10.0,10,0.0,,,ARC-noRemed,flash_step,125
0.0,0.0,0.0,117.2375,120.0,0.075,1.0,899,0.0,10,0.0,,,ARC-noRemed,flash_step,126
0.0,0.0003455947056529851,0.0,129.50555555555556,120.0,0.075,0.9985745104910108,954,0.0,9,0.0,,,ARC-noRemed,flash_step,127
280.0,12.455173537286413,0.0,108.71388888888889,120.0,0.075,1.3873644997152492e-05,676,280.0,10,0.0,,,ARC-noRemed,flash_step,128
10.0,0.12646201958312897,0.0,133.29861111111111,120.0,0.075,0.797374109875581,939,10.0,10,0.0,,,ARC-noRemed,flash_step,129
40.0,0.2708421350789303,0.0,122.15,120.0,0.075,0.15376031411767324,843,10.0,9,0.0,,,ARC-noRemed,flash_step,130
45.0,1.552248812908441,0.0,124.78333333333333,120.0,0.075,3.8559153160350086e-05,925,45.0,10,0.0,,,ARC-noRemed,flash_step,131
0.0,0.014353562501634443,0.0,119.7125,120.0,0.075,0.9615643214580554,994,0.0,9,0.0,,,ARC-noRemed,flash_step,132
0.0,0.0,0.0,119.3638888888889,120.0,0.075,1.0,959,0.0,10,0.0,,,ARC-noRemed,flash_step,133
275.0,12.255289670726677,0.0,105.725,120.0,0.075,0.0025537613263469615,719,275.0,10,0.0,,,ARC-noRemed,flash_step,134
10.0,0.03561898623416493,0.0,119.30555555555556,120.0,0.075,0.9037435134337805,895,5.0,11,0.0,,,ARC-noRemed,flash_step,135
65.0,0.713714675100785,0.0,127.25138888888888,120.0,0.075,0.027762539786890805,957,10.0,10,0.0,,,ARC-noRemed,flash_step,136
0.0,0.01577932308273189,0.0,117.61805555555556,120.0,0.075,0.971140986941223,968,0.0,9,0.0,,,ARC-noRemed,flash_step,137
0.0,0.01162875885857284,0.0,121.86805555555556,120.0,0.075,0.9629686319261694,1011,0.0,9,0.0,,,ARC-noRemed,flash_step,138
0.0,0.0006358758591118452,0.0,119.40694444444445,120.0,0.075,0.9973642146923493,949,0.0,10,0.0,,,ARC-noRemed,flash_step,139
5830.0,91.88145295134568,0.0,44.0,24.0,6.055,5.60176322993839e-05,0,245.0,0,0.0,,,Static,kill_cascade,100
1075.0,17.84267763394851,0.0,56.833333333333336,31.0,3.0549999999999997,0.00020200196776676047,0,445.0,0,0.0,,,Static,kill_cascade,101
300.0,4.497721399006249,0.0,62.333333333333336,34.0,0.075,0.03807292821625635,0,40.0,0,0.0,,,Static,kill_cascade,102
4545.0,70.1549915451495,0.0,53.166666666666664,29.0,3.3307008389683443,0.0002182976712729992,0,15.0,0,0.0,,,Static,kill_cascade,103
25.0,0.48301159778310065,0.0,73.33333333333333,40.0,0.075,0.046209962219965886,0,25.0,0,0.0,,,Static,kill_cascade,104
6130.0,90.47099098602443,0.0,36.666666666666664,20.0,3.075,0.010409815349200557,0,540.0,0,0.0,,,Static,kill_cascade,105
5835.0,91.97381453652629,0.0,44.0,24.0,6.055,5.780143407604054e-05,0,65.0,0,0.0,,,Static,kill_cascade,106
490.0,7.549142294078026,0.0,56.833333333333336,31.0,3.0549999999999997,0.00019616323002551557,0,50.0,0,0.0,,,Static,kill_cascade,107
115.0,1.4821655284132151,0.0,58.666666666666664,32.0,0.075,0.03858378640539924,0,20.0,0,0.0,,,Static,kill_cascade,108
4265.0,66.07020094633886,0.0,53.166666666666664,29.0,3.3995850311201465,0.00021093629229642526,0,1200.0,0,0.0,,,Static,kill_cascade,109
65.0,1.0745508076760224,0.0,73.33333333333333,40.0,0.075,0.007934213826799175,0,65.0,0,0.0,,,Static,kill_cascade,110
6125.0,90.39167319529878,0.0,36.666666666666664,20.0,3.075,0.003514297032050926,0,335.0,0,0.0,,,Static,kill_cascade,111
5905.0,92.88242490645409,0.0,44.0,24.0,6.055,5.446329785735607e-05,0,75.0,0,0.0,,,Static,kill_cascade,112
675.0,10.562844750197687,0.0,56.833333333333336,31.0,3.0549999999999997,0.00020181379309498624,0,210.0,0,0.0,,,Static,kill_cascade,113
410.0,6.675805751550923,0.0,62.333333333333336,34.0,2.2949356238493466,0.03239228196595607,0,25.0,0,0.0,,,Static,kill_cascade,114
4175.0,64.82759860345111,0.0,53.166666666666664,29.0,3.3764013542791287,0.0002113810494825085,0,1200.0,0,0.0,,,Static,kill_cascade,115
20.0,0.15107795573916505,0.0,73.33333333333333,40.0,0.075,0.040347452876559636,0,20.0,0,0.0,,,Static,kill_cascade,116
6150.0,90.55232873753712,0.0,36.666666666666664,20.0,3.075,0.0006311371744786601,0,710.0,0,0.0,,,Static,kill_cascade,117
5835.0,92.10338286610951,0.0,44.0,24.0,6.055,8.828949820800833e-12,0,125.0,0,0.0,,,Static,kill_cascade,118
650.0,10.492876463573985,0.0,56.833333333333336,31.0,3.0549999999999997,0.0001879787081140269,0,20.0,0,0.0,,,Static,kill_cascade,119
540.0,8.943055487700203,0.0,62.333333333333336,34.0,3.053,0.002005343718358636,0,65.0,0,0.0,,,Static,kill_cascade,120
385.0,3.9039961514310884,0.0,55.0,30.0,0.5460277908031504,0.036475621570512276,0,15.0,0,0.0,,,Static,kill_cascade,121
65.0,1.1757894670666014,0.0,73.33333333333333,40.0,0.075,0.041114358939323664,0,65.0,0,0.0,,,Static,kill_cascade,122
6130.0,90.59151399678773,0.0,36.666666666666664,20.0,3.075,0.004650930172680424,0,210.0,0,0.0,,,Static,kill_cascade,123
5790.0,91.10399685180232,0.0,44.0,24.0,6.055,2.262834442743971e-05,0,860.0,0,0.0,,,Static,kill_cascade,124
630.0,10.3374025587745,0.0,56.833333333333336,31.0,3.0549999999999997,0.00018972710029824236,0,15.0,0,0.0,,,Static,kill_cascade,125
415.0,6.47021637848092,0.0,62.333333333333336,34.0,1.7324349448038294,0.022677271793150478,0,30.0,0,0.0,,,Static,kill_cascade,126
4175.0,63.43617149660798,0.0,53.166666666666664,29.0,3.3696190711432905,0.00020943359709627013,0,25.0,0,0.0,,,Static,kill_cascade,127
280.0,5.613121303259517,0.0,73.33333333333333,40.0,0.075,0.006348070147340934,0,280.0,0,0.0,,,Static,kill_cascade,128
6135.0,90.52886686888168,0.0,36.666666666666664,20.0,3.075,0.0004053868481038423,0,750.0,0,0.0,,,Static,kill_cascade,129
5835.0,92.08483994190448,0.0,44.0,24.0,6.055,5.7072495213283004e-05,0,115.0,0,0.0,,,Static,kill_cascade,130
1045.0,17.140101317441825,0.0,56.833333333333336,31.0,3.0549999999999997,0.00019932871246339256,0,585.0,0,0.0,,,Static,kill_cascade,131
370.0,5.809680061376,0.0,62.333333333333336,34.0,1.2299885076679407,0.003968499880508332,0,45.0,0,0.0,,,Static,kill_cascade,132
455.0,4.394441859640197,0.0,55.0,30.0,0.7273976962492155,0.008332967905013089,0,65.0,0,0.0,,,Static,kill_cascade,133
35.0,0.670179372190538,0.0,73.33333333333333,40.0,0.075,0.051817686885887684,0,35.0,0,0.0,,,Static,kill_cascade,134
6150.0,91.2338181713511,0.0,36.666666666666664,20.0,6.053,0.00041638691433674676,0,600.0,0,0.0,,,Static,kill_cascade,135
1800.0,25.632888092921146,0.0,45.833333333333336,25.0,3.075,0.00658288947546858,0,195.0,0,0.0,,,Static,kill_cascade,136
640.0,10.159386925780812,0.0,56.833333333333336,31.0,3.0549999999999997,0.00019558949256473653,0,50.0,0,0.0,,,Static,kill_cascade,137
515.0,8.312265886176784,0.0,62.333333333333336,34.0,3.053,0.0307495229322929,0,45.0,0,0.0,,,Static,kill_cascade,138
415.0,3.7622410614888357,0.0,55.0,30.0,0.5940813588264057,0.03600296098967717,0,25.0,0,0.0,,,Static,kill_cascade,139
60.0,0.743036844301892,0.0,72.67777777777778,49.0,0.075,0.04540570922774599,46,55.0,0,0.0,,,HPA,kill_cascade,100
105.0,1.971875356538677,0.0,85.73472222222222,69.0,0.075,0.004563942175470788,87,95.0,0,0.0,,,HPA,kill_cascade,101
35.0,0.4828919105879792,0.0,77.17916666666666,64.0,0.075,0.0400163376169419,58,35.0,0,0.0,,,HPA,kill_cascade,102
30.0,0.28483252782495194,0.0,73.43333333333334,42.0,0.075,0.047420984044822596,34,30.0,0,0.0,,,HPA,kill_cascade,103
20.0,0.3872806132246942,0.0,72.93333333333334,51.0,0.075,0.035383192964876096,54,20.0,0,0.0,,,HPA,kill_cascade,104
25.0,0.16179269236586968,0.0,74.10416666666667,43.0,0.075,0.048454158997140694,36,25.0,0,0.0,,,HPA,kill_cascade,105
60.0,0.646223333751994,0.0,71.0736111111111,46.0,0.075,0.04440466980000668,33,45.0,0,0.0,,,HPA,kill_cascade,106
55.0,0.5731102746878602,0.0,77.14444444444445,54.0,0.075,0.051647792601917236,68,45.0,0,0.0,,,HPA,kill_cascade,107
15.0,0.3002294338794176,0.0,74.60416666666667,46.0,0.075,0.18000000038224429,45,15.0,0,0.0,,,HPA,kill_cascade,108
75.0,1.3346379859847324,0.0,83.10277777777777,70.0,0.075,0.004006523458139538,63,75.0,0,0.0,,,HPA,kill_cascade,109
60.0,1.0366292182692027,0.0,76.3236111111111,66.0,0.075,0.007934213826799175,58,60.0,0,0.0,,,HPA,kill_cascade,110
35.0,0.620047456583217,0.0,78.48611111111111,61.0,0.075,0.04781701388895332,49,35.0,0,0.0,,,HPA,kill_cascade,111
30.0,0.34163958521146176,0.0,71.32083333333334,46.0,0.075,0.05260658196305894,42,25.0,0,0.0,,,HPA,kill_cascade,112
40.0,0.576376592861938,0.0,76.49583333333334,56.0,0.075,0.05261612415618166,66,40.0,0,0.0,,,HPA,kill_cascade,113
20.0,0.21129104443287083,0.0,75.04027777777777,47.0,0.075,0.18000000063327357,48,20.0,0,0.0,,,HPA,kill_cascade,114
40.0,0.6043563353266057,0.0,73.9,45.0,0.075,0.04095503723644433,45,40.0,0,0.0,,,HPA,kill_cascade,115
25.0,0.2092051163598896,0.0,72.66944444444445,51.0,0.075,0.035618817813611134,53,25.0,0,0.0,,,HPA,kill_cascade,116
45.0,0.882412125459664,0.0,75.20138888888889,46.0,0.075,0.0394253080189426,35,45.0,0,0.0,,,HPA,kill_cascade,117
75.0,1.0875537331492935,0.0,76.8125,58.0,0.075,0.004276400533870956,52,70.0,0,0.0,,,HPA,kill_cascade,118
25.0,0.2732881226583328,0.0,77.62361111111112,57.0,0.075,0.04517157637126763,76,20.0,0,0.0,,,HPA,kill_cascade,119
65.0,1.0807546447849647,0.0,78.52083333333333,59.0,0.075,0.0045764828351145944,52,65.0,0,0.0,,,HPA,kill_cascade,120
25.0,0.17284428287157594,0.0,74.09444444444445,44.0,0.075,0.04662603523010154,40,25.0,0,0.0,,,HPA,kill_cascade,121
45.0,0.9026207992200885,0.0,73.12777777777778,53.0,0.075,0.041114358939323664,51,45.0,0,0.0,,,HPA,kill_cascade,122
35.0,0.47758946068455765,0.0,76.39305555555555,60.0,0.075,0.03556253292999304,43,35.0,0,0.0,,,HPA,kill_cascade,123
45.0,0.6302991064691232,0.0,71.87222222222222,50.0,0.075,0.03660359953255821,46,40.0,0,0.0,,,HPA,kill_cascade,124
25.0,0.1621395820361693,0.0,76.25,55.0,0.075,0.1800000011972859,70,15.0,0,0.0,,,HPA,kill_cascade,125
25.0,0.1739651116852592,0.0,74.34722222222223,45.0,0.075,0.04903498122573291,42,25.0,0,0.0,,,HPA,kill_cascade,126
20.0,0.16524051702349052,0.0,74.22083333333333,45.0,0.075,0.18000000070169833,43,20.0,0,0.0,,,HPA,kill_cascade,127
80.0,1.7711540067648524,0.0,83.03888888888889,89.0,0.075,0.006348070147340934,64,80.0,0,0.0,,,HPA,kill_cascade,128
70.0,1.4689967322829345,0.0,80.96388888888889,59.0,0.075,0.03895632528720389,58,70.0,0,0.0,,,HPA,kill_cascade,129
45.0,0.400854090216618,0.0,71.20555555555555,46.0,0.075,0.05606213857810611,33,40.0,0,0.0,,,HPA,kill_cascade,130
115.0,1.4945875138979936,0.0,82.73472222222222,58.0,0.075,0.004677753284879411,74,90.0,0,0.0,,,HPA,kill_cascade,131
40.0,0.5641292937536346,0.0,76.21805555555555,48.0,0.075,0.008509314045370637,46,40.0,0,0.0,,,HPA,kill_cascade,132
0.0,0.0,0.0,73.6763888888889,46.0,0.075,1.0,41,0.0,0,0.0,,,HPA,kill_cascade,133
30.0,0.6413726119697927,0.0,74.13055555555556,55.0,0.075,0.032838112351309456,52,30.0,0,0.0,,,HPA,kill_cascade,134
50.0,0.695972993989602,0.0,74.52777777777777,45.0,0.075,0.0425595496189559,34,50.0,0,0.0,,,HPA,kill_cascade,135
45.0,0.3710508072999441,0.0,71.72222222222223,48.0,0.075,0.0054299324254691245,39,40.0,0,0.0,,,HPA,kill_cascade,136
70.0,0.704930051129915,0.0,77.94027777777778,56.0,0.075,0.04420794300720858,68,40.0,0,0.0,,,HPA,kill_cascade,137
35.0,0.5412362777922008,0.0,77.53472222222223,66.0,0.075,0.03936625690092471,62,35.0,0,0.0,,,HPA,kill_cascade,138
20.0,0.15550576753401435,0.0,73.49027777777778,45.0,0.075,0.18000000075366737,39,20.0,0,0.0,,,HPA,kill_cascade,139
25.0,0.14172631668655233,0.0,79.46666666666667,52.0,0.075,0.1800000013894893,143,20.0,0,0.0,,,HPA-fast,kill_cascade,100
70.0,1.3735332984330606,0.0,80.15,70.0,0.075,0.004157374681614568,188,70.0,0,0.0,,,HPA-fast,kill_cascade,101
35.0,0.5223211610483558,0.0,81.1625,58.0,0.075,0.0400163376169419,187,35.0,0,0.0,,,HPA-fast,kill_cascade,102
25.0,0.23627185647163707,0.0,78.38888888888889,50.0,0.075,0.047420984044822596,118,25.0,0,0.0,,,HPA-fast,kill_cascade,103
25.0,0.48301159778310065,0.0,71.34583333333333,54.0,0.075,0.046209962219965886,99,25.0,0,0.0,,,HPA-fast,kill_cascade,104
15.0,0.10838054016166776,0.0,81.1763888888889,59.0,0.075,0.18000000101640665,142,15.0,0,0.0,,,HPA-fast,kill_cascade,105
50.0,0.5887592687692234,0.0,78.47222222222223,50.0,0.075,0.042270335706210665,134,45.0,0,0.0,,,HPA-fast,kill_cascade,106
55.0,0.6068806344399547,0.0,78.49166666666666,58.0,0.075,0.0430643117218771,162,50.0,0,0.0,,,HPA-fast,kill_cascade,107
20.0,0.3243466211395041,0.0,80.98194444444445,58.0,0.075,0.18000000038224429,161,20.0,0,0.0,,,HPA-fast,kill_cascade,108
75.0,1.3601177010425736,0.0,80.90555555555555,72.0,0.075,0.003945177529423942,149,75.0,0,0.0,,,HPA-fast,kill_cascade,109
60.0,1.03465716732567,0.0,72.25,68.0,0.075,0.007934213826799175,106,60.0,0,0.0,,,HPA-fast,kill_cascade,110
25.0,0.4131034808381173,0.0,80.29444444444445,57.0,0.075,0.04781701388895332,144,25.0,0,0.0,,,HPA-fast,kill_cascade,111
25.0,0.32750156178110723,0.0,79.65416666666667,55.0,0.075,0.05260658196305894,155,25.0,0,0.0,,,HPA-fast,kill_cascade,112
5.0,0.022210942850775517,0.0,77.60972222222222,58.0,0.075,0.9079898599411792,153,5.0,0,0.0,,,HPA-fast,kill_cascade,113
15.0,0.2019822425323503,0.0,82.31527777777778,58.0,0.075,0.03977885800741316,168,15.0,0,0.0,,,HPA-fast,kill_cascade,114
30.0,0.5034884040687748,0.0,78.56666666666666,49.0,0.075,0.04095503723644433,109,30.0,0,0.0,,,HPA-fast,kill_cascade,115
30.0,0.19392422743903515,0.0,70.7375,54.0,0.075,0.1800000004487515,103,25.0,0,0.0,,,HPA-fast,kill_cascade,116
45.0,0.8819609709114551,0.0,81.03888888888889,55.0,0.075,0.0394253080189426,142,45.0,0,0.0,,,HPA-fast,kill_cascade,117
70.0,1.0375783108349523,0.0,81.24444444444444,68.0,0.075,0.004276400533870956,151,70.0,0,0.0,,,HPA-fast,kill_cascade,118
20.0,0.21464235698869238,0.0,77.88333333333334,60.0,0.075,0.18000000058904936,160,15.0,0,0.0,,,HPA-fast,kill_cascade,119
60.0,1.0398176899882539,0.0,83.98333333333333,81.0,0.075,0.005837298856113794,188,60.0,0,0.0,,,HPA-fast,kill_cascade,120
20.0,0.1323026177397102,0.0,78.76805555555555,49.0,0.075,0.18000000088789744,121,20.0,0,0.0,,,HPA-fast,kill_cascade,121
45.0,0.9027778148730681,0.0,71.52222222222223,57.0,0.075,0.041114358939323664,105,45.0,0,0.0,,,HPA-fast,kill_cascade,122
25.0,0.3509108721073573,0.0,80.42916666666666,57.0,0.075,0.03556253292999304,134,25.0,0,0.0,,,HPA-fast,kill_cascade,123
30.0,0.465497757073452,0.0,80.28888888888889,57.0,0.075,0.036465670993765846,157,30.0,0,0.0,,,HPA-fast,kill_cascade,124
20.0,0.1324091783851955,0.0,78.125,60.0,0.075,0.1800000011972859,164,15.0,0,0.0,,,HPA-fast,kill_cascade,125
25.0,0.15230105733388122,0.0,80.80277777777778,57.0,0.075,0.04903498122573291,153,25.0,0,0.0,,,HPA-fast,kill_cascade,126
20.0,0.16524051702349052,0.0,78.6138888888889,51.0,0.075,0.18000000070169833,106,20.0,0,0.0,,,HPA-fast,kill_cascade,127
75.0,1.5952848358347982,0.0,74.30694444444444,86.0,0.075,0.005945493861660726,106,75.0,0,0.0,,,HPA-fast,kill_cascade,128
70.0,1.510250911033062,0.0,81.95694444444445,60.0,0.075,0.03895632528720389,156,70.0,0,0.0,,,HPA-fast,kill_cascade,129
35.0,0.40988849931555826,0.0,79.5625,51.0,0.075,0.0429436311596451,146,35.0,0,0.0,,,HPA-fast,kill_cascade,130
65.0,0.8807777838298003,0.0,78.86944444444444,58.0,0.075,0.004677753284879411,159,60.0,0,0.0,,,HPA-fast,kill_cascade,131
35.0,0.5145256138738952,0.0,81.61527777777778,62.0,0.075,0.007403189243516089,162,35.0,0,0.0,,,HPA-fast,kill_cascade,132
0.0,0.0,0.0,78.99305555555556,50.0,0.075,1.0,125,0.0,0,0.0,,,HPA-fast,kill_cascade,133
35.0,0.670179372190538,0.0,71.925,61.0,0.075,0.051817686885887684,106,35.0,0,0.0,,,HPA-fast,kill_cascade,134
50.0,0.6518173129256177,0.0,80.83333333333333,60.0,0.075,0.04026085257853396,130,50.0,0,0.0,,,HPA-fast,kill_cascade,135
35.0,0.3079981252417596,0.0,80.2375,51.0,0.075,0.004957507542381495,154,35.0,0,0.0,,,HPA-fast,kill_cascade,136
45.0,0.4947121149831646,0.0,77.77083333333333,59.0,0.075,0.04420794300720858,159,40.0,0,0.0,,,HPA-fast,kill_cascade,137
30.0,0.4971525859225667,0.0,82.30416666666666,60.0,0.075,0.03936625690092471,210,30.0,0,0.0,,,HPA-fast,kill_cascade,138
25.0,0.2307725092716706,0.0,77.75555555555556,51.0,0.075,0.042775347197931954,103,25.0,0,0.0,,,HPA-fast,kill_cascade,139
25.0,0.14673643477089993,0.0,90.50833333333334,60.0,0.075,0.04042064713191123,51,25.0,0,0.0,,,HPA-45,kill_cascade,100
75.0,1.3774377682890693,0.0,106.45416666666667,89.0,0.075,0.008344089360738284,83,75.0,0,0.0,,,HPA-45,kill_cascade,101
30.0,0.4747824176489224,0.0,95.74861111111112,63.0,0.075,0.0400163376169419,58,30.0,0,0.0,,,HPA-45,kill_cascade,102
15.0,0.13313574962295904,0.0,91.23472222222222,55.0,0.075,0.04792538061350789,43,15.0,0,0.0,,,HPA-45,kill_cascade,103
25.0,0.48301159778310065,0.0,91.7611111111111,66.0,0.075,0.046209962219965886,63,25.0,0,0.0,,,HPA-45,kill_cascade,104
15.0,0.1142665320352565,0.0,92.18194444444444,52.0,0.075,0.050118858269666534,34,15.0,0,0.0,,,HPA-45,kill_cascade,105
40.0,0.5231083652163404,0.0,88.70694444444445,58.0,0.075,0.042270335706210665,39,40.0,0,0.0,,,HPA-45,kill_cascade,106
40.0,0.5627990132787808,0.0,95.67361111111111,68.0,0.075,0.04220897160222532,70,40.0,0,0.0,,,HPA-45,kill_cascade,107
15.0,0.3002294338794176,0.0,94.70694444444445,59.0,0.075,0.18000000038224429,52,15.0,0,0.0,,,HPA-45,kill_cascade,108
70.0,1.2783128824840229,0.0,100.87361111111112,85.0,0.075,0.006991513442622927,59,70.0,0,0.0,,,HPA-45,kill_cascade,109
40.0,0.5374139867749594,0.0,93.87777777777778,77.0,0.075,0.015496209419355998,54,40.0,0,0.0,,,HPA-45,kill_cascade,110
25.0,0.4131034808381173,0.0,92.98611111111111,57.0,0.075,0.04781701388895332,43,25.0,0,0.0,,,HPA-45,kill_cascade,111
20.0,0.3215588967680594,0.0,89.45416666666667,60.0,0.075,0.03511810882871594,46,20.0,0,0.0,,,HPA-45,kill_cascade,112
0.0,0.0,0.0,96.11666666666666,68.0,0.075,1.0,68,0.0,0,0.0,,,HPA-45,kill_cascade,113
15.0,0.2019822425323503,0.0,95.35,64.0,0.075,0.03977885800741316,66,15.0,0,0.0,,,HPA-45,kill_cascade,114
25.0,0.4209401528599721,0.0,93.37361111111112,57.0,0.075,0.036458570245508415,48,25.0,0,0.0,,,HPA-45,kill_cascade,115
0.0,0.0,0.0,90.27083333333333,61.0,0.075,1.0,54,0.0,0,0.0,,,HPA-45,kill_cascade,116
40.0,0.7938073274891599,0.0,94.37777777777778,62.0,0.075,0.0394253080189426,45,40.0,0,0.0,,,HPA-45,kill_cascade,117
45.0,0.6721364275459218,0.0,91.4263888888889,68.0,0.075,0.008048186812179036,48,45.0,0,0.0,,,HPA-45,kill_cascade,118
20.0,0.19997878435609184,0.0,97.43888888888888,72.0,0.075,0.18000000058904936,73,20.0,0,0.0,,,HPA-45,kill_cascade,119
55.0,1.0268238886112613,0.0,103.55,87.0,0.075,0.008897308246322056,73,55.0,0,0.0,,,HPA-45,kill_cascade,120
20.0,0.13910948439457282,0.0,90.48611111111111,53.0,0.075,0.04662603523010154,37,20.0,0,0.0,,,HPA-45,kill_cascade,121
45.0,0.8510465580262805,0.0,93.21111111111111,71.0,0.075,0.041114358939323664,59,45.0,0,0.0,,,HPA-45,kill_cascade,122
20.0,0.2588073509210642,0.0,92.725,54.0,0.075,0.1800000005300082,44,20.0,0,0.0,,,HPA-45,kill_cascade,123
25.0,0.360561446596841,0.0,89.7611111111111,60.0,0.075,0.05014847667196934,43,25.0,0,0.0,,,HPA-45,kill_cascade,124
15.0,0.1194454154617941,0.0,96.24722222222222,70.0,0.075,0.1800000011972859,70,15.0,0,0.0,,,HPA-45,kill_cascade,125
25.0,0.15230105733388122,0.0,94.55833333333334,58.0,0.075,0.04903498122573291,55,25.0,0,0.0,,,HPA-45,kill_cascade,126
10.0,0.10271379048277796,0.0,92.31666666666666,57.0,0.075,0.18000000070169833,50,10.0,0,0.0,,,HPA-45,kill_cascade,127
50.0,0.963440255899306,0.0,97.87222222222222,88.0,0.075,0.00820249685036826,68,50.0,0,0.0,,,HPA-45,kill_cascade,128
70.0,1.4758173584001777,0.0,99.18194444444444,78.0,0.075,0.03895632528720389,53,70.0,0,0.0,,,HPA-45,kill_cascade,129
35.0,0.46635578408128486,0.0,87.32638888888889,56.0,0.075,0.0429436311596451,39,35.0,0,0.0,,,HPA-45,kill_cascade,130
55.0,0.8108220135310984,0.0,100.05555555555556,70.0,0.075,0.008929775051916377,78,55.0,0,0.0,,,HPA-45,kill_cascade,131
30.0,0.46164992048604025,0.0,95.56527777777778,62.0,0.075,0.012179465705761509,50,30.0,0,0.0,,,HPA-45,kill_cascade,132
0.0,0.0,0.0,91.23333333333333,56.0,0.075,1.0,47,0.0,0,0.0,,,HPA-45,kill_cascade,133
20.0,0.19232319539472797,0.0,90.81805555555556,62.0,0.075,0.04687632345729365,49,20.0,0,0.0,,,HPA-45,kill_cascade,134
45.0,0.5325227850424663,0.0,93.22777777777777,57.0,0.075,0.0425595496189559,37,45.0,0,0.0,,,HPA-45,kill_cascade,135
10.0,0.06399393709990431,0.0,89.08055555555555,55.0,0.075,0.16467966932433384,40,10.0,0,0.0,,,HPA-45,kill_cascade,136
40.0,0.4774934710722878,0.0,96.8625,71.0,0.075,0.04300693541926145,75,40.0,0,0.0,,,HPA-45,kill_cascade,137
35.0,0.5412362777922008,0.0,94.82916666666667,59.0,0.075,0.03936625690092471,53,35.0,0,0.0,,,HPA-45,kill_cascade,138
20.0,0.14844834934235607,0.0,92.40694444444445,58.0,0.075,0.0483615789089645,43,20.0,0,0.0,,,HPA-45,kill_cascade,139
0.0,0.0,0.0,123.35694444444445,84.0,0.075,1.0,107,0.0,0,0.0,,,PredHPA,kill_cascade,100
45.0,0.5848304293609718,0.0,138.74583333333334,103.0,0.075,0.02844954489855973,151,50.0,0,0.0,,,PredHPA,kill_cascade,101
25.0,0.4308338589610994,0.0,129.87222222222223,85.0,0.075,0.0465889490006036,96,25.0,0,0.0,,,PredHPA,kill_cascade,102
0.0,0.0,0.0,111.97638888888889,67.0,0.075,1.0,79,0.0,0,0.0,,,PredHPA,kill_cascade,103
20.0,0.382593238850526,0.0,106.30972222222222,87.0,0.075,0.0459546748197043,89,20.0,0,0.0,,,PredHPA,kill_cascade,104
0.0,0.0,0.0,122.53333333333333,95.0,0.075,1.0,72,0.0,0,0.0,,,PredHPA,kill_cascade,105
30.0,0.39640578344762867,0.0,123.74861111111112,82.0,0.075,0.042270335706210665,103,30.0,0,0.0,,,PredHPA,kill_cascade,106
35.0,0.5214139716739008,0.0,131.21527777777777,103.0,0.075,0.04220897160222532,135,35.0,0,0.0,,,PredHPA,kill_cascade,107
15.0,0.3503319696999685,0.0,129.70277777777778,85.0,0.075,0.035553244027312185,99,15.0,0,0.0,,,PredHPA,kill_cascade,108
45.0,0.7812684934502045,0.0,125.9888888888889,106.0,0.075,0.01000806795303742,81,45.0,0,0.0,,,PredHPA,kill_cascade,109
35.0,0.5006419535421358,0.0,112.49861111111112,111.0,0.075,0.015496209419355998,100,35.0,0,0.0,,,PredHPA,kill_cascade,110
20.0,0.3747481708029743,0.0,124.53611111111111,92.0,0.075,0.03617716230722314,79,20.0,0,0.0,,,PredHPA,kill_cascade,111
20.0,0.23151633587238374,0.0,125.33611111111111,88.0,0.075,0.18000000045784512,117,20.0,0,0.0,,,PredHPA,kill_cascade,112
0.0,0.0,0.0,131.95138888888889,108.0,0.075,1.0,140,0.0,0,0.0,,,PredHPA,kill_cascade,113
0.0,0.0005510161651289813,0.0,129.18055555555554,84.0,0.075,0.9941360926349784,95,0.0,0,0.0,,,PredHPA,kill_cascade,114
0.0,0.004238253236188427,0.0,112.1763888888889,70.0,0.075,0.9552172719920154,70,0.0,0,0.0,,,PredHPA,kill_cascade,115
0.0,0.0,0.0,108.025,90.0,0.075,1.0,89,0.0,0,0.0,,,PredHPA,kill_cascade,116
35.0,0.7004737879994893,0.0,129.20277777777778,95.0,0.075,0.0394253080189426,79,35.0,0,0.0,,,PredHPA,kill_cascade,117
30.0,0.4527125251634678,0.0,127.09166666666667,88.0,0.075,0.013783516572721886,99,30.0,0,0.0,,,PredHPA,kill_cascade,118
15.0,0.19459480387286066,0.0,130.5888888888889,110.0,0.075,0.18000000058904936,129,15.0,0,0.0,,,PredHPA,kill_cascade,119
20.0,0.16518595268131264,0.0,130.60694444444445,85.0,0.075,0.35622830941421374,89,10.0,0,0.0,,,PredHPA,kill_cascade,120
0.0,0.0,0.0,114.30694444444444,69.0,0.075,1.0,83,0.0,0,0.0,,,PredHPA,kill_cascade,121
15.0,0.030417913223013127,0.0,107.07916666666667,89.0,0.075,0.883769376647592,84,15.0,0,0.0,,,PredHPA,kill_cascade,122
0.0,0.0,0.0,121.87083333333334,92.0,0.075,1.0,59,0.0,0,0.0,,,PredHPA,kill_cascade,123
0.0,0.0,0.0,124.16527777777777,89.0,0.075,1.0,96,0.0,0,0.0,,,PredHPA,kill_cascade,124
15.0,0.12352513750961691,0.0,133.39583333333334,112.0,0.075,0.08445579895769045,147,15.0,0,0.0,,,PredHPA,kill_cascade,125
25.0,0.15230105733388122,0.0,130.04305555555555,82.0,0.075,0.04903498122573291,95,25.0,0,0.0,,,PredHPA,kill_cascade,126
0.0,0.0,0.0,112.46527777777777,71.0,0.075,1.0,72,0.0,0,0.0,,,PredHPA,kill_cascade,127
45.0,0.8653847126993575,0.0,114.49305555555556,111.0,0.075,0.008134532170557304,96,45.0,0,0.0,,,PredHPA,kill_cascade,128
30.0,0.5328225053850555,0.0,128.59444444444443,98.0,0.075,0.04948810239322301,84,30.0,0,0.0,,,PredHPA,kill_cascade,129
30.0,0.3561585002849865,0.0,125.40138888888889,84.0,0.075,0.0429436311596451,110,30.0,0,0.0,,,PredHPA,kill_cascade,130
40.0,0.5928388670159102,0.0,139.86666666666667,112.0,0.075,0.008110554762291253,146,40.0,0,0.0,,,PredHPA,kill_cascade,131
20.0,0.14785807494698266,0.0,128.27777777777777,81.0,0.075,0.2804487072919196,99,20.0,0,0.0,,,PredHPA,kill_cascade,132
0.0,0.0,0.0,113.84444444444445,72.0,0.075,1.0,80,0.0,0,0.0,,,PredHPA,kill_cascade,133
25.0,0.3263676055255571,0.0,108.12638888888888,94.0,0.075,0.045585874991817016,92,25.0,0,0.0,,,PredHPA,kill_cascade,134
0.0,0.0,0.0,122.66111111111111,97.0,0.075,1.0,61,0.0,0,0.0,,,PredHPA,kill_cascade,135
0.0,0.0,0.0,122.0125,83.0,0.075,1.0,113,0.0,0,0.0,,,PredHPA,kill_cascade,136
35.0,0.38292408730483674,0.0,129.93333333333334,113.0,0.075,0.04300693541926145,127,35.0,0,0.0,,,PredHPA,kill_cascade,137
20.0,0.2704234477468037,0.0,130.88333333333333,85.0,0.075,0.061845046223918114,102,20.0,0,0.0,,,PredHPA,kill_cascade,138
0.0,0.0,0.0,114.47638888888889,71.0,0.075,1.0,74,0.0,0,0.0,,,PredHPA,kill_cascade,139
60.0,0.743036844301892,0.0,72.67777777777778,49.0,0.075,0.04540570922774599,46,55.0,0,0.0,,,HPA+RL,kill_cascade,100
105.0,1.9867563413633382,0.02324169838439142,85.49722222222222,69.0,0.075,0.004563942175470788,85,95.0,0,0.0,,,HPA+RL,kill_cascade,101
35.0,0.4828919105879792,0.0,77.17916666666666,64.0,0.075,0.0400163376169419,58,35.0,0,0.0,,,HPA+RL,kill_cascade,102
30.0,0.28483252782495194,0.0,73.43333333333334,42.0,0.075,0.047420984044822596,34,30.0,0,0.0,,,HPA+RL,kill_cascade,103
20.0,0.3872806132246942,0.0,72.93333333333334,51.0,0.075,0.035383192964876096,54,20.0,0,0.0,,,HPA+RL,kill_cascade,104
25.0,0.16803924167891893,0.00624654931304582,74.10416666666667,43.0,0.075,0.048454158997140694,36,25.0,0,0.0,,,HPA+RL,kill_cascade,105
60.0,0.646223333751994,0.0,71.0736111111111,46.0,0.075,0.04440466980000668,33,45.0,0,0.0,,,HPA+RL,kill_cascade,106
55.0,0.5794514734347889,0.023930875761114995,77.14027777777778,54.0,0.075,0.051647792601917236,68,45.0,0,0.0,,,HPA+RL,kill_cascade,107
15.0,0.3116182700858783,0.011388836206459575,74.60416666666667,46.0,0.075,0.18000000038224429,45,15.0,0,0.0,,,HPA+RL,kill_cascade,108
75.0,1.3346379859847324,0.0,83.10277777777777,70.0,0.075,0.004006523458139538,63,75.0,0,0.0,,,HPA+RL,kill_cascade,109
60.0,1.0366292182692027,0.0,76.3236111111111,66.0,0.075,0.007934213826799175,58,60.0,0,0.0,,,HPA+RL,kill_cascade,110
35.0,0.6249402255793846,0.004892768996164205,78.48611111111111,61.0,0.075,0.04781701388895332,49,35.0,0,0.0,,,HPA+RL,kill_cascade,111
30.0,0.34163958521146176,0.0,71.32083333333334,46.0,0.075,0.05260658196305894,42,25.0,0,0.0,,,HPA+RL,kill_cascade,112
10.0,0.06856252939114738,0.029927405148229235,75.79166666666667,53.0,0.075,0.8323663673242049,67,10.0,0,0.0,,,HPA+RL,kill_cascade,113
20.0,0.21998238170174433,0.008691337268866808,74.66805555555555,47.0,0.075,0.18000000063327357,49,20.0,0,0.0,,,HPA+RL,kill_cascade,114
40.0,0.6043563353266057,0.0,73.9,45.0,0.075,0.04095503723644433,45,40.0,0,0.0,,,HPA+RL,kill_cascade,115
25.0,0.2092051163598896,0.0,72.66944444444445,51.0,0.075,0.035618817813611134,53,25.0,0,0.0,,,HPA+RL,kill_cascade,116
50.0,0.8890592869797653,0.006647161520111672,75.20138888888889,46.0,0.075,0.0394253080189426,35,45.0,0,0.0,,,HPA+RL,kill_cascade,117
75.0,1.0875537331492935,0.0,76.8125,58.0,0.075,0.004276400533870956,52,70.0,0,0.0,,,HPA+RL,kill_cascade,118
30.0,0.29353121973534346,0.02024309707702135,76.95833333333333,54.0,0.075,0.04517157637126763,76,20.0,0,0.0,,,HPA+RL,kill_cascade,119
70.0,1.0921161663707601,0.011361521585787659,78.52083333333333,59.0,0.075,0.0045764828351145944,52,65.0,0,0.0,,,HPA+RL,kill_cascade,120
25.0,0.17284428287157594,0.0,74.09444444444445,44.0,0.075,0.04662603523010154,40,25.0,0,0.0,,,HPA+RL,kill_cascade,121
45.0,0.9026207992200885,0.0,73.12777777777778,53.0,0.075,0.041114358939323664,51,45.0,0,0.0,,,HPA+RL,kill_cascade,122
35.0,0.48017534982977006,0.0025858891452033876,76.39305555555555,60.0,0.075,0.03556253292999304,43,35.0,0,0.0,,,HPA+RL,kill_cascade,123
45.0,0.6336083889599609,0.003309282490845803,71.87222222222222,50.0,0.075,0.03660359953255821,46,40.0,0,0.0,,,HPA+RL,kill_cascade,124
35.0,0.19410654992653154,0.036565000107057176,75.29583333333333,52.0,0.075,0.1800000011972859,65,15.0,0,0.0,,,HPA+RL,kill_cascade,125
30.0,0.18752410032155664,0.013558988636321833,74.34722222222223,45.0,0.075,0.04903498122573291,42,25.0,0,0.0,,,HPA+RL,kill_cascade,126
20.0,0.1684858559939051,0.0032453389704242734,74.22083333333333,45.0,0.075,0.18000000070169833,43,20.0,0,0.0,,,HPA+RL,kill_cascade,127
80.0,1.7711540067648524,0.0,83.03888888888889,89.0,0.075,0.006348070147340934,64,80.0,0,0.0,,,HPA+RL,kill_cascade,128
75.0,1.4839808918977515,0.014984159614840752,80.96388888888889,59.0,0.075,0.03895632528720389,58,70.0,0,0.0,,,HPA+RL,kill_cascade,129
45.0,0.400854090216618,0.0,71.20555555555555,46.0,0.075,0.05606213857810611,33,40.0,0,0.0,,,HPA+RL,kill_cascade,130
105.0,1.4705960938474871,0.02183066894340636,81.6875,58.0,0.075,0.004677753284879411,72,90.0,0,0.0,,,HPA+RL,kill_cascade,131
40.0,0.5662884526503431,0.002159158896708268,76.21805555555555,48.0,0.075,0.008509314045370637,46,40.0,0,0.0,,,HPA+RL,kill_cascade,132
0.0,0.0,0.0,73.6763888888889,46.0,0.075,1.0,41,0.0,0,0.0,,,HPA+RL,kill_cascade,133
30.0,0.6413726119697927,0.0,74.13055555555556,55.0,0.075,0.032838112351309456,52,30.0,0,0.0,,,HPA+RL,kill_cascade,134
55.0,0.7074039177589975,0.013658041636538474,74.52777777777777,45.0,0.075,0.0425595496189559,34,50.0,0,0.0,,,HPA+RL,kill_cascade,135
45.0,0.3710508072999441,0.0,71.72222222222223,48.0,0.075,0.0054299324254691245,39,40.0,0,0.0,,,HPA+RL,kill_cascade,136
50.0,0.5193727758556754,0.024826505205831118,77.70277777777778,55.0,0.075,0.04420794300720858,67,40.0,0,0.0,,,HPA+RL,kill_cascade,137
35.0,0.5497092951145088,0.008473017322311155,77.53472222222223,66.0,0.075,0.03936625690092471,62,35.0,0,0.0,,,HPA+RL,kill_cascade,138
20.0,0.15550576753401435,0.0,73.49027777777778,45.0,0.075,0.18000000075366737,39,20.0,0,0.0,,,HPA+RL,kill_cascade,139
45.0,0.4379918488707113,0.0,109.2125,97.0,0.075,0.06156406650552073,746,15.0,11,0.0,,,ARC,kill_cascade,100
15.0,0.0574283844247403,0.0,104.76527777777778,113.0,0.075,0.5615915096432199,846,20.0,10,0.0,,,ARC,kill_cascade,101
15.0,0.32860363568316675,0.0,110.64583333333333,96.0,0.075,0.05894248740635797,881,15.0,11,0.0,,,ARC,kill_cascade,102
0.0,0.0,0.0,102.31944444444444,76.0,0.075,1.0,800,0.0,11,0.0,,,ARC,kill_cascade,103
15.0,0.29068116566990376,0.0,90.59027777777777,91.0,0.075,0.18000000133996186,577,15.0,11,0.0,,,ARC,kill_cascade,104
5.0,0.038028889646901654,0.0,108.48194444444445,109.0,0.075,0.18000000364177143,818,5.0,11,0.0,,,ARC,kill_cascade,105
75.0,0.9911393089861775,0.0,100.36666666666666,83.0,0.075,0.0348412844527537,750,30.0,11,0.0,,,ARC,kill_cascade,106
25.0,0.4077929801064806,0.0,108.50972222222222,120.0,0.075,0.05372558292785986,908,25.0,10,0.0,,,ARC,kill_cascade,107
15.0,0.341319829837361,0.0,103.77916666666667,89.0,0.075,0.0486796094744589,847,15.0,11,0.0,,,ARC,kill_cascade,108
10.0,0.03506747956280032,0.0,100.8013888888889,73.0,0.075,0.745261017150599,780,10.0,11,10.0,,,ARC,kill_cascade,109
35.0,0.5158576280639093,0.0,91.69166666666666,97.0,0.075,0.026377402523419087,568,35.0,11,0.0,,,ARC,kill_cascade,110
15.0,0.2935303082550078,0.0,105.47083333333333,102.0,0.075,0.18000000130987553,733,15.0,11,0.0,,,ARC,kill_cascade,111
60.0,0.779824025523912,0.0,98.58888888888889,91.0,0.075,0.0446729690761761,762,15.0,11,0.0,,,ARC,kill_cascade,112
0.0,0.0,0.0,109.78055555555555,120.0,0.075,1.0,851,0.0,11,0.0,,,ARC,kill_cascade,113
15.0,0.19155284650630433,0.0,114.15555555555555,93.0,0.075,0.18000000183793932,935,15.0,11,0.0,,,ARC,kill_cascade,114
15.0,0.204509319103241,0.0,100.56666666666666,78.0,0.075,0.18000000175753575,771,15.0,11,15.0,,,ARC,kill_cascade,115
0.0,0.0,0.0,92.54027777777777,97.0,0.075,1.0,585,0.0,11,0.0,,,ARC,kill_cascade,116
25.0,0.49808185474043976,0.0,109.69166666666666,102.0,0.075,0.04842138725621817,751,25.0,11,0.0,,,ARC,kill_cascade,117
10.0,0.14029602674368036,0.0,108.9486111111111,94.0,0.075,0.24587737698121293,796,10.0,10,0.0,,,ARC,kill_cascade,118
15.0,0.19459480359963477,0.0,104.53055555555555,120.0,0.075,0.1800000021598477,856,15.0,10,0.0,,,ARC,kill_cascade,119
5.0,0.017744307927858305,0.0,104.21111111111111,88.0,0.075,0.82798757837011,879,5.0,11,0.0,,,ARC,kill_cascade,120
15.0,0.0904531409272824,0.0,103.96666666666667,79.0,0.075,0.1800000035621099,816,15.0,11,0.0,,,ARC,kill_cascade,121
25.0,0.4567579439222036,0.0,90.83888888888889,97.0,0.075,0.05174544059699356,554,25.0,11,25.0,,,ARC,kill_cascade,122
5.0,0.04924712761930072,0.0,101.16111111111111,88.0,0.075,0.7753733796544495,792,0.0,11,0.0,,,ARC,kill_cascade,123
55.0,0.8093566246692219,0.0,112.66805555555555,104.0,0.075,0.05722047399333131,802,5.0,11,0.0,,,ARC,kill_cascade,124
0.0,0.0,0.0,106.95972222222223,120.0,0.075,1.0,878,0.0,11,0.0,,,ARC,kill_cascade,125
20.0,0.1390274292460858,0.0,105.82916666666667,90.0,0.075,0.05949610138750075,855,20.0,11,0.0,,,ARC,kill_cascade,126
0.0,0.0,0.0,112.72083333333333,83.0,0.075,1.0,831,0.0,11,0.0,,,ARC,kill_cascade,127
25.0,0.48258413860094995,0.0,94.90555555555555,99.0,0.075,0.036931247984270006,559,25.0,11,0.0,,,ARC,kill_cascade,128
30.0,0.579482735768555,0.0,117.0375,120.0,0.075,0.04781683402966573,791,30.0,11,0.0,,,ARC,kill_cascade,129
20.0,0.12965837559675286,0.0,106.81388888888888,93.0,0.075,0.32629179967108446,750,10.0,11,0.0,,,ARC,kill_cascade,130
25.0,0.41521306588172546,0.0,108.83472222222223,120.0,0.075,0.0340953971015372,829,25.0,11,0.0,,,ARC,kill_cascade,131
15.0,0.26891286169629103,0.0,105.38194444444444,85.0,0.075,0.10320002423141823,902,15.0,11,0.0,,,ARC,kill_cascade,132
0.0,0.0,0.0,100.55555555555556,72.0,0.075,1.0,810,0.0,11,0.0,,,ARC,kill_cascade,133
15.0,0.27688321194462295,0.0,90.9888888888889,100.0,0.075,0.18000000136174873,567,15.0,11,0.0,,,ARC,kill_cascade,134
30.0,0.2994536442580298,0.0,103.9625,103.0,0.075,0.055453135962661826,804,25.0,11,0.0,,,ARC,kill_cascade,135
40.0,0.36282842711642393,0.0,112.07083333333334,99.0,0.075,0.03216437316052364,828,10.0,10,0.0,,,ARC,kill_cascade,136
25.0,0.2949968684235582,0.0,104.26527777777778,120.0,0.075,0.05730996042067794,870,25.0,11,0.0,,,ARC,kill_cascade,137
10.0,0.13451275003674157,0.0,108.44166666666666,92.0,0.075,0.061845046223918114,868,10.0,11,0.0,,,ARC,kill_cascade,138
0.0,0.0,0.0,102.35277777777777,74.0,0.075,1.0,810,0.0,11,0.0,,,ARC,kill_cascade,139
40.0,0.3458974800003345,0.0,110.9625,97.0,0.075,0.18000000509479425,751,15.0,10,0.0,,,ARC-noGraph,kill_cascade,100
15.0,0.0574283844247403,0.0,105.64305555555555,115.0,0.075,0.5615915096432199,867,20.0,11,0.0,,,ARC-noGraph,kill_cascade,101
15.0,0.32860363568316675,0.0,111.05555555555556,95.0,0.075,0.05894248740635797,882,15.0,11,0.0,,,ARC-noGraph,kill_cascade,102
0.0,0.0,0.0,102.23611111111111,72.0,0.075,1.0,785,0.0,11,0.0,,,ARC-noGraph,kill_cascade,103
15.0,0.2129724919698095,0.0,91.04583333333333,92.0,0.075,0.18000000133996186,588,15.0,11,0.0,,,ARC-noGraph,kill_cascade,104
0.0,0.0,0.0,106.38472222222222,104.0,0.075,1.0,782,0.0,11,0.0,,,ARC-noGraph,kill_cascade,105
60.0,0.7583319324460991,0.0,101.15416666666667,87.0,0.075,0.055204706906504,775,30.0,11,0.0,,,ARC-noGraph,kill_cascade,106
25.0,0.4077929801064806,0.0,108.70416666666667,119.0,0.075,0.05372558292785986,921,25.0,11,0.0,,,ARC-noGraph,kill_cascade,107
15.0,0.341319829837361,0.0,104.13194444444444,90.0,0.075,0.0486796094744589,850,15.0,11,0.0,,,ARC-noGraph,kill_cascade,108
10.0,0.03310286302179444,0.0,100.83194444444445,70.0,0.075,0.745261017150599,770,10.0,11,10.0,,,ARC-noGraph,kill_cascade,109
35.0,0.5158576280639093,0.0,92.19305555555556,100.0,0.075,0.026377402523419087,589,35.0,11,0.0,,,ARC-noGraph,kill_cascade,110
15.0,0.2935303082550078,0.0,105.49027777777778,99.0,0.075,0.18000000130987553,745,15.0,11,0.0,,,ARC-noGraph,kill_cascade,111
60.0,0.8553397167072152,0.0,99.08472222222223,92.0,0.075,0.0446729690761761,777,15.0,11,0.0,,,ARC-noGraph,kill_cascade,112
0.0,0.0,0.0,109.28194444444445,120.0,0.075,1.0,858,0.0,11,0.0,,,ARC-noGraph,kill_cascade,113
15.0,0.19155284650630433,0.0,114.62222222222222,95.0,0.075,0.18000000183793932,917,15.0,11,0.0,,,ARC-noGraph,kill_cascade,114
15.0,0.204509319103241,0.0,101.19305555555556,78.0,0.075,0.18000000175753575,794,15.0,11,15.0,,,ARC-noGraph,kill_cascade,115
0.0,0.0,0.0,92.36805555555556,98.0,0.075,1.0,580,0.0,11,0.0,,,ARC-noGraph,kill_cascade,116
25.0,0.5019845530542799,0.0,109.95694444444445,105.0,0.075,0.04842138725621817,769,25.0,11,0.0,,,ARC-noGraph,kill_cascade,117
20.0,0.21139978367396006,0.0,110.41388888888889,97.0,0.075,0.24587737698121293,789,10.0,10,0.0,,,ARC-noGraph,kill_cascade,118
0.0,0.0,0.0,102.8861111111111,119.0,0.075,1.0,829,0.0,11,0.0,,,ARC-noGraph,kill_cascade,119
5.0,0.017744307927858305,0.0,104.33472222222223,88.0,0.075,0.82798757837011,881,5.0,11,0.0,,,ARC-noGraph,kill_cascade,120
15.0,0.0904531409272824,0.0,104.09166666666667,83.0,0.075,0.1800000035621099,811,15.0,11,0.0,,,ARC-noGraph,kill_cascade,121
35.0,0.7040455346017715,0.0,92.23055555555555,98.0,0.075,0.04795107945825196,557,35.0,11,0.0,,,ARC-noGraph,kill_cascade,122
5.0,0.04924712761930072,0.0,101.85833333333333,97.0,0.075,0.7753733796544495,774,0.0,11,0.0,,,ARC-noGraph,kill_cascade,123
45.0,0.6309534057523769,0.0,114.18055555555556,113.0,0.075,0.06068181282056699,841,5.0,10,0.0,,,ARC-noGraph,kill_cascade,124
0.0,0.0,0.0,105.9125,120.0,0.075,1.0,870,0.0,11,0.0,,,ARC-noGraph,kill_cascade,125
20.0,0.1390274292460858,0.0,106.0111111111111,89.0,0.075,0.05949610138750075,854,20.0,11,0.0,,,ARC-noGraph,kill_cascade,126
0.0,0.0,0.0,113.08055555555555,84.0,0.075,1.0,824,0.0,11,0.0,,,ARC-noGraph,kill_cascade,127
25.0,0.48258413860094995,0.0,95.02777777777777,98.0,0.075,0.036931247984270006,577,25.0,11,0.0,,,ARC-noGraph,kill_cascade,128
30.0,0.579482735768555,0.0,117.39861111111111,120.0,0.075,0.04781683402966573,795,30.0,11,0.0,,,ARC-noGraph,kill_cascade,129
25.0,0.11427883511920811,0.0,105.73611111111111,94.0,0.075,0.4950957005352999,763,10.0,11,0.0,,,ARC-noGraph,kill_cascade,130
25.0,0.41521306588172546,0.0,109.24027777777778,120.0,0.075,0.0340953971015372,856,25.0,11,0.0,,,ARC-noGraph,kill_cascade,131
15.0,0.26891286169629103,0.0,105.31944444444444,86.0,0.075,0.10320002423141823,883,15.0,11,0.0,,,ARC-noGraph,kill_cascade,132
0.0,0.0,0.0,100.43055555555556,74.0,0.075,1.0,811,0.0,11,0.0,,,ARC-noGraph,kill_cascade,133
15.0,0.27688321194462295,0.0,91.61805555555556,98.0,0.075,0.18000000136174873,584,15.0,11,0.0,,,ARC-noGraph,kill_cascade,134
30.0,0.2994536442580298,0.0,104.26944444444445,105.0,0.075,0.055453135962661826,814,25.0,11,0.0,,,ARC-noGraph,kill_cascade,135
30.0,0.2546898127621544,0.0,113.33611111111111,96.0,0.075,0.03216437316052364,831,10.0,10,0.0,,,ARC-noGraph,kill_cascade,136
25.0,0.2949968684235582,0.0,104.475,120.0,0.075,0.05730996042067794,884,25.0,11,0.0,,,ARC-noGraph,kill_cascade,137
0.0,0.0,0.0,105.97222222222223,89.0,0.075,1.0,874,0.0,11,0.0,,,ARC-noGraph,kill_cascade,138
0.0,0.0,0.0,101.76388888888889,74.0,0.075,1.0,822,0.0,11,0.0,,,ARC-noGraph,kill_cascade,139
40.0,0.4345773137554243,0.0,108.31666666666666,96.0,0.075,0.0566496306081476,743,15.0,0,0.0,,,ARC-noChaos,kill_cascade,100
15.0,0.0574283844247403,0.0,101.20972222222223,110.0,0.075,0.5615915096432199,860,20.0,0,0.0,,,ARC-noChaos,kill_cascade,101
15.0,0.32860363568316675,0.0,106.78472222222223,91.0,0.075,0.05894248740635797,832,15.0,0,0.0,,,ARC-noChaos,kill_cascade,102
0.0,0.0,0.0,103.38333333333334,76.0,0.075,1.0,812,0.0,0,0.0,,,ARC-noChaos,kill_cascade,103
15.0,0.2129724919698095,0.0,91.09305555555555,94.0,0.075,0.18000000133996186,589,15.0,0,0.0,,,ARC-noChaos,kill_cascade,104
10.0,0.07121953861634056,0.0,106.19305555555556,105.0,0.075,0.18000000364177143,830,10.0,0,0.0,,,ARC-noChaos,kill_cascade,105
40.0,0.6047115314577467,0.0,97.10694444444445,83.0,0.075,0.06767938957756675,762,0.0,0,0.0,,,ARC-noChaos,kill_cascade,106
25.0,0.4077929801064806,0.0,105.28194444444445,117.0,0.075,0.05372558292785986,907,25.0,0,0.0,,,ARC-noChaos,kill_cascade,107
20.0,0.34368914368910763,0.0,102.37638888888888,90.0,0.075,0.0486796094744589,854,20.0,0,0.0,,,ARC-noChaos,kill_cascade,108
10.0,0.03310286302179444,0.0,101.66944444444445,71.0,0.075,0.745261017150599,783,10.0,0,0.0,,,ARC-noChaos,kill_cascade,109
30.0,0.5028180751123545,0.0,91.30277777777778,95.0,0.075,0.026377402523419087,570,30.0,0,0.0,,,ARC-noChaos,kill_cascade,110
15.0,0.22647304228818887,0.0,102.36527777777778,99.0,0.075,0.18000000130987553,712,15.0,0,0.0,,,ARC-noChaos,kill_cascade,111
60.0,0.8841550387071906,0.0,97.1125,84.0,0.075,0.0446729690761761,754,15.0,0,0.0,,,ARC-noChaos,kill_cascade,112
0.0,0.0,0.0,108.94305555555556,120.0,0.075,1.0,867,0.0,0,0.0,,,ARC-noChaos,kill_cascade,113
10.0,0.1305627251094732,0.0,115.1,95.0,0.075,0.18000000183793932,940,10.0,0,0.0,,,ARC-noChaos,kill_cascade,114
10.0,0.13135323618219674,0.0,101.7388888888889,80.0,0.075,0.18000000175753575,778,10.0,0,0.0,,,ARC-noChaos,kill_cascade,115
0.0,0.0,0.0,93.45416666666667,98.0,0.075,1.0,575,0.0,0,0.0,,,ARC-noChaos,kill_cascade,116
25.0,0.5505457865357943,0.0,105.125,99.0,0.075,0.04842138725621817,732,25.0,0,0.0,,,ARC-noChaos,kill_cascade,117
20.0,0.21745283899079482,0.0,107.32638888888889,91.0,0.075,0.24587737698121293,786,10.0,0,0.0,,,ARC-noChaos,kill_cascade,118
0.0,0.0,0.0,103.00138888888888,116.0,0.075,1.0,838,0.0,0,0.0,,,ARC-noChaos,kill_cascade,119
5.0,0.017744307927858305,0.0,103.15694444444445,87.0,0.075,0.82798757837011,861,5.0,0,0.0,,,ARC-noChaos,kill_cascade,120
15.0,0.0904531409272824,0.0,104.46111111111111,78.0,0.075,0.1800000035621099,825,15.0,0,0.0,,,ARC-noChaos,kill_cascade,121
25.0,0.4567579439222036,0.0,91.72222222222223,99.0,0.075,0.05174544059699356,532,25.0,0,0.0,,,ARC-noChaos,kill_cascade,122
0.0,0.0,0.0,99.19444444444444,95.0,0.075,1.0,772,0.0,0,0.0,,,ARC-noChaos,kill_cascade,123
55.0,0.7529161943189422,0.0,111.25833333333334,101.0,0.075,0.06068181282056699,811,5.0,0,0.0,,,ARC-noChaos,kill_cascade,124
0.0,0.0,0.0,104.85555555555555,120.0,0.075,1.0,897,0.0,0,0.0,,,ARC-noChaos,kill_cascade,125
20.0,0.1390274292460858,0.0,102.48194444444445,86.0,0.075,0.05949610138750075,824,20.0,0,0.0,,,ARC-noChaos,kill_cascade,126
0.0,0.0,0.0,114.09444444444445,88.0,0.075,1.0,837,0.0,0,0.0,,,ARC-noChaos,kill_cascade,127
25.0,0.48258413860094995,0.0,93.70416666666667,93.0,0.075,0.036931247984270006,573,25.0,0,0.0,,,ARC-noChaos,kill_cascade,128
30.0,0.579482735768555,0.0,113.19166666666666,112.0,0.075,0.04781683402966573,789,30.0,0,0.0,,,ARC-noChaos,kill_cascade,129
30.0,0.17254346748349914,0.0,105.5125,94.0,0.075,0.483644912119944,758,15.0,0,0.0,,,ARC-noChaos,kill_cascade,130
25.0,0.41521306588172546,0.0,105.42222222222222,118.0,0.075,0.0340953971015372,819,25.0,0,0.0,,,ARC-noChaos,kill_cascade,131
15.0,0.26891286169629103,0.0,102.77638888888889,84.0,0.075,0.10320002423141823,903,15.0,0,0.0,,,ARC-noChaos,kill_cascade,132
0.0,0.0,0.0,101.725,75.0,0.075,1.0,828,0.0,0,0.0,,,ARC-noChaos,kill_cascade,133
15.0,0.27688321194462295,0.0,91.6625,100.0,0.075,0.18000000136174873,581,15.0,0,0.0,,,ARC-noChaos,kill_cascade,134
40.0,0.43408006427192447,0.0,100.61805555555556,91.0,0.075,0.05513819445322141,797,30.0,0,0.0,,,ARC-noChaos,kill_cascade,135
60.0,0.9020453825684283,0.0,108.45,93.0,0.075,0.03216437316052364,783,10.0,0,0.0,,,ARC-noChaos,kill_cascade,136
25.0,0.29577768562538687,0.0,100.79305555555555,118.0,0.075,0.05730996042067794,854,25.0,0,0.0,,,ARC-noChaos,kill_cascade,137
10.0,0.13451275003674157,0.0,104.9888888888889,91.0,0.075,0.061845046223918114,842,10.0,0,0.0,,,ARC-noChaos,kill_cascade,138
0.0,0.0,0.0,102.73194444444445,77.0,0.075,1.0,820,0.0,0,0.0,,,ARC-noChaos,kill_cascade,139
55.0,0.541828272208944,0.0,108.95972222222223,97.0,0.075,0.03522099102108875,743,15.0,10,0.0,,,ARC-noSec,kill_cascade,100
15.0,0.0574283844247403,0.0,104.76527777777778,113.0,0.075,0.5615915096432199,846,20.0,10,0.0,,,ARC-noSec,kill_cascade,101
15.0,0.32860363568316675,0.0,110.64583333333333,96.0,0.075,0.05894248740635797,881,15.0,11,0.0,,,ARC-noSec,kill_cascade,102
0.0,0.0,0.0,102.31944444444444,76.0,0.075,1.0,800,0.0,11,0.0,,,ARC-noSec,kill_cascade,103
15.0,0.29068116566990376,0.0,89.54305555555555,91.0,0.075,0.18000000133996186,575,15.0,11,0.0,,,ARC-noSec,kill_cascade,104
5.0,0.038028889646901654,0.0,107.55972222222222,107.0,0.075,0.18000000364177143,809,5.0,11,0.0,,,ARC-noSec,kill_cascade,105
75.0,0.9911393089861775,0.0,100.36666666666666,83.0,0.075,0.0348412844527537,750,30.0,11,0.0,,,ARC-noSec,kill_cascade,106
25.0,0.4077929801064806,0.0,108.48194444444445,118.0,0.075,0.05372558292785986,910,25.0,10,0.0,,,ARC-noSec,kill_cascade,107
15.0,0.341319829837361,0.0,103.77916666666667,89.0,0.075,0.0486796094744589,846,15.0,11,0.0,,,ARC-noSec,kill_cascade,108
10.0,0.03506747956280032,0.0,100.8013888888889,73.0,0.075,0.745261017150599,780,10.0,11,10.0,,,ARC-noSec,kill_cascade,109
35.0,0.5158576280639093,0.0,91.46111111111111,99.0,0.075,0.026377402523419087,575,35.0,11,0.0,,,ARC-noSec,kill_cascade,110
15.0,0.2935303082550078,0.0,104.33472222222223,102.0,0.075,0.18000000130987553,736,15.0,11,0.0,,,ARC-noSec,kill_cascade,111
65.0,0.8718181273267178,0.0,97.78194444444445,91.0,0.075,0.0446729690761761,764,15.0,11,0.0,,,ARC-noSec,kill_cascade,112
0.0,0.0,0.0,109.78055555555555,120.0,0.075,1.0,851,0.0,11,0.0,,,ARC-noSec,kill_cascade,113
15.0,0.19155284650630433,0.0,113.15416666666667,95.0,0.075,0.18000000183793932,927,15.0,11,0.0,,,ARC-noSec,kill_cascade,114
15.0,0.204509319103241,0.0,99.46805555555555,71.0,0.075,0.18000000175753575,774,15.0,11,15.0,,,ARC-noSec,kill_cascade,115
0.0,0.0,0.0,92.54027777777777,97.0,0.075,1.0,585,0.0,11,0.0,,,ARC-noSec,kill_cascade,116
25.0,0.49808185474043976,0.0,109.6875,102.0,0.075,0.04842138725621817,750,25.0,11,0.0,,,ARC-noSec,kill_cascade,117
10.0,0.14029602674368036,0.0,109.30416666666666,94.0,0.075,0.24587737698121293,805,10.0,10,0.0,,,ARC-noSec,kill_cascade,118
15.0,0.19459480359963477,0.0,103.98055555555555,120.0,0.075,0.1800000021598477,870,15.0,11,0.0,,,ARC-noSec,kill_cascade,119
5.0,0.017744307927858305,0.0,104.2125,88.0,0.075,0.82798757837011,881,5.0,11,0.0,,,ARC-noSec,kill_cascade,120
15.0,0.0904531409272824,0.0,103.19166666666666,73.0,0.075,0.1800000035621099,821,15.0,11,0.0,,,ARC-noSec,kill_cascade,121
25.0,0.4567579439222036,0.0,90.79583333333333,96.0,0.075,0.05174544059699356,554,25.0,11,25.0,,,ARC-noSec,kill_cascade,122
5.0,0.04924712761930072,0.0,101.16111111111111,88.0,0.075,0.7753733796544495,792,0.0,11,0.0,,,ARC-noSec,kill_cascade,123
60.0,0.8210260653114587,0.0,112.07916666666667,108.0,0.075,0.057268867694455786,803,5.0,10,0.0,,,ARC-noSec,kill_cascade,124
0.0,0.0,0.0,106.95972222222223,120.0,0.075,1.0,877,0.0,11,0.0,,,ARC-noSec,kill_cascade,125
20.0,0.1390274292460858,0.0,105.82916666666667,90.0,0.075,0.05949610138750075,855,20.0,11,0.0,,,ARC-noSec,kill_cascade,126
0.0,0.0,0.0,112.72083333333333,83.0,0.075,1.0,831,0.0,11,0.0,,,ARC-noSec,kill_cascade,127
25.0,0.48258413860094995,0.0,94.93611111111112,99.0,0.075,0.036931247984270006,574,25.0,11,0.0,,,ARC-noSec,kill_cascade,128
30.0,0.579482735768555,0.0,117.0125,119.0,0.075,0.04781683402966573,793,30.0,11,0.0,,,ARC-noSec,kill_cascade,129
20.0,0.12965837559675286,0.0,106.81388888888888,93.0,0.075,0.32629179967108446,750,10.0,11,0.0,,,ARC-noSec,kill_cascade,130
25.0,0.41521306588172546,0.0,108.83472222222223,120.0,0.075,0.0340953971015372,829,25.0,11,0.0,,,ARC-noSec,kill_cascade,131
15.0,0.26891286169629103,0.0,105.38194444444444,85.0,0.075,0.10320002423141823,902,15.0,11,0.0,,,ARC-noSec,kill_cascade,132
0.0,0.0,0.0,100.55555555555556,72.0,0.075,1.0,810,0.0,11,0.0,,,ARC-noSec,kill_cascade,133
15.0,0.27688321194462295,0.0,90.00694444444444,98.0,0.075,0.18000000136174873,570,15.0,11,0.0,,,ARC-noSec,kill_cascade,134
30.0,0.2994536442580298,0.0,104.23194444444445,103.0,0.075,0.055453135962661826,789,25.0,11,0.0,,,ARC-noSec,kill_cascade,135
40.0,0.36282842711642393,0.0,112.07083333333334,99.0,0.075,0.03216437316052364,828,10.0,10,0.0,,,ARC-noSec,kill_cascade,136
25.0,0.2949968684235582,0.0,104.26527777777778,120.0,0.075,0.05730996042067794,870,25.0,11,0.0,,,ARC-noSec,kill_cascade,137
10.0,0.13451275003674157,0.0,108.44166666666666,92.0,0.075,0.061845046223918114,868,10.0,11,0.0,,,ARC-noSec,kill_cascade,138
0.0,0.0,0.0,102.35277777777777,74.0,0.075,1.0,810,0.0,11,0.0,,,ARC-noSec,kill_cascade,139
385.0,5.502817965822482,0.0,78.15,104.0,0.6091975257561651,0.0004045559308338841,4327,55.0,10,30.0,,,ARC-noGuard,kill_cascade,100
495.0,6.725663995186526,0.0,71.78472222222223,103.0,1.3193533540215459,0.007088082474690238,4243,25.0,10,60.0,,,ARC-noGuard,kill_cascade,101
350.0,4.894019481859568,0.0,78.27083333333333,102.0,0.37909230402389216,0.01858266086800299,4230,15.0,10,55.0,,,ARC-noGuard,kill_cascade,102
350.0,4.128059856298771,0.0,75.27222222222223,87.0,0.42350434861539044,0.017050690039744545,4518,5.0,11,45.0,,,ARC-noGuard,kill_cascade,103
380.0,5.221358387386288,0.0,72.07083333333334,102.0,0.5644921420337226,0.012759922798278672,3324,15.0,10,15.0,,,ARC-noGuard,kill_cascade,104
375.0,5.008681013501581,0.0,76.42777777777778,106.0,0.6525631356147922,0.001517576146640785,4434,5.0,10,5.0,,,ARC-noGuard,kill_cascade,105
545.0,7.2445164717860555,0.0,71.15694444444445,92.0,1.4774590047401512,0.000431821449641311,4168,30.0,9,75.0,,,ARC-noGuard,kill_cascade,106
530.0,6.87753160864204,0.0,71.89583333333333,109.0,1.2332809201076076,0.0028408264305036443,4440,35.0,10,5.0,,,ARC-noGuard,kill_cascade,107
415.0,4.991287492344709,0.0,73.63888888888889,99.0,0.582623873028129,0.00042380756900986,4308,10.0,10,60.0,,,ARC-noGuard,kill_cascade,108
265.0,3.037808928737573,0.0,77.0513888888889,91.0,0.075,0.017726765159207836,4480,15.0,10,0.0,,,ARC-noGuard,kill_cascade,109
340.0,4.741542048260705,0.0,72.70972222222223,97.0,0.41730786550640203,8.336678008366165e-11,3330,25.0,11,25.0,,,ARC-noGuard,kill_cascade,110
280.0,3.450509630664411,0.0,76.96111111111111,120.0,0.07500000000000014,0.0006787566474958483,4320,15.0,11,50.0,,,ARC-noGuard,kill_cascade,111
520.0,7.299423128860449,0.0,70.96111111111111,95.0,1.6554599879012961,0.0008921303864751608,4068,15.0,10,60.0,,,ARC-noGuard,kill_cascade,112
380.0,5.039999571834796,0.0,76.07222222222222,120.0,0.4207101064292889,0.00039546108324365313,4367,25.0,10,20.0,,,ARC-noGuard,kill_cascade,113
275.0,3.4351825833930816,0.0,81.57916666666667,117.0,0.07500000000000008,0.008998246862895068,4498,10.0,11,40.0,,,ARC-noGuard,kill_cascade,114
430.0,4.729664559412782,0.0,74.82777777777778,91.0,0.8547378085122348,0.005585233042710666,4535,15.0,10,40.0,,,ARC-noGuard,kill_cascade,115
325.0,4.487275504372057,0.0,75.26805555555555,112.0,0.07500000000000007,0.013619613305352446,3429,30.0,10,25.0,,,ARC-noGuard,kill_cascade,116
245.0,3.50016487148761,0.0,79.15972222222223,120.0,0.075,0.0004153925408854671,4456,10.0,11,60.0,,,ARC-noGuard,kill_cascade,117
335.0,4.628678731902425,0.0,79.74166666666666,103.0,0.3790581345346504,0.0008617099786643959,4482,20.0,10,25.0,,,ARC-noGuard,kill_cascade,118
405.0,5.506833904189346,0.0,72.64305555555555,103.0,0.7985506524705415,0.0006169878227811219,4178,10.0,10,80.0,,,ARC-noGuard,kill_cascade,119
380.0,4.858350742425143,0.0,75.5513888888889,114.0,0.5386739104296812,0.000406040445293737,4183,45.0,10,15.0,,,ARC-noGuard,kill_cascade,120
370.0,3.6897877699863746,0.0,76.41944444444445,98.0,0.4235956798339934,0.0019190950736979247,4655,15.0,10,50.0,,,ARC-noGuard,kill_cascade,121
375.0,5.39755698563803,0.0,75.67777777777778,108.0,0.8000695651238496,0.00039629589425523585,3400,40.0,10,50.0,,,ARC-noGuard,kill_cascade,122
505.0,6.1026979974983515,0.0,73.46388888888889,116.0,1.0943098686821897,0.00043396863139182935,4311,15.0,10,100.0,,,ARC-noGuard,kill_cascade,123
405.0,5.644864180107955,0.0,79.96388888888889,111.0,0.7134070857598461,0.00038397336624037686,4359,35.0,10,25.0,,,ARC-noGuard,kill_cascade,124
575.0,7.684664693542665,0.0,72.60277777777777,108.0,1.5172960735217136,0.0007694170989886471,4444,15.0,10,115.0,,,ARC-noGuard,kill_cascade,125
395.0,4.465478433273873,0.0,75.67777777777778,118.0,0.6262689238615132,0.007363905896538642,4110,10.0,10,15.0,,,ARC-noGuard,kill_cascade,126
290.0,3.220310926746761,0.0,84.74166666666666,109.0,0.075,0.018987899159147854,4920,15.0,10,45.0,,,ARC-noGuard,kill_cascade,127
315.0,4.646388348982233,0.0,75.53611111111111,104.0,0.07500000000000007,0.0003463518404268664,3376,25.0,11,30.0,,,ARC-noGuard,kill_cascade,128
310.0,4.30112223661947,0.0,83.50416666666666,118.0,0.09968571985846982,0.0008130960199272374,4557,45.0,11,50.0,,,ARC-noGuard,kill_cascade,129
345.0,5.130395934561349,0.0,77.18194444444444,102.0,0.3790861853797815,0.0022656645293708173,4392,40.0,10,50.0,,,ARC-noGuard,kill_cascade,130
340.0,5.039593572953649,0.0,74.94583333333334,112.0,0.34297123732479395,0.00016950083994452864,4282,20.0,10,80.0,,,ARC-noGuard,kill_cascade,131
405.0,4.625442272078695,0.0,74.98472222222222,111.0,0.6161075366159336,0.0004031237044809402,4262,20.0,10,40.0,,,ARC-noGuard,kill_cascade,132
310.0,3.35640172520415,0.0,76.18333333333334,98.0,0.2230138884944476,1.8614518930540984e-09,4717,15.0,10,55.0,,,ARC-noGuard,kill_cascade,133
355.0,5.329028414987713,0.0,74.25138888888888,106.0,0.49570752047925587,0.00318081657638159,3329,15.0,10,15.0,,,ARC-noGuard,kill_cascade,134
425.0,5.77541054487245,0.0,74.90416666666667,106.0,0.961713807714197,0.01862891852867933,4348,40.0,10,10.0,,,ARC-noGuard,kill_cascade,135
490.0,7.017882436890488,0.0,77.79583333333333,105.0,1.3873127186501741,3.2233522863693497e-09,4480,10.0,10,90.0,,,ARC-noGuard,kill_cascade,136
545.0,7.090864259461959,0.0,72.36666666666666,110.0,1.4110334819969002,0.00039690009024046413,4342,20.0,10,45.0,,,ARC-noGuard,kill_cascade,137
340.0,4.323735549685459,0.0,75.89722222222223,103.0,0.24574870410239416,0.0003954987738617477,4298,25.0,10,20.0,,,ARC-noGuard,kill_cascade,138
255.0,2.700484289916949,0.0,77.85277777777777,99.0,0.075,0.01883678776424109,4713,10.0,10,0.0,,,ARC-noGuard,kill_cascade,139
80.0,0.9052515276464668,0.0,111.10277777777777,97.0,0.075,0.048019874599417374,763,15.0,11,0.0,,,ARC-noRemed,kill_cascade,100
45.0,0.5700680282835213,0.0,106.24305555555556,117.0,0.075,0.027601671948049623,874,50.0,11,0.0,,,ARC-noRemed,kill_cascade,101
25.0,0.4308338589610994,0.0,109.51527777777778,95.0,0.075,0.0465889490006036,875,25.0,11,0.0,,,ARC-noRemed,kill_cascade,102
0.0,0.0,0.0,102.31944444444444,76.0,0.075,1.0,800,0.0,11,0.0,,,ARC-noRemed,kill_cascade,103
20.0,0.3749535568582707,0.0,90.60555555555555,91.0,0.075,0.18000000040199615,589,20.0,11,0.0,,,ARC-noRemed,kill_cascade,104
15.0,0.11938784936194047,0.0,108.48194444444445,109.0,0.075,0.05014353644223388,820,15.0,11,0.0,,,ARC-noRemed,kill_cascade,105
105.0,1.4440119976860122,0.0,100.9625,85.0,0.075,0.00039022703800404673,792,40.0,11,0.0,,,ARC-noRemed,kill_cascade,106
30.0,0.48749492468191935,0.0,108.49722222222222,118.0,0.075,0.04220897160222532,911,30.0,10,0.0,,,ARC-noRemed,kill_cascade,107
15.0,0.3503319696999685,0.0,104.38472222222222,90.0,0.075,0.035553244027312185,864,15.0,11,0.0,,,ARC-noRemed,kill_cascade,108
70.0,1.2125950717482126,0.0,104.0375,80.0,0.075,0.010178557900752056,798,70.0,11,40.0,,,ARC-noRemed,kill_cascade,109
55.0,0.9682898824563968,0.0,92.56666666666666,97.0,0.075,0.007919559554122765,576,55.0,11,0.0,,,ARC-noRemed,kill_cascade,110
15.0,0.30075278476752176,0.0,105.25694444444444,101.0,0.075,0.18000000036035965,746,15.0,11,0.0,,,ARC-noRemed,kill_cascade,111
70.0,1.0269651036544314,0.0,100.1,93.0,0.075,0.03511810882871594,800,15.0,11,0.0,,,ARC-noRemed,kill_cascade,112
0.0,0.0,0.0,109.43472222222222,120.0,0.075,1.0,860,0.0,11,0.0,,,ARC-noRemed,kill_cascade,113
0.0,0.0005510161651289813,0.0,116.06111111111112,96.0,0.075,0.9941360926349784,948,0.0,11,0.0,,,ARC-noRemed,kill_cascade,114
20.0,0.2146524208119005,0.0,100.59027777777777,83.0,0.075,0.18000000047932793,783,20.0,11,20.0,,,ARC-noRemed,kill_cascade,115
0.0,0.0,0.0,92.54027777777777,97.0,0.075,1.0,585,0.0,11,0.0,,,ARC-noRemed,kill_cascade,116
35.0,0.672020932985784,0.0,109.74861111111112,105.0,0.075,0.0394253080189426,758,35.0,11,0.0,,,ARC-noRemed,kill_cascade,117
30.0,0.43214667476805246,0.0,109.44722222222222,94.0,0.075,0.016264531756401034,785,30.0,10,0.0,,,ARC-noRemed,kill_cascade,118
15.0,0.19459480387286066,0.0,104.6,120.0,0.075,0.18000000058904936,869,15.0,11,0.0,,,ARC-noRemed,kill_cascade,119
0.0,0.0,0.0,106.275,89.0,0.075,1.0,897,0.0,11,0.0,,,ARC-noRemed,kill_cascade,120
15.0,0.09045314116895575,0.0,104.08333333333333,83.0,0.075,0.1800000009714845,816,15.0,11,0.0,,,ARC-noRemed,kill_cascade,121
45.0,0.9027979851435108,0.0,91.53611111111111,97.0,0.075,0.041114358939323664,577,45.0,11,45.0,,,ARC-noRemed,kill_cascade,122
5.0,0.04924712761930072,0.0,101.61666666666666,96.0,0.075,0.7753733796544495,789,0.0,11,0.0,,,ARC-noRemed,kill_cascade,123
85.0,1.3472816824177114,0.0,113.51666666666667,103.0,0.075,0.01026571196955757,846,15.0,11,0.0,,,ARC-noRemed,kill_cascade,124
0.0,0.0,0.0,106.75277777777778,120.0,0.075,1.0,871,0.0,11,0.0,,,ARC-noRemed,kill_cascade,125
25.0,0.15230105733388122,0.0,105.76388888888889,90.0,0.075,0.04903498122573291,856,25.0,11,0.0,,,ARC-noRemed,kill_cascade,126
0.0,0.0,0.0,112.72083333333333,83.0,0.075,1.0,831,0.0,11,0.0,,,ARC-noRemed,kill_cascade,127
65.0,1.3512091339546561,0.0,95.8638888888889,100.0,0.075,0.008655530622984804,605,65.0,11,0.0,,,ARC-noRemed,kill_cascade,128
25.0,0.41122045931734075,0.0,117.89583333333333,120.0,0.075,0.04948810239322301,802,25.0,11,0.0,,,ARC-noRemed,kill_cascade,129
40.0,0.43045672038924954,0.0,107.54722222222222,95.0,0.075,0.15376031411767324,777,10.0,10,0.0,,,ARC-noRemed,kill_cascade,130
40.0,0.6399449996025153,0.0,109.58055555555555,120.0,0.075,0.008929775051916377,854,40.0,11,0.0,,,ARC-noRemed,kill_cascade,131
30.0,0.44935217045721787,0.0,105.76805555555555,85.0,0.075,0.012179465705761509,906,30.0,11,0.0,,,ARC-noRemed,kill_cascade,132
0.0,0.0,0.0,100.55555555555556,72.0,0.075,1.0,810,0.0,11,0.0,,,ARC-noRemed,kill_cascade,133
20.0,0.34420607317197094,0.0,91.22361111111111,100.0,0.075,0.18000000037138597,595,20.0,11,0.0,,,ARC-noRemed,kill_cascade,134
55.0,0.6737428106180166,0.0,104.35972222222222,107.0,0.075,0.0425595496189559,787,50.0,11,0.0,,,ARC-noRemed,kill_cascade,135
70.0,0.9391547255312327,0.0,114.23333333333333,99.0,0.075,0.007024316563699665,843,20.0,10,0.0,,,ARC-noRemed,kill_cascade,136
35.0,0.3929550465972542,0.0,104.21388888888889,120.0,0.075,0.04420794300720858,868,35.0,11,0.0,,,ARC-noRemed,kill_cascade,137
0.0,0.0,0.0,106.38055555555556,87.0,0.075,1.0,908,0.0,11,0.0,,,ARC-noRemed,kill_cascade,138
0.0,0.0,0.0,102.35277777777777,74.0,0.075,1.0,810,0.0,11,0.0,,,ARC-noRemed,kill_cascade,139
5830.0,91.90091450711594,0.0,44.0,24.0,6.055,5.60176322993839e-05,0,245.0,0,0.0,,,Static,node_failure,100
660.0,10.552810011538883,0.0,56.833333333333336,31.0,3.0549999999999997,0.00020200196776676047,0,30.0,0,0.0,,,Static,node_failure,101
305.0,4.705336405492433,0.0,62.333333333333336,34.0,0.075,0.013290035523563162,0,45.0,0,0.0,,,Static,node_failure,102
4530.0,70.02789009829151,0.0,53.166666666666664,29.0,3.3307008389683443,0.0002182976712729992,0,895.0,0,0.0,,,Static,node_failure,103
35.0,0.6007590458056766,0.0,73.33333333333333,40.0,0.075,0.002003510179143003,0,35.0,0,0.0,,,Static,node_failure,104
6430.0,96.67984425431929,0.0,36.666666666666664,20.0,6.055,9.450186280003031e-05,0,1200.0,0,0.0,,,Static,node_failure,105
5835.0,91.97509594842377,0.0,44.0,24.0,6.055,5.780143407604054e-05,0,65.0,0,0.0,,,Static,node_failure,106
440.0,6.987497258196851,0.0,56.833333333333336,31.0,3.0549999999999997,0.00019616323002551557,0,50.0,0,0.0,,,Static,node_failure,107
145.0,1.7836612127392848,0.0,58.666666666666664,32.0,0.075,0.00022910400068234724,0,50.0,0,0.0,,,Static,node_failure,108
4265.0,65.86916670055464,0.0,53.166666666666664,29.0,3.386794546381973,0.00021093629229642526,0,1200.0,0,0.0,,,Static,node_failure,109
15.0,0.03626859881231681,0.0,73.33333333333333,40.0,0.075,0.7716193916742766,0,15.0,0,0.0,,,Static,node_failure,110
6430.0,96.64439818360655,0.0,36.666666666666664,20.0,6.055,9.633317781294444e-05,0,1200.0,0,0.0,,,Static,node_failure,111
5905.0,92.88337350144924,0.0,44.0,24.0,6.055,5.446329785735607e-05,0,75.0,0,0.0,,,Static,node_failure,112
465.0,7.254070407396929,0.0,56.833333333333336,31.0,3.0549999999999997,0.00020181379309498624,0,140.0,0,0.0,,,Static,node_failure,113
385.0,6.419544197133453,0.0,62.333333333333336,34.0,2.2839549591842117,0.03239228196595607,0,5.0,0,0.0,,,Static,node_failure,114
4175.0,64.82735461256212,0.0,53.166666666666664,29.0,3.3764013542791287,0.0002113810494825085,0,1200.0,0,0.0,,,Static,node_failure,115
0.0,0.004220592580073124,0.0,73.33333333333333,40.0,0.075,0.9605708906869391,0,0.0,0,0.0,,,Static,node_failure,116
6450.0,96.9957004064001,0.0,36.666666666666664,20.0,6.055,9.468664360466036e-05,0,1200.0,0,0.0,,,Static,node_failure,117
5835.0,92.10270820887517,0.0,44.0,24.0,6.055,5.796803836637899e-05,0,125.0,0,0.0,,,Static,node_failure,118
710.0,11.504296124087643,0.0,56.833333333333336,31.0,3.0549999999999997,0.0001879787081140269,0,80.0,0,0.0,,,Static,node_failure,119
500.0,7.998870567403948,0.0,62.333333333333336,34.0,3.053,0.02047417578213166,0,5.0,0,0.0,,,Static,node_failure,120
370.0,3.811707193891445,0.0,55.0,30.0,0.5460277908031504,0.036475621570512276,0,5.0,0,0.0,,,Static,node_failure,121
0.0,0.0,0.0,73.33333333333333,40.0,0.075,1.0,0,0.0,0,0.0,,,Static,node_failure,122
6130.0,90.5889074160174,0.0,36.666666666666664,20.0,3.075,0.012919250233776764,0,210.0,0,0.0,,,Static,node_failure,123
5790.0,91.10045702320056,0.0,44.0,24.0,6.055,5.4311772946456835e-05,0,860.0,0,0.0,,,Static,node_failure,124
615.0,10.217957143312706,0.0,56.833333333333336,31.0,3.0549999999999997,0.00018972710029824236,0,140.0,0,0.0,,,Static,node_failure,125
410.0,6.441713917737568,0.0,62.333333333333336,34.0,2.251993119356957,0.022677271793150478,0,25.0,0,0.0,,,Static,node_failure,126
4150.0,63.20161300672225,0.0,53.166666666666664,29.0,3.3696190711432905,0.00020943359709627013,0,1005.0,0,0.0,,,Static,node_failure,127
15.0,0.2998877725269078,0.0,73.33333333333333,40.0,0.075,0.04782838855826667,0,15.0,0,0.0,,,Static,node_failure,128
6455.0,97.18989188068805,0.0,36.666666666666664,20.0,6.055,6.330628906631702e-05,0,1200.0,0,0.0,,,Static,node_failure,129
5835.0,92.08719920968993,0.0,44.0,24.0,6.055,5.7072495213283004e-05,0,115.0,0,0.0,,,Static,node_failure,130
460.0,7.253890907274818,0.0,56.833333333333336,31.0,3.0549999999999997,0.00019932871246339256,0,50.0,0,0.0,,,Static,node_failure,131
360.0,5.719010366493837,0.0,62.333333333333336,34.0,1.038128959689538,0.0008202499169631057,0,35.0,0,0.0,,,Static,node_failure,132
390.0,3.7945219737843594,0.0,55.0,30.0,0.5093472012612544,0.036266941123513294,0,5.0,0,0.0,,,Static,node_failure,133
0.0,0.0,0.0,73.33333333333333,40.0,0.075,1.0,0,0.0,0,0.0,,,Static,node_failure,134
6435.0,96.9116755746674,0.0,36.666666666666664,20.0,6.055,9.137338766973093e-05,0,1200.0,0,0.0,,,Static,node_failure,135
1630.0,23.620230493969096,0.0,45.833333333333336,25.0,3.075,0.02685773652566853,0,5.0,0,0.0,,,Static,node_failure,136
640.0,10.202265259877718,0.0,56.833333333333336,31.0,3.0549999999999997,0.00019558949256473653,0,50.0,0,0.0,,,Static,node_failure,137
510.0,8.38578581559405,0.0,62.333333333333336,34.0,3.053,0.001980379978846002,0,40.0,0,0.0,,,Static,node_failure,138
450.0,4.22847623178042,0.0,55.0,30.0,0.7276790652957562,0.03600296098967717,0,60.0,0,0.0,,,Static,node_failure,139
5.0,0.03554441413842202,0.0,71.8236111111111,46.0,0.075,0.8817670589192735,49,0.0,0,0.0,,,HPA,node_failure,100
40.0,0.3480183844020157,0.0,79.04722222222222,54.0,0.075,0.03872901068393177,81,25.0,0,0.0,,,HPA,node_failure,101
40.0,0.47215450258594194,0.0,78.89166666666667,64.0,0.075,0.024359912761543142,61,40.0,0,0.0,,,HPA,node_failure,102
0.0,0.0,0.0,73.07083333333334,42.0,0.075,1.0,33,0.0,0,0.0,,,HPA,node_failure,103
70.0,1.4233870646509161,0.0,81.9875,85.0,0.075,0.010838333466265284,71,70.0,0,0.0,,,HPA,node_failure,104
0.0,0.0,0.0,73.5625,44.0,0.075,1.0,33,0.0,0,0.0,,,HPA,node_failure,105
60.0,0.7119426994803058,0.0,71.94444444444444,47.0,0.075,0.04061174958959183,34,45.0,0,0.0,,,HPA,node_failure,106
10.0,0.05135003180308795,0.0,76.81111111111112,56.0,0.075,0.858474850840828,74,10.0,0,0.0,,,HPA,node_failure,107
40.0,0.5612972420724449,0.0,76.80694444444444,50.0,0.075,0.0002700446370443679,47,40.0,0,0.0,,,HPA,node_failure,108
0.0,0.003602235550903554,0.0,75.96527777777777,60.0,0.075,0.9642649813359517,49,0.0,0,0.0,,,HPA,node_failure,109
10.0,0.016512109236299644,0.0,71.81111111111112,49.0,0.075,0.8842737695845378,49,10.0,0,0.0,,,HPA,node_failure,110
75.0,1.2915278821786114,0.0,86.22222222222223,74.0,0.075,0.007440130893704321,59,75.0,0,0.0,,,HPA,node_failure,111
55.0,0.5548867390486989,0.0,74.19305555555556,54.0,0.075,0.02336625852549997,49,50.0,0,0.0,,,HPA,node_failure,112
60.0,1.3661896655565275,0.0,81.62222222222222,76.0,0.075,0.0025685284562877667,81,60.0,0,0.0,,,HPA,node_failure,113
0.0,0.002328707666476859,0.0,74.34027777777777,46.0,0.075,0.9925586602608147,44,0.0,0,0.0,,,HPA,node_failure,114
30.0,0.3406130820862163,0.0,75.47916666666667,49.0,0.075,0.061128521011971595,47,30.0,0,0.0,,,HPA,node_failure,115
0.0,0.0,0.0,71.94444444444444,48.0,0.075,1.0,50,0.0,0,0.0,,,HPA,node_failure,116
40.0,0.7955837300303026,0.0,76.76805555555555,55.0,0.075,0.002280385988520143,39,40.0,0,0.0,,,HPA,node_failure,117
50.0,0.6286224375586902,0.0,73.49583333333334,51.0,0.075,0.008770874132566954,45,45.0,0,0.0,,,HPA,node_failure,118
60.0,0.8038185913565088,0.0,77.89722222222223,57.0,0.075,0.05043931415384035,77,45.0,0,0.0,,,HPA,node_failure,119
10.0,0.022372663682668215,0.0,75.37083333333334,46.0,0.075,0.9032696210608032,44,5.0,0,0.0,,,HPA,node_failure,120
0.0,0.0,0.0,73.14861111111111,44.0,0.075,1.0,35,0.0,0,0.0,,,HPA,node_failure,121
0.0,0.0,0.0,71.79444444444445,47.0,0.075,1.0,47,0.0,0,0.0,,,HPA,node_failure,122
5.0,0.005159330645321258,0.0,76.08333333333333,60.0,0.075,0.946951267159843,37,5.0,0,0.0,,,HPA,node_failure,123
75.0,1.3035208492633843,0.0,75.74027777777778,62.0,0.075,0.04058112623091281,50,70.0,0,0.0,,,HPA,node_failure,124
45.0,0.8865751881073414,0.0,76.96666666666667,59.0,0.075,0.04002396267574048,71,40.0,0,0.0,,,HPA,node_failure,125
0.0,0.0008569062055152621,0.0,74.16805555555555,45.0,0.075,0.9957678706786409,45,0.0,0,0.0,,,HPA,node_failure,126
0.0,0.0,0.0,73.45833333333333,45.0,0.075,1.0,39,0.0,0,0.0,,,HPA,node_failure,127
0.0,0.008910796545202881,0.0,74.67222222222222,57.0,0.075,0.957347405196661,54,0.0,0,0.0,,,HPA,node_failure,128
60.0,1.2169873970390266,0.0,84.90555555555555,69.0,0.075,0.0190075198402581,67,60.0,0,0.0,,,HPA,node_failure,129
45.0,0.49596633299884285,0.0,71.20972222222223,47.0,0.075,0.0429436311596451,36,40.0,0,0.0,,,HPA,node_failure,130
25.0,0.08546234145156983,0.0,77.83611111111111,56.0,0.075,0.8792157702481866,68,20.0,0,0.0,,,HPA,node_failure,131
15.0,0.21456338316377943,0.0,73.75972222222222,46.0,0.075,0.18387218987107498,45,15.0,0,0.0,,,HPA,node_failure,132
0.0,0.0,0.0,73.6763888888889,46.0,0.075,1.0,41,0.0,0,0.0,,,HPA,node_failure,133
0.0,0.0,0.0,73.90972222222223,54.0,0.075,1.0,46,0.0,0,0.0,,,HPA,node_failure,134
0.0,0.002227117867148465,0.0,72.69444444444444,42.0,0.075,0.9888694306471848,24,0.0,0,0.0,,,HPA,node_failure,135
10.0,0.03727232381572909,0.0,70.12361111111112,44.0,0.075,0.7009795457207563,36,5.0,0,0.0,,,HPA,node_failure,136
30.0,0.242141596676948,0.0,77.58194444444445,56.0,0.075,0.4857144880877068,68,30.0,0,0.0,,,HPA,node_failure,137
25.0,0.3682853472103398,0.0,77.99722222222222,66.0,0.075,0.02631060447230772,60,25.0,0,0.0,,,HPA,node_failure,138
0.0,0.0,0.0,73.29444444444445,45.0,0.075,1.0,37,0.0,0,0.0,,,HPA,node_failure,139
5.0,0.01101917465822222,0.0,79.61944444444444,52.0,0.075,0.9413043443347127,143,0.0,0,0.0,,,HPA-fast,node_failure,100
0.0,0.0,0.0,77.58888888888889,58.0,0.075,1.0,185,0.0,0,0.0,,,HPA-fast,node_failure,101
35.0,0.46910604250463006,0.0,81.52222222222223,58.0,0.075,0.024359912761543142,190,35.0,0,0.0,,,HPA-fast,node_failure,102
0.0,0.0,0.0,77.96388888888889,49.0,0.075,1.0,113,0.0,0,0.0,,,HPA-fast,node_failure,103
25.0,0.4974410554211772,0.0,71.65,56.0,0.075,0.03690647390901284,108,25.0,0,0.0,,,HPA-fast,node_failure,104
0.0,0.0,0.0,81.075,59.0,0.075,1.0,136,0.0,0,0.0,,,HPA-fast,node_failure,105
5.0,0.012159633950525883,0.0,78.55416666666666,51.0,0.075,0.9359400893893615,136,0.0,0,0.0,,,HPA-fast,node_failure,106
5.0,0.027682272826989873,0.0,78.52083333333333,58.0,0.075,0.8839544840271437,158,5.0,0,0.0,,,HPA-fast,node_failure,107
30.0,0.460507234907781,0.0,81.49722222222222,58.0,0.075,0.0011836274489194583,163,30.0,0,0.0,,,HPA-fast,node_failure,108
0.0,0.003602235550903554,0.0,77.87916666666666,49.0,0.075,0.9642649813359517,121,0.0,0,0.0,,,HPA-fast,node_failure,109
10.0,0.017033108378516904,0.0,70.45555555555555,50.0,0.075,0.8920296700353603,101,5.0,0,0.0,,,HPA-fast,node_failure,110
40.0,0.6741865842193606,0.0,81.21111111111111,60.0,0.075,0.010957772560388995,156,40.0,0,0.0,,,HPA-fast,node_failure,111
5.0,0.008713416068939495,0.0,79.31527777777778,51.0,0.075,0.9173821390974222,150,5.0,0,0.0,,,HPA-fast,node_failure,112
5.0,0.022210942850775517,0.0,77.54444444444445,59.0,0.075,0.9079898599411792,156,5.0,0,0.0,,,HPA-fast,node_failure,113
0.0,0.0005510161651289813,0.0,82.06527777777778,58.0,0.075,0.9941360926349784,166,0.0,0,0.0,,,HPA-fast,node_failure,114
45.0,0.7107710790211663,0.0,79.21111111111111,54.0,0.075,0.048504788126282145,123,45.0,0,0.0,,,HPA-fast,node_failure,115
0.0,0.0,0.0,70.17777777777778,53.0,0.075,1.0,91,0.0,0,0.0,,,HPA-fast,node_failure,116
0.0,0.0,0.0,80.74305555555556,55.0,0.075,1.0,134,0.0,0,0.0,,,HPA-fast,node_failure,117
0.0,0.005663667804167716,0.0,78.84861111111111,51.0,0.075,0.950744942063456,141,0.0,0,0.0,,,HPA-fast,node_failure,118
0.0,0.0,0.0,77.84722222222223,61.0,0.075,1.0,157,0.0,0,0.0,,,HPA-fast,node_failure,119
5.0,0.008853750566317764,0.0,80.64583333333333,56.0,0.075,0.9141721907887147,159,5.0,0,0.0,,,HPA-fast,node_failure,120
0.0,0.0,0.0,78.33611111111111,49.0,0.075,1.0,113,0.0,0,0.0,,,HPA-fast,node_failure,121
0.0,0.0,0.0,71.2611111111111,52.0,0.075,1.0,91,0.0,0,0.0,,,HPA-fast,node_failure,122
5.0,0.005159330645321258,0.0,80.00555555555556,57.0,0.075,0.946951267159843,129,5.0,0,0.0,,,HPA-fast,node_failure,123
0.0,0.0,0.0,79.73194444444445,53.0,0.075,1.0,147,0.0,0,0.0,,,HPA-fast,node_failure,124
5.0,0.025419270672299987,0.0,78.25416666666666,60.0,0.075,0.8959441619183793,168,5.0,0,0.0,,,HPA-fast,node_failure,125
0.0,0.0,0.0,81.60277777777777,58.0,0.075,1.0,175,0.0,0,0.0,,,HPA-fast,node_failure,126
0.0,0.0,0.0,77.82916666666667,49.0,0.075,1.0,102,0.0,0,0.0,,,HPA-fast,node_failure,127
0.0,0.0,0.0,70.94166666666666,50.0,0.075,1.0,89,0.0,0,0.0,,,HPA-fast,node_failure,128
60.0,1.198426126128671,0.0,85.19166666666666,82.0,0.075,0.015138866257923355,173,60.0,0,0.0,,,HPA-fast,node_failure,129
0.0,0.0,0.0,78.4,51.0,0.075,1.0,143,0.0,0,0.0,,,HPA-fast,node_failure,130
0.0,0.0,0.0,78.04583333333333,59.0,0.075,1.0,156,0.0,0,0.0,,,HPA-fast,node_failure,131
0.0,0.0,0.0,80.4263888888889,58.0,0.075,1.0,145,0.0,0,0.0,,,HPA-fast,node_failure,132
0.0,0.0,0.0,78.44444444444444,49.0,0.075,1.0,118,0.0,0,0.0,,,HPA-fast,node_failure,133
0.0,0.0,0.0,71.24027777777778,50.0,0.075,1.0,93,0.0,0,0.0,,,HPA-fast,node_failure,134
0.0,0.0,0.0,80.54583333333333,59.0,0.075,1.0,130,0.0,0,0.0,,,HPA-fast,node_failure,135
0.0,0.0,0.0,79.38055555555556,52.0,0.075,1.0,148,0.0,0,0.0,,,HPA-fast,node_failure,136
5.0,0.024154913040830284,0.0,76.86944444444444,60.0,0.075,0.8978011057674125,160,5.0,0,0.0,,,HPA-fast,node_failure,137
0.0,0.0,0.0,81.84583333333333,58.0,0.075,1.0,194,0.0,0,0.0,,,HPA-fast,node_failure,138
0.0,0.0,0.0,77.83611111111111,48.0,0.075,1.0,106,0.0,0,0.0,,,HPA-fast,node_failure,139
0.0,0.005945697073661549,0.0,88.95277777777778,56.0,0.075,0.9520012215550521,42,0.0,0,0.0,,,HPA-45,node_failure,100
0.0,0.0,0.0,96.1138888888889,66.0,0.075,1.0,69,0.0,0,0.0,,,HPA-45,node_failure,101
15.0,0.07780366955347784,0.0,93.24583333333334,63.0,0.075,0.637939832888429,53,15.0,0,0.0,,,HPA-45,node_failure,102
0.0,0.0,0.0,89.96527777777777,54.0,0.075,1.0,39,0.0,0,0.0,,,HPA-45,node_failure,103
20.0,0.38418697043918204,0.0,93.12361111111112,69.0,0.075,0.03690647390901284,65,20.0,0,0.0,,,HPA-45,node_failure,104
0.0,0.0,0.0,91.17361111111111,52.0,0.075,1.0,31,0.0,0,0.0,,,HPA-45,node_failure,105
0.0,0.0,0.0,87.6986111111111,57.0,0.075,1.0,35,0.0,0,0.0,,,HPA-45,node_failure,106
0.0,0.0,0.0,94.96944444444445,68.0,0.075,1.0,67,0.0,0,0.0,,,HPA-45,node_failure,107
0.0,0.0011173875374415054,0.0,93.39722222222223,58.0,0.075,0.9929776050182776,51,0.0,0,0.0,,,HPA-45,node_failure,108
0.0,0.0,0.0,93.68194444444444,58.0,0.075,1.0,51,0.0,0,0.0,,,HPA-45,node_failure,109
10.0,0.016512109236299644,0.0,89.78194444444445,58.0,0.075,0.8842737695845378,47,10.0,0,0.0,,,HPA-45,node_failure,110
25.0,0.4368148649475989,0.0,91.44166666666666,54.0,0.075,0.03617716230722314,40,25.0,0,0.0,,,HPA-45,node_failure,111
0.0,0.0,0.0,88.0625,55.0,0.075,1.0,41,0.0,0,0.0,,,HPA-45,node_failure,112
0.0,0.0,0.0,96.26527777777778,69.0,0.075,1.0,72,0.0,0,0.0,,,HPA-45,node_failure,113
0.0,0.0005510161651289813,0.0,94.6,64.0,0.075,0.9941360926349784,65,0.0,0,0.0,,,HPA-45,node_failure,114
5.0,0.011676380148484267,0.0,91.97222222222223,56.0,0.075,0.9166266999176925,50,5.0,0,0.0,,,HPA-45,node_failure,115
0.0,0.0,0.0,90.5375,61.0,0.075,1.0,53,0.0,0,0.0,,,HPA-45,node_failure,116
30.0,0.623567067329045,0.0,94.25277777777778,61.0,0.075,0.00235284578689111,48,30.0,0,0.0,,,HPA-45,node_failure,117
0.0,0.005663667804167716,0.0,87.59722222222223,54.0,0.075,0.950744942063456,37,0.0,0,0.0,,,HPA-45,node_failure,118
0.0,0.0,0.0,97.04583333333333,69.0,0.075,1.0,78,0.0,0,0.0,,,HPA-45,node_failure,119
5.0,0.008609391783975795,0.0,96.44444444444444,62.0,0.075,0.916540992438669,58,5.0,0,0.0,,,HPA-45,node_failure,120
0.0,0.0,0.0,90.025,53.0,0.075,1.0,34,0.0,0,0.0,,,HPA-45,node_failure,121
0.0,0.0,0.0,89.56527777777778,58.0,0.075,1.0,49,0.0,0,0.0,,,HPA-45,node_failure,122
0.0,0.0,0.0,92.20833333333333,54.0,0.075,1.0,39,0.0,0,0.0,,,HPA-45,node_failure,123
0.0,0.0,0.0,88.54722222222222,55.0,0.075,1.0,37,0.0,0,0.0,,,HPA-45,node_failure,124
0.0,0.0,0.0,96.06944444444444,70.0,0.075,1.0,70,0.0,0,0.0,,,HPA-45,node_failure,125
0.0,0.0,0.0,94.04444444444445,58.0,0.075,1.0,61,0.0,0,0.0,,,HPA-45,node_failure,126
0.0,0.0,0.0,91.8125,57.0,0.075,1.0,47,0.0,0,0.0,,,HPA-45,node_failure,127
0.0,0.0,0.0,90.60277777777777,60.0,0.075,1.0,52,0.0,0,0.0,,,HPA-45,node_failure,128
0.0,0.0,0.0,92.55,55.0,0.075,1.0,39,0.0,0,0.0,,,HPA-45,node_failure,129
0.0,0.0,0.0,86.84027777777777,55.0,0.075,1.0,39,0.0,0,0.0,,,HPA-45,node_failure,130
0.0,0.0,0.0,96.54166666666667,69.0,0.075,1.0,73,0.0,0,0.0,,,HPA-45,node_failure,131
0.0,0.0,0.0,91.8125,58.0,0.075,1.0,45,0.0,0,0.0,,,HPA-45,node_failure,132
0.0,0.0,0.0,92.80555555555556,57.0,0.075,1.0,53,0.0,0,0.0,,,HPA-45,node_failure,133
0.0,0.0,0.0,89.8013888888889,58.0,0.075,1.0,45,0.0,0,0.0,,,HPA-45,node_failure,134
0.0,0.0,0.0,91.53194444444445,54.0,0.075,1.0,34,0.0,0,0.0,,,HPA-45,node_failure,135
0.0,0.0,0.0,88.80277777777778,56.0,0.075,1.0,45,0.0,0,0.0,,,HPA-45,node_failure,136
0.0,0.0,0.0,95.54444444444445,69.0,0.075,1.0,71,0.0,0,0.0,,,HPA-45,node_failure,137
0.0,0.0,0.0,92.65416666666667,61.0,0.075,1.0,54,0.0,0,0.0,,,HPA-45,node_failure,138
0.0,0.0,0.0,91.9375,58.0,0.075,1.0,42,0.0,0,0.0,,,HPA-45,node_failure,139
0.0,0.0,0.0,123.49027777777778,85.0,0.075,1.0,103,0.0,0,0.0,,,PredHPA,node_failure,100
0.0,0.0,0.0,131.59722222222223,104.0,0.075,1.0,143,0.0,0,0.0,,,PredHPA,node_failure,101
0.0,0.0,0.0,129.55416666666667,85.0,0.075,1.0,95,0.0,0,0.0,,,PredHPA,node_failure,102
0.0,0.0,0.0,111.8013888888889,67.0,0.075,1.0,76,0.0,0,0.0,,,PredHPA,node_failure,103
0.0,0.0,0.0,105.68888888888888,86.0,0.075,1.0,83,0.0,0,0.0,,,PredHPA,node_failure,104
0.0,0.0,0.0,122.23472222222222,95.0,0.075,1.0,73,0.0,0,0.0,,,PredHPA,node_failure,105
0.0,0.0,0.0,121.86111111111111,82.0,0.075,1.0,100,0.0,0,0.0,,,PredHPA,node_failure,106
0.0,0.0,0.0,127.31944444444444,103.0,0.075,1.0,130,0.0,0,0.0,,,PredHPA,node_failure,107
0.0,0.0,0.0,128.79305555555555,84.0,0.075,1.0,96,0.0,0,0.0,,,PredHPA,node_failure,108
0.0,0.0,0.0,112.49166666666666,71.0,0.075,1.0,67,0.0,0,0.0,,,PredHPA,node_failure,109
0.0,0.0,0.0,106.23194444444445,88.0,0.075,1.0,82,0.0,0,0.0,,,PredHPA,node_failure,110
0.0,0.0,0.0,122.04583333333333,93.0,0.075,1.0,63,0.0,0,0.0,,,PredHPA,node_failure,111
0.0,0.0,0.0,123.52777777777777,88.0,0.075,1.0,111,0.0,0,0.0,,,PredHPA,node_failure,112
0.0,0.0,0.0,132.7375,110.0,0.075,1.0,140,0.0,0,0.0,,,PredHPA,node_failure,113
0.0,0.0,0.0,129.15277777777777,83.0,0.075,1.0,92,0.0,0,0.0,,,PredHPA,node_failure,114
0.0,0.0,0.0,111.82638888888889,70.0,0.075,1.0,76,0.0,0,0.0,,,PredHPA,node_failure,115
0.0,0.0,0.0,107.36666666666666,89.0,0.075,1.0,83,0.0,0,0.0,,,PredHPA,node_failure,116
0.0,0.0,0.0,122.15972222222223,94.0,0.075,1.0,67,0.0,0,0.0,,,PredHPA,node_failure,117
0.0,0.0,0.0,121.5625,82.0,0.075,1.0,99,0.0,0,0.0,,,PredHPA,node_failure,118
0.0,0.0,0.0,130.9597222222222,112.0,0.075,1.0,134,0.0,0,0.0,,,PredHPA,node_failure,119
0.0,0.0,0.0,127.36527777777778,84.0,0.075,1.0,91,0.0,0,0.0,,,PredHPA,node_failure,120
0.0,0.0,0.0,113.48333333333333,69.0,0.075,1.0,81,0.0,0,0.0,,,PredHPA,node_failure,121
0.0,0.0,0.0,106.025,87.0,0.075,1.0,84,0.0,0,0.0,,,PredHPA,node_failure,122
0.0,0.0,0.0,121.63055555555556,93.0,0.075,1.0,64,0.0,0,0.0,,,PredHPA,node_failure,123
0.0,0.0,0.0,123.5111111111111,88.0,0.075,1.0,91,0.0,0,0.0,,,PredHPA,node_failure,124
0.0,0.0,0.0,133.93055555555554,113.0,0.075,1.0,147,0.0,0,0.0,,,PredHPA,node_failure,125
0.0,0.0,0.0,129.46805555555557,81.0,0.075,1.0,95,0.0,0,0.0,,,PredHPA,node_failure,126
0.0,0.0,0.0,112.78611111111111,71.0,0.075,1.0,75,0.0,0,0.0,,,PredHPA,node_failure,127
0.0,0.0,0.0,106.11111111111111,84.0,0.075,1.0,86,0.0,0,0.0,,,PredHPA,node_failure,128
0.0,0.0,0.0,122.91805555555555,98.0,0.075,1.0,70,0.0,0,0.0,,,PredHPA,node_failure,129
0.0,0.0,0.0,124.075,84.0,0.075,1.0,107,0.0,0,0.0,,,PredHPA,node_failure,130
0.0,0.0,0.0,130.75416666666666,111.0,0.075,1.0,131,0.0,0,0.0,,,PredHPA,node_failure,131
0.0,0.0,0.0,128.175,82.0,0.075,1.0,99,0.0,0,0.0,,,PredHPA,node_failure,132
0.0,0.0,0.0,113.49583333333334,72.0,0.075,1.0,80,0.0,0,0.0,,,PredHPA,node_failure,133
0.0,0.0,0.0,106.39722222222223,90.0,0.075,1.0,88,0.0,0,0.0,,,PredHPA,node_failure,134
0.0,0.0,0.0,122.95416666666667,97.0,0.075,1.0,65,0.0,0,0.0,,,PredHPA,node_failure,135
0.0,0.0,0.0,121.86944444444444,83.0,0.075,1.0,109,0.0,0,0.0,,,PredHPA,node_failure,136
0.0,0.0,0.0,128.48472222222222,112.0,0.075,1.0,126,0.0,0,0.0,,,PredHPA,node_failure,137
0.0,0.0,0.0,129.08055555555555,84.0,0.075,1.0,96,0.0,0,0.0,,,PredHPA,node_failure,138
0.0,0.0,0.0,114.1361111111111,71.0,0.075,1.0,80,0.0,0,0.0,,,PredHPA,node_failure,139
5.0,0.03554441413842202,0.0,71.8236111111111,46.0,0.075,0.8817670589192735,49,0.0,0,0.0,,,HPA+RL,node_failure,100
35.0,0.3456288461880064,0.021155397613610866,78.89583333333333,52.0,0.075,0.03872901068393177,79,25.0,0,0.0,,,HPA+RL,node_failure,101
40.0,0.4775488419629492,0.005394339376989557,78.89166666666667,64.0,0.075,0.024359912761543142,61,40.0,0,0.0,,,HPA+RL,node_failure,102
0.0,0.0,0.0,73.07083333333334,42.0,0.075,1.0,33,0.0,0,0.0,,,HPA+RL,node_failure,103
70.0,1.4233870646509161,0.0,81.9875,85.0,0.075,0.010838333466265284,71,70.0,0,0.0,,,HPA+RL,node_failure,104
5.0,0.023342201576204147,0.023342201576223826,73.5625,44.0,0.075,0.9378075011851758,33,0.0,0,0.0,,,HPA+RL,node_failure,105
60.0,0.7119426994803058,0.0,71.94444444444444,47.0,0.075,0.04061174958959183,34,45.0,0,0.0,,,HPA+RL,node_failure,106
10.0,0.052290264543986,0.018529909755092954,76.48611111111111,53.0,0.075,0.858474850840828,68,10.0,0,0.0,,,HPA+RL,node_failure,107
40.0,0.5741985382712644,0.01290129619882361,76.80694444444444,50.0,0.075,0.0002700446370443679,47,40.0,0,0.0,,,HPA+RL,node_failure,108
0.0,0.003602235550903554,0.0,75.96527777777777,60.0,0.075,0.9642649813359517,49,0.0,0,0.0,,,HPA+RL,node_failure,109
10.0,0.016512109236299644,0.0,71.81111111111112,49.0,0.075,0.8842737695845378,49,10.0,0,0.0,,,HPA+RL,node_failure,110
75.0,1.2917825191541388,0.00025463697553308225,86.22222222222223,74.0,0.075,0.007440130893704321,59,75.0,0,0.0,,,HPA+RL,node_failure,111
55.0,0.5564821354953398,0.0015953964466332172,74.19305555555556,54.0,0.075,0.02336625852549997,49,50.0,0,0.0,,,HPA+RL,node_failure,112
50.0,1.248667534062009,0.025878122396469985,79.7625,69.0,0.075,0.01709946775446823,79,50.0,0,0.0,,,HPA+RL,node_failure,113
5.0,0.016362880629738896,0.014034172963267111,74.34027777777777,46.0,0.075,0.9207152752963148,44,0.0,0,0.0,,,HPA+RL,node_failure,114
30.0,0.3406130820862163,0.0,75.47916666666667,49.0,0.075,0.061128521011971595,47,30.0,0,0.0,,,HPA+RL,node_failure,115
0.0,0.0,0.0,71.94444444444444,48.0,0.075,1.0,50,0.0,0,0.0,,,HPA+RL,node_failure,116
40.0,0.8001398361195955,0.004556106089288663,76.76388888888889,55.0,0.075,0.002280385988520143,39,40.0,0,0.0,,,HPA+RL,node_failure,117
50.0,0.6286224375586902,0.0,73.49583333333334,51.0,0.075,0.008770874132566954,45,45.0,0,0.0,,,HPA+RL,node_failure,118
55.0,0.7682562297697482,0.026727549206981865,77.33055555555555,55.0,0.075,0.05043931415384035,77,45.0,0,0.0,,,HPA+RL,node_failure,119
15.0,0.03662025142274761,0.014247587740078196,75.37083333333334,46.0,0.075,0.9032696210608032,44,5.0,0,0.0,,,HPA+RL,node_failure,120
0.0,0.0,0.0,73.14861111111111,44.0,0.075,1.0,35,0.0,0,0.0,,,HPA+RL,node_failure,121
0.0,0.0,0.0,71.79444444444445,47.0,0.075,1.0,47,0.0,0,0.0,,,HPA+RL,node_failure,122
5.0,0.005159330645321258,0.0,76.08333333333333,60.0,0.075,0.946951267159843,37,5.0,0,0.0,,,HPA+RL,node_failure,123
75.0,1.3070420038203912,0.0035211545570166926,75.74027777777778,62.0,0.075,0.04058112623091281,50,70.0,0,0.0,,,HPA+RL,node_failure,124
15.0,0.09967542405097118,0.03878076701554944,75.93888888888888,54.0,0.075,0.8094899760808228,67,10.0,0,0.0,,,HPA+RL,node_failure,125
5.0,0.010888947769704949,0.010032041564202456,74.16805555555555,45.0,0.075,0.9444904293217347,45,0.0,0,0.0,,,HPA+RL,node_failure,126
0.0,0.0032453389704256708,0.0032453389704242734,73.45833333333333,45.0,0.075,0.9779233360400967,39,0.0,0,0.0,,,HPA+RL,node_failure,127
0.0,0.008910796545202881,0.0,74.67222222222222,57.0,0.075,0.957347405196661,54,0.0,0,0.0,,,HPA+RL,node_failure,128
65.0,1.2268686219928604,0.009881224953829567,84.90555555555555,69.0,0.075,0.0190075198402581,67,60.0,0,0.0,,,HPA+RL,node_failure,129
45.0,0.49596633299884285,0.0,71.20972222222223,47.0,0.075,0.0429436311596451,36,40.0,0,0.0,,,HPA+RL,node_failure,130
20.0,0.06776223906331813,0.028121986605665065,77.75416666666666,55.0,0.075,0.8792157702481866,71,10.0,0,0.0,,,HPA+RL,node_failure,131
15.0,0.2227735405953335,0.008210157431557834,73.34305555555555,46.0,0.075,0.18387218987107498,45,15.0,0,0.0,,,HPA+RL,node_failure,132
0.0,0.0,0.0,73.6763888888889,46.0,0.075,1.0,41,0.0,0,0.0,,,HPA+RL,node_failure,133
0.0,0.0,0.0,73.90972222222223,54.0,0.075,1.0,46,0.0,0,0.0,,,HPA+RL,node_failure,134
5.0,0.016177525210481214,0.016177525210476742,72.69444444444444,42.0,0.075,0.9099841856825945,24,0.0,0,0.0,,,HPA+RL,node_failure,135
10.0,0.03727232381572909,0.0,70.12361111111112,44.0,0.075,0.7009795457207563,36,5.0,0,0.0,,,HPA+RL,node_failure,136
10.0,0.05622645672493931,0.02446864052805993,76.83611111111111,53.0,0.075,0.8617667927714766,65,10.0,0,0.0,,,HPA+RL,node_failure,137
25.0,0.3746432401161681,0.00635789290581962,77.99722222222222,66.0,0.075,0.02631060447230772,60,25.0,0,0.0,,,HPA+RL,node_failure,138
0.0,0.0,0.0,73.29444444444445,45.0,0.075,1.0,37,0.0,0,0.0,,,HPA+RL,node_failure,139
40.0,0.48729496431315633,0.0,108.99166666666666,97.0,0.075,0.0566496306081476,758,0.0,11,0.0,,,ARC,node_failure,100
0.0,0.0,0.0,103.19166666666666,111.0,0.075,1.0,834,0.0,11,0.0,,,ARC,node_failure,101
0.0,0.0,0.0,108.02638888888889,93.0,0.075,1.0,880,0.0,11,0.0,,,ARC,node_failure,102
0.0,0.0,0.0,102.1763888888889,72.0,0.075,1.0,810,0.0,11,0.0,,,ARC,node_failure,103
15.0,0.3049247706973235,0.0,89.84583333333333,93.0,0.075,0.04725121554729449,593,15.0,11,0.0,,,ARC,node_failure,104
0.0,0.0,0.0,106.35277777777777,103.0,0.075,1.0,801,0.0,11,0.0,,,ARC,node_failure,105
45.0,0.6017281110875627,0.0,99.28333333333333,85.0,0.075,0.022836694456600633,748,0.0,11,0.0,,,ARC,node_failure,106
0.0,0.0,0.0,106.93055555555556,118.0,0.075,1.0,918,0.0,10,0.0,,,ARC,node_failure,107
0.0,0.0,0.0,103.02916666666667,89.0,0.075,1.0,826,0.0,11,0.0,,,ARC,node_failure,108
10.0,0.019022590333617195,0.0,101.83194444444445,83.0,0.075,0.9000000007548636,788,10.0,11,10.0,,,ARC,node_failure,109
10.0,0.016512109236299644,0.0,90.775,94.0,0.075,0.8842737695845378,572,10.0,11,0.0,,,ARC,node_failure,110
15.0,0.31624211619889486,0.0,104.39861111111111,98.0,0.075,0.04421889936350799,743,15.0,11,0.0,,,ARC,node_failure,111
55.0,0.769383798405987,0.0,96.8,90.0,0.075,0.0446729690761761,753,5.0,11,0.0,,,ARC,node_failure,112
0.0,0.0,0.0,109.49166666666666,120.0,0.075,1.0,855,0.0,11,0.0,,,ARC,node_failure,113
0.0,0.0005510161651289813,0.0,112.74166666666666,93.0,0.075,0.9941360926349784,919,0.0,11,0.0,,,ARC,node_failure,114
5.0,0.011676380148484267,0.0,99.69027777777778,71.0,0.075,0.9166266999176925,777,5.0,11,5.0,,,ARC,node_failure,115
0.0,0.0,0.0,92.65694444444445,97.0,0.075,1.0,599,0.0,11,0.0,,,ARC,node_failure,116
0.0,0.0,0.0,108.52916666666667,102.0,0.075,1.0,760,0.0,11,0.0,,,ARC,node_failure,117
15.0,0.09213071540782325,0.0,106.88194444444444,92.0,0.075,0.5880344033367602,767,15.0,11,0.0,,,ARC,node_failure,118
0.0,0.0,0.0,103.16666666666667,119.0,0.075,1.0,848,0.0,11,0.0,,,ARC,node_failure,119
0.0,0.0,0.0,104.45833333333333,88.0,0.075,1.0,872,0.0,11,0.0,,,ARC,node_failure,120
5.0,0.05107639951459353,0.0,104.15138888888889,75.0,0.075,0.5171353346292884,808,5.0,11,0.0,,,ARC,node_failure,121
35.0,0.18446921921762005,0.0,92.56805555555556,97.0,0.075,0.12192184648325821,595,35.0,11,35.0,,,ARC,node_failure,122
5.0,0.04924712761930072,0.0,101.06388888888888,87.0,0.075,0.7753733796544495,788,0.0,11,0.0,,,ARC,node_failure,123
55.0,0.7292316570749136,0.0,111.19027777777778,106.0,0.075,0.06068181282056699,804,15.0,11,0.0,,,ARC,node_failure,124
0.0,0.0,0.0,106.46666666666667,120.0,0.075,1.0,875,0.0,11,0.0,,,ARC,node_failure,125
0.0,0.0,0.0,102.82916666666667,88.0,0.075,1.0,855,0.0,11,0.0,,,ARC,node_failure,126
0.0,0.0,0.0,113.04166666666667,83.0,0.075,1.0,852,0.0,11,0.0,,,ARC,node_failure,127
0.0,0.0,0.0,93.25138888888888,96.0,0.075,1.0,567,0.0,11,0.0,,,ARC,node_failure,128
0.0,0.0,0.0,116.19722222222222,117.0,0.075,1.0,780,0.0,11,0.0,,,ARC,node_failure,129
25.0,0.11615466858708734,0.0,105.38194444444444,92.0,0.075,0.4950957005352999,738,10.0,11,0.0,,,ARC,node_failure,130
0.0,0.0,0.0,106.06666666666666,120.0,0.075,1.0,819,0.0,11,0.0,,,ARC,node_failure,131
0.0,0.0,0.0,103.49583333333334,83.0,0.075,1.0,886,0.0,11,0.0,,,ARC,node_failure,132
0.0,0.0,0.0,100.41944444444445,72.0,0.075,1.0,810,0.0,11,0.0,,,ARC,node_failure,133
0.0,0.0,0.0,90.07083333333334,99.0,0.075,1.0,576,0.0,11,0.0,,,ARC,node_failure,134
5.0,0.021110739233043407,0.0,102.88472222222222,101.0,0.075,0.9037435134337805,819,0.0,11,0.0,,,ARC,node_failure,135
45.0,0.409191378493845,0.0,111.17083333333333,99.0,0.075,0.05776066781742797,826,0.0,10,0.0,,,ARC,node_failure,136
0.0,0.0,0.0,103.45694444444445,120.0,0.075,1.0,868,0.0,10,0.0,,,ARC,node_failure,137
0.0,0.0,0.0,105.96111111111111,90.0,0.075,1.0,870,0.0,11,0.0,,,ARC,node_failure,138
0.0,0.0,0.0,101.9,72.0,0.075,1.0,806,0.0,11,0.0,,,ARC,node_failure,139
30.0,0.408127613864262,0.0,109.62361111111112,95.0,0.075,0.03427307872189405,741,0.0,11,0.0,,,ARC-noGraph,node_failure,100
0.0,0.0,0.0,102.99722222222222,111.0,0.075,1.0,851,0.0,11,0.0,,,ARC-noGraph,node_failure,101
0.0,0.0,0.0,107.9625,92.0,0.075,1.0,858,0.0,11,0.0,,,ARC-noGraph,node_failure,102
0.0,0.0,0.0,102.25416666666666,72.0,0.075,1.0,782,0.0,11,0.0,,,ARC-noGraph,node_failure,103
15.0,0.3049247706973235,0.0,90.10416666666667,92.0,0.075,0.04725121554729449,586,15.0,11,0.0,,,ARC-noGraph,node_failure,104
0.0,0.0,0.0,106.20555555555555,106.0,0.075,1.0,802,0.0,11,0.0,,,ARC-noGraph,node_failure,105
50.0,0.6641411250224438,0.0,99.5125,87.0,0.075,0.035556078846592176,756,0.0,11,0.0,,,ARC-noGraph,node_failure,106
0.0,0.0,0.0,106.96388888888889,117.0,0.075,1.0,932,0.0,11,0.0,,,ARC-noGraph,node_failure,107
0.0,0.0,0.0,102.98333333333333,87.0,0.075,1.0,828,0.0,11,0.0,,,ARC-noGraph,node_failure,108
5.0,0.010080407435675287,0.0,102.13055555555556,85.0,0.075,0.9000000020088854,790,5.0,11,5.0,,,ARC-noGraph,node_failure,109
15.0,0.03626859881231681,0.0,90.79444444444445,95.0,0.075,0.7716193916742766,565,15.0,11,0.0,,,ARC-noGraph,node_failure,110
15.0,0.31624211619889486,0.0,104.675,101.0,0.075,0.04421889936350799,745,15.0,11,0.0,,,ARC-noGraph,node_failure,111
55.0,0.7775657003548098,0.0,96.89305555555555,90.0,0.075,0.0446729690761761,736,5.0,11,0.0,,,ARC-noGraph,node_failure,112
0.0,0.0,0.0,109.36111111111111,120.0,0.075,1.0,859,0.0,11,0.0,,,ARC-noGraph,node_failure,113
0.0,0.0005510161651289813,0.0,112.71666666666667,94.0,0.075,0.9941360926349784,920,0.0,11,0.0,,,ARC-noGraph,node_failure,114
15.0,0.1349548099723208,0.0,101.13472222222222,86.0,0.075,0.09552052739440567,795,15.0,11,15.0,,,ARC-noGraph,node_failure,115
0.0,0.0,0.0,92.33472222222223,98.0,0.075,1.0,582,0.0,11,0.0,,,ARC-noGraph,node_failure,116
0.0,0.0,0.0,108.79305555555555,103.0,0.075,1.0,751,0.0,11,0.0,,,ARC-noGraph,node_failure,117
15.0,0.04329306182868642,0.0,107.14027777777778,92.0,0.075,0.8776931064352617,778,15.0,11,0.0,,,ARC-noGraph,node_failure,118
0.0,0.0,0.0,103.04305555555555,117.0,0.075,1.0,851,0.0,11,0.0,,,ARC-noGraph,node_failure,119
0.0,0.0,0.0,104.86666666666666,88.0,0.075,1.0,879,0.0,11,0.0,,,ARC-noGraph,node_failure,120
0.0,0.0,0.0,102.31666666666666,72.0,0.075,1.0,809,0.0,11,0.0,,,ARC-noGraph,node_failure,121
0.0,0.0,0.0,91.43055555555556,98.0,0.075,1.0,566,0.0,11,0.0,,,ARC-noGraph,node_failure,122
5.0,0.04924712761930072,0.0,101.61944444444444,97.0,0.075,0.7753733796544495,781,0.0,11,0.0,,,ARC-noGraph,node_failure,123
50.0,0.7444667398166405,0.0,111.96944444444445,104.0,0.075,0.05722047399333131,814,15.0,11,0.0,,,ARC-noGraph,node_failure,124
0.0,0.0,0.0,105.81666666666666,120.0,0.075,1.0,891,0.0,11,0.0,,,ARC-noGraph,node_failure,125
0.0,0.0,0.0,102.40138888888889,84.0,0.075,1.0,831,0.0,11,0.0,,,ARC-noGraph,node_failure,126
0.0,0.0,0.0,113.06944444444444,84.0,0.075,1.0,823,0.0,11,0.0,,,ARC-noGraph,node_failure,127
0.0,0.0,0.0,93.02222222222223,95.0,0.075,1.0,557,0.0,11,0.0,,,ARC-noGraph,node_failure,128
0.0,0.0,0.0,116.25972222222222,118.0,0.075,1.0,801,0.0,11,0.0,,,ARC-noGraph,node_failure,129
15.0,0.10754880630737818,0.0,107.11111111111111,93.0,0.075,0.32629179967108446,769,10.0,11,0.0,,,ARC-noGraph,node_failure,130
0.0,0.0,0.0,106.3875,119.0,0.075,1.0,830,0.0,11,0.0,,,ARC-noGraph,node_failure,131
0.0,0.0,0.0,103.2611111111111,84.0,0.075,1.0,886,0.0,11,0.0,,,ARC-noGraph,node_failure,132
0.0,0.0,0.0,100.71944444444445,75.0,0.075,1.0,814,0.0,11,0.0,,,ARC-noGraph,node_failure,133
0.0,0.0,0.0,89.74444444444444,98.0,0.075,1.0,577,0.0,11,0.0,,,ARC-noGraph,node_failure,134
5.0,0.021110739233043407,0.0,103.07083333333334,103.0,0.075,0.9037435134337805,815,0.0,11,0.0,,,ARC-noGraph,node_failure,135
20.0,0.126974416317438,0.0,110.18888888888888,92.0,0.075,0.41610160919553985,816,0.0,10,0.0,,,ARC-noGraph,node_failure,136
0.0,0.0,0.0,101.6875,117.0,0.075,1.0,847,0.0,10,0.0,,,ARC-noGraph,node_failure,137
0.0,0.0,0.0,106.02916666666667,88.0,0.075,1.0,890,0.0,11,0.0,,,ARC-noGraph,node_failure,138
0.0,0.0,0.0,101.92916666666666,72.0,0.075,1.0,823,0.0,11,0.0,,,ARC-noGraph,node_failure,139
45.0,0.732002914003338,0.0,107.98611111111111,96.0,0.075,0.0566496306081476,748,0.0,0,0.0,,,ARC-noChaos,node_failure,100
0.0,0.0,0.0,101.29305555555555,111.0,0.075,1.0,847,0.0,0,0.0,,,ARC-noChaos,node_failure,101
0.0,0.0,0.0,107.29444444444445,95.0,0.075,1.0,868,0.0,0,0.0,,,ARC-noChaos,node_failure,102
0.0,0.0,0.0,103.01805555555555,76.0,0.075,1.0,800,0.0,0,0.0,,,ARC-noChaos,node_failure,103
20.0,0.40966340372711185,0.0,89.98055555555555,91.0,0.075,0.04725121554729449,559,20.0,0,0.0,,,ARC-noChaos,node_failure,104
0.0,0.0,0.0,104.44166666666666,102.0,0.075,1.0,802,0.0,0,0.0,,,ARC-noChaos,node_failure,105
40.0,0.6047115314577467,0.0,97.02083333333333,83.0,0.075,0.06767938957756675,764,0.0,0,0.0,,,ARC-noChaos,node_failure,106
0.0,0.0,0.0,105.3625,117.0,0.075,1.0,909,0.0,0,0.0,,,ARC-noChaos,node_failure,107
0.0,0.0,0.0,102.65416666666667,87.0,0.075,1.0,853,0.0,0,0.0,,,ARC-noChaos,node_failure,108
0.0,0.0,0.0,102.04444444444445,73.0,0.075,1.0,784,0.0,0,0.0,,,ARC-noChaos,node_failure,109
10.0,0.016512109236299644,0.0,91.65416666666667,95.0,0.075,0.8842737695845378,575,10.0,0,0.0,,,ARC-noChaos,node_failure,110
10.0,0.2278607894862783,0.0,101.84722222222223,99.0,0.075,0.04421889936350799,725,10.0,0,0.0,,,ARC-noChaos,node_failure,111
50.0,0.6997765789755084,0.0,96.20138888888889,86.0,0.075,0.0446729690761761,735,5.0,0,0.0,,,ARC-noChaos,node_failure,112
0.0,0.0,0.0,109.28472222222223,120.0,0.075,1.0,858,0.0,0,0.0,,,ARC-noChaos,node_failure,113
0.0,0.0005510161651289813,0.0,114.45833333333333,95.0,0.075,0.9941360926349784,925,0.0,0,0.0,,,ARC-noChaos,node_failure,114
5.0,0.011676380148484267,0.0,100.60138888888889,72.0,0.075,0.9166266999176925,789,5.0,0,0.0,,,ARC-noChaos,node_failure,115
0.0,0.0,0.0,93.72638888888889,98.0,0.075,1.0,580,0.0,0,0.0,,,ARC-noChaos,node_failure,116
0.0,0.0,0.0,105.37361111111112,98.0,0.075,1.0,730,0.0,0,0.0,,,ARC-noChaos,node_failure,117
10.0,0.0711037569302797,0.0,107.66527777777777,91.0,0.075,0.5880344033367602,792,0.0,0,0.0,,,ARC-noChaos,node_failure,118
0.0,0.0,0.0,102.90972222222223,118.0,0.075,1.0,827,0.0,0,0.0,,,ARC-noChaos,node_failure,119
0.0,0.0,0.0,103.45972222222223,87.0,0.075,1.0,853,0.0,0,0.0,,,ARC-noChaos,node_failure,120
0.0,0.0,0.0,103.46527777777777,74.0,0.075,1.0,804,0.0,0,0.0,,,ARC-noChaos,node_failure,121
0.0,0.0,0.0,92.34722222222223,99.0,0.075,1.0,562,0.0,0,0.0,,,ARC-noChaos,node_failure,122
5.0,0.051205684078403646,0.0,99.01805555555555,88.0,0.075,0.7753733796544495,778,0.0,0,0.0,,,ARC-noChaos,node_failure,123
50.0,0.694313436116234,0.0,110.27083333333333,99.0,0.075,0.057268867694455786,781,20.0,0,0.0,,,ARC-noChaos,node_failure,124
0.0,0.0,0.0,104.77638888888889,120.0,0.075,1.0,880,0.0,0,0.0,,,ARC-noChaos,node_failure,125
0.0,0.0,0.0,102.05972222222222,86.0,0.075,1.0,835,0.0,0,0.0,,,ARC-noChaos,node_failure,126
0.0,0.0,0.0,114.15277777777777,88.0,0.075,1.0,836,0.0,0,0.0,,,ARC-noChaos,node_failure,127
0.0,0.0,0.0,94.21666666666667,97.0,0.075,1.0,574,0.0,0,0.0,,,ARC-noChaos,node_failure,128
0.0,0.0,0.0,113.89861111111111,117.0,0.075,1.0,785,0.0,0,0.0,,,ARC-noChaos,node_failure,129
30.0,0.17254346748349914,0.0,105.41527777777777,92.0,0.075,0.483644912119944,757,15.0,0,0.0,,,ARC-noChaos,node_failure,130
0.0,0.0,0.0,105.62222222222222,118.0,0.075,1.0,818,0.0,0,0.0,,,ARC-noChaos,node_failure,131
0.0,0.0,0.0,102.55416666666666,83.0,0.075,1.0,865,0.0,0,0.0,,,ARC-noChaos,node_failure,132
0.0,0.0,0.0,101.38194444444444,76.0,0.075,1.0,804,0.0,0,0.0,,,ARC-noChaos,node_failure,133
0.0,0.0,0.0,90.49027777777778,96.0,0.075,1.0,567,0.0,0,0.0,,,ARC-noChaos,node_failure,134
10.0,0.0853855504187595,0.0,100.9125,90.0,0.075,0.6580672665862659,822,0.0,0,0.0,,,ARC-noChaos,node_failure,135
45.0,0.7484982396306572,0.0,108.95694444444445,94.0,0.075,0.05849947451343125,792,0.0,0,0.0,,,ARC-noChaos,node_failure,136
0.0,0.0,0.0,100.69027777777778,115.0,0.075,1.0,848,0.0,0,0.0,,,ARC-noChaos,node_failure,137
0.0,0.0,0.0,105.06388888888888,89.0,0.075,1.0,856,0.0,0,0.0,,,ARC-noChaos,node_failure,138
0.0,0.0,0.0,102.81805555555556,73.0,0.075,1.0,813,0.0,0,0.0,,,ARC-noChaos,node_failure,139
40.0,0.48729496431315633,0.0,108.99166666666666,97.0,0.075,0.0566496306081476,758,0.0,11,0.0,,,ARC-noSec,node_failure,100
0.0,0.0,0.0,103.19166666666666,111.0,0.075,1.0,834,0.0,11,0.0,,,ARC-noSec,node_failure,101
0.0,0.0,0.0,108.02638888888889,93.0,0.075,1.0,880,0.0,11,0.0,,,ARC-noSec,node_failure,102
0.0,0.0,0.0,102.1763888888889,72.0,0.075,1.0,810,0.0,11,0.0,,,ARC-noSec,node_failure,103
15.0,0.3049247706973235,0.0,89.84583333333333,93.0,0.075,0.04725121554729449,593,15.0,11,0.0,,,ARC-noSec,node_failure,104
0.0,0.0,0.0,106.35277777777777,103.0,0.075,1.0,801,0.0,11,0.0,,,ARC-noSec,node_failure,105
45.0,0.6017281110875627,0.0,99.28333333333333,85.0,0.075,0.022836694456600633,748,0.0,11,0.0,,,ARC-noSec,node_failure,106
0.0,0.0,0.0,106.93055555555556,118.0,0.075,1.0,918,0.0,10,0.0,,,ARC-noSec,node_failure,107
0.0,0.0,0.0,103.02916666666667,89.0,0.075,1.0,825,0.0,11,0.0,,,ARC-noSec,node_failure,108
10.0,0.019022590333617195,0.0,100.79027777777777,72.0,0.075,0.9000000007548636,779,10.0,11,10.0,,,ARC-noSec,node_failure,109
10.0,0.016512109236299644,0.0,90.775,94.0,0.075,0.8842737695845378,572,10.0,11,0.0,,,ARC-noSec,node_failure,110
15.0,0.31624211619889486,0.0,104.19305555555556,98.0,0.075,0.04421889936350799,744,15.0,11,0.0,,,ARC-noSec,node_failure,111
55.0,0.769383798405987,0.0,96.8,90.0,0.075,0.0446729690761761,753,5.0,11,0.0,,,ARC-noSec,node_failure,112
0.0,0.0,0.0,109.49166666666666,120.0,0.075,1.0,855,0.0,11,0.0,,,ARC-noSec,node_failure,113
0.0,0.0005510161651289813,0.0,112.74166666666666,93.0,0.075,0.9941360926349784,919,0.0,11,0.0,,,ARC-noSec,node_failure,114
5.0,0.011676380148484267,0.0,99.69027777777778,71.0,0.075,0.9166266999176925,777,5.0,11,5.0,,,ARC-noSec,node_failure,115
0.0,0.0,0.0,92.65694444444445,97.0,0.075,1.0,599,0.0,11,0.0,,,ARC-noSec,node_failure,116
0.0,0.0,0.0,108.52916666666667,102.0,0.075,1.0,760,0.0,11,0.0,,,ARC-noSec,node_failure,117
15.0,0.09213071540782325,0.0,106.88194444444444,92.0,0.075,0.5880344033367602,767,15.0,11,0.0,,,ARC-noSec,node_failure,118
0.0,0.0,0.0,103.16666666666667,119.0,0.075,1.0,848,0.0,11,0.0,,,ARC-noSec,node_failure,119
0.0,0.0,0.0,104.45833333333333,88.0,0.075,1.0,872,0.0,11,0.0,,,ARC-noSec,node_failure,120
5.0,0.05107639951459353,0.0,104.15138888888889,75.0,0.075,0.5171353346292884,808,5.0,11,0.0,,,ARC-noSec,node_failure,121
35.0,0.18446921921762005,0.0,91.5625,101.0,0.075,0.12192184648325821,575,35.0,11,35.0,,,ARC-noSec,node_failure,122
5.0,0.04924712761930072,0.0,101.06388888888888,87.0,0.075,0.7753733796544495,788,0.0,11,0.0,,,ARC-noSec,node_failure,123
55.0,0.7292316570749136,0.0,110.98472222222222,103.0,0.075,0.06068181282056699,802,15.0,10,0.0,,,ARC-noSec,node_failure,124
0.0,0.0,0.0,106.46666666666667,120.0,0.075,1.0,874,0.0,11,0.0,,,ARC-noSec,node_failure,125
0.0,0.0,0.0,102.82916666666667,88.0,0.075,1.0,855,0.0,11,0.0,,,ARC-noSec,node_failure,126
0.0,0.0,0.0,113.04166666666667,83.0,0.075,1.0,852,0.0,11,0.0,,,ARC-noSec,node_failure,127
0.0,0.0,0.0,93.25138888888888,96.0,0.075,1.0,567,0.0,11,0.0,,,ARC-noSec,node_failure,128
0.0,0.0,0.0,116.19722222222222,117.0,0.075,1.0,780,0.0,11,0.0,,,ARC-noSec,node_failure,129
25.0,0.11615466858708734,0.0,105.38194444444444,92.0,0.075,0.4950957005352999,738,10.0,11,0.0,,,ARC-noSec,node_failure,130
0.0,0.0,0.0,106.06666666666666,120.0,0.075,1.0,819,0.0,11,0.0,,,ARC-noSec,node_failure,131
0.0,0.0,0.0,103.49583333333334,83.0,0.075,1.0,886,0.0,11,0.0,,,ARC-noSec,node_failure,132
0.0,0.0,0.0,100.41944444444445,72.0,0.075,1.0,810,0.0,11,0.0,,,ARC-noSec,node_failure,133
0.0,0.0,0.0,90.07083333333334,99.0,0.075,1.0,576,0.0,11,0.0,,,ARC-noSec,node_failure,134
5.0,0.021110739233043407,0.0,102.88472222222222,101.0,0.075,0.9037435134337805,819,0.0,11,0.0,,,ARC-noSec,node_failure,135
45.0,0.409191378493845,0.0,111.17083333333333,99.0,0.075,0.05776066781742797,826,0.0,10,0.0,,,ARC-noSec,node_failure,136
0.0,0.0,0.0,103.45694444444445,120.0,0.075,1.0,868,0.0,10,0.0,,,ARC-noSec,node_failure,137
0.0,0.0,0.0,105.96111111111111,90.0,0.075,1.0,870,0.0,11,0.0,,,ARC-noSec,node_failure,138
0.0,0.0,0.0,101.9,72.0,0.075,1.0,806,0.0,11,0.0,,,ARC-noSec,node_failure,139
395.0,5.752229513205798,0.0,78.54583333333333,104.0,0.7729446997924284,0.0004045559308338841,4336,35.0,10,30.0,,,ARC-noGuard,node_failure,100
470.0,6.2104401509988865,0.0,71.72916666666667,101.0,1.0776208832624532,0.007088082474690238,4235,10.0,10,60.0,,,ARC-noGuard,node_failure,101
315.0,4.487122030327817,0.0,78.48472222222222,115.0,0.2522397681772647,0.01858266086800299,4262,15.0,10,30.0,,,ARC-noGuard,node_failure,102
370.0,4.351253023133472,0.0,75.30972222222222,88.0,0.5317961613130093,0.016858346554038492,4460,0.0,11,70.0,,,ARC-noGuard,node_failure,103
380.0,5.19706799366123,0.0,70.1125,97.0,0.6311149061958214,0.019561230147427174,3263,15.0,10,0.0,,,ARC-noGuard,node_failure,104
350.0,4.575588877710979,0.0,76.10833333333333,109.0,0.5960384163586604,0.001517576146640785,4492,10.0,10,0.0,,,ARC-noGuard,node_failure,105
545.0,7.476030449128823,0.0,71.42222222222222,95.0,1.7523187031309497,0.000431821449641311,4167,25.0,10,100.0,,,ARC-noGuard,node_failure,106
540.0,7.057405849356469,0.0,71.64027777777778,107.0,1.4095306520569133,0.0028408264305036443,4445,15.0,10,10.0,,,ARC-noGuard,node_failure,107
440.0,5.581995860952316,0.0,73.72916666666667,102.0,0.8518881226887177,0.00042380756900986,4259,30.0,10,45.0,,,ARC-noGuard,node_failure,108
260.0,2.7429156372167696,0.0,77.28333333333333,94.0,0.075,0.017726765159207836,4511,10.0,10,0.0,,,ARC-noGuard,node_failure,109
340.0,4.714098395124388,0.0,72.50833333333334,98.0,0.43321847679118336,0.0008208257820957797,3338,25.0,11,30.0,,,ARC-noGuard,node_failure,110
295.0,3.9834602613242343,0.0,76.75277777777778,120.0,0.21494597430882395,0.0025577468885989827,4326,15.0,11,50.0,,,ARC-noGuard,node_failure,111
520.0,7.2521515436740795,0.0,71.32222222222222,94.0,1.622551426000737,0.00441384468176996,4021,5.0,10,65.0,,,ARC-noGuard,node_failure,112
365.0,4.242533880297716,0.0,75.64305555555555,120.0,0.49465435195830365,0.012542258804496718,4380,40.0,10,20.0,,,ARC-noGuard,node_failure,113
305.0,3.954901171721581,0.0,81.04166666666667,117.0,0.07500000000000007,0.00925741309901078,4432,40.0,11,55.0,,,ARC-noGuard,node_failure,114
430.0,4.553039947865701,0.0,74.97361111111111,90.0,0.7684017514295238,0.005585233042710666,4501,30.0,10,40.0,,,ARC-noGuard,node_failure,115
315.0,4.5085301991782405,0.0,75.2125,113.0,0.075,0.008357992249680354,3417,25.0,10,20.0,,,ARC-noGuard,node_failure,116
245.0,3.4372918974110767,0.0,78.33194444444445,120.0,0.075,0.0004153925408854671,4369,25.0,11,40.0,,,ARC-noGuard,node_failure,117
300.0,4.258255882398599,0.0,80.00138888888888,104.0,0.1742521808061763,0.015649269406733186,4454,40.0,11,35.0,,,ARC-noGuard,node_failure,118
475.0,6.279094913066185,0.0,71.9875,105.0,1.014170142210837,0.010644439917855292,4165,5.0,10,95.0,,,ARC-noGuard,node_failure,119
355.0,4.3928002646809965,0.0,75.29583333333333,115.0,0.40081693813672287,0.000406040445293737,4223,5.0,10,10.0,,,ARC-noGuard,node_failure,120
415.0,4.50018255783765,0.0,74.79166666666667,94.0,0.8198258601286595,0.0019190950736979247,4517,40.0,10,50.0,,,ARC-noGuard,node_failure,121
310.0,4.476364793066856,0.0,75.72361111111111,105.0,0.1690612813320596,0.00039629589425523585,3395,20.0,11,20.0,,,ARC-noGuard,node_failure,122
470.0,5.562913833696037,0.0,73.51805555555555,117.0,1.0651979176480744,0.000452784679324145,4236,30.0,10,70.0,,,ARC-noGuard,node_failure,123
405.0,5.644864180107955,0.0,79.95555555555555,111.0,0.7134070857598461,0.00038397336624037686,4356,35.0,10,25.0,,,ARC-noGuard,node_failure,124
570.0,7.219234674716413,0.0,71.80694444444444,111.0,1.3915437679498075,0.002425566342849484,4368,5.0,10,95.0,,,ARC-noGuard,node_failure,125
415.0,5.062527023286679,0.0,74.95833333333333,102.0,0.7402492623379755,0.01814856897610792,4130,5.0,10,20.0,,,ARC-noGuard,node_failure,126
240.0,2.6614915928446337,0.0,84.32916666666667,106.0,0.075,0.018987899159147854,4874,5.0,10,25.0,,,ARC-noGuard,node_failure,127
285.0,3.8989250141178378,0.0,75.68611111111112,106.0,0.075,0.0003463518404268664,3384,20.0,11,25.0,,,ARC-noGuard,node_failure,128
255.0,3.179106403665022,0.0,84.11944444444444,120.0,0.07500000000000012,0.006374426541965603,4561,20.0,11,45.0,,,ARC-noGuard,node_failure,129
340.0,5.03948443855029,0.0,77.63888888888889,107.0,0.3790861853797815,0.014867375481568551,4419,10.0,10,75.0,,,ARC-noGuard,node_failure,130
340.0,4.479788285421593,0.0,74.57638888888889,112.0,0.3703633885319601,0.0107066437463767,4293,5.0,10,75.0,,,ARC-noGuard,node_failure,131
425.0,5.254342437521375,0.0,75.08611111111111,110.0,0.8367627917806106,0.000606162498001774,4243,25.0,10,120.0,,,ARC-noGuard,node_failure,132
340.0,3.664342623493577,0.0,75.28055555555555,89.0,0.4345250249193844,0.009913880388540557,4657,10.0,10,70.0,,,ARC-noGuard,node_failure,133
340.0,4.879900765768886,0.0,74.00833333333334,104.0,0.49570752047925587,0.0013542654693514948,3336,20.0,11,15.0,,,ARC-noGuard,node_failure,134
450.0,5.831268506078824,0.0,74.08611111111111,103.0,1.047955316957081,0.0020880501944713762,4313,25.0,10,35.0,,,ARC-noGuard,node_failure,135
405.0,5.777976593976941,0.0,77.90138888888889,105.0,0.7761853653541094,0.00041384654034608916,4446,25.0,10,50.0,,,ARC-noGuard,node_failure,136
550.0,7.168038523372666,0.0,71.80277777777778,110.0,1.3789791846843642,0.00039690009024046413,4327,5.0,10,30.0,,,ARC-noGuard,node_failure,137
390.0,5.2683714081907755,0.0,75.06805555555556,109.0,0.5387421474647435,0.0003954987738617477,4281,30.0,10,55.0,,,ARC-noGuard,node_failure,138
260.0,2.8462751010760234,0.0,77.72638888888889,95.0,0.075,0.01883678776424109,4650,40.0,10,0.0,,,ARC-noGuard,node_failure,139
70.0,1.1445985985144347,0.0,109.58472222222223,97.0,0.075,0.01781472598554279,767,0.0,10,0.0,,,ARC-noRemed,node_failure,100
0.0,0.0,0.0,103.16944444444445,110.0,0.075,1.0,876,0.0,11,0.0,,,ARC-noRemed,node_failure,101
0.0,0.0,0.0,108.32777777777778,91.0,0.075,1.0,877,0.0,11,0.0,,,ARC-noRemed,node_failure,102
0.0,0.0,0.0,102.1763888888889,72.0,0.075,1.0,810,0.0,11,0.0,,,ARC-noRemed,node_failure,103
25.0,0.4974410554211772,0.0,89.2625,91.0,0.075,0.03690647390901284,573,25.0,11,0.0,,,ARC-noRemed,node_failure,104
0.0,0.0,0.0,106.35277777777777,103.0,0.075,1.0,803,0.0,11,0.0,,,ARC-noRemed,node_failure,105
60.0,0.9102191884507338,0.0,99.3625,84.0,0.075,0.001291867373153818,780,0.0,11,0.0,,,ARC-noRemed,node_failure,106
0.0,0.0,0.0,106.9875,118.0,0.075,1.0,919,0.0,10,0.0,,,ARC-noRemed,node_failure,107
0.0,0.0,0.0,103.39861111111111,86.0,0.075,1.0,850,0.0,11,0.0,,,ARC-noRemed,node_failure,108
35.0,0.44501006224225703,0.0,101.79027777777777,84.0,0.075,0.1149648052447087,793,35.0,11,35.0,,,ARC-noRemed,node_failure,109
10.0,0.016512109236299644,0.0,90.775,94.0,0.075,0.8842737695845378,572,10.0,11,0.0,,,ARC-noRemed,node_failure,110
20.0,0.3747481708029743,0.0,104.72222222222223,100.0,0.075,0.03617716230722314,738,20.0,11,0.0,,,ARC-noRemed,node_failure,111
65.0,0.9826411429638249,0.0,97.62222222222222,88.0,0.075,0.0446729690761761,783,5.0,11,0.0,,,ARC-noRemed,node_failure,112
0.0,0.0,0.0,109.6361111111111,120.0,0.075,1.0,864,0.0,11,0.0,,,ARC-noRemed,node_failure,113
0.0,0.0,0.0,116.10833333333333,96.0,0.075,1.0,933,0.0,11,0.0,,,ARC-noRemed,node_failure,114
5.0,0.011676380148484267,0.0,99.69027777777778,71.0,0.075,0.9166266999176925,777,5.0,11,5.0,,,ARC-noRemed,node_failure,115
0.0,0.0,0.0,92.65694444444445,97.0,0.075,1.0,599,0.0,11,0.0,,,ARC-noRemed,node_failure,116
0.0,0.0,0.0,108.51805555555555,103.0,0.075,1.0,746,0.0,11,0.0,,,ARC-noRemed,node_failure,117
40.0,0.3978308530753094,0.0,107.64305555555555,94.0,0.075,0.023690565556531238,786,15.0,10,0.0,,,ARC-noRemed,node_failure,118
0.0,0.0,0.0,102.85555555555555,116.0,0.075,1.0,846,0.0,11,0.0,,,ARC-noRemed,node_failure,119
0.0,0.0,0.0,105.58888888888889,88.0,0.075,1.0,888,0.0,11,0.0,,,ARC-noRemed,node_failure,120
10.0,0.06652710654500016,0.0,104.34722222222223,75.0,0.075,0.5171353346292884,805,10.0,11,0.0,,,ARC-noRemed,node_failure,121
40.0,0.28508695479435575,0.0,92.63055555555556,97.0,0.075,0.11386154892827627,592,40.0,11,40.0,,,ARC-noRemed,node_failure,122
5.0,0.04924712761930072,0.0,101.21111111111111,95.0,0.075,0.7753733796544495,782,0.0,11,0.0,,,ARC-noRemed,node_failure,123
60.0,0.9175064160034774,0.0,112.60555555555555,104.0,0.075,0.008445646252619975,803,15.0,11,0.0,,,ARC-noRemed,node_failure,124
0.0,0.0,0.0,106.78472222222223,120.0,0.075,1.0,879,0.0,11,0.0,,,ARC-noRemed,node_failure,125
0.0,0.0,0.0,102.99444444444444,84.0,0.075,1.0,858,0.0,11,0.0,,,ARC-noRemed,node_failure,126
0.0,0.0,0.0,113.04166666666667,83.0,0.075,1.0,852,0.0,11,0.0,,,ARC-noRemed,node_failure,127
0.0,0.0,0.0,93.25138888888888,96.0,0.075,1.0,567,0.0,11,0.0,,,ARC-noRemed,node_failure,128
0.0,0.0,0.0,116.3625,114.0,0.075,1.0,788,0.0,11,0.0,,,ARC-noRemed,node_failure,129
40.0,0.41186709382909914,0.0,106.12083333333334,93.0,0.075,0.15376031411767324,784,10.0,11,0.0,,,ARC-noRemed,node_failure,130
0.0,0.0,0.0,106.87361111111112,119.0,0.075,1.0,843,0.0,11,0.0,,,ARC-noRemed,node_failure,131
0.0,0.0,0.0,103.36944444444444,84.0,0.075,1.0,885,0.0,11,0.0,,,ARC-noRemed,node_failure,132
0.0,0.0,0.0,100.41944444444445,72.0,0.075,1.0,810,0.0,11,0.0,,,ARC-noRemed,node_failure,133
0.0,0.0,0.0,90.23472222222222,98.0,0.075,1.0,587,0.0,11,0.0,,,ARC-noRemed,node_failure,134
5.0,0.021110739233043407,0.0,102.88472222222222,101.0,0.075,0.9037435134337805,820,0.0,11,0.0,,,ARC-noRemed,node_failure,135
105.0,1.7174532854164481,0.0,111.775,95.0,0.075,0.003856379121977342,848,0.0,10,0.0,,,ARC-noRemed,node_failure,136
0.0,0.0,0.0,103.08611111111111,120.0,0.075,1.0,870,0.0,10,0.0,,,ARC-noRemed,node_failure,137
0.0,0.0,0.0,106.44166666666666,90.0,0.075,1.0,911,0.0,11,0.0,,,ARC-noRemed,node_failure,138
0.0,0.0,0.0,101.9,72.0,0.075,1.0,806,0.0,11,0.0,,,ARC-noRemed,node_failure,139
5905.0,92.83175892815579,0.0,44.0,24.0,11.318721885964056,4.1682973400555453e-08,0,1200.0,0,0.0,,,Static,gray,100
705.0,11.188810392794712,0.0,56.833333333333336,31.0,3.0549999999999997,1.2607162526156064e-08,0,10.0,0,0.0,,,Static,gray,101
1450.0,21.487063886719206,0.0,62.333333333333336,34.0,10.055,0.0,0,495.0,0,0.0,,,Static,gray,102
4835.0,75.07491938571033,0.0,53.166666666666664,29.0,10.052999999999999,2.4491010362492436e-06,0,1200.0,0,0.0,,,Static,gray,103
1180.0,23.541409761492094,0.0,73.33333333333333,40.0,10.052999999999999,1.5733030108526923e-06,0,220.0,0,0.0,,,Static,gray,104
6230.0,92.32805346725797,0.0,36.666666666666664,20.0,13.052999999999999,2.1754988751306331e-07,0,1200.0,0,0.0,,,Static,gray,105
5905.0,93.0377168410371,0.0,44.0,24.0,11.328606109302882,0.0,0,1200.0,0,0.0,,,Static,gray,106
1580.0,25.927427087887832,0.0,56.833333333333336,31.0,10.055,0.0,0,1200.0,0,0.0,,,Static,gray,107
1200.0,17.708283508822444,0.0,58.666666666666664,32.0,10.052999999999999,1.3376542593765318e-05,0,475.0,0,0.0,,,Static,gray,108
4235.0,65.69279436743848,0.0,53.166666666666664,29.0,13.055,9.92660568644386e-08,0,1170.0,0,0.0,,,Static,gray,109
1065.0,21.93622093730887,0.0,73.33333333333333,40.0,10.075,0.00010304337770144986,0,1060.0,0,0.0,,,Static,gray,110
6230.0,92.20096540247906,0.0,36.666666666666664,20.0,13.052999999999999,2.030815998522972e-07,0,1200.0,0,0.0,,,Static,gray,111
6055.0,94.51850157989341,0.0,44.0,24.0,11.52149067545682,4.102439683678618e-08,0,1200.0,0,0.0,,,Static,gray,112
2050.0,32.2968034597578,0.0,56.833333333333336,31.0,10.055,0.0,0,1175.0,0,0.0,,,Static,gray,113
1480.0,22.425161600486543,0.0,62.333333333333336,34.0,10.052999999999999,8.146827281294046e-06,0,260.0,0,0.0,,,Static,gray,114
4175.0,65.19422942108505,0.0,53.166666666666664,29.0,10.052999999999999,3.9371416429974184e-07,0,1200.0,0,0.0,,,Static,gray,115
1160.0,22.850484907718315,0.0,73.33333333333333,40.0,10.052999999999999,1.5733030108526921e-06,0,30.0,0,0.0,,,Static,gray,116
6450.0,97.16326246773599,0.0,36.666666666666664,20.0,13.055,0.0,0,1200.0,0,0.0,,,Static,gray,117
5850.0,92.20501713951559,0.0,44.0,24.0,14.330949555767969,7.733825206689e-09,0,135.0,0,0.0,,,Static,gray,118
1690.0,26.179398556493094,0.0,56.833333333333336,31.0,10.052999999999999,5.57429850985502e-09,0,1200.0,0,0.0,,,Static,gray,119
1015.0,16.26549811660727,0.0,62.333333333333336,34.0,10.075,0.00010304337770144986,0,460.0,0,0.0,,,Static,gray,120
1600.0,21.686190499506264,0.0,55.0,30.0,10.052999999999999,1.5940210918334494e-05,0,1185.0,0,0.0,,,Static,gray,121
1310.0,24.991711958739216,0.0,73.33333333333333,40.0,10.055,0.0,0,80.0,0,0.0,,,Static,gray,122
6235.0,92.26365675302907,0.0,36.666666666666664,20.0,13.052999999999999,2.03707234424685e-07,0,1200.0,0,0.0,,,Static,gray,123
5940.0,92.41936472424983,0.0,44.0,24.0,11.577305098441169,4.081402306593736e-08,0,1200.0,0,0.0,,,Static,gray,124
1680.0,25.651624222913416,0.0,56.833333333333336,31.0,10.052999999999999,5.62614512612819e-09,0,15.0,0,0.0,,,Static,gray,125
1510.0,22.716340511847722,0.0,62.333333333333336,34.0,10.055,0.0,0,720.0,0,0.0,,,Static,gray,126
4345.0,66.67111161853234,0.0,53.166666666666664,29.0,10.052999999999999,2.502298008524088e-06,0,1200.0,0,0.0,,,Static,gray,127
670.0,15.043578132792634,0.0,73.33333333333333,40.0,10.075,0.00010304337770144986,0,665.0,0,0.0,,,Static,gray,128
6455.0,97.2117809506949,0.0,36.666666666666664,20.0,13.055,0.0,0,1200.0,0,0.0,,,Static,gray,129
5985.0,93.8091407496141,0.0,44.0,24.0,11.512436866112912,0.0,0,1200.0,0,0.0,,,Static,gray,130
525.0,8.229337922543422,0.0,56.833333333333336,31.0,3.0549999999999997,1.2440321754969211e-08,0,10.0,0,0.0,,,Static,gray,131
420.0,6.685136644978373,0.0,62.333333333333336,34.0,2.6102420984036643,0.00010304337770144986,0,15.0,0,0.0,,,Static,gray,132
390.0,3.7945219737843594,0.0,55.0,30.0,0.5093472012612544,0.036266941123513294,0,5.0,0,0.0,,,Static,gray,133
1170.0,23.649504942692545,0.0,73.33333333333333,40.0,10.052999999999999,1.5733030108526923e-06,0,290.0,0,0.0,,,Static,gray,134
6435.0,96.93046035444416,0.0,36.666666666666664,20.0,13.055,0.0,0,1200.0,0,0.0,,,Static,gray,135
1605.0,23.448948744532395,0.0,45.833333333333336,25.0,3.075,0.02685773652566853,0,30.0,0,0.0,,,Static,gray,136
1745.0,26.49966257359626,0.0,56.833333333333336,31.0,10.055,0.0,0,1200.0,0,0.0,,,Static,gray,137
1575.0,24.040414114493856,0.0,62.333333333333336,34.0,10.055,0.0,0,410.0,0,0.0,,,Static,gray,138
1705.0,23.368863699671895,0.0,55.0,30.0,10.052999999999999,1.2892391623236369e-05,0,1200.0,0,0.0,,,Static,gray,139
150.0,2.327379147431996,0.0,81.63888888888889,70.0,0.075,3.160063571584408e-05,56,145.0,0,0.0,,,HPA,gray,100
10.0,0.055868796468228066,0.0,77.8861111111111,55.0,0.075,0.836265532436689,82,10.0,0,0.0,,,HPA,gray,101
455.0,7.001771209177587,0.0,93.86666666666666,79.0,10.055,0.0,75,455.0,0,0.0,,,HPA,gray,102
100.0,1.4529420774603286,0.0,82.39166666666667,65.0,0.075,3.160063571584408e-05,48,100.0,0,0.0,,,HPA,gray,103
120.0,2.506085213213227,0.0,82.95833333333333,77.0,0.075,3.160063571584408e-05,71,120.0,0,0.0,,,HPA,gray,104
115.0,1.8930813960000403,0.0,86.40277777777777,74.0,0.075,3.160063571584408e-05,56,115.0,0,0.0,,,HPA,gray,105
315.0,4.227360722886441,0.0,84.86944444444444,75.0,0.075,0.0,55,300.0,0,0.0,,,HPA,gray,106
615.0,10.365605683169354,0.0,92.48194444444445,78.0,10.055,0.0,81,610.0,0,0.0,,,HPA,gray,107
125.0,1.8224918932019052,0.0,84.42777777777778,67.0,0.075,3.160063571584408e-05,57,125.0,0,0.0,,,HPA,gray,108
0.0,0.0015222495790223611,0.0,75.46111111111111,60.0,0.075,0.9897882169833346,47,0.0,0,0.0,,,HPA,gray,109
0.0,0.0,0.0,71.87777777777778,50.0,0.075,1.0,55,0.0,0,0.0,,,HPA,gray,110
110.0,1.781969310998388,0.0,87.56944444444444,70.0,0.075,3.160063571584408e-05,56,110.0,0,0.0,,,HPA,gray,111
85.0,0.8932383955634338,0.0,76.5111111111111,55.0,0.075,3.160063571584408e-05,45,80.0,0,0.0,,,HPA,gray,112
475.0,8.079205989567207,0.0,93.03888888888889,93.0,10.055,0.0,93,470.0,0,0.0,,,HPA,gray,113
125.0,1.9494595447499763,0.0,85.91805555555555,76.0,0.075,2.6815254768014627e-05,60,125.0,0,0.0,,,HPA,gray,114
105.0,1.5784543344422919,0.0,83.4,69.0,0.075,3.160063571584408e-05,59,105.0,0,0.0,,,HPA,gray,115
30.0,0.2563186742832402,0.0,77.96111111111111,61.0,0.075,3.160063571584408e-05,64,30.0,0,0.0,,,HPA,gray,116
720.0,10.16658921023944,0.0,92.17222222222222,77.0,10.055,0.0,59,720.0,0,0.0,,,HPA,gray,117
5.0,0.013045807365141826,0.0,73.64166666666667,51.0,0.075,0.9332933526137996,48,0.0,0,0.0,,,HPA,gray,118
140.0,2.3979057082120003,0.0,87.88472222222222,83.0,0.075,3.160063571584408e-05,92,100.0,0,0.0,,,HPA,gray,119
75.0,1.148646879292814,0.0,76.49166666666666,47.0,0.07500000000000001,0.00010304337770144986,52,75.0,0,0.0,,,HPA,gray,120
100.0,1.3252048650649217,0.0,83.01805555555555,64.0,0.075,3.160063571584408e-05,53,100.0,0,0.0,,,HPA,gray,121
75.0,1.300418567769901,0.0,86.33194444444445,82.0,0.075,0.0,71,75.0,0,0.0,,,HPA,gray,122
135.0,2.100944830309548,0.0,86.36111111111111,67.0,0.075,3.160063571584408e-05,56,135.0,0,0.0,,,HPA,gray,123
120.0,2.4807582671145023,0.0,82.64861111111111,79.0,0.075,2.822732766563237e-05,65,115.0,0,0.0,,,HPA,gray,124
140.0,2.486067698741723,0.0,88.22222222222223,88.0,0.075,3.160063571584408e-05,87,130.0,0,0.0,,,HPA,gray,125
680.0,10.55804913395686,0.0,91.61944444444444,78.0,10.055,0.0,66,680.0,0,0.0,,,HPA,gray,126
115.0,1.6264283060517637,0.0,83.18333333333334,66.0,0.075,3.160063571584408e-05,55,115.0,0,0.0,,,HPA,gray,127
0.0,0.0023266065694693694,0.0,73.38472222222222,52.0,0.075,0.9932923215776847,52,0.0,0,0.0,,,HPA,gray,128
760.0,11.055616603111517,0.0,98.69305555555556,90.0,10.055,0.0,72,760.0,0,0.0,,,HPA,gray,129
115.0,1.3791813118520402,0.0,84.61111111111111,75.0,0.075,0.0,55,110.0,0,0.0,,,HPA,gray,130
55.0,0.9339350181523765,0.0,77.83472222222223,59.0,0.075,0.00010304337770144986,77,50.0,0,0.0,,,HPA,gray,131
0.0,0.0003671895184242935,0.0,74.54861111111111,46.0,0.075,0.997169465095209,49,0.0,0,0.0,,,HPA,gray,132
0.0,0.0,0.0,74.0513888888889,46.0,0.075,1.0,43,0.0,0,0.0,,,HPA,gray,133
130.0,2.861380908061162,0.0,85.26805555555555,83.0,0.075,3.160063571584408e-05,66,130.0,0,0.0,,,HPA,gray,134
600.0,8.367203155461244,0.0,89.32222222222222,75.0,10.055,0.0,49,600.0,0,0.0,,,HPA,gray,135
5.0,0.018986915990903963,0.0,70.71805555555555,45.0,0.075,0.9159852530290647,42,0.0,0,0.0,,,HPA,gray,136
685.0,11.14779829197996,0.0,91.64027777777778,83.0,10.055,0.0,87,680.0,0,0.0,,,HPA,gray,137
370.0,5.8164105539028625,0.0,91.64444444444445,74.0,8.928064217780827,0.0,73,370.0,0,0.0,,,HPA,gray,138
110.0,1.5546311914970357,0.0,82.81111111111112,66.0,0.075,3.160063571584408e-05,56,110.0,0,0.0,,,HPA,gray,139
90.0,1.3343380436633745,0.0,85.64722222222223,70.0,0.075,3.160063571584408e-05,178,85.0,0,0.0,,,HPA-fast,gray,100
0.0,0.0,0.0,79.09166666666667,60.0,0.075,1.0,190,0.0,0,0.0,,,HPA-fast,gray,101
455.0,7.001771209177587,0.0,91.66388888888889,85.0,10.055,0.0,197,455.0,0,0.0,,,HPA-fast,gray,102
90.0,1.253967836164338,0.0,83.57777777777778,70.0,0.075,3.160063571584408e-05,131,90.0,0,0.0,,,HPA-fast,gray,103
110.0,2.357371461677571,0.0,76.5875,72.0,0.075,3.160063571584408e-05,113,110.0,0,0.0,,,HPA-fast,gray,104
75.0,1.128999113714657,0.0,86.42083333333333,72.0,0.075,3.160063571584408e-05,156,85.0,0,0.0,,,HPA-fast,gray,105
305.0,4.106685518564679,0.0,88.60972222222222,79.0,0.075,0.0,168,300.0,0,0.0,,,HPA-fast,gray,106
610.0,10.343751367873711,0.0,89.79166666666667,85.0,10.055,0.0,179,610.0,0,0.0,,,HPA-fast,gray,107
80.0,1.1245168081690626,0.0,86.30555555555556,77.0,0.075,3.160063571584408e-05,178,80.0,0,0.0,,,HPA-fast,gray,108
0.0,0.0015222495790223611,0.0,78.75555555555556,49.0,0.075,0.9897882169833346,137,0.0,0,0.0,,,HPA-fast,gray,109
0.0,0.0,0.0,71.11666666666666,53.0,0.075,1.0,106,0.0,0,0.0,,,HPA-fast,gray,110
90.0,1.539002263962741,0.0,85.59722222222223,74.0,0.075,3.160063571584408e-05,163,90.0,0,0.0,,,HPA-fast,gray,111
70.0,0.7709410782277937,0.0,84.24305555555556,68.0,0.075,3.160063571584408e-05,169,70.0,0,0.0,,,HPA-fast,gray,112
465.0,7.9684655543059035,0.0,87.84583333333333,91.0,10.055,0.0,185,465.0,0,0.0,,,HPA-fast,gray,113
0.0,0.002274818598446693,0.0,85.64722222222223,60.0,0.075,0.9842715752821657,166,0.0,0,0.0,,,HPA-fast,gray,114
85.0,1.3448426875468322,0.0,83.79444444444445,75.0,0.075,3.160063571584408e-05,136,85.0,0,0.0,,,HPA-fast,gray,115
30.0,0.21505013222810065,0.0,74.58333333333333,66.0,0.075,0.00012153246915964706,110,25.0,0,0.0,,,HPA-fast,gray,116
720.0,10.16658921023944,0.0,93.21111111111111,86.0,10.055,0.0,167,720.0,0,0.0,,,HPA-fast,gray,117
0.0,0.0,0.0,79.53194444444445,52.0,0.075,1.0,151,0.0,0,0.0,,,HPA-fast,gray,118
70.0,1.1228829137864604,0.0,84.02222222222223,74.0,0.075,3.160063571584408e-05,191,70.0,0,0.0,,,HPA-fast,gray,119
30.0,0.5763473453648138,0.0,81.7,61.0,0.07500000000000002,0.00010304337770144988,162,30.0,0,0.0,,,HPA-fast,gray,120
95.0,1.2312012675227302,0.0,84.09722222222223,67.0,0.075,3.160063571584408e-05,141,95.0,0,0.0,,,HPA-fast,gray,121
75.0,1.298435222870531,0.0,79.55555555555556,82.0,0.075,0.0,117,75.0,0,0.0,,,HPA-fast,gray,122
85.0,1.1817078597954889,0.0,85.9375,72.0,0.075,3.160063571584408e-05,148,85.0,0,0.0,,,HPA-fast,gray,123
120.0,2.4604654015734972,0.0,86.025,84.0,0.075,3.160063571584408e-05,186,120.0,0,0.0,,,HPA-fast,gray,124
25.0,0.23742785400014954,0.0,82.81805555555556,74.0,0.075,0.37839094255963923,181,20.0,0,0.0,,,HPA-fast,gray,125
0.0,0.0,0.0,88.4888888888889,69.0,0.075,1.0,188,0.0,0,0.0,,,HPA-fast,gray,126
95.0,1.3526801628060303,0.0,83.67222222222222,68.0,0.075,3.160063571584408e-05,127,95.0,0,0.0,,,HPA-fast,gray,127
0.0,0.0020056459183015463,0.0,71.46111111111111,52.0,0.075,0.9932923215776847,89,0.0,0,0.0,,,HPA-fast,gray,128
760.0,11.055616603111517,0.0,94.67916666666666,94.0,10.055,0.0,176,760.0,0,0.0,,,HPA-fast,gray,129
110.0,1.3543316835355146,0.0,88.01666666666667,79.0,0.075,0.0,156,110.0,0,0.0,,,HPA-fast,gray,130
0.0,0.0035654159730058588,0.0,78.96527777777777,63.0,0.075,0.9846708407480135,172,0.0,0,0.0,,,HPA-fast,gray,131
0.0,0.0003671895184242935,0.0,80.925,57.0,0.075,0.997169465095209,160,0.0,0,0.0,,,HPA-fast,gray,132
0.0,0.0,0.0,78.95138888888889,50.0,0.075,1.0,132,0.0,0,0.0,,,HPA-fast,gray,133
105.0,2.2300557678332833,0.0,77.90833333333333,85.0,0.075,3.160063571584408e-05,122,105.0,0,0.0,,,HPA-fast,gray,134
580.0,8.136064662414967,0.0,91.14444444444445,80.0,10.055,0.0,156,580.0,0,0.0,,,HPA-fast,gray,135
0.0,0.0,0.0,80.0375,54.0,0.075,1.0,154,0.0,0,0.0,,,HPA-fast,gray,136
710.0,11.587129546196218,0.0,88.10972222222222,91.0,10.055,0.0,175,705.0,0,0.0,,,HPA-fast,gray,137
360.0,5.668448998704179,0.0,91.11944444444444,83.0,8.330082354255897,0.0,211,360.0,0,0.0,,,HPA-fast,gray,138
95.0,1.3062857337244105,0.0,83.57222222222222,67.0,0.075,3.160063571584408e-05,124,95.0,0,0.0,,,HPA-fast,gray,139
105.0,1.6244973790459638,0.0,100.20555555555555,83.0,0.075,3.160063571584408e-05,63,105.0,0,0.0,,,HPA-45,gray,100
0.0,0.0,0.0,97.58888888888889,72.0,0.075,1.0,74,0.0,0,0.0,,,HPA-45,gray,101
455.0,7.001771209177587,0.0,110.80694444444444,86.0,10.055,0.0,65,455.0,0,0.0,,,HPA-45,gray,102
70.0,0.9614352044833407,0.0,100.91666666666667,75.0,0.075,3.160063571584408e-05,58,70.0,0,0.0,,,HPA-45,gray,103
110.0,2.2280989234111925,0.0,103.64444444444445,93.0,0.075,3.160063571584408e-05,86,110.0,0,0.0,,,HPA-45,gray,104
80.0,1.2096462023244325,0.0,103.825,78.0,0.075,3.160063571584408e-05,59,80.0,0,0.0,,,HPA-45,gray,105
285.0,3.872468127575601,0.0,103.55833333333334,90.0,0.075,0.0,60,285.0,0,0.0,,,HPA-45,gray,106
610.0,10.3231439146648,0.0,113.6875,93.0,10.055,0.0,88,610.0,0,0.0,,,HPA-45,gray,107
80.0,1.1207801288051211,0.0,104.33333333333333,76.0,0.075,3.160063571584408e-05,67,80.0,0,0.0,,,HPA-45,gray,108
0.0,0.0015222495790223611,0.0,94.12222222222222,58.0,0.075,0.9897882169833346,58,0.0,0,0.0,,,HPA-45,gray,109
0.0,0.0,0.0,90.74166666666666,60.0,0.075,1.0,53,0.0,0,0.0,,,HPA-45,gray,110
95.0,1.5582655384844046,0.0,101.09027777777777,77.0,0.075,3.160063571584408e-05,48,95.0,0,0.0,,,HPA-45,gray,111
70.0,0.762777895647393,0.0,98.00694444444444,78.0,0.075,3.160063571584408e-05,52,70.0,0,0.0,,,HPA-45,gray,112
440.0,7.5074423033817395,0.0,114.27638888888889,109.0,10.055,0.0,94,440.0,0,0.0,,,HPA-45,gray,113
105.0,1.5417250623291578,0.0,106.60416666666667,88.0,0.075,2.6815254768014627e-05,81,105.0,0,0.0,,,HPA-45,gray,114
85.0,1.301869092429575,0.0,104.58611111111111,84.0,0.075,3.160063571584408e-05,67,85.0,0,0.0,,,HPA-45,gray,115
10.0,0.01708661358128527,0.0,97.89166666666667,77.0,0.075,0.9021667875299849,70,10.0,0,0.0,,,HPA-45,gray,116
75.0,1.2036273410792386,0.0,109.2125,95.0,0.075,0.0,63,75.0,0,0.0,,,HPA-45,gray,117
0.0,0.0,0.0,89.88194444444444,60.0,0.075,1.0,51,0.0,0,0.0,,,HPA-45,gray,118
75.0,1.1772994614418164,0.0,107.66388888888889,95.0,0.075,3.160063571584408e-05,89,75.0,0,0.0,,,HPA-45,gray,119
45.0,0.7167178200221058,0.0,96.21666666666667,62.0,0.075,0.00010304337770144988,61,45.0,0,0.0,,,HPA-45,gray,120
80.0,1.109044808073223,0.0,101.69027777777778,75.0,0.075,3.160063571584408e-05,56,80.0,0,0.0,,,HPA-45,gray,121
75.0,1.2082295915258556,0.0,106.84027777777777,100.0,0.075,0.0,72,75.0,0,0.0,,,HPA-45,gray,122
80.0,1.063291347252493,0.0,102.05833333333334,76.0,0.075,3.160063571584408e-05,53,80.0,0,0.0,,,HPA-45,gray,123
115.0,2.413225208726333,0.0,102.075,93.0,0.075,3.160063571584408e-05,69,115.0,0,0.0,,,HPA-45,gray,124
80.0,1.5248888680880923,0.0,108.17222222222222,102.0,0.075,3.160063571584408e-05,89,85.0,0,0.0,,,HPA-45,gray,125
5.0,0.0043422070289955705,0.0,103.75,72.0,0.075,0.9470042031595839,58,5.0,0,0.0,,,HPA-45,gray,126
90.0,1.2803988965408242,0.0,103.06805555555556,77.0,0.075,3.160063571584408e-05,65,90.0,0,0.0,,,HPA-45,gray,127
0.0,0.0023266065694693694,0.0,92.58888888888889,65.0,0.075,0.9932923215776847,58,0.0,0,0.0,,,HPA-45,gray,128
760.0,11.033438011982033,0.0,118.46388888888889,114.0,10.055,0.0,73,760.0,0,0.0,,,HPA-45,gray,129
110.0,1.2948923425867398,0.0,102.51666666666667,85.0,0.075,0.0,56,110.0,0,0.0,,,HPA-45,gray,130
0.0,0.0,0.0,97.87222222222222,75.0,0.075,1.0,79,0.0,0,0.0,,,HPA-45,gray,131
0.0,0.0003671895184242935,0.0,94.37916666666666,59.0,0.075,0.997169465095209,59,0.0,0,0.0,,,HPA-45,gray,132
0.0,0.0,0.0,91.97222222222223,56.0,0.075,1.0,51,0.0,0,0.0,,,HPA-45,gray,133
115.0,2.433761592802064,0.0,105.32638888888889,99.0,0.075,3.160063571584408e-05,77,115.0,0,0.0,,,HPA-45,gray,134
570.0,8.048898464599697,0.0,110.49166666666666,91.0,10.055,0.0,70,570.0,0,0.0,,,HPA-45,gray,135
0.0,0.0,0.0,89.84583333333333,58.0,0.075,1.0,47,0.0,0,0.0,,,HPA-45,gray,136
0.0,0.0,0.0,104.3,86.0,0.075,1.0,73,0.0,0,0.0,,,HPA-45,gray,137
365.0,5.717937111378335,0.0,110.03611111111111,86.0,8.334288330224066,0.0,67,365.0,0,0.0,,,HPA-45,gray,138
80.0,1.1781620202191756,0.0,101.2625,75.0,0.075,3.160063571584408e-05,54,80.0,0,0.0,,,HPA-45,gray,139
75.0,1.1571520502594246,0.0,133.40694444444443,102.0,0.075,3.160063571584408e-05,127,75.0,0,0.0,,,PredHPA,gray,100
0.0,0.002997811759242186,0.0,132.97222222222223,108.0,0.075,0.990297682882856,146,0.0,0,0.0,,,PredHPA,gray,101
455.0,6.9905069693048,0.0,144.2097222222222,113.0,10.055,0.0,113,455.0,0,0.0,,,PredHPA,gray,102
0.0,0.005044218542549217,0.0,114.29305555555555,67.0,0.075,0.9552198492509184,78,0.0,0,0.0,,,PredHPA,gray,103
120.0,2.37937209856085,0.0,117.04861111111111,117.0,0.075,3.160063571584408e-05,112,120.0,0,0.0,,,PredHPA,gray,104
85.0,1.4214936440729686,0.0,132.525,96.0,0.075,3.160063571584408e-05,88,85.0,0,0.0,,,PredHPA,gray,105
0.0,0.0,0.0,127.10694444444445,82.0,0.075,1.0,105,0.0,0,0.0,,,PredHPA,gray,106
610.0,10.229420489521612,0.0,144.42777777777778,116.0,10.055,0.0,136,610.0,0,0.0,,,PredHPA,gray,107
85.0,1.093533841960248,0.0,135.72083333333333,102.0,0.075,3.160063571584408e-05,110,85.0,0,0.0,,,PredHPA,gray,108
0.0,0.0015222495790223611,0.0,112.9125,71.0,0.075,0.9897882169833346,71,0.0,0,0.0,,,PredHPA,gray,109
0.0,0.0,0.0,106.98055555555555,89.0,0.075,1.0,89,0.0,0,0.0,,,PredHPA,gray,110
100.0,1.5588470296855172,0.0,131.925,95.0,0.075,3.160063571584408e-05,83,100.0,0,0.0,,,PredHPA,gray,111
10.0,0.01182947597648809,0.0,127.05555555555556,89.0,0.075,0.9354888113451328,117,10.0,0,0.0,,,PredHPA,gray,112
435.0,7.464243906742851,0.0,143.19722222222222,120.0,10.055,0.0,159,435.0,0,0.0,,,PredHPA,gray,113
10.0,0.022365968806614678,0.0,131.97916666666666,86.0,0.075,0.8982641236789325,100,10.0,0,0.0,,,PredHPA,gray,114
75.0,1.1468736235000887,0.0,124.34444444444445,96.0,0.075,3.1600635715844084e-05,93,75.0,0,0.0,,,PredHPA,gray,115
0.0,0.0,0.0,111.66666666666667,97.0,0.075,1.0,94,0.0,0,0.0,,,PredHPA,gray,116
720.0,10.08066686592296,0.0,142.41944444444445,108.0,10.055,0.0,91,720.0,0,0.0,,,PredHPA,gray,117
0.0,0.001262711763461155,0.0,121.93888888888888,83.0,0.075,0.992403852153341,98,0.0,0,0.0,,,PredHPA,gray,118
85.0,1.1003991132285562,0.0,139.00555555555556,120.0,0.075,3.160063571584408e-05,140,95.0,0,0.0,,,PredHPA,gray,119
65.0,0.9655506657129109,0.0,130.88888888888889,85.0,0.075,0.00010304337770144986,104,65.0,0,0.0,,,PredHPA,gray,120
0.0,0.0,0.0,116.38194444444444,69.0,0.075,1.0,85,0.0,0,0.0,,,PredHPA,gray,121
70.0,1.0802053132149214,0.0,119.38333333333334,119.0,0.075,0.0,102,70.0,0,0.0,,,PredHPA,gray,122
0.0,0.0,0.0,123.91111111111111,94.0,0.075,1.0,67,0.0,0,0.0,,,PredHPA,gray,123
100.0,1.9906210729586205,0.0,136.94444444444446,112.0,0.075,2.777358049488954e-05,121,100.0,0,0.0,,,PredHPA,gray,124
90.0,1.8688352776044415,0.0,140.8763888888889,120.0,0.075,3.160063571584408e-05,155,90.0,0,0.0,,,PredHPA,gray,125
0.0,0.013005468780080687,0.0,134.1875,86.0,0.075,0.9589097474873869,95,0.0,0,0.0,,,PredHPA,gray,126
0.0,0.0,0.0,115.10694444444445,71.0,0.075,1.0,74,0.0,0,0.0,,,PredHPA,gray,127
0.0,0.0023266065694693694,0.0,107.34861111111111,86.0,0.075,0.9932923215776847,89,0.0,0,0.0,,,PredHPA,gray,128
755.0,10.773410606372325,0.0,144.73888888888888,118.0,10.055,0.0,103,760.0,0,0.0,,,PredHPA,gray,129
35.0,0.26415062354196994,0.0,130.73055555555555,84.0,0.075,0.07556670369620341,108,35.0,0,0.0,,,PredHPA,gray,130
0.0,0.0065460033769837445,0.0,131.86805555555554,113.0,0.075,0.9882725684538423,135,0.0,0,0.0,,,PredHPA,gray,131
0.0,0.0003671895184242935,0.0,128.575,82.0,0.075,0.997169465095209,99,0.0,0,0.0,,,PredHPA,gray,132
0.0,0.0,0.0,114.58611111111111,72.0,0.075,1.0,87,0.0,0,0.0,,,PredHPA,gray,133
120.0,2.511914748403554,0.0,117.90138888888889,120.0,0.075,3.160063571584408e-05,111,120.0,0,0.0,,,PredHPA,gray,134
20.0,0.06597571549036285,0.0,127.23333333333333,101.0,0.075,0.5668639344762486,65,20.0,0,0.0,,,PredHPA,gray,135
0.0,0.0,0.0,122.79583333333333,83.0,0.075,1.0,116,0.0,0,0.0,,,PredHPA,gray,136
5.0,0.024244049570731896,0.0,132.70138888888889,120.0,0.075,0.9084840537455855,135,5.0,0,0.0,,,PredHPA,gray,137
10.0,0.01696623944269504,0.0,133.23055555555555,88.0,0.075,0.9254280035638311,101,10.0,0,0.0,,,PredHPA,gray,138
0.0,0.0,0.0,116.73472222222222,71.0,0.075,1.0,76,0.0,0,0.0,,,PredHPA,gray,139
150.0,2.327379147431996,0.0,81.63888888888889,70.0,0.075,3.160063571584408e-05,56,145.0,0,0.0,,,HPA+RL,gray,100
10.0,0.05723939016739621,0.014950334873629826,77.85,54.0,0.075,0.836265532436689,80,10.0,0,0.0,,,HPA+RL,gray,101
455.0,7.002235442922089,0.0004642337445044624,93.86666666666666,79.0,10.055,0.0,75,455.0,0,0.0,,,HPA+RL,gray,102
100.0,1.4529420774603286,0.0,82.39166666666667,65.0,0.075,3.160063571584408e-05,48,100.0,0,0.0,,,HPA+RL,gray,103
120.0,2.506085213213227,0.0,82.95833333333333,77.0,0.075,3.160063571584408e-05,71,120.0,0,0.0,,,HPA+RL,gray,104
120.0,1.9072986697447614,0.01421727374472309,86.40277777777777,74.0,0.075,3.160063571584408e-05,56,115.0,0,0.0,,,HPA+RL,gray,105
315.0,4.227360722886441,0.0,84.86944444444444,75.0,0.075,0.0,55,300.0,0,0.0,,,HPA+RL,gray,106
620.0,10.389425825317755,0.023820142148410224,92.48194444444445,78.0,10.055,0.0,81,610.0,0,0.0,,,HPA+RL,gray,107
125.0,1.8354680033934812,0.012976110191587776,84.17777777777778,67.0,0.075,3.160063571584408e-05,55,125.0,0,0.0,,,HPA+RL,gray,108
0.0,0.0015222495790223611,0.0,75.46111111111111,60.0,0.075,0.9897882169833346,47,0.0,0,0.0,,,HPA+RL,gray,109
0.0,0.0,0.0,71.87777777777778,50.0,0.075,1.0,55,0.0,0,0.0,,,HPA+RL,gray,110
110.0,1.7835109618707157,0.0015416508723283622,87.56944444444444,70.0,0.075,3.160063571584408e-05,56,110.0,0,0.0,,,HPA+RL,gray,111
85.0,0.8939967514102642,0.0007583558468336501,76.5111111111111,55.0,0.075,3.160063571584408e-05,45,80.0,0,0.0,,,HPA+RL,gray,112
480.0,8.108550507997482,0.029344518430288822,93.03472222222223,92.0,10.055,0.0,88,470.0,0,0.0,,,HPA+RL,gray,113
130.0,1.9647848105576515,0.015325265807680729,85.45972222222223,76.0,0.075,2.6815254768014627e-05,60,125.0,0,0.0,,,HPA+RL,gray,114
105.0,1.5784543344422919,0.0,83.4,69.0,0.075,3.160063571584408e-05,59,105.0,0,0.0,,,HPA+RL,gray,115
30.0,0.2563186742832402,0.0,77.96111111111111,61.0,0.075,3.160063571584408e-05,64,30.0,0,0.0,,,HPA+RL,gray,116
720.0,10.171638146797834,0.00504893655840284,92.17222222222222,77.0,10.055,0.0,59,720.0,0,0.0,,,HPA+RL,gray,117
5.0,0.013045807365141826,0.0,73.64166666666667,51.0,0.075,0.9332933526137996,48,0.0,0,0.0,,,HPA+RL,gray,118
110.0,1.6652259177502904,0.02781867854873844,86.5,79.0,0.075,3.160063571584408e-05,87,100.0,0,0.0,,,HPA+RL,gray,119
75.0,1.1526521910030119,0.004005311710192125,76.49166666666666,47.0,0.07500000000000001,0.00010304337770144986,52,75.0,0,0.0,,,HPA+RL,gray,120
100.0,1.3252048650649217,0.0,83.01805555555555,64.0,0.075,3.160063571584408e-05,53,100.0,0,0.0,,,HPA+RL,gray,121
75.0,1.300418567769901,0.0,86.33194444444445,82.0,0.075,0.0,71,75.0,0,0.0,,,HPA+RL,gray,122
135.0,2.1039241748787907,0.0029793445692389087,86.36111111111111,67.0,0.075,3.160063571584408e-05,56,135.0,0,0.0,,,HPA+RL,gray,123
120.0,2.480784217970189,2.5950855683559562e-05,82.64861111111111,79.0,0.075,2.822732766563237e-05,65,115.0,0,0.0,,,HPA+RL,gray,124
145.0,2.5313104124190855,0.04064468146066507,86.97916666666667,85.0,0.075,3.160063571584408e-05,87,130.0,0,0.0,,,HPA+RL,gray,125
685.0,10.568321395688452,0.010272261731612237,91.61944444444444,78.0,10.055,0.0,66,680.0,0,0.0,,,HPA+RL,gray,126
115.0,1.626900551573185,0.0004722455214155341,83.04305555555555,66.0,0.075,3.160063571584408e-05,56,115.0,0,0.0,,,HPA+RL,gray,127
0.0,0.0023266065694693694,0.0,73.38472222222222,52.0,0.075,0.9932923215776847,52,0.0,0,0.0,,,HPA+RL,gray,128
760.0,11.064459122658022,0.00884251954649645,98.69305555555556,90.0,10.055,0.0,72,760.0,0,0.0,,,HPA+RL,gray,129
115.0,1.3791813118520402,0.0,84.61111111111111,75.0,0.075,0.0,55,110.0,0,0.0,,,HPA+RL,gray,130
20.0,0.08408349021442607,0.03153504947196327,77.23472222222222,56.0,0.075,0.8314732758016103,73,10.0,0,0.0,,,HPA+RL,gray,131
0.0,0.0033698417379657286,0.00300265221954605,74.54861111111111,46.0,0.075,0.9830349756398865,49,0.0,0,0.0,,,HPA+RL,gray,132
0.0,0.0,0.0,74.0513888888889,46.0,0.075,1.0,43,0.0,0,0.0,,,HPA+RL,gray,133
130.0,2.861380908061162,0.0,85.26805555555555,83.0,0.075,3.160063571584408e-05,66,130.0,0,0.0,,,HPA+RL,gray,134
605.0,8.373937312326273,0.006734156865025511,89.32222222222222,75.0,10.055,0.0,49,600.0,0,0.0,,,HPA+RL,gray,135
5.0,0.018986915990903963,0.0,70.71805555555555,45.0,0.075,0.9159852530290647,42,0.0,0,0.0,,,HPA+RL,gray,136
690.0,11.176273740871778,0.02847544889182987,91.63194444444444,83.0,10.055,0.0,85,680.0,0,0.0,,,HPA+RL,gray,137
370.0,5.8164105539028625,0.0,91.64444444444445,74.0,8.928064217780827,0.0,73,370.0,0,0.0,,,HPA+RL,gray,138
110.0,1.5546311914970357,0.0,82.81111111111112,66.0,0.075,3.160063571584408e-05,56,110.0,0,0.0,,,HPA+RL,gray,139
60.0,0.9605703595194082,0.0,110.8125,97.0,0.075,0.0021602159450639763,740,35.0,10,0.0,,,ARC,gray,100
0.0,0.002997811759242186,0.0,103.52222222222223,115.0,0.075,0.990297682882856,831,0.0,10,0.0,,,ARC,gray,101
5.0,0.08288313434999806,0.0,112.8375,96.0,0.075,0.556673850508542,865,5.0,11,0.0,,,ARC,gray,102
20.0,0.04410307296351945,0.0,105.33888888888889,73.0,0.075,0.5766172449722389,800,15.0,11,0.0,,,ARC,gray,103
45.0,0.9361049890458495,0.0,92.91805555555555,99.0,0.075,3.1600635715844084e-05,613,45.0,11,0.0,,,ARC,gray,104
25.0,0.3648548265597351,0.0,109.79444444444445,108.0,0.075,0.021666611904297067,826,25.0,11,0.0,,,ARC,gray,105
65.0,0.692583600334673,0.0,106.1125,91.0,0.075,0.02325815811990152,761,35.0,11,0.0,,,ARC,gray,106
40.0,0.45876084947408247,0.0,112.83888888888889,120.0,0.075,0.010318139512358661,939,35.0,10,0.0,,,ARC,gray,107
15.0,0.24062069710294454,0.0,107.16805555555555,90.0,0.075,0.1502894748119858,826,15.0,11,0.0,,,ARC,gray,108
0.0,0.0015222495790223611,0.0,101.42222222222222,73.0,0.075,0.9897882169833346,788,0.0,11,0.0,,,ARC,gray,109
0.0,0.0,0.0,91.225,98.0,0.075,1.0,568,0.0,11,0.0,,,ARC,gray,110
35.0,0.6784473437668193,0.0,107.22361111111111,99.0,0.075,0.0006635004187086741,742,35.0,11,0.0,,,ARC,gray,111
65.0,0.9318795275957692,0.0,99.79027777777777,90.0,0.075,0.001385784624894828,749,10.0,11,0.0,,,ARC,gray,112
15.0,0.2290156599194515,0.0,113.73055555555555,114.0,0.075,0.07731195520449742,818,10.0,10,5.0,,,ARC,gray,113
0.0,0.0012017471396785773,0.0,114.18888888888888,95.0,0.075,0.9905769512041334,907,0.0,11,0.0,,,ARC,gray,114
45.0,0.8523099385966626,0.0,102.69583333333334,73.0,0.075,3.160063571584408e-05,781,45.0,11,20.0,,,ARC,gray,115
0.0,0.001785508334417596,0.0,94.58333333333333,101.0,0.075,0.9890388251457968,585,0.0,11,0.0,,,ARC,gray,116
25.0,0.25426362914445777,0.0,113.89444444444445,105.0,0.075,0.3031935407532043,739,25.0,11,0.0,,,ARC,gray,117
10.0,0.07723750555539421,0.0,107.60833333333333,92.0,0.075,0.5880344033367602,787,0.0,11,0.0,,,ARC,gray,118
40.0,0.758650981940967,0.0,104.46666666666667,120.0,0.075,0.08950983158943386,832,5.0,11,35.0,,,ARC,gray,119
15.0,0.29411513486401475,0.0,105.21944444444445,88.0,0.075,0.042636012939891464,912,15.0,11,0.0,,,ARC,gray,120
40.0,0.4726706215365861,0.0,104.76944444444445,74.0,0.075,3.1600635715844084e-05,815,40.0,11,0.0,,,ARC,gray,121
15.0,0.187627538183055,0.0,95.15694444444445,105.0,0.075,0.3039407408192459,561,15.0,11,15.0,,,ARC,gray,122
10.0,0.06397385041939652,0.0,103.675,88.0,0.075,0.7753733796544495,784,5.0,11,0.0,,,ARC,gray,123
95.0,1.1473925189671719,0.0,114.28611111111111,103.0,0.075,0.0001536972800072433,818,55.0,10,0.0,,,ARC,gray,124
5.0,0.01817424286567615,0.0,108.77083333333333,120.0,0.075,0.9285223463367601,899,5.0,10,5.0,,,ARC,gray,125
0.0,0.0,0.0,106.49305555555556,90.0,0.075,1.0,826,0.0,11,0.0,,,ARC,gray,126
10.0,0.02070148857125087,0.0,114.99305555555556,83.0,0.075,0.9139496396957958,838,10.0,11,0.0,,,ARC,gray,127
0.0,0.0020742943663165647,0.0,93.73472222222222,99.0,0.075,0.9932923215776847,566,0.0,11,0.0,,,ARC,gray,128
20.0,0.13838626100705076,0.0,121.76944444444445,120.0,0.075,0.42703507518751427,793,20.0,11,0.0,,,ARC,gray,129
40.0,0.5561054298727441,0.0,111.55416666666666,97.0,0.075,0.0076396202473699,765,20.0,11,0.0,,,ARC,gray,130
0.0,0.0,0.0,107.30833333333334,120.0,0.075,1.0,848,0.0,11,0.0,,,ARC,gray,131
0.0,0.0,0.0,103.81111111111112,87.0,0.075,1.0,884,0.0,11,0.0,,,ARC,gray,132
0.0,0.0,0.0,101.14861111111111,72.0,0.075,1.0,819,0.0,11,0.0,,,ARC,gray,133
55.0,1.160292185867151,0.0,93.15694444444445,105.0,0.075,3.1600635715844084e-05,594,55.0,11,0.0,,,ARC,gray,134
10.0,0.0760980493928809,0.0,108.02083333333333,105.0,0.075,0.508924406429729,788,5.0,11,0.0,,,ARC,gray,135
20.0,0.2210691839667711,0.0,109.99166666666666,92.0,0.075,0.05929630559108672,835,0.0,11,0.0,,,ARC,gray,136
25.0,0.0837180105897728,0.0,106.59305555555555,120.0,0.075,0.8460408843460555,859,15.0,10,0.0,,,ARC,gray,137
20.0,0.14623023012572123,0.0,111.73611111111111,96.0,0.075,0.31051167679151,861,15.0,11,0.0,,,ARC,gray,138
20.0,0.2520792858087151,0.0,105.58055555555555,75.0,0.075,0.05009717917761829,838,20.0,11,0.0,,,ARC,gray,139
50.0,0.8733949513524131,0.0,112.12222222222222,98.0,0.075,0.0022556990611042175,756,35.0,11,0.0,,,ARC-noGraph,gray,100
0.0,0.002997811759242186,0.0,103.62222222222222,115.0,0.075,0.990297682882856,864,0.0,11,0.0,,,ARC-noGraph,gray,101
10.0,0.09231807770558875,0.0,113.24027777777778,95.0,0.075,0.556673850508542,866,5.0,11,0.0,,,ARC-noGraph,gray,102
15.0,0.07802133364431807,0.0,105.66527777777777,73.0,0.075,0.07072590748584123,802,10.0,11,0.0,,,ARC-noGraph,gray,103
45.0,0.9247906103167169,0.0,92.82083333333334,99.0,0.075,3.1600635715844084e-05,608,45.0,11,0.0,,,ARC-noGraph,gray,104
20.0,0.34103921781712954,0.0,109.66527777777777,107.0,0.075,0.005100027151515814,805,20.0,11,0.0,,,ARC-noGraph,gray,105
60.0,0.5429665747397894,0.0,107.52638888888889,90.0,0.075,0.02325815811990152,793,35.0,11,0.0,,,ARC-noGraph,gray,106
35.0,0.4897018748279969,0.0,115.04166666666667,120.0,0.075,0.010318139512358661,909,30.0,10,0.0,,,ARC-noGraph,gray,107
15.0,0.24062069710294454,0.0,107.52222222222223,93.0,0.075,0.1502894748119858,853,15.0,11,0.0,,,ARC-noGraph,gray,108
0.0,0.0015222495790223611,0.0,101.45,70.0,0.075,0.9897882169833346,789,0.0,11,0.0,,,ARC-noGraph,gray,109
0.0,0.0,0.0,91.43888888888888,96.0,0.075,1.0,578,0.0,11,0.0,,,ARC-noGraph,gray,110
35.0,0.6683449239895278,0.0,107.38888888888889,100.0,0.075,0.0006635004187086741,750,35.0,11,0.0,,,ARC-noGraph,gray,111
60.0,0.8235493887373102,0.0,100.1,90.0,0.075,0.030673528705402242,764,10.0,11,0.0,,,ARC-noGraph,gray,112
20.0,0.18707753471011168,0.0,114.33888888888889,120.0,0.075,0.20611692129367448,845,15.0,11,5.0,,,ARC-noGraph,gray,113
0.0,0.0012017471396785773,0.0,114.43194444444444,94.0,0.075,0.9905769512041334,907,0.0,11,0.0,,,ARC-noGraph,gray,114
45.0,0.8333342461975035,0.0,102.99444444444444,74.0,0.075,3.160063571584408e-05,773,45.0,11,20.0,,,ARC-noGraph,gray,115
0.0,0.001785508334417596,0.0,94.33055555555555,101.0,0.075,0.9890388251457968,592,0.0,11,0.0,,,ARC-noGraph,gray,116
25.0,0.25426362914445777,0.0,114.46805555555555,107.0,0.075,0.3031935407532043,762,25.0,11,0.0,,,ARC-noGraph,gray,117
10.0,0.028399851976268486,0.0,107.58611111111111,90.0,0.075,0.8776931064352617,791,0.0,11,0.0,,,ARC-noGraph,gray,118
35.0,0.6894074663789551,0.0,106.85972222222222,120.0,0.075,0.08950983158943386,853,35.0,11,0.0,,,ARC-noGraph,gray,119
20.0,0.4739506465322063,0.0,105.69305555555556,88.0,0.075,0.042636012939891464,907,20.0,11,0.0,,,ARC-noGraph,gray,120
30.0,0.367026647857005,0.0,105.59305555555555,74.0,0.075,0.001177172299539384,811,30.0,11,0.0,,,ARC-noGraph,gray,121
15.0,0.187627538183055,0.0,96.76666666666667,105.0,0.075,0.3039407408192459,559,15.0,11,0.0,,,ARC-noGraph,gray,122
10.0,0.06397385041939652,0.0,104.40138888888889,97.0,0.075,0.7753733796544495,786,5.0,11,0.0,,,ARC-noGraph,gray,123
110.0,1.4293443418260554,0.0,115.28611111111111,102.0,0.075,0.00020498308448112142,829,65.0,11,0.0,,,ARC-noGraph,gray,124
5.0,0.024153843969298983,0.0,107.25833333333334,120.0,0.075,0.9285223463367601,888,5.0,11,5.0,,,ARC-noGraph,gray,125
5.0,0.007931121156545817,0.0,106.15555555555555,86.0,0.075,0.9382955249767505,834,5.0,11,0.0,,,ARC-noGraph,gray,126
10.0,0.02070148857125087,0.0,115.08194444444445,85.0,0.075,0.9139496396957958,839,10.0,11,0.0,,,ARC-noGraph,gray,127
0.0,0.0020056459183015463,0.0,93.65694444444445,98.0,0.075,0.9932923215776847,571,0.0,11,0.0,,,ARC-noGraph,gray,128
20.0,0.1206308524070443,0.0,121.57222222222222,120.0,0.075,0.5220370906320878,779,20.0,11,0.0,,,ARC-noGraph,gray,129
35.0,0.3387224631528296,0.0,111.81944444444444,98.0,0.075,0.09648416012435837,771,20.0,11,0.0,,,ARC-noGraph,gray,130
0.0,0.0065460033769837445,0.0,106.74583333333334,120.0,0.075,0.9882725684538423,852,0.0,11,0.0,,,ARC-noGraph,gray,131
0.0,0.00012729623315443916,0.0,103.56944444444444,83.0,0.075,0.9990002298119788,875,0.0,11,0.0,,,ARC-noGraph,gray,132
0.0,0.0,0.0,101.04583333333333,75.0,0.075,1.0,825,0.0,11,0.0,,,ARC-noGraph,gray,133
55.0,1.160292185867151,0.0,93.575,104.0,0.075,3.1600635715844084e-05,600,55.0,11,0.0,,,ARC-noGraph,gray,134
15.0,0.054006943682438635,0.0,107.1125,103.0,0.075,0.8334195499146242,811,10.0,11,0.0,,,ARC-noGraph,gray,135
30.0,0.3795152671441926,0.0,111.36666666666666,96.0,0.075,0.05929630559108672,815,0.0,10,0.0,,,ARC-noGraph,gray,136
10.0,0.05904303544238543,0.0,105.25555555555556,120.0,0.075,0.8460408843460555,852,10.0,11,10.0,,,ARC-noGraph,gray,137
15.0,0.13103030465003718,0.0,112.34722222222223,96.0,0.075,0.31051167679151,875,15.0,11,0.0,,,ARC-noGraph,gray,138
20.0,0.21278362505963155,0.0,105.08888888888889,74.0,0.075,0.05009717917761829,833,20.0,11,0.0,,,ARC-noGraph,gray,139
70.0,1.242356386624155,0.0,110.04861111111111,96.0,0.075,0.0021602159450639763,728,35.0,0,0.0,,,ARC-noChaos,gray,100
0.0,0.0,0.0,101.73194444444445,114.0,0.075,1.0,874,0.0,0,0.0,,,ARC-noChaos,gray,101
5.0,0.03500216811739287,0.0,110.27083333333333,91.0,0.075,0.8326304185615241,835,5.0,0,0.0,,,ARC-noChaos,gray,102
5.0,0.008622961978443922,0.0,105.58888888888889,76.0,0.075,0.9400389100549865,800,5.0,0,0.0,,,ARC-noChaos,gray,103
45.0,0.9341494985453447,0.0,93.00555555555556,101.0,0.075,3.1600635715844084e-05,575,45.0,0,0.0,,,ARC-noChaos,gray,104
30.0,0.3551933022295617,0.0,106.08055555555555,94.0,0.075,0.029621275005325996,782,20.0,0,0.0,,,ARC-noChaos,gray,105
55.0,0.5145318273387267,0.0,102.20416666666667,91.0,0.075,0.06767938957756675,764,15.0,0,0.0,,,ARC-noChaos,gray,106
35.0,0.4541239770887162,0.0,108.29861111111111,119.0,0.075,0.010318139512358661,901,30.0,0,0.0,,,ARC-noChaos,gray,107
20.0,0.3358321565223643,0.0,104.50833333333334,87.0,0.075,0.0035918718558404904,838,20.0,0,0.0,,,ARC-noChaos,gray,108
0.0,0.0013818685523747654,0.0,102.34722222222223,72.0,0.075,0.9897882169833346,792,0.0,0,0.0,,,ARC-noChaos,gray,109
0.0,0.0,0.0,92.21944444444445,96.0,0.075,1.0,586,0.0,0,0.0,,,ARC-noChaos,gray,110
40.0,0.6628185924817287,0.0,103.74166666666666,99.0,0.075,0.0006635004187086741,705,40.0,0,0.0,,,ARC-noChaos,gray,111
60.0,0.94729266423077,0.0,99.37083333333334,84.0,0.075,0.005682687900025992,753,10.0,0,0.0,,,ARC-noChaos,gray,112
25.0,0.22543210604768493,0.0,111.77083333333333,120.0,0.075,0.20611692129367448,861,15.0,0,0.0,,,ARC-noChaos,gray,113
0.0,0.0012017471396785773,0.0,115.41388888888889,94.0,0.075,0.9905769512041334,902,0.0,0,0.0,,,ARC-noChaos,gray,114
45.0,0.7133465384938309,0.0,103.8013888888889,77.0,0.075,3.160063571584408e-05,778,45.0,0,0.0,,,ARC-noChaos,gray,115
0.0,0.0,0.0,95.59027777777777,102.0,0.075,1.0,572,0.0,0,0.0,,,ARC-noChaos,gray,116
25.0,0.25426362914445777,0.0,109.28888888888889,101.0,0.075,0.3031935407532043,742,25.0,0,0.0,,,ARC-noChaos,gray,117
10.0,0.07723750555539421,0.0,108.25972222222222,91.0,0.075,0.5880344033367602,816,0.0,0,0.0,,,ARC-noChaos,gray,118
5.0,0.013215687838141754,0.0,105.05416666666666,120.0,0.075,0.944790481989066,838,5.0,0,0.0,,,ARC-noChaos,gray,119
15.0,0.40730277541741744,0.0,104.28611111111111,87.0,0.075,0.042636012939891464,873,15.0,0,0.0,,,ARC-noChaos,gray,120
40.0,0.4730149377464299,0.0,105.38888888888889,76.0,0.075,3.1600635715844084e-05,810,40.0,0,0.0,,,ARC-noChaos,gray,121
15.0,0.187627538183055,0.0,96.16805555555555,108.0,0.075,0.3039407408192459,541,15.0,0,0.0,,,ARC-noChaos,gray,122
10.0,0.06397385041939652,0.0,101.72222222222223,86.0,0.075,0.7753733796544495,772,5.0,0,0.0,,,ARC-noChaos,gray,123
125.0,1.746999606809363,0.0,112.64027777777778,105.0,0.075,5.581234589718086e-05,787,60.0,0,0.0,,,ARC-noChaos,gray,124
55.0,1.1659025483737984,0.0,105.84166666666667,120.0,0.075,0.011729348441652358,869,20.0,0,0.0,,,ARC-noChaos,gray,125
5.0,0.007931121156545817,0.0,105.72083333333333,88.0,0.075,0.9382955249767505,826,5.0,0,0.0,,,ARC-noChaos,gray,126
15.0,0.1397527849345659,0.0,115.97222222222223,88.0,0.075,0.09953962401148188,841,15.0,0,0.0,,,ARC-noChaos,gray,127
0.0,0.0020056459183015463,0.0,94.87083333333334,98.0,0.075,0.9932923215776847,582,0.0,0,0.0,,,ARC-noChaos,gray,128
20.0,0.13838626100705076,0.0,117.04861111111111,115.0,0.075,0.42703507518751427,780,20.0,0,0.0,,,ARC-noChaos,gray,129
35.0,0.5131064123367057,0.0,109.35694444444445,93.0,0.075,0.0076396202473699,764,20.0,0,0.0,,,ARC-noChaos,gray,130
0.0,0.0,0.0,106.75416666666666,120.0,0.075,1.0,837,0.0,0,0.0,,,ARC-noChaos,gray,131
0.0,0.00012729623315443916,0.0,103.34583333333333,84.0,0.075,0.9990002298119788,867,0.0,0,0.0,,,ARC-noChaos,gray,132
0.0,0.0,0.0,102.28472222222223,75.0,0.075,1.0,830,0.0,0,0.0,,,ARC-noChaos,gray,133
50.0,1.0473626938334202,0.0,93.41111111111111,105.0,0.075,3.1600635715844084e-05,592,50.0,0,0.0,,,ARC-noChaos,gray,134
20.0,0.14999148508756388,0.0,104.64027777777778,92.0,0.075,0.508924406429729,810,10.0,0,0.0,,,ARC-noChaos,gray,135
50.0,0.8080205829291143,0.0,108.79722222222222,93.0,0.075,0.05849947451343125,787,0.0,0,0.0,,,ARC-noChaos,gray,136
5.0,0.017970058006966383,0.0,104.3625,120.0,0.075,0.9199583307743938,849,5.0,0,0.0,,,ARC-noChaos,gray,137
20.0,0.13812625482783059,0.0,109.21111111111111,98.0,0.075,0.31051167679151,851,15.0,0,0.0,,,ARC-noChaos,gray,138
20.0,0.21278362505963155,0.0,105.13472222222222,73.0,0.075,0.05009717917761829,826,20.0,0,0.0,,,ARC-noChaos,gray,139
60.0,0.9605703595194082,0.0,110.8125,97.0,0.075,0.0021602159450639763,740,35.0,10,0.0,,,ARC-noSec,gray,100
0.0,0.002997811759242186,0.0,103.52222222222223,115.0,0.075,0.990297682882856,831,0.0,10,0.0,,,ARC-noSec,gray,101
5.0,0.08288313434999806,0.0,112.8375,96.0,0.075,0.556673850508542,865,5.0,11,0.0,,,ARC-noSec,gray,102
20.0,0.04410307296351945,0.0,105.33888888888889,73.0,0.075,0.5766172449722389,800,15.0,11,0.0,,,ARC-noSec,gray,103
45.0,0.9361049890458495,0.0,92.91805555555555,99.0,0.075,3.1600635715844084e-05,613,45.0,11,0.0,,,ARC-noSec,gray,104
25.0,0.3648548265597351,0.0,109.0375,104.0,0.075,0.021666611904297067,806,25.0,11,0.0,,,ARC-noSec,gray,105
85.0,1.0631924712622531,0.0,105.06527777777778,91.0,0.075,0.02325815811990152,757,35.0,11,0.0,,,ARC-noSec,gray,106
40.0,0.45876084947408247,0.0,112.68472222222222,120.0,0.075,0.010318139512358661,907,35.0,10,0.0,,,ARC-noSec,gray,107
15.0,0.24062069710294454,0.0,107.16805555555555,90.0,0.075,0.1502894748119858,825,15.0,11,0.0,,,ARC-noSec,gray,108
0.0,0.0015222495790223611,0.0,101.42222222222222,73.0,0.075,0.9897882169833346,788,0.0,11,0.0,,,ARC-noSec,gray,109
0.0,0.0,0.0,91.225,98.0,0.075,1.0,568,0.0,11,0.0,,,ARC-noSec,gray,110
35.0,0.6784473437668193,0.0,107.1986111111111,99.0,0.075,0.0006635004187086741,749,35.0,11,0.0,,,ARC-noSec,gray,111
65.0,0.9318795275957692,0.0,99.77083333333333,90.0,0.075,0.001385784624894828,749,10.0,11,0.0,,,ARC-noSec,gray,112
15.0,0.2290156599194515,0.0,113.69722222222222,114.0,0.075,0.07731195520449742,817,10.0,10,5.0,,,ARC-noSec,gray,113
0.0,0.0012017471396785773,0.0,114.18888888888888,95.0,0.075,0.9905769512041334,907,0.0,11,0.0,,,ARC-noSec,gray,114
45.0,0.8523099385966626,0.0,102.64444444444445,73.0,0.075,3.160063571584408e-05,781,45.0,11,20.0,,,ARC-noSec,gray,115
0.0,0.001785508334417596,0.0,94.58333333333333,101.0,0.075,0.9890388251457968,585,0.0,11,0.0,,,ARC-noSec,gray,116
25.0,0.25426362914445777,0.0,113.89166666666667,105.0,0.075,0.3031935407532043,738,25.0,11,0.0,,,ARC-noSec,gray,117
10.0,0.07723750555539421,0.0,107.60833333333333,92.0,0.075,0.5880344033367602,787,0.0,11,0.0,,,ARC-noSec,gray,118
40.0,0.758650981940967,0.0,104.44722222222222,120.0,0.075,0.08950983158943386,830,5.0,11,35.0,,,ARC-noSec,gray,119
15.0,0.29411513486401475,0.0,105.49444444444444,88.0,0.075,0.042636012939891464,921,15.0,11,0.0,,,ARC-noSec,gray,120
40.0,0.4726706215365861,0.0,104.78888888888889,74.0,0.075,3.1600635715844084e-05,807,40.0,11,0.0,,,ARC-noSec,gray,121
15.0,0.187627538183055,0.0,95.16388888888889,105.0,0.075,0.3039407408192459,547,15.0,11,15.0,,,ARC-noSec,gray,122
10.0,0.06397385041939652,0.0,103.675,88.0,0.075,0.7753733796544495,784,5.0,11,0.0,,,ARC-noSec,gray,123
95.0,1.1473925189671719,0.0,114.28611111111111,103.0,0.075,0.0001536972800072433,818,55.0,10,0.0,,,ARC-noSec,gray,124
5.0,0.01817424286567615,0.0,108.77083333333333,120.0,0.075,0.9285223463367601,898,5.0,10,5.0,,,ARC-noSec,gray,125
0.0,0.0,0.0,106.49305555555556,90.0,0.075,1.0,826,0.0,11,0.0,,,ARC-noSec,gray,126
10.0,0.02070148857125087,0.0,114.99305555555556,83.0,0.075,0.9139496396957958,838,10.0,11,0.0,,,ARC-noSec,gray,127
0.0,0.0020742943663165647,0.0,93.73472222222222,99.0,0.075,0.9932923215776847,566,0.0,11,0.0,,,ARC-noSec,gray,128
20.0,0.13838626100705076,0.0,121.52361111111111,120.0,0.075,0.42703507518751427,794,20.0,11,0.0,,,ARC-noSec,gray,129
40.0,0.5561054298727441,0.0,111.34444444444445,98.0,0.075,0.0076396202473699,774,20.0,10,0.0,,,ARC-noSec,gray,130
0.0,0.0,0.0,107.30833333333334,120.0,0.075,1.0,848,0.0,11,0.0,,,ARC-noSec,gray,131
0.0,0.0,0.0,103.81111111111112,87.0,0.075,1.0,884,0.0,11,0.0,,,ARC-noSec,gray,132
0.0,0.0,0.0,101.14861111111111,72.0,0.075,1.0,819,0.0,11,0.0,,,ARC-noSec,gray,133
55.0,1.160292185867151,0.0,93.43472222222222,105.0,0.075,3.1600635715844084e-05,595,55.0,11,0.0,,,ARC-noSec,gray,134
10.0,0.0760980493928809,0.0,108.02083333333333,105.0,0.075,0.508924406429729,788,5.0,11,0.0,,,ARC-noSec,gray,135
20.0,0.2210691839667711,0.0,109.99166666666666,92.0,0.075,0.05929630559108672,835,0.0,11,0.0,,,ARC-noSec,gray,136
25.0,0.0837180105897728,0.0,106.52361111111111,120.0,0.075,0.8460408843460555,858,15.0,10,0.0,,,ARC-noSec,gray,137
20.0,0.14623023012572123,0.0,111.73611111111111,96.0,0.075,0.31051167679151,861,15.0,11,0.0,,,ARC-noSec,gray,138
20.0,0.2520792858087151,0.0,105.58055555555555,75.0,0.075,0.05009717917761829,838,20.0,11,0.0,,,ARC-noSec,gray,139
1020.0,16.31433255925301,0.0,77.89861111111111,98.0,5.208120260288733,3.8055261970712367e-07,4269,80.0,10,70.0,,,ARC-noGuard,gray,100
535.0,7.329143936371962,0.0,71.12638888888888,102.0,1.2901596797409598,8.07497479865656e-05,4271,15.0,10,45.0,,,ARC-noGuard,gray,101
940.0,13.520944513433397,0.0,77.925,116.0,6.031263898841708,0.0,4218,35.0,9,20.0,,,ARC-noGuard,gray,102
1140.0,13.941063737637316,0.0,74.45138888888889,88.0,4.087302230724426,3.160063571584408e-05,4529,120.0,9,170.0,,,ARC-noGuard,gray,103
620.0,9.386422637628488,0.0,69.43194444444444,91.0,3.054099999999999,2.451148292555321e-07,3224,60.0,10,0.0,,,ARC-noGuard,gray,104
1090.0,15.404143623722222,0.0,76.78611111111111,106.0,6.098857165432089,3.4860551319384283e-07,4499,75.0,8,25.0,,,ARC-noGuard,gray,105
1225.0,19.12725470616238,0.0,71.12916666666666,90.0,5.775026990644376,0.0,4197,50.0,9,130.0,,,ARC-noGuard,gray,106
1270.0,18.956324860358254,0.0,71.45694444444445,107.0,4.603114321301085,0.0,4439,35.0,8,55.0,,,ARC-noGuard,gray,107
1120.0,15.465477822893725,0.0,73.2611111111111,110.0,8.09496602427097,2.3512190562079495e-07,4288,195.0,10,85.0,,,ARC-noGuard,gray,108
290.0,2.8887515671267794,0.0,77.1375,91.0,0.3081413033173042,0.01606487516100917,4618,15.0,10,0.0,,,ARC-noGuard,gray,109
445.0,6.671291366560972,0.0,71.99722222222222,97.0,1.736715315502849,0.0008208257820957797,3333,25.0,11,25.0,,,ARC-noGuard,gray,110
1090.0,15.814403627109341,0.0,76.31666666666666,120.0,7.486891666526087,4.66809032924668e-07,4253,60.0,9,35.0,,,ARC-noGuard,gray,111
1320.0,20.265498729868746,0.0,71.11805555555556,88.0,7.148966994948108,2.9570030892717427e-07,4051,65.0,9,60.0,,,ARC-noGuard,gray,112
1240.0,16.96850157483062,0.0,75.13194444444444,120.0,8.219984295236559,0.0,4332,90.0,9,80.0,,,ARC-noGuard,gray,113
965.0,13.66288368461862,0.0,80.52361111111111,119.0,6.092137153943547,2.36209450656701e-07,4450,25.0,9,5.0,,,ARC-noGuard,gray,114
1175.0,15.163385407320662,0.0,75.09583333333333,87.0,5.891271543769602,3.160063571584408e-05,4502,80.0,9,95.0,,,ARC-noGuard,gray,115
520.0,7.746905720412034,0.0,72.70555555555555,93.0,2.3577800983734183,2.2516029268264292e-07,3445,35.0,10,60.0,,,ARC-noGuard,gray,116
1090.0,14.529401892996995,0.0,78.04166666666667,118.0,6.740568817961271,0.0,4394,35.0,9,40.0,,,ARC-noGuard,gray,117
435.0,6.946561877438883,0.0,78.65694444444445,102.0,1.3086652513799113,0.00010304337770144988,4525,10.0,10,50.0,,,ARC-noGuard,gray,118
1025.0,15.136722358712085,0.0,71.49027777777778,106.0,5.352040335144788,1.9565036275694506e-07,4134,90.0,10,160.0,,,ARC-noGuard,gray,119
395.0,5.382033627741423,0.0,75.8638888888889,117.0,0.6663717081917275,0.000406040445293737,4308,20.0,10,55.0,,,ARC-noGuard,gray,120
1035.0,12.289640824367332,0.0,76.38333333333334,94.0,3.865323364525081,4.172214744454994e-07,4630,100.0,9,50.0,,,ARC-noGuard,gray,121
725.0,10.741359006957085,0.0,75.54444444444445,101.0,3.053,0.0,3382,60.0,10,10.0,,,ARC-noGuard,gray,122
1260.0,17.73297024345075,0.0,73.68611111111112,120.0,7.228087532442407,4.5989914021584897e-07,4356,65.0,9,95.0,,,ARC-noGuard,gray,123
1155.0,17.273247015034343,0.0,78.22083333333333,102.0,6.183393493848913,3.766879927169543e-07,4404,25.0,9,90.0,,,ARC-noGuard,gray,124
1125.0,15.899575378777264,0.0,72.07916666666667,112.0,5.5554317620482765,1.5532462702057471e-07,4423,15.0,9,45.0,,,ARC-noGuard,gray,125
1075.0,14.741919946559944,0.0,74.54166666666667,111.0,6.592119384035012,0.0,4068,105.0,9,40.0,,,ARC-noGuard,gray,126
945.0,12.155013201930187,0.0,84.66388888888889,109.0,4.827262571282637,3.160063571584408e-05,4959,105.0,9,40.0,,,ARC-noGuard,gray,127
350.0,5.29227295218051,0.0,74.72916666666667,101.0,0.7940975264906248,0.0003463518404268664,3426,20.0,11,20.0,,,ARC-noGuard,gray,128
1175.0,16.072363255441914,0.0,82.9625,120.0,6.189796399474092,0.0,4577,65.0,9,45.0,,,ARC-noGuard,gray,129
1090.0,17.27668003196151,0.0,76.2875,96.0,6.439961008415493,0.0,4363,95.0,9,50.0,,,ARC-noGuard,gray,130
365.0,4.7621066454264005,0.0,74.70833333333333,111.0,0.6387331041949563,0.00032590536245312364,4408,10.0,10,20.0,,,ARC-noGuard,gray,131
440.0,5.420393677271107,0.0,74.55833333333334,106.0,0.8846774509104622,0.0004031237044809402,4243,5.0,10,50.0,,,ARC-noGuard,gray,132
295.0,3.1913918093720683,0.0,75.52222222222223,89.0,0.2236814147588127,0.011595165157498722,4690,5.0,10,70.0,,,ARC-noGuard,gray,133
635.0,10.387862766271926,0.0,73.5,100.0,3.075,2.3715570139761154e-07,3389,90.0,10,60.0,,,ARC-noGuard,gray,134
1255.0,16.86842273359813,0.0,74.17777777777778,101.0,5.741406756541214,0.0,4291,170.0,9,60.0,,,ARC-noGuard,gray,135
625.0,9.777831009210935,0.0,76.55555555555556,101.0,2.4996708751396364,0.0003935709424966975,4576,40.0,10,130.0,,,ARC-noGuard,gray,136
1210.0,16.84252835763873,0.0,71.5875,108.0,6.931976415955399,0.0,4320,50.0,10,130.0,,,ARC-noGuard,gray,137
1060.0,15.322798916014623,0.0,74.90277777777777,105.0,8.367210245678763,0.0,4320,115.0,9,25.0,,,ARC-noGuard,gray,138
985.0,12.268101330859771,0.0,78.33611111111111,98.0,4.630923333328849,3.160063571584408e-05,4725,55.0,9,55.0,,,ARC-noGuard,gray,139
125.0,2.005314698733862,0.0,112.90416666666667,97.0,0.075,3.160063571584408e-05,784,80.0,11,0.0,,,ARC-noRemed,gray,100
0.0,0.0,0.0,103.39027777777778,113.0,0.075,1.0,869,0.0,11,0.0,,,ARC-noRemed,gray,101
455.0,6.889520093000212,0.0,117.32638888888889,98.0,10.02383862909642,0.0,856,455.0,10,0.0,,,ARC-noRemed,gray,102
20.0,0.06195875100707404,0.0,105.34166666666667,73.0,0.075,0.5766172449722389,801,15.0,11,0.0,,,ARC-noRemed,gray,103
110.0,2.3034916227650637,0.0,93.7,100.0,0.075,3.160063571584408e-05,616,110.0,11,0.0,,,ARC-noRemed,gray,104
75.0,1.2466958200585743,0.0,110.48333333333333,108.0,0.075,3.160063571584408e-05,820,75.0,11,0.0,,,ARC-noRemed,gray,105
350.0,4.6264019307874165,0.0,108.03333333333333,91.0,0.7541671039329929,0.0,779,300.0,11,0.0,,,ARC-noRemed,gray,106
615.0,10.336700326897041,0.0,117.60555555555555,120.0,10.055,0.0,901,610.0,10,0.0,,,ARC-noRemed,gray,107
45.0,0.596931053161398,0.0,106.98055555555555,90.0,0.075,3.1600635715844084e-05,857,45.0,11,0.0,,,ARC-noRemed,gray,108
0.0,0.0015222495790223611,0.0,101.42222222222222,73.0,0.075,0.9897882169833346,788,0.0,11,0.0,,,ARC-noRemed,gray,109
0.0,0.0,0.0,91.225,98.0,0.075,1.0,568,0.0,11,0.0,,,ARC-noRemed,gray,110
85.0,1.4748942525889985,0.0,108.3236111111111,101.0,0.075,3.160063571584408e-05,756,85.0,11,0.0,,,ARC-noRemed,gray,111
115.0,1.8364924999544119,0.0,100.97777777777777,90.0,0.075,3.160063571584408e-05,795,10.0,11,0.0,,,ARC-noRemed,gray,112
430.0,7.299006242393458,0.0,117.30555555555556,120.0,10.055,0.0,817,430.0,10,0.0,,,ARC-noRemed,gray,113
0.0,0.003476565738114168,0.0,117.97638888888889,98.0,0.075,0.9842715752821657,939,0.0,11,0.0,,,ARC-noRemed,gray,114
85.0,1.3617098421220941,0.0,103.8861111111111,79.0,0.075,3.160063571584408e-05,781,85.0,11,20.0,,,ARC-noRemed,gray,115
0.0,0.001785508334417596,0.0,94.58333333333333,101.0,0.075,0.9890388251457968,585,0.0,11,0.0,,,ARC-noRemed,gray,116
720.0,10.12165649504534,0.0,120.86666666666666,110.0,10.055,0.0,691,720.0,10,0.0,,,ARC-noRemed,gray,117
30.0,0.3290725818707041,0.0,107.85416666666667,93.0,0.075,0.19103383648114847,797,0.0,11,0.0,,,ARC-noRemed,gray,118
60.0,1.1438958959898216,0.0,106.1361111111111,120.0,0.075,8.763843602184059e-06,860,5.0,11,0.0,,,ARC-noRemed,gray,119
30.0,0.5763473453648138,0.0,107.20277777777778,89.0,0.07500000000000004,0.00010304337770144988,909,30.0,11,0.0,,,ARC-noRemed,gray,120
95.0,1.2471138973103812,0.0,106.22361111111111,81.0,0.075,3.160063571584408e-05,823,95.0,11,0.0,,,ARC-noRemed,gray,121
75.0,1.2565954947005409,0.0,97.375,105.0,0.075,0.0,601,75.0,11,55.0,,,ARC-noRemed,gray,122
10.0,0.06397385041939652,0.0,104.13055555555556,96.0,0.075,0.7753733796544495,781,5.0,11,0.0,,,ARC-noRemed,gray,123
245.0,4.457384099377981,0.0,117.81805555555556,109.0,0.075,2.3918364834370306e-05,846,120.0,10,0.0,,,ARC-noRemed,gray,124
135.0,2.857954532788065,0.0,112.39722222222223,120.0,0.075,4.63122653326891e-06,921,80.0,11,0.0,,,ARC-noRemed,gray,125
0.0,0.0,0.0,106.6625,87.0,0.075,1.0,840,0.0,11,0.0,,,ARC-noRemed,gray,126
10.0,0.02070148857125087,0.0,114.99305555555556,83.0,0.075,0.9139496396957958,838,10.0,11,0.0,,,ARC-noRemed,gray,127
0.0,0.0020742943663165647,0.0,93.73472222222222,99.0,0.075,0.9932923215776847,566,0.0,11,0.0,,,ARC-noRemed,gray,128
750.0,10.685152918364016,0.0,129.0861111111111,120.0,10.055,0.0,734,750.0,10,0.0,,,ARC-noRemed,gray,129
60.0,0.8372157303953576,0.0,111.99027777777778,96.0,0.075,0.0,792,35.0,10,0.0,,,ARC-noRemed,gray,130
0.0,0.0065460033769837445,0.0,107.2388888888889,120.0,0.075,0.9882725684538423,860,0.0,11,0.0,,,ARC-noRemed,gray,131
0.0,0.0,0.0,104.03611111111111,86.0,0.075,1.0,908,0.0,11,0.0,,,ARC-noRemed,gray,132
0.0,0.0,0.0,101.14861111111111,72.0,0.075,1.0,819,0.0,11,0.0,,,ARC-noRemed,gray,133
105.0,2.21323114759554,0.0,94.55694444444444,106.0,0.075,3.160063571584408e-05,618,105.0,11,0.0,,,ARC-noRemed,gray,134
575.0,8.015368831718284,0.0,112.975,106.0,10.055,0.0,764,570.0,11,0.0,,,ARC-noRemed,gray,135
65.0,1.2321037010551095,0.0,112.26666666666667,95.0,0.075,0.007024316563699665,850,0.0,10,0.0,,,ARC-noRemed,gray,136
15.0,0.03773306103709295,0.0,106.825,120.0,0.075,0.9002348505214538,876,10.0,11,5.0,,,ARC-noRemed,gray,137
360.0,5.545113054417506,0.0,115.60416666666667,105.0,7.8685928068262125,0.0,866,360.0,10,0.0,,,ARC-noRemed,gray,138
90.0,1.2956303300962868,0.0,106.43472222222222,81.0,0.075,3.160063571584408e-05,830,90.0,11,0.0,,,ARC-noRemed,gray,139
5880.0,92.6648253383477,0.0,44.0,24.0,6.055,4.3069108291187185e-05,0,1175.0,0,0.0,,,Static,ddos,100
1545.0,25.88903485300903,0.0,56.833333333333336,31.0,9.055,3.7489450238983836e-06,0,915.0,0,0.0,,,Static,ddos,101
1160.0,15.994895873306502,0.0,62.333333333333336,34.0,7.415403837164904,1.2946121599133927e-06,0,925.0,0,0.0,,,Static,ddos,102
4815.0,74.79929173210583,0.0,53.166666666666664,29.0,6.055,0.00014960936387076865,0,1180.0,0,0.0,,,Static,ddos,103
465.0,8.090639541642453,0.0,73.33333333333333,40.0,1.51101563035665,0.03306147894236629,0,25.0,0,0.0,,,Static,ddos,104
6215.0,91.6937511914624,0.0,36.666666666666664,20.0,3.075,0.012217126491034964,0,1200.0,0,0.0,,,Static,ddos,105
5905.0,93.01407893648154,0.0,44.0,24.0,6.055,4.498847175161031e-05,0,1200.0,0,0.0,,,Static,ddos,106
1490.0,24.891317790872648,0.0,56.833333333333336,31.0,9.055,3.6849125699076392e-06,0,1050.0,0,0.0,,,Static,ddos,107
755.0,10.639333876396574,0.0,58.666666666666664,32.0,3.075,0.029408349471884008,0,15.0,0,0.0,,,Static,ddos,108
4260.0,66.15689372366586,0.0,53.166666666666664,29.0,6.055,0.00014782600532057584,0,1195.0,0,0.0,,,Static,ddos,109
625.0,9.920670421500821,0.0,73.33333333333333,40.0,2.082622394885289,0.03300369954704538,0,85.0,0,0.0,,,Static,ddos,110
6215.0,91.57757171086627,0.0,36.666666666666664,20.0,3.075,0.012497884713358496,0,1200.0,0,0.0,,,Static,ddos,111
5955.0,93.64812969352708,0.0,44.0,24.0,6.055,4.257908088769766e-05,0,1005.0,0,0.0,,,Static,ddos,112
1235.0,18.36589584754764,0.0,56.833333333333336,31.0,8.806496238093978,3.773242302298971e-06,0,915.0,0,0.0,,,Static,ddos,113
1260.0,18.858637184791938,0.0,62.333333333333336,34.0,7.574534421998929,1.2900321436624655e-06,0,905.0,0,0.0,,,Static,ddos,114
4170.0,64.95795362326979,0.0,53.166666666666664,29.0,6.055,0.00014888195360844876,0,1195.0,0,0.0,,,Static,ddos,115
570.0,9.558696294654311,0.0,73.33333333333333,40.0,1.9967839164135572,0.03220094681020103,0,85.0,0,0.0,,,Static,ddos,116
6220.0,91.78081977360605,0.0,36.666666666666664,20.0,3.075,0.012430183280517355,0,975.0,0,0.0,,,Static,ddos,117
5885.0,92.8733407926532,0.0,44.0,24.0,6.055,4.36832593123805e-05,0,1055.0,0,0.0,,,Static,ddos,118
1450.0,23.248022775534793,0.0,56.833333333333336,31.0,9.055,3.6953932577673485e-06,0,965.0,0,0.0,,,Static,ddos,119
1345.0,19.936985818017426,0.0,62.333333333333336,34.0,7.279943274448454,1.305903561161536e-06,0,895.0,0,0.0,,,Static,ddos,120
1250.0,16.47749586631042,0.0,55.0,30.0,3.075,0.02515094744439846,0,890.0,0,0.0,,,Static,ddos,121
510.0,8.246644625809473,0.0,73.33333333333333,40.0,1.4114117321702988,0.03304052196928321,0,20.0,0,0.0,,,Static,ddos,122
6220.0,91.719860065595,0.0,36.666666666666664,20.0,3.075,0.012174873426271738,0,1200.0,0,0.0,,,Static,ddos,123
5890.0,92.05885772031858,0.0,44.0,24.0,6.055,4.2421859852765696e-05,0,1185.0,0,0.0,,,Static,ddos,124
1385.0,21.321563244941245,0.0,56.833333333333336,31.0,8.778651199144102,3.691057735368428e-06,0,915.0,0,0.0,,,Static,ddos,125
1225.0,18.005569268383436,0.0,62.333333333333336,34.0,7.314619371541139,1.1625944331781955e-06,0,860.0,0,0.0,,,Static,ddos,126
4330.0,66.340574684993,0.0,53.166666666666664,29.0,6.055,0.0001498142154297693,0,1185.0,0,0.0,,,Static,ddos,127
490.0,8.513390629201412,0.0,73.33333333333333,40.0,1.6427961844702859,0.033453678407718554,0,140.0,0,0.0,,,Static,ddos,128
6210.0,91.71108450869804,0.0,36.666666666666664,20.0,3.075,0.011772023286989536,0,1015.0,0,0.0,,,Static,ddos,129
5885.0,92.86271597497795,0.0,44.0,24.0,6.055,4.251759018142905e-05,0,1045.0,0,0.0,,,Static,ddos,130
1510.0,25.126255698974663,0.0,56.833333333333336,31.0,9.055,3.6393301235665716e-06,0,1050.0,0,0.0,,,Static,ddos,131
1200.0,16.878138250772935,0.0,62.333333333333336,34.0,7.188631125754631,1.3334551192475064e-06,0,900.0,0,0.0,,,Static,ddos,132
1265.0,15.246165265350143,0.0,55.0,30.0,3.075,0.025644236555438366,0,880.0,0,0.0,,,Static,ddos,133
500.0,8.821821779310445,0.0,73.33333333333333,40.0,1.9271983021786474,0.03264693539376655,0,145.0,0,0.0,,,Static,ddos,134
6215.0,91.83751474292976,0.0,36.666666666666664,20.0,3.075,0.012443818879715561,0,1200.0,0,0.0,,,Static,ddos,135
2265.0,32.95913639692017,0.0,45.833333333333336,25.0,3.075,0.02023429553561245,0,890.0,0,0.0,,,Static,ddos,136
1335.0,21.21143988234685,0.0,56.833333333333336,31.0,9.055,3.7361139884062705e-06,0,890.0,0,0.0,,,Static,ddos,137
1365.0,19.62373749796119,0.0,62.333333333333336,34.0,7.201749645969103,1.3190490628842252e-06,0,920.0,0,0.0,,,Static,ddos,138
1255.0,15.952168782344355,0.0,55.0,30.0,3.075,0.02480987696285748,0,875.0,0,0.0,,,Static,ddos,139
120.0,1.8088556967071345,0.0,98.14861111111111,120.0,0.075,0.0015067230014470568,103,115.0,0,0.0,,,HPA,ddos,100
95.0,1.7361327450545971,0.0,100.47083333333333,120.0,0.075,0.00017117093443913125,139,95.0,0,0.0,,,HPA,ddos,101
5.0,0.012276203467642688,0.0,85.63472222222222,64.0,0.075,0.9295340601642412,80,5.0,0,0.0,,,HPA,ddos,102
60.0,0.7132349712644093,0.0,96.61944444444444,104.0,0.075,0.002855326362941822,92,60.0,0,0.0,,,HPA,ddos,103
0.0,0.0,0.0,84.325,73.0,0.075,1.0,82,0.0,0,0.0,,,HPA,ddos,104
70.0,0.9975369333425355,0.0,98.01388888888889,116.0,0.075,0.0026754686035652246,94,70.0,0,0.0,,,HPA,ddos,105
105.0,1.1872433493597123,0.0,88.79027777777777,93.0,0.075,0.00677963564733067,75,90.0,0,0.0,,,HPA,ddos,106
80.0,1.1030551803426825,0.0,97.25277777777778,111.0,0.075,0.0018801110042821546,107,80.0,0,0.0,,,HPA,ddos,107
0.0,0.0012593928549020639,0.0,83.99305555555556,61.0,0.075,0.992085150614434,66,0.0,0,0.0,,,HPA,ddos,108
95.0,1.4022510247067466,0.0,101.6625,120.0,0.075,1.727658496448391e-05,117,95.0,0,0.0,,,HPA,ddos,109
0.0,0.0,0.0,82.29027777777777,71.0,0.075,1.0,80,0.0,0,0.0,,,HPA,ddos,110
0.0,0.002684249807183292,0.0,88.01388888888889,64.0,0.075,0.9719800624372862,67,0.0,0,0.0,,,HPA,ddos,111
20.0,0.033920192630898516,0.0,81.39722222222223,66.0,0.075,0.8728713999642427,68,15.0,0,0.0,,,HPA,ddos,112
75.0,1.4151770224750115,0.0,99.46666666666667,120.0,0.075,0.0014007656379377337,115,75.0,0,0.0,,,HPA,ddos,113
15.0,0.05365109549144709,0.0,90.04583333333333,84.0,0.075,0.803518087854913,86,15.0,0,0.0,,,HPA,ddos,114
90.0,1.187332801747265,0.0,99.6375,120.0,0.075,0.00012500304685711614,102,90.0,0,0.0,,,HPA,ddos,115
0.0,0.0,0.0,83.12361111111112,73.0,0.075,1.0,81,0.0,0,0.0,,,HPA,ddos,116
10.0,0.03462048629586656,0.0,86.41527777777777,71.0,0.075,0.7216019110325663,61,10.0,0,0.0,,,HPA,ddos,117
20.0,0.04188909940655572,0.0,83.97083333333333,67.0,0.075,0.9112908921689676,69,25.0,0,0.0,,,HPA,ddos,118
90.0,1.2877836245980379,0.0,103.02361111111111,120.0,0.075,0.0012301289010763134,112,90.0,0,0.0,,,HPA,ddos,119
90.0,1.3161999892814413,0.0,100.66527777777777,120.0,0.075,6.455206766178893e-06,105,90.0,0,0.0,,,HPA,ddos,120
25.0,0.18699292593626904,0.0,85.32777777777778,63.0,0.07500000000000007,0.25773164086583117,68,25.0,0,0.0,,,HPA,ddos,121
0.0,0.0021585786060596135,0.0,82.67777777777778,71.0,0.075,0.9847593926196682,80,0.0,0,0.0,,,HPA,ddos,122
0.0,0.0,0.0,86.87361111111112,62.0,0.075,1.0,69,0.0,0,0.0,,,HPA,ddos,123
125.0,2.295235611727209,0.0,96.05833333333334,120.0,0.075,4.569169167110992e-05,125,120.0,0,0.0,,,HPA,ddos,124
65.0,1.2804831145260098,0.0,99.27916666666667,120.0,0.075,0.001203655810556016,114,65.0,0,0.0,,,HPA,ddos,125
10.0,0.030575720995495992,0.0,86.62083333333334,65.0,0.075,0.8081186114679804,77,10.0,0,0.0,,,HPA,ddos,126
45.0,0.4362419329175693,0.0,92.6,90.0,0.075,0.03975664008561627,90,45.0,0,0.0,,,HPA,ddos,127
75.0,1.2825864521346042,0.0,93.12638888888888,106.0,0.075,0.0027205580435761974,104,75.0,0,0.0,,,HPA,ddos,128
90.0,1.4734863781055707,0.0,103.48055555555555,120.0,0.075,5.9993314243063936e-05,114,90.0,0,0.0,,,HPA,ddos,129
75.0,0.6572073374399023,0.0,90.25694444444444,99.0,0.075,0.019283783222180714,78,70.0,0,0.0,,,HPA,ddos,130
95.0,1.2723262975358196,0.0,100.11944444444444,120.0,0.075,0.0004016766958430312,117,90.0,0,0.0,,,HPA,ddos,131
0.0,0.0,0.0,83.95277777777778,63.0,0.075,1.0,73,0.0,0,0.0,,,HPA,ddos,132
0.0,0.0,0.0,83.70833333333333,60.0,0.075,1.0,73,0.0,0,0.0,,,HPA,ddos,133
0.0,0.0,0.0,85.96805555555555,76.0,0.075,1.0,78,0.0,0,0.0,,,HPA,ddos,134
35.0,0.3147682655470496,0.0,86.77361111111111,77.0,0.075,0.049913098927906505,65,35.0,0,0.0,,,HPA,ddos,135
10.0,0.02365108570114849,0.0,82.15277777777777,68.0,0.075,0.9159852530290647,68,5.0,0,0.0,,,HPA,ddos,136
0.0,0.0,0.0,86.45277777777778,76.0,0.075,1.0,94,0.0,0,0.0,,,HPA,ddos,137
100.0,1.306250690256705,0.0,101.88194444444444,120.0,0.075,0.00868707207214088,113,100.0,0,0.0,,,HPA,ddos,138
25.0,0.14575237040855837,0.0,84.71527777777777,62.0,0.075,0.35471077773624976,71,25.0,0,0.0,,,HPA,ddos,139
35.0,0.3395816770819682,0.0,88.25138888888888,82.0,0.075,0.21688245956594143,186,30.0,0,0.0,,,HPA-fast,ddos,100
70.0,1.2867580361684117,0.0,88.49027777777778,120.0,0.075,0.0016179139055599672,228,70.0,0,0.0,,,HPA-fast,ddos,101
0.0,0.0,0.0,87.29027777777777,66.0,0.075,1.0,199,0.0,0,0.0,,,HPA-fast,ddos,102
70.0,0.9122360025497711,0.0,91.4486111111111,118.0,0.075,0.0034398299338028915,191,70.0,0,0.0,,,HPA-fast,ddos,103
0.0,0.0,0.0,78.16944444444445,75.0,0.075,1.0,131,0.0,0,0.0,,,HPA-fast,ddos,104
0.0,0.0,0.0,88.89444444444445,70.0,0.075,1.0,162,0.0,0,0.0,,,HPA-fast,ddos,105
35.0,0.1856484550565085,0.0,86.03333333333333,68.0,0.075,0.05401291019151898,174,30.0,0,0.0,,,HPA-fast,ddos,106
5.0,0.009533675219419724,0.0,83.63333333333334,64.0,0.075,0.9195529285003771,171,5.0,0,0.0,,,HPA-fast,ddos,107
0.0,0.0,0.0,87.3236111111111,66.0,0.075,1.0,185,0.0,0,0.0,,,HPA-fast,ddos,108
60.0,0.9508930915291036,0.0,90.23611111111111,116.0,0.075,0.0008543944745426749,189,60.0,0,0.0,,,HPA-fast,ddos,109
0.0,0.0,0.0,78.1361111111111,73.0,0.075,1.0,134,0.0,0,0.0,,,HPA-fast,ddos,110
0.0,0.0,0.0,87.00416666666666,64.0,0.075,1.0,165,0.0,0,0.0,,,HPA-fast,ddos,111
0.0,0.0,0.0,86.00277777777778,72.0,0.075,1.0,174,0.0,0,0.0,,,HPA-fast,ddos,112
0.0,0.002259737107623838,0.0,84.78055555555555,82.0,0.075,0.9837107906684216,185,0.0,0,0.0,,,HPA-fast,ddos,113
0.0,0.0,0.0,88.99027777777778,71.0,0.075,1.0,179,0.0,0,0.0,,,HPA-fast,ddos,114
35.0,0.25175761012095066,0.0,87.49722222222222,85.0,0.075,0.1942154765408439,139,35.0,0,0.0,,,HPA-fast,ddos,115
0.0,0.0,0.0,77.78888888888889,75.0,0.075,1.0,129,0.0,0,0.0,,,HPA-fast,ddos,116
0.0,0.0,0.0,86.94722222222222,66.0,0.075,1.0,158,0.0,0,0.0,,,HPA-fast,ddos,117
0.0,0.0,0.0,86.43194444444444,72.0,0.075,1.0,168,0.0,0,0.0,,,HPA-fast,ddos,118
0.0,0.0,0.0,84.58472222222223,85.0,0.075,1.0,187,0.0,0,0.0,,,HPA-fast,ddos,119
25.0,0.497528068755837,0.0,88.22361111111111,69.0,0.075,0.03722712224943034,184,25.0,0,0.0,,,HPA-fast,ddos,120
75.0,0.9786315643795729,0.0,91.03055555555555,116.0,0.075,0.014379536456729328,191,75.0,0,0.0,,,HPA-fast,ddos,121
20.0,0.11726250710347719,0.0,78.14027777777778,75.0,0.075,0.5544294553841225,126,20.0,0,0.0,,,HPA-fast,ddos,122
0.0,0.0,0.0,86.89305555555555,67.0,0.075,1.0,142,0.0,0,0.0,,,HPA-fast,ddos,123
5.0,0.011678678605575588,0.0,87.75,88.0,0.075,0.9344741344869409,181,5.0,0,0.0,,,HPA-fast,ddos,124
0.0,0.0,0.0,84.575,84.0,0.075,1.0,194,0.0,0,0.0,,,HPA-fast,ddos,125
0.0,0.0,0.0,88.575,73.0,0.075,1.0,204,0.0,0,0.0,,,HPA-fast,ddos,126
10.0,0.0440205705683927,0.0,86.66666666666667,81.0,0.075,0.6367789188005695,150,10.0,0,0.0,,,HPA-fast,ddos,127
0.0,0.0,0.0,78.21666666666667,72.0,0.075,1.0,109,0.0,0,0.0,,,HPA-fast,ddos,128
75.0,0.9890664316918985,0.0,93.26527777777778,120.0,0.075,0.006530914964474938,217,75.0,0,0.0,,,HPA-fast,ddos,129
15.0,0.0440454601084439,0.0,85.76388888888889,70.0,0.075,0.6941318087961058,167,15.0,0,0.0,,,HPA-fast,ddos,130
5.0,0.006269097750999375,0.0,83.92083333333333,66.0,0.075,0.9483448766502368,164,5.0,0,0.0,,,HPA-fast,ddos,131
0.0,0.0,0.0,86.73333333333333,67.0,0.075,1.0,163,0.0,0,0.0,,,HPA-fast,ddos,132
0.0,0.0,0.0,84.96527777777777,65.0,0.075,1.0,146,0.0,0,0.0,,,HPA-fast,ddos,133
0.0,0.0,0.0,78.5875,74.0,0.075,1.0,124,0.0,0,0.0,,,HPA-fast,ddos,134
0.0,0.0,0.0,86.79027777777777,63.0,0.075,1.0,157,0.0,0,0.0,,,HPA-fast,ddos,135
0.0,0.0,0.0,85.32777777777778,71.0,0.075,1.0,172,0.0,0,0.0,,,HPA-fast,ddos,136
0.0,0.0,0.0,84.15,84.0,0.075,1.0,195,0.0,0,0.0,,,HPA-fast,ddos,137
0.0,0.0,0.0,88.1375,68.0,0.075,1.0,201,0.0,0,0.0,,,HPA-fast,ddos,138
10.0,0.04136837251816905,0.0,86.90972222222223,81.0,0.075,0.6500472294907667,170,10.0,0,0.0,,,HPA-fast,ddos,139
0.0,0.00994552403589255,0.0,106.26527777777778,90.0,0.075,0.9566654580577454,74,0.0,0,0.0,,,HPA-45,ddos,100
5.0,0.029202008429607407,0.0,110.01666666666667,93.0,0.075,0.8049490053548948,105,5.0,0,0.0,,,HPA-45,ddos,101
0.0,0.0,0.0,107.18333333333334,79.0,0.075,1.0,81,0.0,0,0.0,,,HPA-45,ddos,102
0.0,0.0,0.0,107.92083333333333,89.0,0.075,1.0,76,0.0,0,0.0,,,HPA-45,ddos,103
0.0,0.0,0.0,108.21527777777777,95.0,0.075,1.0,95,0.0,0,0.0,,,HPA-45,ddos,104
0.0,0.0,0.0,109.97638888888889,92.0,0.075,1.0,88,0.0,0,0.0,,,HPA-45,ddos,105
0.0,0.0,0.0,101.36944444444444,83.0,0.075,1.0,65,0.0,0,0.0,,,HPA-45,ddos,106
0.0,0.0,0.0,106.28333333333333,78.0,0.075,1.0,87,0.0,0,0.0,,,HPA-45,ddos,107
0.0,0.0,0.0,107.85416666666667,79.0,0.075,1.0,87,0.0,0,0.0,,,HPA-45,ddos,108
0.0,0.0,0.0,111.58194444444445,96.0,0.075,1.0,97,0.0,0,0.0,,,HPA-45,ddos,109
0.0,0.0,0.0,104.58333333333333,89.0,0.075,1.0,82,0.0,0,0.0,,,HPA-45,ddos,110
0.0,0.0,0.0,106.80972222222222,82.0,0.075,1.0,65,0.0,0,0.0,,,HPA-45,ddos,111
0.0,0.0,0.0,104.30972222222222,89.0,0.075,1.0,85,0.0,0,0.0,,,HPA-45,ddos,112
0.0,0.0,0.0,109.91944444444445,94.0,0.075,1.0,103,0.0,0,0.0,,,HPA-45,ddos,113
0.0,0.0,0.0,112.20833333333333,95.0,0.075,1.0,108,0.0,0,0.0,,,HPA-45,ddos,114
0.0,0.0,0.0,109.34027777777777,88.0,0.075,1.0,86,0.0,0,0.0,,,HPA-45,ddos,115
0.0,0.0,0.0,106.10833333333333,97.0,0.075,1.0,93,0.0,0,0.0,,,HPA-45,ddos,116
0.0,0.0,0.0,106.7125,82.0,0.075,1.0,70,0.0,0,0.0,,,HPA-45,ddos,117
0.0,0.0,0.0,103.05555555555556,85.0,0.075,1.0,74,0.0,0,0.0,,,HPA-45,ddos,118
0.0,0.0,0.0,112.24027777777778,97.0,0.075,1.0,92,0.0,0,0.0,,,HPA-45,ddos,119
0.0,0.0,0.0,114.42222222222222,100.0,0.075,1.0,90,0.0,0,0.0,,,HPA-45,ddos,120
0.0,0.0,0.0,106.98611111111111,83.0,0.075,1.0,76,0.0,0,0.0,,,HPA-45,ddos,121
0.0,0.0,0.0,105.65277777777777,95.0,0.075,1.0,91,0.0,0,0.0,,,HPA-45,ddos,122
0.0,0.0,0.0,106.27638888888889,80.0,0.075,1.0,70,0.0,0,0.0,,,HPA-45,ddos,123
0.0,0.0,0.0,107.45555555555555,101.0,0.075,1.0,100,0.0,0,0.0,,,HPA-45,ddos,124
0.0,0.0,0.0,111.28472222222223,100.0,0.075,1.0,104,0.0,0,0.0,,,HPA-45,ddos,125
0.0,0.0,0.0,107.65277777777777,80.0,0.075,1.0,88,0.0,0,0.0,,,HPA-45,ddos,126
0.0,0.0,0.0,107.44027777777778,80.0,0.075,1.0,86,0.0,0,0.0,,,HPA-45,ddos,127
0.0,0.0,0.0,107.78888888888889,96.0,0.075,1.0,95,0.0,0,0.0,,,HPA-45,ddos,128
0.0,0.0,0.0,112.1375,104.0,0.075,1.0,85,0.0,0,0.0,,,HPA-45,ddos,129
0.0,0.0,0.0,103.17361111111111,86.0,0.075,1.0,76,0.0,0,0.0,,,HPA-45,ddos,130
0.0,0.0,0.0,108.56944444444444,80.0,0.075,1.0,87,0.0,0,0.0,,,HPA-45,ddos,131
0.0,0.0,0.0,106.5736111111111,82.0,0.075,1.0,91,0.0,0,0.0,,,HPA-45,ddos,132
0.0,0.0,0.0,104.65555555555555,80.0,0.075,1.0,87,0.0,0,0.0,,,HPA-45,ddos,133
0.0,0.0,0.0,106.9263888888889,94.0,0.075,1.0,84,0.0,0,0.0,,,HPA-45,ddos,134
0.0,0.0,0.0,104.57916666666667,76.0,0.075,1.0,60,0.0,0,0.0,,,HPA-45,ddos,135
0.0,0.0,0.0,101.76388888888889,82.0,0.075,1.0,71,0.0,0,0.0,,,HPA-45,ddos,136
0.0,0.0,0.0,110.3861111111111,101.0,0.075,1.0,99,0.0,0,0.0,,,HPA-45,ddos,137
0.0,0.0,0.0,107.3236111111111,81.0,0.075,1.0,92,0.0,0,0.0,,,HPA-45,ddos,138
0.0,0.0,0.0,107.91111111111111,81.0,0.075,1.0,86,0.0,0,0.0,,,HPA-45,ddos,139
0.0,0.0,0.0,137.86111111111111,102.0,0.075,1.0,118,0.0,0,0.0,,,PredHPA,ddos,100
0.0,0.0,0.0,141.23888888888888,106.0,0.075,1.0,150,0.0,0,0.0,,,PredHPA,ddos,101
0.0,0.0,0.0,139.1638888888889,103.0,0.075,1.0,120,0.0,0,0.0,,,PredHPA,ddos,102
0.0,0.0,0.0,127.12916666666666,94.0,0.075,1.0,85,0.0,0,0.0,,,PredHPA,ddos,103
0.0,0.0,0.0,119.12777777777778,114.0,0.075,1.0,121,0.0,0,0.0,,,PredHPA,ddos,104
0.0,0.0,0.0,133.4125,94.0,0.075,1.0,85,0.0,0,0.0,,,PredHPA,ddos,105
0.0,0.0,0.0,132.63888888888889,94.0,0.075,1.0,127,0.0,0,0.0,,,PredHPA,ddos,106
0.0,0.0,0.0,135.85972222222222,104.0,0.075,1.0,133,0.0,0,0.0,,,PredHPA,ddos,107
0.0,0.0,0.0,137.09166666666667,103.0,0.075,1.0,125,0.0,0,0.0,,,PredHPA,ddos,108
0.0,0.0,0.0,129.42222222222222,107.0,0.075,1.0,93,0.0,0,0.0,,,PredHPA,ddos,109
0.0,0.0,0.0,119.24027777777778,115.0,0.075,1.0,125,0.0,0,0.0,,,PredHPA,ddos,110
0.0,0.0,0.0,131.66805555555555,93.0,0.075,1.0,73,0.0,0,0.0,,,PredHPA,ddos,111
0.0,0.0,0.0,133.72916666666666,94.0,0.075,1.0,141,0.0,0,0.0,,,PredHPA,ddos,112
0.0,0.0,0.0,139.94583333333333,120.0,0.075,1.0,164,0.0,0,0.0,,,PredHPA,ddos,113
0.0,0.0,0.0,138.98888888888888,105.0,0.075,1.0,125,0.0,0,0.0,,,PredHPA,ddos,114
0.0,0.0,0.0,125.17777777777778,95.0,0.075,1.0,96,0.0,0,0.0,,,PredHPA,ddos,115
0.0,0.0,0.0,120.3875,116.0,0.075,1.0,119,0.0,0,0.0,,,PredHPA,ddos,116
0.0,0.0,0.0,133.85416666666666,94.0,0.075,1.0,84,0.0,0,0.0,,,PredHPA,ddos,117
0.0,0.0,0.0,132.69583333333333,92.0,0.075,1.0,127,0.0,0,0.0,,,PredHPA,ddos,118
0.0,0.0,0.0,140.04444444444445,120.0,0.075,1.0,141,0.0,0,0.0,,,PredHPA,ddos,119
0.0,0.0,0.0,144.76944444444445,120.0,0.075,1.0,118,0.0,0,0.0,,,PredHPA,ddos,120
0.0,0.0,0.0,130.47083333333333,104.0,0.075,1.0,102,0.0,0,0.0,,,PredHPA,ddos,121
0.0,0.0,0.0,120.45555555555555,116.0,0.075,1.0,111,0.0,0,0.0,,,PredHPA,ddos,122
0.0,0.0,0.0,130.65277777777777,93.0,0.075,1.0,72,0.0,0,0.0,,,PredHPA,ddos,123
0.0,0.0,0.0,134.76666666666668,95.0,0.075,1.0,121,0.0,0,0.0,,,PredHPA,ddos,124
0.0,0.0,0.0,139.625,120.0,0.075,1.0,166,0.0,0,0.0,,,PredHPA,ddos,125
0.0,0.0,0.0,142.4375,105.0,0.075,1.0,124,0.0,0,0.0,,,PredHPA,ddos,126
0.0,0.0,0.0,125.72777777777777,91.0,0.075,1.0,87,0.0,0,0.0,,,PredHPA,ddos,127
0.0,0.0,0.0,119.58055555555555,111.0,0.075,1.0,120,0.0,0,0.0,,,PredHPA,ddos,128
0.0,0.0,0.0,138.78472222222223,103.0,0.075,1.0,86,0.0,0,0.0,,,PredHPA,ddos,129
0.0,0.0,0.0,135.03472222222223,94.0,0.075,1.0,131,0.0,0,0.0,,,PredHPA,ddos,130
0.0,0.0,0.0,138.66805555555555,110.0,0.075,1.0,137,0.0,0,0.0,,,PredHPA,ddos,131
0.0,0.0,0.0,136.74583333333334,104.0,0.075,1.0,124,0.0,0,0.0,,,PredHPA,ddos,132
0.0,0.0,0.0,124.16527777777777,85.0,0.075,1.0,84,0.0,0,0.0,,,PredHPA,ddos,133
0.0,0.0,0.0,120.28888888888889,118.0,0.075,1.0,124,0.0,0,0.0,,,PredHPA,ddos,134
0.0,0.0,0.0,138.02916666666667,104.0,0.075,1.0,87,0.0,0,0.0,,,PredHPA,ddos,135
0.0,0.0,0.0,132.0847222222222,94.0,0.075,1.0,132,0.0,0,0.0,,,PredHPA,ddos,136
0.0,0.0,0.0,135.40555555555557,120.0,0.075,1.0,146,0.0,0,0.0,,,PredHPA,ddos,137
0.0,0.0,0.0,141.6611111111111,106.0,0.075,1.0,115,0.0,0,0.0,,,PredHPA,ddos,138
0.0,0.0,0.0,126.99722222222222,92.0,0.075,1.0,88,0.0,0,0.0,,,PredHPA,ddos,139
285.0,2.382135459018897,0.7151202037887573,96.25416666666666,120.0,0.075,0.0020765737513332963,98,110.0,0,0.0,,,HPA+RL,ddos,100
140.0,1.8527508185687047,0.20672116665005133,100.0875,120.0,0.075,0.0002468016809455799,132,90.0,0,0.0,,,HPA+RL,ddos,101
160.0,0.40311013672528206,0.3908339332576282,85.23611111111111,64.0,0.075,0.799523899612683,78,5.0,0,0.0,,,HPA+RL,ddos,102
180.0,0.48756991731744304,0.3780282242740532,85.52916666666667,65.0,0.075,0.2895770629500787,69,25.0,0,0.0,,,HPA+RL,ddos,103
365.0,1.3053420314968256,1.30534203149682,80.60416666666667,65.0,0.075,0.7009435281852873,74,20.0,0,0.0,,,HPA+RL,ddos,104
65.0,0.22231909604952804,0.18941708092136308,87.83333333333333,79.0,0.075,0.7215475577664688,75,35.0,0,0.0,,,HPA+RL,ddos,105
260.0,1.7575289064557964,0.6148446477013001,86.22361111111111,87.0,0.07500000000000004,0.02446504179629915,71,90.0,0,0.0,,,HPA+RL,ddos,106
135.0,1.2481431798625153,0.1989096198836128,97.04027777777777,111.0,0.075,0.004499841826985266,106,75.0,0,0.0,,,HPA+RL,ddos,107
115.0,0.37003509422781633,0.3687757013729204,82.26805555555555,57.0,0.075,0.7953752454233814,62,15.0,0,0.0,,,HPA+RL,ddos,108
180.0,1.6124910567059003,0.31501321957255013,101.3,120.0,0.075,0.0001251367150680974,112,95.0,0,0.0,,,HPA+RL,ddos,109
450.0,1.5879604268716485,1.58796042687165,78.02777777777777,59.0,0.075,0.6991622028550376,64,70.0,0,0.0,,,HPA+RL,ddos,110
75.0,0.2092949716758108,0.20661072186861576,87.2,63.0,0.075,0.840454677272361,69,10.0,0,0.0,,,HPA+RL,ddos,111
265.0,0.9832663283806831,0.9493461357497762,78.85,59.0,0.075,0.7427593394238753,60,15.0,0,0.0,,,HPA+RL,ddos,112
110.0,0.8679627826518654,0.4277291445835536,88.92222222222222,86.0,0.075,0.24206525711700272,93,40.0,0,0.0,,,HPA+RL,ddos,113
165.0,0.47893811871264624,0.45325425555941673,88.09305555555555,82.0,0.075,0.771786561117861,80,20.0,0,0.0,,,HPA+RL,ddos,114
185.0,1.412207991005321,0.2529875805640654,99.32083333333334,120.0,0.075,0.0005443845515509115,103,95.0,0,0.0,,,HPA+RL,ddos,115
435.0,1.5407050082309248,1.5407050082309064,80.21527777777777,64.0,0.075,0.6955533702756674,69,5.0,0,0.0,,,HPA+RL,ddos,116
60.0,0.16667684888888035,0.1492586594911418,84.425,64.0,0.075,0.8278088785312955,59,10.0,0,0.0,,,HPA+RL,ddos,117
275.0,0.970003198431213,0.9288886313661837,81.9625,64.0,0.075,0.7338286721541989,63,25.0,0,0.0,,,HPA+RL,ddos,118
165.0,1.724304550118283,0.4772891494186836,97.17361111111111,113.0,0.075,0.0025002314244278903,111,90.0,0,0.0,,,HPA+RL,ddos,119
225.0,1.7535731960506729,0.49841383695827884,96.41666666666667,110.0,0.075,0.0008701495944403597,95,95.0,0,0.0,,,HPA+RL,ddos,120
160.0,0.39349128907810726,0.3078202648846664,84.59027777777777,62.0,0.075,0.5381706790023687,65,20.0,0,0.0,,,HPA+RL,ddos,121
395.0,1.4095779296690591,1.4095779296690676,79.12777777777778,60.0,0.075,0.7258698401798496,66,15.0,0,0.0,,,HPA+RL,ddos,122
105.0,0.30019423819899194,0.3001942381990053,85.67361111111111,60.0,0.075,0.8138017766367245,67,10.0,0,0.0,,,HPA+RL,ddos,123
290.0,2.7383784604214867,0.910076335195044,94.76666666666667,120.0,0.075,7.437874813402413e-05,110,95.0,0,0.0,,,HPA+RL,ddos,124
145.0,1.7837070076480388,0.46128228299658974,95.90694444444445,115.0,0.075,0.001903068882312523,114,70.0,0,0.0,,,HPA+RL,ddos,125
145.0,0.4611427409836999,0.43557167326135726,84.57638888888889,63.0,0.075,0.6989871452030452,73,10.0,0,0.0,,,HPA+RL,ddos,126
190.0,0.636161041537997,0.3343586232766841,86.24305555555556,67.0,0.075,0.051253097931266485,78,40.0,0,0.0,,,HPA+RL,ddos,127
425.0,1.469532984960753,1.4695329849607583,80.57222222222222,66.0,0.075,0.6946747084069215,66,105.0,0,0.0,,,HPA+RL,ddos,128
140.0,1.5402847294601063,0.2757993050722679,100.15416666666667,112.0,0.075,0.0014399401290218115,108,85.0,0,0.0,,,HPA+RL,ddos,129
320.0,1.5974895564371816,0.9402822189972657,88.69722222222222,98.0,0.075,0.019283783222180714,76,70.0,0,0.0,,,HPA+RL,ddos,130
165.0,1.503237257079315,0.24325774605876913,99.61944444444444,120.0,0.075,0.0004016766958430312,117,90.0,0,0.0,,,HPA+RL,ddos,131
125.0,0.3504553613641659,0.3504553613641574,82.7388888888889,60.0,0.075,0.7998667062383005,66,10.0,0,0.0,,,HPA+RL,ddos,132
105.0,0.21636397435488286,0.2163639743548843,82.63055555555556,57.0,0.075,0.7829542205057608,68,10.0,0,0.0,,,HPA+RL,ddos,133
440.0,1.4894165747987076,1.4894165747987032,80.6763888888889,67.0,0.075,0.6887824983060717,67,70.0,0,0.0,,,HPA+RL,ddos,134
60.0,0.25651567561577604,0.15105911480131087,81.36111111111111,58.0,0.075,0.21207673025242527,48,20.0,0,0.0,,,HPA+RL,ddos,135
145.0,0.505854377821291,0.4822032921201464,79.97638888888889,63.0,0.075,0.7251974557496822,57,5.0,0,0.0,,,HPA+RL,ddos,136
80.0,0.4556326100637942,0.45563261006380584,81.13194444444444,57.0,0.075,0.6292076055770838,67,5.0,0,0.0,,,HPA+RL,ddos,137
230.0,1.6278691467299433,0.3829195867606442,99.95694444444445,113.0,0.075,0.011672847105769529,111,95.0,0,0.0,,,HPA+RL,ddos,138
170.0,0.41431169760456354,0.3441954805315049,84.13194444444444,61.0,0.075,0.6641564661005229,70,20.0,0,0.0,,,HPA+RL,ddos,139
35.0,0.898428243092686,0.48296096516467396,110.10694444444445,100.0,0.075,0.03522099102108875,749,0.0,10,0.0,5.0,,ARC,ddos,100
0.0,0.4735429969660365,0.47354299696603835,103.94444444444444,112.0,0.075,0.9699999999999999,834,0.0,10,0.0,10.0,,ARC,ddos,101
0.0,0.3540579414344047,0.3540579414344166,109.45694444444445,90.0,0.075,0.9699999999999999,871,0.0,10,0.0,10.0,,ARC,ddos,102
0.0,0.4128850316310828,0.412885031631082,103.25277777777778,76.0,0.075,0.9699999999999999,793,0.0,10,0.0,5.0,,ARC,ddos,103
0.0,0.5031626619446672,0.503162661944674,89.78888888888889,91.0,0.075,0.9699999999999999,563,0.0,10,0.0,10.0,,ARC,ddos,104
0.0,0.3755607631347635,0.37556076313477077,107.40833333333333,104.0,0.075,0.9699999999999999,782,0.0,10,0.0,5.0,,ARC,ddos,105
45.0,1.0078129112172096,0.4607291943877221,98.25416666666666,84.0,0.075,0.06767938957756675,730,0.0,10,0.0,5.0,,ARC,ddos,106
0.0,0.4705612430689343,0.47056124306891656,107.50277777777778,116.0,0.075,0.9699999999999999,897,0.0,10,0.0,5.0,,ARC,ddos,107
0.0,0.3547468561577505,0.3547468561577558,104.14166666666667,93.0,0.075,0.9699999999999999,824,0.0,10,0.0,10.0,,ARC,ddos,108
0.0,0.3945948119933429,0.3945948119933488,101.80555555555556,72.0,0.075,0.9699999999999999,749,0.0,10,0.0,10.0,,ARC,ddos,109
0.0,0.5727687589780261,0.5727687589780373,91.58194444444445,96.0,0.075,0.9699999999999999,567,0.0,10,0.0,5.0,,ARC,ddos,110
0.0,0.38241223484755116,0.37518975858104053,104.79166666666667,100.0,0.075,0.9658425602194536,737,0.0,10,0.0,15.0,,ARC,ddos,111
45.0,1.2171418423442493,0.5024358618400793,97.71527777777777,90.0,0.075,0.0446729690761761,728,15.0,9,0.0,5.0,,ARC,ddos,112
0.0,0.41918657904892465,0.41918657904891105,110.14027777777778,120.0,0.075,0.9699999999999999,833,0.0,10,0.0,5.0,,ARC,ddos,113
0.0,0.3706796391669265,0.3706796391669329,113.04722222222222,92.0,0.075,0.9699999999999999,886,0.0,10,0.0,10.0,,ARC,ddos,114
5.0,0.3964324846582046,0.38901308229329123,101.52222222222223,73.0,0.075,0.9244586129460273,794,5.0,10,5.0,15.0,,ARC,ddos,115
0.0,0.5372646503289391,0.5372646503289265,93.36527777777778,108.0,0.075,0.9699999999999999,591,0.0,10,0.0,5.0,,ARC,ddos,116
0.0,0.3732527811860398,0.3732527811860406,109.03055555555555,102.0,0.075,0.9699999999999999,718,0.0,10,0.0,5.0,,ARC,ddos,117
10.0,0.5218540136098015,0.4995879102586424,107.6361111111111,90.0,0.075,0.8776931064352617,762,0.0,10,0.0,5.0,,ARC,ddos,118
0.0,0.4497974763374213,0.44979747633742784,103.96805555555555,120.0,0.075,0.9699999999999999,832,0.0,9,0.0,10.0,,ARC,ddos,119
0.0,0.3684188303786029,0.36841883037859785,105.21527777777777,88.0,0.075,0.9699999999999999,864,0.0,10,0.0,10.0,,ARC,ddos,120
0.0,0.4048148342971736,0.40481483429717346,102.97083333333333,74.0,0.075,0.9699999999999999,790,0.0,10,0.0,5.0,,ARC,ddos,121
0.0,0.5098821414724286,0.5098821414724288,92.29861111111111,94.0,0.075,0.9699999999999999,567,0.0,11,0.0,5.0,,ARC,ddos,122
5.0,0.4349837872045459,0.38573665958524506,102.45416666666667,88.0,0.075,0.7753733796544495,791,0.0,10,0.0,10.0,,ARC,ddos,123
50.0,1.1776272043541813,0.48293466148440617,111.95277777777778,103.0,0.075,0.05722047399333131,797,20.0,9,0.0,10.0,,ARC,ddos,124
0.0,0.4191052470114198,0.41910524701141455,107.85138888888889,120.0,0.075,0.9699999999999999,884,0.0,10,0.0,10.0,,ARC,ddos,125
0.0,0.3653489550807909,0.36534895508078136,103.2875,81.0,0.075,0.9699999999999999,818,0.0,10,0.0,5.0,,ARC,ddos,126
0.0,0.39888679452511067,0.3988867945251235,113.25138888888888,80.0,0.075,0.9699999999999999,802,0.0,9,0.0,5.0,,ARC,ddos,127
0.0,0.5116199011737432,0.5116199011737556,93.94027777777778,99.0,0.075,0.9699999999999999,593,0.0,10,0.0,5.0,,ARC,ddos,128
0.0,0.38427424978043634,0.3842742497804421,116.69583333333334,116.0,0.075,0.9699999999999999,788,0.0,10,0.0,10.0,,ARC,ddos,129
20.0,0.6273902403283849,0.4977318647316468,107.74444444444444,96.0,0.075,0.32629179967108446,752,10.0,9,0.0,5.0,,ARC,ddos,130
0.0,0.46989739583607193,0.46989739583605766,107.60833333333333,120.0,0.075,0.9699999999999999,841,0.0,10,0.0,5.0,,ARC,ddos,131
0.0,0.3550234051420409,0.3550234051420408,104.5,83.0,0.075,0.9699999999999999,861,0.0,9,0.0,10.0,,ARC,ddos,132
0.0,0.37258177556791505,0.3725817755679113,101.15833333333333,75.0,0.075,0.9699999999999999,811,0.0,10,0.0,5.0,,ARC,ddos,133
0.0,0.512466359021424,0.5124663590214272,91.4888888888889,105.0,0.075,0.9699999999999999,603,0.0,10,0.0,10.0,,ARC,ddos,134
5.0,0.3901694864596683,0.3690587472266223,104.18888888888888,103.0,0.075,0.9037435134337805,799,0.0,10,0.0,5.0,,ARC,ddos,135
25.0,0.6825919048865425,0.42479032233686465,110.17083333333333,94.0,0.075,0.059366024759260894,790,0.0,10,0.0,5.0,,ARC,ddos,136
0.0,0.4437194509035014,0.4437194509035019,103.86944444444444,120.0,0.075,0.9699999999999999,848,0.0,9,0.0,10.0,,ARC,ddos,137
0.0,0.3594671429479446,0.35946714294794774,106.59583333333333,91.0,0.075,0.9699999999999999,821,0.0,9,0.0,5.0,,ARC,ddos,138
0.0,0.3995936456887894,0.3995936456887898,103.83611111111111,74.0,0.075,0.9699999999999999,831,0.0,9,0.0,5.0,,ARC,ddos,139
30.0,0.9364927423392011,0.48296096516467396,110.20972222222223,96.0,0.075,0.03427307872189405,748,0.0,10,0.0,5.0,,ARC-noGraph,ddos,100
0.0,0.4744010811440269,0.474401081144036,103.66388888888889,112.0,0.075,0.9699999999999999,835,0.0,10,0.0,5.0,,ARC-noGraph,ddos,101
0.0,0.3540579414344047,0.3540579414344166,108.79583333333333,90.0,0.075,0.9699999999999999,870,0.0,10,0.0,10.0,,ARC-noGraph,ddos,102
0.0,0.4128850316310828,0.412885031631082,103.16388888888889,75.0,0.075,0.9699999999999999,787,0.0,10,0.0,5.0,,ARC-noGraph,ddos,103
0.0,0.5001673589538291,0.500167358953836,90.18611111111112,94.0,0.075,0.9699999999999999,582,0.0,10,0.0,10.0,,ARC-noGraph,ddos,104
0.0,0.3720060705840189,0.3720060705840267,107.14583333333333,103.0,0.075,0.9699999999999999,795,0.0,10,0.0,5.0,,ARC-noGraph,ddos,105
40.0,1.070753886648379,0.4607291943877221,100.74583333333334,87.0,0.075,0.017431820229894184,770,0.0,10,0.0,5.0,,ARC-noGraph,ddos,106
0.0,0.4679072844055998,0.4679072844055855,107.6986111111111,118.0,0.075,0.9699999999999999,895,0.0,10,0.0,10.0,,ARC-noGraph,ddos,107
0.0,0.3547468561577505,0.3547468561577558,103.97083333333333,88.0,0.075,0.9699999999999999,860,0.0,10,0.0,10.0,,ARC-noGraph,ddos,108
0.0,0.3987314630099492,0.39873146300995277,101.8625,71.0,0.075,0.9699999999999999,778,0.0,10,0.0,5.0,,ARC-noGraph,ddos,109
0.0,0.5698644429832256,0.5698644429832358,91.95833333333333,95.0,0.075,0.9699999999999999,577,0.0,10,0.0,10.0,,ARC-noGraph,ddos,110
0.0,0.3853822391270745,0.37815976286055053,105.48611111111111,98.0,0.075,0.9658425602194536,760,0.0,10,0.0,10.0,,ARC-noGraph,ddos,111
50.0,1.1545087148183142,0.49927186704267734,98.25694444444444,90.0,0.075,0.0446729690761761,739,20.0,9,0.0,10.0,,ARC-noGraph,ddos,112
0.0,0.41918657904892465,0.41918657904891105,110.19166666666666,120.0,0.075,0.9699999999999999,871,0.0,10,0.0,5.0,,ARC-noGraph,ddos,113
0.0,0.3706796391669265,0.3706796391669329,113.31944444444444,93.0,0.075,0.9699999999999999,894,0.0,10,0.0,10.0,,ARC-noGraph,ddos,114
0.0,0.39570833797241134,0.3957083379724093,100.92916666666666,71.0,0.075,0.9699999999999999,771,0.0,10,0.0,5.0,,ARC-noGraph,ddos,115
0.0,0.5372646503289391,0.5372646503289265,93.18194444444444,99.0,0.075,0.9699999999999999,575,0.0,10,0.0,5.0,,ARC-noGraph,ddos,116
0.0,0.3664426422310685,0.36644264223107403,110.24861111111112,101.0,0.075,0.9699999999999999,762,0.0,10,0.0,15.0,,ARC-noGraph,ddos,117
10.0,0.5231067480204965,0.4947875893524858,108.45138888888889,90.0,0.075,0.8776931064352617,798,0.0,10,0.0,10.0,,ARC-noGraph,ddos,118
0.0,0.45401513339389243,0.4540151333938986,103.93611111111112,120.0,0.075,0.9699999999999999,846,0.0,9,0.0,5.0,,ARC-noGraph,ddos,119
0.0,0.3698183628791374,0.3698183628791365,105.6361111111111,88.0,0.075,0.9699999999999999,870,0.0,10,0.0,5.0,,ARC-noGraph,ddos,120
0.0,0.40802409261876393,0.40802409261875444,102.98194444444445,72.0,0.075,0.9699999999999999,796,0.0,10,0.0,5.0,,ARC-noGraph,ddos,121
0.0,0.511006190119978,0.5110061901199859,92.25138888888888,99.0,0.075,0.9699999999999999,568,0.0,10,0.0,10.0,,ARC-noGraph,ddos,122
5.0,0.4349837872045459,0.38573665958524506,102.78055555555555,97.0,0.075,0.7753733796544495,775,0.0,10,0.0,10.0,,ARC-noGraph,ddos,123
55.0,1.2411730733168036,0.4855563997018195,112.4888888888889,103.0,0.075,0.05722047399333131,799,20.0,9,0.0,5.0,,ARC-noGraph,ddos,124
0.0,0.42038624217979326,0.4203862421797866,106.42222222222222,120.0,0.075,0.9699999999999999,872,0.0,10,0.0,5.0,,ARC-noGraph,ddos,125
0.0,0.3653489550807909,0.36534895508078136,103.64027777777778,87.0,0.075,0.9699999999999999,833,0.0,10,0.0,5.0,,ARC-noGraph,ddos,126
0.0,0.39888679452511067,0.3988867945251235,113.6763888888889,84.0,0.075,0.9699999999999999,796,0.0,9,0.0,5.0,,ARC-noGraph,ddos,127
0.0,0.5116199011737432,0.5116199011737556,93.8,96.0,0.075,0.9699999999999999,578,0.0,10,0.0,5.0,,ARC-noGraph,ddos,128
0.0,0.3877395864743116,0.38773958647431067,117.35972222222222,117.0,0.075,0.9699999999999999,795,0.0,10,0.0,5.0,,ARC-noGraph,ddos,129
30.0,0.7421439913062655,0.49569913763250667,106.46944444444445,94.0,0.075,0.15376031411767324,776,10.0,9,0.0,10.0,,ARC-noGraph,ddos,130
0.0,0.46989739583607193,0.46989739583605766,107.49444444444444,120.0,0.075,0.9699999999999999,841,0.0,10,0.0,5.0,,ARC-noGraph,ddos,131
0.0,0.3550234051420409,0.3550234051420408,104.31388888888888,85.0,0.075,0.9699999999999999,872,0.0,9,0.0,10.0,,ARC-noGraph,ddos,132
0.0,0.37512414973221997,0.37512414973221686,101.09583333333333,75.0,0.075,0.9699999999999999,807,0.0,10,0.0,5.0,,ARC-noGraph,ddos,133
0.0,0.5082938062047959,0.5082938062047898,91.08611111111111,100.0,0.075,0.9699999999999999,587,0.0,10,0.0,10.0,,ARC-noGraph,ddos,134
5.0,0.3901694864596683,0.3690587472266223,103.71805555555555,103.0,0.075,0.9037435134337805,816,0.0,10,0.0,5.0,,ARC-noGraph,ddos,135
25.0,0.6601969836963817,0.4266124709239309,110.93611111111112,94.0,0.075,0.059366024759260894,814,0.0,10,0.0,10.0,,ARC-noGraph,ddos,136
0.0,0.4459809029417783,0.4459809029417826,102.30833333333334,119.0,0.075,0.9699999999999999,854,0.0,9,0.0,5.0,,ARC-noGraph,ddos,137
0.0,0.36127303186213044,0.3612730318621388,107.1375,89.0,0.075,0.9699999999999999,868,0.0,9,0.0,5.0,,ARC-noGraph,ddos,138
0.0,0.3995936456887894,0.3995936456887898,102.67083333333333,72.0,0.075,0.9699999999999999,793,0.0,9,0.0,5.0,,ARC-noGraph,ddos,139
40.0,1.1235910709668562,0.48626159394157076,108.86805555555556,96.0,0.075,0.02038249818592583,770,0.0,0,0.0,5.0,,ARC-noChaos,ddos,100
0.0,0.46930744273877556,0.4693074427387745,101.61527777777778,107.0,0.075,0.9699999999999999,821,0.0,0,0.0,10.0,,ARC-noChaos,ddos,101
0.0,0.3540579414344047,0.3540579414344166,107.59583333333333,91.0,0.075,0.9699999999999999,838,0.0,0,0.0,10.0,,ARC-noChaos,ddos,102
0.0,0.4128850316310828,0.412885031631082,103.81388888888888,76.0,0.075,0.9699999999999999,796,0.0,0,0.0,5.0,,ARC-noChaos,ddos,103
0.0,0.5062504189836226,0.5062504189836311,90.4,94.0,0.075,0.9699999999999999,561,0.0,0,0.0,5.0,,ARC-noChaos,ddos,104
0.0,0.3720060705840189,0.3720060705840267,105.83055555555555,102.0,0.075,0.9699999999999999,807,0.0,0,0.0,5.0,,ARC-noChaos,ddos,105
40.0,1.0652535227821835,0.4655200527575699,97.79861111111111,83.0,0.075,0.06767938957756675,751,0.0,0,0.0,5.0,,ARC-noChaos,ddos,106
0.0,0.4705612430689343,0.47056124306891656,105.52638888888889,114.0,0.075,0.9699999999999999,894,0.0,0,0.0,5.0,,ARC-noChaos,ddos,107
0.0,0.3547468561577505,0.3547468561577558,102.63472222222222,87.0,0.075,0.9699999999999999,853,0.0,0,0.0,10.0,,ARC-noChaos,ddos,108
0.0,0.3987314630099492,0.39873146300995277,103.15694444444445,73.0,0.075,0.9699999999999999,798,0.0,0,0.0,5.0,,ARC-noChaos,ddos,109
0.0,0.5727687589780261,0.5727687589780373,92.86111111111111,100.0,0.075,0.9699999999999999,582,0.0,0,0.0,5.0,,ARC-noChaos,ddos,110
0.0,0.3818520144411752,0.37462953817465633,102.96527777777777,94.0,0.075,0.9658425602194536,720,0.0,0,0.0,10.0,,ARC-noChaos,ddos,111
50.0,1.204325398315731,0.5024358618400793,97.25277777777778,88.0,0.075,0.0446729690761761,745,20.0,0,0.0,5.0,,ARC-noChaos,ddos,112
0.0,0.41918657904892465,0.41918657904891105,110.02361111111111,120.0,0.075,0.9699999999999999,873,0.0,0,0.0,5.0,,ARC-noChaos,ddos,113
0.0,0.36817767728467565,0.36817767728468825,114.49722222222222,94.0,0.075,0.9699999999999999,905,0.0,0,0.0,10.0,,ARC-noChaos,ddos,114
0.0,0.39303189590824683,0.39303189590823656,102.10277777777777,72.0,0.075,0.9699999999999999,804,0.0,0,0.0,10.0,,ARC-noChaos,ddos,115
0.0,0.5339687019637163,0.5339687019637087,94.39722222222223,99.0,0.075,0.9699999999999999,557,0.0,0,0.0,5.0,,ARC-noChaos,ddos,116
0.0,0.3695247877269936,0.3695247877269902,106.44444444444444,101.0,0.075,0.9699999999999999,730,0.0,0,0.0,10.0,,ARC-noChaos,ddos,117
10.0,0.5279070689266474,0.4995879102586424,108.6361111111111,93.0,0.075,0.8776931064352617,762,0.0,0,0.0,5.0,,ARC-noChaos,ddos,118
0.0,0.45401513339389243,0.4540151333938986,102.82777777777778,113.0,0.075,0.9699999999999999,812,0.0,0,0.0,5.0,,ARC-noChaos,ddos,119
0.0,0.3684188303786029,0.36841883037859785,104.73333333333333,87.0,0.075,0.9699999999999999,860,0.0,0,0.0,10.0,,ARC-noChaos,ddos,120
0.0,0.4048148342971736,0.40481483429717346,104.15833333333333,74.0,0.075,0.9699999999999999,813,0.0,0,0.0,5.0,,ARC-noChaos,ddos,121
0.0,0.5098821414724286,0.5098821414724288,93.15972222222223,103.0,0.075,0.9699999999999999,562,0.0,0,0.0,5.0,,ARC-noChaos,ddos,122
5.0,0.4349837872045459,0.38573665958524506,100.45416666666667,88.0,0.075,0.7753733796544495,774,0.0,0,0.0,10.0,,ARC-noChaos,ddos,123
55.0,1.2033256196514852,0.4855563997018195,111.24583333333334,103.0,0.075,0.06068181282056699,820,20.0,0,0.0,5.0,,ARC-noChaos,ddos,124
0.0,0.42038624217979326,0.4203862421797866,105.39861111111111,120.0,0.075,0.9699999999999999,869,0.0,0,0.0,5.0,,ARC-noChaos,ddos,125
0.0,0.3653489550807909,0.36534895508078136,102.5736111111111,88.0,0.075,0.9699999999999999,824,0.0,0,0.0,5.0,,ARC-noChaos,ddos,126
0.0,0.39888679452511067,0.3988867945251235,115.02222222222223,87.0,0.075,0.9699999999999999,816,0.0,0,0.0,5.0,,ARC-noChaos,ddos,127
0.0,0.5076633974896438,0.5076633974896522,94.59722222222223,96.0,0.075,0.9699999999999999,593,0.0,0,0.0,10.0,,ARC-noChaos,ddos,128
0.0,0.38427424978043634,0.3842742497804421,114.30694444444444,117.0,0.075,0.9699999999999999,781,0.0,0,0.0,10.0,,ARC-noChaos,ddos,129
25.0,0.6138865333187415,0.4977318647316468,106.34861111111111,94.0,0.075,0.4950957005352999,754,10.0,0,0.0,5.0,,ARC-noChaos,ddos,130
0.0,0.4670011769687621,0.4670011769687572,106.93055555555556,120.0,0.075,0.9699999999999999,831,0.0,0,0.0,10.0,,ARC-noChaos,ddos,131
0.0,0.357661284647659,0.35766128464765795,103.29722222222222,84.0,0.075,0.9699999999999999,861,0.0,0,0.0,5.0,,ARC-noChaos,ddos,132
0.0,0.37258177556791505,0.3725817755679113,102.16944444444445,76.0,0.075,0.9699999999999999,815,0.0,0,0.0,5.0,,ARC-noChaos,ddos,133
0.0,0.5082938062047959,0.5082938062047898,91.79722222222222,101.0,0.075,0.9699999999999999,590,0.0,0,0.0,10.0,,ARC-noChaos,ddos,134
10.0,0.4544442976453844,0.3690587472266223,101.11944444444444,91.0,0.075,0.6580672665862659,802,0.0,0,0.0,5.0,,ARC-noChaos,ddos,135
40.0,1.0069125763811915,0.427050520937317,109.82638888888889,94.0,0.075,0.0605313692993874,795,0.0,0,0.0,5.0,,ARC-noChaos,ddos,136
0.0,0.4437194509035014,0.4437194509035019,100.99027777777778,111.0,0.075,0.9699999999999999,841,0.0,0,0.0,10.0,,ARC-noChaos,ddos,137
0.0,0.36127303186213044,0.3612730318621388,105.39583333333333,89.0,0.075,0.9699999999999999,832,0.0,0,0.0,5.0,,ARC-noChaos,ddos,138
0.0,0.3995936456887894,0.3995936456887898,103.94583333333334,75.0,0.075,0.9699999999999999,821,0.0,0,0.0,5.0,,ARC-noChaos,ddos,139
45.0,0.4518010522999161,0.0,116.93194444444444,114.0,0.075,0.07476187672895221,800,0.0,10,0.0,,,ARC-noSec,ddos,100
0.0,0.0,0.0,110.54305555555555,111.0,0.075,1.0,880,0.0,11,0.0,,,ARC-noSec,ddos,101
0.0,0.0,0.0,114.31666666666666,109.0,0.075,1.0,907,0.0,11,0.0,,,ARC-noSec,ddos,102
0.0,0.0,0.0,111.21527777777777,103.0,0.075,1.0,887,0.0,10,0.0,,,ARC-noSec,ddos,103
0.0,0.0,0.0,97.54444444444445,120.0,0.075,1.0,636,0.0,10,0.0,,,ARC-noSec,ddos,104
0.0,0.0,0.0,113.8375,106.0,0.075,1.0,884,0.0,11,0.0,,,ARC-noSec,ddos,105
65.0,0.5676840098456482,0.0,105.24166666666666,95.0,0.075,0.06767938957756675,758,0.0,10,10.0,,,ARC-noSec,ddos,106
0.0,0.0,0.0,113.6875,115.0,0.075,1.0,944,0.0,11,0.0,,,ARC-noSec,ddos,107
0.0,0.0,0.0,109.00694444444444,108.0,0.075,1.0,875,0.0,11,0.0,,,ARC-noSec,ddos,108
0.0,0.0,0.0,108.98194444444445,113.0,0.075,1.0,830,0.0,10,0.0,,,ARC-noSec,ddos,109
0.0,0.0,0.0,98.99861111111112,120.0,0.075,1.0,620,0.0,11,0.0,,,ARC-noSec,ddos,110
0.0,0.007222476266510736,0.0,111.83333333333333,98.0,0.075,0.9658425602194536,798,0.0,11,0.0,,,ARC-noSec,ddos,111
50.0,0.7237202258316922,0.0,103.94722222222222,98.0,0.075,0.0446729690761761,785,20.0,11,0.0,,,ARC-noSec,ddos,112
0.0,0.0,0.0,115.87916666666666,120.0,0.075,1.0,885,0.0,10,0.0,,,ARC-noSec,ddos,113
0.0,0.0,0.0,120.62638888888888,120.0,0.075,1.0,991,0.0,11,0.0,,,ARC-noSec,ddos,114
0.0,0.0,0.0,108.60972222222222,107.0,0.075,1.0,827,0.0,11,0.0,,,ARC-noSec,ddos,115
0.0,0.0,0.0,100.06944444444444,120.0,0.075,1.0,624,0.0,11,0.0,,,ARC-noSec,ddos,116
0.0,0.0,0.0,116.72083333333333,102.0,0.075,1.0,769,0.0,10,0.0,,,ARC-noSec,ddos,117
15.0,0.04329306182868642,0.0,114.14861111111111,105.0,0.075,0.8776931064352617,795,15.0,10,5.0,,,ARC-noSec,ddos,118
0.0,0.0,0.0,109.27638888888889,120.0,0.075,1.0,875,0.0,10,0.0,,,ARC-noSec,ddos,119
0.0,0.0,0.0,112.675,120.0,0.075,1.0,941,0.0,11,0.0,,,ARC-noSec,ddos,120
25.0,0.3444474931093233,0.0,110.99722222222222,100.0,0.075,0.033125409463075545,863,25.0,11,0.0,,,ARC-noSec,ddos,121
0.0,0.0,0.0,99.58333333333333,120.0,0.075,1.0,624,0.0,11,0.0,,,ARC-noSec,ddos,122
5.0,0.04924712761930072,0.0,108.37361111111112,90.0,0.075,0.7753733796544495,773,0.0,11,0.0,,,ARC-noSec,ddos,123
30.0,0.46375423053022224,0.0,117.8236111111111,111.0,0.075,0.06068181282056699,813,0.0,10,0.0,,,ARC-noSec,ddos,124
0.0,0.0,0.0,112.27638888888889,120.0,0.075,1.0,942,0.0,10,0.0,,,ARC-noSec,ddos,125
0.0,0.0,0.0,109.54583333333333,105.0,0.075,1.0,827,0.0,11,0.0,,,ARC-noSec,ddos,126
0.0,0.0,0.0,121.66111111111111,116.0,0.075,1.0,873,0.0,10,0.0,,,ARC-noSec,ddos,127
0.0,0.0,0.0,101.96388888888889,120.0,0.075,1.0,662,0.0,11,0.0,,,ARC-noSec,ddos,128
0.0,0.0,0.0,125.63888888888889,120.0,0.075,1.0,877,0.0,10,0.0,,,ARC-noSec,ddos,129
25.0,0.11615466858708734,0.0,112.9625,108.0,0.075,0.4950957005352999,787,10.0,10,0.0,,,ARC-noSec,ddos,130
0.0,0.0,0.0,113.59444444444445,120.0,0.075,1.0,900,0.0,11,0.0,,,ARC-noSec,ddos,131
0.0,0.0,0.0,110.47361111111111,109.0,0.075,1.0,889,0.0,11,0.0,,,ARC-noSec,ddos,132
0.0,0.0,0.0,108.04166666666667,92.0,0.075,1.0,845,0.0,11,0.0,,,ARC-noSec,ddos,133
0.0,0.0,0.0,98.25833333333334,120.0,0.075,1.0,641,0.0,11,0.0,,,ARC-noSec,ddos,134
5.0,0.021110739233043407,0.0,110.45138888888889,111.0,0.075,0.9037435134337805,828,0.0,11,0.0,,,ARC-noSec,ddos,135
20.0,0.2210691839667711,0.0,116.67222222222222,104.0,0.075,0.05929630559108672,834,0.0,10,0.0,,,ARC-noSec,ddos,136
0.0,0.0,0.0,109.06805555555556,120.0,0.075,1.0,902,0.0,10,0.0,,,ARC-noSec,ddos,137
0.0,0.0,0.0,113.96805555555555,111.0,0.075,1.0,898,0.0,11,0.0,,,ARC-noSec,ddos,138
0.0,0.0,0.0,110.38333333333334,108.0,0.075,1.0,860,0.0,11,0.0,,,ARC-noSec,ddos,139
340.0,5.509040080326145,0.48626159394157076,79.2375,103.0,0.4483360094731406,0.0004045559308338841,4257,30.0,9,10.0,5.0,,ARC-noGuard,ddos,100
490.0,7.447104044874409,0.4713453856717391,72.36944444444444,101.0,1.5208458719031728,0.006675044109141576,4239,40.0,9,80.0,10.0,,ARC-noGuard,ddos,101
315.0,4.6610373820461515,0.3540579414344166,79.08611111111111,111.0,0.19362108608058928,0.012435318819079288,4264,15.0,9,20.0,10.0,,ARC-noGuard,ddos,102
380.0,4.87272947437607,0.412885031631082,74.60277777777777,85.0,0.7026589656952115,0.0031020158544131406,4423,0.0,9,90.0,5.0,,ARC-noGuard,ddos,103
365.0,5.45008483608902,0.503162661944674,70.96527777777777,104.0,0.5644921420337226,0.007849915578439353,3284,20.0,10,0.0,10.0,,ARC-noGuard,ddos,104
325.0,4.549047851000044,0.3720060705840267,77.61944444444444,120.0,0.3030799278089408,0.024459614851419717,4500,20.0,9,5.0,5.0,,ARC-noGuard,ddos,105
490.0,6.930760078802923,0.4607291943877221,71.98194444444445,91.0,1.1490521045136406,0.000431821449641311,4191,35.0,8,60.0,5.0,,ARC-noGuard,ddos,106
515.0,7.531105618341449,0.47056124306891656,72.05416666666666,109.0,1.3040183862793397,0.0028408264305036443,4440,10.0,9,100.0,5.0,,ARC-noGuard,ddos,107
405.0,4.802783272846101,0.3547468561577558,74.44305555555556,104.0,0.5216851890145926,0.00042380756900986,4276,15.0,9,55.0,10.0,,ARC-noGuard,ddos,108
280.0,3.091040925497479,0.3945948119933488,77.97916666666667,90.0,0.0750000000000001,0.017876611039213435,4523,0.0,9,20.0,10.0,,ARC-noGuard,ddos,109
350.0,5.305270754753389,0.5698644429832358,73.5375,101.0,0.5385447906201586,0.0003523068683889072,3344,35.0,9,0.0,10.0,,ARC-noGuard,ddos,110
305.0,4.279562447977659,0.37518975858104053,77.55972222222222,120.0,0.24296077582542405,0.0025577468885989827,4294,5.0,10,60.0,15.0,,ARC-noGuard,ddos,111
480.0,7.4274899412921975,0.5024358618400793,71.78472222222223,93.0,1.533332569764662,0.00441384468176996,4054,40.0,9,50.0,5.0,,ARC-noGuard,ddos,112
350.0,4.986932392176113,0.41918657904891105,76.96666666666667,120.0,0.4189922721079094,0.00039546108324365313,4395,40.0,9,60.0,5.0,,ARC-noGuard,ddos,113
295.0,3.8295896588396605,0.3706796391669329,82.56111111111112,118.0,0.07500000000000012,0.008998246862895068,4487,40.0,10,5.0,10.0,,ARC-noGuard,ddos,114
400.0,4.628714074573182,0.39356542343277184,75.99722222222222,90.0,0.7168104217106901,0.005585233042710666,4476,0.0,9,40.0,5.0,,ARC-noGuard,ddos,115
320.0,4.9747377190681785,0.5372646503289265,76.23611111111111,112.0,0.07547211693356837,0.009947288725992333,3471,25.0,9,0.0,5.0,,ARC-noGuard,ddos,116
280.0,3.9574084698946854,0.3695247877269902,79.0513888888889,120.0,0.08829769573432414,0.0004153925408854671,4449,30.0,9,70.0,10.0,,ARC-noGuard,ddos,117
295.0,4.550711189737666,0.49695204066499127,79.85138888888889,111.0,0.1349775303452523,0.015649269406733186,4456,5.0,9,5.0,10.0,,ARC-noGuard,ddos,118
420.0,5.9960334263184585,0.4540151333938986,72.8625,104.0,0.8610905864877024,0.0005796037869913471,4155,40.0,9,95.0,5.0,,ARC-noGuard,ddos,119
320.0,4.165812324319685,0.3698183628791365,75.71944444444445,113.0,0.26845522635096586,0.000406040445293737,4298,5.0,9,10.0,5.0,,ARC-noGuard,ddos,120
360.0,4.191591499207492,0.40802409261875444,76.19583333333334,93.0,0.7019259067583307,0.0019190950736979247,4521,20.0,9,90.0,5.0,,ARC-noGuard,ddos,121
325.0,4.914094831704419,0.5072070828547703,76.70277777777778,108.0,0.19734786434762924,0.00039629589425523585,3398,20.0,9,0.0,10.0,,ARC-noGuard,ddos,122
455.0,5.676411722252162,0.38557165528942955,74.74444444444444,102.0,0.9728841133514856,0.000452784679324145,4329,20.0,9,35.0,5.0,,ARC-noGuard,ddos,123
455.0,6.618581556901848,0.4855563997018195,80.6375,110.0,1.2414940633166838,0.0007869217536999995,4382,40.0,9,90.0,5.0,,ARC-noGuard,ddos,124
590.0,8.502330901768207,0.4203862421797866,72.70138888888889,107.0,1.963879285958431,0.0013354776701021906,4430,40.0,9,85.0,5.0,,ARC-noGuard,ddos,125
375.0,4.81900658414437,0.36534895508078136,75.85416666666667,112.0,0.604298033292538,0.004169377136072942,4145,35.0,9,10.0,5.0,,ARC-noGuard,ddos,126
235.0,2.9540655427997775,0.3988867945251235,85.9625,108.0,0.075,0.02414237387945952,4885,0.0,9,5.0,5.0,,ARC-noGuard,ddos,127
300.0,4.595097767931556,0.5076633974896522,76.52638888888889,114.0,0.07500000000000012,0.0003463518404268664,3356,25.0,10,0.0,10.0,,ARC-noGuard,ddos,128
230.0,3.2787526105469422,0.3842742497804421,84.35,120.0,0.07500000000000007,0.006374426541965603,4523,5.0,9,35.0,10.0,,ARC-noGuard,ddos,129
320.0,5.140402392334376,0.4977318647316468,78.23611111111111,99.0,0.2402388853851745,0.012721502903071833,4410,40.0,9,45.0,5.0,,ARC-noGuard,ddos,130
305.0,4.6830475034526415,0.4670011769687572,76.3375,120.0,0.075,0.007935177816131705,4328,40.0,10,55.0,10.0,,ARC-noGuard,ddos,131
415.0,4.7973274205459155,0.3550234051420408,75.58333333333333,104.0,0.617608196109254,0.006960659011915816,4274,5.0,9,60.0,10.0,,ARC-noGuard,ddos,132
285.0,3.317727298933937,0.3725817755679113,77.65,97.0,0.13566233109094514,0.011595165157498722,4768,15.0,9,70.0,5.0,,ARC-noGuard,ddos,133
360.0,5.442658345907125,0.5124663590214272,75.00972222222222,111.0,0.5451228466481614,0.01060140594539218,3331,25.0,10,0.0,10.0,,ARC-noGuard,ddos,134
380.0,5.4585681088452525,0.3690587472266223,75.34583333333333,105.0,0.7482336181995581,0.022105708807779515,4330,20.0,9,35.0,5.0,,ARC-noGuard,ddos,135
405.0,5.7548201140319,0.4266124709239309,78.28611111111111,106.0,0.6682045557738078,0.00041384654034608916,4431,30.0,9,60.0,10.0,,ARC-noGuard,ddos,136
515.0,6.938607582394763,0.4459809029417826,72.55,111.0,1.1422338362016455,0.00039690009024046413,4350,5.0,9,90.0,5.0,,ARC-noGuard,ddos,137
300.0,3.97035115812695,0.3612730318621388,75.98055555555555,99.0,0.12117469430097255,0.0003954987738617477,4295,20.0,9,35.0,5.0,,ARC-noGuard,ddos,138
250.0,2.9017401440413315,0.3995936456887898,78.40694444444445,97.0,0.0750000000000001,0.01883678776424109,4672,10.0,9,0.0,5.0,,ARC-noGuard,ddos,139
45.0,1.1035141951865501,0.48296096516467396,109.68333333333334,97.0,0.075,0.008845172746046084,775,0.0,10,0.0,5.0,,ARC-noRemed,ddos,100
0.0,0.4735429969660365,0.47354299696603835,103.65277777777777,113.0,0.075,0.9699999999999999,845,0.0,10,0.0,10.0,,ARC-noRemed,ddos,101
0.0,0.3540579414344047,0.3540579414344166,109.45,92.0,0.075,0.9699999999999999,848,0.0,10,0.0,10.0,,ARC-noRemed,ddos,102
0.0,0.4128850316310828,0.412885031631082,103.25277777777778,76.0,0.075,0.9699999999999999,793,0.0,10,0.0,5.0,,ARC-noRemed,ddos,103
0.0,0.5031626619446672,0.503162661944674,89.78888888888889,91.0,0.075,0.9699999999999999,563,0.0,10,0.0,10.0,,ARC-noRemed,ddos,104
0.0,0.3755607631347635,0.37556076313477077,107.40833333333333,104.0,0.075,0.9699999999999999,784,0.0,10,0.0,5.0,,ARC-noRemed,ddos,105
55.0,1.2599068340835795,0.4607291943877221,98.58055555555555,83.0,0.075,0.00039022703800404673,741,0.0,10,0.0,5.0,,ARC-noRemed,ddos,106
0.0,0.4705612430689343,0.47056124306891656,107.55972222222222,116.0,0.075,0.9699999999999999,898,0.0,10,0.0,5.0,,ARC-noRemed,ddos,107
0.0,0.35725629182329355,0.357256291823302,104.16111111111111,91.0,0.075,0.9699999999999999,842,0.0,10,0.0,5.0,,ARC-noRemed,ddos,108
0.0,0.3958699888718442,0.3958699888718512,102.07777777777778,72.0,0.075,0.9699999999999999,777,0.0,10,0.0,10.0,,ARC-noRemed,ddos,109
0.0,0.5727687589780261,0.5727687589780373,91.26944444444445,96.0,0.075,0.9699999999999999,572,0.0,10,0.0,5.0,,ARC-noRemed,ddos,110
0.0,0.3853822391270745,0.37815976286055053,105.35972222222222,97.0,0.075,0.9658425602194536,743,0.0,10,0.0,10.0,,ARC-noRemed,ddos,111
65.0,1.4687954009453108,0.5024358618400793,98.8875,92.0,0.075,0.0446729690761761,765,20.0,9,0.0,5.0,,ARC-noRemed,ddos,112
0.0,0.41918657904892465,0.41918657904891105,109.94166666666666,120.0,0.075,0.9699999999999999,849,0.0,10,0.0,5.0,,ARC-noRemed,ddos,113
0.0,0.36817767728467565,0.36817767728468825,116.99444444444444,96.0,0.075,0.9699999999999999,944,0.0,10,0.0,10.0,,ARC-noRemed,ddos,114
5.0,0.3964324846582046,0.38901308229329123,101.46666666666667,72.0,0.075,0.9244586129460273,805,5.0,10,5.0,15.0,,ARC-noRemed,ddos,115
0.0,0.5372646503289391,0.5372646503289265,93.36527777777778,108.0,0.075,0.9699999999999999,591,0.0,10,0.0,5.0,,ARC-noRemed,ddos,116
0.0,0.3695247877269936,0.3695247877269902,109.2875,101.0,0.075,0.9699999999999999,742,0.0,10,0.0,10.0,,ARC-noRemed,ddos,117
25.0,0.6796637409886563,0.4995879102586424,108.67222222222222,92.0,0.075,0.2966436158843989,774,0.0,9,0.0,5.0,,ARC-noRemed,ddos,118
0.0,0.451938345579872,0.4519383455798726,103.91805555555555,120.0,0.075,0.9699999999999999,842,0.0,9,0.0,10.0,,ARC-noRemed,ddos,119
0.0,0.3684188303786029,0.36841883037859785,106.16666666666667,88.0,0.075,0.9699999999999999,860,0.0,10,0.0,10.0,,ARC-noRemed,ddos,120
0.0,0.4048148342971736,0.40481483429717346,102.97083333333333,74.0,0.075,0.9699999999999999,790,0.0,10,0.0,5.0,,ARC-noRemed,ddos,121
0.0,0.5098821414724286,0.5098821414724288,92.29861111111111,94.0,0.075,0.9699999999999999,567,0.0,11,0.0,5.0,,ARC-noRemed,ddos,122
5.0,0.4349837872045459,0.38573665958524506,102.95972222222223,96.0,0.075,0.7753733796544495,798,0.0,10,0.0,10.0,,ARC-noRemed,ddos,123
75.0,1.629517027306815,0.48293466148440617,113.46944444444445,104.0,0.075,0.04632394488425792,825,30.0,9,0.0,10.0,,ARC-noRemed,ddos,124
0.0,0.4176498577253773,0.4176498577253726,107.87777777777778,120.0,0.075,0.9699999999999999,863,0.0,10,0.0,5.0,,ARC-noRemed,ddos,125
0.0,0.3653489550807909,0.36534895508078136,103.46805555555555,87.0,0.075,0.9699999999999999,857,0.0,10,0.0,5.0,,ARC-noRemed,ddos,126
0.0,0.39888679452511067,0.3988867945251235,113.25138888888888,80.0,0.075,0.9699999999999999,802,0.0,9,0.0,5.0,,ARC-noRemed,ddos,127
0.0,0.5116199011737432,0.5116199011737556,93.94027777777778,99.0,0.075,0.9699999999999999,593,0.0,10,0.0,5.0,,ARC-noRemed,ddos,128
0.0,0.38122893896599397,0.3812289389660048,117.16527777777777,120.0,0.075,0.9699999999999999,779,0.0,10,0.0,10.0,,ARC-noRemed,ddos,129
50.0,1.2476318129977626,0.4977318647316468,108.04166666666667,95.0,0.075,0.013689181594305662,769,10.0,9,0.0,5.0,,ARC-noRemed,ddos,130
0.0,0.46989739583607193,0.46989739583605766,108.18611111111112,119.0,0.075,0.9699999999999999,856,0.0,10,0.0,5.0,,ARC-noRemed,ddos,131
0.0,0.3550234051420409,0.3550234051420408,104.59027777777777,83.0,0.075,0.9699999999999999,884,0.0,9,0.0,10.0,,ARC-noRemed,ddos,132
0.0,0.37258177556791505,0.3725817755679113,101.31944444444444,72.0,0.075,0.9699999999999999,809,0.0,10,0.0,5.0,,ARC-noRemed,ddos,133
0.0,0.512466359021424,0.5124663590214272,91.4888888888889,105.0,0.075,0.9699999999999999,603,0.0,10,0.0,10.0,,ARC-noRemed,ddos,134
5.0,0.3901694864596683,0.3690587472266223,104.18888888888888,103.0,0.075,0.9037435134337805,800,0.0,10,0.0,5.0,,ARC-noRemed,ddos,135
60.0,1.5463340717031482,0.42479032233686465,112.66527777777777,96.0,0.075,0.007024316563699665,830,0.0,10,0.0,5.0,,ARC-noRemed,ddos,136
0.0,0.4448680282126194,0.444868028212623,103.86805555555556,120.0,0.075,0.9699999999999999,862,0.0,9,0.0,5.0,,ARC-noRemed,ddos,137
0.0,0.36127303186213044,0.3612730318621388,106.84305555555555,87.0,0.075,0.9699999999999999,891,0.0,9,0.0,5.0,,ARC-noRemed,ddos,138
0.0,0.3995936456887894,0.3995936456887898,103.83611111111111,74.0,0.075,0.9699999999999999,831,0.0,9,0.0,5.0,,ARC-noRemed,ddos,139
5880.0,92.66482827907278,0.0,44.0,24.0,6.055,4.3069108291187185e-05,0,1100.0,0,0.0,,,Static,ddos_kill,100
1545.0,25.889036747456164,0.0,56.833333333333336,31.0,9.055,1.8214857666916988e-06,0,850.0,0,0.0,,,Static,ddos_kill,101
1160.0,15.994900051021732,0.0,62.333333333333336,34.0,7.415403837164904,1.2946121599133927e-06,0,850.0,0,0.0,,,Static,ddos_kill,102
4815.0,74.80278576295088,0.0,53.166666666666664,29.0,6.055,5.994951805387988e-05,0,1190.0,0,0.0,,,Static,ddos_kill,103
1240.0,22.304652672268244,0.0,73.33333333333333,40.0,7.435275078612757,4.384777874038319e-06,0,605.0,0,0.0,,,Static,ddos_kill,104
6215.0,91.6937511914624,0.0,36.666666666666664,20.0,3.075,0.012217126491034964,0,1200.0,0,0.0,,,Static,ddos_kill,105
5905.0,93.01408192729312,0.0,44.0,24.0,6.055,4.498847175161031e-05,0,1142.5,0,0.0,,,Static,ddos_kill,106
1490.0,24.89131936091257,0.0,56.833333333333336,31.0,9.055,1.7132250584355153e-06,0,987.5,0,0.0,,,Static,ddos_kill,107
940.0,12.203419527751503,0.0,58.666666666666664,32.0,6.053,0.0002972010554550698,0,387.5,0,0.0,,,Static,ddos_kill,108
4260.0,66.15692342519044,0.0,53.166666666666664,29.0,6.055,0.00010146583166152482,0,1197.5,0,0.0,,,Static,ddos_kill,109
880.0,18.810195363585024,0.0,73.33333333333333,40.0,7.963268499347289,2.9121192727171083e-06,0,872.5,0,0.0,,,Static,ddos_kill,110
6215.0,91.57757171086627,0.0,36.666666666666664,20.0,3.075,0.012497884713358496,0,1200.0,0,0.0,,,Static,ddos_kill,111
5955.0,93.64813350114119,0.0,44.0,24.0,6.055,4.257908088769766e-05,0,930.0,0,0.0,,,Static,ddos_kill,112
1235.0,18.365896314685383,0.0,56.833333333333336,31.0,8.806496238093978,3.5369723709060255e-06,0,857.5,0,0.0,,,Static,ddos_kill,113
1260.0,18.858638523820126,0.0,62.333333333333336,34.0,7.574534421998929,1.2900321436624655e-06,0,852.5,0,0.0,,,Static,ddos_kill,114
4170.0,64.9608851227319,0.0,53.166666666666664,29.0,6.055,5.9658039676288524e-05,0,1197.5,0,0.0,,,Static,ddos_kill,115
960.0,19.478173224694007,0.0,73.33333333333333,40.0,7.976783916413558,4.270649488515725e-06,0,960.0,0,0.0,,,Static,ddos_kill,116
6450.0,97.12353966669407,0.0,36.666666666666664,20.0,6.055,4.735024298731376e-05,0,1200.0,0,0.0,,,Static,ddos_kill,117
5885.0,92.87335903176552,0.0,44.0,24.0,6.055,1.9816170739377878e-05,0,980.0,0,0.0,,,Static,ddos_kill,118
1450.0,23.24802363616687,0.0,56.833333333333336,31.0,9.055,3.6953932577673485e-06,0,902.5,0,0.0,,,Static,ddos_kill,119
1345.0,19.936998101729852,0.0,62.333333333333336,34.0,7.279943274448454,1.305903561161536e-06,0,832.5,0,0.0,,,Static,ddos_kill,120
1300.0,17.66774407622852,0.0,55.0,30.0,6.053,0.0004709803656720818,0,875.0,0,0.0,,,Static,ddos_kill,121
1065.0,20.802305676584066,0.0,73.33333333333333,40.0,7.391411732170299,4.381998107908735e-06,0,532.5,0,0.0,,,Static,ddos_kill,122
6220.0,91.719860065595,0.0,36.666666666666664,20.0,3.075,0.012174873426271738,0,1165.0,0,0.0,,,Static,ddos_kill,123
5890.0,92.05886355131369,0.0,44.0,24.0,6.055,3.9010900040508195e-05,0,1110.0,0,0.0,,,Static,ddos_kill,124
1385.0,21.321563655743436,0.0,56.833333333333336,31.0,8.778651199144102,3.5433640854488964e-06,0,860.0,0,0.0,,,Static,ddos_kill,125
1225.0,18.005569435512434,0.0,62.333333333333336,34.0,7.314619371541139,1.1625944331920848e-06,0,805.0,0,0.0,,,Static,ddos_kill,126
4330.0,66.34246175483851,0.0,53.166666666666664,29.0,6.055,5.412427280096261e-05,0,1192.5,0,0.0,,,Static,ddos_kill,127
1355.0,24.438297465005398,0.0,73.33333333333333,40.0,7.141999556920693,4.436792969009762e-06,0,1177.5,0,0.0,,,Static,ddos_kill,128
6210.0,91.71108450869804,0.0,36.666666666666664,20.0,3.075,0.011772023286989536,0,940.0,0,0.0,,,Static,ddos_kill,129
5885.0,92.86272034283758,0.0,44.0,24.0,6.055,4.1289501029452685e-05,0,970.0,0,0.0,,,Static,ddos_kill,130
1510.0,25.126257270347384,0.0,56.833333333333336,31.0,9.055,1.6728831544800932e-06,0,987.5,0,0.0,,,Static,ddos_kill,131
1200.0,16.87815683355082,0.0,62.333333333333336,34.0,7.188631125754631,1.3334551192475064e-06,0,847.5,0,0.0,,,Static,ddos_kill,132
1600.0,20.465947197465706,0.0,55.0,30.0,6.055,0.00010425507368530221,0,1132.5,0,0.0,,,Static,ddos_kill,133
1365.0,24.67603059564262,0.0,73.33333333333333,40.0,7.135153028207843,4.329798712816787e-06,0,1180.0,0,0.0,,,Static,ddos_kill,134
6435.0,96.89173164243104,0.0,36.666666666666664,20.0,6.055,4.869673445623876e-05,0,1200.0,0,0.0,,,Static,ddos_kill,135
2530.0,38.16398492921549,0.0,45.833333333333336,25.0,6.055,4.1368191818839744e-05,0,1190.0,0,0.0,,,Static,ddos_kill,136
1335.0,21.211440405486705,0.0,56.833333333333336,31.0,9.055,3.4483412853664775e-06,0,827.5,0,0.0,,,Static,ddos_kill,137
1365.0,19.62374226082143,0.0,62.333333333333336,34.0,7.201749645969103,1.3190490628842252e-06,0,852.5,0,0.0,,,Static,ddos_kill,138
1265.0,16.385561525442572,0.0,55.0,30.0,6.053,0.00044360327069591765,0,820.0,0,0.0,,,Static,ddos_kill,139
120.0,1.8088556967071345,0.0,97.8013888888889,120.0,0.075,0.0015067230014470568,102,57.5,0,0.0,,,HPA,ddos_kill,100
95.0,1.7354136135665943,0.0,100.43194444444444,120.0,0.075,0.00017117093443913125,136,47.5,0,0.0,,,HPA,ddos_kill,101
75.0,0.9829569070131106,0.0,92.65416666666667,86.0,0.075,0.004234763106240299,93,37.5,0,0.0,,,HPA,ddos_kill,102
60.0,0.7132349712644093,0.0,95.74583333333334,104.0,0.075,0.002855326362941822,87,30.0,0,0.0,,,HPA,ddos_kill,103
5.0,0.021055456381058324,0.0,84.89166666666667,76.0,0.075,0.8752699272795894,84,5.0,0,0.0,,,HPA,ddos_kill,104
70.0,0.9975369333425355,0.0,98.41666666666667,116.0,0.075,0.0026754686035652246,96,35.0,0,0.0,,,HPA,ddos_kill,105
105.0,1.1872433493597123,0.0,88.16527777777777,91.0,0.075,0.00677963564733067,73,45.0,0,0.0,,,HPA,ddos_kill,106
80.0,1.1030551803426825,0.0,97.38472222222222,111.0,0.075,0.0018801110042821546,113,40.0,0,0.0,,,HPA,ddos_kill,107
75.0,1.0723036048480683,0.0,92.82916666666667,96.0,0.075,0.004849359248623366,86,75.0,0,0.0,,,HPA,ddos_kill,108
95.0,1.4022510247067466,0.0,102.56944444444444,120.0,0.075,1.727658496448391e-05,121,47.5,0,0.0,,,HPA,ddos_kill,109
80.0,1.6862736231142428,0.0,95.29861111111111,120.0,0.075,0.0005376537719673556,109,80.0,0,0.0,,,HPA,ddos_kill,110
0.0,0.002684249807183292,0.0,88.71666666666667,64.0,0.075,0.9719800624372862,66,0.0,0,0.0,,,HPA,ddos_kill,111
95.0,1.5074149417532157,0.0,92.84444444444445,109.0,0.075,0.002043404172744543,97,45.0,0,0.0,,,HPA,ddos_kill,112
75.0,1.4151770224750115,0.0,99.07222222222222,120.0,0.075,0.0014007656379377337,110,37.5,0,0.0,,,HPA,ddos_kill,113
15.0,0.05365109549144709,0.0,90.24166666666666,84.0,0.075,0.803518087854913,83,7.5,0,0.0,,,HPA,ddos_kill,114
90.0,1.187332801747265,0.0,99.79861111111111,120.0,0.075,0.00012500304685711614,104,45.0,0,0.0,,,HPA,ddos_kill,115
0.0,0.001163647581192695,0.0,83.17361111111111,73.0,0.075,0.982452210894822,81,0.0,0,0.0,,,HPA,ddos_kill,116
10.0,0.037208367693131184,0.0,86.78888888888889,71.0,0.075,0.7216019110325663,62,5.0,0,0.0,,,HPA,ddos_kill,117
20.0,0.04188909940655572,0.0,84.6375,69.0,0.075,0.9112908921689676,70,12.5,0,0.0,,,HPA,ddos_kill,118
90.0,1.2877836245980379,0.0,102.29444444444445,120.0,0.075,0.0012301289010763134,109,45.0,0,0.0,,,HPA,ddos_kill,119
90.0,1.3161999892814413,0.0,100.43333333333334,120.0,0.075,6.455206766178893e-06,104,45.0,0,0.0,,,HPA,ddos_kill,120
90.0,1.0281128751207347,0.0,92.81111111111112,91.0,0.07500000000000015,0.013014439328780188,86,45.0,0,0.0,,,HPA,ddos_kill,121
0.0,0.0021585786060596135,0.0,82.52777777777777,71.0,0.075,0.9847593926196682,81,0.0,0,0.0,,,HPA,ddos_kill,122
50.0,0.5169514329860792,0.0,90.1361111111111,75.0,0.075,0.034046101242993204,81,50.0,0,0.0,,,HPA,ddos_kill,123
125.0,2.295235611727209,0.0,96.44027777777778,120.0,0.075,4.569169167110992e-05,127,60.0,0,0.0,,,HPA,ddos_kill,124
65.0,1.2850811467426948,0.0,98.94583333333334,120.0,0.075,0.001203655810556016,116,32.5,0,0.0,,,HPA,ddos_kill,125
70.0,0.9790438697495296,0.0,93.12777777777778,93.0,0.075,0.002750674164952031,92,35.0,0,0.0,,,HPA,ddos_kill,126
45.0,0.4362419329175693,0.0,93.62083333333334,92.0,0.075,0.03975664008561627,93,22.5,0,0.0,,,HPA,ddos_kill,127
155.0,2.575678733211051,0.0,97.68472222222222,120.0,0.075,0.0027205580435761974,115,77.5,0,0.0,,,HPA,ddos_kill,128
90.0,1.4734863781055707,0.0,103.5513888888889,120.0,0.075,5.9993314243063936e-05,112,45.0,0,0.0,,,HPA,ddos_kill,129
85.0,0.6796004559814772,0.0,90.59444444444445,100.0,0.075,0.019283783222180714,79,40.0,0,0.0,,,HPA,ddos_kill,130
95.0,1.2723262975358196,0.0,100.47222222222223,120.0,0.075,0.0004016766958430312,116,45.0,0,0.0,,,HPA,ddos_kill,131
0.0,0.003758162537725873,0.0,85.21111111111111,68.0,0.075,0.956602314493738,75,0.0,0,0.0,,,HPA,ddos_kill,132
10.0,0.012827618644706273,0.0,85.10972222222222,65.0,0.075,0.8796875497264893,75,10.0,0,0.0,,,HPA,ddos_kill,133
35.0,0.45546855505146366,0.0,89.54722222222222,89.0,0.075,0.030615849121335272,89,35.0,0,0.0,,,HPA,ddos_kill,134
35.0,0.3147682655470496,0.0,86.96666666666667,79.0,0.075,0.049913098927906505,67,17.5,0,0.0,,,HPA,ddos_kill,135
10.0,0.02365108570114849,0.0,81.54027777777777,67.0,0.075,0.9159852530290647,65,2.5,0,0.0,,,HPA,ddos_kill,136
55.0,0.6435572740393525,0.0,90.64583333333333,89.0,0.075,0.022460520628947614,104,55.0,0,0.0,,,HPA,ddos_kill,137
100.0,1.306250690256705,0.0,102.95833333333333,120.0,0.075,0.00868707207214088,120,50.0,0,0.0,,,HPA,ddos_kill,138
25.0,0.14575237040855837,0.0,85.27222222222223,63.0,0.075,0.35471077773624976,75,12.5,0,0.0,,,HPA,ddos_kill,139
35.0,0.3395816770819682,0.0,87.70694444444445,82.0,0.075,0.21688245956594143,182,15.0,0,0.0,,,HPA-fast,ddos_kill,100
70.0,1.2867580361684117,0.0,88.34722222222223,120.0,0.075,0.0016179139055599672,215,35.0,0,0.0,,,HPA-fast,ddos_kill,101
55.0,0.653821033455082,0.0,89.69583333333334,88.0,0.075,0.00419696835789022,232,55.0,0,0.0,,,HPA-fast,ddos_kill,102
70.0,0.9122360025497711,0.0,91.4486111111111,118.0,0.075,0.0034398299338028915,192,35.0,0,0.0,,,HPA-fast,ddos_kill,103
5.0,0.021055456381058324,0.0,78.67083333333333,75.0,0.075,0.8752699272795894,134,5.0,0,0.0,,,HPA-fast,ddos_kill,104
0.0,0.0,0.0,89.06527777777778,70.0,0.075,1.0,165,0.0,0,0.0,,,HPA-fast,ddos_kill,105
35.0,0.1856484550565085,0.0,85.62777777777778,67.0,0.075,0.05401291019151898,173,15.0,0,0.0,,,HPA-fast,ddos_kill,106
80.0,1.3896401052866492,0.0,88.81666666666666,118.0,0.075,0.0011963856446752094,213,40.0,0,0.0,,,HPA-fast,ddos_kill,107
60.0,0.6950012054639298,0.0,89.32916666666667,89.0,0.075,0.006473735978316679,201,60.0,0,0.0,,,HPA-fast,ddos_kill,108
60.0,0.9508930915291036,0.0,90.55833333333334,116.0,0.075,0.0008543944745426749,184,30.0,0,0.0,,,HPA-fast,ddos_kill,109
85.0,1.6600101728384442,0.0,82.75833333333334,120.0,0.075,0.0006333618916730635,194,80.0,0,0.0,,,HPA-fast,ddos_kill,110
50.0,0.49639505142209384,0.0,88.30972222222222,86.0,0.075,0.053845164145763035,176,50.0,0,0.0,,,HPA-fast,ddos_kill,111
65.0,1.1931060055803688,0.0,89.0625,101.0,0.075,0.0025255976692529843,212,65.0,0,0.0,,,HPA-fast,ddos_kill,112
0.0,0.002259737107623838,0.0,85.21388888888889,82.0,0.075,0.9837107906684216,191,0.0,0,0.0,,,HPA-fast,ddos_kill,113
0.0,0.0,0.0,88.59027777777777,67.0,0.075,1.0,174,0.0,0,0.0,,,HPA-fast,ddos_kill,114
35.0,0.25175761012095066,0.0,87.46944444444445,86.0,0.075,0.1942154765408439,144,17.5,0,0.0,,,HPA-fast,ddos_kill,115
0.0,0.001163647581192695,0.0,77.71388888888889,74.0,0.075,0.982452210894822,123,0.0,0,0.0,,,HPA-fast,ddos_kill,116
75.0,0.8520874779367471,0.0,90.99305555555556,105.0,0.075,0.01378597204818704,190,75.0,0,0.0,,,HPA-fast,ddos_kill,117
0.0,0.0,0.0,86.34027777777777,71.0,0.075,1.0,176,0.0,0,0.0,,,HPA-fast,ddos_kill,118
20.0,0.09877670023292762,0.0,84.63472222222222,83.0,0.075,0.4838894904652668,188,20.0,0,0.0,,,HPA-fast,ddos_kill,119
25.0,0.497528068755837,0.0,88.42083333333333,69.0,0.075,0.03722712224943034,196,12.5,0,0.0,,,HPA-fast,ddos_kill,120
75.0,0.9786315643795729,0.0,91.16111111111111,116.0,0.075,0.014379536456729328,193,37.5,0,0.0,,,HPA-fast,ddos_kill,121
20.0,0.11726250710347719,0.0,78.37222222222222,75.0,0.075,0.5544294553841225,124,10.0,0,0.0,,,HPA-fast,ddos_kill,122
0.0,0.0007303228153898722,0.0,87.16388888888889,67.0,0.075,0.9885339753442157,150,0.0,0,0.0,,,HPA-fast,ddos_kill,123
65.0,1.191968751971073,0.0,90.05277777777778,118.0,0.075,0.0028486009838718227,209,32.5,0,0.0,,,HPA-fast,ddos_kill,124
0.0,0.0,0.0,84.25277777777778,84.0,0.075,1.0,190,0.0,0,0.0,,,HPA-fast,ddos_kill,125
55.0,0.9030404284558591,0.0,89.95277777777778,89.0,0.075,0.0028819810212786672,224,55.0,0,0.0,,,HPA-fast,ddos_kill,126
75.0,1.101492656985703,0.0,90.66388888888889,118.0,0.075,0.0023486350500922233,195,37.5,0,0.0,,,HPA-fast,ddos_kill,127
75.0,1.2702984103912796,0.0,83.20138888888889,120.0,0.075,0.0007994628971517175,159,75.0,0,0.0,,,HPA-fast,ddos_kill,128
75.0,0.9890664316918985,0.0,93.91805555555555,120.0,0.075,0.006530914964474938,215,37.5,0,0.0,,,HPA-fast,ddos_kill,129
75.0,1.1036254962869751,0.0,88.9,102.0,0.075,0.002657448450159173,198,37.5,0,0.0,,,HPA-fast,ddos_kill,130
80.0,1.2505377774502557,0.0,88.52638888888889,115.0,0.075,0.0008900792703936571,203,40.0,0,0.0,,,HPA-fast,ddos_kill,131
10.0,0.03561581565471039,0.0,87.16805555555555,71.0,0.075,0.866997474063987,174,10.0,0,0.0,,,HPA-fast,ddos_kill,132
0.0,0.0012628569377448606,0.0,85.67916666666666,67.0,0.075,0.9736307096148457,149,0.0,0,0.0,,,HPA-fast,ddos_kill,133
40.0,0.4913549177378518,0.0,80.14722222222223,83.0,0.075,0.030615849121335272,139,40.0,0,0.0,,,HPA-fast,ddos_kill,134
75.0,0.9369563679577864,0.0,90.21388888888889,103.0,0.075,0.0012043563864392102,174,75.0,0,0.0,,,HPA-fast,ddos_kill,135
60.0,0.5144916539284394,0.0,88.1986111111111,95.0,0.075,0.008092676831098733,199,60.0,0,0.0,,,HPA-fast,ddos_kill,136
45.0,0.5634507980034065,0.0,85.51666666666667,80.0,0.075,0.030934372041508475,210,45.0,0,0.0,,,HPA-fast,ddos_kill,137
65.0,0.7881438327508095,0.0,90.49583333333334,95.0,0.07500000000000007,0.008621206850587456,229,65.0,0,0.0,,,HPA-fast,ddos_kill,138
75.0,1.067867495988406,0.0,90.25972222222222,120.0,0.075,0.00218868002393689,199,37.5,0,0.0,,,HPA-fast,ddos_kill,139
0.0,0.00994552403589255,0.0,104.925,90.0,0.075,0.9566654580577454,72,0.0,0,0.0,,,HPA-45,ddos_kill,100
5.0,0.029202008429607407,0.0,110.70694444444445,93.0,0.075,0.8049490053548948,104,2.5,0,0.0,,,HPA-45,ddos_kill,101
0.0,0.0,0.0,109.65416666666667,87.0,0.075,1.0,97,0.0,0,0.0,,,HPA-45,ddos_kill,102
0.0,0.0,0.0,109.42222222222222,89.0,0.075,1.0,84,0.0,0,0.0,,,HPA-45,ddos_kill,103
0.0,0.0,0.0,109.07916666666667,99.0,0.075,1.0,101,0.0,0,0.0,,,HPA-45,ddos_kill,104
0.0,0.0,0.0,109.04027777777777,93.0,0.075,1.0,88,0.0,0,0.0,,,HPA-45,ddos_kill,105
0.0,0.0,0.0,101.74166666666666,85.0,0.075,1.0,66,0.0,0,0.0,,,HPA-45,ddos_kill,106
0.0,0.0,0.0,108.15277777777777,84.0,0.075,1.0,91,0.0,0,0.0,,,HPA-45,ddos_kill,107
0.0,0.0,0.0,108.83333333333333,84.0,0.075,1.0,89,0.0,0,0.0,,,HPA-45,ddos_kill,108
0.0,0.0,0.0,112.73333333333333,97.0,0.075,1.0,99,0.0,0,0.0,,,HPA-45,ddos_kill,109
70.0,1.400332227904555,0.0,112.55833333333334,120.0,0.075,0.0006756184791324515,117,70.0,0,0.0,,,HPA-45,ddos_kill,110
0.0,0.0,0.0,106.23333333333333,82.0,0.075,1.0,63,0.0,0,0.0,,,HPA-45,ddos_kill,111
0.0,0.0,0.0,103.39583333333333,89.0,0.075,1.0,82,0.0,0,0.0,,,HPA-45,ddos_kill,112
0.0,0.0,0.0,111.24305555555556,97.0,0.075,1.0,109,0.0,0,0.0,,,HPA-45,ddos_kill,113
0.0,0.0,0.0,112.29583333333333,95.0,0.075,1.0,106,0.0,0,0.0,,,HPA-45,ddos_kill,114
0.0,0.0,0.0,109.3,88.0,0.075,1.0,84,0.0,0,0.0,,,HPA-45,ddos_kill,115
0.0,0.0,0.0,105.88055555555556,93.0,0.075,1.0,86,0.0,0,0.0,,,HPA-45,ddos_kill,116
0.0,0.0,0.0,106.88194444444444,82.0,0.075,1.0,70,0.0,0,0.0,,,HPA-45,ddos_kill,117
0.0,0.0,0.0,104.00833333333334,90.0,0.075,1.0,77,0.0,0,0.0,,,HPA-45,ddos_kill,118
0.0,0.0,0.0,112.34861111111111,96.0,0.075,1.0,90,0.0,0,0.0,,,HPA-45,ddos_kill,119
0.0,0.0,0.0,114.55416666666666,100.0,0.075,1.0,98,0.0,0,0.0,,,HPA-45,ddos_kill,120
0.0,0.0,0.0,106.20277777777778,84.0,0.075,1.0,77,0.0,0,0.0,,,HPA-45,ddos_kill,121
0.0,0.0,0.0,105.49027777777778,94.0,0.075,1.0,91,0.0,0,0.0,,,HPA-45,ddos_kill,122
0.0,0.0,0.0,106.1986111111111,81.0,0.075,1.0,75,0.0,0,0.0,,,HPA-45,ddos_kill,123
0.0,0.0,0.0,107.92083333333333,103.0,0.075,1.0,99,0.0,0,0.0,,,HPA-45,ddos_kill,124
0.0,0.0,0.0,111.60555555555555,100.0,0.075,1.0,102,0.0,0,0.0,,,HPA-45,ddos_kill,125
0.0,0.0,0.0,108.36111111111111,83.0,0.075,1.0,91,0.0,0,0.0,,,HPA-45,ddos_kill,126
0.0,0.0,0.0,109.02916666666667,83.0,0.075,1.0,92,0.0,0,0.0,,,HPA-45,ddos_kill,127
0.0,0.0,0.0,108.40138888888889,98.0,0.075,1.0,95,0.0,0,0.0,,,HPA-45,ddos_kill,128
0.0,0.0,0.0,113.08055555555555,105.0,0.075,1.0,86,0.0,0,0.0,,,HPA-45,ddos_kill,129
0.0,0.0,0.0,104.08194444444445,90.0,0.075,1.0,78,0.0,0,0.0,,,HPA-45,ddos_kill,130
0.0,0.0,0.0,110.35833333333333,87.0,0.075,1.0,92,0.0,0,0.0,,,HPA-45,ddos_kill,131
0.0,0.0,0.0,108.01944444444445,88.0,0.075,1.0,98,0.0,0,0.0,,,HPA-45,ddos_kill,132
0.0,0.0,0.0,106.99861111111112,81.0,0.075,1.0,92,0.0,0,0.0,,,HPA-45,ddos_kill,133
0.0,0.0,0.0,107.81805555555556,98.0,0.075,1.0,88,0.0,0,0.0,,,HPA-45,ddos_kill,134
0.0,0.0,0.0,106.24583333333334,81.0,0.075,1.0,63,0.0,0,0.0,,,HPA-45,ddos_kill,135
0.0,0.0,0.0,102.81805555555556,84.0,0.075,1.0,76,0.0,0,0.0,,,HPA-45,ddos_kill,136
0.0,0.0,0.0,110.49861111111112,102.0,0.075,1.0,99,0.0,0,0.0,,,HPA-45,ddos_kill,137
0.0,0.0,0.0,107.44027777777778,82.0,0.075,1.0,89,0.0,0,0.0,,,HPA-45,ddos_kill,138
0.0,0.0,0.0,108.84861111111111,85.0,0.075,1.0,87,0.0,0,0.0,,,HPA-45,ddos_kill,139
0.0,0.0,0.0,137.88472222222222,102.0,0.075,1.0,125,0.0,0,0.0,,,PredHPA,ddos_kill,100
0.0,0.0,0.0,140.02083333333334,104.0,0.075,1.0,147,0.0,0,0.0,,,PredHPA,ddos_kill,101
0.0,0.0,0.0,138.37222222222223,102.0,0.075,1.0,117,0.0,0,0.0,,,PredHPA,ddos_kill,102
0.0,0.0,0.0,126.6986111111111,94.0,0.075,1.0,87,0.0,0,0.0,,,PredHPA,ddos_kill,103
0.0,0.0,0.0,119.14305555555555,114.0,0.075,1.0,126,0.0,0,0.0,,,PredHPA,ddos_kill,104
0.0,0.0,0.0,133.31666666666666,95.0,0.075,1.0,84,0.0,0,0.0,,,PredHPA,ddos_kill,105
0.0,0.0,0.0,133.03472222222223,96.0,0.075,1.0,124,0.0,0,0.0,,,PredHPA,ddos_kill,106
0.0,0.0,0.0,135.5236111111111,103.0,0.075,1.0,129,0.0,0,0.0,,,PredHPA,ddos_kill,107
0.0,0.0,0.0,138.17638888888888,104.0,0.075,1.0,125,0.0,0,0.0,,,PredHPA,ddos_kill,108
0.0,0.0,0.0,129.7625,107.0,0.075,1.0,94,0.0,0,0.0,,,PredHPA,ddos_kill,109
0.0,0.0,0.0,118.70277777777778,113.0,0.075,1.0,122,0.0,0,0.0,,,PredHPA,ddos_kill,110
0.0,0.0,0.0,131.225,93.0,0.075,1.0,71,0.0,0,0.0,,,PredHPA,ddos_kill,111
0.0,0.0,0.0,133.65972222222223,94.0,0.075,1.0,140,0.0,0,0.0,,,PredHPA,ddos_kill,112
0.0,0.0,0.0,139.96666666666667,120.0,0.075,1.0,161,0.0,0,0.0,,,PredHPA,ddos_kill,113
0.0,0.0,0.0,139.73333333333332,106.0,0.075,1.0,126,0.0,0,0.0,,,PredHPA,ddos_kill,114
0.0,0.0,0.0,125.89166666666667,95.0,0.075,1.0,97,0.0,0,0.0,,,PredHPA,ddos_kill,115
0.0,0.0,0.0,120.43472222222222,117.0,0.075,1.0,123,0.0,0,0.0,,,PredHPA,ddos_kill,116
0.0,0.0,0.0,134.6027777777778,94.0,0.075,1.0,83,0.0,0,0.0,,,PredHPA,ddos_kill,117
0.0,0.0,0.0,131.92083333333332,92.0,0.075,1.0,123,0.0,0,0.0,,,PredHPA,ddos_kill,118
0.0,0.0,0.0,140.13194444444446,120.0,0.075,1.0,137,0.0,0,0.0,,,PredHPA,ddos_kill,119
0.0,0.0,0.0,145.59305555555557,120.0,0.075,1.0,112,0.0,0,0.0,,,PredHPA,ddos_kill,120
0.0,0.0,0.0,130.5847222222222,104.0,0.075,1.0,101,0.0,0,0.0,,,PredHPA,ddos_kill,121
0.0,0.0,0.0,120.70694444444445,116.0,0.075,1.0,113,0.0,0,0.0,,,PredHPA,ddos_kill,122
0.0,0.0,0.0,130.04583333333332,94.0,0.075,1.0,69,0.0,0,0.0,,,PredHPA,ddos_kill,123
0.0,0.0,0.0,135.81666666666666,96.0,0.075,1.0,121,0.0,0,0.0,,,PredHPA,ddos_kill,124
0.0,0.0,0.0,140.47222222222223,120.0,0.075,1.0,166,0.0,0,0.0,,,PredHPA,ddos_kill,125
0.0,0.0,0.0,141.99166666666667,103.0,0.075,1.0,117,0.0,0,0.0,,,PredHPA,ddos_kill,126
0.0,0.0,0.0,126.64027777777778,91.0,0.075,1.0,83,0.0,0,0.0,,,PredHPA,ddos_kill,127
0.0,0.0,0.0,119.57222222222222,111.0,0.075,1.0,126,0.0,0,0.0,,,PredHPA,ddos_kill,128
0.0,0.0,0.0,138.68472222222223,103.0,0.075,1.0,89,0.0,0,0.0,,,PredHPA,ddos_kill,129
5.0,0.010130862523893835,0.0,135.07083333333333,94.0,0.075,0.9296615996020181,130,5.0,0,0.0,,,PredHPA,ddos_kill,130
0.0,0.0,0.0,139.13888888888889,112.0,0.075,1.0,137,0.0,0,0.0,,,PredHPA,ddos_kill,131
0.0,0.0,0.0,136.7263888888889,104.0,0.075,1.0,127,0.0,0,0.0,,,PredHPA,ddos_kill,132
0.0,0.0,0.0,124.46111111111111,85.0,0.075,1.0,87,0.0,0,0.0,,,PredHPA,ddos_kill,133
0.0,0.0,0.0,120.50972222222222,119.0,0.075,1.0,125,0.0,0,0.0,,,PredHPA,ddos_kill,134
0.0,0.0,0.0,138.38611111111112,104.0,0.075,1.0,89,0.0,0,0.0,,,PredHPA,ddos_kill,135
0.0,0.0,0.0,131.86111111111111,94.0,0.075,1.0,131,0.0,0,0.0,,,PredHPA,ddos_kill,136
0.0,0.0,0.0,135.80555555555554,120.0,0.075,1.0,146,0.0,0,0.0,,,PredHPA,ddos_kill,137
0.0,0.0,0.0,141.93472222222223,107.0,0.075,1.0,119,0.0,0,0.0,,,PredHPA,ddos_kill,138
0.0,0.0,0.0,126.99722222222222,92.0,0.075,1.0,91,0.0,0,0.0,,,PredHPA,ddos_kill,139
290.0,2.412607307883907,0.745592052653764,96.07222222222222,120.0,0.075,0.0020765737513332963,97,60.0,0,0.0,,,HPA+RL,ddos_kill,100
145.0,1.8419582761254882,0.19664775569481263,100.50694444444444,120.0,0.075,0.0002468016809455799,126,47.5,0,0.0,,,HPA+RL,ddos_kill,101
220.0,1.316696326219402,0.4056492742416577,91.55,84.0,0.075,0.005803162417210149,96,40.0,0,0.0,,,HPA+RL,ddos_kill,102
245.0,1.381252045503245,0.3655468794036997,93.51527777777778,94.0,0.07500000000000007,0.016104625765170535,91,50.0,0,0.0,,,HPA+RL,ddos_kill,103
430.0,2.255867294422753,1.3518719297830453,85.325,85.0,0.075,0.0019853885657940035,90,42.5,0,0.0,,,HPA+RL,ddos_kill,104
75.0,0.2122173722762133,0.1793153571480559,87.87083333333334,79.0,0.075,0.7215475577664688,73,20.0,0,0.0,,,HPA+RL,ddos_kill,105
265.0,1.7377277396907087,0.595043480936212,86.39027777777778,87.0,0.07500000000000004,0.02446504179629915,72,50.0,0,0.0,,,HPA+RL,ddos_kill,106
130.0,1.2502727295782723,0.2010391695993827,96.77638888888889,111.0,0.075,0.004499841826985266,113,40.0,0,0.0,,,HPA+RL,ddos_kill,107
200.0,1.4140210193443248,0.3740090469621983,90.52916666666667,88.0,0.075,0.0072272656128404885,79,45.0,0,0.0,,,HPA+RL,ddos_kill,108
185.0,1.6045575168669113,0.30707967973355427,101.86111111111111,120.0,0.075,0.0001251367150680974,113,50.0,0,0.0,,,HPA+RL,ddos_kill,109
480.0,3.151343662156736,1.6102038650939814,93.29027777777777,117.0,0.075,0.0009204978051425448,99,310.0,0,0.0,,,HPA+RL,ddos_kill,110
140.0,0.8571774655934061,0.1930993723192787,93.225,84.0,0.075,0.05050649402376119,84,65.0,0,0.0,,,HPA+RL,ddos_kill,111
310.0,2.642090661500729,0.9453332899654456,89.48472222222222,100.0,0.075,0.0019791344517091566,84,60.0,0,0.0,,,HPA+RL,ddos_kill,112
105.0,0.854723546361813,0.4144899082934925,89.01388888888889,86.0,0.075,0.24206525711700272,95,25.0,0,0.0,,,HPA+RL,ddos_kill,113
170.0,0.4847987225065187,0.45868792417891546,89.16111111111111,82.0,0.075,0.7829262493051425,85,12.5,0,0.0,,,HPA+RL,ddos_kill,114
175.0,1.4317758278000858,0.2725554173588329,98.95277777777778,120.0,0.075,0.0005443845515509115,101,50.0,0,0.0,,,HPA+RL,ddos_kill,115
440.0,1.5347964184243668,1.5336327708431732,78.99444444444444,62.0,0.075,0.6976379956640262,67,37.5,0,0.0,,,HPA+RL,ddos_kill,116
125.0,1.0800347005104682,0.14892416178661363,94.45972222222223,102.0,0.075,0.014049994961913663,73,55.0,0,0.0,,,HPA+RL,ddos_kill,117
265.0,0.9359958973289784,0.8948813302639539,82.67083333333333,66.0,0.075,0.7520103732780961,70,20.0,0,0.0,,,HPA+RL,ddos_kill,118
170.0,1.7171473761234624,0.47013197542385704,98.05833333333334,114.0,0.075,0.0025002314244278903,115,50.0,0,0.0,,,HPA+RL,ddos_kill,119
240.0,1.7769047339961985,0.521745374903804,96.65833333333333,110.0,0.075,0.0008701495944403597,98,52.5,0,0.0,,,HPA+RL,ddos_kill,120
210.0,1.2205839697190468,0.30546917507213905,91.01666666666667,89.0,0.075,0.01804258891374576,85,42.5,0,0.0,,,HPA+RL,ddos_kill,121
400.0,1.4346207114802056,1.4346207114802005,79.16944444444445,60.0,0.075,0.7120241370922534,67,12.5,0,0.0,,,HPA+RL,ddos_kill,122
155.0,0.7844274885872693,0.27882464431573606,89.81111111111112,75.0,0.075,0.04492930489581248,80,30.0,0,0.0,,,HPA+RL,ddos_kill,123
300.0,2.7275902896439885,0.8992881644175406,95.07777777777778,120.0,0.075,7.437874813402413e-05,111,67.5,0,0.0,,,HPA+RL,ddos_kill,124
140.0,1.766955248400659,0.4445305237492097,95.8625,115.0,0.075,0.001903068882312523,111,37.5,0,0.0,,,HPA+RL,ddos_kill,125
200.0,1.476193237634249,0.42931240663818854,91.69166666666666,90.0,0.075,0.002494087426218751,98,52.5,0,0.0,,,HPA+RL,ddos_kill,126
235.0,1.9239126647899174,0.3371376808767243,92.35,91.0,0.075,0.0023333811686762794,99,62.5,0,0.0,,,HPA+RL,ddos_kill,127
435.0,2.653638166828609,1.4335633156413825,93.88888888888889,119.0,0.075,0.001078418199759112,95,90.0,0,0.0,,,HPA+RL,ddos_kill,128
130.0,1.5320085681546414,0.2675231437668177,100.76666666666667,112.0,0.075,0.0014399401290218115,110,45.0,0,0.0,,,HPA+RL,ddos_kill,129
325.0,1.617299398437122,0.950852770983236,89.08472222222223,98.0,0.075,0.019283783222180714,76,42.5,0,0.0,,,HPA+RL,ddos_kill,130
150.0,1.4851767949811245,0.22519728396057845,99.625,120.0,0.075,0.0004016766958430312,115,47.5,0,0.0,,,HPA+RL,ddos_kill,131
195.0,1.5660053528647855,0.38924258306672227,97.19583333333334,113.0,0.075,0.0008320197582894575,100,52.5,0,0.0,,,HPA+RL,ddos_kill,132
100.0,0.22738995623756697,0.21456233759286605,85.17222222222222,66.0,0.075,0.7998272747520629,77,25.0,0,0.0,,,HPA+RL,ddos_kill,133
425.0,2.655448494911372,1.4455124857437676,91.02638888888889,105.0,0.075,0.0027246079532953597,92,70.0,0,0.0,,,HPA+RL,ddos_kill,134
145.0,1.355394441269242,0.14265349397690796,95.58611111111111,112.0,0.075,0.001008768301211438,76,50.0,0,0.0,,,HPA+RL,ddos_kill,135
150.0,0.5034645305602714,0.47981344485912764,80.34861111111111,63.0,0.075,0.7480791560583848,60,5.0,0,0.0,,,HPA+RL,ddos_kill,136
130.0,1.1004792976371136,0.47278536715650626,85.63194444444444,73.0,0.075,0.04316664865575053,86,55.0,0,0.0,,,HPA+RL,ddos_kill,137
230.0,1.6106401779336088,0.3656906179643113,99.87777777777778,113.0,0.075,0.011672847105769529,108,52.5,0,0.0,,,HPA+RL,ddos_kill,138
145.0,0.37788697291750717,0.30777075584445607,83.94027777777778,61.0,0.075,0.6641564661005229,69,42.5,0,0.0,,,HPA+RL,ddos_kill,139
35.0,0.9096948257445336,0.48296096516467396,109.72083333333333,97.0,0.075,0.02038249818592583,759,7.5,10,0.0,5.0,,ARC,ddos_kill,100
0.0,0.4713453856717398,0.4713453856717391,103.48611111111111,110.0,0.075,0.9699999999999999,824,0.0,10,0.0,10.0,,ARC,ddos_kill,101
0.0,0.3540579414344047,0.3540579414344166,109.24722222222222,91.0,0.075,0.9699999999999999,875,0.0,10,0.0,10.0,,ARC,ddos_kill,102
0.0,0.410754698996485,0.4107546989964881,103.04444444444445,76.0,0.075,0.9699999999999999,794,0.0,10,0.0,5.0,,ARC,ddos_kill,103
10.0,0.6865328197938614,0.5064560656316683,90.40972222222223,93.0,0.075,0.05480986137180031,610,10.0,9,0.0,10.0,,ARC,ddos_kill,104
0.0,0.3755607631347635,0.37556076313477077,107.23055555555555,103.0,0.075,0.9699999999999999,773,0.0,10,0.0,5.0,,ARC,ddos_kill,105
50.0,1.2695814193998678,0.4607291943877221,99.04861111111111,83.0,0.075,0.05807136085408379,753,0.0,10,0.0,5.0,,ARC,ddos_kill,106
0.0,0.4705612430689343,0.47056124306891656,107.64722222222223,118.0,0.075,0.9699999999999999,899,0.0,10,0.0,5.0,,ARC,ddos_kill,107
0.0,0.3547468561577505,0.3547468561577558,104.36805555555556,90.0,0.075,0.9699999999999999,837,0.0,10,0.0,10.0,,ARC,ddos_kill,108
0.0,0.3958699888718442,0.3958699888718512,102.06666666666666,72.0,0.075,0.9699999999999999,771,0.0,10,0.0,10.0,,ARC,ddos_kill,109
15.0,0.7699321355167599,0.5727687589780373,93.03472222222223,102.0,0.075,0.18644964478532125,591,15.0,10,0.0,5.0,,ARC,ddos_kill,110
0.0,0.38241223484755116,0.37518975858104053,105.58333333333333,97.0,0.075,0.9658425602194536,761,0.0,10,0.0,15.0,,ARC,ddos_kill,111
45.0,1.2171418423442493,0.5024358618400793,98.00833333333334,90.0,0.075,0.0446729690761761,722,15.0,9,0.0,5.0,,ARC,ddos_kill,112
0.0,0.41918657904892465,0.41918657904891105,109.9875,120.0,0.075,0.9699999999999999,846,0.0,10,0.0,5.0,,ARC,ddos_kill,113
0.0,0.37284442393015205,0.37284442393016365,114.00138888888888,94.0,0.075,0.9699999999999999,925,0.0,10,0.0,10.0,,ARC,ddos_kill,114
5.0,0.3964324846582046,0.38901308229329123,101.72222222222223,72.0,0.075,0.9244586129460273,793,5.0,10,5.0,15.0,,ARC,ddos_kill,115
0.0,0.5339687019637163,0.5339687019637087,94.0,105.0,0.075,0.9699999999999999,605,0.0,10,0.0,5.0,,ARC,ddos_kill,116
15.0,0.3973444831699591,0.3732527811860406,109.69583333333334,104.0,0.075,0.8443186735624618,737,15.0,10,0.0,5.0,,ARC,ddos_kill,117
10.0,0.5291038777684887,0.4995879102586424,107.38472222222222,91.0,0.075,0.8793344052541648,761,0.0,10,0.0,5.0,,ARC,ddos_kill,118
0.0,0.451938345579872,0.4519383455798726,104.07083333333334,120.0,0.075,0.9699999999999999,824,0.0,9,0.0,10.0,,ARC,ddos_kill,119
0.0,0.3684188303786029,0.36841883037859785,105.20694444444445,88.0,0.075,0.9699999999999999,870,0.0,10,0.0,10.0,,ARC,ddos_kill,120
0.0,0.4048148342971736,0.40481483429717346,103.08333333333333,74.0,0.075,0.9699999999999999,786,0.0,10,0.0,5.0,,ARC,ddos_kill,121
0.0,0.5098821414724286,0.5098821414724288,92.50833333333334,99.0,0.075,0.9699999999999999,567,0.0,11,0.0,5.0,,ARC,ddos_kill,122
5.0,0.4349837872045459,0.38573665958524506,102.22361111111111,91.0,0.075,0.7753733796544495,779,0.0,10,0.0,10.0,,ARC,ddos_kill,123
65.0,1.1757216076669796,0.48293466148440617,112.34722222222223,106.0,0.075,0.06068181282056699,796,15.0,9,0.0,10.0,,ARC,ddos_kill,124
0.0,0.4191052470114198,0.41910524701141455,107.39722222222223,120.0,0.075,0.9699999999999999,870,0.0,10,0.0,10.0,,ARC,ddos_kill,125
0.0,0.3653489550807909,0.36534895508078136,103.89444444444445,87.0,0.075,0.9699999999999999,855,0.0,10,0.0,5.0,,ARC,ddos_kill,126
0.0,0.39888679452511067,0.3988867945251235,113.43194444444444,80.0,0.075,0.9699999999999999,783,0.0,9,0.0,5.0,,ARC,ddos_kill,127
0.0,0.5116199011737432,0.5116199011737556,93.54722222222222,97.0,0.075,0.9699999999999999,556,0.0,10,0.0,5.0,,ARC,ddos_kill,128
0.0,0.38427424978043634,0.3842742497804421,116.88333333333334,116.0,0.075,0.9699999999999999,781,0.0,10,0.0,10.0,,ARC,ddos_kill,129
25.0,0.7627854765489772,0.500286171301683,108.01388888888889,95.0,0.075,0.061554251948526144,734,10.0,9,0.0,5.0,,ARC,ddos_kill,130
0.0,0.4668354804118091,0.46683548041180895,106.95,120.0,0.075,0.9699999999999999,821,0.0,10,0.0,5.0,,ARC,ddos_kill,131
0.0,0.3550234051420409,0.3550234051420408,104.39722222222223,85.0,0.075,0.9699999999999999,878,0.0,9,0.0,10.0,,ARC,ddos_kill,132
0.0,0.37258177556791505,0.3725817755679113,101.09722222222223,75.0,0.075,0.9699999999999999,813,0.0,10,0.0,5.0,,ARC,ddos_kill,133
0.0,0.5082938062047959,0.5082938062047898,90.76527777777778,99.0,0.075,0.9699999999999999,574,0.0,10,0.0,10.0,,ARC,ddos_kill,134
5.0,0.3901694864596683,0.3690587472266223,103.83055555555555,102.0,0.075,0.9037435134337805,796,0.0,10,0.0,5.0,,ARC,ddos_kill,135
25.0,0.6598554569115622,0.427050520937317,110.66666666666667,92.0,0.075,0.05929630559108672,810,0.0,10,0.0,5.0,,ARC,ddos_kill,136
5.0,0.4546477544152938,0.4437194509035019,103.55972222222222,116.0,0.075,0.8781918483032792,840,5.0,9,0.0,10.0,,ARC,ddos_kill,137
0.0,0.36127303186213044,0.3612730318621388,106.74722222222222,91.0,0.075,0.9699999999999999,873,0.0,9,0.0,5.0,,ARC,ddos_kill,138
0.0,0.3995936456887894,0.3995936456887898,103.13333333333334,72.0,0.075,0.9699999999999999,802,0.0,9,0.0,5.0,,ARC,ddos_kill,139
30.0,0.9397933711161044,0.48626159394157076,110.26666666666667,96.0,0.075,0.03427307872189405,746,7.5,10,0.0,5.0,,ARC-noGraph,ddos_kill,100
0.0,0.47659869243833475,0.4765986924383353,103.89722222222223,112.0,0.075,0.9699999999999999,852,0.0,10,0.0,5.0,,ARC-noGraph,ddos_kill,101
0.0,0.3540579414344047,0.3540579414344166,109.14583333333333,93.0,0.075,0.9699999999999999,893,0.0,10,0.0,10.0,,ARC-noGraph,ddos_kill,102
0.0,0.4128850316310828,0.412885031631082,103.05277777777778,75.0,0.075,0.9699999999999999,790,0.0,10,0.0,5.0,,ARC-noGraph,ddos_kill,103
15.0,0.7076728037040958,0.5064560656316683,91.06111111111112,97.0,0.075,0.05480986137180031,586,15.0,9,0.0,10.0,,ARC-noGraph,ddos_kill,104
0.0,0.3720060705840189,0.3720060705840267,107.25972222222222,105.0,0.075,0.9699999999999999,789,0.0,10,0.0,5.0,,ARC-noGraph,ddos_kill,105
35.0,0.9177122256701864,0.4607291943877221,98.51388888888889,87.0,0.075,0.06767938957756675,762,0.0,10,0.0,5.0,,ARC-noGraph,ddos_kill,106
0.0,0.4679072844055998,0.4679072844055855,108.0875,116.0,0.075,0.9699999999999999,914,0.0,10,0.0,10.0,,ARC-noGraph,ddos_kill,107
0.0,0.3547468561577505,0.3547468561577558,104.06944444444444,88.0,0.075,0.9699999999999999,854,0.0,10,0.0,10.0,,ARC-noGraph,ddos_kill,108
0.0,0.3987314630099492,0.39873146300995277,101.96944444444445,70.0,0.075,0.9699999999999999,790,0.0,10,0.0,5.0,,ARC-noGraph,ddos_kill,109
0.0,0.5698644429832256,0.5698644429832358,91.9625,95.0,0.075,0.9699999999999999,568,0.0,10,0.0,10.0,,ARC-noGraph,ddos_kill,110
0.0,0.3818520144411752,0.37462953817465633,105.375,98.0,0.075,0.9658425602194536,772,0.0,10,0.0,10.0,,ARC-noGraph,ddos_kill,111
50.0,1.2138704671188716,0.496753464084999,98.2875,91.0,0.075,0.0446729690761761,741,20.0,9,0.0,10.0,,ARC-noGraph,ddos_kill,112
0.0,0.41918657904892465,0.41918657904891105,110.04583333333333,120.0,0.075,0.9699999999999999,857,0.0,10,0.0,5.0,,ARC-noGraph,ddos_kill,113
0.0,0.3706796391669265,0.3706796391669329,113.3,92.0,0.075,0.9699999999999999,898,0.0,10,0.0,10.0,,ARC-noGraph,ddos_kill,114
5.0,0.39910299882214284,0.3957083379724093,100.95555555555555,71.0,0.075,0.9341559298311102,775,5.0,10,0.0,5.0,,ARC-noGraph,ddos_kill,115
0.0,0.5339687019637163,0.5339687019637087,93.00972222222222,99.0,0.075,0.9699999999999999,575,0.0,10,0.0,5.0,,ARC-noGraph,ddos_kill,116
0.0,0.3664426422310685,0.36644264223107403,110.2125,104.0,0.075,0.9699999999999999,767,0.0,10,0.0,15.0,,ARC-noGraph,ddos_kill,117
15.0,0.5495347562524122,0.49695204066499127,108.68055555555556,91.0,0.075,0.7254350132823714,788,20.0,9,0.0,10.0,,ARC-noGraph,ddos_kill,118
0.0,0.45401513339389243,0.4540151333938986,103.80277777777778,120.0,0.075,0.9699999999999999,838,0.0,9,0.0,5.0,,ARC-noGraph,ddos_kill,119
0.0,0.3698183628791374,0.3698183628791365,105.53055555555555,88.0,0.075,0.9699999999999999,868,0.0,10,0.0,5.0,,ARC-noGraph,ddos_kill,120
0.0,0.40802409261876393,0.40802409261875444,102.94166666666666,72.0,0.075,0.9699999999999999,791,0.0,10,0.0,5.0,,ARC-noGraph,ddos_kill,121
0.0,0.5072070828547659,0.5072070828547703,92.43333333333334,99.0,0.075,0.9699999999999999,566,0.0,10,0.0,10.0,,ARC-noGraph,ddos_kill,122
5.0,0.4349837872045459,0.38573665958524506,103.09583333333333,97.0,0.075,0.7753733796544495,787,0.0,10,0.0,10.0,,ARC-noGraph,ddos_kill,123
65.0,1.0831703485685518,0.4855563997018195,111.64305555555555,102.0,0.075,0.06068181282056699,797,20.0,9,0.0,5.0,,ARC-noGraph,ddos_kill,124
0.0,0.42038624217979326,0.4203862421797866,106.24027777777778,120.0,0.075,0.9699999999999999,877,0.0,10,0.0,5.0,,ARC-noGraph,ddos_kill,125
0.0,0.3653489550807909,0.36534895508078136,103.62638888888888,87.0,0.075,0.9699999999999999,831,0.0,10,0.0,5.0,,ARC-noGraph,ddos_kill,126
0.0,0.39888679452511067,0.3988867945251235,113.78888888888889,84.0,0.075,0.9699999999999999,817,0.0,9,0.0,5.0,,ARC-noGraph,ddos_kill,127
0.0,0.5156779589136851,0.5156779589136883,93.76388888888889,97.0,0.075,0.9699999999999999,573,0.0,10,0.0,5.0,,ARC-noGraph,ddos_kill,128
0.0,0.3877395864743116,0.38773958647431067,117.1986111111111,117.0,0.075,0.9699999999999999,793,0.0,10,0.0,5.0,,ARC-noGraph,ddos_kill,129
40.0,0.7557384646049714,0.49569913763250667,108.14027777777778,95.0,0.075,0.07673333815891847,783,15.0,9,0.0,10.0,,ARC-noGraph,ddos_kill,130
0.0,0.46989739583607193,0.46989739583605766,107.42361111111111,120.0,0.075,0.9699999999999999,833,0.0,10,0.0,5.0,,ARC-noGraph,ddos_kill,131
0.0,0.3550234051420409,0.3550234051420408,104.425,84.0,0.075,0.9699999999999999,870,0.0,9,0.0,10.0,,ARC-noGraph,ddos_kill,132
0.0,0.37512414973221997,0.37512414973221686,101.21111111111111,75.0,0.075,0.9699999999999999,805,0.0,10,0.0,5.0,,ARC-noGraph,ddos_kill,133
0.0,0.512466359021424,0.5124663590214272,91.10416666666667,100.0,0.075,0.9699999999999999,581,0.0,10,0.0,10.0,,ARC-noGraph,ddos_kill,134
5.0,0.3901694864596683,0.3690587472266223,103.94444444444444,102.0,0.075,0.9037435134337805,806,0.0,10,0.0,5.0,,ARC-noGraph,ddos_kill,135
25.0,0.5573469648700313,0.4266124709239309,111.00555555555556,94.0,0.075,0.39724976034061643,808,0.0,10,0.0,10.0,,ARC-noGraph,ddos_kill,136
0.0,0.4459809029417783,0.4459809029417826,102.26527777777778,119.0,0.075,0.9699999999999999,843,0.0,9,0.0,5.0,,ARC-noGraph,ddos_kill,137
0.0,0.36127303186213044,0.3612730318621388,107.05416666666666,90.0,0.075,0.9699999999999999,897,0.0,9,0.0,5.0,,ARC-noGraph,ddos_kill,138
0.0,0.3995936456887894,0.3995936456887898,103.02777777777777,74.0,0.075,0.9699999999999999,807,0.0,9,0.0,5.0,,ARC-noGraph,ddos_kill,139
40.0,1.1235910709668562,0.48626159394157076,108.39861111111111,96.0,0.075,0.02038249818592583,768,10.0,0,0.0,5.0,,ARC-noChaos,ddos_kill,100
0.0,0.4713453856717398,0.4713453856717391,102.14305555555555,110.0,0.075,0.9699999999999999,851,0.0,0,0.0,10.0,,ARC-noChaos,ddos_kill,101
0.0,0.3540579414344047,0.3540579414344166,108.25833333333334,95.0,0.075,0.9699999999999999,844,0.0,0,0.0,10.0,,ARC-noChaos,ddos_kill,102
0.0,0.4128850316310828,0.412885031631082,103.77361111111111,76.0,0.075,0.9699999999999999,811,0.0,0,0.0,5.0,,ARC-noChaos,ddos_kill,103
15.0,0.7940466888356257,0.5062504189836311,90.1763888888889,94.0,0.075,0.05480986137180031,550,15.0,0,0.0,5.0,,ARC-noChaos,ddos_kill,104
0.0,0.3755607631347635,0.37556076313477077,105.43472222222222,105.0,0.075,0.9699999999999999,797,0.0,0,0.0,5.0,,ARC-noChaos,ddos_kill,105
40.0,0.9056202547374603,0.4628459749651635,98.01527777777778,83.0,0.075,0.06767938957756675,752,0.0,0,0.0,5.0,,ARC-noChaos,ddos_kill,106
0.0,0.4705612430689343,0.47056124306891656,105.59166666666667,113.0,0.075,0.9699999999999999,869,0.0,0,0.0,5.0,,ARC-noChaos,ddos_kill,107
0.0,0.3547468561577505,0.3547468561577558,102.68888888888888,87.0,0.075,0.9699999999999999,842,0.0,0,0.0,10.0,,ARC-noChaos,ddos_kill,108
0.0,0.3987314630099492,0.39873146300995277,102.48472222222222,72.0,0.075,0.9699999999999999,774,0.0,0,0.0,5.0,,ARC-noChaos,ddos_kill,109
15.0,0.7699321355167599,0.5727687589780373,92.17361111111111,98.0,0.075,0.18644964478532125,581,15.0,0,0.0,5.0,,ARC-noChaos,ddos_kill,110
0.0,0.3818520144411752,0.37462953817465633,103.12083333333334,99.0,0.075,0.9658425602194536,724,0.0,0,0.0,10.0,,ARC-noChaos,ddos_kill,111
55.0,1.2067662578900462,0.5024358618400793,97.20555555555555,88.0,0.075,0.0446729690761761,742,5.0,0,0.0,5.0,,ARC-noChaos,ddos_kill,112
0.0,0.41918657904892465,0.41918657904891105,110.02083333333333,120.0,0.075,0.9699999999999999,869,0.0,0,0.0,5.0,,ARC-noChaos,ddos_kill,113
0.0,0.3706796391669265,0.3706796391669329,114.69027777777778,94.0,0.075,0.9699999999999999,903,0.0,0,0.0,10.0,,ARC-noChaos,ddos_kill,114
0.0,0.39303189590824683,0.39303189590823656,101.99027777777778,72.0,0.075,0.9699999999999999,802,0.0,0,0.0,10.0,,ARC-noChaos,ddos_kill,115
0.0,0.5372646503289391,0.5372646503289265,94.7625,102.0,0.075,0.9699999999999999,551,0.0,0,0.0,5.0,,ARC-noChaos,ddos_kill,116
15.0,0.3936164897109018,0.3695247877269902,106.3638888888889,101.0,0.075,0.8443186735624618,727,15.0,0,0.0,10.0,,ARC-noChaos,ddos_kill,117
10.0,0.5293037010929424,0.4995879102586424,108.52916666666667,91.0,0.075,0.8776931064352617,765,0.0,0,0.0,5.0,,ARC-noChaos,ddos_kill,118
0.0,0.45401513339389243,0.4540151333938986,103.50416666666666,115.0,0.075,0.9699999999999999,836,0.0,0,0.0,5.0,,ARC-noChaos,ddos_kill,119
0.0,0.3684188303786029,0.36841883037859785,104.82083333333334,87.0,0.075,0.9699999999999999,857,0.0,0,0.0,10.0,,ARC-noChaos,ddos_kill,120
0.0,0.4048148342971736,0.40481483429717346,104.25277777777778,74.0,0.075,0.9699999999999999,804,0.0,0,0.0,5.0,,ARC-noChaos,ddos_kill,121
0.0,0.5098821414724286,0.5098821414724288,93.2,100.0,0.075,0.9699999999999999,555,0.0,0,0.0,5.0,,ARC-noChaos,ddos_kill,122
0.0,0.38573665958523407,0.38573665958524506,100.90555555555555,91.0,0.075,0.9699999999999999,785,0.0,0,0.0,10.0,,ARC-noChaos,ddos_kill,123
50.0,1.1725956285526529,0.4855563997018195,111.54861111111111,102.0,0.075,0.06068181282056699,804,15.0,0,0.0,5.0,,ARC-noChaos,ddos_kill,124
0.0,0.42038624217979326,0.4203862421797866,105.31527777777778,120.0,0.075,0.9699999999999999,867,0.0,0,0.0,5.0,,ARC-noChaos,ddos_kill,125
0.0,0.3653489550807909,0.36534895508078136,102.91111111111111,88.0,0.075,0.9699999999999999,814,0.0,0,0.0,5.0,,ARC-noChaos,ddos_kill,126
0.0,0.39888679452511067,0.3988867945251235,114.72777777777777,83.0,0.075,0.9699999999999999,815,0.0,0,0.0,5.0,,ARC-noChaos,ddos_kill,127
0.0,0.5117214552295857,0.5117214552295849,95.1763888888889,99.0,0.075,0.9699999999999999,591,0.0,0,0.0,10.0,,ARC-noChaos,ddos_kill,128
0.0,0.38427424978043634,0.3842742497804421,114.75833333333334,115.0,0.075,0.9699999999999999,785,0.0,0,0.0,10.0,,ARC-noChaos,ddos_kill,129
45.0,0.8167142971705621,0.500286171301683,105.95,94.0,0.075,0.07673333815891847,763,15.0,0,0.0,5.0,,ARC-noChaos,ddos_kill,130
0.0,0.4670011769687621,0.4670011769687572,107.09861111111111,118.0,0.075,0.9699999999999999,840,0.0,0,0.0,10.0,,ARC-noChaos,ddos_kill,131
0.0,0.357661284647659,0.35766128464765795,103.39027777777778,84.0,0.075,0.9699999999999999,862,0.0,0,0.0,5.0,,ARC-noChaos,ddos_kill,132
0.0,0.37258177556791505,0.3725817755679113,102.30694444444444,76.0,0.075,0.9699999999999999,814,0.0,0,0.0,5.0,,ARC-noChaos,ddos_kill,133
0.0,0.512466359021424,0.5124663590214272,91.23055555555555,100.0,0.075,0.9699999999999999,573,0.0,0,0.0,10.0,,ARC-noChaos,ddos_kill,134
10.0,0.4544442976453844,0.3690587472266223,101.59861111111111,92.0,0.075,0.6580672665862659,806,0.0,0,0.0,5.0,,ARC-noChaos,ddos_kill,135
45.0,1.2226828035556192,0.427050520937317,108.91111111111111,93.0,0.075,0.05849947451343125,786,0.0,0,0.0,5.0,,ARC-noChaos,ddos_kill,136
10.0,0.47065446753089546,0.4437194509035019,101.16388888888889,114.0,0.075,0.8629214303352674,828,10.0,0,0.0,10.0,,ARC-noChaos,ddos_kill,137
0.0,0.3594671429479446,0.35946714294794774,105.63333333333334,89.0,0.075,0.9699999999999999,836,0.0,0,0.0,5.0,,ARC-noChaos,ddos_kill,138
15.0,0.5419600494040222,0.3995936456887898,103.29166666666667,77.0,0.075,0.05965744078461353,812,15.0,0,0.0,5.0,,ARC-noChaos,ddos_kill,139
40.0,0.46243440383063605,0.0,116.99166666666666,114.0,0.075,0.0566496306081476,801,10.0,10,0.0,,,ARC-noSec,ddos_kill,100
0.0,0.0,0.0,110.6125,112.0,0.075,1.0,886,0.0,11,0.0,,,ARC-noSec,ddos_kill,101
0.0,0.0,0.0,114.30416666666666,110.0,0.075,1.0,893,0.0,11,0.0,,,ARC-noSec,ddos_kill,102
0.0,0.0,0.0,110.6986111111111,103.0,0.075,1.0,846,0.0,11,0.0,,,ARC-noSec,ddos_kill,103
0.0,0.0,0.0,97.04722222222222,120.0,0.075,1.0,634,0.0,11,0.0,,,ARC-noSec,ddos_kill,104
0.0,0.0,0.0,113.80694444444444,106.0,0.075,1.0,881,0.0,11,0.0,,,ARC-noSec,ddos_kill,105
35.0,0.5133436320258644,0.0,105.37222222222222,96.0,0.075,0.022836694456600633,761,0.0,11,0.0,,,ARC-noSec,ddos_kill,106
0.0,0.0,0.0,113.84722222222223,115.0,0.075,1.0,954,0.0,11,0.0,,,ARC-noSec,ddos_kill,107
0.0,0.0,0.0,108.77361111111111,109.0,0.075,1.0,868,0.0,11,0.0,,,ARC-noSec,ddos_kill,108
0.0,0.0,0.0,109.72638888888889,113.0,0.075,1.0,853,0.0,11,0.0,,,ARC-noSec,ddos_kill,109
0.0,0.0,0.0,98.86527777777778,120.0,0.075,1.0,616,0.0,11,0.0,,,ARC-noSec,ddos_kill,110
0.0,0.007222476266510736,0.0,111.5875,98.0,0.075,0.9658425602194536,797,0.0,11,0.0,,,ARC-noSec,ddos_kill,111
45.0,0.7124335918752056,0.0,103.78055555555555,96.0,0.075,0.0446729690761761,787,15.0,11,0.0,,,ARC-noSec,ddos_kill,112
0.0,0.0,0.0,115.65277777777777,120.0,0.075,1.0,889,0.0,10,0.0,,,ARC-noSec,ddos_kill,113
0.0,0.0,0.0,120.76944444444445,118.0,0.075,1.0,980,0.0,11,0.0,,,ARC-noSec,ddos_kill,114
0.0,0.0,0.0,108.325,107.0,0.075,1.0,810,0.0,11,0.0,,,ARC-noSec,ddos_kill,115
0.0,0.0,0.0,100.17361111111111,120.0,0.075,1.0,617,0.0,11,0.0,,,ARC-noSec,ddos_kill,116
0.0,0.0,0.0,116.35972222222222,102.0,0.075,1.0,781,0.0,11,0.0,,,ARC-noSec,ddos_kill,117
10.0,0.07963539983033563,0.0,116.5125,107.0,0.075,0.43175610100217554,802,10.0,10,0.0,,,ARC-noSec,ddos_kill,118
0.0,0.0,0.0,109.53472222222223,120.0,0.075,1.0,863,0.0,10,0.0,,,ARC-noSec,ddos_kill,119
0.0,0.0,0.0,112.05555555555556,120.0,0.075,1.0,931,0.0,11,0.0,,,ARC-noSec,ddos_kill,120
25.0,0.3444474931093233,0.0,111.40694444444445,100.0,0.075,0.033125409463075545,889,12.5,11,0.0,,,ARC-noSec,ddos_kill,121
0.0,0.0,0.0,99.4888888888889,120.0,0.075,1.0,650,0.0,11,0.0,,,ARC-noSec,ddos_kill,122
5.0,0.04924712761930072,0.0,108.18055555555556,89.0,0.075,0.7753733796544495,787,0.0,11,0.0,,,ARC-noSec,ddos_kill,123
40.0,0.5658837088839963,0.0,117.36527777777778,115.0,0.075,0.06068181282056699,821,0.0,10,35.0,,,ARC-noSec,ddos_kill,124
0.0,0.0,0.0,112.95972222222223,120.0,0.075,1.0,938,0.0,10,0.0,,,ARC-noSec,ddos_kill,125
0.0,0.0,0.0,109.6763888888889,107.0,0.075,1.0,855,0.0,11,0.0,,,ARC-noSec,ddos_kill,126
0.0,0.0,0.0,122.02083333333333,116.0,0.075,1.0,873,0.0,11,0.0,,,ARC-noSec,ddos_kill,127
0.0,0.0,0.0,102.07777777777778,120.0,0.075,1.0,643,0.0,11,0.0,,,ARC-noSec,ddos_kill,128
0.0,0.0,0.0,125.36111111111111,120.0,0.075,1.0,878,0.0,11,0.0,,,ARC-noSec,ddos_kill,129
20.0,0.12965837559675286,0.0,114.19722222222222,108.0,0.075,0.32629179967108446,799,10.0,10,0.0,,,ARC-noSec,ddos_kill,130
0.0,0.0,0.0,113.36111111111111,120.0,0.075,1.0,890,0.0,11,0.0,,,ARC-noSec,ddos_kill,131
0.0,0.0,0.0,109.85138888888889,110.0,0.075,1.0,881,0.0,11,0.0,,,ARC-noSec,ddos_kill,132
0.0,0.0,0.0,108.05555555555556,92.0,0.075,1.0,848,0.0,11,0.0,,,ARC-noSec,ddos_kill,133
0.0,0.0,0.0,98.34444444444445,120.0,0.075,1.0,640,0.0,11,0.0,,,ARC-noSec,ddos_kill,134
5.0,0.021110739233043407,0.0,110.50138888888888,111.0,0.075,0.9037435134337805,818,0.0,11,0.0,,,ARC-noSec,ddos_kill,135
25.0,0.15708492556147924,0.0,116.91527777777777,112.0,0.075,0.41610160919553985,856,0.0,10,0.0,,,ARC-noSec,ddos_kill,136
0.0,0.0,0.0,109.57777777777778,120.0,0.075,1.0,883,0.0,10,0.0,,,ARC-noSec,ddos_kill,137
0.0,0.0,0.0,113.9486111111111,113.0,0.075,1.0,905,0.0,11,0.0,,,ARC-noSec,ddos_kill,138
0.0,0.0,0.0,110.4375,108.0,0.075,1.0,858,0.0,10,0.0,,,ARC-noSec,ddos_kill,139
365.0,5.847733449193859,0.48626159394157076,80.06805555555556,106.0,0.6937253455459246,0.010430236766038915,4329,27.5,9,15.0,5.0,,ARC-noGuard,ddos_kill,100
505.0,7.459043737300918,0.47354299696603835,72.17083333333333,105.0,1.5655517735226618,0.0006852203328544163,4264,40.0,9,85.0,10.0,,ARC-noGuard,ddos_kill,101
345.0,4.984807502896549,0.3540579414344166,79.22916666666667,114.0,0.4011150398635223,0.012435318819079288,4256,15.0,9,45.0,10.0,,ARC-noGuard,ddos_kill,102
375.0,4.625142234693302,0.412885031631082,74.65138888888889,87.0,0.5922023965164924,0.0031020158544131406,4424,0.0,9,70.0,5.0,,ARC-noGuard,ddos_kill,103
385.0,5.765844808938992,0.5064560656316683,72.70277777777778,103.0,0.6263970730143883,0.011249016943135496,3262,15.0,9,0.0,10.0,,ARC-noGuard,ddos_kill,104
325.0,4.550442530435994,0.3720060705840267,77.61666666666666,120.0,0.3030799278089408,0.024459614851419717,4496,20.0,9,5.0,5.0,,ARC-noGuard,ddos_kill,105
485.0,7.1160607652478,0.4607291943877221,72.00277777777778,91.0,1.2685082728359032,0.000431821449641311,4221,32.5,8,70.0,5.0,,ARC-noGuard,ddos_kill,106
520.0,7.481259311648847,0.47056124306891656,72.07083333333334,107.0,1.3040183862793397,0.0028408264305036443,4424,15.0,9,105.0,5.0,,ARC-noGuard,ddos_kill,107
420.0,5.312859232176137,0.3547468561577558,74.23333333333333,98.0,0.7082632037869365,0.00042380756900986,4314,22.5,9,40.0,10.0,,ARC-noGuard,ddos_kill,108
270.0,3.048535858352075,0.3958699888718512,77.63472222222222,88.0,0.075,0.0176749505977956,4550,10.0,9,45.0,10.0,,ARC-noGuard,ddos_kill,109
350.0,5.3672327443729735,0.5666239977997591,73.00694444444444,101.0,0.5385447906201586,0.0003523068683889072,3334,25.0,9,0.0,10.0,,ARC-noGuard,ddos_kill,110
260.0,3.454006162177803,0.3716595338951464,78.37916666666666,120.0,0.07516211768153866,0.0025577468885989827,4296,5.0,10,50.0,15.0,,ARC-noGuard,ddos_kill,111
495.0,7.615169903797481,0.5024358618400793,71.20833333333333,95.0,1.6003733631348782,0.0007980615066630518,4011,40.0,9,45.0,5.0,,ARC-noGuard,ddos_kill,112
370.0,4.909411167042954,0.41918657904891105,76.29444444444445,111.0,0.4848589693072652,0.00039546108324365313,4441,30.0,9,95.0,5.0,,ARC-noGuard,ddos_kill,113
305.0,3.940258636974059,0.3706796391669329,82.20833333333333,119.0,0.07500000000000012,0.008998246862895068,4483,10.0,10,5.0,10.0,,ARC-noGuard,ddos_kill,114
440.0,5.112363215436789,0.3957083379724093,75.75833333333334,94.0,0.9675826952762665,0.005585233042710666,4505,40.0,9,75.0,5.0,,ARC-noGuard,ddos_kill,115
330.0,4.95096474390766,0.5372646503289265,76.20138888888889,112.0,0.16198550824275224,0.013256305981499449,3444,35.0,9,0.0,5.0,,ARC-noGuard,ddos_kill,116
250.0,3.5801922966039457,0.3695247877269902,79.04027777777777,120.0,0.075,0.0004153925408854671,4419,15.0,10,70.0,10.0,,ARC-noGuard,ddos_kill,117
290.0,4.121296070861136,0.49695204066499127,80.75,111.0,0.11154558323517665,0.015649269406733186,4464,20.0,9,5.0,10.0,,ARC-noGuard,ddos_kill,118
470.0,7.07174433358595,0.4540151333938986,72.85416666666667,104.0,1.1221188891040272,0.0005796037869913471,4183,40.0,9,100.0,5.0,,ARC-noGuard,ddos_kill,119
335.0,4.638955381292719,0.3698183628791365,75.71944444444445,109.0,0.3414602261958807,0.000406040445293737,4263,40.0,9,15.0,5.0,,ARC-noGuard,ddos_kill,120
360.0,4.191591499207492,0.40802409261875444,76.19305555555556,93.0,0.7019259067583307,0.0019190950736979247,4517,10.0,9,90.0,5.0,,ARC-noGuard,ddos_kill,121
320.0,5.025985180742154,0.5110061901199859,76.1138888888889,106.0,0.17355235801342436,0.00022172822307781263,3432,30.0,9,0.0,10.0,,ARC-noGuard,ddos_kill,122
495.0,5.9343591116230225,0.3879648330880066,74.6375,119.0,1.086312210642075,0.000452784679324145,4348,10.0,9,65.0,5.0,,ARC-noGuard,ddos_kill,123
450.0,6.481349633258415,0.4855563997018195,80.65833333333333,112.0,0.9851449049573185,0.00038397336624037686,4407,45.0,9,50.0,5.0,,ARC-noGuard,ddos_kill,124
590.0,8.316274883937957,0.4203862421797866,73.35972222222222,112.0,1.9618038565007945,0.00036485239696901325,4468,30.0,9,85.0,5.0,,ARC-noGuard,ddos_kill,125
430.0,5.432154542872148,0.36534895508078136,75.36111111111111,107.0,0.8000092369101898,0.009105739152360683,4165,25.0,9,10.0,5.0,,ARC-noGuard,ddos_kill,126
225.0,2.730848521173479,0.3988867945251235,86.39444444444445,107.0,0.0750000000000001,0.018987899159147854,4877,15.0,9,5.0,5.0,,ARC-noGuard,ddos_kill,127
305.0,4.548943583525933,0.5117214552295849,76.5875,106.0,0.07500000000000012,0.00034551618665058846,3419,25.0,10,0.0,10.0,,ARC-noGuard,ddos_kill,128
290.0,3.931132015642924,0.3812289389660048,84.40694444444445,120.0,0.07592469000961578,0.0008087836612179862,4552,20.0,9,60.0,10.0,,ARC-noGuard,ddos_kill,129
295.0,4.864185217447059,0.4977318647316468,78.27222222222223,108.0,0.13885753999633063,0.014867375481568551,4377,15.0,9,50.0,5.0,,ARC-noGuard,ddos_kill,130
295.0,4.542338954884572,0.4670011769687572,75.56527777777778,120.0,0.075,0.012948752962627492,4256,40.0,10,90.0,10.0,,ARC-noGuard,ddos_kill,131
410.0,4.887294183868596,0.3550234051420408,75.75,105.0,0.6833873779129486,0.0004031237044809402,4303,5.0,9,60.0,10.0,,ARC-noGuard,ddos_kill,132
310.0,3.3249121575120943,0.3725817755679113,77.23194444444445,92.0,0.22691022220448334,0.011356361997771776,4732,27.5,8,65.0,5.0,,ARC-noGuard,ddos_kill,133
370.0,5.930496224233572,0.5082938062047898,73.98472222222222,109.0,0.7644803989455914,0.010473330816343648,3260,25.0,10,0.0,10.0,,ARC-noGuard,ddos_kill,134
430.0,5.84845375628632,0.3690587472266223,74.50416666666666,96.0,0.9344893020438798,0.024159963017458732,4302,20.0,9,60.0,5.0,,ARC-noGuard,ddos_kill,135
395.0,5.5543989171490065,0.4266124709239309,80.02916666666667,107.0,0.6682045557738078,0.00041384654034608916,4470,35.0,9,50.0,10.0,,ARC-noGuard,ddos_kill,136
560.0,7.433149611585177,0.444868028212623,72.34444444444445,106.0,1.4319032118197423,0.00039690009024046413,4358,5.0,9,70.0,5.0,,ARC-noGuard,ddos_kill,137
370.0,4.984297685482142,0.3612730318621388,76.05555555555556,112.0,0.4536952236209068,0.0003954987738617477,4319,30.0,9,55.0,5.0,,ARC-noGuard,ddos_kill,138
220.0,2.7392623048067555,0.3995936456887898,78.88055555555556,95.0,0.075,0.01883678776424109,4654,15.0,9,0.0,5.0,,ARC-noGuard,ddos_kill,139
55.0,1.2166755201017398,0.48296096516467396,111.4263888888889,97.0,0.075,0.018620859448523316,756,7.5,9,0.0,5.0,,ARC-noRemed,ddos_kill,100
0.0,0.4713453856717398,0.4713453856717391,103.62222222222222,113.0,0.075,0.9699999999999999,830,0.0,10,0.0,10.0,,ARC-noRemed,ddos_kill,101
0.0,0.3540579414344047,0.3540579414344166,110.05833333333334,94.0,0.075,0.9699999999999999,872,0.0,10,0.0,10.0,,ARC-noRemed,ddos_kill,102
0.0,0.410754698996485,0.4107546989964881,103.04444444444445,76.0,0.075,0.9699999999999999,794,0.0,10,0.0,5.0,,ARC-noRemed,ddos_kill,103
25.0,0.9351038239842957,0.5064560656316683,91.37083333333334,99.0,0.075,0.054031297046309656,607,25.0,9,0.0,10.0,,ARC-noRemed,ddos_kill,104
0.0,0.3755607631347635,0.37556076313477077,107.23055555555555,103.0,0.075,0.9699999999999999,775,0.0,10,0.0,5.0,,ARC-noRemed,ddos_kill,105
65.0,1.529369471273212,0.4607291943877221,99.95833333333333,83.0,0.075,0.0005226674594171163,772,0.0,10,0.0,5.0,,ARC-noRemed,ddos_kill,106
0.0,0.4705612430689343,0.47056124306891656,107.70416666666667,118.0,0.075,0.9699999999999999,900,0.0,10,0.0,5.0,,ARC-noRemed,ddos_kill,107
0.0,0.35725629182329355,0.357256291823302,104.07777777777778,89.0,0.075,0.9699999999999999,847,0.0,10,0.0,5.0,,ARC-noRemed,ddos_kill,108
0.0,0.3958699888718442,0.3958699888718512,101.6875,72.0,0.075,0.9699999999999999,753,0.0,10,0.0,10.0,,ARC-noRemed,ddos_kill,109
35.0,1.1979814361762542,0.5727687589780373,93.44305555555556,112.0,0.075,0.015161347637798054,607,35.0,10,0.0,5.0,,ARC-noRemed,ddos_kill,110
0.0,0.3853822391270745,0.37815976286055053,105.16944444444445,97.0,0.075,0.9658425602194536,742,0.0,10,0.0,10.0,,ARC-noRemed,ddos_kill,111
65.0,1.4687954009453108,0.5024358618400793,99.17777777777778,92.0,0.075,0.0446729690761761,759,20.0,9,0.0,5.0,,ARC-noRemed,ddos_kill,112
0.0,0.41918657904892465,0.41918657904891105,110.12638888888888,120.0,0.075,0.9699999999999999,840,0.0,10,0.0,5.0,,ARC-noRemed,ddos_kill,113
0.0,0.3706796391669265,0.3706796391669329,116.83194444444445,97.0,0.075,0.9699999999999999,930,0.0,10,0.0,10.0,,ARC-noRemed,ddos_kill,114
5.0,0.3964324846582046,0.38901308229329123,101.40694444444445,73.0,0.075,0.9244586129460273,790,5.0,10,5.0,15.0,,ARC-noRemed,ddos_kill,115
0.0,0.5372646503289391,0.5372646503289265,93.7125,105.0,0.075,0.9699999999999999,612,0.0,10,0.0,5.0,,ARC-noRemed,ddos_kill,116
15.0,0.3936164897109018,0.3695247877269902,109.55,104.0,0.075,0.8443186735624618,725,15.0,10,0.0,10.0,,ARC-noRemed,ddos_kill,117
25.0,0.6871134284717861,0.4995879102586424,108.7388888888889,92.0,0.075,0.2966436158843989,775,0.0,9,0.0,5.0,,ARC-noRemed,ddos_kill,118
0.0,0.451938345579872,0.4519383455798726,103.5111111111111,119.0,0.075,0.9699999999999999,832,0.0,9,0.0,10.0,,ARC-noRemed,ddos_kill,119
0.0,0.3684188303786029,0.36841883037859785,106.40138888888889,88.0,0.075,0.9699999999999999,871,0.0,10,0.0,10.0,,ARC-noRemed,ddos_kill,120
0.0,0.4048148342971736,0.40481483429717346,103.08333333333333,74.0,0.075,0.9699999999999999,786,0.0,10,0.0,5.0,,ARC-noRemed,ddos_kill,121
0.0,0.5098821414724286,0.5098821414724288,91.98055555555555,99.0,0.075,0.9699999999999999,569,0.0,10,0.0,5.0,,ARC-noRemed,ddos_kill,122
5.0,0.4349837872045459,0.38573665958524506,102.63888888888889,98.0,0.075,0.7753733796544495,781,0.0,10,0.0,10.0,,ARC-noRemed,ddos_kill,123
80.0,1.5136792409516264,0.48293466148440617,113.77638888888889,108.0,0.075,0.009039665349527987,803,15.0,9,0.0,10.0,,ARC-noRemed,ddos_kill,124
0.0,0.42038624217979326,0.4203862421797866,107.49861111111112,118.0,0.075,0.9699999999999999,863,0.0,10,0.0,5.0,,ARC-noRemed,ddos_kill,125
0.0,0.3657366971809406,0.36573669718093416,103.04305555555555,87.0,0.075,0.9699999999999999,836,0.0,10,0.0,5.0,,ARC-noRemed,ddos_kill,126
0.0,0.39888679452511067,0.3988867945251235,113.43194444444444,80.0,0.075,0.9699999999999999,783,0.0,9,0.0,5.0,,ARC-noRemed,ddos_kill,127
0.0,0.5116199011737432,0.5116199011737556,93.54722222222222,97.0,0.075,0.9699999999999999,556,0.0,10,0.0,5.0,,ARC-noRemed,ddos_kill,128
0.0,0.38427424978043634,0.3842742497804421,117.62638888888888,118.0,0.075,0.9699999999999999,785,0.0,10,0.0,10.0,,ARC-noRemed,ddos_kill,129
50.0,1.097110993837913,0.500286171301683,108.46805555555555,96.0,0.075,0.021440366792296602,763,10.0,9,0.0,5.0,,ARC-noRemed,ddos_kill,130
0.0,0.46989739583607193,0.46989739583605766,107.30972222222222,120.0,0.075,0.9699999999999999,854,0.0,10,0.0,5.0,,ARC-noRemed,ddos_kill,131
0.0,0.3550234051420409,0.3550234051420408,104.5875,83.0,0.075,0.9699999999999999,887,0.0,9,0.0,10.0,,ARC-noRemed,ddos_kill,132
0.0,0.37258177556791505,0.3725817755679113,101.09722222222223,75.0,0.075,0.9699999999999999,813,0.0,10,0.0,5.0,,ARC-noRemed,ddos_kill,133
0.0,0.5082938062047959,0.5082938062047898,90.76527777777778,99.0,0.075,0.9699999999999999,574,0.0,10,0.0,10.0,,ARC-noRemed,ddos_kill,134
5.0,0.3901694864596683,0.3690587472266223,103.83055555555555,102.0,0.075,0.9037435134337805,797,0.0,10,0.0,5.0,,ARC-noRemed,ddos_kill,135
60.0,1.5480921947813142,0.427050520937317,113.09305555555555,98.0,0.075,0.007024316563699665,840,0.0,9,0.0,5.0,,ARC-noRemed,ddos_kill,136
10.0,0.47291591956917234,0.4459809029417826,103.95,120.0,0.075,0.8629214303352674,849,10.0,9,0.0,5.0,,ARC-noRemed,ddos_kill,137
0.0,0.36127303186213044,0.3612730318621388,106.6625,91.0,0.075,0.9699999999999999,876,0.0,9,0.0,5.0,,ARC-noRemed,ddos_kill,138
0.0,0.3995936456887894,0.3995936456887898,103.13333333333334,72.0,0.075,0.9699999999999999,802,0.0,9,0.0,5.0,,ARC-noRemed,ddos_kill,139
5880.0,94.32915380201663,0.0,44.0,24.0,6.055,2.4399488748429764e-05,0,1187.5,0,0.0,,,Static,poison_flash,100
1550.0,42.33521058602455,0.0,56.833333333333336,31.0,9.055,2.3531070856337417e-06,0,920.0,0,0.0,,,Static,poison_flash,101
1025.0,30.080507988746696,0.0,62.333333333333336,34.0,9.055,8.412048806440474e-07,0,460.0,0,0.0,,,Static,poison_flash,102
4815.0,79.80097578805862,0.0,53.166666666666664,29.0,6.055,9.571976250183797e-05,0,1130.0,0,0.0,,,Static,poison_flash,103
700.0,32.177748528442926,0.0,73.33333333333333,40.0,3.075,0.020403468998101342,0,170.0,0,0.0,,,Static,poison_flash,104
6215.0,92.97811947089517,0.0,36.666666666666664,20.0,3.075,0.007334152459741924,0,1195.0,0,0.0,,,Static,poison_flash,105
5905.0,94.55135611732203,0.0,44.0,24.0,6.055,2.6284741724301307e-05,0,1200.0,0,0.0,,,Static,poison_flash,106
1480.0,41.11715765401915,0.0,56.833333333333336,31.0,9.055,2.2783372872328986e-06,0,1045.0,0,0.0,,,Static,poison_flash,107
740.0,24.800433583828884,0.0,58.666666666666664,32.0,3.075,0.01848303094420844,0,15.0,0,0.0,,,Static,poison_flash,108
4265.0,72.74348653954104,0.0,53.166666666666664,29.0,6.055,9.428238682640864e-05,0,1150.0,0,0.0,,,Static,poison_flash,109
795.0,36.64009684795017,0.0,73.33333333333333,40.0,3.075,0.020392782073484956,0,30.0,0,0.0,,,Static,poison_flash,110
6215.0,92.91363027876407,0.0,36.666666666666664,20.0,3.075,0.007635586346574398,0,1200.0,0,0.0,,,Static,poison_flash,111
5955.0,95.16342487118938,0.0,44.0,24.0,6.055,2.39321069167644e-05,0,1055.0,0,0.0,,,Static,poison_flash,112
1205.0,34.89805299070285,0.0,56.833333333333336,31.0,9.055,2.3822428088371016e-06,0,490.0,0,0.0,,,Static,poison_flash,113
1135.0,32.08858573835337,0.0,62.333333333333336,34.0,9.055,8.353010804463118e-07,0,200.0,0,0.0,,,Static,poison_flash,114
4170.0,71.7346140702487,0.0,53.166666666666664,29.0,6.055,9.487460120726503e-05,0,1145.0,0,0.0,,,Static,poison_flash,115
730.0,34.7078004314745,0.0,73.33333333333333,40.0,3.075,0.019498094314295146,0,65.0,0,0.0,,,Static,poison_flash,116
6220.0,93.0822300871126,0.0,36.666666666666664,20.0,3.075,0.00755725280001409,0,1025.0,0,0.0,,,Static,poison_flash,117
5885.0,94.55241396075286,0.0,44.0,24.0,6.055,2.4978175035938028e-05,0,1102.5,0,0.0,,,Static,poison_flash,118
1420.0,39.48391689451542,0.0,56.833333333333336,31.0,9.055,2.290221361779823e-06,0,780.0,0,0.0,,,Static,poison_flash,119
1215.0,33.30973635055765,0.0,62.333333333333336,34.0,9.055,8.171179068138578e-07,0,470.0,0,0.0,,,Static,poison_flash,120
1245.0,32.442268725190935,0.0,55.0,30.0,3.075,0.015912381427967012,0,885.0,0,0.0,,,Static,poison_flash,121
705.0,32.69125960204289,0.0,73.33333333333333,40.0,3.075,0.020416725757160595,0,40.0,0,0.0,,,Static,poison_flash,122
6220.0,93.06156974682035,0.0,36.666666666666664,20.0,3.075,0.0072784563712427796,0,1200.0,0,0.0,,,Static,poison_flash,123
5890.0,93.93102475650554,0.0,44.0,24.0,6.055,2.378348750152266e-05,0,607.5,0,0.0,,,Static,poison_flash,124
1355.0,37.312800928222764,0.0,56.833333333333336,31.0,9.055,2.2876196111012188e-06,0,490.0,0,0.0,,,Static,poison_flash,125
1130.0,32.669447660887045,0.0,62.333333333333336,34.0,9.055,6.887572277530369e-07,0,650.0,0,0.0,,,Static,poison_flash,126
4325.0,72.87530826812478,0.0,53.166666666666664,29.0,6.055,9.602464701335397e-05,0,1130.0,0,0.0,,,Static,poison_flash,127
715.0,32.49553764873595,0.0,73.33333333333333,40.0,3.075,0.02040591987153364,0,260.0,0,0.0,,,Static,poison_flash,128
6210.0,93.06396252755724,0.0,36.666666666666664,20.0,3.075,0.0073785846679050235,0,1065.0,0,0.0,,,Static,poison_flash,129
5885.0,94.55026586160642,0.0,44.0,24.0,6.055,2.3873432309231033e-05,0,1095.0,0,0.0,,,Static,poison_flash,130
1490.0,41.19842755714323,0.0,56.833333333333336,31.0,9.055,2.22779183682164e-06,0,1030.0,0,0.0,,,Static,poison_flash,131
1075.0,30.26111480322715,0.0,62.333333333333336,34.0,9.055,8.414787107450279e-07,0,320.0,0,0.0,,,Static,poison_flash,132
1210.0,29.190498814922062,0.0,55.0,30.0,3.075,0.016499568088319413,0,115.0,0,0.0,,,Static,poison_flash,133
710.0,32.67410343529997,0.0,73.33333333333333,40.0,3.075,0.019991523553604115,0,260.0,0,0.0,,,Static,poison_flash,134
6215.0,93.06221877716881,0.0,36.666666666666664,20.0,3.075,0.007572900992429039,0,1200.0,0,0.0,,,Static,poison_flash,135
2215.0,45.80066097905393,0.0,45.833333333333336,25.0,3.075,0.011559029062482866,0,165.0,0,0.0,,,Static,poison_flash,136
1295.0,37.896741130064235,0.0,56.833333333333336,31.0,9.055,2.3385702159717793e-06,0,695.0,0,0.0,,,Static,poison_flash,137
1230.0,32.783080531772804,0.0,62.333333333333336,34.0,9.055,8.717756475771103e-07,0,185.0,0,0.0,,,Static,poison_flash,138
1215.0,31.50574459684462,0.0,55.0,30.0,3.075,0.01548754480036738,0,835.0,0,0.0,,,Static,poison_flash,139
1255.0,39.46762814592264,0.0,111.28194444444445,120.0,3.0549999999999997,5.099777961760192e-05,125,1107.5,0,0.0,,,HPA,poison_flash,100
1065.0,36.512209500543136,0.0,105.6125,120.0,3.0549999999999997,8.232282086659225e-07,150,925.0,0,0.0,,,HPA,poison_flash,101
800.0,25.655020309047572,0.0,105.07083333333334,120.0,3.0549999999999997,2.9872351428033793e-05,120,10.0,0,0.0,,,HPA,poison_flash,102
880.0,30.17292406714408,0.0,104.65833333333333,118.0,3.053,1.6001043570950784e-06,111,880.0,0,0.0,,,HPA,poison_flash,103
1085.0,38.67805816930387,0.0,108.64166666666667,120.0,3.0549999999999997,1.1918299001730896e-05,145,175.0,0,0.0,,,HPA,poison_flash,104
895.0,27.42281534915009,0.0,103.57083333333334,120.0,3.053,1.0187362187426782e-06,118,515.0,0,0.0,,,HPA,poison_flash,105
1170.0,36.662721091378835,0.0,100.78611111111111,119.0,3.053,7.645129327004408e-06,102,10.0,0,0.0,,,HPA,poison_flash,106
1170.0,37.628952111304606,0.0,107.74305555555556,116.0,3.0549999999999997,3.0035583136651942e-06,143,1050.0,0,0.0,,,HPA,poison_flash,107
910.0,28.21871290160184,0.0,106.18194444444444,115.0,3.0549999999999997,7.948744711198862e-06,104,5.0,0,0.0,,,HPA,poison_flash,108
1230.0,33.83058405135609,0.0,101.69027777777778,99.0,3.0549999999999997,5.853231203270806e-06,131,1125.0,0,0.0,,,HPA,poison_flash,109
1160.0,41.959850152170695,0.0,106.64444444444445,120.0,3.0749999999999997,6.03282161482774e-05,157,30.0,0,0.0,,,HPA,poison_flash,110
1245.0,33.087468844548816,0.0,111.8375,120.0,3.0549999999999997,0.00027532688730503023,124,1105.0,0,0.0,,,HPA,poison_flash,111
1040.0,37.29841074047878,0.0,106.46527777777777,120.0,3.0549999999999997,7.675768523313148e-06,123,15.0,0,0.0,,,HPA,poison_flash,112
775.0,29.71994332582869,0.0,106.84722222222223,120.0,3.0749999999999997,9.567146616854983e-07,128,460.0,0,0.0,,,HPA,poison_flash,113
735.0,26.060561698545325,0.0,105.29583333333333,120.0,3.053,1.2664396004703118e-06,123,190.0,0,0.0,,,HPA,poison_flash,114
1025.0,30.99351953849353,0.0,100.37083333333334,103.0,3.053,1.5355230081160963e-05,115,900.0,0,0.0,,,HPA,poison_flash,115
1190.0,41.7137852604182,0.0,109.20694444444445,120.0,3.0549999999999997,9.521525134938522e-06,143,75.0,0,0.0,,,HPA,poison_flash,116
1140.0,30.758036569102487,0.0,101.45833333333333,109.0,3.0549999999999997,0.002104965387047747,105,950.0,0,0.0,,,HPA,poison_flash,117
1090.0,37.624598162887466,0.0,105.6875,120.0,3.0549999999999997,0.00016466234077260774,128,995.0,0,0.0,,,HPA,poison_flash,118
895.0,32.96077044385353,0.0,108.93472222222222,120.0,3.053,1.3476144542269232e-06,112,755.0,0,0.0,,,HPA,poison_flash,119
1030.0,30.33812604690076,0.0,106.17222222222222,120.0,3.0549999999999997,2.043203061239714e-06,130,470.0,0,0.0,,,HPA,poison_flash,120
1040.0,31.0892469071283,0.0,96.5736111111111,94.0,3.0549999999999997,0.0002374324918629832,115,1050.0,0,0.0,,,HPA,poison_flash,121
1155.0,39.70934371523581,0.0,105.55694444444444,120.0,3.0549999999999997,0.0002709813730160495,140,45.0,0,0.0,,,HPA,poison_flash,122
890.0,27.30549489894437,0.0,109.02361111111111,120.0,3.053,0.0005011883319339125,127,315.0,0,0.0,,,HPA,poison_flash,123
1060.0,37.332008824180186,0.0,105.31666666666666,120.0,3.0749999999999997,1.1325127522120088e-06,124,875.0,0,0.0,,,HPA,poison_flash,124
1200.0,35.53327008352658,0.0,114.2,120.0,3.0559999999999987,1.0930935380408499e-06,148,460.0,0,0.0,,,HPA,poison_flash,125
1055.0,30.944400302700238,0.0,109.23055555555555,120.0,3.0549999999999997,0.0001582485207941899,124,650.0,0,0.0,,,HPA,poison_flash,126
875.0,29.62069753684937,0.0,106.32916666666667,120.0,3.053,9.229927691268132e-05,118,875.0,0,0.0,,,HPA,poison_flash,127
1450.0,43.09307013625039,0.0,110.83472222222223,120.0,3.0749999999999997,8.308785927536785e-06,146,260.0,0,0.0,,,HPA,poison_flash,128
925.0,28.922374061705458,0.0,107.93611111111112,120.0,3.053,1.2892130499437422e-06,112,925.0,0,0.0,,,HPA,poison_flash,129
1110.0,38.1760605830418,0.0,108.45416666666667,120.0,3.0549999999999997,8.2245169632266e-05,127,995.0,0,0.0,,,HPA,poison_flash,130
1155.0,37.453284386036486,0.0,110.8875,120.0,3.0549999999999997,1.3188001883929261e-06,151,1035.0,0,0.0,,,HPA,poison_flash,131
870.0,27.600179153449666,0.0,103.80555555555556,120.0,3.0549999999999997,1.1984503398434718e-06,110,315.0,0,0.0,,,HPA,poison_flash,132
1180.0,30.989064934863286,0.0,98.20555555555555,98.0,3.0549999999999997,0.0002435306401009515,128,10.0,0,0.0,,,HPA,poison_flash,133
1130.0,39.27719493989426,0.0,109.28472222222223,120.0,3.0749999999999997,0.00013279122930763836,140,240.0,0,0.0,,,HPA,poison_flash,134
1255.0,32.97975403778545,0.0,112.19722222222222,120.0,3.0549999999999997,1.3918362165065481e-05,125,1120.0,0,0.0,,,HPA,poison_flash,135
1215.0,36.68581302151145,0.0,104.03611111111111,120.0,3.0549999999999997,1.1701855888806666e-06,117,1105.0,0,0.0,,,HPA,poison_flash,136
780.0,30.700207381599178,0.0,107.80694444444444,120.0,3.0549999999999997,0.00030129871715204595,136,645.0,0,0.0,,,HPA,poison_flash,137
925.0,28.534943398955303,0.0,102.25555555555556,107.0,3.0549999999999997,0.0002134962362331073,137,365.0,0,0.0,,,HPA,poison_flash,138
890.0,29.6275388819084,0.0,101.67777777777778,113.0,3.0549999999999997,0.00025649869670889687,123,890.0,0,0.0,,,HPA,poison_flash,139
1225.0,38.914780837297,0.0,104.14305555555555,120.0,3.0549999999999997,8.642813440332577e-05,250,1112.5,0,0.0,,,HPA-fast,poison_flash,100
1155.0,37.28253236912228,0.0,95.25416666666666,120.0,3.0549999999999997,4.362303110736755e-05,266,910.0,0,0.0,,,HPA-fast,poison_flash,101
1055.0,30.014500441755267,0.0,96.78194444444445,110.0,3.0549999999999997,0.00018648396874350662,262,405.0,0,0.0,,,HPA-fast,poison_flash,102
885.0,30.276590779867096,0.0,96.11527777777778,106.0,3.053,6.548856923319619e-05,201,885.0,0,0.0,,,HPA-fast,poison_flash,103
1130.0,39.94922391270722,0.0,92.47916666666667,120.0,3.0549999999999997,9.445258098521759e-05,233,175.0,0,0.0,,,HPA-fast,poison_flash,104
990.0,28.580732653161423,0.0,99.2611111111111,114.0,3.053,0.0002092843346509983,228,915.0,0,0.0,,,HPA-fast,poison_flash,105
1160.0,36.57928615717344,0.0,96.68333333333334,114.0,3.053,2.83265675712656e-05,224,10.0,0,0.0,,,HPA-fast,poison_flash,106
1145.0,37.426586440026874,0.0,93.49166666666666,116.0,3.0549999999999997,2.02472079388945e-05,241,1040.0,0,0.0,,,HPA-fast,poison_flash,107
1075.0,30.644154931825174,0.0,103.7611111111111,120.0,3.0549999999999997,5.9873729719087064e-05,266,405.0,0,0.0,,,HPA-fast,poison_flash,108
1230.0,33.8825701832153,0.0,93.4125,95.0,3.0549999999999997,3.355333910551973e-06,225,1125.0,0,0.0,,,HPA-fast,poison_flash,109
1150.0,42.042078172613415,0.0,90.39444444444445,120.0,3.0549999999999997,2.662362166945446e-05,235,30.0,0,0.0,,,HPA-fast,poison_flash,110
1200.0,32.25678671709801,0.0,94.43611111111112,97.0,3.0549999999999997,0.00020068476575489598,233,1105.0,0,0.0,,,HPA-fast,poison_flash,111
1045.0,37.343716536744346,0.0,101.7125,120.0,3.0549999999999997,4.670730651751759e-05,252,915.0,0,0.0,,,HPA-fast,poison_flash,112
875.0,30.544932742354646,0.0,96.72777777777777,120.0,3.053,3.6118148904805835e-06,269,450.0,0,0.0,,,HPA-fast,poison_flash,113
745.0,25.99832083546708,0.0,100.26527777777778,120.0,3.053,0.0005797628673739805,256,180.0,0,0.0,,,HPA-fast,poison_flash,114
1100.0,31.743302689453955,0.0,94.47222222222223,100.0,3.053,2.8164970294197287e-05,200,920.0,0,0.0,,,HPA-fast,poison_flash,115
1100.0,40.913098587668564,0.0,93.19722222222222,120.0,3.0549999999999997,7.449024848838593e-05,219,75.0,0,0.0,,,HPA-fast,poison_flash,116
1265.0,32.806035366490995,0.0,96.6763888888889,99.0,3.0549999999999997,0.00011592948899376958,230,1140.0,0,0.0,,,HPA-fast,poison_flash,117
1080.0,37.41891646768298,0.0,97.40972222222223,107.0,3.0549999999999997,5.7590091104369656e-05,252,1010.0,0,0.0,,,HPA-fast,poison_flash,118
880.0,32.24390080211709,0.0,96.48055555555555,120.0,3.053,0.0001432967425818721,230,745.0,0,0.0,,,HPA-fast,poison_flash,119
1130.0,31.53670605261003,0.0,98.84583333333333,111.0,3.0549999999999997,0.0001063650475615129,267,475.0,0,0.0,,,HPA-fast,poison_flash,120
1245.0,33.952890147838175,0.0,95.68472222222222,114.0,3.0549999999999997,0.0001255227261356883,233,1120.0,0,0.0,,,HPA-fast,poison_flash,121
1130.0,39.56356128972537,0.0,89.84861111111111,120.0,3.0549999999999997,0.0011178772748454177,223,50.0,0,0.0,,,HPA-fast,poison_flash,122
1015.0,29.219506871895206,0.0,97.55694444444444,106.0,3.053,0.0006486953377263363,230,865.0,0,0.0,,,HPA-fast,poison_flash,123
950.0,35.94419041284145,0.0,99.03055555555555,120.0,3.053,2.843284861499268e-06,254,835.0,0,0.0,,,HPA-fast,poison_flash,124
1180.0,34.36067199616254,0.0,95.64444444444445,120.0,3.0549999999999997,3.8946205292495674e-06,272,500.0,0,0.0,,,HPA-fast,poison_flash,125
1065.0,31.336350702135675,0.0,99.6986111111111,120.0,3.0549999999999997,2.3254370908650306e-06,282,660.0,0,0.0,,,HPA-fast,poison_flash,126
900.0,29.724503246501754,0.0,96.1125,109.0,3.053,0.0005858960468514184,212,875.0,0,0.0,,,HPA-fast,poison_flash,127
1145.0,40.13852259677863,0.0,95.16944444444445,120.0,3.0549999999999997,8.954177703177592e-05,232,245.0,0,0.0,,,HPA-fast,poison_flash,128
1135.0,31.530056202011636,0.0,100.99166666666666,119.0,3.053,1.2126254248781785e-06,229,950.0,0,0.0,,,HPA-fast,poison_flash,129
1110.0,38.1515578294106,0.0,102.68888888888888,120.0,3.0549999999999997,8.885019120206157e-05,237,1000.0,0,0.0,,,HPA-fast,poison_flash,130
1165.0,37.70678323475718,0.0,94.72777777777777,108.0,3.0549999999999997,3.854858653341799e-06,236,1040.0,0,0.0,,,HPA-fast,poison_flash,131
1030.0,28.68047609061962,0.0,96.95833333333333,113.0,3.0549999999999997,0.00025335572294438397,226,300.0,0,0.0,,,HPA-fast,poison_flash,132
1175.0,30.59062838040022,0.0,92.74166666666666,96.0,3.0549999999999997,0.0011512089718430873,223,1055.0,0,0.0,,,HPA-fast,poison_flash,133
1065.0,38.83622233652406,0.0,93.90972222222223,120.0,3.053,0.00011808193560308459,231,240.0,0,0.0,,,HPA-fast,poison_flash,134
1200.0,30.72694730927402,0.0,96.31944444444444,99.0,3.0549999999999997,0.00023637043074119848,215,10.0,0,0.0,,,HPA-fast,poison_flash,135
1225.0,36.61576484608291,0.0,96.92916666666666,113.0,3.0549999999999997,2.303336312825261e-05,251,1100.0,0,0.0,,,HPA-fast,poison_flash,136
995.0,33.224315371237424,0.0,96.1763888888889,120.0,3.0549999999999997,0.00023677385514408856,274,690.0,0,0.0,,,HPA-fast,poison_flash,137
1075.0,29.84640135255049,0.0,96.21527777777777,102.0,3.0549999999999997,0.0002710866829959396,280,360.0,0,0.0,,,HPA-fast,poison_flash,138
1255.0,34.2849128651304,0.0,94.99583333333334,98.0,3.0549999999999997,0.00024241990384804267,220,1120.0,0,0.0,,,HPA-fast,poison_flash,139
1065.0,36.7838865935824,0.0,122.39444444444445,120.0,3.0749999999999997,0.00018456883536109838,112,1070.0,0,0.0,,,HPA-45,poison_flash,100
920.0,34.044684111199416,0.0,124.25,120.0,3.0549999999999997,4.4200318546406636e-05,140,905.0,0,0.0,,,HPA-45,poison_flash,101
600.0,22.55620601981351,0.0,125.0736111111111,120.0,3.0549999999999997,0.0003291214022524231,126,360.0,0,0.0,,,HPA-45,poison_flash,102
835.0,29.118969685052388,0.0,124.63472222222222,120.0,3.053,0.0001483170980494333,111,835.0,0,0.0,,,HPA-45,poison_flash,103
650.0,28.87722610165635,0.0,120.00694444444444,120.0,3.0749999999999997,0.0008360022859048306,150,5.0,0,0.0,,,HPA-45,poison_flash,104
710.0,23.146234578345037,0.0,122.6138888888889,120.0,3.053,0.00020837736474626736,127,480.0,0,0.0,,,HPA-45,poison_flash,105
815.0,31.39266807453851,0.0,119.09027777777777,120.0,3.053,0.00033822980627888654,106,225.0,0,0.0,,,HPA-45,poison_flash,106
925.0,33.690659582290735,0.0,121.95972222222223,120.0,3.0549999999999997,7.463808566318317e-05,136,920.0,0,0.0,,,HPA-45,poison_flash,107
580.0,22.46413803259143,0.0,125.21111111111111,120.0,3.0549999999999997,9.420420341784875e-05,113,360.0,0,0.0,,,HPA-45,poison_flash,108
895.0,28.82059305733363,0.0,123.48194444444445,120.0,3.0549999999999997,0.0004053803061523803,133,900.0,0,0.0,,,HPA-45,poison_flash,109
800.0,37.5192953844249,0.0,118.59166666666667,120.0,3.0549999999999997,0.0001860524838892251,144,800.0,0,0.0,,,HPA-45,poison_flash,110
770.0,24.339969412767726,0.0,119.58472222222223,120.0,3.0549999999999997,0.004579902026339426,102,425.0,0,0.0,,,HPA-45,poison_flash,111
870.0,35.23134809900645,0.0,118.43194444444444,120.0,3.0749999999999997,5.807497925068487e-05,121,870.0,0,0.0,,,HPA-45,poison_flash,112
580.0,24.544977597172522,0.0,122.73194444444445,120.0,3.065,6.0478339962824404e-05,135,430.0,0,0.0,,,HPA-45,poison_flash,113
635.0,23.40593550851252,0.0,125.27083333333333,120.0,3.053,3.806122512695199e-05,140,175.0,0,0.0,,,HPA-45,poison_flash,114
870.0,28.271311429338496,0.0,124.34722222222223,120.0,3.053,0.0004914216858051135,113,870.0,0,0.0,,,HPA-45,poison_flash,115
715.0,33.96294377516343,0.0,118.85,120.0,3.065,3.9641257619846526e-05,131,715.0,0,0.0,,,HPA-45,poison_flash,116
780.0,24.52806379343383,0.0,120.27638888888889,120.0,3.0549999999999997,0.00028353393314313913,114,780.0,0,0.0,,,HPA-45,poison_flash,117
955.0,35.99254152824545,0.0,119.37777777777778,120.0,3.0549999999999997,0.00028414598107211984,118,955.0,0,0.0,,,HPA-45,poison_flash,118
790.0,31.05661764946923,0.0,126.04722222222222,120.0,3.053,0.0005383918874460072,109,740.0,0,0.0,,,HPA-45,poison_flash,119
705.0,25.714464638497127,0.0,127.33472222222223,120.0,3.0549999999999997,4.6352877946459565e-06,121,465.0,0,0.0,,,HPA-45,poison_flash,120
880.0,28.94250027217653,0.0,118.475,114.0,3.0549999999999997,0.00029477848630113975,116,880.0,0,0.0,,,HPA-45,poison_flash,121
715.0,31.313783122757656,0.0,117.44583333333334,120.0,3.0549999999999997,0.000217440765420095,142,715.0,0,0.0,,,HPA-45,poison_flash,122
695.0,23.184120932656114,0.0,124.12083333333334,120.0,3.053,0.0007051089427921465,112,245.0,0,0.0,,,HPA-45,poison_flash,123
815.0,34.00555409118247,0.0,119.34722222222223,120.0,3.0749999999999997,7.612360207326241e-06,126,815.0,0,0.0,,,HPA-45,poison_flash,124
755.0,28.97284467667004,0.0,121.925,120.0,3.0549999999999997,4.7338316123990686e-05,139,450.0,0,0.0,,,HPA-45,poison_flash,125
670.0,25.364495341782135,0.0,124.36805555555556,120.0,3.0549999999999997,0.0002209035183919678,120,15.0,0,0.0,,,HPA-45,poison_flash,126
785.0,27.358061722378135,0.0,125.63472222222222,120.0,3.053,0.0007503103209942521,129,785.0,0,0.0,,,HPA-45,poison_flash,127
770.0,32.89809548954222,0.0,120.14305555555555,120.0,3.0749999999999997,0.000107153065777749,137,235.0,0,0.0,,,HPA-45,poison_flash,128
735.0,23.774591810634128,0.0,123.84722222222223,120.0,3.065,6.785640896130094e-05,110,80.0,0,0.0,,,HPA-45,poison_flash,129
940.0,35.72008821496722,0.0,118.53472222222223,120.0,3.0549999999999997,0.0004449972635764379,124,70.0,0,0.0,,,HPA-45,poison_flash,130
1035.0,35.424495445865176,0.0,129.75694444444446,120.0,3.0549999999999997,0.00016872989628009865,153,930.0,0,0.0,,,HPA-45,poison_flash,131
680.0,23.844224115553715,0.0,123.66666666666667,120.0,3.0549999999999997,0.0001959570507595451,117,295.0,0,0.0,,,HPA-45,poison_flash,132
800.0,25.309051862754906,0.0,120.47222222222223,120.0,3.0549999999999997,0.00025626751673848383,143,800.0,0,0.0,,,HPA-45,poison_flash,133
610.0,29.35652378680833,0.0,120.14722222222223,120.0,3.0749999999999997,0.0005752265659693873,126,235.0,0,0.0,,,HPA-45,poison_flash,134
755.0,24.20247711878445,0.0,120.63888888888889,120.0,3.0549999999999997,0.0002575227804242989,115,5.0,0,0.0,,,HPA-45,poison_flash,135
1255.0,36.40757731568643,0.0,121.7875,120.0,3.0549999999999997,0.0008647642588633373,142,1080.0,0,0.0,,,HPA-45,poison_flash,136
750.0,29.557821952286456,0.0,123.28194444444445,120.0,3.0549999999999997,0.0003390675225871438,132,5.0,0,0.0,,,HPA-45,poison_flash,137
645.0,23.072642642632356,0.0,122.2,120.0,3.0549999999999997,0.00023013076329183685,125,305.0,0,0.0,,,HPA-45,poison_flash,138
820.0,28.180424763292212,0.0,121.51388888888889,120.0,3.0549999999999997,0.000351187973487892,115,820.0,0,0.0,,,HPA-45,poison_flash,139
15.0,0.1677224966615487,0.0,149.08194444444445,120.0,0.075,0.4898412919472618,150,15.0,0,0.0,,,PredHPA,poison_flash,100
5.0,0.032816499190257975,0.0,152.85555555555555,120.0,0.075,0.9036498509009842,177,5.0,0,0.0,,,PredHPA,poison_flash,101
0.0,0.0,0.0,150.57222222222222,120.0,0.075,1.0,162,0.0,0,0.0,,,PredHPA,poison_flash,102
0.0,0.0,0.0,142.0222222222222,120.0,0.075,1.0,110,0.0,0,0.0,,,PredHPA,poison_flash,103
0.0,0.0,0.0,127.76388888888889,120.0,0.075,1.0,160,0.0,0,0.0,,,PredHPA,poison_flash,104
20.0,0.6263371367458803,0.0,149.225,120.0,0.075,0.27716182394173816,112,20.0,0,0.0,,,PredHPA,poison_flash,105
0.0,0.0,0.0,146.97916666666666,120.0,0.075,1.0,158,0.0,0,0.0,,,PredHPA,poison_flash,106
0.0,0.0,0.0,149.63611111111112,120.0,0.075,1.0,150,0.0,0,0.0,,,PredHPA,poison_flash,107
0.0,0.0,0.0,150.59166666666667,120.0,0.075,1.0,162,0.0,0,0.0,,,PredHPA,poison_flash,108
10.0,0.043821601941418376,0.0,141.84722222222223,120.0,0.075,0.9174105606259205,112,10.0,0,0.0,,,PredHPA,poison_flash,109
0.0,0.0,0.0,128.89444444444445,120.0,0.075,1.0,178,0.0,0,0.0,,,PredHPA,poison_flash,110
0.0,0.0,0.0,147.85833333333332,120.0,0.075,1.0,110,0.0,0,0.0,,,PredHPA,poison_flash,111
0.0,0.0,0.0,147.60555555555555,120.0,0.075,1.0,179,0.0,0,0.0,,,PredHPA,poison_flash,112
0.0,0.007032609141333079,0.0,146.29305555555555,120.0,0.075,0.9724260324961366,176,0.0,0,0.0,,,PredHPA,poison_flash,113
5.0,0.02500455944466351,0.0,150.6,120.0,0.075,0.9294748731645234,154,5.0,0,0.0,,,PredHPA,poison_flash,114
0.0,0.0,0.0,141.5402777777778,120.0,0.075,1.0,119,0.0,0,0.0,,,PredHPA,poison_flash,115
0.0,0.0,0.0,129.30833333333334,120.0,0.075,1.0,152,0.0,0,0.0,,,PredHPA,poison_flash,116
0.0,0.0,0.0,148.21805555555557,120.0,0.075,1.0,111,0.0,0,0.0,,,PredHPA,poison_flash,117
0.0,0.0,0.0,147.23194444444445,120.0,0.075,1.0,163,0.0,0,0.0,,,PredHPA,poison_flash,118
15.0,0.4005041550784849,0.0,147.53194444444443,120.0,0.075,0.2122646662021193,160,15.0,0,0.0,,,PredHPA,poison_flash,119
5.0,0.0331123954585677,0.0,150.53055555555557,120.0,0.075,0.9145489806365703,140,5.0,0,0.0,,,PredHPA,poison_flash,120
0.0,0.0,0.0,141.8875,120.0,0.075,1.0,130,0.0,0,0.0,,,PredHPA,poison_flash,121
0.0,0.0,0.0,128.91944444444445,120.0,0.075,1.0,157,0.0,0,0.0,,,PredHPA,poison_flash,122
0.0,0.0,0.0,145.95555555555555,120.0,0.075,1.0,125,0.0,0,0.0,,,PredHPA,poison_flash,123
10.0,0.09287780087618991,0.0,147.42777777777778,120.0,0.075,0.8093035240176439,163,10.0,0,0.0,,,PredHPA,poison_flash,124
5.0,0.03136010424099611,0.0,146.60972222222222,120.0,0.075,0.9412954780094864,174,5.0,0,0.0,,,PredHPA,poison_flash,125
0.0,0.0,0.0,150.78194444444443,120.0,0.075,1.0,138,0.0,0,0.0,,,PredHPA,poison_flash,126
0.0,0.0,0.0,140.99444444444444,120.0,0.075,1.0,123,0.0,0,0.0,,,PredHPA,poison_flash,127
0.0,0.0,0.0,128.63333333333333,120.0,0.075,1.0,157,0.0,0,0.0,,,PredHPA,poison_flash,128
5.0,0.038881914205268764,0.0,151.32222222222222,120.0,0.075,0.8718585442347746,107,5.0,0,0.0,,,PredHPA,poison_flash,129
0.0,0.0,0.0,148.47916666666666,120.0,0.075,1.0,160,0.0,0,0.0,,,PredHPA,poison_flash,130
0.0,0.008297627598685686,0.0,151.65972222222223,120.0,0.075,0.9738083912966196,152,0.0,0,0.0,,,PredHPA,poison_flash,131
0.0,0.0,0.0,148.63888888888889,120.0,0.075,1.0,169,0.0,0,0.0,,,PredHPA,poison_flash,132
0.0,0.0,0.0,140.88611111111112,120.0,0.075,1.0,114,0.0,0,0.0,,,PredHPA,poison_flash,133
0.0,0.0,0.0,127.39722222222223,120.0,0.075,1.0,160,0.0,0,0.0,,,PredHPA,poison_flash,134
0.0,0.0,0.0,149.1027777777778,120.0,0.075,1.0,92,0.0,0,0.0,,,PredHPA,poison_flash,135
0.0,0.0,0.0,146.7111111111111,120.0,0.075,1.0,181,0.0,0,0.0,,,PredHPA,poison_flash,136
0.0,0.0,0.0,144.3513888888889,120.0,0.075,1.0,163,0.0,0,0.0,,,PredHPA,poison_flash,137
0.0,0.0,0.0,150.20277777777778,120.0,0.075,1.0,168,0.0,0,0.0,,,PredHPA,poison_flash,138
0.0,0.0,0.0,141.79722222222222,120.0,0.075,1.0,128,0.0,0,0.0,,,PredHPA,poison_flash,139
1215.0,38.87371717479462,9.628498717462598,101.00833333333334,107.0,3.0549999999999997,4.6350466278222246e-05,104,1107.5,0,0.0,,,HPA+RL,poison_flash,100
1065.0,36.507220136100806,7.171274926072273,92.75138888888888,92.0,3.0549999999999997,8.203882404129608e-06,123,925.0,0,0.0,,,HPA+RL,poison_flash,101
800.0,25.13262388796932,6.538642027215575,89.12083333333334,76.0,3.0549999999999997,0.000174185574193528,110,10.0,0,0.0,,,HPA+RL,poison_flash,102
880.0,30.133367425301227,6.229696158165545,96.50833333333334,100.0,3.053,9.718259844862675e-05,100,880.0,0,0.0,,,HPA+RL,poison_flash,103
1055.0,31.41525236993603,13.373671107147516,90.20833333333333,104.0,3.0549999999999997,0.0005678422278891859,112,170.0,0,0.0,,,HPA+RL,poison_flash,104
900.0,27.42609268894931,4.345490214661228,98.09444444444445,110.0,3.053,2.0543323600233296e-05,101,515.0,0,0.0,,,HPA+RL,poison_flash,105
1170.0,36.71060421228827,8.948034134038942,87.21666666666667,87.0,3.053,0.0003095948516298504,87,10.0,0,0.0,,,HPA+RL,poison_flash,106
1170.0,37.62969793784249,7.412939754880126,96.41944444444445,87.0,3.0549999999999997,3.4646735118087645e-05,124,1050.0,0,0.0,,,HPA+RL,poison_flash,107
910.0,28.220856040482268,6.5043644581685385,96.2625,94.0,3.0549999999999997,3.9229226757580886e-05,94,5.0,0,0.0,,,HPA+RL,poison_flash,108
1225.0,33.803682187879026,5.422290389823487,95.34861111111111,85.0,3.0549999999999997,7.06495276226603e-05,119,1125.0,0,0.0,,,HPA+RL,poison_flash,109
1160.0,40.946352527914634,15.568281017878338,85.7611111111111,83.0,3.0549999999999997,0.000541356987120363,92,25.0,0,0.0,,,HPA+RL,poison_flash,110
1245.0,32.716543098889204,4.426416929591154,104.7375,110.0,3.0549999999999997,0.00023676668056718712,117,1105.0,0,0.0,,,HPA+RL,poison_flash,111
1035.0,37.28949493721952,11.573379229218506,96.44722222222222,100.0,3.0549999999999997,4.001235313404416e-05,104,15.0,0,0.0,,,HPA+RL,poison_flash,112
775.0,29.73423778719494,7.272141800755115,98.62222222222222,120.0,3.053,6.158325148819799e-06,120,460.0,0,0.0,,,HPA+RL,poison_flash,113
735.0,26.020304707238083,6.511876738580015,95.40555555555555,106.0,3.053,6.010047542870367e-05,105,190.0,0,0.0,,,HPA+RL,poison_flash,114
1025.0,30.933090939843034,5.33766298610469,93.725,93.0,3.053,0.00011079649404218512,102,900.0,0,0.0,,,HPA+RL,poison_flash,115
1110.0,40.521393618498855,14.950239214364947,93.30694444444444,95.0,3.0549999999999997,0.00033102705205256713,102,75.0,0,0.0,,,HPA+RL,poison_flash,116
1140.0,30.66134512869364,4.226777504729627,93.42222222222222,86.0,3.0549999999999997,0.002142847402318957,89,950.0,0,0.0,,,HPA+RL,poison_flash,117
1090.0,37.61200244252863,11.055093877291407,90.35,92.0,3.0549999999999997,0.0002742090562953337,95,995.0,0,0.0,,,HPA+RL,poison_flash,118
905.0,33.008966713475594,7.454885025521398,98.3,115.0,3.053,2.4300515666404074e-06,119,755.0,0,0.0,,,HPA+RL,poison_flash,119
1030.0,30.339096444329417,6.53148837050383,91.44027777777778,93.0,3.0549999999999997,5.008238395824842e-05,90,470.0,0,0.0,,,HPA+RL,poison_flash,120
1030.0,30.811290752948405,5.845489157431301,86.46805555555555,72.0,3.0549999999999997,0.00020520804254805464,90,25.0,0,0.0,,,HPA+RL,poison_flash,121
1060.0,35.4694992718447,13.812154404370196,90.17777777777778,101.0,3.0549999999999997,0.0005172267678093983,103,35.0,0,0.0,,,HPA+RL,poison_flash,122
870.0,26.882197092018366,5.100143736259402,92.84861111111111,79.0,3.053,0.00036036522187885207,98,315.0,0,0.0,,,HPA+RL,poison_flash,123
1065.0,37.38572722267698,11.117779669363577,94.82777777777778,114.0,3.053,9.599021797357219e-07,100,875.0,0,0.0,,,HPA+RL,poison_flash,124
925.0,31.815988328188226,7.459793110079569,95.28611111111111,99.0,3.0549999999999997,4.935947848248226e-06,119,460.0,0,0.0,,,HPA+RL,poison_flash,125
1050.0,30.871111712746025,6.827686573076271,96.13888888888889,89.0,3.0549999999999997,0.00014729903329741218,111,650.0,0,0.0,,,HPA+RL,poison_flash,126
875.0,29.587422452537027,6.0894554167474295,92.7375,88.0,3.053,0.0004226754291450198,95,875.0,0,0.0,,,HPA+RL,poison_flash,127
1105.0,24.43274700596828,13.766742892105343,97.10972222222222,101.0,3.0549999999999997,0.0013747995261039988,111,255.0,0,0.0,,,HPA+RL,poison_flash,128
935.0,28.930546286309333,5.007875690993667,98.16111111111111,97.0,3.053,1.1762166850389447e-05,98,925.0,0,0.0,,,HPA+RL,poison_flash,129
1090.0,37.97789047331861,11.35006888256697,96.37777777777778,99.0,3.0549999999999997,8.713729186536773e-05,91,995.0,0,0.0,,,HPA+RL,poison_flash,130
1160.0,37.531073553367975,7.384606175671625,97.42916666666666,89.0,3.0549999999999997,1.7073868991531105e-05,125,1035.0,0,0.0,,,HPA+RL,poison_flash,131
870.0,27.59075775114165,6.085861014106618,92.40138888888889,98.0,3.0549999999999997,4.044233292900905e-05,96,315.0,0,0.0,,,HPA+RL,poison_flash,132
1180.0,30.913079546111156,4.703892315041724,86.50555555555556,69.0,3.0549999999999997,0.0016774171147108559,90,10.0,0,0.0,,,HPA+RL,poison_flash,133
1075.0,22.32012325981112,13.782976499158847,88.10555555555555,95.0,3.053,0.0002965527278378908,107,255.0,0,0.0,,,HPA+RL,poison_flash,134
1250.0,32.74146122779255,4.2391224832977885,99.74861111111112,103.0,3.0549999999999997,0.00016641196757584447,96,1120.0,0,0.0,,,HPA+RL,poison_flash,135
1220.0,36.73410138301567,7.741155270000565,92.03333333333333,90.0,3.0549999999999997,3.162475137909996e-05,87,1105.0,0,0.0,,,HPA+RL,poison_flash,136
780.0,30.324467157263268,8.038052310450125,90.12361111111112,86.0,3.0549999999999997,0.0014816548131479307,111,645.0,0,0.0,,,HPA+RL,poison_flash,137
930.0,28.495890004827107,6.152111698679014,88.73194444444445,75.0,3.0549999999999997,0.0002062769652851457,108,365.0,0,0.0,,,HPA+RL,poison_flash,138
880.0,29.003180915783844,6.090895814609134,91.84444444444445,90.0,3.0549999999999997,0.00026484975049782187,107,890.0,0,0.0,,,HPA+RL,poison_flash,139
50.0,0.698558739314814,0.0,123.95138888888889,120.0,0.075,0.03522099102108875,855,25.0,9,0.0,,0.6549413735343383,ARC,poison_flash,100
0.0,0.004681844006937386,0.0,119.68055555555556,120.0,0.075,0.9811130238358053,951,0.0,9,0.0,,0.6745964316057774,ARC,poison_flash,101
0.0,0.0,0.0,121.56666666666666,120.0,0.075,1.0,991,0.0,10,0.0,,0.592057761732852,ARC,poison_flash,102
0.0,0.0,0.0,119.70833333333333,120.0,0.075,1.0,960,0.0,10,0.0,,0.667805294619983,ARC,poison_flash,103
0.0,0.011130679841819813,0.0,104.20833333333333,120.0,0.075,0.969646779095997,707,0.0,9,0.0,,0.8470066518847007,ARC,poison_flash,104
10.0,0.2740107915947476,0.0,122.50416666666666,120.0,0.075,0.51009050076362,941,10.0,10,0.0,,0.5922671353251318,ARC,poison_flash,105
45.0,0.4715435538356849,0.0,114.56527777777778,120.0,0.075,0.03459993797003107,865,0.0,10,0.0,,0.6339754816112084,ARC,poison_flash,106
0.0,0.0,0.0,123.31111111111112,120.0,0.075,1.0,1041,0.0,10,0.0,,0.7628865979381443,ARC,poison_flash,107
0.0,0.0,0.0,117.20277777777778,120.0,0.075,1.0,952,0.0,10,0.0,,0.5528756957328386,ARC,poison_flash,108
5.0,0.020826040004351398,0.0,117.79722222222222,120.0,0.075,0.9116957416769359,945,5.0,11,5.0,,0.6956521739130435,ARC,poison_flash,109
0.0,0.0,0.0,105.40555555555555,120.0,0.075,1.0,710,0.0,10,0.0,,0.835820895522388,ARC,poison_flash,110
0.0,0.005872360209158156,0.0,120.7,120.0,0.075,0.9658425602194536,893,0.0,10,0.0,,0.6351706036745407,ARC,poison_flash,111
50.0,0.6200588315131261,0.0,112.1986111111111,120.0,0.075,0.0446729690761761,876,12.5,9,0.0,,0.6677852348993288,ARC,poison_flash,112
0.0,0.015484533471177286,0.0,121.37638888888888,120.0,0.075,0.9827972472492076,977,0.0,10,0.0,,0.6411149825783972,ARC,poison_flash,113
15.0,0.4735466345713535,0.0,128.30416666666667,120.0,0.075,0.1327777168283452,1010,15.0,10,0.0,,0.6101987899740708,ARC,poison_flash,114
30.0,0.7372035249955555,0.0,117.99166666666666,120.0,0.075,0.05778798085461131,922,30.0,10,0.0,,0.6207497820401047,ARC,poison_flash,115
0.0,0.0,0.0,106.42083333333333,120.0,0.075,1.0,665,0.0,10,0.0,,0.8226415094339623,ARC,poison_flash,116
0.0,0.0,0.0,123.94305555555556,120.0,0.075,1.0,828,0.0,10,0.0,,0.6723404255319149,ARC,poison_flash,117
10.0,0.021640089410324137,0.0,121.16666666666667,120.0,0.075,0.8776931064352617,884,0.0,9,0.0,,0.7569721115537849,ARC,poison_flash,118
0.0,0.009665923208368454,0.0,117.7388888888889,120.0,0.075,0.9777766978484899,942,0.0,10,0.0,,0.6387434554973822,ARC,poison_flash,119
5.0,0.01981584789130242,0.0,118.77916666666667,120.0,0.075,0.9357009231775127,972,5.0,10,0.0,,0.5843920145190563,ARC,poison_flash,120
30.0,0.6586261193082699,0.0,120.53888888888889,120.0,0.075,0.01632494315008127,938,30.0,10,0.0,,0.7004830917874396,ARC,poison_flash,121
25.0,0.4723825590364217,0.0,106.01388888888889,120.0,0.075,0.06092985187406008,682,25.0,10,25.0,,0.800302571860817,ARC,poison_flash,122
5.0,0.039848374099571426,0.0,117.84583333333333,120.0,0.075,0.7753733796544495,913,0.0,10,0.0,,0.5945945945945946,ARC,poison_flash,123
40.0,0.3996215089409061,0.0,124.46944444444445,120.0,0.075,0.06068181282056699,900,10.0,9,0.0,,0.7118084227910817,ARC,poison_flash,124
25.0,0.23583965165473453,0.0,118.66944444444445,120.0,0.075,0.7428839931404809,1017,15.0,10,0.0,,0.6830870279146142,ARC,poison_flash,125
5.0,0.012796871854292569,0.0,117.1625,120.0,0.075,0.9459530160146504,905,5.0,10,0.0,,0.5227272727272727,ARC,poison_flash,126
0.0,0.0,0.0,128.25416666666666,120.0,0.075,1.0,936,0.0,9,0.0,,0.7347931873479319,ARC,poison_flash,127
0.0,0.0,0.0,107.68888888888888,120.0,0.075,1.0,704,0.0,10,0.0,,0.8323353293413174,ARC,poison_flash,128
0.0,0.0,0.0,131.6861111111111,120.0,0.075,1.0,916,0.0,10,0.0,,0.6934673366834171,ARC,poison_flash,129
20.0,0.09896057103587763,0.0,121.83194444444445,120.0,0.075,0.32629179967108446,836,5.0,9,0.0,,0.7007419620774938,ARC,poison_flash,130
0.0,0.0,0.0,122.25138888888888,120.0,0.075,1.0,972,0.0,10,0.0,,0.7181594083812654,ARC,poison_flash,131
0.0,0.0,0.0,118.52222222222223,120.0,0.075,1.0,1025,0.0,9,0.0,,0.5213270142180095,ARC,poison_flash,132
0.0,0.0,0.0,116.46666666666667,120.0,0.075,1.0,889,0.0,10,0.0,,0.5907859078590786,ARC,poison_flash,133
10.0,0.02887766053413232,0.0,104.76666666666667,120.0,0.075,0.9302296543802344,725,10.0,10,0.0,,0.8323353293413174,ARC,poison_flash,134
25.0,0.4203105190907941,0.0,119.61805555555556,120.0,0.075,0.029051979493965638,909,20.0,11,0.0,,0.5678119349005425,ARC,poison_flash,135
25.0,0.20507215546921032,0.0,124.16111111111111,120.0,0.075,0.05930885226811997,954,0.0,10,0.0,,0.6655260906757913,ARC,poison_flash,136
5.0,0.04273141549393511,0.0,116.68472222222222,120.0,0.075,0.9228845798072116,976,5.0,9,0.0,,0.6934673366834171,ARC,poison_flash,137
0.0,0.0,0.0,121.25138888888888,120.0,0.075,1.0,951,0.0,9,0.0,,0.5352112676056338,ARC,poison_flash,138
0.0,0.0,0.0,118.60555555555555,120.0,0.075,1.0,936,0.0,10,0.0,,0.7032418952618454,ARC,poison_flash,139
50.0,0.7945165729809966,0.0,124.49166666666666,120.0,0.075,0.03522099102108875,871,25.0,10,0.0,,0.6616541353383458,ARC-noGraph,poison_flash,100
0.0,0.004681844006937386,0.0,119.70555555555555,120.0,0.075,0.9811130238358053,964,0.0,9,0.0,,0.6689419795221843,ARC-noGraph,poison_flash,101
0.0,0.0,0.0,121.59305555555555,120.0,0.075,1.0,995,0.0,10,0.0,,0.5933273219116321,ARC-noGraph,poison_flash,102
0.0,0.0,0.0,119.58194444444445,120.0,0.075,1.0,931,0.0,10,0.0,,0.6790855207451313,ARC-noGraph,poison_flash,103
0.0,0.003374519678123189,0.0,104.40833333333333,120.0,0.075,0.9865033705979125,697,0.0,9,0.0,,0.845299777942265,ARC-noGraph,poison_flash,104
20.0,0.9298285296508335,0.0,123.0875,120.0,0.075,0.007508635515235157,949,20.0,10,0.0,,0.588957055214724,ARC-noGraph,poison_flash,105
65.0,0.4807768848070104,0.0,114.22638888888889,120.0,0.075,0.06767938957756675,882,0.0,10,0.0,,0.6327782646801051,ARC-noGraph,poison_flash,106
0.0,0.0,0.0,123.14861111111111,120.0,0.075,1.0,1048,0.0,10,0.0,,0.7589498806682577,ARC-noGraph,poison_flash,107
0.0,0.0,0.0,117.14305555555555,120.0,0.075,1.0,964,0.0,10,0.0,,0.5488372093023256,ARC-noGraph,poison_flash,108
5.0,0.020826040004351398,0.0,118.28888888888889,120.0,0.075,0.9116957416769359,963,5.0,10,0.0,,0.6912751677852349,ARC-noGraph,poison_flash,109
0.0,0.0006982061636073844,0.0,105.29444444444445,120.0,0.075,0.9954359675909964,691,0.0,10,0.0,,0.8305847076461769,ARC-noGraph,poison_flash,110
0.0,0.005872360209158156,0.0,120.82083333333334,120.0,0.075,0.9658425602194536,895,0.0,10,0.0,,0.6375545851528385,ARC-noGraph,poison_flash,111
50.0,0.5865424185057311,0.0,112.21111111111111,120.0,0.075,0.0446729690761761,875,10.0,9,0.0,,0.6804293971924029,ARC-noGraph,poison_flash,112
0.0,0.012867906831648401,0.0,121.53472222222223,120.0,0.075,0.9775646527004002,985,0.0,10,0.0,,0.6446568201563857,ARC-noGraph,poison_flash,113
20.0,0.6000156807831947,0.0,128.45555555555555,120.0,0.075,0.06504415117009404,1019,20.0,10,0.0,,0.6232876712328768,ARC-noGraph,poison_flash,114
25.0,0.61744565022398,0.0,118.1625,120.0,0.075,0.06070492499907944,943,25.0,10,0.0,,0.6273830155979203,ARC-noGraph,poison_flash,115
0.0,0.0,0.0,106.14166666666667,120.0,0.075,1.0,669,0.0,10,0.0,,0.8323353293413174,ARC-noGraph,poison_flash,116
0.0,0.0,0.0,124.075,120.0,0.075,1.0,863,0.0,10,0.0,,0.6712095400340715,ARC-noGraph,poison_flash,117
10.0,0.05895938983281335,0.0,122.57916666666667,120.0,0.075,0.5880344033367602,906,0.0,9,0.0,,0.7609213661636219,ARC-noGraph,poison_flash,118
0.0,0.0,0.0,117.85972222222222,120.0,0.075,1.0,947,0.0,9,0.0,,0.6194690265486725,ARC-noGraph,poison_flash,119
5.0,0.01981584789130242,0.0,119.15,120.0,0.075,0.9357009231775127,986,5.0,10,0.0,,0.5714285714285714,ARC-noGraph,poison_flash,120
25.0,0.6034534090514576,0.0,120.3861111111111,120.0,0.075,0.01632494315008127,955,25.0,10,0.0,,0.7,ARC-noGraph,poison_flash,121
30.0,0.6035656650912768,0.0,106.78333333333333,120.0,0.075,0.16071288727022456,700,30.0,9,0.0,,0.8098802395209581,ARC-noGraph,poison_flash,122
5.0,0.039848374099571426,0.0,118.51666666666667,120.0,0.075,0.7753733796544495,910,0.0,10,0.0,,0.5882352941176471,ARC-noGraph,poison_flash,123
40.0,0.3996215089409061,0.0,124.58472222222223,120.0,0.075,0.06068181282056699,916,10.0,9,0.0,,0.7160493827160493,ARC-noGraph,poison_flash,124
25.0,0.33887742608321725,0.0,118.30833333333334,120.0,0.075,0.4119701787171547,1022,15.0,10,0.0,,0.6787479406919276,ARC-noGraph,poison_flash,125
5.0,0.02099774523897091,0.0,116.85555555555555,120.0,0.075,0.9459530160146504,891,5.0,10,0.0,,0.5185185185185185,ARC-noGraph,poison_flash,126
0.0,0.0,0.0,128.57222222222222,120.0,0.075,1.0,937,0.0,10,0.0,,0.7388843977364592,ARC-noGraph,poison_flash,127
0.0,0.0,0.0,107.72083333333333,120.0,0.075,1.0,714,0.0,10,0.0,,0.8270676691729323,ARC-noGraph,poison_flash,128
0.0,0.0,0.0,131.67361111111111,120.0,0.075,1.0,917,0.0,10,0.0,,0.684654300168634,ARC-noGraph,poison_flash,129
25.0,0.16592998870960107,0.0,121.95972222222223,120.0,0.075,0.2446655962837497,846,7.5,9,0.0,,0.7128874388254486,ARC-noGraph,poison_flash,130
0.0,0.0,0.0,122.55,120.0,0.075,1.0,964,0.0,10,0.0,,0.6978297161936561,ARC-noGraph,poison_flash,131
0.0,0.0,0.0,118.3861111111111,120.0,0.075,1.0,1012,0.0,9,0.0,,0.5213270142180095,ARC-noGraph,poison_flash,132
0.0,0.0,0.0,116.87638888888888,120.0,0.075,1.0,885,0.0,10,0.0,,0.5958595859585959,ARC-noGraph,poison_flash,133
0.0,0.010293156846519214,0.0,104.70277777777778,120.0,0.075,0.9600293000344086,733,0.0,10,0.0,,0.8226415094339623,ARC-noGraph,poison_flash,134
25.0,0.48273195217777287,0.0,119.99027777777778,120.0,0.075,0.023518268452470396,920,20.0,11,0.0,,0.5472910927456383,ARC-noGraph,poison_flash,135
25.0,0.23041947805716445,0.0,125.46805555555555,120.0,0.075,0.1517835536344049,956,0.0,10,0.0,,0.670076726342711,ARC-noGraph,poison_flash,136
0.0,0.015991438219176146,0.0,115.09027777777777,120.0,0.075,0.971140986941223,986,0.0,9,0.0,,0.6540120793787748,ARC-noGraph,poison_flash,137
0.0,0.0,0.0,121.15694444444445,120.0,0.075,1.0,958,0.0,9,0.0,,0.5255198487712666,ARC-noGraph,poison_flash,138
0.0,0.0,0.0,118.1875,120.0,0.075,1.0,942,0.0,9,0.0,,0.7107438016528925,ARC-noGraph,poison_flash,139
60.0,0.8824796193912077,0.0,122.42361111111111,120.0,0.075,0.02038249818592583,859,30.0,0,0.0,,0.6683250414593698,ARC-noChaos,poison_flash,100
5.0,0.014007868017451575,0.0,117.3013888888889,120.0,0.075,0.9434910114553041,945,5.0,0,0.0,,0.6470078057241977,ARC-noChaos,poison_flash,101
0.0,0.0,0.0,121.09444444444445,120.0,0.075,1.0,968,0.0,0,0.0,,0.6133333333333333,ARC-noChaos,poison_flash,102
0.0,0.0,0.0,120.77638888888889,120.0,0.075,1.0,944,0.0,0,0.0,,0.6790855207451313,ARC-noChaos,poison_flash,103
0.0,0.011130679841819813,0.0,104.69583333333334,120.0,0.075,0.969646779095997,684,0.0,0,0.0,,0.843587842846553,ARC-noChaos,poison_flash,104
20.0,0.8807771217017479,0.0,121.19027777777778,120.0,0.075,0.003035275552968516,937,20.0,0,0.0,,0.6012163336229366,ARC-noChaos,poison_flash,105
40.0,0.4672599452478776,0.0,112.43888888888888,120.0,0.075,0.06767938957756675,873,0.0,0,0.0,,0.6422976501305483,ARC-noChaos,poison_flash,106
0.0,0.0,0.0,120.99166666666666,120.0,0.075,1.0,1014,0.0,0,0.0,,0.75,ARC-noChaos,poison_flash,107
0.0,0.0,0.0,116.72083333333333,120.0,0.075,1.0,994,0.0,0,0.0,,0.5701191567369386,ARC-noChaos,poison_flash,108
5.0,0.06853107498506761,0.0,119.14305555555555,120.0,0.075,0.7441791285914667,950,5.0,0,0.0,,0.6890894175553732,ARC-noChaos,poison_flash,109
0.0,0.0,0.0,106.32222222222222,120.0,0.075,1.0,723,0.0,0,0.0,,0.8279489105935387,ARC-noChaos,poison_flash,110
0.0,0.005872360209158156,0.0,118.6,120.0,0.075,0.9658425602194536,857,0.0,0,0.0,,0.6351706036745407,ARC-noChaos,poison_flash,111
55.0,0.7288130191377529,0.0,111.46944444444445,120.0,0.075,0.0446729690761761,881,12.5,0,0.0,,0.6689019279128248,ARC-noChaos,poison_flash,112
5.0,0.04462545457781797,0.0,121.0875,120.0,0.075,0.9404914317082647,993,5.0,0,0.0,,0.6712095400340715,ARC-noChaos,poison_flash,113
15.0,0.5681500198905898,0.0,127.36111111111111,120.0,0.075,0.13487847179455487,1025,15.0,0,0.0,,0.6067415730337079,ARC-noChaos,poison_flash,114
20.0,0.45601763219171865,0.0,118.10138888888889,120.0,0.075,0.059555033114367065,953,20.0,0,0.0,,0.6728499156829679,ARC-noChaos,poison_flash,115
0.0,0.0,0.0,107.22638888888889,120.0,0.075,1.0,657,0.0,0,0.0,,0.8314606741573034,ARC-noChaos,poison_flash,116
0.0,0.0,0.0,120.43194444444444,120.0,0.075,1.0,825,0.0,0,0.0,,0.6563307493540051,ARC-noChaos,poison_flash,117
10.0,0.021640089410324137,0.0,122.34583333333333,120.0,0.075,0.8776931064352617,899,0.0,0,0.0,,0.7559808612440191,ARC-noChaos,poison_flash,118
10.0,0.07049052778127507,0.0,117.21805555555555,120.0,0.075,0.8641017294394565,926,10.0,0,0.0,,0.6446568201563857,ARC-noChaos,poison_flash,119
0.0,0.0027269578071864586,0.0,118.34305555555555,120.0,0.075,0.9911514828687377,970,0.0,0,0.0,,0.577939835916135,ARC-noChaos,poison_flash,120
20.0,0.5935605871214555,0.0,119.48333333333333,120.0,0.075,0.028267401976911296,922,20.0,0,0.0,,0.6650124069478908,ARC-noChaos,poison_flash,121
30.0,0.6608684749237592,0.0,106.55277777777778,120.0,0.075,0.06092985187406008,653,30.0,0,0.0,,0.8084147257700977,ARC-noChaos,poison_flash,122
5.0,0.039848374099571426,0.0,115.85,120.0,0.075,0.7753733796544495,916,0.0,0,0.0,,0.5958595859585959,ARC-noChaos,poison_flash,123
30.0,0.35412484315942017,0.0,123.69305555555556,120.0,0.075,0.06068181282056699,895,0.0,0,0.0,,0.7244480784955029,ARC-noChaos,poison_flash,124
10.0,0.05343029456940096,0.0,117.23055555555555,120.0,0.075,0.9332751686649785,1013,5.0,0,0.0,,0.690176322418136,ARC-noChaos,poison_flash,125
10.0,0.08021343621259502,0.0,116.07777777777778,120.0,0.075,0.7363809874292732,866,10.0,0,0.0,,0.5337026777469991,ARC-noChaos,poison_flash,126
0.0,0.0,0.0,129.19305555555556,120.0,0.075,1.0,949,0.0,0,0.0,,0.7469879518072289,ARC-noChaos,poison_flash,127
0.0,0.0,0.0,108.5375,120.0,0.075,1.0,717,0.0,0,0.0,,0.8199697428139183,ARC-noChaos,poison_flash,128
0.0,0.009699448628486262,0.0,129.2513888888889,120.0,0.075,0.9680339434727119,922,0.0,0,0.0,,0.6779661016949152,ARC-noChaos,poison_flash,129
35.0,0.24704209995216608,0.0,120.19722222222222,120.0,0.075,0.15376031411767324,846,7.5,0,0.0,,0.7076167076167076,ARC-noChaos,poison_flash,130
0.0,0.0,0.0,121.93611111111112,120.0,0.075,1.0,974,0.0,0,0.0,,0.7128712871287128,ARC-noChaos,poison_flash,131
0.0,0.0,0.0,117.97222222222223,120.0,0.075,1.0,994,0.0,0,0.0,,0.5156993339676499,ARC-noChaos,poison_flash,132
0.0,0.0,0.0,117.47638888888889,120.0,0.075,1.0,896,0.0,0,0.0,,0.5895117540687161,ARC-noChaos,poison_flash,133
0.0,0.0,0.0,105.41944444444445,120.0,0.075,1.0,715,0.0,0,0.0,,0.8305847076461769,ARC-noChaos,poison_flash,134
30.0,0.43768663552878895,0.0,116.15555555555555,120.0,0.075,0.03700396571810237,901,20.0,0,0.0,,0.5485921889191644,ARC-noChaos,poison_flash,135
40.0,0.5061375475560626,0.0,123.30833333333334,120.0,0.075,0.05849947451343125,917,0.0,0,0.0,,0.6723404255319149,ARC-noChaos,poison_flash,136
0.0,0.015991438219176146,0.0,114.78055555555555,120.0,0.075,0.971140986941223,961,0.0,0,0.0,,0.6757215619694398,ARC-noChaos,poison_flash,137
0.0,0.0,0.0,120.36805555555556,120.0,0.075,1.0,930,0.0,0,0.0,,0.5365853658536586,ARC-noChaos,poison_flash,138
0.0,0.0,0.0,119.07222222222222,120.0,0.075,1.0,939,0.0,0,0.0,,0.7118084227910817,ARC-noChaos,poison_flash,139
50.0,0.698558739314814,0.0,123.95138888888889,120.0,0.075,0.03522099102108875,855,25.0,9,0.0,,0.0,ARC-noSec,poison_flash,100
0.0,0.004681844006937386,0.0,119.68055555555556,120.0,0.075,0.9811130238358053,951,0.0,9,0.0,,0.0,ARC-noSec,poison_flash,101
0.0,0.0,0.0,121.56666666666666,120.0,0.075,1.0,991,0.0,10,0.0,,0.0,ARC-noSec,poison_flash,102
0.0,0.0,0.0,119.70833333333333,120.0,0.075,1.0,960,0.0,10,0.0,,0.0,ARC-noSec,poison_flash,103
0.0,0.011130679841819813,0.0,104.20833333333333,120.0,0.075,0.969646779095997,707,0.0,9,0.0,,0.0,ARC-noSec,poison_flash,104
10.0,0.2740107915947476,0.0,122.34444444444445,120.0,0.075,0.51009050076362,938,10.0,10,0.0,,0.0,ARC-noSec,poison_flash,105
45.0,0.4715435538356849,0.0,114.5513888888889,120.0,0.075,0.03459993797003107,864,0.0,10,0.0,,0.0,ARC-noSec,poison_flash,106
0.0,0.0,0.0,123.31111111111112,120.0,0.075,1.0,1041,0.0,10,0.0,,0.0,ARC-noSec,poison_flash,107
0.0,0.0,0.0,117.20277777777778,120.0,0.075,1.0,951,0.0,10,0.0,,0.0,ARC-noSec,poison_flash,108
5.0,0.020826040004351398,0.0,117.79722222222222,120.0,0.075,0.9116957416769359,945,5.0,11,5.0,,0.0,ARC-noSec,poison_flash,109
0.0,0.0,0.0,105.40555555555555,120.0,0.075,1.0,710,0.0,10,0.0,,0.0,ARC-noSec,poison_flash,110
0.0,0.005872360209158156,0.0,120.7,120.0,0.075,0.9658425602194536,893,0.0,10,0.0,,0.0,ARC-noSec,poison_flash,111
50.0,0.6200588315131261,0.0,112.17222222222222,120.0,0.075,0.0446729690761761,875,12.5,9,0.0,,0.0,ARC-noSec,poison_flash,112
0.0,0.015484533471177286,0.0,121.37638888888888,120.0,0.075,0.9827972472492076,977,0.0,10,0.0,,0.0,ARC-noSec,poison_flash,113
15.0,0.4735466345713535,0.0,128.30416666666667,120.0,0.075,0.1327777168283452,1010,15.0,10,0.0,,0.0,ARC-noSec,poison_flash,114
30.0,0.7372035249955555,0.0,117.8125,120.0,0.075,0.05778798085461131,935,30.0,11,0.0,,0.0,ARC-noSec,poison_flash,115
0.0,0.0,0.0,106.42083333333333,120.0,0.075,1.0,665,0.0,10,0.0,,0.0,ARC-noSec,poison_flash,116
0.0,0.0,0.0,123.94305555555556,120.0,0.075,1.0,828,0.0,10,0.0,,0.0,ARC-noSec,poison_flash,117
10.0,0.021640089410324137,0.0,121.16666666666667,120.0,0.075,0.8776931064352617,884,0.0,9,0.0,,0.0,ARC-noSec,poison_flash,118
0.0,0.009665923208368454,0.0,117.7388888888889,120.0,0.075,0.9777766978484899,942,0.0,10,0.0,,0.0,ARC-noSec,poison_flash,119
5.0,0.01981584789130242,0.0,118.77916666666667,120.0,0.075,0.9357009231775127,972,5.0,10,0.0,,0.0,ARC-noSec,poison_flash,120
30.0,0.6586261193082699,0.0,120.25416666666666,120.0,0.075,0.01632494315008127,958,30.0,10,0.0,,0.0,ARC-noSec,poison_flash,121
25.0,0.4723825590364217,0.0,106.01388888888889,120.0,0.075,0.06092985187406008,682,25.0,10,25.0,,0.0,ARC-noSec,poison_flash,122
5.0,0.039848374099571426,0.0,117.84583333333333,120.0,0.075,0.7753733796544495,913,0.0,10,0.0,,0.0,ARC-noSec,poison_flash,123
40.0,0.3996215089409061,0.0,124.46944444444445,120.0,0.075,0.06068181282056699,900,10.0,9,0.0,,0.0,ARC-noSec,poison_flash,124
25.0,0.23583965165473453,0.0,118.70833333333333,120.0,0.075,0.7428839931404809,991,15.0,10,0.0,,0.0,ARC-noSec,poison_flash,125
5.0,0.012796871854292569,0.0,117.1625,120.0,0.075,0.9459530160146504,905,5.0,10,0.0,,0.0,ARC-noSec,poison_flash,126
0.0,0.0,0.0,128.25416666666666,120.0,0.075,1.0,936,0.0,9,0.0,,0.0,ARC-noSec,poison_flash,127
0.0,0.0,0.0,107.68888888888888,120.0,0.075,1.0,704,0.0,10,0.0,,0.0,ARC-noSec,poison_flash,128
0.0,0.0,0.0,131.6861111111111,120.0,0.075,1.0,916,0.0,10,0.0,,0.0,ARC-noSec,poison_flash,129
20.0,0.09896057103587763,0.0,121.83194444444445,120.0,0.075,0.32629179967108446,836,5.0,9,0.0,,0.0,ARC-noSec,poison_flash,130
0.0,0.0,0.0,122.25138888888888,120.0,0.075,1.0,972,0.0,10,0.0,,0.0,ARC-noSec,poison_flash,131
0.0,0.0,0.0,118.52222222222223,120.0,0.075,1.0,1025,0.0,9,0.0,,0.0,ARC-noSec,poison_flash,132
0.0,0.0,0.0,116.46111111111111,120.0,0.075,1.0,889,0.0,10,0.0,,0.0,ARC-noSec,poison_flash,133
10.0,0.02887766053413232,0.0,104.76666666666667,120.0,0.075,0.9302296543802344,725,10.0,10,0.0,,0.0,ARC-noSec,poison_flash,134
25.0,0.4203105190907941,0.0,119.61805555555556,120.0,0.075,0.029051979493965638,909,20.0,11,0.0,,0.0,ARC-noSec,poison_flash,135
25.0,0.20507215546921032,0.0,124.16111111111111,120.0,0.075,0.05930885226811997,954,0.0,10,0.0,,0.0,ARC-noSec,poison_flash,136
5.0,0.04273141549393511,0.0,116.66805555555555,120.0,0.075,0.9228845798072116,974,5.0,9,0.0,,0.0,ARC-noSec,poison_flash,137
0.0,0.0,0.0,121.25138888888888,120.0,0.075,1.0,951,0.0,9,0.0,,0.0,ARC-noSec,poison_flash,138
0.0,0.0,0.0,118.60555555555555,120.0,0.075,1.0,936,0.0,10,0.0,,0.0,ARC-noSec,poison_flash,139
500.0,11.151511325847107,0.0,91.15972222222223,120.0,1.6612687763299447,1.6464819579261567e-05,4750,45.0,10,40.0,,0.7574468085106383,ARC-noGuard,poison_flash,100
500.0,5.323642001977502,0.0,84.43194444444444,120.0,1.2303879604442034,0.0044264018040115205,4629,22.5,10,30.0,,0.8659106070713809,ARC-noGuard,poison_flash,101
385.0,7.54363345720045,0.0,88.31805555555556,120.0,0.6139087196251961,0.0008814047264399328,4711,15.0,10,5.0,,0.8012779552715655,ARC-noGuard,poison_flash,102
410.0,4.2114505896732375,0.0,86.21111111111111,120.0,0.8190914334365559,0.003661049573658349,4838,15.0,11,65.0,,0.9000644745325597,ARC-noGuard,poison_flash,103
435.0,8.256105600251118,0.0,81.59444444444445,120.0,1.2950993863855527,1.340333129568604e-05,3548,30.0,10,0.0,,0.8778576094056172,ARC-noGuard,poison_flash,104
430.0,5.442186192286291,0.0,88.25833333333334,120.0,0.8245143722533917,0.001517576146640785,4904,30.0,10,0.0,,0.8993033565547816,ARC-noGuard,poison_flash,105
565.0,10.436509048793463,0.0,82.67916666666666,120.0,1.9915905702119483,6.513942658623693e-05,4657,22.5,10,65.0,,0.8740109555690809,ARC-noGuard,poison_flash,106
550.0,6.165001634174983,0.0,84.81388888888888,120.0,1.6358224651759827,0.0028408264305036443,4828,15.0,10,15.0,,0.92909211398277,ARC-noGuard,poison_flash,107
465.0,7.133528380503373,0.0,83.47916666666667,120.0,0.8443763257087068,0.00012646775684578852,4672,15.0,10,50.0,,0.7134935304990758,ARC-noGuard,poison_flash,108
310.0,3.9133463140442304,0.0,89.92222222222222,120.0,0.07845654117689478,0.0024586876910915314,4981,45.0,10,0.0,,0.9199231262011531,ARC-noGuard,poison_flash,109
390.0,5.928485116648452,0.0,85.88472222222222,120.0,0.7314129328912929,3.7926823597739564e-05,3592,32.5,11,65.0,,0.8861418347430059,ARC-noGuard,poison_flash,110
380.0,5.135822130208167,0.0,89.33888888888889,120.0,0.6747388419570828,0.0004223976554897417,4775,10.0,11,60.0,,0.8585922637920101,ARC-noGuard,poison_flash,111
640.0,11.432376908694419,0.0,84.3861111111111,120.0,2.136126180577477,0.00013647035527386444,4558,15.0,10,60.0,,0.7309048178613397,ARC-noGuard,poison_flash,112
470.0,10.404735840127444,0.0,86.26944444444445,120.0,1.2610055909566205,0.00011950322538299253,4742,50.0,10,35.0,,0.842174197773412,ARC-noGuard,poison_flash,113
390.0,8.301308834408317,0.0,91.725,120.0,0.638468794719226,3.073520211254395e-05,4895,30.0,11,10.0,,0.7701149425287356,ARC-noGuard,poison_flash,114
605.0,8.587007020639014,0.0,86.77222222222223,120.0,1.7639794487795326,0.002503918456090164,4993,30.0,10,60.0,,0.8612321095208463,ARC-noGuard,poison_flash,115
360.0,6.624410917933643,0.0,86.66111111111111,120.0,0.863151227522759,9.445755689087578e-06,3726,20.0,11,65.0,,0.8580481622306717,ARC-noGuard,poison_flash,116
255.0,3.631335740743513,0.0,90.10277777777777,120.0,0.075,0.0004153925408854671,4760,30.0,11,40.0,,0.8771929824561403,ARC-noGuard,poison_flash,117
455.0,9.268503409240015,0.0,92.40138888888889,120.0,1.411414867672799,8.856821369549199e-05,4854,20.0,10,30.0,,0.8620902906617193,ARC-noGuard,poison_flash,118
530.0,9.19064265447701,0.0,83.59722222222223,120.0,1.3011982203625188,0.0005796037869913471,4544,35.0,10,105.0,,0.8090322580645162,ARC-noGuard,poison_flash,119
430.0,8.659841170492033,0.0,84.97083333333333,120.0,1.0892641620907504,8.946598709997683e-05,4589,25.0,10,15.0,,0.7761194029850746,ARC-noGuard,poison_flash,120
380.0,3.829220507045583,0.0,88.79861111111111,120.0,0.6142141751103882,0.0019190950736979247,4972,35.0,10,60.0,,0.8968253968253969,ARC-noGuard,poison_flash,121
375.0,7.276978892718233,0.0,87.16944444444445,120.0,0.7211198573218744,0.00011858833281393227,3612,20.0,11,50.0,,0.8341168569509738,ARC-noGuard,poison_flash,122
600.0,7.7937027693474885,0.0,85.2375,120.0,1.7393325996267466,3.232137552991321e-05,4806,25.0,10,100.0,,0.8432098765432099,ARC-noGuard,poison_flash,123
460.0,8.370061625755765,0.0,92.36944444444444,120.0,1.0157538762933254,9.471571462089443e-06,4774,32.5,10,25.0,,0.8048469387755102,ARC-noGuard,poison_flash,124
680.0,11.642710087713981,0.0,82.45555555555555,120.0,2.1025475314532653,0.0007579164527955443,4819,40.0,9,30.0,,0.8479495268138801,ARC-noGuard,poison_flash,125
575.0,10.049613200685414,0.0,84.9375,120.0,1.9224872988578101,0.004683597090382823,4624,22.5,10,40.0,,0.7440147329650092,ARC-noGuard,poison_flash,126
305.0,3.5326558675792263,0.0,97.58333333333333,120.0,0.0982179642795843,0.008408137539891508,5235,45.0,10,45.0,,0.9138149556400507,ARC-noGuard,poison_flash,127
365.0,7.822627698299489,0.0,87.50972222222222,120.0,0.7290904370263338,0.00012944618186069493,3690,40.0,11,50.0,,0.8564102564102564,ARC-noGuard,poison_flash,128
280.0,3.8039641865693308,0.0,96.94722222222222,120.0,0.07500000000000012,1.692418952189932e-05,4908,7.5,11,50.0,,0.8914728682170543,ARC-noGuard,poison_flash,129
370.0,7.5006345234853615,0.0,90.31666666666666,120.0,0.7309105795548183,0.0006629798949724283,4771,37.5,10,45.0,,0.7987692307692308,ARC-noGuard,poison_flash,130
340.0,4.143988208559968,0.0,87.73055555555555,120.0,0.33983834082119513,0.0006563450526006643,4622,20.0,10,85.0,,0.8349788434414669,ARC-noGuard,poison_flash,131
560.0,10.551926583320059,0.0,85.08194444444445,120.0,1.8706186753398837,0.00013611597600055093,4713,42.5,9,20.0,,0.7356037151702787,ARC-noGuard,poison_flash,132
335.0,3.7714066800594637,0.0,88.77777777777777,120.0,0.34037561866325167,0.000218023123481481,5094,42.5,10,50.0,,0.893698281349459,ARC-noGuard,poison_flash,133
420.0,7.675326075901534,0.0,86.27638888888889,120.0,1.1927805043709094,0.00020329321020460492,3625,30.0,11,50.0,,0.8196286472148541,ARC-noGuard,poison_flash,134
475.0,5.896767825521632,0.0,86.55833333333334,120.0,1.0693456199424873,0.0003175573637692802,4799,25.0,10,5.0,,0.8823151125401929,ARC-noGuard,poison_flash,135
495.0,9.263886253755516,0.0,90.6875,120.0,1.7212108832724042,2.8602926293922636e-05,4825,12.5,10,75.0,,0.8380024360535931,ARC-noGuard,poison_flash,136
670.0,9.433502023855912,0.0,83.12222222222222,120.0,1.6727864158332606,7.145129922655929e-05,4767,5.0,10,45.0,,0.8658854166666666,ARC-noGuard,poison_flash,137
500.0,9.88749129988512,0.0,86.275,120.0,1.491685307262145,1.3727746918626913e-05,4651,50.0,10,5.0,,0.7650411652944902,ARC-noGuard,poison_flash,138
255.0,2.979577974500902,0.0,90.52361111111111,120.0,0.075,0.005421975114823455,5071,40.0,10,0.0,,0.9122340425531915,ARC-noGuard,poison_flash,139
130.0,2.3835264057421313,0.0,125.86527777777778,120.0,0.075,0.0026685056848492154,879,65.0,9,0.0,,0.6458333333333334,ARC-noRemed,poison_flash,100
0.0,0.004681844006937386,0.0,119.35972222222222,120.0,0.075,0.9811130238358053,976,0.0,10,0.0,,0.667805294619983,ARC-noRemed,poison_flash,101
0.0,0.0,0.0,121.79027777777777,120.0,0.075,1.0,995,0.0,10,0.0,,0.5983827493261455,ARC-noRemed,poison_flash,102
0.0,0.0,0.0,119.70833333333333,120.0,0.075,1.0,960,0.0,10,0.0,,0.667805294619983,ARC-noRemed,poison_flash,103
0.0,0.011130679841819813,0.0,104.20833333333333,120.0,0.075,0.969646779095997,707,0.0,9,0.0,,0.8470066518847007,ARC-noRemed,poison_flash,104
15.0,0.3576072246359918,0.0,124.64583333333333,120.0,0.075,0.4251280547040521,947,15.0,10,0.0,,0.585675430643699,ARC-noRemed,poison_flash,105
60.0,0.6754801981728731,0.0,114.76527777777778,120.0,0.075,0.0005226674594171163,892,0.0,10,0.0,,0.6339754816112084,ARC-noRemed,poison_flash,106
0.0,0.0,0.0,123.36805555555556,120.0,0.075,1.0,1042,0.0,10,0.0,,0.7628865979381443,ARC-noRemed,poison_flash,107
0.0,0.0,0.0,117.82777777777778,120.0,0.075,1.0,998,0.0,10,0.0,,0.5869565217391305,ARC-noRemed,poison_flash,108
5.0,0.020826040004351398,0.0,117.79722222222222,120.0,0.075,0.9116957416769359,945,5.0,11,5.0,,0.6956521739130435,ARC-noRemed,poison_flash,109
0.0,0.0,0.0,105.40555555555555,120.0,0.075,1.0,710,0.0,10,0.0,,0.835820895522388,ARC-noRemed,poison_flash,110
0.0,0.005872360209158156,0.0,120.72916666666667,120.0,0.075,0.9658425602194536,889,0.0,10,0.0,,0.6327782646801051,ARC-noRemed,poison_flash,111
60.0,0.7244016878444226,0.0,112.82222222222222,120.0,0.075,0.0446729690761761,901,12.5,9,0.0,,0.6802030456852792,ARC-noRemed,poison_flash,112
0.0,0.025782099427140714,0.0,122.1763888888889,120.0,0.075,0.9517146795487094,996,0.0,10,0.0,,0.6399302528334786,ARC-noRemed,poison_flash,113
20.0,0.6140470159475497,0.0,131.72222222222223,120.0,0.075,0.06504415117009404,1056,20.0,10,0.0,,0.6255506607929515,ARC-noRemed,poison_flash,114
30.0,0.7393591414972089,0.0,117.64166666666667,120.0,0.075,0.05269657210274506,916,30.0,10,0.0,,0.6145648312611013,ARC-noRemed,poison_flash,115
0.0,0.0,0.0,106.42083333333333,120.0,0.075,1.0,665,0.0,10,0.0,,0.8226415094339623,ARC-noRemed,poison_flash,116
0.0,0.0,0.0,123.34166666666667,120.0,0.075,1.0,809,0.0,10,0.0,,0.6824324324324325,ARC-noRemed,poison_flash,117
35.0,0.29256019660218735,0.0,121.90972222222223,120.0,0.075,0.023690565556531238,884,0.0,9,0.0,,0.7569721115537849,ARC-noRemed,poison_flash,118
0.0,0.009665923208368454,0.0,117.40138888888889,120.0,0.075,0.9777766978484899,941,0.0,9,0.0,,0.630377524143986,ARC-noRemed,poison_flash,119
5.0,0.01981584789130242,0.0,120.21944444444445,120.0,0.075,0.9357009231775127,977,5.0,10,0.0,,0.5701191567369386,ARC-noRemed,poison_flash,120
45.0,1.1178939482421102,0.0,118.79861111111111,120.0,0.075,0.0004072414956650071,952,45.0,10,0.0,,0.6609442060085837,ARC-noRemed,poison_flash,121
35.0,0.9864111749840254,0.0,106.63194444444444,120.0,0.075,0.002661157274444974,691,35.0,10,25.0,,0.8118811881188119,ARC-noRemed,poison_flash,122
5.0,0.039848374099571426,0.0,117.92083333333333,120.0,0.075,0.7753733796544495,911,0.0,10,0.0,,0.5945945945945946,ARC-noRemed,poison_flash,123
50.0,0.5363729081650614,0.0,125.68055555555556,120.0,0.075,0.008132279472391694,914,10.0,9,0.0,,0.7118084227910817,ARC-noRemed,poison_flash,124
25.0,0.7292366390626581,0.0,120.77361111111111,120.0,0.075,0.1149252821462723,1009,20.0,10,0.0,,0.6745964316057774,ARC-noRemed,poison_flash,125
5.0,0.012796871854292569,0.0,117.1986111111111,120.0,0.075,0.9459530160146504,912,5.0,10,0.0,,0.5420560747663551,ARC-noRemed,poison_flash,126
0.0,0.0,0.0,128.25416666666666,120.0,0.075,1.0,936,0.0,9,0.0,,0.7347931873479319,ARC-noRemed,poison_flash,127
0.0,0.0,0.0,107.68888888888888,120.0,0.075,1.0,704,0.0,10,0.0,,0.8314606741573034,ARC-noRemed,poison_flash,128
0.0,0.0,0.0,132.05833333333334,120.0,0.075,1.0,916,0.0,10,0.0,,0.687973086627418,ARC-noRemed,poison_flash,129
45.0,0.38428591531222134,0.0,122.40138888888889,120.0,0.075,0.15376031411767324,846,7.5,9,0.0,,0.7053941908713693,ARC-noRemed,poison_flash,130
0.0,0.0,0.0,122.9486111111111,120.0,0.075,1.0,980,0.0,10,0.0,,0.6666666666666666,ARC-noRemed,poison_flash,131
0.0,0.0,0.0,118.44027777777778,120.0,0.075,1.0,1021,0.0,10,0.0,,0.5227272727272727,ARC-noRemed,poison_flash,132
0.0,0.0,0.0,116.46666666666667,120.0,0.075,1.0,889,0.0,10,0.0,,0.5907859078590786,ARC-noRemed,poison_flash,133
10.0,0.02887766053413232,0.0,104.76666666666667,120.0,0.075,0.9302296543802344,725,10.0,10,0.0,,0.8314606741573034,ARC-noRemed,poison_flash,134
35.0,0.6620828024920145,0.0,120.24305555555556,120.0,0.075,0.02844027376858382,925,30.0,11,0.0,,0.5701191567369386,ARC-noRemed,poison_flash,135
65.0,0.7326814594058595,0.0,125.83611111111111,120.0,0.075,0.022863655605267805,974,0.0,10,0.0,,0.6655260906757913,ARC-noRemed,poison_flash,136
0.0,0.015991438219176146,0.0,116.83055555555555,120.0,0.075,0.971140986941223,989,0.0,9,0.0,,0.6890756302521008,ARC-noRemed,poison_flash,137
0.0,0.0,0.0,121.57222222222222,120.0,0.075,1.0,972,0.0,9,0.0,,0.5199240986717267,ARC-noRemed,poison_flash,138
0.0,0.0,0.0,118.60555555555555,120.0,0.075,1.0,936,0.0,10,0.0,,0.7032418952618454,ARC-noRemed,poison_flash,139
5980.0,93.36039257220747,0.0,44.0,24.0,11.626428571428571,1.3026415433938228e-08,0,785.0,0,0.0,,,Static,storm,100
2405.0,44.84606505678757,0.0,56.833333333333336,31.0,8.626428571428571,0.0,0,551.25,0,0.0,,,Static,storm,101
2560.0,43.66322624182904,0.0,62.333333333333336,34.0,8.62442857142857,7.508324774569982e-07,0,491.25,0,0.0,,,Static,storm,102
5040.0,79.4924762747268,0.0,53.166666666666664,29.0,8.62442857142857,2.3037826653806252e-06,0,927.5,0,0.0,,,Static,storm,103
450.0,15.789610050369895,0.0,73.33333333333333,40.0,2.2632588372357723,0.027886223477315036,0,96.25,0,0.0,,,Static,storm,104
6195.0,91.75430257375388,0.0,36.666666666666664,20.0,3.075,0.010169470385016921,0,785.0,0,0.0,,,Static,storm,105
6005.0,93.70479437351878,0.0,44.0,24.0,8.64642857142857,2.2216732299791552e-07,0,815.0,0,0.0,,,Static,storm,106
1445.0,29.38365189180677,0.0,56.833333333333336,31.0,7.056033285808443,3.78730605784155e-06,0,300.0,0,0.0,,,Static,storm,107
770.0,13.15684572374246,0.0,58.666666666666664,32.0,2.8829390860187547,0.00042997259361523654,0,47.5,0,0.0,,,Static,storm,108
4705.0,73.90019479171188,0.0,53.166666666666664,29.0,8.62442857142857,2.760814547879597e-06,0,825.0,0,0.0,,,Static,storm,109
1105.0,19.239876356571195,0.0,73.33333333333333,40.0,8.626428571428571,0.0,0,295.0,0,0.0,,,Static,storm,110
6495.0,97.8224850121134,0.0,36.666666666666664,20.0,6.055,7.27349441546356e-05,0,1200.0,0,0.0,,,Static,storm,111
6165.0,95.08721118255208,0.0,44.0,24.0,8.626428571428573,0.0,0,891.25,0,0.0,,,Static,storm,112
2285.0,40.991921144895606,0.0,56.833333333333336,31.0,8.62442857142857,3.143254479887158e-07,0,593.75,0,0.0,,,Static,storm,113
1805.0,33.55624028931031,0.0,62.333333333333336,34.0,8.64642857142857,9.83132852383209e-07,0,255.0,0,0.0,,,Static,storm,114
4600.0,72.76860949324715,0.0,53.166666666666664,29.0,8.64642857142857,1.1848512494055244e-05,0,813.75,0,0.0,,,Static,storm,115
1325.0,23.8687103202757,0.0,73.33333333333333,40.0,8.626428571428571,0.0,0,252.5,0,0.0,,,Static,storm,116
6260.0,92.31707073597309,0.0,36.666666666666664,20.0,3.075,0.01170773060007518,0,890.0,0,0.0,,,Static,storm,117
6105.0,94.48967976120383,0.0,44.0,24.0,8.626428571428573,0.0,0,915.0,0,0.0,,,Static,storm,118
1655.0,31.705971265018295,0.0,56.833333333333336,31.0,6.887523665629658,4.069480509338777e-06,0,221.25,0,0.0,,,Static,storm,119
1565.0,28.529532570722814,0.0,62.333333333333336,34.0,6.055,1.1632867190230354e-06,0,221.25,0,0.0,,,Static,storm,120
1390.0,24.098443819726935,0.0,55.0,30.0,3.075,0.011616392357817033,0,190.0,0,0.0,,,Static,storm,121
1370.0,26.53444723579249,0.0,73.33333333333333,40.0,8.62442857142857,0.00013186104339474279,0,300.0,0,0.0,,,Static,storm,122
6235.0,93.17004953164013,0.0,36.666666666666664,20.0,11.62442857142857,8.939122177599138e-07,0,846.25,0,0.0,,,Static,storm,123
5900.0,92.93826283869811,0.0,44.0,24.0,11.626428571428571,1.7086939141871917e-08,0,765.0,0,0.0,,,Static,storm,124
2290.0,41.025458789291726,0.0,56.833333333333336,31.0,8.626428571428571,0.0,0,595.0,0,0.0,,,Static,storm,125
2290.0,38.827250344009165,0.0,62.333333333333336,34.0,8.62442857142857,1.1623391501870994e-06,0,386.25,0,0.0,,,Static,storm,126
4685.0,73.354947030935,0.0,53.166666666666664,29.0,8.62442857142857,1.2431995168648284e-06,0,852.5,0,0.0,,,Static,storm,127
1400.0,30.235478824054653,0.0,73.33333333333333,40.0,8.626428571428571,0.0,0,262.5,0,0.0,,,Static,storm,128
6250.0,92.34999369112406,0.0,36.666666666666664,20.0,3.075,0.0115391795036059,0,617.5,0,0.0,,,Static,storm,129
6105.0,94.56055114464384,0.0,44.0,24.0,8.626428571428573,0.0,0,911.25,0,0.0,,,Static,storm,130
2455.0,45.66276848697488,0.0,56.833333333333336,31.0,8.62442857142857,3.85572816580578e-06,0,552.5,0,0.0,,,Static,storm,131
1475.0,28.440446741591153,0.0,62.333333333333336,34.0,7.659052049924924,1.0153657985734376e-06,0,303.75,0,0.0,,,Static,storm,132
1600.0,26.076350124906767,0.0,55.0,30.0,3.075,0.010098230939984562,0,210.0,0,0.0,,,Static,storm,133
480.0,16.96745706695455,0.0,73.33333333333333,40.0,2.7197955027779015,0.027372298749071634,0,35.0,0,0.0,,,Static,storm,134
6395.0,95.74140412392059,0.0,36.666666666666664,20.0,11.626428571428571,0.0,0,883.75,0,0.0,,,Static,storm,135
2545.0,42.21794573913655,0.0,45.833333333333336,25.0,3.075,0.00626049652602995,0,211.25,0,0.0,,,Static,storm,136
2295.0,42.11395302695422,0.0,56.833333333333336,31.0,8.62442857142857,8.530428728243648e-07,0,525.0,0,0.0,,,Static,storm,137
1540.0,28.618365560044424,0.0,62.333333333333336,34.0,7.138650775084557,1.0556050407989865e-06,0,310.0,0,0.0,,,Static,storm,138
1400.0,23.844292305649827,0.0,55.0,30.0,3.075,0.008140171108807354,0,253.75,0,0.0,,,Static,storm,139
15.0,0.13073151637724711,0.0,90.28194444444445,76.0,0.075,0.7408746129883679,104,5.0,0,0.0,,,HPA,storm,100
75.0,2.0879265569062944,0.0,109.77083333333333,120.0,0.075,0.001662653875114306,144,35.0,0,0.0,,,HPA,storm,101
55.0,0.6052693038378409,0.0,94.35277777777777,67.0,0.075,0.014419461777198547,97,13.75,0,0.0,,,HPA,storm,102
25.0,0.13682626586670743,0.0,94.16527777777777,68.0,0.075,0.33945121221522956,97,15.0,0,0.0,,,HPA,storm,103
520.0,18.438758214784922,0.0,102.90416666666667,120.0,3.0749999999999997,1.8945365643392374e-05,168,160.0,0,0.0,,,HPA,storm,104
50.0,0.8930356986668775,0.0,93.73055555555555,77.0,0.075,0.006842497151796165,100,12.5,0,0.0,,,HPA,storm,105
135.0,4.636743308689439,0.0,103.2875,120.0,0.075,3.478769283306754e-05,155,60.0,0,0.0,,,HPA,storm,106
55.0,1.120469851102368,0.0,93.77916666666667,83.0,0.075,0.0026572240827504976,123,27.5,0,0.0,,,HPA,storm,107
20.0,0.24218517230990555,0.0,88.17361111111111,67.0,0.075,0.41175045232288454,78,10.0,0,0.0,,,HPA,storm,108
185.0,3.971901518412624,0.0,113.96111111111111,120.0,0.075,0.00013186104339474257,142,46.25,0,0.0,,,HPA,storm,109
0.0,0.006449614023951167,0.0,91.59444444444445,70.0,0.075,0.9737782517332302,111,0.0,0,0.0,,,HPA,storm,110
0.0,0.004121056323758143,0.0,96.41666666666667,74.0,0.075,0.9789242152190789,125,0.0,0,0.0,,,HPA,storm,111
70.0,0.7715123485037667,0.0,103.09861111111111,94.0,0.075,0.04071051605535265,135,17.5,0,0.0,,,HPA,storm,112
155.0,4.6354531759886575,0.0,96.225,76.0,0.075,0.00013186104339474257,110,52.5,0,0.0,,,HPA,storm,113
105.0,3.3537133894050997,0.0,103.175,120.0,0.07500000000000001,0.0004477564130629544,128,52.5,0,0.0,,,HPA,storm,114
80.0,2.1912378604445504,0.0,103.79583333333333,120.0,0.07500000000000005,0.00035871544797118674,134,40.0,0,0.0,,,HPA,storm,115
0.0,0.0,0.0,91.37361111111112,71.0,0.075,1.0,102,0.0,0,0.0,,,HPA,storm,116
0.0,0.009074870171332794,0.0,87.06944444444444,65.0,0.075,0.958843902639295,72,0.0,0,0.0,,,HPA,storm,117
65.0,0.7635250743846189,0.0,103.50277777777778,91.0,0.075,0.04470234724227364,130,15.0,0,0.0,,,HPA,storm,118
45.0,1.6324787203668145,0.0,100.67777777777778,110.0,0.075,0.003543364271295207,149,11.25,0,0.0,,,HPA,storm,119
60.0,1.5374214118916596,0.0,93.43611111111112,87.0,0.075,5.954092658844725e-05,96,30.0,0,0.0,,,HPA,storm,120
10.0,0.13984837831828578,0.0,93.97222222222223,71.0,0.075,0.4566363534191108,105,5.0,0,0.0,,,HPA,storm,121
20.0,0.3111487084235698,0.0,95.45277777777778,85.0,0.075,0.4483588833008566,125,10.0,0,0.0,,,HPA,storm,122
20.0,0.26172608978572987,0.0,110.3625,97.0,0.075,0.4364683564011494,132,8.75,0,0.0,,,HPA,storm,123
165.0,3.992588737642,0.0,109.74583333333334,120.0,0.075,0.0004624535788382833,158,45.0,0,0.0,,,HPA,storm,124
195.0,5.479274038561299,0.0,110.82916666666667,119.0,0.075,0.0,135,67.5,0,0.0,,,HPA,storm,125
5.0,0.03691883527526807,0.0,95.94444444444444,75.0,0.075,0.9047481101919443,95,2.5,0,0.0,,,HPA,storm,126
195.0,4.504790054620777,0.0,112.65972222222223,120.0,0.075,1.1140011006516809e-05,141,73.75,0,0.0,,,HPA,storm,127
40.0,0.604998878452101,0.0,95.37638888888888,89.0,0.075,0.18913691122695991,108,20.0,0,0.0,,,HPA,storm,128
15.0,0.13755556234765765,0.0,90.94444444444444,62.0,0.075,0.286664383968512,82,3.75,0,0.0,,,HPA,storm,129
75.0,0.8706821807714982,0.0,98.84861111111111,79.0,0.075,0.040356924070309295,102,17.5,0,0.0,,,HPA,storm,130
40.0,0.5807672350693571,0.0,91.525,73.0,0.075,0.025584560364301387,102,15.0,0,0.0,,,HPA,storm,131
105.0,2.9747240400653574,0.0,103.67361111111111,120.0,0.075,0.0004360473948756124,116,26.25,0,0.0,,,HPA,storm,132
100.0,1.985016712681631,0.0,106.58333333333333,120.0,0.075,2.006746022614553e-05,133,25.0,0,0.0,,,HPA,storm,133
80.0,2.5583189028212105,0.0,99.7388888888889,120.0,0.07500000000000005,0.00091109925749454,134,40.0,0,0.0,,,HPA,storm,134
15.0,0.0878257086242118,0.0,94.32083333333334,73.0,0.075,0.798084746436788,84,10.0,0,0.0,,,HPA,storm,135
100.0,3.381914701183064,0.0,102.50833333333334,120.0,0.075,3.328048531168664e-06,135,47.5,0,0.0,,,HPA,storm,136
70.0,2.5998575550157055,0.0,102.68611111111112,112.0,0.075,0.001206993996178753,132,10.0,0,0.0,,,HPA,storm,137
70.0,2.5418045189844696,0.0,106.11944444444444,120.0,0.075,0.00021391089459112177,138,28.75,0,0.0,,,HPA,storm,138
45.0,1.2891398680485056,0.0,96.87777777777778,88.0,0.075,0.02952235848123658,115,22.5,0,0.0,,,HPA,storm,139
5.0,0.011436708835710352,0.0,91.72222222222223,94.0,0.075,0.9413043443347127,219,0.0,0,0.0,,,HPA-fast,storm,100
10.0,0.03010139675230228,0.0,93.78055555555555,106.0,0.075,0.8550947954896493,239,6.25,0,0.0,,,HPA-fast,storm,101
110.0,0.9594129969719201,0.0,95.45694444444445,78.0,0.075,0.0001318610433947426,234,38.75,0,0.0,,,HPA-fast,storm,102
75.0,1.14444461606783,0.0,93.21944444444445,76.0,0.075,0.00013186104339474257,192,27.5,0,0.0,,,HPA-fast,storm,103
370.0,13.833733092078814,0.0,86.58333333333333,120.0,3.0749999999999997,0.00041971727759920535,226,122.5,0,0.0,,,HPA-fast,storm,104
55.0,0.8460820867114638,0.0,92.53611111111111,87.0,0.075,0.018353414990439052,198,15.0,0,0.0,,,HPA-fast,storm,105
20.0,0.16006282050061715,0.0,93.16388888888889,110.0,0.075,0.6780722806155494,213,7.5,0,0.0,,,HPA-fast,storm,106
30.0,0.2818791377892427,0.0,86.78472222222223,81.0,0.075,0.0493556326789869,207,7.5,0,0.0,,,HPA-fast,storm,107
0.0,0.0,0.0,89.89861111111111,75.0,0.075,1.0,184,0.0,0,0.0,,,HPA-fast,storm,108
150.0,2.997020501222347,0.0,95.17222222222222,104.0,0.075,0.00013186104339474257,235,37.5,0,0.0,,,HPA-fast,storm,109
745.0,10.155674409903902,0.0,91.65277777777777,77.0,8.626428571428571,0.0,197,197.5,0,0.0,,,HPA-fast,storm,110
0.0,0.0,0.0,89.95277777777778,73.0,0.075,1.0,185,0.0,0,0.0,,,HPA-fast,storm,111
205.0,3.1234904993834745,0.0,97.75972222222222,101.0,0.075,0.0,243,62.5,0,0.0,,,HPA-fast,storm,112
135.0,4.390674239307235,0.0,95.05,120.0,0.075,3.680453849255462e-06,239,47.5,0,0.0,,,HPA-fast,storm,113
15.0,0.08641911066347152,0.0,92.0513888888889,88.0,0.075,0.7654719453095327,221,5.0,0,0.0,,,HPA-fast,storm,114
20.0,0.17016285247358764,0.0,87.7625,73.0,0.075,0.5497197463394788,161,10.0,0,0.0,,,HPA-fast,storm,115
930.0,12.370845995499913,0.0,96.72916666666667,99.0,8.626428571428571,0.0,218,245.0,0,0.0,,,HPA-fast,storm,116
0.0,0.0,0.0,89.24444444444444,66.0,0.075,1.0,176,0.0,0,0.0,,,HPA-fast,storm,117
0.0,0.005329673180065608,0.0,93.675,94.0,0.075,0.9511609079532374,215,0.0,0,0.0,,,HPA-fast,storm,118
60.0,1.0843916189800962,0.0,94.74861111111112,114.0,0.075,0.0014679897672722068,269,16.25,0,0.0,,,HPA-fast,storm,119
20.0,0.4183823987578883,0.0,90.79722222222222,76.0,0.075,0.290726662808823,200,10.0,0,0.0,,,HPA-fast,storm,120
0.0,0.0,0.0,88.97916666666667,73.0,0.075,1.0,188,0.0,0,0.0,,,HPA-fast,storm,121
135.0,2.7055630212294846,0.0,88.53472222222223,110.0,0.075,0.00013186104339474257,210,46.25,0,0.0,,,HPA-fast,storm,122
0.0,0.004672002657857277,0.0,93.88333333333334,83.0,0.075,0.971395051331163,195,0.0,0,0.0,,,HPA-fast,storm,123
65.0,0.8906956357547902,0.0,95.27361111111111,100.0,0.075,0.007907550547586708,258,21.25,0,0.0,,,HPA-fast,storm,124
195.0,5.243129354482646,0.0,97.95277777777778,120.0,0.075,0.0,262,66.25,0,0.0,,,HPA-fast,storm,125
80.0,1.0993888077216796,0.0,96.8,78.0,0.075,0.00013186104339474257,220,27.5,0,0.0,,,HPA-fast,storm,126
190.0,4.122109002245821,0.0,98.73055555555555,120.0,0.075,9.41198344336287e-05,252,67.5,0,0.0,,,HPA-fast,storm,127
920.0,13.177208466815548,0.0,95.31388888888888,105.0,8.626428571428571,0.0,178,236.25,0,0.0,,,HPA-fast,storm,128
15.0,0.1321621936366535,0.0,89.27916666666667,63.0,0.075,0.286664383968512,185,3.75,0,0.0,,,HPA-fast,storm,129
220.0,3.2319466679630926,0.0,97.5736111111111,97.0,0.075,0.0,252,56.25,0,0.0,,,HPA-fast,storm,130
65.0,0.6010435746831355,0.0,90.08194444444445,76.0,0.075,0.0001318610433947428,196,28.75,0,0.0,,,HPA-fast,storm,131
5.0,0.01715449440271577,0.0,92.3875,87.0,0.075,0.9352055102066279,208,1.25,0,0.0,,,HPA-fast,storm,132
15.0,0.1510459309739698,0.0,89.36111111111111,75.0,0.075,0.6539838411121073,200,7.5,0,0.0,,,HPA-fast,storm,133
25.0,0.6892533021283342,0.0,83.0513888888889,102.0,0.07500000000000007,0.08021463851378725,164,12.5,0,0.0,,,HPA-fast,storm,134
0.0,0.00981991503433699,0.0,93.50972222222222,75.0,0.075,0.9553024883467357,189,0.0,0,0.0,,,HPA-fast,storm,135
65.0,2.5947649534738715,0.0,95.6986111111111,120.0,0.075,0.0025122624519158467,267,32.5,0,0.0,,,HPA-fast,storm,136
110.0,1.7484595364125832,0.0,93.35138888888889,108.0,0.075,0.00013186104339474279,240,28.75,0,0.0,,,HPA-fast,storm,137
0.0,0.0037633304209028218,0.0,92.16388888888889,83.0,0.075,0.9829842544610378,245,0.0,0,0.0,,,HPA-fast,storm,138
80.0,2.2572556989052917,0.0,93.65694444444445,120.0,0.075,0.0002449509224689537,234,40.0,0,0.0,,,HPA-fast,storm,139
0.0,0.0,0.0,114.89861111111111,101.0,0.075,1.0,120,0.0,0,0.0,,,HPA-45,storm,100
0.0,0.0,0.0,127.82083333333334,120.0,0.075,1.0,126,0.0,0,0.0,,,HPA-45,storm,101
0.0,0.0,0.0,116.06666666666666,85.0,0.075,1.0,98,0.0,0,0.0,,,HPA-45,storm,102
0.0,0.0,0.0,120.09166666666667,90.0,0.075,1.0,106,0.0,0,0.0,,,HPA-45,storm,103
0.0,0.0,0.0,117.0111111111111,120.0,0.075,1.0,155,0.0,0,0.0,,,HPA-45,storm,104
10.0,0.045454414203893734,0.0,117.40972222222223,93.0,0.075,0.6543758278296917,104,2.5,0,0.0,,,HPA-45,storm,105
80.0,2.851282581759984,0.0,120.84166666666667,120.0,0.075,0.0010476733909056592,155,40.0,0,0.0,,,HPA-45,storm,106
5.0,0.03212330943058728,0.0,113.09166666666667,86.0,0.075,0.8755628283092498,118,2.5,0,0.0,,,HPA-45,storm,107
0.0,0.0,0.0,111.98333333333333,89.0,0.075,1.0,100,0.0,0,0.0,,,HPA-45,storm,108
0.0,0.0,0.0,121.6625,97.0,0.075,1.0,124,0.0,0,0.0,,,HPA-45,storm,109
0.0,0.0,0.0,117.46111111111111,94.0,0.075,1.0,118,0.0,0,0.0,,,HPA-45,storm,110
0.0,0.0,0.0,116.47361111111111,93.0,0.075,1.0,121,0.0,0,0.0,,,HPA-45,storm,111
0.0,0.0,0.0,120.29166666666667,106.0,0.075,1.0,125,0.0,0,0.0,,,HPA-45,storm,112
125.0,4.017936493687824,0.0,128.92222222222222,120.0,0.075,4.237801087012421e-06,128,45.0,0,0.0,,,HPA-45,storm,113
5.0,0.025246325900030175,0.0,119.19583333333334,102.0,0.075,0.9015333302747903,124,2.5,0,0.0,,,HPA-45,storm,114
0.0,0.0,0.0,117.47083333333333,95.0,0.075,1.0,128,0.0,0,0.0,,,HPA-45,storm,115
0.0,0.0,0.0,117.84583333333333,97.0,0.075,1.0,119,0.0,0,0.0,,,HPA-45,storm,116
0.0,0.0,0.0,110.09027777777777,85.0,0.075,1.0,93,0.0,0,0.0,,,HPA-45,storm,117
0.0,0.0,0.0,120.79027777777777,108.0,0.075,1.0,122,0.0,0,0.0,,,HPA-45,storm,118
0.0,0.0,0.0,122.25972222222222,120.0,0.075,1.0,156,0.0,0,0.0,,,HPA-45,storm,119
15.0,0.08146076317178119,0.0,114.06527777777778,88.0,0.075,0.8338430528859504,106,7.5,0,0.0,,,HPA-45,storm,120
0.0,0.0,0.0,114.26388888888889,83.0,0.075,1.0,99,0.0,0,0.0,,,HPA-45,storm,121
0.0,0.0,0.0,120.86111111111111,110.0,0.075,1.0,140,0.0,0,0.0,,,HPA-45,storm,122
0.0,0.0,0.0,125.13333333333334,100.0,0.075,1.0,122,0.0,0,0.0,,,HPA-45,storm,123
0.0,0.0,0.0,117.72083333333333,113.0,0.075,1.0,120,0.0,0,0.0,,,HPA-45,storm,124
170.0,4.731550654159666,0.0,131.49305555555554,120.0,0.075,0.0,135,56.25,0,0.0,,,HPA-45,storm,125
0.0,0.0,0.0,118.28472222222223,89.0,0.075,1.0,104,0.0,0,0.0,,,HPA-45,storm,126
5.0,0.017008548868535645,0.0,123.30694444444444,102.0,0.075,0.9408779259545584,123,2.5,0,0.0,,,HPA-45,storm,127
0.0,0.0,0.0,120.79722222222222,114.0,0.075,1.0,132,0.0,0,0.0,,,HPA-45,storm,128
15.0,0.1321621936366535,0.0,110.3638888888889,79.0,0.075,0.286664383968512,85,3.75,0,0.0,,,HPA-45,storm,129
15.0,0.1664037373627747,0.0,120.14305555555555,107.0,0.075,0.24362512833165778,121,3.75,0,0.0,,,HPA-45,storm,130
0.0,0.0,0.0,116.2,91.0,0.075,1.0,114,0.0,0,0.0,,,HPA-45,storm,131
0.0,0.0,0.0,119.37083333333334,106.0,0.075,1.0,103,0.0,0,0.0,,,HPA-45,storm,132
0.0,0.0,0.0,114.96805555555555,82.0,0.075,1.0,119,0.0,0,0.0,,,HPA-45,storm,133
0.0,0.0,0.0,116.37638888888888,117.0,0.075,1.0,132,0.0,0,0.0,,,HPA-45,storm,134
0.0,0.0,0.0,120.77916666666667,94.0,0.075,1.0,105,0.0,0,0.0,,,HPA-45,storm,135
20.0,0.3904843346436926,0.0,122.56111111111112,120.0,0.075,0.20996184296344927,121,10.0,0,0.0,,,HPA-45,storm,136
0.0,0.0,0.0,124.56527777777778,120.0,0.075,1.0,139,0.0,0,0.0,,,HPA-45,storm,137
0.0,0.0,0.0,119.225,108.0,0.075,1.0,96,0.0,0,0.0,,,HPA-45,storm,138
5.0,0.033857694149808104,0.0,121.58333333333333,102.0,0.075,0.8995871447322527,129,2.5,0,0.0,,,HPA-45,storm,139
0.0,0.0,0.0,147.40694444444443,120.0,0.075,1.0,142,0.0,0,0.0,,,PredHPA,storm,100
0.0,0.0,0.0,147.89583333333334,120.0,0.075,1.0,172,0.0,0,0.0,,,PredHPA,storm,101
0.0,0.0,0.0,146.68055555555554,120.0,0.075,1.0,132,0.0,0,0.0,,,PredHPA,storm,102
0.0,0.0,0.0,140.03194444444443,102.0,0.075,1.0,120,0.0,0,0.0,,,PredHPA,storm,103
0.0,0.0,0.0,124.82638888888889,120.0,0.075,1.0,146,0.0,0,0.0,,,PredHPA,storm,104
0.0,0.0,0.0,144.57222222222222,116.0,0.075,1.0,99,0.0,0,0.0,,,PredHPA,storm,105
0.0,0.0,0.0,146.84305555555557,120.0,0.075,1.0,147,0.0,0,0.0,,,PredHPA,storm,106
0.0,0.0,0.0,142.71527777777777,120.0,0.075,1.0,150,0.0,0,0.0,,,PredHPA,storm,107
0.0,0.0007695944115204689,0.0,146.18194444444444,120.0,0.075,0.9947098248909115,127,0.0,0,0.0,,,PredHPA,storm,108
0.0,0.0,0.0,140.2375,117.0,0.075,1.0,106,0.0,0,0.0,,,PredHPA,storm,109
0.0,0.0,0.0,126.9888888888889,100.0,0.075,1.0,128,0.0,0,0.0,,,PredHPA,storm,110
0.0,0.0,0.0,139.775,106.0,0.075,1.0,89,0.0,0,0.0,,,PredHPA,storm,111
5.0,0.02351071616124578,0.0,142.26805555555555,120.0,0.075,0.8869364284334069,173,1.25,0,0.0,,,PredHPA,storm,112
30.0,0.3226877252601956,0.0,145.20555555555555,120.0,0.075,0.7619423153958323,164,15.0,0,0.0,,,PredHPA,storm,113
0.0,0.0,0.0,148.1125,120.0,0.075,1.0,125,0.0,0,0.0,,,PredHPA,storm,114
0.0,0.0,0.0,138.29444444444445,115.0,0.075,1.0,132,0.0,0,0.0,,,PredHPA,storm,115
0.0,0.0,0.0,125.85,89.0,0.075,1.0,111,0.0,0,0.0,,,PredHPA,storm,116
0.0,0.0,0.0,143.0611111111111,109.0,0.075,1.0,85,0.0,0,0.0,,,PredHPA,storm,117
5.0,0.009273542915944066,0.0,143.15277777777777,120.0,0.075,0.9420857915990362,139,1.25,0,0.0,,,PredHPA,storm,118
0.0,0.0,0.0,145.46805555555557,120.0,0.075,1.0,178,0.0,0,0.0,,,PredHPA,storm,119
0.0,0.0,0.0,144.23888888888888,120.0,0.075,1.0,120,0.0,0,0.0,,,PredHPA,storm,120
0.0,0.0,0.0,137.925,105.0,0.075,1.0,115,0.0,0,0.0,,,PredHPA,storm,121
0.0,0.0,0.0,127.1125,109.0,0.075,1.0,126,0.0,0,0.0,,,PredHPA,storm,122
0.0,0.0,0.0,142.4125,120.0,0.075,1.0,81,0.0,0,0.0,,,PredHPA,storm,123
0.0,0.0,0.0,154.51666666666668,120.0,0.075,1.0,141,0.0,0,0.0,,,PredHPA,storm,124
15.0,0.14308474497103374,0.0,148.7097222222222,120.0,0.075,0.7986791151315529,173,7.5,0,0.0,,,PredHPA,storm,125
0.0,0.0,0.0,150.8138888888889,120.0,0.075,1.0,155,0.0,0,0.0,,,PredHPA,storm,126
0.0,0.0017395966322664158,0.0,141.71527777777777,114.0,0.075,0.9869511223488298,127,0.0,0,0.0,,,PredHPA,storm,127
0.0,0.0,0.0,127.80277777777778,120.0,0.075,1.0,131,0.0,0,0.0,,,PredHPA,storm,128
0.0,0.0,0.0,147.17638888888888,111.0,0.075,1.0,119,0.0,0,0.0,,,PredHPA,storm,129
0.0,0.007757720120327161,0.0,144.7263888888889,120.0,0.075,0.9510669822722876,153,0.0,0,0.0,,,PredHPA,storm,130
0.0,0.0,0.0,143.4638888888889,120.0,0.075,1.0,143,0.0,0,0.0,,,PredHPA,storm,131
0.0,0.0,0.0,148.55833333333334,120.0,0.075,1.0,128,0.0,0,0.0,,,PredHPA,storm,132
0.0,0.0,0.0,138.13194444444446,103.0,0.075,1.0,114,0.0,0,0.0,,,PredHPA,storm,133
0.0,0.0,0.0,124.65416666666667,120.0,0.075,1.0,141,0.0,0,0.0,,,PredHPA,storm,134
0.0,0.0,0.0,144.49444444444444,113.0,0.075,1.0,90,0.0,0,0.0,,,PredHPA,storm,135
0.0,0.0,0.0,146.4736111111111,120.0,0.075,1.0,158,0.0,0,0.0,,,PredHPA,storm,136
80.0,1.1519293193662294,0.0,147.09722222222223,120.0,0.075,0.0001318610433947426,173,20.0,0,0.0,,,PredHPA,storm,137
0.0,0.0,0.0,149.08194444444445,120.0,0.075,1.0,122,0.0,0,0.0,,,PredHPA,storm,138
0.0,0.0,0.0,141.66666666666666,112.0,0.075,1.0,114,0.0,0,0.0,,,PredHPA,storm,139
205.0,1.87654326716582,1.8523937621627558,84.44027777777778,59.0,0.075,0.5915871267197658,85,10.0,0,0.0,,,HPA+RL,storm,100
220.0,3.5460014930068784,1.5595667049137751,99.36666666666666,93.0,0.075,0.0017314609634878984,133,52.5,0,0.0,,,HPA+RL,storm,101
140.0,1.1030011159951392,0.6233402698413298,92.33333333333333,64.0,0.075,0.014419461777198547,82,18.75,0,0.0,,,HPA+RL,storm,102
195.0,0.8724401135336457,0.738881868783896,90.66944444444445,66.0,0.075,0.33945121221522956,83,31.25,0,0.0,,,HPA+RL,storm,103
355.0,3.357083874116984,3.3555811031205254,85.80833333333334,68.0,0.075,0.5487569645304978,96,91.25,0,0.0,,,HPA+RL,storm,104
250.0,1.8401987699568467,1.0619517231245612,88.04027777777777,63.0,0.075,0.03881674765519467,82,16.25,0,0.0,,,HPA+RL,storm,105
275.0,4.829561335559784,2.333582614619152,100.45972222222223,120.0,0.075,0.0020000301611056643,120,43.75,0,0.0,,,HPA+RL,storm,106
185.0,1.9236082820211386,0.8324904898288987,89.05277777777778,75.0,0.075,0.008639014053441628,113,40.0,0,0.0,,,HPA+RL,storm,107
110.0,0.7573082076579918,0.6189636462517809,84.46666666666667,56.0,0.075,0.4834609510630801,67,15.0,0,0.0,,,HPA+RL,storm,108
225.0,2.770273887153618,0.5452198261295991,107.11111111111111,119.0,0.075,0.0003601955896720146,129,27.5,0,0.0,,,HPA+RL,storm,109
230.0,1.4343435111048186,1.4343435111048088,89.40277777777777,64.0,0.075,0.705864332178584,101,5.0,0,0.0,,,HPA+RL,storm,110
200.0,1.0154623375495775,1.0113412812258327,92.29027777777777,63.0,0.075,0.6784177967092024,101,3.75,0,0.0,,,HPA+RL,storm,111
235.0,2.4222472867750477,1.687044903367838,93.90694444444445,82.0,0.075,0.04050809544263777,109,18.75,0,0.0,,,HPA+RL,storm,112
180.0,4.616707899875195,1.1425014710232901,92.04722222222222,77.0,0.075,0.00013186104339474257,94,53.75,0,0.0,,,HPA+RL,storm,113
185.0,2.323477964638898,1.1572520615868676,92.02083333333333,86.0,0.075,0.09116590038930143,96,47.5,0,0.0,,,HPA+RL,storm,114
200.0,2.555007146547461,0.5415702319197727,100.43611111111112,118.0,0.075,0.00036580887139862445,117,42.5,0,0.0,,,HPA+RL,storm,115
275.0,1.7836868491506452,1.7836868491506463,89.03611111111111,66.0,0.075,0.6963969186958264,97,22.5,0,0.0,,,HPA+RL,storm,116
105.0,0.38336140107059213,0.37428653089927155,83.83888888888889,55.0,0.075,0.7789373889372453,59,7.5,0,0.0,,,HPA+RL,storm,117
250.0,2.432324993144286,1.7424278359802767,93.37361111111112,76.0,0.075,0.04772050579278941,109,16.25,0,0.0,,,HPA+RL,storm,118
135.0,1.640851389526099,1.6325074817370955,86.29027777777777,61.0,0.075,0.4260861731291689,110,22.5,0,0.0,,,HPA+RL,storm,119
125.0,1.7739433786553405,0.8141621692426734,88.22916666666667,68.0,0.075,0.011540135423373702,86,21.25,0,0.0,,,HPA+RL,storm,120
185.0,0.7103707030962414,0.6961508267507828,89.27222222222223,60.0,0.075,0.6778163480133426,89,12.5,0,0.0,,,HPA+RL,storm,121
310.0,2.3211812827490297,2.321181282749028,87.99861111111112,63.0,0.075,0.599643018499583,97,60.0,0,0.0,,,HPA+RL,storm,122
285.0,1.6017241517258252,1.5551091098395426,100.68888888888888,81.0,0.075,0.6268712964675005,109,31.25,0,0.0,,,HPA+RL,storm,123
210.0,1.5887267710516628,1.5505406732562927,85.575,62.0,0.075,0.5736998372711578,80,10.0,0,0.0,,,HPA+RL,storm,124
230.0,5.270206892108886,1.1733499527096076,105.41944444444445,99.0,0.075,0.0,122,66.25,0,0.0,,,HPA+RL,storm,125
135.0,0.9872414565067933,0.9788181208064691,92.57777777777778,68.0,0.075,0.6361834330545237,90,17.5,0,0.0,,,HPA+RL,storm,126
300.0,2.9792215067610206,0.739619808479911,104.24861111111112,86.0,0.075,9.41198344336287e-05,120,51.25,0,0.0,,,HPA+RL,storm,127
400.0,3.6999580331125603,3.6999580331125452,89.27638888888889,68.0,0.075,0.5778990691183262,94,32.5,0,0.0,,,HPA+RL,storm,128
155.0,0.7953999589735861,0.2917156878685104,91.57777777777778,67.0,0.075,0.04830493016068993,90,17.5,0,0.0,,,HPA+RL,storm,129
315.0,3.2089296293531078,1.7433949622948384,94.29722222222222,81.0,0.075,0.040356924070309295,110,32.5,0,0.0,,,HPA+RL,storm,130
165.0,1.1715519785513995,0.8928548957191516,87.75555555555556,64.0,0.075,0.24095320412497528,100,20.0,0,0.0,,,HPA+RL,storm,131
205.0,2.9777914262004046,1.1767396677623747,95.26388888888889,100.0,0.075,0.0021108504269089683,108,31.25,0,0.0,,,HPA+RL,storm,132
230.0,2.4815502038913473,0.5996923133333691,104.60416666666667,118.0,0.075,0.00011812896758361762,122,25.0,0,0.0,,,HPA+RL,storm,133
395.0,3.7099216110740185,3.709921611074006,84.21805555555555,66.0,0.075,0.5617906131510177,93,35.0,0,0.0,,,HPA+RL,storm,134
190.0,0.928641141659825,0.8692064664652233,89.66111111111111,65.0,0.075,0.6870013119427409,72,13.75,0,0.0,,,HPA+RL,storm,135
240.0,4.868162766533457,2.184479366447056,100.40416666666667,120.0,0.075,0.00010220778081473258,129,46.25,0,0.0,,,HPA+RL,storm,136
205.0,3.0377345986256077,1.5064032259864408,93.55833333333334,71.0,0.075,0.0001318610433947426,103,32.5,0,0.0,,,HPA+RL,storm,137
190.0,3.231248650233365,1.1182722847954225,102.975,115.0,0.075,0.0009405083546274988,128,41.25,0,0.0,,,HPA+RL,storm,138
205.0,1.5049174923458697,0.7984947146478817,93.74861111111112,84.0,0.075,0.02721161497971422,99,33.75,0,0.0,,,HPA+RL,storm,139
25.0,0.4313389529174594,0.2036978379675247,116.3236111111111,120.0,0.075,0.0566496306081476,844,5.0,9,0.0,15.0,,ARC,storm,100
0.0,0.25681304466680377,0.2568130446668054,111.88055555555556,120.0,0.075,0.9699999999999999,849,0.0,10,0.0,10.0,,ARC,storm,101
0.0,0.25912017537625953,0.25912017537624393,116.33611111111111,120.0,0.075,0.9699999999999999,911,0.0,10,0.0,10.0,,ARC,storm,102
20.0,0.41470495505256944,0.31318787976703144,110.82638888888889,120.0,0.075,0.4256383528009678,845,10.0,9,20.0,5.0,,ARC,storm,103
0.0,0.12781562455683737,0.12781562455683154,96.67777777777778,120.0,0.075,0.9699999999999999,658,0.0,10,0.0,5.0,,ARC,storm,104
5.0,0.34199515827497695,0.3205006103900771,115.12222222222222,120.0,0.075,0.905487371075965,872,2.5,10,0.0,5.0,,ARC,storm,105
20.0,0.3100776244637671,0.20026143406560123,106.54722222222222,120.0,0.075,0.37071396349113656,853,3.75,10,0.0,5.0,,ARC,storm,106
0.0,0.2506645437209687,0.2506645437209612,116.01805555555555,120.0,0.075,0.9699999999999999,974,0.0,10,0.0,10.0,,ARC,storm,107
0.0,0.2615172142219291,0.26151721422192115,110.45277777777778,120.0,0.075,0.9699999999999999,870,0.0,10,0.0,5.0,,ARC,storm,108
40.0,0.8943765115730029,0.2905172935866651,109.42777777777778,120.0,0.075,0.00013186104339474284,826,17.5,10,0.0,15.0,,ARC,storm,109
25.0,0.29019210523367756,0.19030523537785482,101.56111111111112,112.0,0.075,0.011041855185946579,654,2.5,10,5.0,10.0,,ARC,storm,110
0.0,0.32579185857491977,0.3154627300550078,111.7125,116.0,0.075,0.9658425602194536,795,0.0,10,0.0,10.0,,ARC,storm,111
15.0,0.2685093050562859,0.2295584458673873,104.375,120.0,0.075,0.8684156553246317,793,2.5,10,0.0,5.0,,ARC,storm,112
20.0,0.751147646658179,0.27094240630973826,116.69583333333334,120.0,0.075,0.36931745324408494,858,10.0,10,15.0,15.0,,ARC,storm,113
0.0,0.25844245251328557,0.25487016129157875,120.76666666666667,120.0,0.075,0.9699999999999999,972,0.0,9,0.0,5.0,,ARC,storm,114
0.0,0.29336896998424233,0.2933689699842486,107.15138888888889,117.0,0.075,0.9699999999999999,849,0.0,10,0.0,10.0,,ARC,storm,115
35.0,0.6242668030961629,0.17659156753101107,103.30972222222222,109.0,0.075,0.02175280665655899,636,17.5,10,0.0,5.0,,ARC,storm,116
0.0,0.28503040440645,0.2850304044064582,117.0125,120.0,0.075,0.9699999999999999,820,0.0,10,0.0,15.0,,ARC,storm,117
0.0,0.21946016912814947,0.21946016912816418,116.38055555555556,120.0,0.075,0.9699999999999999,833,0.0,9,0.0,5.0,,ARC,storm,118
0.0,0.2742048616045545,0.2742048616045523,108.45555555555555,120.0,0.075,0.9699999999999999,870,0.0,10,0.0,10.0,,ARC,storm,119
0.0,0.2587904007526953,0.2587904007526927,112.4,120.0,0.075,0.9699999999999999,946,0.0,10,0.0,10.0,,ARC,storm,120
15.0,0.3880506171161757,0.301955957233149,111.27361111111111,120.0,0.075,0.6378542356988792,905,7.5,10,0.0,10.0,,ARC,storm,121
30.0,0.48467304569794756,0.16147213534323435,101.14444444444445,120.0,0.075,0.005780489087299941,666,15.0,9,0.0,5.0,,ARC,storm,122
5.0,0.3546586016778819,0.30527399869990907,110.57777777777778,120.0,0.075,0.7753733796544495,802,1.25,10,0.0,15.0,,ARC,storm,123
35.0,0.6897760746104376,0.28073490949304425,119.09444444444445,120.0,0.075,0.2706519952039989,906,12.5,10,0.0,5.0,,ARC,storm,124
25.0,0.6576827457326018,0.2768992865109483,115.28333333333333,120.0,0.075,0.021773042451714297,914,7.5,10,5.0,10.0,,ARC,storm,125
0.0,0.2883292782807967,0.2883292782807873,112.53611111111111,120.0,0.075,0.9699999999999999,918,0.0,10,0.0,5.0,,ARC,storm,126
25.0,0.6428798444861217,0.3081356474028557,123.075,120.0,0.075,0.03340300383544656,879,15.0,10,0.0,10.0,,ARC,storm,127
15.0,0.1847807087373754,0.11169496149814227,103.10694444444445,120.0,0.075,0.2524220224358898,621,7.5,10,0.0,5.0,,ARC,storm,128
20.0,0.5058810778035494,0.2900589617959754,123.05555555555556,120.0,0.075,0.13779472445855517,825,5.0,11,20.0,5.0,,ARC,storm,129
5.0,0.2288606096293555,0.22056063298874326,114.175,120.0,0.075,0.9011447820470089,823,1.25,9,0.0,5.0,,ARC,storm,130
0.0,0.25450081886193576,0.25450081886193354,115.50416666666666,120.0,0.075,0.9699999999999999,882,0.0,10,0.0,10.0,,ARC,storm,131
5.0,0.2862187599710797,0.25573222063117895,111.12777777777778,120.0,0.075,0.858824225398814,958,2.5,10,0.0,5.0,,ARC,storm,132
0.0,0.28593089496963264,0.2859308949696199,108.99305555555556,119.0,0.075,0.9699999999999999,920,0.0,10,0.0,10.0,,ARC,storm,133
0.0,0.11150705331746114,0.11150705331745098,97.19305555555556,120.0,0.075,0.9699999999999999,628,0.0,10,0.0,5.0,,ARC,storm,134
5.0,0.3370692871200842,0.3126206176965366,113.14305555555555,117.0,0.075,0.9037435134337805,869,1.25,10,0.0,5.0,,ARC,storm,135
25.0,0.42245000790464005,0.20360406702452294,116.63333333333334,120.0,0.075,0.05923716282353767,876,6.25,9,0.0,10.0,,ARC,storm,136
0.0,0.27023746046794805,0.2702374604679489,110.51527777777778,120.0,0.075,0.9699999999999999,922,0.0,9,0.0,10.0,,ARC,storm,137
0.0,0.2526284587483163,0.25262845874832635,113.58055555555555,120.0,0.075,0.9699999999999999,946,0.0,11,0.0,5.0,,ARC,storm,138
0.0,0.3109723195832692,0.31097231958326926,110.75,120.0,0.075,0.9699999999999999,882,0.0,10,0.0,10.0,,ARC,storm,139
25.0,0.4332178551672339,0.20671199468384482,117.25138888888888,120.0,0.075,0.0566496306081476,852,6.25,9,0.0,10.0,,ARC-noGraph,storm,100
0.0,0.26042750445515184,0.2604275044551589,111.79444444444445,120.0,0.075,0.9699999999999999,859,0.0,10,0.0,5.0,,ARC-noGraph,storm,101
0.0,0.25912017537625953,0.25912017537624393,116.50972222222222,120.0,0.075,0.9699999999999999,910,0.0,10,0.0,10.0,,ARC-noGraph,storm,102
15.0,0.4111402305134848,0.31318787976703144,111.10416666666667,120.0,0.075,0.4256383528009678,824,7.5,10,15.0,5.0,,ARC-noGraph,storm,103
0.0,0.12781562455683737,0.12781562455683154,96.96944444444445,120.0,0.075,0.9699999999999999,649,0.0,10,0.0,5.0,,ARC-noGraph,storm,104
5.0,0.34199515827497695,0.3205006103900771,114.97777777777777,120.0,0.075,0.905487371075965,863,2.5,10,0.0,5.0,,ARC-noGraph,storm,105
25.0,0.39532041284711106,0.20026143406560123,106.13194444444444,120.0,0.075,0.2044506731361243,859,5.0,10,0.0,5.0,,ARC-noGraph,storm,106
0.0,0.2536722213908327,0.25367222139082884,115.24027777777778,120.0,0.075,0.9699999999999999,968,0.0,10,0.0,10.0,,ARC-noGraph,storm,107
0.0,0.2579871737444006,0.2579871737444034,110.55972222222222,120.0,0.075,0.9699999999999999,884,0.0,11,0.0,10.0,,ARC-noGraph,storm,108
35.0,0.8947104703210806,0.29660839901512764,110.07777777777778,120.0,0.075,0.00013186104339474284,844,16.25,10,0.0,10.0,,ARC-noGraph,storm,109
5.0,0.20607062728940084,0.19030523537785482,100.67083333333333,110.0,0.075,0.8414988668124445,639,2.5,10,5.0,10.0,,ARC-noGraph,storm,110
20.0,0.7058107014644932,0.31629245929335637,113.07916666666667,116.0,0.075,0.0644703981813214,801,10.0,10,0.0,5.0,,ARC-noGraph,storm,111
15.0,0.27187851575796174,0.2295584458673873,104.88055555555556,120.0,0.075,0.8684156553246317,800,2.5,10,0.0,5.0,,ARC-noGraph,storm,112
20.0,0.9166070765415535,0.27469562875149706,116.96805555555555,120.0,0.075,0.19354355247714783,890,10.0,10,20.0,10.0,,ARC-noGraph,storm,113
40.0,0.9076954953938676,0.25305885983837006,120.59305555555555,120.0,0.075,0.0004299725936152365,947,16.25,9,40.0,10.0,,ARC-noGraph,storm,114
0.0,0.2918918282196037,0.2918918282196129,107.49722222222222,119.0,0.075,0.9699999999999999,847,0.0,10,0.0,10.0,,ARC-noGraph,storm,115
35.0,0.6203452105303042,0.1726699749651559,103.94027777777778,109.0,0.075,0.02175280665655899,664,17.5,10,0.0,10.0,,ARC-noGraph,storm,116
0.0,0.2873528107129264,0.2873528107129295,117.18194444444444,120.0,0.075,0.9699999999999999,835,0.0,11,0.0,10.0,,ARC-noGraph,storm,117
5.0,0.22074359957724443,0.21496399217486464,116.79861111111111,120.0,0.075,0.9209755281251586,825,1.25,9,0.0,10.0,,ARC-noGraph,storm,118
0.0,0.27604966167907863,0.2760496616790775,108.48472222222222,120.0,0.075,0.9699999999999999,878,0.0,9,0.0,5.0,,ARC-noGraph,storm,119
0.0,0.2587904007526953,0.2587904007526927,112.08611111111111,120.0,0.075,0.9699999999999999,939,0.0,10,0.0,10.0,,ARC-noGraph,storm,120
15.0,0.39028007851062974,0.3041854186276,111.43055555555556,120.0,0.075,0.6378542356988792,872,7.5,10,0.0,10.0,,ARC-noGraph,storm,121
0.0,0.16147213534322136,0.16147213534323435,100.73055555555555,120.0,0.075,0.9699999999999999,644,0.0,9,0.0,5.0,,ARC-noGraph,storm,122
5.0,0.35716232353302235,0.308999574540927,111.27361111111111,120.0,0.075,0.7824933523816983,819,1.25,10,0.0,10.0,,ARC-noGraph,storm,123
30.0,0.77282853932642,0.28073490949304425,120.20555555555555,120.0,0.075,0.05722047399333131,939,7.5,10,0.0,5.0,,ARC-noGraph,storm,124
55.0,2.5251040295392713,0.2768992865109483,114.72777777777777,120.0,0.075,0.005662098739604279,882,22.5,10,35.0,10.0,,ARC-noGraph,storm,125
0.0,0.2854053871853779,0.2854053871853641,111.91805555555555,120.0,0.075,0.9699999999999999,894,0.0,10,0.0,10.0,,ARC-noGraph,storm,126
30.0,0.7579971831616072,0.3093272569416946,123.34583333333333,120.0,0.075,0.03340300383544656,887,16.25,10,0.0,10.0,,ARC-noGraph,storm,127
20.0,0.22658550172233172,0.11169496149814227,103.38055555555556,120.0,0.075,0.2524220224358898,647,12.5,10,0.0,5.0,,ARC-noGraph,storm,128
20.0,0.5058810778035494,0.2900589617959754,123.91666666666667,120.0,0.075,0.13779472445855517,834,5.0,11,20.0,5.0,,ARC-noGraph,storm,129
5.0,0.231789685363748,0.21873739058448566,114.4888888888889,120.0,0.075,0.8617203456433358,821,1.25,9,0.0,10.0,,ARC-noGraph,storm,130
0.0,0.25450081886193576,0.25450081886193354,115.46944444444445,120.0,0.075,0.9699999999999999,900,0.0,10,0.0,10.0,,ARC-noGraph,storm,131
5.0,0.28501573099650734,0.25573222063117895,111.64722222222223,120.0,0.075,0.8643951609996013,949,2.5,9,0.0,5.0,,ARC-noGraph,storm,132
0.0,0.2855174424039153,0.283365322379149,109.55416666666666,120.0,0.075,0.9699999999999999,910,0.0,10,0.0,10.0,,ARC-noGraph,storm,133
0.0,0.11150705331746114,0.11150705331745098,96.95416666666667,120.0,0.075,0.9699999999999999,611,0.0,10,0.0,5.0,,ARC-noGraph,storm,134
5.0,0.3354808498551076,0.3110321804315696,113.96666666666667,118.0,0.075,0.9037435134337805,864,1.25,10,0.0,10.0,,ARC-noGraph,storm,135
20.0,0.4108072241670091,0.20360406702452294,118.40277777777777,120.0,0.075,0.059366024759260894,899,5.0,9,0.0,10.0,,ARC-noGraph,storm,136
0.0,0.27342143723135814,0.2722680319677823,108.39166666666667,120.0,0.075,0.9699999999999999,943,0.0,9,0.0,10.0,,ARC-noGraph,storm,137
0.0,0.2526284587483163,0.25262845874832635,114.17083333333333,120.0,0.075,0.9699999999999999,939,0.0,10,0.0,5.0,,ARC-noGraph,storm,138
0.0,0.3109723195832692,0.31097231958326926,109.75277777777778,120.0,0.075,0.9699999999999999,870,0.0,10,0.0,10.0,,ARC-noGraph,storm,139
20.0,0.3861907223534744,0.20935311785903704,116.21388888888889,120.0,0.075,0.23619629467340517,841,5.0,0,0.0,10.0,,ARC-noChaos,storm,100
0.0,0.25681304466680377,0.2568130446668054,110.15416666666667,120.0,0.075,0.9699999999999999,846,0.0,0,0.0,10.0,,ARC-noChaos,storm,101
0.0,0.25912017537625953,0.25912017537624393,115.98194444444445,120.0,0.075,0.9699999999999999,893,0.0,0,0.0,10.0,,ARC-noChaos,storm,102
20.0,0.41712952960881733,0.31318787976703144,111.58333333333333,120.0,0.075,0.4256383528009678,804,10.0,0,0.0,5.0,,ARC-noChaos,storm,103
0.0,0.12781562455683737,0.12781562455683154,97.94166666666666,120.0,0.075,0.9699999999999999,655,0.0,0,0.0,5.0,,ARC-noChaos,storm,104
20.0,0.4872057311569922,0.31718637068524175,112.45138888888889,114.0,0.075,0.6039951127512697,852,12.5,0,0.0,5.0,,ARC-noChaos,storm,105
20.0,0.24387457385270928,0.19613792494915028,105.33055555555555,120.0,0.075,0.8489348190874424,836,3.75,0,0.0,5.0,,ARC-noChaos,storm,106
0.0,0.2536722213908327,0.25367222139082884,113.375,120.0,0.075,0.9699999999999999,957,0.0,0,0.0,10.0,,ARC-noChaos,storm,107
0.0,0.2579871737444006,0.2579871737444034,109.6763888888889,120.0,0.075,0.9699999999999999,873,0.0,0,0.0,10.0,,ARC-noChaos,storm,108
35.0,0.8575569338345246,0.29286745998758074,110.32222222222222,120.0,0.075,0.00013186104339474284,854,16.25,0,0.0,15.0,,ARC-noChaos,storm,109
25.0,0.29110278601294226,0.1912159161571196,102.24027777777778,113.0,0.075,0.011041855185946579,658,2.5,0,0.0,5.0,,ARC-noChaos,storm,110
25.0,0.6891387847293817,0.31629245929335637,108.58055555555555,112.0,0.075,0.05936227958175033,772,12.5,0,0.0,5.0,,ARC-noChaos,storm,111
10.0,0.24711158358623475,0.2295584458673873,106.25416666666666,120.0,0.075,0.8684156553246317,820,2.5,0,0.0,5.0,,ARC-noChaos,storm,112
50.0,2.0607358587360625,0.2782226253801511,114.68611111111112,120.0,0.075,0.0073427945033285175,871,18.75,0,0.0,5.0,,ARC-noChaos,storm,113
0.0,0.2548701612915871,0.25487016129157875,121.95833333333333,120.0,0.075,0.9699999999999999,965,0.0,0,0.0,5.0,,ARC-noChaos,storm,114
0.0,0.2918918282196037,0.2918918282196129,108.74722222222222,120.0,0.075,0.9699999999999999,858,0.0,0,0.0,10.0,,ARC-noChaos,storm,115
35.0,0.6225321197061984,0.17485688414105835,103.95833333333333,120.0,0.075,0.02175280665655899,644,17.5,0,0.0,5.0,,ARC-noChaos,storm,116
0.0,0.29016753314153876,0.290167533141535,113.85694444444445,120.0,0.075,0.9699999999999999,802,0.0,0,0.0,10.0,,ARC-noChaos,storm,117
0.0,0.21946016912814947,0.21946016912816418,117.65138888888889,120.0,0.075,0.9699999999999999,850,0.0,0,0.0,5.0,,ARC-noChaos,storm,118
0.0,0.27604966167907863,0.2760496616790775,108.52777777777777,120.0,0.075,0.9699999999999999,875,0.0,0,0.0,5.0,,ARC-noChaos,storm,119
0.0,0.2587904007526953,0.2587904007526927,111.21666666666667,120.0,0.075,0.9699999999999999,919,0.0,0,0.0,10.0,,ARC-noChaos,storm,120
15.0,0.3880506171161757,0.301955957233149,110.74027777777778,120.0,0.075,0.6378542356988792,863,7.5,0,0.0,10.0,,ARC-noChaos,storm,121
40.0,0.5376804491406095,0.16147213534323435,101.72361111111111,120.0,0.075,0.005780489087299941,639,22.5,0,0.0,5.0,,ARC-noChaos,storm,122
5.0,0.35838417751890006,0.308999574540927,108.45833333333333,120.0,0.075,0.7753733796544495,807,1.25,0,0.0,10.0,,ARC-noChaos,storm,123
40.0,0.8076234072895816,0.28073490949304425,119.31527777777778,120.0,0.075,0.05722047399333131,897,13.75,0,0.0,5.0,,ARC-noChaos,storm,124
35.0,0.7158637224002229,0.2768992865109483,111.825,120.0,0.075,0.021773042451714297,899,11.25,0,0.0,10.0,,ARC-noChaos,storm,125
20.0,0.3739618611495854,0.2854053871853641,111.87083333333334,120.0,0.075,0.397802565666456,927,11.25,0,0.0,10.0,,ARC-noChaos,storm,126
25.0,0.6428159864531158,0.3081356474028557,123.5875,120.0,0.075,0.03340300383544656,880,15.0,0,0.0,10.0,,ARC-noChaos,storm,127
20.0,0.22658550172233172,0.11169496149814227,103.15694444444445,120.0,0.075,0.2524220224358898,610,12.5,0,0.0,5.0,,ARC-noChaos,storm,128
10.0,0.4053149372021947,0.2877739183102686,120.31388888888888,120.0,0.075,0.38878859004307637,817,2.5,0,0.0,15.0,,ARC-noChaos,storm,129
5.0,0.231789685363748,0.21873739058448566,115.4888888888889,120.0,0.075,0.8617203456433358,836,1.25,0,0.0,10.0,,ARC-noChaos,storm,130
0.0,0.2556005870710254,0.2556005870710252,115.36944444444444,120.0,0.075,0.9699999999999999,865,0.0,0,0.0,5.0,,ARC-noChaos,storm,131
0.0,0.2589739570380223,0.25341706297210725,110.65138888888889,120.0,0.075,0.9699999999999999,948,0.0,0,0.0,10.0,,ARC-noChaos,storm,132
0.0,0.2855174424039153,0.283365322379149,109.79722222222222,115.0,0.075,0.9699999999999999,897,0.0,0,0.0,10.0,,ARC-noChaos,storm,133
0.0,0.11150705331746114,0.11150705331745098,98.225,120.0,0.075,0.9699999999999999,651,0.0,0,0.0,5.0,,ARC-noChaos,storm,134
10.0,0.3941524741709168,0.30986482084043543,110.53333333333333,118.0,0.075,0.6580672665862659,850,2.5,0,0.0,10.0,,ARC-noChaos,storm,135
30.0,0.4000729681380988,0.20360406702452294,116.60277777777777,120.0,0.075,0.3455640622494002,872,7.5,0,0.0,10.0,,ARC-noChaos,storm,136
5.0,0.29887736858346114,0.2702374604679489,107.87222222222222,120.0,0.075,0.8627587821103835,928,2.5,0,0.0,10.0,,ARC-noChaos,storm,137
0.0,0.2526284587483163,0.25262845874832635,112.90555555555555,120.0,0.075,0.9699999999999999,910,0.0,0,0.0,5.0,,ARC-noChaos,storm,138
0.0,0.3109723195832692,0.31097231958326926,110.60555555555555,120.0,0.075,0.9699999999999999,864,0.0,0,0.0,10.0,,ARC-noChaos,storm,139
20.0,0.21069375843471017,0.0,120.79305555555555,120.0,0.075,0.0566496306081476,890,3.75,10,0.0,,,ARC-noSec,storm,100
0.0,0.0,0.0,115.20138888888889,120.0,0.075,1.0,899,0.0,10,0.0,,,ARC-noSec,storm,101
0.0,0.0,0.0,120.14722222222223,120.0,0.075,1.0,960,0.0,10,0.0,,,ARC-noSec,storm,102
20.0,0.10151707528552878,0.0,114.85972222222222,120.0,0.075,0.4256383528009678,852,10.0,10,20.0,,,ARC-noSec,storm,103
0.0,0.0,0.0,100.7,120.0,0.075,1.0,692,0.0,11,0.0,,,ARC-noSec,storm,104
5.0,0.021494547884903792,0.0,119.32777777777778,120.0,0.075,0.905487371075965,922,2.5,11,0.0,,,ARC-noSec,storm,105
15.0,0.09372774937854711,0.0,109.48472222222222,120.0,0.075,0.37071396349113656,886,2.5,11,0.0,,,ARC-noSec,storm,106
0.0,0.0,0.0,118.37222222222222,120.0,0.075,1.0,962,0.0,10,0.0,,,ARC-noSec,storm,107
0.0,0.0,0.0,114.07916666666667,120.0,0.075,1.0,906,0.0,10,0.0,,,ARC-noSec,storm,108
40.0,0.6038592179863356,0.0,113.0,120.0,0.075,0.00013186104339474284,847,17.5,10,0.0,,,ARC-noSec,storm,109
25.0,0.09988686985581419,0.0,105.40416666666667,112.0,0.075,0.011041855185946579,682,2.5,11,5.0,,,ARC-noSec,storm,110
0.0,0.010329128519903641,0.0,115.15138888888889,116.0,0.075,0.9658425602194536,812,0.0,11,0.0,,,ARC-noSec,storm,111
5.0,0.021397721470062248,0.0,107.84861111111111,120.0,0.075,0.8691311396471622,821,0.0,11,0.0,,,ARC-noSec,storm,112
40.0,0.8335100318115352,0.0,120.68888888888888,120.0,0.075,0.07031864878092392,873,13.75,10,15.0,,,ARC-noSec,storm,113
0.0,0.003572291221720647,0.0,124.29305555555555,120.0,0.075,0.9881699796937304,981,0.0,10,0.0,,,ARC-noSec,storm,114
0.0,0.0,0.0,110.675,117.0,0.075,1.0,875,0.0,10,0.0,,,ARC-noSec,storm,115
35.0,0.4476752355651592,0.0,107.51666666666667,109.0,0.075,0.02175280665655899,674,17.5,11,0.0,,,ARC-noSec,storm,116
0.0,0.0,0.0,119.95416666666667,120.0,0.075,1.0,815,0.0,10,0.0,,,ARC-noSec,storm,117
0.0,0.0,0.0,120.53194444444445,120.0,0.075,1.0,852,0.0,10,0.0,,,ARC-noSec,storm,118
0.0,0.0,0.0,112.40416666666667,120.0,0.075,1.0,946,0.0,10,0.0,,,ARC-noSec,storm,119
0.0,0.0,0.0,116.02083333333333,120.0,0.075,1.0,982,0.0,10,0.0,,,ARC-noSec,storm,120
15.0,0.08609465988300702,0.0,114.92083333333333,120.0,0.075,0.6378542356988792,936,7.5,10,0.0,,,ARC-noSec,storm,121
30.0,0.3232009103547151,0.0,105.39861111111111,120.0,0.075,0.005780489087299941,717,15.0,10,0.0,,,ARC-noSec,storm,122
5.0,0.04938460297795322,0.0,114.2125,120.0,0.075,0.7753733796544495,822,1.25,11,0.0,,,ARC-noSec,storm,123
55.0,0.9450665617289689,0.0,123.00416666666666,120.0,0.075,0.002154108036102633,952,18.75,10,0.0,,,ARC-noSec,storm,124
40.0,0.4184818309208693,0.0,119.95833333333333,120.0,0.075,0.021773042451714297,936,11.25,10,5.0,,,ARC-noSec,storm,125
0.0,0.0,0.0,116.53055555555555,120.0,0.075,1.0,967,0.0,11,0.0,,,ARC-noSec,storm,126
25.0,0.33474419708325875,0.0,127.64027777777778,120.0,0.075,0.03340300383544656,899,15.0,10,0.0,,,ARC-noSec,storm,127
15.0,0.07308574723923211,0.0,106.34305555555555,120.0,0.075,0.2524220224358898,654,7.5,10,0.0,,,ARC-noSec,storm,128
20.0,0.21582211600756906,0.0,127.43055555555556,120.0,0.075,0.13779472445855517,874,5.0,11,20.0,,,ARC-noSec,storm,129
0.0,0.0,0.0,117.80694444444444,120.0,0.075,1.0,813,0.0,10,0.0,,,ARC-noSec,storm,130
0.0,0.0,0.0,117.81111111111112,120.0,0.075,1.0,870,0.0,10,0.0,,,ARC-noSec,storm,131
5.0,0.03048653933991341,0.0,114.87361111111112,120.0,0.075,0.858824225398814,990,2.5,11,0.0,,,ARC-noSec,storm,132
0.0,0.0,0.0,113.0513888888889,119.0,0.075,1.0,943,0.0,11,0.0,,,ARC-noSec,storm,133
0.0,0.0,0.0,99.95694444444445,120.0,0.075,1.0,648,0.0,11,0.0,,,ARC-noSec,storm,134
5.0,0.02444866942353796,0.0,116.4486111111111,117.0,0.075,0.9037435134337805,882,1.25,11,0.0,,,ARC-noSec,storm,135
15.0,0.18960261056474303,0.0,121.67777777777778,120.0,0.075,0.05923716282353767,944,3.75,9,0.0,,,ARC-noSec,storm,136
0.0,0.0,0.0,113.77361111111111,120.0,0.075,1.0,945,0.0,10,0.0,,,ARC-noSec,storm,137
0.0,0.0,0.0,117.12638888888888,120.0,0.075,1.0,973,0.0,11,0.0,,,ARC-noSec,storm,138
0.0,0.0,0.0,114.56805555555556,120.0,0.075,1.0,915,0.0,10,0.0,,,ARC-noSec,storm,139
395.0,5.1396112231436035,0.20671199468384482,84.47361111111111,120.0,0.6463976965109854,0.008671625588920508,4495,11.25,9,65.0,10.0,,ARC-noGuard,storm,100
1095.0,17.032071236274003,0.2568130446668054,75.70138888888889,120.0,4.416992053190063,0.0,4414,48.75,9,100.0,10.0,,ARC-noGuard,storm,101
945.0,14.507743770004044,0.25912017537624393,82.03055555555555,120.0,3.922255532398875,2.2963656790353224e-06,4431,55.0,8,0.0,10.0,,ARC-noGuard,storm,102
970.0,11.923327885831746,0.31318787976703144,80.41527777777777,120.0,4.652837905615506,1.3819843584188005e-06,4652,61.25,10,75.0,5.0,,ARC-noGuard,storm,103
360.0,4.4482658415134875,0.12781562455683154,76.55277777777778,120.0,0.4620333027221042,0.019561230147427174,3424,20.0,10,0.0,5.0,,ARC-noGuard,storm,104
380.0,5.4598559735766,0.3205006103900771,81.29583333333333,120.0,0.8180471469905485,0.001517576146640785,4670,11.25,9,50.0,5.0,,ARC-noGuard,storm,105
515.0,7.357485472954195,0.19613792494915028,77.48472222222222,120.0,1.718311838475317,0.0006953902600029233,4432,20.0,10,50.0,5.0,,ARC-noGuard,storm,106
520.0,6.710202244153162,0.2523539477342512,77.825,120.0,1.3285875488639036,0.0004633197052495343,4664,17.5,10,45.0,10.0,,ARC-noGuard,storm,107
400.0,6.014071126235998,0.2579871737444034,77.52222222222223,120.0,0.5555068292637028,0.00823786446531821,4433,20.0,9,90.0,10.0,,ARC-noGuard,storm,108
880.0,10.969667902592228,0.29660839901512764,80.98611111111111,120.0,4.7038912982639065,1.1998621983912716e-05,4701,33.75,9,0.0,10.0,,ARC-noGuard,storm,109
575.0,7.0160892359980025,0.1912159161571196,78.86805555555556,120.0,2.3372528616139974,0.0,3456,28.75,10,55.0,5.0,,ARC-noGuard,storm,110
300.0,4.413502797618385,0.31382124262657324,81.85277777777777,120.0,0.2367747936558143,0.0007853577276582215,4525,22.5,10,50.0,10.0,,ARC-noGuard,storm,111
1145.0,15.798777746472048,0.2295584458673873,75.96388888888889,120.0,3.859012545649454,0.0,4238,65.0,9,75.0,5.0,,ARC-noGuard,storm,112
885.0,14.215647955696964,0.27469562875149706,79.2611111111111,120.0,5.555150232883735,3.4342337307231284e-06,4518,47.5,9,70.0,10.0,,ARC-noGuard,storm,113
315.0,4.882169698788308,0.25305885983837006,86.70138888888889,120.0,0.42272127680606536,0.011646951578072605,4728,31.25,10,35.0,10.0,,ARC-noGuard,storm,114
425.0,4.822601780721403,0.2918918282196129,79.71111111111111,120.0,0.8547378085122348,0.02022401057713265,4636,13.75,9,40.0,10.0,,ARC-noGuard,storm,115
545.0,6.294616476662607,0.17485688414105835,81.84305555555555,120.0,1.8117810066346904,0.0,3690,37.5,9,25.0,5.0,,ARC-noGuard,storm,116
260.0,4.2573214957357,0.2873528107129295,82.65694444444445,120.0,0.075,0.0004153925408854671,4604,18.75,10,30.0,10.0,,ARC-noGuard,storm,117
860.0,11.419993953745555,0.21496399217486464,84.25138888888888,120.0,3.075,0.0,4608,22.5,9,35.0,10.0,,ARC-noGuard,storm,118
415.0,7.252764361542541,0.2760496616790775,76.49722222222222,120.0,0.9573320906604081,0.0002701239149004161,4337,17.5,9,90.0,5.0,,ARC-noGuard,storm,119
345.0,5.7401414146097895,0.2604680057065108,79.58055555555555,120.0,0.35900229011556917,0.0004102219222019546,4390,21.25,9,35.0,5.0,,ARC-noGuard,storm,120
395.0,4.571804761543719,0.3041854186276,80.97638888888889,120.0,0.7303711742967577,0.0007756383398164369,4770,26.25,10,35.0,10.0,,ARC-noGuard,storm,121
540.0,6.783840170848931,0.16147213534323435,82.54027777777777,120.0,2.2807542805889383,0.00039629589425523585,3661,43.75,9,15.0,5.0,,ARC-noGuard,storm,122
1150.0,13.622459233787598,0.308999574540927,77.82638888888889,120.0,5.219862106262659,4.156337345460513e-06,4522,15.0,9,115.0,10.0,,ARC-noGuard,storm,123
410.0,6.45919774325987,0.2839773189839885,84.19305555555556,120.0,0.7375796652978751,0.0032577147119028623,4599,20.0,9,25.0,5.0,,ARC-noGuard,storm,124
1135.0,16.9467815724774,0.2768992865109483,75.93194444444444,120.0,5.360258952877126,0.0,4571,38.75,8,65.0,10.0,,ARC-noGuard,storm,125
1145.0,15.78938196598565,0.2903235158823359,78.29722222222222,120.0,5.071915132772524,1.950687679142848e-06,4283,48.75,9,30.0,5.0,,ARC-noGuard,storm,126
665.0,8.116839403608356,0.3093272569416946,88.82916666666667,120.0,3.054099999999999,4.781630970219477e-05,5057,18.75,10,110.0,10.0,,ARC-noGuard,storm,127
650.0,8.140333208309535,0.11169496149814227,82.38472222222222,120.0,2.592047037174756,0.0,3615,32.5,9,20.0,5.0,,ARC-noGuard,storm,128
250.0,3.667882942841616,0.2900589617959754,88.42777777777778,120.0,0.0750000000000001,0.0004995960922128172,4734,15.0,11,55.0,5.0,,ARC-noGuard,storm,129
845.0,11.645205737756548,0.22056063298874326,82.3625,120.0,3.075,0.0,4527,26.25,9,75.0,5.0,,ARC-noGuard,storm,130
1015.0,16.21499621482403,0.25450081886193354,79.68472222222222,120.0,5.383808923999545,0.00010930732195450849,4518,15.0,9,100.0,10.0,,ARC-noGuard,storm,131
500.0,6.577000588378013,0.25341706297210725,79.17916666666666,120.0,1.0055668800500939,0.0012926511035711036,4515,17.5,9,85.0,10.0,,ARC-noGuard,storm,132
280.0,2.7192987713795413,0.283365322379149,81.65138888888889,120.0,0.08960464154327799,0.014325624232427708,4879,16.25,10,30.0,10.0,,ARC-noGuard,storm,133
365.0,5.226949841620543,0.11150705331745098,79.81944444444444,120.0,0.752609676275956,0.0012240369799334956,3464,30.0,10,25.0,5.0,,ARC-noGuard,storm,134
1050.0,13.151896835359079,0.30770946379043146,78.25416666666666,120.0,3.8288651625085985,0.0,4598,35.0,8,5.0,10.0,,ARC-noGuard,storm,135
435.0,6.961690560252299,0.20360406702452294,83.48194444444445,120.0,0.9533517266346698,0.00047494590475584484,4604,27.5,9,80.0,10.0,,ARC-noGuard,storm,136
1045.0,16.63088863946276,0.2722680319677823,75.00138888888888,120.0,5.05678779718854,1.4895315498893938e-05,4517,30.0,9,45.0,10.0,,ARC-noGuard,storm,137
320.0,4.617604345027393,0.25262845874832635,80.11527777777778,120.0,0.2483307731552874,0.003337626470641085,4442,16.25,9,30.0,5.0,,ARC-noGuard,storm,138
310.0,3.900555978103293,0.3097944027349505,83.29305555555555,120.0,0.16748646001711398,0.017383267626900283,4847,33.75,9,5.0,10.0,,ARC-noGuard,storm,139
65.0,1.031690798695295,0.20671199468384482,119.00277777777778,120.0,0.075,0.015344043112094027,871,15.0,9,0.0,10.0,,ARC-noRemed,storm,100
0.0,0.25869229664591264,0.25869229664591536,112.39861111111111,120.0,0.075,0.9699999999999999,884,0.0,10,0.0,10.0,,ARC-noRemed,storm,101
0.0,0.25912017537625953,0.25912017537624393,116.55694444444444,120.0,0.075,0.9699999999999999,895,0.0,10,0.0,10.0,,ARC-noRemed,storm,102
25.0,0.444811378063803,0.31318787976703144,110.90138888888889,120.0,0.075,0.33945121221522956,847,15.0,9,20.0,5.0,,ARC-noRemed,storm,103
0.0,0.12781562455683737,0.12781562455683154,96.55694444444444,120.0,0.075,0.9699999999999999,664,0.0,10,0.0,5.0,,ARC-noRemed,storm,104
5.0,0.34199515827497695,0.3205006103900771,115.12222222222222,120.0,0.075,0.905487371075965,874,2.5,10,0.0,5.0,,ARC-noRemed,storm,105
60.0,0.9028292464618448,0.20026143406560123,107.78055555555555,120.0,0.075,0.01668871311358203,873,13.75,10,0.0,5.0,,ARC-noRemed,storm,106
0.0,0.2536722213908327,0.25367222139082884,115.71388888888889,120.0,0.075,0.9699999999999999,969,0.0,10,0.0,10.0,,ARC-noRemed,storm,107
0.0,0.2579871737444006,0.2579871737444034,111.52777777777777,120.0,0.075,0.9699999999999999,894,0.0,10,0.0,10.0,,ARC-noRemed,storm,108
80.0,1.5310641063881913,0.29660839901512764,110.75833333333334,120.0,0.075,0.00013186104339474257,855,27.5,10,0.0,10.0,,ARC-noRemed,storm,109
735.0,10.145113939008542,0.19311854480902857,108.13472222222222,112.0,8.626428571428571,0.0,634,192.5,10,25.0,5.0,,ARC-noRemed,storm,110
0.0,0.32579185857491977,0.3154627300550078,111.7611111111111,115.0,0.075,0.9658425602194536,775,0.0,10,0.0,10.0,,ARC-noRemed,storm,111
15.0,0.2685093050562859,0.2295584458673873,105.175,120.0,0.075,0.8684156553246317,803,2.5,10,0.0,5.0,,ARC-noRemed,storm,112
30.0,1.4461074082869896,0.27469562875149706,116.09305555555555,120.0,0.075,0.08893945938554561,905,15.0,10,0.0,10.0,,ARC-noRemed,storm,113
0.0,0.2530588598383732,0.25305885983837006,124.32638888888889,120.0,0.075,0.9699999999999999,986,0.0,9,0.0,10.0,,ARC-noRemed,storm,114
0.0,0.29336896998424233,0.2933689699842486,107.15138888888889,117.0,0.075,0.9699999999999999,849,0.0,10,0.0,10.0,,ARC-noRemed,storm,115
845.0,11.807896400600516,0.17659156753101107,110.58333333333333,109.0,8.626428571428571,0.0,623,223.75,9,0.0,5.0,,ARC-noRemed,storm,116
0.0,0.29016753314153876,0.290167533141535,116.00416666666666,120.0,0.075,0.9699999999999999,815,0.0,11,0.0,10.0,,ARC-noRemed,storm,117
10.0,0.23048073121351154,0.21946016912816418,116.65555555555555,120.0,0.075,0.9209755281251586,829,2.5,9,0.0,5.0,,ARC-noRemed,storm,118
0.0,0.2742048616045545,0.2742048616045523,108.38888888888889,120.0,0.075,0.9699999999999999,874,0.0,10,0.0,10.0,,ARC-noRemed,storm,119
0.0,0.2587904007526953,0.2587904007526927,113.31805555555556,120.0,0.075,0.9699999999999999,959,0.0,10,0.0,10.0,,ARC-noRemed,storm,120
15.0,0.39028007851062974,0.3041854186276,111.88055555555556,120.0,0.075,0.6378542356988792,925,7.5,10,0.0,10.0,,ARC-noRemed,storm,121
90.0,1.27648272830726,0.16147213534323435,102.05833333333334,120.0,0.075,0.00013186104339474257,661,35.0,10,0.0,5.0,,ARC-noRemed,storm,122
5.0,0.3546586016778819,0.30527399869990907,110.56527777777778,120.0,0.075,0.7753733796544495,793,1.25,10,0.0,15.0,,ARC-noRemed,storm,123
65.0,1.3285952224895703,0.28073490949304425,120.90277777777777,120.0,0.075,0.0073705712339397125,911,20.0,10,0.0,5.0,,ARC-noRemed,storm,124
65.0,2.5889834390633415,0.2768992865109483,116.69166666666666,120.0,0.075,0.0010116455615739105,899,28.75,10,0.0,10.0,,ARC-noRemed,storm,125
0.0,0.2854053871853779,0.2854053871853641,111.52777777777777,120.0,0.075,0.9699999999999999,884,0.0,10,0.0,10.0,,ARC-noRemed,storm,126
60.0,1.1591076982531479,0.3093272569416946,123.14861111111111,120.0,0.075,0.00013186104339474257,875,23.75,10,0.0,10.0,,ARC-noRemed,storm,127
880.0,12.665900116557903,0.11169496149814227,110.34861111111111,120.0,8.626428571428571,0.0,606,227.5,9,0.0,5.0,,ARC-noRemed,storm,128
15.0,0.4208077348182848,0.28864554118162294,123.83194444444445,120.0,0.075,0.286664383968512,834,3.75,11,15.0,10.0,,ARC-noRemed,storm,129
15.0,0.2375836302410339,0.2191389129176925,114.37638888888888,120.0,0.075,0.9011447820470089,828,3.75,9,0.0,5.0,,ARC-noRemed,storm,130
0.0,0.25450081886193576,0.25450081886193354,116.65833333333333,120.0,0.075,0.9699999999999999,898,0.0,10,0.0,10.0,,ARC-noRemed,storm,131
10.0,0.2938594966010233,0.25341706297210725,111.18055555555556,120.0,0.075,0.8643951609996013,940,2.5,10,0.0,10.0,,ARC-noRemed,storm,132
0.0,0.28593089496963264,0.2859308949696199,108.99305555555556,119.0,0.075,0.9699999999999999,920,0.0,10,0.0,10.0,,ARC-noRemed,storm,133
0.0,0.11150705331746114,0.11150705331745098,96.82222222222222,120.0,0.075,0.9699999999999999,628,0.0,10,0.0,5.0,,ARC-noRemed,storm,134
5.0,0.3370692871200842,0.3126206176965366,113.14305555555555,117.0,0.075,0.9037435134337805,870,1.25,10,0.0,5.0,,ARC-noRemed,storm,135
70.0,1.227180424554608,0.20360406702452294,118.64444444444445,120.0,0.075,0.016667876616591554,905,17.5,9,0.0,10.0,,ARC-noRemed,storm,136
0.0,0.2722680319677928,0.2722680319677823,109.87638888888888,120.0,0.075,0.9699999999999999,930,0.0,9,0.0,10.0,,ARC-noRemed,storm,137
0.0,0.2526284587483163,0.25262845874832635,114.27083333333333,120.0,0.075,0.9699999999999999,948,0.0,11,0.0,5.0,,ARC-noRemed,storm,138
0.0,0.3109723195832692,0.31097231958326926,110.75,120.0,0.075,0.9699999999999999,882,0.0,10,0.0,10.0,,ARC-noRemed,storm,139
