slo_viol_s,loss_pct,shed_pct,replica_hours,peak_pods,p95_lat_s,min_avail,scale_actions,mttr_s,n_chaos,chaos_harm_s,attack_det_delay_s,poison_f1,controller,scenario,seed
10.0,0.12154034708494743,0.0,237.28194444444443,156.0,0.12997186475150113,0.41647107654802773,167,0.0,0,0.0,,,HPA-r0,baseline,400
15.0,0.13180141961534053,0.0,259.6763888888889,187.0,0.12997186475150113,0.589346469499238,284,0.0,0,0.0,,,HPA-r0,baseline,401
0.0,0.0,0.0,252.88472222222222,171.0,0.12997186475150113,1.0,207,0.0,0,0.0,,,HPA-r0,baseline,402
0.0,0.0,0.0,242.63611111111112,142.0,0.12997186475150113,1.0,145,0.0,0,0.0,,,HPA-r0,baseline,403
0.0,0.0,0.0,245.5888888888889,164.0,0.12997186475150113,1.0,194,0.0,0,0.0,,,HPA-r0,baseline,404
0.0,0.0,0.0,242.74027777777778,135.0,0.12997186475150113,1.0,96,0.0,0,0.0,,,HPA-r0,baseline,405
5.0,0.13876870760294313,0.0,234.98611111111111,162.0,0.12997186475150113,0.2189690504188365,173,0.0,0,0.0,,,HPA-r0,baseline,406
20.0,0.2164945149745079,0.0,262.43055555555554,189.0,0.12997186475150113,0.48484625395797104,281,0.0,0,0.0,,,HPA-r0,baseline,407
0.0,0.0,0.0,254.81527777777777,171.0,0.12997186475150113,1.0,194,0.0,0,0.0,,,HPA-r0,baseline,408
0.0,0.0,0.0,238.36805555555554,139.0,0.12997186475150113,1.0,126,0.0,0,0.0,,,HPA-r0,baseline,409
0.0,0.0,0.0,243.18194444444444,169.0,0.12997186475150113,1.0,182,0.0,0,0.0,,,HPA-r0,baseline,410
0.0,0.0,0.0,240.85833333333332,141.0,0.12997186475150113,1.0,119,0.0,0,0.0,,,HPA-r0,baseline,411
10.0,0.19079292380056456,0.0,236.32083333333333,157.0,0.12997186475150113,0.2735903650314241,173,0.0,0,0.0,,,HPA-r0,baseline,412
25.0,0.3724117561302309,0.0,261.25138888888887,195.0,0.12997186475150113,0.21943066982298687,288,0.0,0,0.0,,,HPA-r0,baseline,413
0.0,0.0,0.0,254.1611111111111,167.0,0.12997186475150113,1.0,207,0.0,0,0.0,,,HPA-r0,baseline,414
0.0,0.0,0.0,239.4986111111111,140.0,0.12997186475150113,1.0,128,0.0,0,0.0,,,HPA-r0,baseline,415
0.0,0.0,0.0,245.01805555555555,171.0,0.12997186475150113,1.0,195,0.0,0,0.0,,,HPA-r0,baseline,416
0.0,0.0,0.0,242.7888888888889,140.0,0.12997186475150113,1.0,107,0.0,0,0.0,,,HPA-r0,baseline,417
10.0,0.1437089337310793,0.0,238.94305555555556,158.0,0.12997186475150113,0.2451385915695359,184,0.0,0,0.0,,,HPA-r0,baseline,418
20.0,0.4126655824221337,0.0,263.53055555555557,198.0,0.12997186475150113,0.3142678308240046,296,0.0,0,0.0,,,HPA-r0,baseline,419
0.0,0.007100432004469859,0.0,256.3125,169.0,0.12997186475150113,0.9589229335579045,207,0.0,0,0.0,,,HPA-r0,baseline,420
0.0,0.0,0.0,244.04722222222222,151.0,0.12997186475150113,1.0,148,0.0,0,0.0,,,HPA-r0,baseline,421
0.0,0.0,0.0,244.5263888888889,178.0,0.12997186475150113,1.0,198,0.0,0,0.0,,,HPA-r0,baseline,422
0.0,0.0,0.0,243.64166666666668,144.0,0.12997186475150113,1.0,132,0.0,0,0.0,,,HPA-r0,baseline,423
10.0,0.229800648487688,0.0,239.92916666666667,166.0,0.12997186475150113,0.19019819802798857,189,0.0,0,0.0,,,HPA-r0,baseline,424
20.0,0.3679992426947831,0.0,259.9625,189.0,0.12997186475150113,0.11831639387237718,279,0.0,0,0.0,,,HPA-r0,baseline,425
0.0,0.0,0.0,252.34583333333333,168.0,0.12997186475150113,1.0,181,0.0,0,0.0,,,HPA-r0,baseline,426
0.0,0.0,0.0,246.4361111111111,153.0,0.12997186475150113,1.0,148,0.0,0,0.0,,,HPA-r0,baseline,427
0.0,0.0,0.0,245.5875,166.0,0.12997186475150113,1.0,173,0.0,0,0.0,,,HPA-r0,baseline,428
0.0,0.0,0.0,243.0013888888889,140.0,0.12997186475150113,1.0,125,0.0,0,0.0,,,HPA-r0,baseline,429
0.0,0.0,0.0,270.5125,182.0,0.12997186475150113,1.0,600,0.0,0,0.0,,,HPA-fast-r0,baseline,400
0.0,0.0,0.0,266.5263888888889,203.0,0.12997186475150113,1.0,685,0.0,0,0.0,,,HPA-fast-r0,baseline,401
0.0,0.0,0.0,282.1388888888889,215.0,0.12997186475150113,1.0,732,0.0,0,0.0,,,HPA-fast-r0,baseline,402
0.0,0.0,0.0,267.4375,183.0,0.12997186475150113,1.0,447,0.0,0,0.0,,,HPA-fast-r0,baseline,403
10.0,0.05677402545885002,0.0,240.56805555555556,190.0,0.12997186475150113,0.6182750129613107,417,0.0,0,0.0,,,HPA-fast-r0,baseline,404
0.0,0.0,0.0,276.625,223.0,0.12997186475150113,1.0,535,0.0,0,0.0,,,HPA-fast-r0,baseline,405
0.0,0.003473982027890621,0.0,270.6222222222222,177.0,0.12997186475150113,0.9800508566745993,582,0.0,0,0.0,,,HPA-fast-r0,baseline,406
0.0,0.0,0.0,266.01944444444445,208.0,0.12997186475150113,1.0,657,0.0,0,0.0,,,HPA-fast-r0,baseline,407
0.0,0.0,0.0,283.66805555555555,216.0,0.12997186475150113,1.0,730,0.0,0,0.0,,,HPA-fast-r0,baseline,408
0.0,0.0,0.0,268.8861111111111,182.0,0.12997186475150113,1.0,466,0.0,0,0.0,,,HPA-fast-r0,baseline,409
0.0,0.004062201925125741,0.0,239.2763888888889,176.0,0.12997186475150113,0.9651485550996142,409,0.0,0,0.0,,,HPA-fast-r0,baseline,410
0.0,0.0,0.0,276.9125,223.0,0.12997186475150113,1.0,540,0.0,0,0.0,,,HPA-fast-r0,baseline,411
5.0,0.04542226146819761,0.0,270.02222222222224,180.0,0.12997186475150113,0.7586740873499245,562,0.0,0,0.0,,,HPA-fast-r0,baseline,412
5.0,0.01424062574441054,0.0,264.9888888888889,221.0,0.12997186475150113,0.9412707600842759,681,0.0,0,0.0,,,HPA-fast-r0,baseline,413
0.0,0.0,0.0,278.64722222222224,212.0,0.12997186475150113,1.0,691,0.0,0,0.0,,,HPA-fast-r0,baseline,414
0.0,0.0,0.0,266.2388888888889,182.0,0.12997186475150113,1.0,427,0.0,0,0.0,,,HPA-fast-r0,baseline,415
10.0,0.009208494500823061,0.0,239.20694444444445,184.0,0.12997186475150113,0.9422053167401153,430,0.0,0,0.0,,,HPA-fast-r0,baseline,416
0.0,0.0,0.0,276.23333333333335,205.0,0.12997186475150113,1.0,582,0.0,0,0.0,,,HPA-fast-r0,baseline,417
0.0,0.0004805964187060141,0.0,273.2402777777778,181.0,0.12997186475150113,0.9972154489122291,624,0.0,0,0.0,,,HPA-fast-r0,baseline,418
5.0,0.05657387844357764,0.0,267.2763888888889,216.0,0.12997186475150113,0.7694419298313233,686,0.0,0,0.0,,,HPA-fast-r0,baseline,419
0.0,0.0,0.0,282.16527777777776,216.0,0.12997186475150113,1.0,732,0.0,0,0.0,,,HPA-fast-r0,baseline,420
0.0,0.0,0.0,265.9472222222222,179.0,0.12997186475150113,1.0,429,0.0,0,0.0,,,HPA-fast-r0,baseline,421
5.0,0.009738127088276816,0.0,239.4625,191.0,0.12997186475150113,0.9016118357748555,383,0.0,0,0.0,,,HPA-fast-r0,baseline,422
0.0,0.0,0.0,276.8986111111111,219.0,0.12997186475150113,1.0,571,0.0,0,0.0,,,HPA-fast-r0,baseline,423
5.0,0.06729567699530481,0.0,273.45,187.0,0.12997186475150113,0.6466818025124937,598,0.0,0,0.0,,,HPA-fast-r0,baseline,424
0.0,0.01135838793235866,0.0,263.28333333333336,209.0,0.12997186475150113,0.9511055707012696,653,0.0,0,0.0,,,HPA-fast-r0,baseline,425
0.0,0.0,0.0,278.8652777777778,207.0,0.12997186475150113,1.0,701,0.0,0,0.0,,,HPA-fast-r0,baseline,426
0.0,0.0,0.0,269.44444444444446,179.0,0.12997186475150113,1.0,454,0.0,0,0.0,,,HPA-fast-r0,baseline,427
10.0,0.02711574448265308,0.0,239.98055555555555,182.0,0.12997186475150113,0.788616764666771,402,0.0,0,0.0,,,HPA-fast-r0,baseline,428
0.0,0.0,0.0,274.3861111111111,206.0,0.12997186475150113,1.0,532,0.0,0,0.0,,,HPA-fast-r0,baseline,429
0.0,0.0,0.0,311.7708333333333,213.0,0.12997186475150113,1.0,223,0.0,0,0.0,,,HPA-45-r0,baseline,400
0.0,0.0,0.0,343.4194444444444,246.0,0.12997186475150113,1.0,297,0.0,0,0.0,,,HPA-45-r0,baseline,401
0.0,0.0,0.0,334.3722222222222,222.0,0.12997186475150113,1.0,226,0.0,0,0.0,,,HPA-45-r0,baseline,402
0.0,0.0,0.0,319.8986111111111,196.0,0.12997186475150113,1.0,173,0.0,0,0.0,,,HPA-45-r0,baseline,403
0.0,0.0,0.0,317.97083333333336,211.0,0.12997186475150113,1.0,213,0.0,0,0.0,,,HPA-45-r0,baseline,404
0.0,0.0,0.0,320.4472222222222,188.0,0.12997186475150113,1.0,134,0.0,0,0.0,,,HPA-45-r0,baseline,405
0.0,0.0,0.0,310.0541666666667,207.0,0.12997186475150113,1.0,216,0.0,0,0.0,,,HPA-45-r0,baseline,406
0.0,0.0,0.0,344.25555555555553,248.0,0.12997186475150113,1.0,318,0.0,0,0.0,,,HPA-45-r0,baseline,407
0.0,0.0,0.0,337.43888888888887,223.0,0.12997186475150113,1.0,237,0.0,0,0.0,,,HPA-45-r0,baseline,408
0.0,0.0,0.0,319.5208333333333,194.0,0.12997186475150113,1.0,183,0.0,0,0.0,,,HPA-45-r0,baseline,409
0.0,0.0,0.0,317.6513888888889,216.0,0.12997186475150113,1.0,196,0.0,0,0.0,,,HPA-45-r0,baseline,410
0.0,0.0,0.0,322.18611111111113,196.0,0.12997186475150113,1.0,170,0.0,0,0.0,,,HPA-45-r0,baseline,411
0.0,0.0,0.0,305.48055555555555,205.0,0.12997186475150113,1.0,201,0.0,0,0.0,,,HPA-45-r0,baseline,412
0.0,0.0,0.0,344.8,258.0,0.12997186475150113,1.0,306,0.0,0,0.0,,,HPA-45-r0,baseline,413
0.0,0.0,0.0,331.8277777777778,219.0,0.12997186475150113,1.0,233,0.0,0,0.0,,,HPA-45-r0,baseline,414
0.0,0.0,0.0,315.64722222222224,195.0,0.12997186475150113,1.0,163,0.0,0,0.0,,,HPA-45-r0,baseline,415
0.0,0.0,0.0,319.79305555555555,228.0,0.12997186475150113,1.0,217,0.0,0,0.0,,,HPA-45-r0,baseline,416
0.0,0.0,0.0,323.15972222222223,197.0,0.12997186475150113,1.0,153,0.0,0,0.0,,,HPA-45-r0,baseline,417
0.0,0.0,0.0,310.9472222222222,205.0,0.12997186475150113,1.0,212,0.0,0,0.0,,,HPA-45-r0,baseline,418
0.0,0.0,0.0,347.41527777777776,257.0,0.12997186475150113,1.0,313,0.0,0,0.0,,,HPA-45-r0,baseline,419
0.0,0.0,0.0,333.31111111111113,220.0,0.12997186475150113,1.0,239,0.0,0,0.0,,,HPA-45-r0,baseline,420
0.0,0.0,0.0,322.60555555555555,206.0,0.12997186475150113,1.0,187,0.0,0,0.0,,,HPA-45-r0,baseline,421
0.0,0.0,0.0,321.0527777777778,233.0,0.12997186475150113,1.0,224,0.0,0,0.0,,,HPA-45-r0,baseline,422
0.0,0.0,0.0,324.55694444444447,196.0,0.12997186475150113,1.0,168,0.0,0,0.0,,,HPA-45-r0,baseline,423
0.0,0.0,0.0,316.0027777777778,214.0,0.12997186475150113,1.0,232,0.0,0,0.0,,,HPA-45-r0,baseline,424
0.0,0.0,0.0,342.27777777777777,245.0,0.12997186475150113,1.0,307,0.0,0,0.0,,,HPA-45-r0,baseline,425
0.0,0.0,0.0,333.09444444444443,216.0,0.12997186475150113,1.0,195,0.0,0,0.0,,,HPA-45-r0,baseline,426
0.0,0.0,0.0,320.3625,200.0,0.12997186475150113,1.0,181,0.0,0,0.0,,,HPA-45-r0,baseline,427
0.0,0.0,0.0,322.74444444444447,222.0,0.12997186475150113,1.0,207,0.0,0,0.0,,,HPA-45-r0,baseline,428
0.0,0.0,0.0,320.41805555555555,192.0,0.12997186475150113,1.0,155,0.0,0,0.0,,,HPA-45-r0,baseline,429
0.0,0.0,0.0,447.125,301.0,0.12997186475150113,1.0,412,0.0,0,0.0,,,PredHPA-r0,baseline,400
0.0,0.0,0.0,446.94444444444446,301.0,0.12997186475150113,1.0,452,0.0,0,0.0,,,PredHPA-r0,baseline,401
0.0,0.0,0.0,473.76666666666665,301.0,0.12997186475150113,1.0,368,0.0,0,0.0,,,PredHPA-r0,baseline,402
0.0,0.0,0.0,412.02222222222224,254.0,0.12997186475150113,1.0,269,0.0,0,0.0,,,PredHPA-r0,baseline,403
0.0,0.0,0.0,379.3777777777778,301.0,0.12997186475150113,1.0,318,0.0,0,0.0,,,PredHPA-r0,baseline,404
0.0,0.0,0.0,433.8222222222222,301.0,0.12997186475150113,1.0,247,0.0,0,0.0,,,PredHPA-r0,baseline,405
0.0,0.0,0.0,443.3305555555556,300.0,0.12997186475150113,1.0,383,0.0,0,0.0,,,PredHPA-r0,baseline,406
0.0,0.0,0.0,448.2125,301.0,0.12997186475150113,1.0,467,0.0,0,0.0,,,PredHPA-r0,baseline,407
0.0,0.0,0.0,474.5027777777778,301.0,0.12997186475150113,1.0,369,0.0,0,0.0,,,PredHPA-r0,baseline,408
0.0,0.0,0.0,416.0541666666667,250.0,0.12997186475150113,1.0,275,0.0,0,0.0,,,PredHPA-r0,baseline,409
0.0,0.0,0.0,375.68333333333334,301.0,0.12997186475150113,1.0,311,0.0,0,0.0,,,PredHPA-r0,baseline,410
0.0,0.0,0.0,434.3277777777778,301.0,0.12997186475150113,1.0,237,0.0,0,0.0,,,PredHPA-r0,baseline,411
0.0,0.0,0.0,449.65833333333336,301.0,0.12997186475150113,1.0,380,0.0,0,0.0,,,PredHPA-r0,baseline,412
0.0,0.0,0.0,442.90833333333336,301.0,0.12997186475150113,1.0,447,0.0,0,0.0,,,PredHPA-r0,baseline,413
0.0,0.0,0.0,471.88194444444446,301.0,0.12997186475150113,1.0,369,0.0,0,0.0,,,PredHPA-r0,baseline,414
0.0,0.0,0.0,409.5444444444444,255.0,0.12997186475150113,1.0,307,0.0,0,0.0,,,PredHPA-r0,baseline,415
0.0,0.0,0.0,378.22083333333336,301.0,0.12997186475150113,1.0,334,0.0,0,0.0,,,PredHPA-r0,baseline,416
0.0,0.0,0.0,430.69444444444446,301.0,0.12997186475150113,1.0,223,0.0,0,0.0,,,PredHPA-r0,baseline,417
0.0,0.0,0.0,445.6736111111111,301.0,0.12997186475150113,1.0,427,0.0,0,0.0,,,PredHPA-r0,baseline,418
0.0,0.0,0.0,446.4888888888889,301.0,0.12997186475150113,1.0,460,0.0,0,0.0,,,PredHPA-r0,baseline,419
0.0,0.0,0.0,473.65416666666664,301.0,0.12997186475150113,1.0,388,0.0,0,0.0,,,PredHPA-r0,baseline,420
0.0,0.0,0.0,409.5375,254.0,0.12997186475150113,1.0,324,0.0,0,0.0,,,PredHPA-r0,baseline,421
0.0,0.0,0.0,376.0416666666667,301.0,0.12997186475150113,1.0,314,0.0,0,0.0,,,PredHPA-r0,baseline,422
0.0,0.0,0.0,432.47777777777776,301.0,0.12997186475150113,1.0,248,0.0,0,0.0,,,PredHPA-r0,baseline,423
0.0,0.0,0.0,447.9,301.0,0.12997186475150113,1.0,424,0.0,0,0.0,,,PredHPA-r0,baseline,424
0.0,0.0,0.0,449.62361111111113,301.0,0.12997186475150113,1.0,473,0.0,0,0.0,,,PredHPA-r0,baseline,425
0.0,0.0,0.0,470.5861111111111,301.0,0.12997186475150113,1.0,339,0.0,0,0.0,,,PredHPA-r0,baseline,426
0.0,0.0,0.0,417.25416666666666,255.0,0.12997186475150113,1.0,327,0.0,0,0.0,,,PredHPA-r0,baseline,427
0.0,0.0,0.0,375.2361111111111,301.0,0.12997186475150113,1.0,334,0.0,0,0.0,,,PredHPA-r0,baseline,428
0.0,0.0,0.0,433.90833333333336,301.0,0.12997186475150113,1.0,257,0.0,0,0.0,,,PredHPA-r0,baseline,429
0.0,0.0,0.0,447.125,301.0,0.12997186475150113,1.0,412,0.0,0,0.0,,,PredHPA-r1,baseline,400
0.0,0.0,0.0,446.94444444444446,301.0,0.12997186475150113,1.0,452,0.0,0,0.0,,,PredHPA-r1,baseline,401
0.0,0.0,0.0,496.7388888888889,301.0,0.12997186475150113,1.0,459,0.0,0,0.0,,,PredHPA-r1,baseline,402
1040.0,15.054772675978578,0.0,451.89166666666665,301.0,9.119330886181194,3.445244086768358e-08,350,0.0,0,0.0,,,PredHPA-r1,baseline,403
0.0,0.0,0.0,379.3777777777778,301.0,0.12997186475150113,1.0,318,0.0,0,0.0,,,PredHPA-r1,baseline,404
0.0,0.0,0.0,433.8222222222222,301.0,0.12997186475150113,1.0,253,0.0,0,0.0,,,PredHPA-r1,baseline,405
5.0,0.012326882842328413,0.0,448.8597222222222,301.0,0.12997186475150113,0.9292135795165974,457,0.0,0,0.0,,,PredHPA-r1,baseline,406
0.0,0.0,0.0,448.2125,301.0,0.12997186475150113,1.0,467,0.0,0,0.0,,,PredHPA-r1,baseline,407
2290.0,30.82208284369151,0.0,527.2583333333333,301.0,9.123151669107154,1.3324121845238982e-08,398,0.0,0,0.0,,,PredHPA-r1,baseline,408
1135.0,16.147588482622478,0.0,453.88194444444446,301.0,9.119330886181194,6.591249055604951e-08,352,0.0,0,0.0,,,PredHPA-r1,baseline,409
0.0,0.0,0.0,375.68333333333334,301.0,0.12997186475150113,1.0,311,0.0,0,0.0,,,PredHPA-r1,baseline,410
0.0,0.0,0.0,434.3277777777778,301.0,0.12997186475150113,1.0,245,0.0,0,0.0,,,PredHPA-r1,baseline,411
0.0,0.0,0.0,449.65833333333336,301.0,0.12997186475150113,1.0,380,0.0,0,0.0,,,PredHPA-r1,baseline,412
0.0,0.0,0.0,442.90833333333336,301.0,0.12997186475150113,1.0,447,0.0,0,0.0,,,PredHPA-r1,baseline,413
0.0,0.0,0.0,493.9166666666667,301.0,0.12997186475150113,1.0,467,0.0,0,0.0,,,PredHPA-r1,baseline,414
6160.0,93.65833034008928,0.0,551.8333333333334,301.0,9.129971864751502,3.625517885877141e-08,238,0.0,0,0.0,,,PredHPA-r1,baseline,415
0.0,0.0,0.0,378.22083333333336,301.0,0.12997186475150113,1.0,334,0.0,0,0.0,,,PredHPA-r1,baseline,416
0.0,0.0,0.0,431.0125,301.0,0.12997186475150113,1.0,232,0.0,0,0.0,,,PredHPA-r1,baseline,417
5.0,0.011068899691679679,0.0,448.09027777777777,301.0,0.12997186475150113,0.9358673608928275,483,0.0,0,0.0,,,PredHPA-r1,baseline,418
0.0,0.0,0.0,446.4888888888889,301.0,0.12997186475150113,1.0,460,0.0,0,0.0,,,PredHPA-r1,baseline,419
0.0,0.0,0.0,496.28194444444443,301.0,0.12997186475150113,1.0,481,0.0,0,0.0,,,PredHPA-r1,baseline,420
6160.0,93.61907358440659,0.0,551.8333333333334,301.0,9.129971864751502,3.091019246255132e-08,254,0.0,0,0.0,,,PredHPA-r1,baseline,421
0.0,0.0,0.0,376.0416666666667,301.0,0.12997186475150113,1.0,314,0.0,0,0.0,,,PredHPA-r1,baseline,422
0.0,0.0,0.0,432.47777777777776,301.0,0.12997186475150113,1.0,255,0.0,0,0.0,,,PredHPA-r1,baseline,423
0.0,0.0,0.0,447.9,301.0,0.12997186475150113,1.0,424,0.0,0,0.0,,,PredHPA-r1,baseline,424
0.0,0.0,0.0,449.62361111111113,301.0,0.12997186475150113,1.0,473,0.0,0,0.0,,,PredHPA-r1,baseline,425
1165.0,14.071468564542789,0.0,519.4611111111111,301.0,9.129971864751502,7.432875241326627e-08,424,0.0,0,0.0,,,PredHPA-r1,baseline,426
1035.0,15.02490598260886,0.0,452.0486111111111,301.0,9.119330886181194,4.505608568340711e-08,383,0.0,0,0.0,,,PredHPA-r1,baseline,427
0.0,0.0,0.0,375.2361111111111,301.0,0.12997186475150113,1.0,334,0.0,0,0.0,,,PredHPA-r1,baseline,428
0.0,0.0,0.0,433.31388888888887,301.0,0.12997186475150113,1.0,258,0.0,0,0.0,,,PredHPA-r1,baseline,429
175.0,3.062189463656384,0.0,379.4916666666667,301.0,0.12997186475150113,1.82980569811058e-08,3298,0.0,10,15.0,,,ARC,baseline,400
0.0,0.0071526075835492975,0.0,372.8625,301.0,0.12997186475150113,0.9631468147663761,3390,0.0,10,0.0,,,ARC,baseline,401
0.0,0.0,0.0,381.05694444444447,301.0,0.12997186475150113,1.0,3410,0.0,9,0.0,,,ARC,baseline,402
0.0,0.0,0.0,365.7361111111111,271.0,0.12997186475150113,1.0,3230,0.0,10,0.0,,,ARC,baseline,403
0.0,0.0,0.0,320.33194444444445,301.0,0.12997186475150113,1.0,2332,0.0,10,0.0,,,ARC,baseline,404
30.0,0.38878332420059225,0.0,390.6097222222222,301.0,0.12997186475150113,0.00889350054778509,3166,0.0,10,0.0,,,ARC,baseline,405
50.0,0.6909695605756827,0.0,370.4847222222222,301.0,0.12997186475150113,0.09534562776584823,3030,0.0,9,0.0,,,ARC,baseline,406
0.0,0.0,0.0,362.375,301.0,0.12997186475150113,1.0,3454,0.0,10,0.0,,,ARC,baseline,407
0.0,0.0,0.0,388.9611111111111,301.0,0.12997186475150113,1.0,3513,0.0,9,0.0,,,ARC,baseline,408
0.0,0.0,0.0,388.1347222222222,284.0,0.12997186475150113,1.0,3209,0.0,9,0.0,,,ARC,baseline,409
0.0,0.0,0.0,329.9861111111111,301.0,0.12997186475150113,1.0,2407,0.0,10,0.0,,,ARC,baseline,410
25.0,0.3809465208028717,0.0,374.9138888888889,301.0,0.12997186475150113,0.01594260847796988,3042,0.0,9,0.0,,,ARC,baseline,411
140.0,2.2966069926091626,0.0,379.0208333333333,301.0,0.12997186475150113,6.1880386961974065e-09,3175,0.0,10,5.0,,,ARC,baseline,412
0.0,0.0,0.0,371.6458333333333,301.0,0.12997186475150113,1.0,3260,0.0,10,0.0,,,ARC,baseline,413
0.0,0.0,0.0,382.1986111111111,301.0,0.12997186475150113,1.0,3429,0.0,9,0.0,,,ARC,baseline,414
0.0,0.0,0.0,371.99444444444447,278.0,0.12997186475150113,1.0,3243,0.0,10,0.0,,,ARC,baseline,415
0.0,0.0,0.0,306.3125,301.0,0.12997186475150113,1.0,2272,0.0,10,0.0,,,ARC,baseline,416
15.0,0.2628893035836022,0.0,369.01666666666665,301.0,0.12997186475150113,0.13189287702822955,3127,0.0,10,0.0,,,ARC,baseline,417
95.0,1.508566348142193,0.0,364.3388888888889,301.0,0.12997186475150113,4.933497465856977e-06,3053,0.0,10,5.0,,,ARC,baseline,418
10.0,0.029595902008827668,0.0,360.40972222222223,301.0,0.12997186475150113,0.800102648975382,3298,0.0,10,0.0,,,ARC,baseline,419
0.0,0.0,0.0,382.6388888888889,301.0,0.12997186475150113,1.0,3421,0.0,9,0.0,,,ARC,baseline,420
0.0,0.0,0.0,383.56666666666666,290.0,0.12997186475150113,1.0,3223,0.0,10,0.0,,,ARC,baseline,421
0.0,0.0,0.0,315.4555555555556,301.0,0.12997186475150113,1.0,2424,0.0,10,0.0,,,ARC,baseline,422
5.0,0.0678293027744803,0.0,389.025,301.0,0.12997186475150113,0.6826398594448195,3177,0.0,10,0.0,,,ARC,baseline,423
290.0,4.120599719182616,0.0,383.24444444444447,301.0,0.12997186475150113,2.138583441041823e-09,3235,0.0,10,15.0,,,ARC,baseline,424
0.0,0.0,0.0,361.7291666666667,301.0,0.12997186475150113,1.0,3365,0.0,10,0.0,,,ARC,baseline,425
0.0,0.0,0.0,398.5,301.0,0.12997186475150113,1.0,3601,0.0,9,0.0,,,ARC,baseline,426
0.0,0.0,0.0,375.3305555555556,269.0,0.12997186475150113,1.0,3081,0.0,9,0.0,,,ARC,baseline,427
0.0,0.0,0.0,312.9013888888889,301.0,0.12997186475150113,1.0,2353,0.0,10,0.0,,,ARC,baseline,428
0.0,0.0,0.0,391.84305555555557,301.0,0.12997186475150113,1.0,3167,0.0,10,0.0,,,ARC,baseline,429
75.0,1.0935799653335465,0.0,371.23055555555555,301.0,0.12997186475150113,0.007347820309559627,3139,0.0,10,15.0,,,ARC-r0,baseline,400
0.0,0.0030734084635386516,0.0,372.8625,301.0,0.12997186475150113,0.9735001516058732,3390,0.0,10,0.0,,,ARC-r0,baseline,401
0.0,0.0,0.0,381.05694444444447,301.0,0.12997186475150113,1.0,3410,0.0,9,0.0,,,ARC-r0,baseline,402
0.0,0.0,0.0,363.1361111111111,267.0,0.12997186475150113,1.0,3126,0.0,10,0.0,,,ARC-r0,baseline,403
0.0,0.0,0.0,320.33194444444445,301.0,0.12997186475150113,1.0,2332,0.0,10,0.0,,,ARC-r0,baseline,404
10.0,0.10539191499032707,0.0,390.12361111111113,301.0,0.12997186475150113,0.5813622053298616,3196,0.0,10,0.0,,,ARC-r0,baseline,405
50.0,0.6909695605756827,0.0,370.4847222222222,301.0,0.12997186475150113,0.09534562776584823,3030,0.0,9,0.0,,,ARC-r0,baseline,406
0.0,0.0,0.0,361.92083333333335,301.0,0.12997186475150113,1.0,3394,0.0,10,0.0,,,ARC-r0,baseline,407
0.0,0.0,0.0,388.9611111111111,301.0,0.12997186475150113,1.0,3513,0.0,9,0.0,,,ARC-r0,baseline,408
0.0,0.0,0.0,386.5652777777778,280.0,0.12997186475150113,1.0,3221,0.0,10,0.0,,,ARC-r0,baseline,409
0.0,0.0,0.0,329.9861111111111,301.0,0.12997186475150113,1.0,2407,0.0,10,0.0,,,ARC-r0,baseline,410
15.0,0.15980753666359204,0.0,374.6361111111111,301.0,0.12997186475150113,0.6173008513784632,3044,0.0,9,0.0,,,ARC-r0,baseline,411
60.0,0.9121183340131345,0.0,371.44166666666666,301.0,0.12997186475150113,0.0246823039857153,3091,0.0,10,0.0,,,ARC-r0,baseline,412
0.0,0.0,0.0,371.6458333333333,301.0,0.12997186475150113,1.0,3260,0.0,10,0.0,,,ARC-r0,baseline,413
0.0,0.0,0.0,382.1986111111111,301.0,0.12997186475150113,1.0,3429,0.0,9,0.0,,,ARC-r0,baseline,414
0.0,0.0,0.0,371.99444444444447,278.0,0.12997186475150113,1.0,3243,0.0,10,0.0,,,ARC-r0,baseline,415
0.0,0.0,0.0,306.3125,301.0,0.12997186475150113,1.0,2272,0.0,10,0.0,,,ARC-r0,baseline,416
10.0,0.09741333632352633,0.0,368.1333333333333,301.0,0.12997186475150113,0.6748583211770259,3110,0.0,10,0.0,,,ARC-r0,baseline,417
60.0,0.8201320617583718,0.0,360.2680555555556,301.0,0.12997186475150113,0.056920487324952,3017,0.0,10,0.0,,,ARC-r0,baseline,418
5.0,0.010450309794263202,0.0,360.40833333333336,301.0,0.12997186475150113,0.9404013616859652,3246,0.0,10,0.0,,,ARC-r0,baseline,419
0.0,0.0,0.0,382.6388888888889,301.0,0.12997186475150113,1.0,3421,0.0,9,0.0,,,ARC-r0,baseline,420
0.0,0.0,0.0,379.91805555555555,280.0,0.12997186475150113,1.0,3180,0.0,9,0.0,,,ARC-r0,baseline,421
0.0,0.0,0.0,315.4555555555556,301.0,0.12997186475150113,1.0,2424,0.0,10,0.0,,,ARC-r0,baseline,422
0.0,0.0,0.0,388.87361111111113,301.0,0.12997186475150113,1.0,3196,0.0,10,0.0,,,ARC-r0,baseline,423
65.0,1.0288461445040475,0.0,367.74583333333334,301.0,0.12997186475150113,0.0010281154891695799,3168,0.0,10,5.0,,,ARC-r0,baseline,424
0.0,0.0,0.0,361.7291666666667,301.0,0.12997186475150113,1.0,3365,0.0,10,0.0,,,ARC-r0,baseline,425
0.0,0.0,0.0,397.71805555555557,301.0,0.12997186475150113,1.0,3616,0.0,9,0.0,,,ARC-r0,baseline,426
0.0,0.0,0.0,376.4138888888889,275.0,0.12997186475150113,1.0,3229,0.0,10,0.0,,,ARC-r0,baseline,427
0.0,0.0,0.0,312.9013888888889,301.0,0.12997186475150113,1.0,2353,0.0,10,0.0,,,ARC-r0,baseline,428
0.0,0.0,0.0,392.93055555555554,301.0,0.12997186475150113,1.0,3117,0.0,10,0.0,,,ARC-r0,baseline,429
105.0,1.9550015428093093,0.0,373.4527777777778,301.0,0.12997186475150113,2.0597590083105766e-08,3213,0.0,10,15.0,,,ARC-r1,baseline,400
0.0,0.0070593859610501575,0.0,372.8625,301.0,0.12997186475150113,0.9639890177629156,3390,0.0,10,0.0,,,ARC-r1,baseline,401
0.0,0.0,0.0,381.05694444444447,301.0,0.12997186475150113,1.0,3410,0.0,9,0.0,,,ARC-r1,baseline,402
0.0,0.0,0.0,365.7361111111111,271.0,0.12997186475150113,1.0,3230,0.0,10,0.0,,,ARC-r1,baseline,403
0.0,0.0,0.0,320.33194444444445,301.0,0.12997186475150113,1.0,2332,0.0,10,0.0,,,ARC-r1,baseline,404
20.0,0.30519224095240105,0.0,391.65833333333336,301.0,0.12997186475150113,0.03365239146014084,3178,0.0,10,0.0,,,ARC-r1,baseline,405
50.0,0.6909695605756827,0.0,370.4847222222222,301.0,0.12997186475150113,0.09534562776584823,3030,0.0,9,0.0,,,ARC-r1,baseline,406
0.0,0.0,0.0,362.375,301.0,0.12997186475150113,1.0,3454,0.0,10,0.0,,,ARC-r1,baseline,407
0.0,0.0,0.0,388.9611111111111,301.0,0.12997186475150113,1.0,3513,0.0,9,0.0,,,ARC-r1,baseline,408
0.0,0.0,0.0,388.1347222222222,284.0,0.12997186475150113,1.0,3209,0.0,9,0.0,,,ARC-r1,baseline,409
0.0,0.0,0.0,329.9861111111111,301.0,0.12997186475150113,1.0,2407,0.0,10,0.0,,,ARC-r1,baseline,410
25.0,0.3804634649415939,0.0,374.9138888888889,301.0,0.12997186475150113,0.023165592417547495,3042,0.0,9,0.0,,,ARC-r1,baseline,411
100.0,1.723161169992815,0.0,372.3388888888889,301.0,0.12997186475150113,1.9100583398722016e-08,3142,0.0,10,5.0,,,ARC-r1,baseline,412
0.0,0.0,0.0,371.6458333333333,301.0,0.12997186475150113,1.0,3260,0.0,10,0.0,,,ARC-r1,baseline,413
0.0,0.0,0.0,382.1986111111111,301.0,0.12997186475150113,1.0,3429,0.0,9,0.0,,,ARC-r1,baseline,414
0.0,0.0,0.0,371.99444444444447,278.0,0.12997186475150113,1.0,3243,0.0,10,0.0,,,ARC-r1,baseline,415
0.0,0.0,0.0,306.3125,301.0,0.12997186475150113,1.0,2272,0.0,10,0.0,,,ARC-r1,baseline,416
15.0,0.2559573574575369,0.0,369.01666666666665,301.0,0.12997186475150113,0.1577774438972462,3125,0.0,10,0.0,,,ARC-r1,baseline,417
90.0,1.4520574340633696,0.0,363.6763888888889,301.0,0.12997186475150113,8.982823993207001e-08,3133,0.0,10,5.0,,,ARC-r1,baseline,418
10.0,0.029077424845103117,0.0,360.40972222222223,301.0,0.12997186475150113,0.8048011320792712,3298,0.0,10,0.0,,,ARC-r1,baseline,419
0.0,0.0,0.0,382.6388888888889,301.0,0.12997186475150113,1.0,3421,0.0,9,0.0,,,ARC-r1,baseline,420
0.0,0.0,0.0,381.325,280.0,0.12997186475150113,1.0,3131,0.0,10,0.0,,,ARC-r1,baseline,421
0.0,0.0,0.0,315.4555555555556,301.0,0.12997186475150113,1.0,2424,0.0,10,0.0,,,ARC-r1,baseline,422
5.0,0.06615083677266043,0.0,389.16805555555555,301.0,0.12997186475150113,0.6910862898083577,3157,0.0,10,0.0,,,ARC-r1,baseline,423
85.0,1.4994513037091317,0.0,372.40694444444443,301.0,0.12997186475150113,8.786152644198359e-08,3135,0.0,10,10.0,,,ARC-r1,baseline,424
0.0,0.0,0.0,361.7291666666667,301.0,0.12997186475150113,1.0,3365,0.0,10,0.0,,,ARC-r1,baseline,425
0.0,0.0,0.0,398.225,301.0,0.12997186475150113,1.0,3544,0.0,9,0.0,,,ARC-r1,baseline,426
0.0,0.0,0.0,378.1402777777778,285.0,0.12997186475150113,1.0,3185,0.0,9,0.0,,,ARC-r1,baseline,427
0.0,0.0,0.0,312.9013888888889,301.0,0.12997186475150113,1.0,2353,0.0,10,0.0,,,ARC-r1,baseline,428
0.0,0.0,0.0,391.84305555555557,301.0,0.12997186475150113,1.0,3162,0.0,10,0.0,,,ARC-r1,baseline,429
170.0,5.451382384134984,0.0,308.4277777777778,301.0,0.12997186475150113,0.0004069765306336702,451,5.0,0,0.0,,,HPA-r0,flash,400
160.0,7.69870393456078,0.0,322.1222222222222,301.0,0.1299718647515013,9.05204030363813e-09,536,95.0,0,0.0,,,HPA-r0,flash,401
80.0,2.415234862613591,0.0,335.93333333333334,301.0,0.12997186475150113,1.3789468127454765e-08,395,60.0,0,0.0,,,HPA-r0,flash,402
75.0,2.2244327718791257,0.0,328.40972222222223,301.0,0.12997186475150113,0.00014154055616680071,383,15.0,0,0.0,,,HPA-r0,flash,403
160.0,6.639857549712048,0.0,313.8333333333333,301.0,0.1299718647515013,0.00028265404215553885,538,65.0,0,0.0,,,HPA-r0,flash,404
65.0,2.116339507295073,0.0,325.22777777777776,301.0,0.12997186475150113,0.0003692285721031678,349,65.0,0,0.0,,,HPA-r0,flash,405
155.0,4.400244302129986,0.0,308.85833333333335,301.0,0.12997186475150113,0.0003005094541581573,487,75.0,0,0.0,,,HPA-r0,flash,406
105.0,4.905260116259047,0.0,330.36805555555554,301.0,0.12997186475150113,3.7196596548122615e-06,512,60.0,0,0.0,,,HPA-r0,flash,407
85.0,1.9551849872868732,0.0,333.43333333333334,301.0,0.12997186475150113,1.5475240198376334e-07,438,85.0,0,0.0,,,HPA-r0,flash,408
60.0,1.0590215187039398,0.0,322.85555555555555,301.0,0.12997186475150113,0.01914265090209503,369,10.0,0,0.0,,,HPA-r0,flash,409
290.0,11.3728903461218,0.0,312.74861111111113,301.0,0.12997186475150135,7.153179144484614e-08,436,90.0,0,0.0,,,HPA-r0,flash,410
65.0,2.1423735087558238,0.0,325.50694444444446,301.0,0.12997186475150113,1.0165588788312715e-07,365,55.0,0,0.0,,,HPA-r0,flash,411
170.0,4.356075730867959,0.0,307.39166666666665,301.0,0.12997186475150113,0.0005679594254340204,441,50.0,0,0.0,,,HPA-r0,flash,412
85.0,2.839988755194367,0.0,328.49861111111113,301.0,0.12997186475150113,1.9030787921285032e-08,435,70.0,0,0.0,,,HPA-r0,flash,413
85.0,2.5767952745896494,0.0,332.51944444444445,301.0,0.12997186475150113,6.171843218564384e-06,434,90.0,0,0.0,,,HPA-r0,flash,414
70.0,2.102001981198287,0.0,325.50694444444446,301.0,0.12997186475150124,1.848089173135474e-05,344,60.0,0,0.0,,,HPA-r0,flash,415
160.0,6.896390528809315,0.0,314.29583333333335,301.0,0.12997186475150113,8.207644058929411e-05,510,65.0,0,0.0,,,HPA-r0,flash,416
60.0,1.564711644997896,0.0,327.7083333333333,301.0,0.12997186475150113,0.011831856830756719,374,30.0,0,0.0,,,HPA-r0,flash,417
195.0,5.443844281894772,0.0,308.60833333333335,301.0,0.12997186475150113,0.0002559749781660514,445,55.0,0,0.0,,,HPA-r0,flash,418
110.0,3.7194933164074073,0.0,334.5541666666667,301.0,0.12997186475150113,0.0008939516808674265,519,110.0,0,0.0,,,HPA-r0,flash,419
80.0,2.2723323978630083,0.0,335.18611111111113,301.0,0.12997186475150113,0.0013913750219323728,447,25.0,0,0.0,,,HPA-r0,flash,420
75.0,2.633804742846324,0.0,326.73055555555555,301.0,0.12997186475150138,6.444706516907738e-08,385,85.0,0,0.0,,,HPA-r0,flash,421
200.0,9.339358220620664,0.0,310.12361111111113,301.0,0.12997186475150113,1.648565867833428e-05,492,90.0,0,0.0,,,HPA-r0,flash,422
65.0,2.037894844555488,0.0,326.93611111111113,301.0,0.12997186475150113,9.259396940254448e-08,378,50.0,0,0.0,,,HPA-r0,flash,423
160.0,6.310947883918483,0.0,306.87916666666666,301.0,0.12997186475150113,5.874121574224513e-08,460,65.0,0,0.0,,,HPA-r0,flash,424
135.0,5.002680276078864,0.0,331.18055555555554,301.0,0.12997186475150121,8.647807970210047e-09,497,125.0,0,0.0,,,HPA-r0,flash,425
135.0,5.9231574971997265,0.0,329.69305555555553,301.0,0.12997186475150113,3.1938138191282007e-09,378,105.0,0,0.0,,,HPA-r0,flash,426
70.0,2.67231671956345,0.0,327.3930555555556,301.0,0.12997186475150113,8.184420666905885e-07,399,75.0,0,0.0,,,HPA-r0,flash,427
200.0,9.303363263360309,0.0,313.15,301.0,0.12997186475150135,1.2679436066294987e-07,439,100.0,0,0.0,,,HPA-r0,flash,428
55.0,1.6178639353162105,0.0,323.50138888888887,301.0,0.12997186475150121,2.6333959114573597e-05,356,45.0,0,0.0,,,HPA-r0,flash,429
90.0,2.4499502009296736,0.0,312.0416666666667,301.0,0.12997186475150113,0.07079535571638519,956,10.0,0,0.0,,,HPA-fast-r0,flash,400
105.0,5.517423563010448,0.0,307.325,301.0,0.12997186475150113,0.005009397371548012,1015,60.0,0,0.0,,,HPA-fast-r0,flash,401
55.0,1.5924731709030193,0.0,325.47222222222223,301.0,0.12997186475150113,0.0015527612582507844,1032,40.0,0,0.0,,,HPA-fast-r0,flash,402
45.0,1.1945066625482448,0.0,320.27222222222224,301.0,0.12997186475150121,0.0014064176194650488,820,55.0,0,0.0,,,HPA-fast-r0,flash,403
140.0,6.546138143197123,0.0,282.9763888888889,301.0,0.12997186475150113,7.938447833360464e-05,785,35.0,0,0.0,,,HPA-fast-r0,flash,404
55.0,1.6347542028799178,0.0,325.9486111111111,301.0,0.12997186475150113,0.00039075421167639656,888,40.0,0,0.0,,,HPA-fast-r0,flash,405
75.0,2.210920250510673,0.0,314.0736111111111,301.0,0.12997186475150113,0.00016539755630982168,1040,45.0,0,0.0,,,HPA-fast-r0,flash,406
55.0,3.379509750472265,0.0,309.54027777777776,301.0,0.12997186475150113,2.2713418477636483e-05,1024,10.0,0,0.0,,,HPA-fast-r0,flash,407
45.0,1.4452047560647663,0.0,328.4375,301.0,0.1299718647515012,5.1942061323362526e-06,997,35.0,0,0.0,,,HPA-fast-r0,flash,408
10.0,0.05447927465616065,0.0,318.2680555555556,301.0,0.12997186475150113,0.8533291210402334,745,10.0,0,0.0,,,HPA-fast-r0,flash,409
185.0,9.27796210034969,0.0,283.14166666666665,301.0,0.12997186475150124,5.62210760932627e-09,809,80.0,0,0.0,,,HPA-fast-r0,flash,410
50.0,1.5177185854269082,0.0,326.375,301.0,0.12997186475150113,0.03156398216147568,848,50.0,0,0.0,,,HPA-fast-r0,flash,411
115.0,3.2990934818535544,0.0,312.5722222222222,301.0,0.12997186475150113,0.008459232335295714,887,40.0,0,0.0,,,HPA-fast-r0,flash,412
50.0,2.025472415724172,0.0,309.6638888888889,301.0,0.12997186475150113,3.088780658275016e-05,961,50.0,0,0.0,,,HPA-fast-r0,flash,413
0.0,0.0,0.0,325.3902777777778,301.0,0.12997186475150113,1.0,876,0.0,0,0.0,,,HPA-fast-r0,flash,414
55.0,1.7460807763794772,0.0,317.7597222222222,301.0,0.12997186475150124,5.6128865390559324e-05,784,50.0,0,0.0,,,HPA-fast-r0,flash,415
140.0,6.338632878200046,0.0,283.17083333333335,301.0,0.12997186475150113,0.000408482425869228,825,5.0,0,0.0,,,HPA-fast-r0,flash,416
30.0,0.42344313530491284,0.0,327.2944444444444,301.0,0.12997186475150113,0.34662057898523124,954,10.0,0,0.0,,,HPA-fast-r0,flash,417
100.0,2.7479218550482187,0.0,314.68611111111113,301.0,0.12997186475150113,0.0002778033385691323,945,45.0,0,0.0,,,HPA-fast-r0,flash,418
60.0,2.05804576104327,0.0,314.8375,301.0,0.12997186475150113,0.0005618694480718836,963,55.0,0,0.0,,,HPA-fast-r0,flash,419
10.0,0.40444450010189703,0.0,326.26944444444445,301.0,0.12997186475150113,0.41849313726163123,922,10.0,0,0.0,,,HPA-fast-r0,flash,420
50.0,1.9035575808412086,0.0,318.1,301.0,0.12997186475150113,7.829632146484462e-05,819,50.0,0,0.0,,,HPA-fast-r0,flash,421
170.0,8.219930141764786,0.0,281.05833333333334,301.0,0.12997186475150124,2.739816637172546e-06,787,80.0,0,0.0,,,HPA-fast-r0,flash,422
40.0,1.1242651287701633,0.0,324.8833333333333,301.0,0.12997186475150113,0.0025716638725728504,855,35.0,0,0.0,,,HPA-fast-r0,flash,423
80.0,2.632171277868467,0.0,312.28194444444443,301.0,0.12997186475150113,0.025196410258320548,912,35.0,0,0.0,,,HPA-fast-r0,flash,424
90.0,3.194619831262935,0.0,312.2347222222222,301.0,0.12997186475150113,0.0001127640349801397,926,85.0,0,0.0,,,HPA-fast-r0,flash,425
80.0,3.289348627990718,0.0,320.34444444444443,301.0,0.12997186475150113,0.002855491169103109,1028,60.0,0,0.0,,,HPA-fast-r0,flash,426
60.0,2.3441400622331354,0.0,322.1666666666667,301.0,0.1299718647515012,6.348972838661528e-06,784,65.0,0,0.0,,,HPA-fast-r0,flash,427
160.0,7.908477682505099,0.0,283.6125,301.0,0.12997186475150113,5.057269446353478e-06,771,45.0,0,0.0,,,HPA-fast-r0,flash,428
35.0,1.366314724859119,0.0,324.0777777777778,301.0,0.1299718647515012,3.827134394072073e-06,809,35.0,0,0.0,,,HPA-fast-r0,flash,429
80.0,1.9995160949983992,0.0,361.9,301.0,0.12997186475150113,0.14193083850454932,466,20.0,0,0.0,,,HPA-45-r0,flash,400
105.0,5.776349865329644,0.0,385.5722222222222,301.0,0.12997186475150121,4.146053469241186e-05,502,65.0,0,0.0,,,HPA-45-r0,flash,401
40.0,0.7791056429258036,0.0,399.1097222222222,301.0,0.12997186475150113,0.09874641424354488,379,30.0,0,0.0,,,HPA-45-r0,flash,402
10.0,0.18970782157649024,0.0,388.9347222222222,301.0,0.12997186475150113,0.2765036093913423,480,10.0,0,0.0,,,HPA-45-r0,flash,403
95.0,4.118889059433817,0.0,364.8375,301.0,0.12997186475150113,0.02365334372619005,509,25.0,0,0.0,,,HPA-45-r0,flash,404
20.0,0.46279129276747266,0.0,382.8652777777778,301.0,0.12997186475150113,0.20628184854937331,370,25.0,0,0.0,,,HPA-45-r0,flash,405
105.0,3.1731918445224827,0.0,363.49444444444447,301.0,0.12997186475150113,0.04569343465425335,485,15.0,0,0.0,,,HPA-45-r0,flash,406
50.0,3.2467922627405055,0.0,390.90694444444443,301.0,0.12997186475150113,2.275306411169603e-06,532,5.0,0,0.0,,,HPA-45-r0,flash,407
40.0,1.343794637961071,0.0,394.2055555555556,301.0,0.12997186475150113,7.874867662532491e-05,455,30.0,0,0.0,,,HPA-45-r0,flash,408
10.0,0.0489176337056918,0.0,386.16527777777776,301.0,0.12997186475150113,0.8879284275372457,482,5.0,0,0.0,,,HPA-45-r0,flash,409
125.0,6.008763529047034,0.0,365.4791666666667,301.0,0.1299718647515012,0.0001669912686975101,462,70.0,0,0.0,,,HPA-45-r0,flash,410
45.0,1.4604182029081203,0.0,386.675,301.0,0.12997186475150113,0.0034699554694152452,408,45.0,0,0.0,,,HPA-45-r0,flash,411
190.0,7.196005792935544,0.0,359.5097222222222,301.0,0.1299718647515013,0.003147220546678587,462,5.0,0,0.0,,,HPA-45-r0,flash,412
55.0,1.7542725293516526,0.0,387.14166666666665,301.0,0.12997186475150113,0.009803935950599009,427,50.0,0,0.0,,,HPA-45-r0,flash,413
10.0,0.2430573502825828,0.0,392.1333333333333,301.0,0.12997186475150113,0.37758432811694487,484,10.0,0,0.0,,,HPA-45-r0,flash,414
30.0,0.8551564228899688,0.0,387.7597222222222,301.0,0.12997186475150113,0.0074822250095458905,406,40.0,0,0.0,,,HPA-45-r0,flash,415
85.0,4.536215487124895,0.0,363.3152777777778,301.0,0.12997186475150113,0.0030326085203195886,481,30.0,0,0.0,,,HPA-45-r0,flash,416
0.0,0.0,0.0,387.4791666666667,301.0,0.12997186475150113,1.0,434,0.0,0,0.0,,,HPA-45-r0,flash,417
90.0,1.4756829954869044,0.0,365.72083333333336,301.0,0.12997186475150113,0.2655049196994313,495,10.0,0,0.0,,,HPA-45-r0,flash,418
45.0,1.579868752645952,0.0,398.99444444444447,301.0,0.12997186475150113,0.00019867522103499753,525,40.0,0,0.0,,,HPA-45-r0,flash,419
10.0,0.07835728870998482,0.0,392.9194444444444,301.0,0.12997186475150113,0.8484892267023706,505,10.0,0,0.0,,,HPA-45-r0,flash,420
50.0,1.7542170918088296,0.0,387.71527777777777,301.0,0.12997186475150124,0.0012487717764552765,401,50.0,0,0.0,,,HPA-45-r0,flash,421
120.0,5.960407881807073,0.0,364.0083333333333,301.0,0.12997186475150113,3.887742617445104e-07,448,65.0,0,0.0,,,HPA-45-r0,flash,422
15.0,0.12010721167038385,0.0,391.34027777777777,301.0,0.12997186475150113,0.6131943884601205,446,5.0,0,0.0,,,HPA-45-r0,flash,423
135.0,4.842648447027176,0.0,365.10555555555555,301.0,0.12997186475150113,0.003628848827386894,476,30.0,0,0.0,,,HPA-45-r0,flash,424
70.0,2.094226550100775,0.0,393.35,301.0,0.12997186475150113,0.0019345599987506657,502,70.0,0,0.0,,,HPA-45-r0,flash,425
70.0,3.1723103252191076,0.0,391.4236111111111,301.0,0.12997186475150113,7.374967429948462e-08,373,60.0,0,0.0,,,HPA-45-r0,flash,426
45.0,1.8937501784782151,0.0,389.81111111111113,301.0,0.12997186475150113,0.00017531650887092992,465,45.0,0,0.0,,,HPA-45-r0,flash,427
95.0,4.7287585606959,0.0,365.50555555555553,301.0,0.12997186475150113,0.0011840656989495525,423,40.0,0,0.0,,,HPA-45-r0,flash,428
30.0,1.032435842291679,0.0,386.6166666666667,301.0,0.12997186475150113,0.0019281356925359076,398,30.0,0,0.0,,,HPA-45-r0,flash,429
40.0,0.9788000321270696,0.0,473.6513888888889,301.0,0.12997186475150113,0.18336086951720418,563,10.0,0,0.0,,,PredHPA-r0,flash,400
70.0,4.200267790427792,0.0,462.51944444444445,301.0,0.12997186475150124,0.0003925744874587302,501,30.0,0,0.0,,,PredHPA-r0,flash,401
10.0,0.21783646814065305,0.0,488.5444444444444,301.0,0.12997186475150113,0.5897533300496846,410,10.0,0,0.0,,,PredHPA-r0,flash,402
0.0,0.0,0.0,459.2138888888889,301.0,0.12997186475150113,1.0,478,0.0,0,0.0,,,PredHPA-r0,flash,403
80.0,3.4103214628019574,0.0,400.99444444444447,301.0,0.12997186475150113,0.01862689118088759,458,10.0,0,0.0,,,PredHPA-r0,flash,404
0.0,0.0,0.0,466.2361111111111,301.0,0.12997186475150113,1.0,364,0.0,0,0.0,,,PredHPA-r0,flash,405
30.0,0.8362518164824584,0.0,473.5444444444444,301.0,0.12997186475150113,0.4035262532391876,585,10.0,0,0.0,,,PredHPA-r0,flash,406
40.0,2.936092317560335,0.0,470.18611111111113,301.0,0.12997186475150113,0.005714592921950279,558,40.0,0,0.0,,,PredHPA-r0,flash,407
0.0,0.0,0.0,484.9611111111111,301.0,0.12997186475150113,1.0,528,0.0,0,0.0,,,PredHPA-r0,flash,408
0.0,0.0,0.0,458.28055555555557,301.0,0.12997186475150113,1.0,444,0.0,0,0.0,,,PredHPA-r0,flash,409
110.0,5.559459606306982,0.0,401.7986111111111,301.0,0.12997186475150121,6.0074371717215224e-05,427,55.0,0,0.0,,,PredHPA-r0,flash,410
0.0,0.0,0.0,476.31111111111113,301.0,0.12997186475150113,1.0,367,0.0,0,0.0,,,PredHPA-r0,flash,411
40.0,0.6285379693895865,0.0,475.8652777777778,301.0,0.12997186475150113,0.27752150379127305,487,10.0,0,0.0,,,PredHPA-r0,flash,412
30.0,0.7157191779293304,0.0,466.65833333333336,301.0,0.12997186475150113,0.09402648159509674,490,35.0,0,0.0,,,PredHPA-r0,flash,413
0.0,0.0,0.0,483.06666666666666,301.0,0.12997186475150113,1.0,510,0.0,0,0.0,,,PredHPA-r0,flash,414
0.0,0.0,0.0,456.44305555555553,301.0,0.12997186475150113,1.0,423,0.0,0,0.0,,,PredHPA-r0,flash,415
70.0,3.036509406236365,0.0,399.2652777777778,301.0,0.12997186475150113,0.0473661362957517,468,15.0,0,0.0,,,PredHPA-r0,flash,416
0.0,0.0,0.0,463.0152777777778,301.0,0.12997186475150113,1.0,366,0.0,0,0.0,,,PredHPA-r0,flash,417
40.0,1.1375345512702029,0.0,472.93333333333334,301.0,0.12997186475150113,0.23608255244670576,511,10.0,0,0.0,,,PredHPA-r0,flash,418
30.0,0.958128387520274,0.0,479.9236111111111,301.0,0.12997186475150113,0.03430359720284351,562,25.0,0,0.0,,,PredHPA-r0,flash,419
0.0,0.0022653723467436215,0.0,484.5888888888889,301.0,0.12997186475150113,0.9938313451030677,563,0.0,0,0.0,,,PredHPA-r0,flash,420
0.0,0.0,0.0,454.4277777777778,301.0,0.12997186475150113,1.0,417,0.0,0,0.0,,,PredHPA-r0,flash,421
105.0,5.233960296424989,0.0,400.3777777777778,301.0,0.12997186475150127,3.9066650464370465e-05,440,50.0,0,0.0,,,PredHPA-r0,flash,422
0.0,0.0,0.0,472.70416666666665,301.0,0.12997186475150113,1.0,407,0.0,0,0.0,,,PredHPA-r0,flash,423
45.0,1.6186868420531408,0.0,470.56111111111113,301.0,0.12997186475150113,0.19896094297043374,521,15.0,0,0.0,,,PredHPA-r0,flash,424
5.0,0.11672208443929133,0.0,479.5,301.0,0.12997186475150113,0.704512015683218,524,5.0,0,0.0,,,PredHPA-r0,flash,425
25.0,0.9377018359324807,0.0,485.35,301.0,0.12997186475150113,0.15051649436046136,431,15.0,0,0.0,,,PredHPA-r0,flash,426
15.0,0.08362774832192388,0.0,461.0875,301.0,0.12997186475150113,0.8819569872841782,418,5.0,0,0.0,,,PredHPA-r0,flash,427
65.0,2.554164988668828,0.0,394.9791666666667,301.0,0.12997186475150113,0.08346810358160678,516,10.0,0,0.0,,,PredHPA-r0,flash,428
0.0,0.006103022777026457,0.0,470.9125,301.0,0.12997186475150113,0.9774630663352649,330,0.0,0,0.0,,,PredHPA-r0,flash,429
695.0,28.124934662417,0.0,475.9625,301.0,11.643710365852238,2.0239551566254694e-11,573,695.0,0,0.0,,,PredHPA-r1,flash,400
1690.0,41.0676227247624,0.0,473.5472222222222,301.0,12.284978645918457,2.5292421569607756e-13,439,480.0,0,0.0,,,PredHPA-r1,flash,401
500.0,17.13222188191803,0.0,511.46944444444443,301.0,12.129971864751502,2.6834030220643887e-13,567,500.0,0,0.0,,,PredHPA-r1,flash,402
1040.0,12.012715583838773,0.0,497.20694444444445,301.0,9.119330886181194,3.445244086768358e-08,511,0.0,0,0.0,,,PredHPA-r1,flash,403
2395.0,50.92265268232465,0.0,473.7236111111111,301.0,12.129971864751502,2.7966059986168003e-13,433,140.0,0,0.0,,,PredHPA-r1,flash,404
0.0,0.0,0.0,466.2361111111111,301.0,0.12997186475150113,1.0,370,0.0,0,0.0,,,PredHPA-r1,flash,405
765.0,26.790023812550857,0.0,480.2055555555556,301.0,13.636372273558456,1.5069157018892759e-13,623,760.0,0,0.0,,,PredHPA-r1,flash,406
135.0,5.237636813062729,0.0,472.15972222222223,301.0,0.12997186475150113,3.1378173563813044e-13,585,135.0,0,0.0,,,PredHPA-r1,flash,407
6480.0,98.12616292597164,0.0,551.8333333333334,301.0,14.346518066637493,9.841747925816527e-15,282,440.0,0,0.0,,,PredHPA-r1,flash,408
1135.0,13.022426913147234,0.0,497.57916666666665,301.0,9.119330886181194,6.591249055604951e-08,533,0.0,0,0.0,,,PredHPA-r1,flash,409
2270.0,56.207349399996474,0.0,461.26944444444445,301.0,15.112036945052772,2.654876294612474e-13,385,1145.0,0,0.0,,,PredHPA-r1,flash,410
0.0,0.0,0.0,476.31111111111113,301.0,0.12997186475150113,1.0,375,0.0,0,0.0,,,PredHPA-r1,flash,411
615.0,24.732260383878945,0.0,476.99444444444447,301.0,11.005031525693019,7.187971560235375e-11,530,20.0,0,0.0,,,PredHPA-r1,flash,412
795.0,29.674127179683442,0.0,466.29583333333335,301.0,13.446140120429567,2.764684680432777e-13,534,795.0,0,0.0,,,PredHPA-r1,flash,413
0.0,0.0,0.0,506.7472222222222,301.0,0.12997186475150113,1.0,601,0.0,0,0.0,,,PredHPA-r1,flash,414
6160.0,94.9485593306302,0.0,551.8333333333334,301.0,15.330311449154975,1.0773253746122861e-14,255,1200.0,0,0.0,,,PredHPA-r1,flash,415
2295.0,45.22909466906025,0.0,470.97083333333336,301.0,15.129971864751502,2.32896409563423e-13,398,145.0,0,0.0,,,PredHPA-r1,flash,416
0.0,0.0,0.0,463.3333333333333,301.0,0.12997186475150113,1.0,375,0.0,0,0.0,,,PredHPA-r1,flash,417
770.0,28.5858644695292,0.0,478.74444444444447,301.0,15.107695081446147,3.178893456660517e-13,599,765.0,0,0.0,,,PredHPA-r1,flash,418
35.0,0.9747036981818336,0.0,479.9236111111111,301.0,0.12997186475150113,0.03430359720284351,561,30.0,0,0.0,,,PredHPA-r1,flash,419
0.0,0.0032039435414743522,0.0,506.44444444444446,301.0,0.12997186475150113,0.991275596682832,651,0.0,0,0.0,,,PredHPA-r1,flash,420
6160.0,94.88194424391901,0.0,551.8333333333334,301.0,15.129971864751502,1.1640932681269751e-14,271,1200.0,0,0.0,,,PredHPA-r1,flash,421
2275.0,55.65515231434419,0.0,462.62916666666666,301.0,15.129971864751502,2.0209828405303026e-13,385,1115.0,0,0.0,,,PredHPA-r1,flash,422
0.0,0.0,0.0,472.70416666666665,301.0,0.12997186475150113,1.0,414,0.0,0,0.0,,,PredHPA-r1,flash,423
1095.0,35.74791262904119,0.0,481.1777777777778,301.0,14.61216111719276,9.98881393905617e-14,541,1095.0,0,0.0,,,PredHPA-r1,flash,424
5.0,0.11672208443929133,0.0,479.5,301.0,0.12997186475150113,0.704512015683218,534,5.0,0,0.0,,,PredHPA-r1,flash,425
1895.0,37.31957190722171,0.0,529.7444444444444,301.0,12.13059205140763,1.0136536121558134e-13,384,615.0,0,0.0,,,PredHPA-r1,flash,426
2960.0,53.6608044972595,0.0,520.8180555555556,301.0,13.177540985189527,3.25545105077584e-13,501,1155.0,0,0.0,,,PredHPA-r1,flash,427
2390.0,46.94333073106951,0.0,474.04583333333335,301.0,15.123492678889368,1.256276641996782e-13,411,250.0,0,0.0,,,PredHPA-r1,flash,428
0.0,0.009366843808866765,0.0,470.775,301.0,0.12997186475150113,0.9654105931961501,330,0.0,0,0.0,,,PredHPA-r1,flash,429
2280.0,44.15992298455315,0.0,440.22083333333336,301.0,10.439404890280526,5.368758297963007e-11,2832,10.0,6,0.0,,,ARC,flash,400
570.0,24.396395778162926,0.0,397.7402777777778,301.0,7.1537394619207895,6.342969210636093e-10,3328,435.0,10,0.0,,,ARC,flash,401
645.0,23.253940490089462,0.0,405.9138888888889,301.0,9.697577358578643,2.0739069511885457e-10,3374,570.0,8,0.0,,,ARC,flash,402
5.0,0.05311066087895222,0.0,397.4291666666667,301.0,0.12997186475150113,0.8782837215121113,3544,5.0,9,0.0,,,ARC,flash,403
985.0,35.35985163513424,0.0,355.02777777777777,301.0,8.346622921836003,2.1721700068147597e-11,2347,140.0,9,35.0,,,ARC,flash,404
235.0,5.389647901598926,0.0,421.55694444444447,301.0,0.12997186475150113,5.639774332787526e-08,3269,5.0,8,0.0,,,ARC,flash,405
1710.0,23.75770293327024,0.0,429.74583333333334,301.0,10.940658920725626,3.260049986474721e-10,2910,15.0,7,0.0,,,ARC,flash,406
150.0,5.375740311423605,0.0,390.61944444444447,301.0,0.12997186475150113,5.239380685640785e-11,3613,150.0,9,0.0,,,ARC,flash,407
315.0,10.222642439044993,0.0,411.93888888888887,301.0,0.12997186475150113,7.314864389682257e-10,3490,10.0,8,0.0,,,ARC,flash,408
5.0,0.09643836889903223,0.0,415.89722222222224,301.0,0.12997186475150113,0.6984767233834319,3370,5.0,8,0.0,,,ARC,flash,409
855.0,40.14565722181732,0.0,357.7291666666667,301.0,8.521545313420738,6.3403930182961776e-09,2364,855.0,9,0.0,,,ARC,flash,410
5005.0,81.733517360655,0.0,502.1625,301.0,13.059448005027518,1.6573040279484444e-12,1102,1145.0,3,0.0,,,ARC,flash,411
2590.0,57.333058948424444,0.0,437.6013888888889,301.0,11.49193999130103,2.2103349132741294e-10,2567,765.0,7,0.0,,,ARC,flash,412
870.0,30.85671694626324,0.0,400.3,301.0,10.228491902614453,2.326627832005232e-08,3006,5.0,8,0.0,,,ARC,flash,413
35.0,1.1978245372700758,0.0,407.0861111111111,301.0,0.12997186475150113,0.011165418938754725,3538,5.0,8,0.0,,,ARC,flash,414
15.0,0.2834434498980354,0.0,402.1333333333333,301.0,0.12997186475150113,0.3141617569966703,3478,15.0,8,0.0,,,ARC,flash,415
1240.0,38.62695706583177,0.0,355.87083333333334,301.0,8.258363203673419,8.510089381194307e-08,2256,135.0,8,0.0,,,ARC,flash,416
235.0,6.232161614315368,0.0,403.75138888888887,301.0,0.12997186475150113,1.4892628685204257e-10,3240,5.0,9,0.0,,,ARC,flash,417
220.0,3.1806162559376516,0.0,392.79305555555555,301.0,0.12997186475150113,4.7672040905582084e-09,3157,20.0,9,0.0,,,ARC,flash,418
1020.0,35.29172460781162,0.0,393.54305555555555,301.0,12.909389435274857,4.401165974574091e-12,3100,1010.0,9,0.0,,,ARC,flash,419
25.0,0.7326441237641146,0.0,406.1611111111111,301.0,0.12997186475150113,0.31914170100253086,3484,25.0,8,0.0,,,ARC,flash,420
855.0,29.34394200795515,0.0,420.43333333333334,301.0,7.7853527383255505,2.3069706018360005e-08,2958,855.0,8,0.0,,,ARC,flash,421
835.0,35.48628004790125,0.0,338.875,301.0,11.128370073247986,2.6475647994268947e-09,2327,40.0,9,45.0,,,ARC,flash,422
885.0,30.35288748304772,0.0,417.2861111111111,301.0,9.70324294801262,1.5081767477409492e-07,3037,880.0,9,0.0,,,ARC,flash,423
845.0,33.15163784429927,0.0,399.9902777777778,301.0,7.868500459481233,7.357089301369034e-08,3003,775.0,9,0.0,,,ARC,flash,424
785.0,28.41415209743564,0.0,397.5597222222222,301.0,9.058423846757776,1.433178337903054e-09,3250,5.0,9,0.0,,,ARC,flash,425
635.0,23.655514936894395,0.0,417.40833333333336,301.0,8.851869916660082,3.683464703345428e-08,3382,570.0,9,0.0,,,ARC,flash,426
885.0,29.22690428153296,0.0,413.31944444444446,301.0,7.482583559785376,5.7275965344379855e-08,2916,885.0,8,0.0,,,ARC,flash,427
715.0,31.62355726794759,0.0,340.6902777777778,301.0,8.288022540781668,6.950731600588273e-08,2451,265.0,9,0.0,,,ARC,flash,428
15.0,0.27050531895925767,0.0,420.1375,301.0,0.12997186475150113,0.4268933153750278,3278,10.0,8,0.0,,,ARC,flash,429
180.0,4.891520496907031,0.0,397.28472222222223,301.0,0.12997186475150113,0.0011544157007241042,3304,5.0,9,0.0,,,ARC-r0,flash,400
100.0,5.127875950668703,0.0,398.55555555555554,301.0,0.12997186475150113,0.00016471359274720755,3625,40.0,10,0.0,,,ARC-r0,flash,401
45.0,1.3713313662523596,0.0,400.53472222222223,301.0,0.12997186475150113,0.04198492884403855,3476,10.0,8,0.0,,,ARC-r0,flash,402
0.0,0.0,0.0,396.12083333333334,301.0,0.12997186475150113,1.0,3480,0.0,9,0.0,,,ARC-r0,flash,403
165.0,6.6751258354378,0.0,344.6277777777778,301.0,0.12997186475150113,0.0027576571055328548,2632,25.0,9,0.0,,,ARC-r0,flash,404
20.0,0.11657269900529066,0.0,417.10277777777776,301.0,0.12997186475150113,0.7871152163582883,3376,5.0,8,0.0,,,ARC-r0,flash,405
125.0,1.6789325375591857,0.0,393.78194444444443,301.0,0.12997186475150113,0.03187171927079062,3275,15.0,9,0.0,,,ARC-r0,flash,406
45.0,3.158330364163775,0.0,387.1069444444444,301.0,0.12997186475150113,0.0014695224225096694,3683,45.0,9,0.0,,,ARC-r0,flash,407
20.0,0.26252151831186454,0.0,409.52222222222224,301.0,0.12997186475150113,0.6104354059184923,3596,5.0,8,0.0,,,ARC-r0,flash,408
5.0,0.09643836889903223,0.0,415.5541666666667,301.0,0.12997186475150113,0.6984767233834319,3409,5.0,8,0.0,,,ARC-r0,flash,409
235.0,8.551433804729358,0.0,351.90416666666664,301.0,0.12997186475150113,0.001221047647562121,2606,70.0,9,0.0,,,ARC-r0,flash,410
75.0,1.9417861203607445,0.0,403.77916666666664,301.0,0.12997186475150113,0.010055162910178543,3290,40.0,9,0.0,,,ARC-r0,flash,411
150.0,4.094251247469883,0.0,397.68611111111113,301.0,0.12997186475150113,0.03264626728915144,3285,5.0,9,0.0,,,ARC-r0,flash,412
25.0,0.49559645309367184,0.0,393.1847222222222,301.0,0.12997186475150113,0.5256991468056513,3318,5.0,9,0.0,,,ARC-r0,flash,413
15.0,0.19055487529480164,0.0,404.5722222222222,301.0,0.12997186475150113,0.6876646090606798,3491,5.0,8,0.0,,,ARC-r0,flash,414
15.0,0.2834434498980354,0.0,402.1333333333333,301.0,0.12997186475150113,0.3141617569966703,3478,15.0,8,0.0,,,ARC-r0,flash,415
175.0,7.856105586505069,0.0,332.3625,301.0,0.12997186475150113,2.2153704808032825e-05,2625,30.0,9,0.0,,,ARC-r0,flash,416
20.0,0.10681941840686715,0.0,399.0861111111111,301.0,0.12997186475150113,0.8168604102998883,3337,5.0,9,0.0,,,ARC-r0,flash,417
155.0,2.600251145452792,0.0,383.8986111111111,301.0,0.12997186475150113,0.021403070886262022,3094,5.0,9,0.0,,,ARC-r0,flash,418
50.0,1.4703589602798162,0.0,393.8125,301.0,0.12997186475150121,0.02949948149616294,3587,30.0,10,0.0,,,ARC-r0,flash,419
5.0,0.093478140291825,0.0,404.61805555555554,301.0,0.12997186475150113,0.7905211582993307,3457,5.0,8,0.0,,,ARC-r0,flash,420
40.0,1.16713937574493,0.0,411.5763888888889,301.0,0.12997186475150113,0.0011971657177468162,3524,35.0,8,0.0,,,ARC-r0,flash,421
115.0,4.856224017740263,0.0,337.9583333333333,301.0,0.12997186475150113,0.029333184597362415,2559,40.0,9,0.0,,,ARC-r0,flash,422
75.0,1.0742718422130482,0.0,417.75416666666666,301.0,0.12997186475150113,0.2449288497581524,3449,30.0,9,0.0,,,ARC-r0,flash,423
170.0,4.942682142577038,0.0,392.34027777777777,301.0,0.12997186475150124,0.006627646118627571,3234,20.0,9,0.0,,,ARC-r0,flash,424
10.0,0.25065222369824447,0.0,392.60555555555555,301.0,0.12997186475150113,0.41000065762335564,3522,5.0,9,0.0,,,ARC-r0,flash,425
50.0,1.9364838615447133,0.0,413.6111111111111,301.0,0.12997186475150113,0.02774117288482129,3447,15.0,9,0.0,,,ARC-r0,flash,426
30.0,0.6771657603266146,0.0,407.87361111111113,301.0,0.12997186475150113,0.15114876844703565,3528,30.0,8,0.0,,,ARC-r0,flash,427
190.0,8.160843944205599,0.0,336.0527777777778,301.0,0.12997186475150113,7.115150922367964e-07,2570,5.0,9,0.0,,,ARC-r0,flash,428
10.0,0.22709323199611164,0.0,419.09444444444443,301.0,0.12997186475150113,0.4268933153750278,3295,10.0,8,0.0,,,ARC-r0,flash,429
575.0,20.94346653024771,0.0,405.95972222222224,301.0,6.130386480762501,6.666306228452733e-10,3422,5.0,9,0.0,,,ARC-r1,flash,400
490.0,21.28771454014573,0.0,398.0138888888889,301.0,7.250037451196084,4.885264964809299e-11,3386,435.0,10,0.0,,,ARC-r1,flash,401
625.0,23.15737513890467,0.0,405.73333333333335,301.0,8.932179874521067,9.189666671195361e-10,3399,565.0,8,0.0,,,ARC-r1,flash,402
5.0,0.046641435904859474,0.0,397.4291666666667,301.0,0.12997186475150113,0.8782837215121113,3543,5.0,9,0.0,,,ARC-r1,flash,403
615.0,29.79664146724953,0.0,347.54305555555555,301.0,7.156775910864874,2.0360243394362843e-07,2522,135.0,9,0.0,,,ARC-r1,flash,404
170.0,4.498000406638014,0.0,420.4527777777778,301.0,0.12997186475150113,3.171650081049851e-07,3385,5.0,8,0.0,,,ARC-r1,flash,405
165.0,2.2279571267204923,0.0,393.87638888888887,301.0,0.12997186475150113,2.019121580035853e-06,3254,15.0,9,0.0,,,ARC-r1,flash,406
135.0,5.334486376188763,0.0,389.56805555555553,301.0,0.12997186475150113,3.5284384363162724e-11,3662,135.0,9,0.0,,,ARC-r1,flash,407
300.0,10.071011891388205,0.0,413.29583333333335,301.0,0.12997186475150113,9.793678404581638e-10,3533,10.0,8,0.0,,,ARC-r1,flash,408
5.0,0.09643836889903223,0.0,415.89722222222224,301.0,0.12997186475150113,0.6984767233834319,3370,5.0,8,0.0,,,ARC-r1,flash,409
845.0,40.03383530311376,0.0,356.71666666666664,301.0,8.094905074795927,4.3378629294915596e-09,2380,845.0,9,0.0,,,ARC-r1,flash,410
760.0,24.777557196641318,0.0,410.55833333333334,301.0,10.890284080163855,2.553444455896575e-12,2921,50.0,9,0.0,,,ARC-r1,flash,411
830.0,32.63060479375335,0.0,399.3777777777778,301.0,6.729007717243974,1.2772275788261778e-07,3035,160.0,9,0.0,,,ARC-r1,flash,412
780.0,29.742167102580687,0.0,397.4347222222222,301.0,9.116835434733883,2.801354250331808e-08,3047,5.0,9,0.0,,,ARC-r1,flash,413
35.0,1.177980761617603,0.0,407.0861111111111,301.0,0.12997186475150113,0.013638667969254743,3538,5.0,8,0.0,,,ARC-r1,flash,414
15.0,0.2834434498980354,0.0,402.1333333333333,301.0,0.12997186475150113,0.3141617569966703,3478,15.0,8,0.0,,,ARC-r1,flash,415
655.0,30.447189466222603,0.0,336.7611111111111,301.0,10.269425786683748,4.090710878703771e-10,2422,135.0,9,0.0,,,ARC-r1,flash,416
180.0,5.536880225897911,0.0,402.3208333333333,301.0,0.12997186475150113,5.779260263605186e-10,3276,5.0,9,0.0,,,ARC-r1,flash,417
400.0,13.51180671329324,0.0,388.1763888888889,301.0,1.1117615756211807,2.1552475108920648e-08,3076,15.0,9,0.0,,,ARC-r1,flash,418
935.0,34.09861343916507,0.0,393.12638888888887,301.0,11.279786694485288,5.7567682873966e-12,3145,920.0,9,0.0,,,ARC-r1,flash,419
20.0,0.3886858953900729,0.0,404.61805555555554,301.0,0.12997186475150113,0.408943706286133,3457,20.0,8,0.0,,,ARC-r1,flash,420
840.0,29.09252581479167,0.0,415.7597222222222,301.0,8.631035452838107,4.2348037805658655e-08,2879,840.0,8,0.0,,,ARC-r1,flash,421
775.0,34.751690475352824,0.0,341.1736111111111,301.0,10.958342919777296,2.891372949182908e-09,2365,40.0,9,45.0,,,ARC-r1,flash,422
720.0,23.983838766330003,0.0,419.21527777777777,301.0,8.203780364478552,3.103193107351278e-08,3101,45.0,9,15.0,,,ARC-r1,flash,423
790.0,31.486194548094183,0.0,395.5888888888889,301.0,9.32397064649511,1.4509285346810843e-08,3042,40.0,9,0.0,,,ARC-r1,flash,424
25.0,0.5608179426303317,0.0,393.925,301.0,0.12997186475150113,0.2111807694028977,3557,5.0,9,0.0,,,ARC-r1,flash,425
620.0,23.391805785595533,0.0,418.3888888888889,301.0,8.014621160942992,2.5527272898803768e-08,3371,565.0,9,0.0,,,ARC-r1,flash,426
35.0,1.490192653696698,0.0,408.3958333333333,301.0,0.12997186475150113,0.03666061855437547,3511,35.0,8,0.0,,,ARC-r1,flash,427
630.0,30.234052624739583,0.0,337.9,301.0,7.862791382533301,5.935943631241432e-08,2452,265.0,9,0.0,,,ARC-r1,flash,428
15.0,0.26875537655930426,0.0,420.1347222222222,301.0,0.12997186475150113,0.4268933153750278,3273,10.0,8,0.0,,,ARC-r1,flash,429
180.0,5.303743405583483,0.0,311.9,301.0,0.12997186475150113,0.00014001243029414606,422,55.0,0,0.0,,,HPA-r0,flash_step,400
165.0,8.129328199959119,0.0,323.68333333333334,301.0,0.1299718647515013,3.889797196575675e-09,485,100.0,0,0.0,,,HPA-r0,flash_step,401
95.0,3.4287988282040716,0.0,337.15555555555557,301.0,0.12997186475150113,5.119685022124513e-10,383,75.0,0,0.0,,,HPA-r0,flash_step,402
70.0,2.2048267986573555,0.0,330.19305555555553,301.0,0.12997186475150113,1.002333360234016e-05,387,75.0,0,0.0,,,HPA-r0,flash_step,403
270.0,10.963971411413597,0.0,315.96944444444443,301.0,0.12997186475150113,7.02253338501164e-05,485,90.0,0,0.0,,,HPA-r0,flash_step,404
110.0,3.3336830086932556,0.0,328.25555555555553,301.0,0.12997186475150113,3.774230743571942e-05,295,80.0,0,0.0,,,HPA-r0,flash_step,405
165.0,4.691062939697066,0.0,310.39166666666665,301.0,0.12997186475150113,0.003205657020968743,438,90.0,0,0.0,,,HPA-r0,flash_step,406
110.0,5.046614963098628,0.0,333.06666666666666,301.0,0.1299718647515012,1.1629301458486174e-07,470,70.0,0,0.0,,,HPA-r0,flash_step,407
75.0,2.6961678000913314,0.0,338.0208333333333,301.0,0.12997186475150113,4.375353814356426e-08,424,70.0,0,0.0,,,HPA-r0,flash_step,408
60.0,1.7577513239396492,0.0,325.5152777777778,301.0,0.12997186475150113,2.877048975087268e-06,381,60.0,0,0.0,,,HPA-r0,flash_step,409
310.0,13.851870724389048,0.0,314.75138888888887,301.0,0.1315747559494186,4.657886918056728e-08,426,95.0,0,0.0,,,HPA-r0,flash_step,410
70.0,2.1134404520911865,0.0,329.39444444444445,301.0,0.12997186475150113,6.394195453216143e-05,373,30.0,0,0.0,,,HPA-r0,flash_step,411
125.0,3.3805306139603086,0.0,308.8305555555556,301.0,0.12997186475150113,0.00294035942336305,429,75.0,0,0.0,,,HPA-r0,flash_step,412
165.0,6.60604185654906,0.0,331.02777777777777,301.0,0.12997186475150113,3.2893589381501636e-08,441,95.0,0,0.0,,,HPA-r0,flash_step,413
70.0,2.2086898330412663,0.0,334.24861111111113,301.0,0.12997186475150113,1.8806326418030193e-08,451,75.0,0,0.0,,,HPA-r0,flash_step,414
105.0,3.391981566513824,0.0,327.8222222222222,301.0,0.12997186475150121,1.1640096955935735e-07,341,85.0,0,0.0,,,HPA-r0,flash_step,415
200.0,9.948664089271208,0.0,315.64444444444445,301.0,0.12997186475150113,2.730052765541682e-05,478,85.0,0,0.0,,,HPA-r0,flash_step,416
80.0,2.6211820375156347,0.0,329.7027777777778,301.0,0.1299718647515012,4.1640228361937144e-06,318,75.0,0,0.0,,,HPA-r0,flash_step,417
135.0,3.8621562180369717,0.0,311.1111111111111,301.0,0.12997186475150113,0.0007297469199521112,445,75.0,0,0.0,,,HPA-r0,flash_step,418
130.0,4.264293720522206,0.0,337.10555555555555,301.0,0.12997186475150113,6.744888589328444e-09,496,110.0,0,0.0,,,HPA-r0,flash_step,419
85.0,2.3296193836297774,0.0,336.2402777777778,301.0,0.12997186475150113,1.5181463023948539e-06,443,75.0,0,0.0,,,HPA-r0,flash_step,420
80.0,2.102696844014784,0.0,328.74583333333334,301.0,0.12997186475150124,1.3957379879692373e-05,404,85.0,0,0.0,,,HPA-r0,flash_step,421
185.0,8.804794566823492,0.0,312.5888888888889,301.0,0.12997186475150113,9.911494706727593e-09,452,10.0,0,0.0,,,HPA-r0,flash_step,422
60.0,1.8123572109402852,0.0,329.09444444444443,301.0,0.12997186475150116,5.485103767753302e-08,386,50.0,0,0.0,,,HPA-r0,flash_step,423
240.0,9.641302324303002,0.0,306.90416666666664,301.0,0.12997186475150113,2.3091352139610046e-07,428,80.0,0,0.0,,,HPA-r0,flash_step,424
185.0,7.100996917455227,0.0,334.0513888888889,301.0,0.1299718647515012,9.739738926916837e-09,444,140.0,0,0.0,,,HPA-r0,flash_step,425
130.0,5.238075204413651,0.0,332.53194444444443,301.0,0.12997186475150113,6.342773380787667e-10,390,105.0,0,0.0,,,HPA-r0,flash_step,426
85.0,3.713606791089541,0.0,329.95,301.0,0.12997186475150113,4.185594005723064e-07,348,85.0,0,0.0,,,HPA-r0,flash_step,427
250.0,11.824913883820553,0.0,314.6458333333333,301.0,0.12997186475150133,2.904169880866748e-10,434,105.0,0,0.0,,,HPA-r0,flash_step,428
70.0,2.1646083343322964,0.0,324.7680555555556,301.0,0.12997186475150113,0.00012461551937668008,323,5.0,0,0.0,,,HPA-r0,flash_step,429
125.0,3.8833826018750517,0.0,314.81666666666666,301.0,0.12997186475150113,9.798748188873534e-06,974,50.0,0,0.0,,,HPA-fast-r0,flash_step,400
115.0,5.751111100956196,0.0,311.89722222222224,301.0,0.12997186475150113,6.65919302340356e-06,980,65.0,0,0.0,,,HPA-fast-r0,flash_step,401
110.0,3.919181375217773,0.0,328.7125,301.0,0.12997186475150113,1.1952871690299193e-05,1016,60.0,0,0.0,,,HPA-fast-r0,flash_step,402
65.0,1.9260867048920716,0.0,323.3958333333333,301.0,0.1299718647515014,9.454278566847871e-07,833,65.0,0,0.0,,,HPA-fast-r0,flash_step,403
160.0,6.877981064465888,0.0,285.33472222222224,301.0,0.12997186475150113,0.0003078389574543844,750,65.0,0,0.0,,,HPA-fast-r0,flash_step,404
60.0,2.0711096270456197,0.0,328.45,301.0,0.12997186475150113,6.353852660916764e-05,851,55.0,0,0.0,,,HPA-fast-r0,flash_step,405
200.0,6.041804915045256,0.0,316.5097222222222,301.0,0.12997186475150116,1.6542167416267548e-07,854,55.0,0,0.0,,,HPA-fast-r0,flash_step,406
75.0,3.6921607759653585,0.0,313.93333333333334,301.0,0.1299718647515012,2.389353080904525e-06,936,30.0,0,0.0,,,HPA-fast-r0,flash_step,407
50.0,1.6100701607387191,0.0,331.09722222222223,301.0,0.12997186475150113,0.0020871066552159943,912,15.0,0,0.0,,,HPA-fast-r0,flash_step,408
50.0,1.4961238647759445,0.0,321.625,301.0,0.12997186475150113,6.124841941403579e-05,754,50.0,0,0.0,,,HPA-fast-r0,flash_step,409
245.0,9.949281620455297,0.0,284.6611111111111,301.0,0.12997186475150144,1.281981170807531e-08,776,85.0,0,0.0,,,HPA-fast-r0,flash_step,410
20.0,0.37793818479512353,0.0,330.68055555555554,301.0,0.12997186475150113,0.29055456689584497,814,20.0,0,0.0,,,HPA-fast-r0,flash_step,411
105.0,2.4719190859200046,0.0,315.5513888888889,301.0,0.12997186475150113,0.0015496016480597624,869,55.0,0,0.0,,,HPA-fast-r0,flash_step,412
80.0,3.641740718741049,0.0,311.52916666666664,301.0,0.12997186475150113,1.375249674275816e-05,885,50.0,0,0.0,,,HPA-fast-r0,flash_step,413
30.0,1.1280442038684946,0.0,326.1958333333333,301.0,0.12997186475150116,0.0007104266656196758,917,30.0,0,0.0,,,HPA-fast-r0,flash_step,414
75.0,2.491659848681216,0.0,320.7611111111111,301.0,0.12997186475150113,1.8426227372162606e-06,729,65.0,0,0.0,,,HPA-fast-r0,flash_step,415
155.0,6.579130743380112,0.0,285.40694444444443,301.0,0.12997186475150113,0.00031266033853010264,759,70.0,0,0.0,,,HPA-fast-r0,flash_step,416
55.0,1.496580881812648,0.0,329.83472222222224,301.0,0.12997186475150113,0.030421817614313264,883,55.0,0,0.0,,,HPA-fast-r0,flash_step,417
225.0,8.747964421171673,0.0,320.00555555555553,301.0,0.12997186475150113,0.0006839607540296195,890,55.0,0,0.0,,,HPA-fast-r0,flash_step,418
75.0,2.5877791172042586,0.0,319.4194444444444,301.0,0.12997186475150113,0.000983868428507257,892,50.0,0,0.0,,,HPA-fast-r0,flash_step,419
35.0,1.2111117698622054,0.0,328.54027777777776,301.0,0.12997186475150113,0.0022765880350046354,928,30.0,0,0.0,,,HPA-fast-r0,flash_step,420
50.0,1.3659576942469664,0.0,320.325,301.0,0.12997186475150113,0.0005831241297675269,814,5.0,0,0.0,,,HPA-fast-r0,flash_step,421
120.0,4.84444721611238,0.0,284.27916666666664,301.0,0.12997186475150113,0.0005003484731446587,747,10.0,0,0.0,,,HPA-fast-r0,flash_step,422
70.0,1.9128961821176627,0.0,326.4611111111111,301.0,0.12997186475150113,4.8582008789852335e-06,883,50.0,0,0.0,,,HPA-fast-r0,flash_step,423
145.0,6.749390475573536,0.0,314.21527777777777,301.0,0.12997186475150113,0.0007844096290704677,930,55.0,0,0.0,,,HPA-fast-r0,flash_step,424
90.0,3.1757641540167247,0.0,312.84444444444443,301.0,0.12997186475150113,9.41220356942454e-05,876,85.0,0,0.0,,,HPA-fast-r0,flash_step,425
125.0,4.808017373704532,0.0,325.17083333333335,301.0,0.12997186475150113,2.8638070722792314e-05,1025,90.0,0,0.0,,,HPA-fast-r0,flash_step,426
85.0,3.5663899994887505,0.0,325.7736111111111,301.0,0.12997186475150124,1.024071176504317e-06,745,85.0,0,0.0,,,HPA-fast-r0,flash_step,427
180.0,7.36390306152358,0.0,285.3333333333333,301.0,0.12997186475150127,7.434363753117101e-08,766,70.0,0,0.0,,,HPA-fast-r0,flash_step,428
30.0,0.6608944486060309,0.0,325.84444444444443,301.0,0.12997186475150113,0.06659416494095789,820,15.0,0,0.0,,,HPA-fast-r0,flash_step,429
90.0,2.2617652498849505,0.0,368.4916666666667,301.0,0.12997186475150113,0.03228498437705428,451,20.0,0,0.0,,,HPA-45-r0,flash_step,400
85.0,4.669551494625901,0.0,388.47777777777776,301.0,0.12997186475150113,0.0003168058199813241,481,55.0,0,0.0,,,HPA-45-r0,flash_step,401
80.0,2.7387992851354515,0.0,398.92083333333335,301.0,0.12997186475150113,1.2337744452814516e-07,379,65.0,0,0.0,,,HPA-45-r0,flash_step,402
40.0,1.2560867069631332,0.0,390.80694444444447,301.0,0.12997186475150113,0.00083234717982582,435,45.0,0,0.0,,,HPA-45-r0,flash_step,403
105.0,4.811997796720357,0.0,366.1625,301.0,0.12997186475150113,0.008373040298634168,467,45.0,0,0.0,,,HPA-45-r0,flash_step,404
45.0,1.4066377620393977,0.0,384.69444444444446,301.0,0.12997186475150113,0.05688564254625064,290,55.0,0,0.0,,,HPA-45-r0,flash_step,405
145.0,4.6761534088607615,0.0,364.04305555555555,301.0,0.12997186475150113,0.016293840352633635,431,55.0,0,0.0,,,HPA-45-r0,flash_step,406
70.0,3.4662293544698297,0.0,393.5486111111111,301.0,0.1299718647515012,0.0006679735546629223,498,30.0,0,0.0,,,HPA-45-r0,flash_step,407
60.0,1.668495848319207,0.0,397.1013888888889,301.0,0.12997186475150113,0.0011387137688654025,458,15.0,0,0.0,,,HPA-45-r0,flash_step,408
10.0,0.33754772916189113,0.0,387.96805555555557,301.0,0.12997186475150113,0.09327797648839345,505,10.0,0,0.0,,,HPA-45-r0,flash_step,409
120.0,5.972849220273724,0.0,366.22083333333336,301.0,0.12997186475150113,0.00022470357948097225,436,65.0,0,0.0,,,HPA-45-r0,flash_step,410
15.0,0.2234292092234469,0.0,392.2083333333333,301.0,0.12997186475150113,0.39948259029449645,421,10.0,0,0.0,,,HPA-45-r0,flash_step,411
105.0,3.428051739989102,0.0,362.77916666666664,301.0,0.12997186475150113,0.03410042838092483,419,5.0,0,0.0,,,HPA-45-r0,flash_step,412
50.0,2.7308068336863167,0.0,389.01666666666665,301.0,0.12997186475150113,0.0009479952594222123,447,15.0,0,0.0,,,HPA-45-r0,flash_step,413
35.0,1.2758605746566287,0.0,393.30555555555554,301.0,0.12997186475150113,8.806006556344793e-05,475,35.0,0,0.0,,,HPA-45-r0,flash_step,414
45.0,1.6571863069469006,0.0,388.5875,301.0,0.12997186475150113,0.003335443843198905,395,25.0,0,0.0,,,HPA-45-r0,flash_step,415
170.0,6.941015937551754,0.0,364.3569444444444,301.0,0.12997186475150113,0.00010865040938097256,439,75.0,0,0.0,,,HPA-45-r0,flash_step,416
35.0,0.9833262863069958,0.0,389.2416666666667,301.0,0.12997186475150113,0.02706132639622851,359,35.0,0,0.0,,,HPA-45-r0,flash_step,417
120.0,4.533028010448836,0.0,367.2083333333333,301.0,0.12997186475150113,0.008033910970355112,443,20.0,0,0.0,,,HPA-45-r0,flash_step,418
70.0,2.1338483370977768,0.0,400.86944444444447,301.0,0.12997186475150133,5.7666936260222244e-05,489,75.0,0,0.0,,,HPA-45-r0,flash_step,419
40.0,1.4508563348564096,0.0,396.56666666666666,301.0,0.12997186475150113,1.946348482496628e-05,491,35.0,0,0.0,,,HPA-45-r0,flash_step,420
30.0,1.2024796454434217,0.0,391.3375,301.0,0.12997186475150113,0.0011800803777245407,448,30.0,0,0.0,,,HPA-45-r0,flash_step,421
110.0,5.330171392567351,0.0,364.6013888888889,301.0,0.1299718647515012,0.0016829061705852264,442,55.0,0,0.0,,,HPA-45-r0,flash_step,422
40.0,1.4037125586345178,0.0,391.49305555555554,301.0,0.12997186475150113,0.0009559444793527151,407,40.0,0,0.0,,,HPA-45-r0,flash_step,423
90.0,3.9307915250014536,0.0,365.4513888888889,301.0,0.12997186475150113,0.006027590247642482,465,60.0,0,0.0,,,HPA-45-r0,flash_step,424
85.0,3.244842042979945,0.0,394.37361111111113,301.0,0.12997186475150124,4.757916116297861e-08,439,80.0,0,0.0,,,HPA-45-r0,flash_step,425
75.0,2.9415210559543548,0.0,395.4583333333333,301.0,0.12997186475150113,0.0004983648967668126,388,70.0,0,0.0,,,HPA-45-r0,flash_step,426
70.0,2.8487958460621354,0.0,391.84166666666664,301.0,0.12997186475150113,2.7479288813165748e-05,431,80.0,0,0.0,,,HPA-45-r0,flash_step,427
130.0,6.374735654358654,0.0,366.65833333333336,301.0,0.12997186475150113,4.937207101702094e-05,448,70.0,0,0.0,,,HPA-45-r0,flash_step,428
15.0,0.6140037527018305,0.0,387.74583333333334,301.0,0.12997186475150113,0.08013326541814655,394,15.0,0,0.0,,,HPA-45-r0,flash_step,429
70.0,1.9008564358725777,0.0,474.9791666666667,301.0,0.12997186475150113,0.10815558619687966,524,5.0,0,0.0,,,PredHPA-r0,flash_step,400
65.0,4.135071138627444,0.0,465.8666666666667,301.0,0.12997186475150113,0.0006910884688891775,522,25.0,0,0.0,,,PredHPA-r0,flash_step,401
20.0,0.3248758996242329,0.0,489.2527777777778,301.0,0.12997186475150113,0.5372018814530608,406,10.0,0,0.0,,,PredHPA-r0,flash_step,402
15.0,0.27020641228384656,0.0,459.27777777777777,301.0,0.12997186475150113,0.5996270101079378,390,15.0,0,0.0,,,PredHPA-r0,flash_step,403
85.0,3.622708878903258,0.0,402.33194444444445,301.0,0.12997186475150113,0.003529790155152733,431,15.0,0,0.0,,,PredHPA-r0,flash_step,404
0.0,0.0,0.0,466.40694444444443,301.0,0.12997186475150113,1.0,321,0.0,0,0.0,,,PredHPA-r0,flash_step,405
40.0,1.2748137260857106,0.0,473.84027777777777,301.0,0.12997186475150113,0.1298204524635362,550,10.0,0,0.0,,,PredHPA-r0,flash_step,406
45.0,2.9432591378015682,0.0,472.20694444444445,301.0,0.12997186475150113,0.0007283040289930432,531,5.0,0,0.0,,,PredHPA-r0,flash_step,407
0.0,0.015180790320235005,0.0,486.59166666666664,301.0,0.12997186475150113,0.953430951494201,496,0.0,0,0.0,,,PredHPA-r0,flash_step,408
0.0,0.0,0.0,459.3541666666667,301.0,0.12997186475150113,1.0,424,0.0,0,0.0,,,PredHPA-r0,flash_step,409
110.0,5.537693849037984,0.0,402.41805555555555,301.0,0.12997186475150113,3.740379420319626e-05,453,55.0,0,0.0,,,PredHPA-r0,flash_step,410
0.0,0.003049607162419754,0.0,477.7527777777778,301.0,0.12997186475150113,0.9907467568190804,417,0.0,0,0.0,,,PredHPA-r0,flash_step,411
25.0,0.29295704639344944,0.0,477.43333333333334,301.0,0.12997186475150113,0.6053237173942259,504,5.0,0,0.0,,,PredHPA-r0,flash_step,412
50.0,2.8471824153316283,0.0,467.9291666666667,301.0,0.12997186475150113,0.0008451985118596399,517,15.0,0,0.0,,,PredHPA-r0,flash_step,413
0.0,0.0,0.0,484.0208333333333,301.0,0.12997186475150113,1.0,491,0.0,0,0.0,,,PredHPA-r0,flash_step,414
10.0,0.32069401421682686,0.0,458.01666666666665,301.0,0.12997186475150113,0.3671155416165642,405,10.0,0,0.0,,,PredHPA-r0,flash_step,415
95.0,3.932616664433153,0.0,400.73333333333335,301.0,0.12997186475150113,0.0015022165138217306,454,20.0,0,0.0,,,PredHPA-r0,flash_step,416
0.0,0.0,0.0,463.71527777777777,301.0,0.12997186475150113,1.0,349,0.0,0,0.0,,,PredHPA-r0,flash_step,417
40.0,1.2769646975999138,0.0,474.3375,301.0,0.12997186475150113,0.2327763963945565,532,10.0,0,0.0,,,PredHPA-r0,flash_step,418
5.0,0.0796300031714825,0.0,480.78333333333336,301.0,0.12997186475150113,0.7940984036271624,507,5.0,0,0.0,,,PredHPA-r0,flash_step,419
0.0,0.0,0.0,484.87083333333334,301.0,0.12997186475150113,1.0,531,0.0,0,0.0,,,PredHPA-r0,flash_step,420
0.0,0.0,0.0,455.1986111111111,301.0,0.12997186475150113,1.0,432,0.0,0,0.0,,,PredHPA-r0,flash_step,421
45.0,1.7317220604807115,0.0,403.3861111111111,301.0,0.12997186475150113,0.11827356506323375,431,40.0,0,0.0,,,PredHPA-r0,flash_step,422
0.0,0.0,0.0,474.24583333333334,301.0,0.12997186475150113,1.0,374,0.0,0,0.0,,,PredHPA-r0,flash_step,423
75.0,2.89278031654735,0.0,470.96527777777777,301.0,0.12997186475150113,0.005781824852345956,523,50.0,0,0.0,,,PredHPA-r0,flash_step,424
40.0,1.539007713702123,0.0,480.07916666666665,301.0,0.12997186475150121,0.00023621052875756745,516,35.0,0,0.0,,,PredHPA-r0,flash_step,425
20.0,0.5211106167614998,0.0,486.84027777777777,301.0,0.12997186475150113,0.24758761283017444,409,5.0,0,0.0,,,PredHPA-r0,flash_step,426
5.0,0.1331352458198598,0.0,462.9763888888889,301.0,0.12997186475150113,0.5555781307964355,414,5.0,0,0.0,,,PredHPA-r0,flash_step,427
85.0,4.061550746188614,0.0,396.8486111111111,301.0,0.12997186475150113,0.0053922504038116555,500,20.0,0,0.0,,,PredHPA-r0,flash_step,428
0.0,0.0,0.0,471.0541666666667,301.0,0.12997186475150113,1.0,327,0.0,0,0.0,,,PredHPA-r0,flash_step,429
770.0,29.180588123844263,0.0,477.2597222222222,301.0,15.129971864751502,6.990259094546704e-13,538,5.0,0,0.0,,,PredHPA-r1,flash_step,400
930.0,30.907538748673257,0.0,468.6125,301.0,12.279307435960188,2.786957345650708e-13,499,480.0,0,0.0,,,PredHPA-r1,flash_step,401
760.0,26.51426862412324,0.0,512.0027777777777,301.0,13.28651356358126,1.9601115706470752e-13,558,760.0,0,0.0,,,PredHPA-r1,flash_step,402
1415.0,24.015335827715333,0.0,498.26944444444445,301.0,9.119330886181194,3.445244086768358e-08,459,20.0,0,0.0,,,PredHPA-r1,flash_step,403
2440.0,52.98403995906481,0.0,474.0861111111111,301.0,15.129971864751502,2.860792009873519e-13,414,185.0,0,0.0,,,PredHPA-r1,flash_step,404
0.0,0.0,0.0,466.40694444444443,301.0,0.12997186475150113,1.0,327,0.0,0,0.0,,,PredHPA-r1,flash_step,405
1035.0,37.54242249374319,0.0,481.01666666666665,301.0,12.129971864751502,6.2239361277419006e-12,615,1030.0,0,0.0,,,PredHPA-r1,flash_step,406
155.0,6.085271204852194,0.0,472.87361111111113,301.0,0.12997186475150113,7.44970568548214e-13,535,10.0,0,0.0,,,PredHPA-r1,flash_step,407
6480.0,98.15095821459695,0.0,551.8333333333334,301.0,15.028715459875789,9.841747925816527e-15,276,440.0,0,0.0,,,PredHPA-r1,flash_step,408
1135.0,12.880932666623224,0.0,498.15555555555557,301.0,9.119330886181194,6.591249055604951e-08,516,0.0,0,0.0,,,PredHPA-r1,flash_step,409
2270.0,56.38483599066099,0.0,461.23333333333335,301.0,15.129971864751502,2.4276333491717385e-13,397,1145.0,0,0.0,,,PredHPA-r1,flash_step,410
0.0,0.003049607162419754,0.0,477.7527777777778,301.0,0.12997186475150113,0.9907467568190804,425,0.0,0,0.0,,,PredHPA-r1,flash_step,411
330.0,11.246140124615877,0.0,479.0444444444444,301.0,0.28025961674363353,6.544108756075637e-10,530,5.0,0,0.0,,,PredHPA-r1,flash_step,412
160.0,4.116061954359673,0.0,469.5361111111111,301.0,0.12997186475150113,1.954424102455088e-13,539,20.0,0,0.0,,,PredHPA-r1,flash_step,413
0.0,0.0,0.0,507.10555555555555,301.0,0.12997186475150113,1.0,586,0.0,0,0.0,,,PredHPA-r1,flash_step,414
6160.0,95.01239343098752,0.0,551.8333333333334,301.0,15.790379630486843,1.0773253746122861e-14,251,1200.0,0,0.0,,,PredHPA-r1,flash_step,415
2440.0,53.0899814513185,0.0,470.7986111111111,301.0,12.129971864751502,3.056222942206858e-13,453,185.0,0,0.0,,,PredHPA-r1,flash_step,416
0.0,0.0,0.0,464.03333333333336,301.0,0.12997186475150113,1.0,358,0.0,0,0.0,,,PredHPA-r1,flash_step,417
780.0,28.48578537591213,0.0,479.075,301.0,15.101763125874458,1.8833031831973517e-13,619,5.0,0,0.0,,,PredHPA-r1,flash_step,418
5.0,0.0796300031714825,0.0,480.78333333333336,301.0,0.12997186475150113,0.7940984036271624,513,5.0,0,0.0,,,PredHPA-r1,flash_step,419
0.0,0.0,0.0,506.9527777777778,301.0,0.12997186475150113,1.0,628,0.0,0,0.0,,,PredHPA-r1,flash_step,420
6160.0,94.9324368379252,0.0,551.8333333333334,301.0,15.129971864751502,1.1640932681269751e-14,277,1200.0,0,0.0,,,PredHPA-r1,flash_step,421
720.0,32.636256417441224,0.0,404.78333333333336,301.0,12.129971864751502,8.805954264488061e-11,405,720.0,0,0.0,,,PredHPA-r1,flash_step,422
0.0,0.0,0.0,474.24583333333334,301.0,0.12997186475150113,1.0,381,0.0,0,0.0,,,PredHPA-r1,flash_step,423
1130.0,37.553763779642814,0.0,481.5875,301.0,14.972526815910125,6.655066829470106e-15,518,1130.0,0,0.0,,,PredHPA-r1,flash_step,424
1010.0,36.86045874979897,0.0,480.4736111111111,301.0,14.574456708308691,5.788047435528008e-15,529,1010.0,0,0.0,,,PredHPA-r1,flash_step,425
1920.0,37.519868859845886,0.0,530.6819444444444,301.0,12.278900012220289,1.0127994338624005e-13,388,15.0,0,0.0,,,PredHPA-r1,flash_step,426
1040.0,11.958618181650948,0.0,501.0,301.0,9.119330886181194,4.505608568340711e-08,477,5.0,0,0.0,,,PredHPA-r1,flash_step,427
2425.0,48.965603379751066,0.0,473.7138888888889,301.0,15.129971864751502,3.02197641783499e-13,421,285.0,0,0.0,,,PredHPA-r1,flash_step,428
0.0,0.0,0.0,470.725,301.0,0.12997186475150113,1.0,328,0.0,0,0.0,,,PredHPA-r1,flash_step,429
1105.0,33.32607667562733,0.0,414.4125,301.0,9.116835434733883,9.328672387731329e-11,3100,15.0,8,0.0,,,ARC,flash_step,400
565.0,20.652493096887603,0.0,404.4527777777778,301.0,6.134126043135252,9.770513483734e-12,3428,155.0,10,0.0,,,ARC,flash_step,401
855.0,30.003413110273325,0.0,406.12083333333334,301.0,9.48731870005433,6.0479710775333e-09,3209,745.0,8,0.0,,,ARC,flash_step,402
30.0,0.7132525498041886,0.0,401.7263888888889,301.0,0.12997186475150113,0.03494838127852205,3543,20.0,8,0.0,,,ARC,flash_step,403
1295.0,40.93472768066413,0.0,370.06388888888887,301.0,11.268627759852741,2.008764376605158e-11,2230,190.0,8,0.0,,,ARC,flash_step,404
270.0,6.481440199834509,0.0,424.40416666666664,301.0,0.12997186475150113,2.921448993342413e-08,3261,5.0,8,0.0,,,ARC,flash_step,405
900.0,33.27822563516312,0.0,399.5138888888889,301.0,9.948360691292027,4.330052090984716e-10,3096,20.0,9,0.0,,,ARC,flash_step,406
1980.0,46.79565588054566,0.0,420.73333333333335,301.0,13.239899369936639,2.8335016907213513e-12,2752,770.0,7,0.0,,,ARC,flash_step,407
505.0,13.26346818567189,0.0,416.57916666666665,301.0,9.247979833287184,2.5016937793555595e-11,3497,5.0,8,0.0,,,ARC,flash_step,408
1300.0,35.47173108692999,0.0,427.6333333333333,301.0,11.26766509951818,1.1031205565955822e-10,2797,1200.0,7,0.0,,,ARC,flash_step,409
870.0,40.612325107854815,0.0,357.59583333333336,301.0,8.64078749589339,6.058857087531992e-09,2331,870.0,8,0.0,,,ARC,flash_step,410
1090.0,26.802545483322106,0.0,424.4375,301.0,12.301961646494286,1.1518505507136153e-11,2740,25.0,8,0.0,,,ARC,flash_step,411
885.0,31.220680620568984,0.0,403.06388888888887,301.0,7.4954418679058925,5.147276047586106e-08,3060,5.0,9,30.0,,,ARC,flash_step,412
575.0,20.897383203953122,0.0,403.90972222222223,301.0,8.95851754477952,3.891204725823811e-11,3100,435.0,9,0.0,,,ARC,flash_step,413
90.0,2.036912697113469,0.0,406.675,301.0,0.12997186475150113,4.325436068373894e-08,3618,5.0,8,0.0,,,ARC,flash_step,414
40.0,0.6534200722656869,0.0,406.2402777777778,301.0,0.12997186475150113,0.25663347786298774,3617,15.0,8,0.0,,,ARC,flash_step,415
1305.0,40.888389682918266,0.0,358.78055555555557,301.0,10.547042593564791,9.748253859585899e-10,2251,185.0,8,0.0,,,ARC,flash_step,416
30.0,0.3492567997277929,0.0,401.6222222222222,301.0,0.12997186475150113,0.4597913452687781,3170,5.0,8,0.0,,,ARC,flash_step,417
995.0,35.23492101228598,0.0,394.34027777777777,301.0,12.8827210529921,6.835997571621403e-10,2953,840.0,9,25.0,,,ARC,flash_step,418
1080.0,37.4520916266328,0.0,395.71805555555557,301.0,12.879798686369814,4.647503215269471e-12,3094,1070.0,9,0.0,,,ARC,flash_step,419
25.0,0.7823034477632551,0.0,406.62916666666666,301.0,0.12997186475150113,0.2838755593891238,3517,25.0,8,0.0,,,ARC,flash_step,420
30.0,0.6009612307967038,0.0,413.4458333333333,301.0,0.12997186475150113,0.07531902533645658,3446,20.0,8,0.0,,,ARC,flash_step,421
75.0,3.0257078501439993,0.0,338.5486111111111,301.0,0.12997186475150113,0.032980254388700926,2561,10.0,9,0.0,,,ARC,flash_step,422
745.0,24.992749205431174,0.0,422.8597222222222,301.0,9.49959248174942,5.0308524971180314e-09,3072,65.0,9,0.0,,,ARC,flash_step,423
1090.0,37.78980461254342,0.0,402.7138888888889,301.0,10.715772295870158,1.3028492134948066e-10,2864,1045.0,8,0.0,,,ARC,flash_step,424
530.0,21.08334549845683,0.0,394.1277777777778,301.0,6.724162219007087,2.190058069019277e-09,3458,530.0,10,0.0,,,ARC,flash_step,425
700.0,25.937022190898652,0.0,420.6694444444444,301.0,9.873442795536437,1.1063897603267165e-10,3473,630.0,9,45.0,,,ARC,flash_step,426
920.0,30.942369016797656,0.0,415.12361111111113,301.0,7.574456578786073,5.540139766845654e-09,2751,920.0,7,0.0,,,ARC,flash_step,427
2560.0,56.22272765820973,0.0,413.65972222222223,301.0,12.116835434733883,1.4668275163374493e-12,1982,285.0,6,0.0,,,ARC,flash_step,428
0.0,0.0,0.0,420.70694444444445,301.0,0.12997186475150113,1.0,3280,0.0,8,0.0,,,ARC,flash_step,429
190.0,4.907159266039929,0.0,398.87638888888887,301.0,0.1299718647515012,0.0014886194860071963,3248,5.0,9,0.0,,,ARC-r0,flash_step,400
95.0,4.745494003103257,0.0,402.21805555555557,301.0,0.12997186475150113,0.00016471359274720755,3583,35.0,10,0.0,,,ARC-r0,flash_step,401
75.0,2.473514706222135,0.0,408.61805555555554,301.0,0.12997186475150113,0.0371030003554629,3400,5.0,8,0.0,,,ARC-r0,flash_step,402
25.0,0.6651814630823982,0.0,398.2472222222222,301.0,0.12997186475150113,0.03494838127852205,3450,20.0,8,0.0,,,ARC-r0,flash_step,403
155.0,5.7922640524172175,0.0,346.6611111111111,301.0,0.12997186475150113,0.0018373324079569947,2539,50.0,9,0.0,,,ARC-r0,flash_step,404
15.0,0.0984480134644583,0.0,418.68055555555554,301.0,0.12997186475150113,0.7871152163582883,3359,5.0,8,0.0,,,ARC-r0,flash_step,405
135.0,2.7690506587384256,0.0,395.375,301.0,0.12997186475150113,0.02180279880345286,3306,20.0,9,0.0,,,ARC-r0,flash_step,406
60.0,3.2306303360589372,0.0,392.8569444444444,301.0,0.12997186475150113,0.009177190351778745,3516,10.0,9,0.0,,,ARC-r0,flash_step,407
10.0,0.1344604243261327,0.0,410.40694444444443,301.0,0.12997186475150113,0.7195508237746254,3577,5.0,8,0.0,,,ARC-r0,flash_step,408
30.0,0.5887974937012763,0.0,418.2638888888889,301.0,0.12997186475150113,0.09765170089563109,3400,5.0,8,0.0,,,ARC-r0,flash_step,409
215.0,8.204405819124439,0.0,353.7291666666667,301.0,0.12997186475150113,0.00046175390487714947,2580,50.0,9,0.0,,,ARC-r0,flash_step,410
45.0,0.5964044251052347,0.0,410.4402777777778,301.0,0.12997186475150113,0.33908688457476294,3308,5.0,9,0.0,,,ARC-r0,flash_step,411
135.0,2.6277151629161555,0.0,396.34027777777777,301.0,0.12997186475150113,0.09167725800606136,3246,5.0,9,0.0,,,ARC-r0,flash_step,412
55.0,2.943080318178104,0.0,396.5736111111111,301.0,0.12997186475150113,5.56638128059524e-06,3371,10.0,9,0.0,,,ARC-r0,flash_step,413
20.0,0.19446036138025535,0.0,403.3888888888889,301.0,0.12997186475150113,0.6477034310264072,3538,5.0,8,0.0,,,ARC-r0,flash_step,414
30.0,0.5269525375856898,0.0,406.0388888888889,301.0,0.12997186475150113,0.25663347786298774,3509,15.0,9,0.0,,,ARC-r0,flash_step,415
120.0,5.38660720474855,0.0,331.42083333333335,301.0,0.12997186475150113,0.00036380962223499984,2524,50.0,9,0.0,,,ARC-r0,flash_step,416
25.0,0.19410457601655162,0.0,399.825,301.0,0.12997186475150113,0.7436549717301415,3184,5.0,10,0.0,,,ARC-r0,flash_step,417
130.0,1.8879992939987322,0.0,385.9347222222222,301.0,0.12997186475150113,0.04272424449867672,3132,20.0,9,0.0,,,ARC-r0,flash_step,418
65.0,1.838939833547204,0.0,395.65833333333336,301.0,0.12997186475150121,0.0034944231844059926,3334,40.0,9,0.0,,,ARC-r0,flash_step,419
5.0,0.100610759611508,0.0,406.225,301.0,0.12997186475150113,0.7675829417291484,3512,5.0,8,0.0,,,ARC-r0,flash_step,420
25.0,0.6798667950005166,0.0,411.71805555555557,301.0,0.12997186475150113,0.028719000408937594,3428,20.0,8,0.0,,,ARC-r0,flash_step,421
75.0,3.0257078501439993,0.0,338.5486111111111,301.0,0.12997186475150113,0.032980254388700926,2561,10.0,9,0.0,,,ARC-r0,flash_step,422
50.0,1.19065691927156,0.0,418.08472222222224,301.0,0.12997186475150113,0.012953277307621299,3393,35.0,9,0.0,,,ARC-r0,flash_step,423
135.0,3.9696197600076255,0.0,389.2347222222222,301.0,0.12997186475150113,1.1998159912146324e-05,3193,55.0,9,5.0,,,ARC-r0,flash_step,424
60.0,2.218265327494262,0.0,392.53194444444443,301.0,0.1299718647515012,2.706744877407797e-07,3540,45.0,10,0.0,,,ARC-r0,flash_step,425
55.0,1.2769516292140182,0.0,414.9513888888889,301.0,0.12997186475150113,0.03422783430981126,3516,10.0,9,10.0,,,ARC-r0,flash_step,426
45.0,1.7268969525188305,0.0,410.55,301.0,0.12997186475150113,0.016453896398808232,3411,45.0,8,0.0,,,ARC-r0,flash_step,427
135.0,4.597582869688733,0.0,335.4013888888889,301.0,0.12997186475150113,6.009785007924653e-08,2608,60.0,10,0.0,,,ARC-r0,flash_step,428
0.0,0.0,0.0,420.75694444444446,301.0,0.12997186475150113,1.0,3206,0.0,8,0.0,,,ARC-r0,flash_step,429
780.0,29.752865097563962,0.0,399.6958333333333,301.0,8.109324980293598,7.028039810369499e-10,3042,10.0,9,0.0,,,ARC-r1,flash_step,400
330.0,14.06092625444667,0.0,402.17083333333335,301.0,0.20928353362551466,2.4563571346750465e-11,3448,155.0,9,0.0,,,ARC-r1,flash_step,401
665.0,23.73524803147704,0.0,404.36944444444447,301.0,11.655752089295945,2.974190437796679e-11,3387,35.0,8,0.0,,,ARC-r1,flash_step,402
30.0,0.7068598565311168,0.0,401.7263888888889,301.0,0.12997186475150113,0.03494838127852205,3543,20.0,8,0.0,,,ARC-r1,flash_step,403
695.0,32.77221163869446,0.0,345.22777777777776,301.0,10.265142178838568,4.334381425926016e-12,2377,190.0,9,0.0,,,ARC-r1,flash_step,404
175.0,5.3211415674093265,0.0,422.2944444444444,301.0,0.12997186475150113,3.44259485743105e-07,3295,5.0,7,0.0,,,ARC-r1,flash_step,405
565.0,21.168477338746904,0.0,399.04027777777776,301.0,5.864000289176602,5.315347517962544e-10,3297,20.0,9,0.0,,,ARC-r1,flash_step,406
865.0,33.789276136122325,0.0,392.84305555555557,301.0,12.00579849326801,5.822554734675472e-12,3186,725.0,9,0.0,,,ARC-r1,flash_step,407
45.0,1.2525276177450695,0.0,411.60555555555555,301.0,0.12997186475150113,0.0007421049792895499,3610,5.0,8,0.0,,,ARC-r1,flash_step,408
495.0,14.523082510667395,0.0,423.5472222222222,301.0,7.0206073429864215,2.424571315482111e-09,3098,55.0,7,0.0,,,ARC-r1,flash_step,409
855.0,40.43491157477107,0.0,357.97083333333336,301.0,8.56065531368894,8.024824690425306e-09,2353,855.0,8,0.0,,,ARC-r1,flash_step,410
740.0,23.444404007923826,0.0,413.95694444444445,301.0,11.22512868111126,7.036953844834884e-12,2883,20.0,9,0.0,,,ARC-r1,flash_step,411
760.0,28.62419360845476,0.0,398.79305555555555,301.0,6.307692405062128,5.161966037292798e-08,2964,5.0,9,0.0,,,ARC-r1,flash_step,412
485.0,19.83423095383767,0.0,400.72083333333336,301.0,8.293392986382285,5.481999948717459e-11,3161,430.0,8,0.0,,,ARC-r1,flash_step,413
40.0,1.295034096433323,0.0,404.4166666666667,301.0,0.12997186475150113,0.0031938748278945548,3500,5.0,8,0.0,,,ARC-r1,flash_step,414
35.0,0.5947715081048743,0.0,406.2402777777778,301.0,0.12997186475150113,0.25663347786298774,3617,15.0,8,0.0,,,ARC-r1,flash_step,415
685.0,32.43477109439481,0.0,335.64166666666665,301.0,10.445698222100159,1.3663784565646982e-09,2336,185.0,9,0.0,,,ARC-r1,flash_step,416
30.0,0.3177037307685482,0.0,401.6222222222222,301.0,0.12997186475150113,0.494816226101198,3168,5.0,8,0.0,,,ARC-r1,flash_step,417
285.0,5.996505144013453,0.0,393.0125,301.0,0.12997186475150113,1.5678844418687834e-08,3184,15.0,9,0.0,,,ARC-r1,flash_step,418
970.0,36.00441405964698,0.0,395.29305555555555,301.0,11.591881870429638,6.80876865855566e-12,3176,960.0,9,0.0,,,ARC-r1,flash_step,419
20.0,0.42147251534515595,0.0,406.225,301.0,0.12997186475150113,0.38297598009851574,3512,20.0,8,0.0,,,ARC-r1,flash_step,420
875.0,29.779707377028796,0.0,414.94444444444446,301.0,8.88652475050487,1.7068615540575248e-08,2905,875.0,8,0.0,,,ARC-r1,flash_step,421
75.0,3.0257078501439993,0.0,338.5486111111111,301.0,0.12997186475150113,0.032980254388700926,2561,10.0,9,0.0,,,ARC-r1,flash_step,422
725.0,24.83797540988698,0.0,420.7597222222222,301.0,8.490358067393432,3.424790379012411e-08,3058,55.0,9,0.0,,,ARC-r1,flash_step,423
865.0,34.63455029020508,0.0,393.9458333333333,301.0,9.326437771514732,4.940937976213637e-10,2896,805.0,9,0.0,,,ARC-r1,flash_step,424
515.0,20.67799211549598,0.0,394.68611111111113,301.0,5.617900412451251,2.854699643277852e-09,3458,505.0,10,0.0,,,ARC-r1,flash_step,425
550.0,19.346744151176143,0.0,416.9611111111111,301.0,10.177261698120626,3.515762948622601e-09,3369,15.0,9,15.0,,,ARC-r1,flash_step,426
710.0,24.631365699658623,0.0,412.65416666666664,301.0,6.123151669107154,3.7825893541094764e-08,2969,710.0,8,0.0,,,ARC-r1,flash_step,427
1895.0,48.897949370340356,0.0,384.7875,301.0,11.79113571906813,3.169716383173638e-12,2229,285.0,8,0.0,,,ARC-r1,flash_step,428
0.0,0.0,0.0,420.70694444444445,301.0,0.12997186475150113,1.0,3275,0.0,8,0.0,,,ARC-r1,flash_step,429
45.0,0.6201933575102347,0.0,238.24583333333334,161.0,0.12997186475150113,0.006541236351575408,169,35.0,0,0.0,,,HPA-r0,kill_cascade,400
15.0,0.09670098897840429,0.0,260.3888888888889,187.0,0.12997186475150113,0.7942498648787472,282,5.0,0,0.0,,,HPA-r0,kill_cascade,401
30.0,0.41266697561140875,0.0,253.53472222222223,170.0,0.12997186475150113,0.002566713361360437,208,30.0,0,0.0,,,HPA-r0,kill_cascade,402
30.0,0.41296849059668794,0.0,242.85833333333332,141.0,0.12997186475150113,0.00910437804997688,144,30.0,0,0.0,,,HPA-r0,kill_cascade,403
20.0,0.35724565247874374,0.0,245.90833333333333,170.0,0.12997186475150113,0.0018072021357346648,197,20.0,0,0.0,,,HPA-r0,kill_cascade,404
25.0,0.325077785145389,0.0,243.95,138.0,0.12997186475150113,0.0023647641057360923,106,25.0,0,0.0,,,HPA-r0,kill_cascade,405
35.0,0.4961449814776753,0.0,236.55833333333334,161.0,0.12997186475150113,0.002585230767587949,182,30.0,0,0.0,,,HPA-r0,kill_cascade,406
45.0,0.6380347550119181,0.0,262.1736111111111,185.0,0.12997186475150113,0.0026878914664211673,284,25.0,0,0.0,,,HPA-r0,kill_cascade,407
25.0,0.3087362959262929,0.0,255.4625,171.0,0.12997186475150113,0.002528215206445554,191,25.0,0,0.0,,,HPA-r0,kill_cascade,408
25.0,0.28898109032933217,0.0,239.18333333333334,137.0,0.12997186475150113,0.0010981350275800043,131,25.0,0,0.0,,,HPA-r0,kill_cascade,409
0.0,0.0,0.0,243.22916666666666,167.0,0.12997186475150113,1.0,180,0.0,0,0.0,,,HPA-r0,kill_cascade,410
20.0,0.2807934873211071,0.0,242.0222222222222,140.0,0.12997186475150113,0.002847504248198208,117,20.0,0,0.0,,,HPA-r0,kill_cascade,411
30.0,0.4582971484582976,0.0,237.36111111111111,155.0,0.12997186475150113,0.0005532420994949665,170,20.0,0,0.0,,,HPA-r0,kill_cascade,412
40.0,0.4240001263162818,0.0,262.2138888888889,197.0,0.12997186475150113,0.2530862222022692,291,20.0,0,0.0,,,HPA-r0,kill_cascade,413
35.0,0.5540741113387315,0.0,254.41944444444445,167.0,0.12997186475150113,0.008494013248988944,206,40.0,0,0.0,,,HPA-r0,kill_cascade,414
25.0,0.3775789213862346,0.0,239.08055555555555,140.0,0.12997186475150113,0.002307642475147531,133,25.0,0,0.0,,,HPA-r0,kill_cascade,415
30.0,0.6494375787746476,0.0,246.19444444444446,174.0,0.12997186475150113,0.0018943231021321552,196,30.0,0,0.0,,,HPA-r0,kill_cascade,416
35.0,0.5231427323542981,0.0,242.39027777777778,139.0,0.12997186475150113,0.010504992010066331,98,35.0,0,0.0,,,HPA-r0,kill_cascade,417
60.0,0.7910927373339427,0.0,239.2513888888889,160.0,0.12997186475150113,0.008133289690196365,176,50.0,0,0.0,,,HPA-r0,kill_cascade,418
45.0,0.7444246781593056,0.0,264.58194444444445,195.0,0.12997186475150113,0.00045749592333294584,296,20.0,0,0.0,,,HPA-r0,kill_cascade,419
35.0,0.5786808671904065,0.0,255.6125,168.0,0.12997186475150113,0.008648416883248303,205,35.0,0,0.0,,,HPA-r0,kill_cascade,420
40.0,0.3913307519709752,0.0,243.76527777777778,149.0,0.12997186475150113,0.012350383190209025,148,40.0,0,0.0,,,HPA-r0,kill_cascade,421
20.0,0.2103549132622229,0.0,244.72916666666666,182.0,0.12997186475150113,0.0030887020370863943,208,20.0,0,0.0,,,HPA-r0,kill_cascade,422
0.0,0.0,0.0,242.4625,144.0,0.12997186475150113,1.0,124,0.0,0,0.0,,,HPA-r0,kill_cascade,423
55.0,1.331795703886296,0.0,239.79444444444445,164.0,0.12997186475150113,0.0056308218606731355,179,45.0,0,0.0,,,HPA-r0,kill_cascade,424
65.0,0.9674034001281306,0.0,260.99583333333334,186.0,0.12997186475150113,0.005909767016502868,286,45.0,0,0.0,,,HPA-r0,kill_cascade,425
20.0,0.3114894468187912,0.0,252.92638888888888,170.0,0.12997186475150113,0.0008941709145230327,181,20.0,0,0.0,,,HPA-r0,kill_cascade,426
25.0,0.36088332409327517,0.0,246.57222222222222,150.0,0.12997186475150113,0.002116618852101924,150,25.0,0,0.0,,,HPA-r0,kill_cascade,427
35.0,0.780428599803562,0.0,246.2736111111111,169.0,0.12997186475150113,0.008345273795398594,174,35.0,0,0.0,,,HPA-r0,kill_cascade,428
30.0,0.229493730099517,0.0,243.2277777777778,142.0,0.12997186475150113,0.015138325947143157,127,35.0,0,0.0,,,HPA-r0,kill_cascade,429
40.0,0.49349935812542656,0.0,270.09722222222223,183.0,0.12997186475150113,0.009931298721634178,599,40.0,0,0.0,,,HPA-fast-r0,kill_cascade,400
5.0,0.022520382216717483,0.0,265.9625,198.0,0.12997186475150113,0.6414123527900696,683,5.0,0,0.0,,,HPA-fast-r0,kill_cascade,401
30.0,0.45643119707096114,0.0,282.0444444444444,212.0,0.12997186475150113,0.002566713361360437,733,30.0,0,0.0,,,HPA-fast-r0,kill_cascade,402
30.0,0.41296849059668794,0.0,267.1847222222222,183.0,0.12997186475150113,0.00910437804997688,447,30.0,0,0.0,,,HPA-fast-r0,kill_cascade,403
35.0,0.5566806233599397,0.0,240.05694444444444,185.0,0.12997186475150113,0.0009996624853573788,400,25.0,0,0.0,,,HPA-fast-r0,kill_cascade,404
15.0,0.19650760467272432,0.0,276.3986111111111,218.0,0.12997186475150113,0.0051850033050073775,553,15.0,0,0.0,,,HPA-fast-r0,kill_cascade,405
25.0,0.3109058975089285,0.0,271.14166666666665,182.0,0.12997186475150113,0.002585230767587949,591,25.0,0,0.0,,,HPA-fast-r0,kill_cascade,406
25.0,0.3877180830889393,0.0,265.52777777777777,205.0,0.12997186475150113,0.0026878914664211673,660,25.0,0,0.0,,,HPA-fast-r0,kill_cascade,407
20.0,0.24560347725214315,0.0,284.35555555555555,221.0,0.12997186475150113,0.008469535066677964,736,20.0,0,0.0,,,HPA-fast-r0,kill_cascade,408
20.0,0.2851598732701133,0.0,268.3666666666667,173.0,0.12997186475150113,0.0010981350275800043,457,20.0,0,0.0,,,HPA-fast-r0,kill_cascade,409
5.0,0.00736659380954352,0.0,238.98611111111111,180.0,0.12997186475150113,0.9376491068921642,415,0.0,0,0.0,,,HPA-fast-r0,kill_cascade,410
20.0,0.2807934873211071,0.0,276.79305555555555,222.0,0.12997186475150113,0.002847504248198208,536,20.0,0,0.0,,,HPA-fast-r0,kill_cascade,411
25.0,0.31047088807587553,0.0,269.40694444444443,180.0,0.12997186475150113,0.0014574233872210898,544,20.0,0,0.0,,,HPA-fast-r0,kill_cascade,412
30.0,0.3992091731096825,0.0,264.69166666666666,220.0,0.12997186475150113,0.0026472182488318867,654,25.0,0,0.0,,,HPA-fast-r0,kill_cascade,413
15.0,0.3479251909035197,0.0,277.93333333333334,210.0,0.12997186475150113,0.011949378546062369,686,15.0,0,0.0,,,HPA-fast-r0,kill_cascade,414
20.0,0.33413460831157593,0.0,266.7138888888889,183.0,0.12997186475150113,0.002307642475147531,441,20.0,0,0.0,,,HPA-fast-r0,kill_cascade,415
35.0,0.461443531154182,0.0,239.9597222222222,187.0,0.12997186475150113,0.0030641568203609677,425,25.0,0,0.0,,,HPA-fast-r0,kill_cascade,416
35.0,0.5231427323542981,0.0,276.11944444444447,207.0,0.12997186475150113,0.010504992010066331,576,35.0,0,0.0,,,HPA-fast-r0,kill_cascade,417
35.0,0.41679521429622834,0.0,274.12361111111113,184.0,0.12997186475150113,0.01395684162087012,634,35.0,0,0.0,,,HPA-fast-r0,kill_cascade,418
30.0,0.4285418676879704,0.0,268.10833333333335,216.0,0.12997186475150113,0.00045749592333294584,698,25.0,0,0.0,,,HPA-fast-r0,kill_cascade,419
30.0,0.48629302685372355,0.0,281.44305555555553,216.0,0.12997186475150113,0.011455355010540631,715,30.0,0,0.0,,,HPA-fast-r0,kill_cascade,420
45.0,0.4449845627954363,0.0,265.6666666666667,176.0,0.12997186475150113,0.014656021341849559,412,45.0,0,0.0,,,HPA-fast-r0,kill_cascade,421
10.0,0.04921576838798902,0.0,239.75,190.0,0.12997186475150113,0.6165258557876699,387,10.0,0,0.0,,,HPA-fast-r0,kill_cascade,422
0.0,0.0,0.0,276.77916666666664,215.0,0.12997186475150113,1.0,568,0.0,0,0.0,,,HPA-fast-r0,kill_cascade,423
55.0,1.2189104216779545,0.0,273.6069444444444,189.0,0.12997186475150113,0.008046435257097143,582,50.0,0,0.0,,,HPA-fast-r0,kill_cascade,424
40.0,0.6679169348564495,0.0,263.4625,210.0,0.12997186475150113,0.005909767016502868,637,40.0,0,0.0,,,HPA-fast-r0,kill_cascade,425
20.0,0.3121993092913611,0.0,279.86805555555554,203.0,0.12997186475150113,0.0008941709145230327,719,20.0,0,0.0,,,HPA-fast-r0,kill_cascade,426
25.0,0.36088332409327517,0.0,270.7680555555556,179.0,0.12997186475150113,0.002116618852101924,473,25.0,0,0.0,,,HPA-fast-r0,kill_cascade,427
45.0,0.7697629261758765,0.0,239.6611111111111,184.0,0.12997186475150113,0.010964201587286289,390,35.0,0,0.0,,,HPA-fast-r0,kill_cascade,428
25.0,0.1807885794151698,0.0,273.74305555555554,208.0,0.12997186475150113,0.015138325947143157,538,30.0,0,0.0,,,HPA-fast-r0,kill_cascade,429
30.0,0.4196308188023079,0.0,314.1513888888889,212.0,0.12997186475150113,0.009931298721634178,226,30.0,0,0.0,,,HPA-45-r0,kill_cascade,400
0.0,0.0,0.0,343.90277777777777,249.0,0.12997186475150113,1.0,296,0.0,0,0.0,,,HPA-45-r0,kill_cascade,401
20.0,0.15011997902272256,0.0,338.88194444444446,227.0,0.12997186475150113,0.15315478011757108,233,20.0,0,0.0,,,HPA-45-r0,kill_cascade,402
35.0,0.45517209500707256,0.0,321.09305555555557,192.0,0.12997186475150113,0.00910437804997688,174,35.0,0,0.0,,,HPA-45-r0,kill_cascade,403
20.0,0.35724565247874374,0.0,322.0125,225.0,0.12997186475150113,0.0018072021357346648,221,20.0,0,0.0,,,HPA-45-r0,kill_cascade,404
10.0,0.16461842109336544,0.0,321.9291666666667,189.0,0.12997186475150113,0.0051850033050073775,141,10.0,0,0.0,,,HPA-45-r0,kill_cascade,405
25.0,0.3074319154810379,0.0,310.5208333333333,212.0,0.12997186475150113,0.002585230767587949,211,25.0,0,0.0,,,HPA-45-r0,kill_cascade,406
25.0,0.3620909146102469,0.0,345.4972222222222,249.0,0.12997186475150113,0.0026878914664211673,314,25.0,0,0.0,,,HPA-45-r0,kill_cascade,407
25.0,0.25399034996054226,0.0,337.15972222222223,223.0,0.12997186475150113,0.008469535066677964,228,25.0,0,0.0,,,HPA-45-r0,kill_cascade,408
20.0,0.2851598732701133,0.0,321.96666666666664,194.0,0.12997186475150113,0.0010981350275800043,190,20.0,0,0.0,,,HPA-45-r0,kill_cascade,409
0.0,0.0,0.0,316.7361111111111,213.0,0.12997186475150113,1.0,196,0.0,0,0.0,,,HPA-45-r0,kill_cascade,410
20.0,0.21248937739918317,0.0,323.7111111111111,196.0,0.12997186475150113,0.12460986329776172,172,20.0,0,0.0,,,HPA-45-r0,kill_cascade,411
20.0,0.23254069260600918,0.0,305.9111111111111,207.0,0.12997186475150113,0.0014574233872210898,204,20.0,0,0.0,,,HPA-45-r0,kill_cascade,412
20.0,0.1086279683044089,0.0,345.4875,256.0,0.12997186475150113,0.2530862222022692,318,20.0,0,0.0,,,HPA-45-r0,kill_cascade,413
20.0,0.3976744117660469,0.0,333.5472222222222,216.0,0.12997186475150113,0.011949378546062369,229,20.0,0,0.0,,,HPA-45-r0,kill_cascade,414
25.0,0.3312952373264122,0.0,318.3541666666667,197.0,0.12997186475150113,0.004636242296169475,169,25.0,0,0.0,,,HPA-45-r0,kill_cascade,415
25.0,0.5304403238380329,0.0,321.6666666666667,235.0,0.12997186475150113,0.0030641568203609677,212,25.0,0,0.0,,,HPA-45-r0,kill_cascade,416
35.0,0.4133588954209344,0.0,323.5236111111111,197.0,0.12997186475150113,0.015683885066186416,151,35.0,0,0.0,,,HPA-45-r0,kill_cascade,417
40.0,0.44856344434289763,0.0,314.36805555555554,209.0,0.12997186475150113,0.01395684162087012,228,40.0,0,0.0,,,HPA-45-r0,kill_cascade,418
20.0,0.32242322662046075,0.0,348.1763888888889,257.0,0.12997186475150113,0.0011334662413211329,316,20.0,0,0.0,,,HPA-45-r0,kill_cascade,419
35.0,0.5758608950694466,0.0,331.90694444444443,220.0,0.12997186475150113,0.008648416883248303,234,35.0,0,0.0,,,HPA-45-r0,kill_cascade,420
35.0,0.28112725084054047,0.0,323.0208333333333,204.0,0.12997186475150113,0.014656021341849559,196,35.0,0,0.0,,,HPA-45-r0,kill_cascade,421
10.0,0.043729094243172284,0.0,319.68055555555554,228.0,0.12997186475150113,0.6165258557876699,213,10.0,0,0.0,,,HPA-45-r0,kill_cascade,422
0.0,0.0,0.0,324.48333333333335,196.0,0.12997186475150113,1.0,171,0.0,0,0.0,,,HPA-45-r0,kill_cascade,423
45.0,1.1368110761364902,0.0,318.6375,218.0,0.12997186475150113,0.008046435257097143,230,45.0,0,0.0,,,HPA-45-r0,kill_cascade,424
35.0,0.633242995092953,0.0,342.8541666666667,247.0,0.12997186475150113,0.008626919001540626,307,35.0,0,0.0,,,HPA-45-r0,kill_cascade,425
20.0,0.3114894468187912,0.0,334.44444444444446,218.0,0.12997186475150113,0.0008941709145230327,191,20.0,0,0.0,,,HPA-45-r0,kill_cascade,426
30.0,0.31329472744657805,0.0,322.09444444444443,199.0,0.12997186475150113,0.0038688469202145057,189,30.0,0,0.0,,,HPA-45-r0,kill_cascade,427
35.0,0.7053767964422475,0.0,325.1388888888889,230.0,0.12997186475150113,0.010964201587286289,212,35.0,0,0.0,,,HPA-45-r0,kill_cascade,428
25.0,0.1807885794151698,0.0,321.9222222222222,192.0,0.12997186475150113,0.015138325947143157,160,30.0,0,0.0,,,HPA-45-r0,kill_cascade,429
20.0,0.2332299503486457,0.0,448.1138888888889,301.0,0.12997186475150113,0.043455066160390014,406,20.0,0,0.0,,,PredHPA-r0,kill_cascade,400
0.0,0.0,0.0,445.28055555555557,301.0,0.12997186475150113,1.0,450,0.0,0,0.0,,,PredHPA-r0,kill_cascade,401
0.0,0.0,0.0,474.20694444444445,301.0,0.12997186475150113,1.0,367,0.0,0,0.0,,,PredHPA-r0,kill_cascade,402
20.0,0.3178754452731636,0.0,413.2291666666667,255.0,0.12997186475150113,0.013351897433011168,275,20.0,0,0.0,,,PredHPA-r0,kill_cascade,403
20.0,0.37511575313703416,0.0,380.3652777777778,301.0,0.12997186475150113,0.0018072021357346648,319,20.0,0,0.0,,,PredHPA-r0,kill_cascade,404
0.0,0.0,0.0,434.8875,301.0,0.12997186475150113,1.0,245,0.0,0,0.0,,,PredHPA-r0,kill_cascade,405
10.0,0.07780927447536001,0.0,444.0625,301.0,0.12997186475150113,0.30942304345698257,386,10.0,0,0.0,,,PredHPA-r0,kill_cascade,406
20.0,0.2474602448376717,0.0,448.0986111111111,301.0,0.12997186475150113,0.08274980632594045,468,20.0,0,0.0,,,PredHPA-r0,kill_cascade,407
0.0,0.0,0.0,474.03472222222223,301.0,0.12997186475150113,1.0,368,0.0,0,0.0,,,PredHPA-r0,kill_cascade,408
10.0,0.1268121289788149,0.0,416.15,250.0,0.12997186475150113,0.0748526244467321,277,10.0,0,0.0,,,PredHPA-r0,kill_cascade,409
0.0,0.0,0.0,374.90555555555557,301.0,0.12997186475150113,1.0,310,0.0,0,0.0,,,PredHPA-r0,kill_cascade,410
20.0,0.21248937739918317,0.0,434.0486111111111,301.0,0.12997186475150113,0.12460986329776172,232,20.0,0,0.0,,,PredHPA-r0,kill_cascade,411
0.0,0.0,0.0,449.7375,301.0,0.12997186475150113,1.0,378,0.0,0,0.0,,,PredHPA-r0,kill_cascade,412
20.0,0.1086279683044089,0.0,443.0180555555556,301.0,0.12997186475150113,0.2530862222022692,454,20.0,0,0.0,,,PredHPA-r0,kill_cascade,413
15.0,0.20366999219406656,0.0,470.9736111111111,301.0,0.12997186475150113,0.17456212867293755,370,15.0,0,0.0,,,PredHPA-r0,kill_cascade,414
0.0,0.0,0.0,410.6666666666667,255.0,0.12997186475150113,1.0,301,0.0,0,0.0,,,PredHPA-r0,kill_cascade,415
5.0,0.09494330983891297,0.0,377.93055555555554,301.0,0.12997186475150113,0.2903357310584735,335,5.0,0,0.0,,,PredHPA-r0,kill_cascade,416
30.0,0.37184371678042893,0.0,431.1430555555556,301.0,0.12997186475150113,0.015683885066186416,222,30.0,0,0.0,,,PredHPA-r0,kill_cascade,417
0.0,0.0,0.0,444.59027777777777,301.0,0.12997186475150113,1.0,421,0.0,0,0.0,,,PredHPA-r0,kill_cascade,418
5.0,0.021970304865537305,0.0,445.94166666666666,301.0,0.12997186475150113,0.7579384813239968,462,5.0,0,0.0,,,PredHPA-r0,kill_cascade,419
20.0,0.2218891762176156,0.0,474.15,301.0,0.12997186475150113,0.2293498167034764,386,20.0,0,0.0,,,PredHPA-r0,kill_cascade,420
0.0,0.0,0.0,410.8875,254.0,0.12997186475150113,1.0,327,0.0,0,0.0,,,PredHPA-r0,kill_cascade,421
0.0,0.0,0.0,375.8361111111111,301.0,0.12997186475150113,1.0,313,0.0,0,0.0,,,PredHPA-r0,kill_cascade,422
0.0,0.0,0.0,432.24583333333334,301.0,0.12997186475150113,1.0,250,0.0,0,0.0,,,PredHPA-r0,kill_cascade,423
40.0,0.9330089842128464,0.0,447.8861111111111,301.0,0.12997186475150113,0.010514652012124683,420,40.0,0,0.0,,,PredHPA-r0,kill_cascade,424
30.0,0.44506720250203635,0.0,448.8388888888889,301.0,0.12997186475150113,0.013149500257803795,471,30.0,0,0.0,,,PredHPA-r0,kill_cascade,425
15.0,0.20872879983714343,0.0,470.1402777777778,301.0,0.12997186475150113,0.07407900171518816,336,15.0,0,0.0,,,PredHPA-r0,kill_cascade,426
5.0,0.016163309046168806,0.0,417.06388888888887,255.0,0.12997186475150113,0.8463940521717083,330,5.0,0,0.0,,,PredHPA-r0,kill_cascade,427
35.0,0.6945444745225959,0.0,375.9013888888889,301.0,0.12997186475150113,0.010964201587286289,332,35.0,0,0.0,,,PredHPA-r0,kill_cascade,428
0.0,0.0,0.0,433.3666666666667,301.0,0.12997186475150113,1.0,253,0.0,0,0.0,,,PredHPA-r0,kill_cascade,429
45.0,0.5661192987184704,0.0,461.5736111111111,301.0,0.12997186475150113,0.0059662782643901385,419,45.0,0,0.0,,,PredHPA-r1,kill_cascade,400
0.0,0.0,0.0,445.28055555555557,301.0,0.12997186475150113,1.0,450,0.0,0,0.0,,,PredHPA-r1,kill_cascade,401
5.0,0.03947805118181824,0.0,497.2236111111111,301.0,0.12997186475150113,0.6596407752899955,457,5.0,0,0.0,,,PredHPA-r1,kill_cascade,402
1040.0,15.054772675978578,0.0,450.94166666666666,301.0,9.119330886181194,3.445244086768358e-08,344,0.0,0,0.0,,,PredHPA-r1,kill_cascade,403
190.0,3.5643109596701805,0.0,388.9111111111111,301.0,0.12997186475150113,2.9806465562673483e-09,402,190.0,0,0.0,,,PredHPA-r1,kill_cascade,404
0.0,0.0,0.0,434.8875,301.0,0.12997186475150113,1.0,251,0.0,0,0.0,,,PredHPA-r1,kill_cascade,405
150.0,1.8733362655702024,0.0,465.58194444444445,301.0,0.12997186475150113,5.363950277776754e-07,508,145.0,0,0.0,,,PredHPA-r1,kill_cascade,406
725.0,11.909870524201715,0.0,470.2402777777778,301.0,9.118735354158028,8.550144818249166e-10,543,725.0,0,0.0,,,PredHPA-r1,kill_cascade,407
2290.0,30.821972512186267,0.0,527.3166666666667,301.0,9.123151669107154,1.3324121845238982e-08,401,405.0,0,0.0,,,PredHPA-r1,kill_cascade,408
1140.0,16.169223304078873,0.0,454.78194444444443,301.0,9.119330886181194,6.591249055604951e-08,357,5.0,0,0.0,,,PredHPA-r1,kill_cascade,409
0.0,0.0,0.0,374.90555555555557,301.0,0.12997186475150113,1.0,310,0.0,0,0.0,,,PredHPA-r1,kill_cascade,410
35.0,0.36299400224453215,0.0,458.025,301.0,0.12997186475150113,0.00038764507249609517,284,35.0,0,0.0,,,PredHPA-r1,kill_cascade,411
0.0,0.0,0.0,449.7375,301.0,0.12997186475150113,1.0,378,0.0,0,0.0,,,PredHPA-r1,kill_cascade,412
800.0,13.186526814882004,0.0,467.5888888888889,301.0,9.119330886181194,6.002538603290905e-09,510,800.0,0,0.0,,,PredHPA-r1,kill_cascade,413
30.0,0.40473141140934255,0.0,500.45694444444445,301.0,0.12997186475150113,0.006334303985668218,480,30.0,0,0.0,,,PredHPA-r1,kill_cascade,414
6160.0,93.65832018170688,0.0,551.8333333333334,301.0,9.129971864751502,3.653985582328948e-08,238,1200.0,0,0.0,,,PredHPA-r1,kill_cascade,415
175.0,3.29168313369651,0.0,387.4736111111111,301.0,0.12997186475150113,2.5774774458209112e-08,438,175.0,0,0.0,,,PredHPA-r1,kill_cascade,416
55.0,0.7260076897759538,0.0,455.36805555555554,301.0,0.12997186475150113,0.0051011690193602304,301,55.0,0,0.0,,,PredHPA-r1,kill_cascade,417
5.0,0.011068899691679679,0.0,447.7597222222222,301.0,0.12997186475150113,0.9358673608928275,478,0.0,0,0.0,,,PredHPA-r1,kill_cascade,418
1070.0,18.168781547845647,0.0,479.70972222222224,301.0,9.222663108333403,1.5611053110066106e-09,519,1070.0,0,0.0,,,PredHPA-r1,kill_cascade,419
30.0,0.4228613134217962,0.0,500.9138888888889,301.0,0.12997186475150113,0.006005054635934802,495,30.0,0,0.0,,,PredHPA-r1,kill_cascade,420
6160.0,93.61866117192893,0.0,551.8333333333334,301.0,9.129971864751502,3.152500273584998e-08,258,1200.0,0,0.0,,,PredHPA-r1,kill_cascade,421
0.0,0.0,0.0,375.8361111111111,301.0,0.12997186475150113,1.0,313,0.0,0,0.0,,,PredHPA-r1,kill_cascade,422
0.0,0.0,0.0,432.24583333333334,301.0,0.12997186475150113,1.0,257,0.0,0,0.0,,,PredHPA-r1,kill_cascade,423
815.0,14.823612085979299,0.0,473.17083333333335,301.0,10.247668714621442,3.7733218043484484e-10,548,815.0,0,0.0,,,PredHPA-r1,kill_cascade,424
60.0,0.9633190807231684,0.0,478.10277777777776,301.0,0.12997186475150113,0.0009051980975738895,510,60.0,0,0.0,,,PredHPA-r1,kill_cascade,425
1795.0,24.13611600457879,0.0,527.3486111111112,301.0,9.129971864751502,7.143232225784974e-08,379,630.0,0,0.0,,,PredHPA-r1,kill_cascade,426
1040.0,15.04106929165503,0.0,454.2527777777778,301.0,9.119330886181194,4.505608568340711e-08,377,5.0,0,0.0,,,PredHPA-r1,kill_cascade,427
235.0,4.812324486662078,0.0,387.1875,301.0,0.12997186475150113,0.000315663485052948,408,235.0,0,0.0,,,PredHPA-r1,kill_cascade,428
0.0,0.0,0.0,433.16527777777776,301.0,0.12997186475150113,1.0,261,0.0,0,0.0,,,PredHPA-r1,kill_cascade,429
1855.0,33.20768192488342,0.0,416.11944444444447,301.0,11.410925055150678,3.180054110108347e-10,2626,40.0,7,0.0,,,ARC,kill_cascade,400
0.0,0.0071526075835492975,0.0,372.6166666666667,301.0,0.12997186475150113,0.9631468147663761,3388,0.0,10,0.0,,,ARC,kill_cascade,401
745.0,11.578796446111216,0.0,400.4763888888889,301.0,9.157002528461872,1.4330472061800742e-10,3270,745.0,8,0.0,,,ARC,kill_cascade,402
55.0,0.8252185791684852,0.0,372.9,301.0,0.12997186475150113,4.854397671311661e-05,3285,55.0,10,0.0,,,ARC,kill_cascade,403
190.0,3.5639914153943297,0.0,331.6166666666667,301.0,0.12997186475150113,2.7490948458115767e-09,2471,190.0,10,0.0,,,ARC,kill_cascade,404
25.0,0.3350207920667647,0.0,392.2416666666667,301.0,0.12997186475150113,0.02665054902741592,3237,0.0,10,0.0,,,ARC,kill_cascade,405
130.0,1.7857816109199898,0.0,379.95416666666665,301.0,0.12997186475150113,1.220596884438796e-05,3103,60.0,10,0.0,,,ARC,kill_cascade,406
65.0,0.9228477662110213,0.0,369.12361111111113,301.0,0.12997186475150113,2.385474853711573e-06,3469,65.0,10,0.0,,,ARC,kill_cascade,407
0.0,0.0,0.0,389.5375,301.0,0.12997186475150113,1.0,3525,0.0,9,0.0,,,ARC,kill_cascade,408
5.0,0.021634821456406605,0.0,388.1791666666667,284.0,0.12997186475150113,0.796519646199925,3231,5.0,9,0.0,,,ARC,kill_cascade,409
0.0,0.0,0.0,329.68194444444447,301.0,0.12997186475150113,1.0,2388,0.0,10,0.0,,,ARC,kill_cascade,410
85.0,0.9878918103406242,0.0,382.15694444444443,301.0,0.12997186475150113,2.0720064970549093e-06,3160,60.0,9,0.0,,,ARC,kill_cascade,411
155.0,2.535870107160354,0.0,377.64444444444445,301.0,0.12997186475150113,6.651736501542245e-09,3206,50.0,9,0.0,,,ARC,kill_cascade,412
0.0,0.0,0.0,369.3,301.0,0.12997186475150113,1.0,3246,0.0,10,0.0,,,ARC,kill_cascade,413
0.0,0.0,0.0,382.59166666666664,301.0,0.12997186475150113,1.0,3454,0.0,9,0.0,,,ARC,kill_cascade,414
55.0,0.867894526020685,0.0,379.5888888888889,301.0,0.12997186475150113,1.667577032234406e-06,3329,55.0,9,0.0,,,ARC,kill_cascade,415
85.0,1.6830186342868259,0.0,312.6611111111111,301.0,0.12997186475150113,1.1923244098861794e-05,2330,85.0,10,0.0,,,ARC,kill_cascade,416
15.0,0.2630156764546032,0.0,369.90833333333336,301.0,0.12997186475150113,0.16280973280718905,3055,0.0,10,0.0,,,ARC,kill_cascade,417
95.0,1.5475124506464488,0.0,364.18333333333334,301.0,0.12997186475150113,5.180204803737582e-07,3080,25.0,10,5.0,,,ARC,kill_cascade,418
1085.0,18.320554762160057,0.0,395.34305555555557,301.0,11.58470654433654,2.2497230335405645e-10,3026,1070.0,9,0.0,,,ARC,kill_cascade,419
0.0,0.0,0.0,382.7638888888889,301.0,0.12997186475150113,1.0,3485,0.0,9,0.0,,,ARC,kill_cascade,420
95.0,1.2742142298330372,0.0,387.3333333333333,301.0,0.12997186475150113,7.001528095868023e-05,3212,95.0,10,0.0,,,ARC,kill_cascade,421
0.0,0.0,0.0,315.13055555555553,301.0,0.12997186475150113,1.0,2390,0.0,10,0.0,,,ARC,kill_cascade,422
5.0,0.0678293027744803,0.0,389.9916666666667,301.0,0.12997186475150113,0.6826398594448195,3198,0.0,10,0.0,,,ARC,kill_cascade,423
155.0,2.9476320993827576,0.0,378.8861111111111,301.0,0.12997186475150113,4.058634471469677e-08,3247,55.0,10,15.0,,,ARC,kill_cascade,424
1010.0,17.42381335467532,0.0,394.1347222222222,301.0,10.42295459258377,1.7347998891586014e-10,3125,1010.0,9,0.0,,,ARC,kill_cascade,425
630.0,10.066091512922249,0.0,413.0388888888889,301.0,10.356693667877435,1.2962585871251603e-10,3453,630.0,9,45.0,,,ARC,kill_cascade,426
4060.0,64.75239185632017,0.0,481.0875,301.0,10.435925170098457,1.4162153324889101e-09,1606,1200.0,4,0.0,,,ARC,kill_cascade,427
290.0,5.847082086655108,0.0,326.27222222222224,301.0,0.12997186475150113,8.794698538492606e-10,2427,290.0,10,0.0,,,ARC,kill_cascade,428
0.0,0.0,0.0,390.89166666666665,301.0,0.12997186475150113,1.0,3140,0.0,10,0.0,,,ARC,kill_cascade,429
80.0,1.2050657162550826,0.0,374.3638888888889,301.0,0.12997186475150113,0.0066364254954332,3190,20.0,10,0.0,,,ARC-r0,kill_cascade,400
0.0,0.0030734084635386516,0.0,372.6166666666667,301.0,0.12997186475150113,0.9735001516058732,3388,0.0,10,0.0,,,ARC-r0,kill_cascade,401
10.0,0.08756607970802355,0.0,383.0,301.0,0.12997186475150113,0.4584725697482101,3440,5.0,9,0.0,,,ARC-r0,kill_cascade,402
20.0,0.3178754452731636,0.0,367.5208333333333,290.0,0.12997186475150113,0.013351897433011168,3220,20.0,10,0.0,,,ARC-r0,kill_cascade,403
15.0,0.17963458543835964,0.0,323.0180555555556,301.0,0.12997186475150113,0.2692845960291521,2404,15.0,10,0.0,,,ARC-r0,kill_cascade,404
15.0,0.18259112013632173,0.0,391.1361111111111,301.0,0.12997186475150113,0.17706761062508786,3238,5.0,10,0.0,,,ARC-r0,kill_cascade,405
60.0,0.8024793414203368,0.0,370.3125,301.0,0.12997186475150113,0.08754352034757858,3052,5.0,10,0.0,,,ARC-r0,kill_cascade,406
10.0,0.12487982601404601,0.0,363.1777777777778,301.0,0.12997186475150113,0.08274980632594045,3412,10.0,10,0.0,,,ARC-r0,kill_cascade,407
0.0,0.0,0.0,389.5375,301.0,0.12997186475150113,1.0,3525,0.0,9,0.0,,,ARC-r0,kill_cascade,408
10.0,0.10528849564030995,0.0,388.9819444444444,289.0,0.12997186475150113,0.0748526244467321,3212,10.0,10,0.0,,,ARC-r0,kill_cascade,409
0.0,0.0,0.0,329.68194444444447,301.0,0.12997186475150113,1.0,2388,0.0,10,0.0,,,ARC-r0,kill_cascade,410
25.0,0.2536737257234245,0.0,377.2013888888889,301.0,0.12997186475150113,0.17515358396177605,3073,10.0,9,0.0,,,ARC-r0,kill_cascade,411
60.0,0.8356585182832443,0.0,373.8861111111111,301.0,0.12997186475150113,0.025173721835282922,3155,25.0,10,0.0,,,ARC-r0,kill_cascade,412
0.0,0.0,0.0,369.3,301.0,0.12997186475150113,1.0,3246,0.0,10,0.0,,,ARC-r0,kill_cascade,413
0.0,0.0,0.0,382.59166666666664,301.0,0.12997186475150113,1.0,3454,0.0,9,0.0,,,ARC-r0,kill_cascade,414
15.0,0.20117705031805766,0.0,374.0625,282.0,0.12997186475150113,0.09544329584248068,3246,15.0,9,0.0,,,ARC-r0,kill_cascade,415
5.0,0.09494330983891297,0.0,307.1513888888889,301.0,0.12997186475150113,0.2903357310584735,2330,5.0,10,0.0,,,ARC-r0,kill_cascade,416
40.0,0.4264754852768782,0.0,371.0833333333333,301.0,0.12997186475150113,0.015683885066186416,3125,30.0,10,0.0,,,ARC-r0,kill_cascade,417
60.0,0.9014994112889307,0.0,359.74861111111113,301.0,0.12997186475150113,0.03630496289704326,2958,25.0,10,5.0,,,ARC-r0,kill_cascade,418
20.0,0.28264134899944615,0.0,362.1125,301.0,0.12997186475150113,0.0014950678118518608,3197,20.0,10,0.0,,,ARC-r0,kill_cascade,419
0.0,0.0,0.0,382.7638888888889,301.0,0.12997186475150113,1.0,3485,0.0,9,0.0,,,ARC-r0,kill_cascade,420
40.0,0.3913307519709752,0.0,381.0083333333333,276.0,0.12997186475150113,0.012350383190209025,3205,40.0,9,0.0,,,ARC-r0,kill_cascade,421
0.0,0.0,0.0,315.13055555555553,301.0,0.12997186475150113,1.0,2390,0.0,10,0.0,,,ARC-r0,kill_cascade,422
0.0,0.0,0.0,390.1736111111111,301.0,0.12997186475150113,1.0,3193,0.0,10,0.0,,,ARC-r0,kill_cascade,423
105.0,2.1126874080695357,0.0,369.1388888888889,301.0,0.12997186475150113,0.0017198853418763493,3199,40.0,10,5.0,,,ARC-r0,kill_cascade,424
30.0,0.5068713818929482,0.0,364.0652777777778,301.0,0.12997186475150113,0.013149500257803795,3350,30.0,10,0.0,,,ARC-r0,kill_cascade,425
10.0,0.12877164663969154,0.0,396.9222222222222,301.0,0.12997186475150113,0.2628122258155,3567,10.0,9,10.0,,,ARC-r0,kill_cascade,426
10.0,0.07500326946588975,0.0,374.54027777777776,268.0,0.12997186475150113,0.5437044684610778,3235,20.0,10,0.0,,,ARC-r0,kill_cascade,427
35.0,0.7817572481225388,0.0,312.53055555555557,301.0,0.12997186475150113,0.008345273795398594,2290,35.0,10,0.0,,,ARC-r0,kill_cascade,428
0.0,0.0,0.0,391.4375,301.0,0.12997186475150113,1.0,3147,0.0,10,0.0,,,ARC-r0,kill_cascade,429
135.0,2.221531033540225,0.0,374.82916666666665,301.0,0.12997186475150113,1.0749392458685308e-09,3149,35.0,10,5.0,,,ARC-r1,kill_cascade,400
0.0,0.0070593859610501575,0.0,372.6166666666667,301.0,0.12997186475150113,0.9639890177629156,3388,0.0,10,0.0,,,ARC-r1,kill_cascade,401
45.0,0.6737290005526808,0.0,387.09444444444443,301.0,0.12997186475150113,7.6594376585912e-06,3447,45.0,9,0.0,,,ARC-r1,kill_cascade,402
35.0,0.4559334347220112,0.0,369.4013888888889,285.0,0.12997186475150113,0.0045995023586797345,3251,35.0,10,0.0,,,ARC-r1,kill_cascade,403
185.0,3.5583615612176267,0.0,331.2472222222222,301.0,0.12997186475150113,6.402536711838015e-08,2472,185.0,10,0.0,,,ARC-r1,kill_cascade,404
20.0,0.2732922464479315,0.0,392.22777777777776,301.0,0.12997186475150113,0.0925308692610326,3236,0.0,10,0.0,,,ARC-r1,kill_cascade,405
70.0,0.8896065486995841,0.0,372.81388888888887,301.0,0.12997186475150113,0.09534562776584823,3025,15.0,10,0.0,,,ARC-r1,kill_cascade,406
40.0,0.553243558028893,0.0,365.7583333333333,301.0,0.12997186475150113,6.53233909029933e-05,3474,40.0,10,0.0,,,ARC-r1,kill_cascade,407
0.0,0.0,0.0,389.5375,301.0,0.12997186475150113,1.0,3525,0.0,9,0.0,,,ARC-r1,kill_cascade,408
5.0,0.021634821456406605,0.0,388.1791666666667,284.0,0.12997186475150113,0.796519646199925,3231,5.0,9,0.0,,,ARC-r1,kill_cascade,409
0.0,0.0,0.0,329.68194444444447,301.0,0.12997186475150113,1.0,2388,0.0,10,0.0,,,ARC-r1,kill_cascade,410
45.0,0.5196597444812046,0.0,379.05,301.0,0.12997186475150113,0.0003300380439855141,3090,25.0,9,0.0,,,ARC-r1,kill_cascade,411
85.0,1.544404612004724,0.0,375.4861111111111,301.0,0.12997186475150113,3.5687808917155494e-07,3168,35.0,10,0.0,,,ARC-r1,kill_cascade,412
0.0,0.0,0.0,369.3,301.0,0.12997186475150113,1.0,3246,0.0,10,0.0,,,ARC-r1,kill_cascade,413
0.0,0.0,0.0,382.59166666666664,301.0,0.12997186475150113,1.0,3454,0.0,9,0.0,,,ARC-r1,kill_cascade,414
35.0,0.49340576320167084,0.0,376.28194444444443,282.0,0.12997186475150113,6.555008047447528e-05,3292,35.0,9,0.0,,,ARC-r1,kill_cascade,415
25.0,0.4971131161151443,0.0,309.95694444444445,301.0,0.12997186475150113,0.03650617672464228,2271,25.0,10,0.0,,,ARC-r1,kill_cascade,416
15.0,0.23105107779687328,0.0,369.90833333333336,301.0,0.12997186475150113,0.21636153268632297,3053,0.0,10,0.0,,,ARC-r1,kill_cascade,417
85.0,1.3770707472636423,0.0,362.3,301.0,0.12997186475150113,2.4064914513863317e-08,3101,25.0,10,5.0,,,ARC-r1,kill_cascade,418
50.0,0.5957410347974035,0.0,363.94444444444446,301.0,0.12997186475150113,2.0050629733928987e-07,3369,40.0,10,0.0,,,ARC-r1,kill_cascade,419
0.0,0.0,0.0,382.7638888888889,301.0,0.12997186475150113,1.0,3485,0.0,9,0.0,,,ARC-r1,kill_cascade,420
65.0,0.8838807156433592,0.0,384.34444444444443,285.0,0.12997186475150113,0.002905376205796886,3170,65.0,10,0.0,,,ARC-r1,kill_cascade,421
0.0,0.0,0.0,315.13055555555553,301.0,0.12997186475150113,1.0,2390,0.0,10,0.0,,,ARC-r1,kill_cascade,422
5.0,0.06615083677266043,0.0,390.1152777777778,301.0,0.12997186475150113,0.6910862898083577,3191,0.0,10,0.0,,,ARC-r1,kill_cascade,423
155.0,2.9760054915180634,0.0,377.3625,301.0,0.12997186475150113,1.3307098209216073e-07,3238,55.0,10,15.0,,,ARC-r1,kill_cascade,424
40.0,0.6556134309992134,0.0,364.78472222222223,301.0,0.12997186475150113,7.21571867709199e-05,3374,40.0,10,0.0,,,ARC-r1,kill_cascade,425
25.0,0.29614612284996067,0.0,399.44305555555553,301.0,0.12997186475150113,0.00030798875660207286,3521,25.0,9,25.0,,,ARC-r1,kill_cascade,426
55.0,0.9532252628719151,0.0,383.34027777777777,296.0,0.12997186475150113,3.024185070386191e-06,3215,55.0,10,0.0,,,ARC-r1,kill_cascade,427
285.0,5.83066950776897,0.0,324.9791666666667,301.0,0.12997186475150113,5.2611413750422846e-09,2451,285.0,10,0.0,,,ARC-r1,kill_cascade,428
0.0,0.0,0.0,390.89166666666665,301.0,0.12997186475150113,1.0,3135,0.0,10,0.0,,,ARC-r1,kill_cascade,429
30.0,0.4053167089724363,0.0,237.29305555555555,160.0,0.12997186475150113,0.019037005555605932,163,20.0,0,0.0,,,HPA-r0,node_failure,400
30.0,0.2681973735410237,0.0,259.1458333333333,185.0,0.12997186475150113,0.2726645012933984,283,15.0,0,0.0,,,HPA-r0,node_failure,401
15.0,0.13877592719591103,0.0,253.75,170.0,0.12997186475150113,0.14203832580331738,206,15.0,0,0.0,,,HPA-r0,node_failure,402
15.0,0.11973950006785028,0.0,242.79444444444445,142.0,0.12997186475150113,0.5724088638586536,144,15.0,0,0.0,,,HPA-r0,node_failure,403
0.0,0.0,0.0,244.64027777777778,163.0,0.12997186475150113,1.0,194,0.0,0,0.0,,,HPA-r0,node_failure,404
0.0,0.0,0.0,242.7125,138.0,0.12997186475150113,1.0,103,0.0,0,0.0,,,HPA-r0,node_failure,405
35.0,0.6404899679112952,0.0,235.475,161.0,0.12997186475150113,0.011096906374734353,184,30.0,0,0.0,,,HPA-r0,node_failure,406
20.0,0.3020753851986524,0.0,262.04305555555555,189.0,0.12997186475150113,0.30238967557871504,285,15.0,0,0.0,,,HPA-r0,node_failure,407
25.0,0.19043530392036656,0.0,255.06527777777777,172.0,0.12997186475150113,0.09946102034765668,192,20.0,0,0.0,,,HPA-r0,node_failure,408
15.0,0.1748855879997624,0.0,238.70694444444445,139.0,0.12997186475150113,0.05012329276729493,133,15.0,0,0.0,,,HPA-r0,node_failure,409
0.0,0.0,0.0,243.70694444444445,169.0,0.12997186475150113,1.0,182,0.0,0,0.0,,,HPA-r0,node_failure,410
20.0,0.20008502254144078,0.0,240.80833333333334,138.0,0.12997186475150113,0.1603995941121331,113,20.0,0,0.0,,,HPA-r0,node_failure,411
25.0,0.35412502299220217,0.0,236.01111111111112,155.0,0.12997186475150113,0.03990371898484543,167,5.0,0,0.0,,,HPA-r0,node_failure,412
25.0,0.34910076608400953,0.0,261.8305555555556,195.0,0.12997186475150113,0.3364356689078042,295,15.0,0,0.0,,,HPA-r0,node_failure,413
10.0,0.16429529351873473,0.0,255.5625,170.0,0.12997186475150113,0.07465267598998554,208,10.0,0,0.0,,,HPA-r0,node_failure,414
35.0,0.426123896842856,0.0,238.49305555555554,138.0,0.12997186475150113,0.03681416266287046,124,45.0,0,0.0,,,HPA-r0,node_failure,415
35.0,0.7379686422119613,0.0,247.9777777777778,179.0,0.12997186475150113,0.009628086284125007,198,35.0,0,0.0,,,HPA-r0,node_failure,416
0.0,0.0,0.0,243.6125,144.0,0.12997186475150113,1.0,99,0.0,0,0.0,,,HPA-r0,node_failure,417
20.0,0.2970085613286044,0.0,239.69861111111112,158.0,0.12997186475150113,0.12889177584884845,186,10.0,0,0.0,,,HPA-r0,node_failure,418
60.0,1.0977363651505478,0.0,264.3361111111111,197.0,0.12997186475150113,1.7047596372623195e-05,301,40.0,0,0.0,,,HPA-r0,node_failure,419
15.0,0.21626017832284683,0.0,255.67222222222222,170.0,0.12997186475150113,0.03608467420595787,211,15.0,0,0.0,,,HPA-r0,node_failure,420
0.0,0.0,0.0,243.475,150.0,0.12997186475150113,1.0,146,0.0,0,0.0,,,HPA-r0,node_failure,421
10.0,0.03614938396448997,0.0,243.88888888888889,180.0,0.12997186475150113,0.6801463844588814,211,10.0,0,0.0,,,HPA-r0,node_failure,422
10.0,0.16793230673307624,0.0,244.75277777777777,148.0,0.12997186475150113,0.038881137180497266,130,10.0,0,0.0,,,HPA-r0,node_failure,423
60.0,1.3740061080677157,0.0,240.50277777777777,164.0,0.12997186475150113,0.005022429803380513,177,50.0,0,0.0,,,HPA-r0,node_failure,424
50.0,0.8153399852539822,0.0,262.29583333333335,192.0,0.12997186475150113,8.911204794023515e-07,286,30.0,0,0.0,,,HPA-r0,node_failure,425
15.0,0.1349444222090157,0.0,251.81944444444446,169.0,0.12997186475150113,0.20123981410693498,182,15.0,0,0.0,,,HPA-r0,node_failure,426
20.0,0.06533402369338637,0.0,244.82638888888889,150.0,0.12997186475150113,0.6787582309893926,149,20.0,0,0.0,,,HPA-r0,node_failure,427
30.0,0.6087381711009976,0.0,246.64027777777778,171.0,0.12997186475150113,0.0295882200390486,177,30.0,0,0.0,,,HPA-r0,node_failure,428
0.0,0.0,0.0,242.35833333333332,141.0,0.12997186475150113,1.0,114,0.0,0,0.0,,,HPA-r0,node_failure,429
20.0,0.25957650988135406,0.0,270.0986111111111,184.0,0.12997186475150113,0.07818173576807505,594,20.0,0,0.0,,,HPA-fast-r0,node_failure,400
20.0,0.2148248185794288,0.0,266.15833333333336,200.0,0.12997186475150113,0.14061870273995186,679,20.0,0,0.0,,,HPA-fast-r0,node_failure,401
15.0,0.14095758824748117,0.0,282.0833333333333,211.0,0.12997186475150113,0.40450529145945824,734,15.0,0,0.0,,,HPA-fast-r0,node_failure,402
10.0,0.092816886869318,0.0,267.90972222222223,182.0,0.12997186475150113,0.5724088638586536,450,10.0,0,0.0,,,HPA-fast-r0,node_failure,403
10.0,0.08218851747789913,0.0,239.8347222222222,186.0,0.12997186475150113,0.513757304042532,401,0.0,0,0.0,,,HPA-fast-r0,node_failure,404
0.0,0.0,0.0,276.525,217.0,0.12997186475150113,1.0,555,0.0,0,0.0,,,HPA-fast-r0,node_failure,405
30.0,0.3411333638990932,0.0,271.4625,179.0,0.12997186475150113,0.035765900414951715,597,30.0,0,0.0,,,HPA-fast-r0,node_failure,406
0.0,0.0,0.0,266.13194444444446,207.0,0.12997186475150113,1.0,662,0.0,0,0.0,,,HPA-fast-r0,node_failure,407
0.0,0.0,0.0,284.575,216.0,0.12997186475150113,1.0,740,0.0,0,0.0,,,HPA-fast-r0,node_failure,408
15.0,0.1748855879997624,0.0,268.06944444444446,176.0,0.12997186475150113,0.05012329276729493,447,15.0,0,0.0,,,HPA-fast-r0,node_failure,409
0.0,0.004062201925125741,0.0,239.65416666666667,180.0,0.12997186475150113,0.9651485550996142,417,0.0,0,0.0,,,HPA-fast-r0,node_failure,410
20.0,0.20008502254144078,0.0,276.6694444444444,220.0,0.12997186475150113,0.1603995941121331,537,20.0,0,0.0,,,HPA-fast-r0,node_failure,411
20.0,0.208754360659813,0.0,269.2319444444444,180.0,0.12997186475150113,0.03990371898484543,541,5.0,0,0.0,,,HPA-fast-r0,node_failure,412
5.0,0.01424062574441054,0.0,265.1458333333333,215.0,0.12997186475150113,0.9412707600842759,662,5.0,0,0.0,,,HPA-fast-r0,node_failure,413
0.0,0.0,0.0,278.4875,212.0,0.12997186475150113,1.0,685,0.0,0,0.0,,,HPA-fast-r0,node_failure,414
30.0,0.4107942176977075,0.0,266.8263888888889,181.0,0.12997186475150113,0.03681416266287046,433,30.0,0,0.0,,,HPA-fast-r0,node_failure,415
5.0,0.008054315008987345,0.0,240.80416666666667,189.0,0.12997186475150113,0.946918613172177,434,0.0,0,0.0,,,HPA-fast-r0,node_failure,416
0.0,0.0,0.0,276.5541666666667,206.0,0.12997186475150113,1.0,572,0.0,0,0.0,,,HPA-fast-r0,node_failure,417
0.0,0.0004805964187060141,0.0,273.54305555555555,182.0,0.12997186475150113,0.9972154489122291,627,0.0,0,0.0,,,HPA-fast-r0,node_failure,418
45.0,0.6684515174294692,0.0,268.92083333333335,217.0,0.12997186475150113,1.7737120083101435e-05,694,40.0,0,0.0,,,HPA-fast-r0,node_failure,419
0.0,0.0,0.0,281.3125,216.0,0.12997186475150113,1.0,714,0.0,0,0.0,,,HPA-fast-r0,node_failure,420
0.0,0.0012659453589969338,0.0,266.62916666666666,173.0,0.12997186475150113,0.9877524346207928,435,0.0,0,0.0,,,HPA-fast-r0,node_failure,421
5.0,0.01033094988374117,0.0,239.86111111111111,191.0,0.12997186475150113,0.9202882303813249,391,0.0,0,0.0,,,HPA-fast-r0,node_failure,422
0.0,0.0034633425841867904,0.0,276.6638888888889,216.0,0.12997186475150113,0.9514054030869047,571,0.0,0,0.0,,,HPA-fast-r0,node_failure,423
50.0,1.1447945865054932,0.0,273.7375,187.0,0.12997186475150113,0.013157076481494744,595,45.0,0,0.0,,,HPA-fast-r0,node_failure,424
35.0,0.67945773611231,0.0,263.02777777777777,205.0,0.12997186475150113,8.008858605257962e-06,636,35.0,0,0.0,,,HPA-fast-r0,node_failure,425
0.0,0.0,0.0,280.3333333333333,205.0,0.12997186475150113,1.0,727,0.0,0,0.0,,,HPA-fast-r0,node_failure,426
20.0,0.11149294353763883,0.0,269.9638888888889,181.0,0.1299718647515012,0.37045381661948124,470,25.0,0,0.0,,,HPA-fast-r0,node_failure,427
15.0,0.04897704992298246,0.0,240.53333333333333,185.0,0.12997186475150113,0.788616764666771,395,5.0,0,0.0,,,HPA-fast-r0,node_failure,428
0.0,0.0,0.0,273.7625,208.0,0.12997186475150113,1.0,536,0.0,0,0.0,,,HPA-fast-r0,node_failure,429
20.0,0.26078455447404725,0.0,312.3861111111111,205.0,0.12997186475150113,0.07818173576807505,228,20.0,0,0.0,,,HPA-45-r0,node_failure,400
0.0,0.0,0.0,344.0097222222222,246.0,0.12997186475150113,1.0,301,0.0,0,0.0,,,HPA-45-r0,node_failure,401
0.0,0.0,0.0,337.09166666666664,227.0,0.12997186475150113,1.0,236,0.0,0,0.0,,,HPA-45-r0,node_failure,402
0.0,0.0,0.0,317.85555555555555,193.0,0.12997186475150113,1.0,172,0.0,0,0.0,,,HPA-45-r0,node_failure,403
0.0,0.0,0.0,317.45972222222224,211.0,0.12997186475150113,1.0,213,0.0,0,0.0,,,HPA-45-r0,node_failure,404
0.0,0.0,0.0,320.65694444444443,193.0,0.12997186475150113,1.0,134,0.0,0,0.0,,,HPA-45-r0,node_failure,405
30.0,0.24911940338508964,0.0,309.9347222222222,205.0,0.12997186475150113,0.041557375192177316,205,30.0,0,0.0,,,HPA-45-r0,node_failure,406
0.0,0.0,0.0,344.7527777777778,248.0,0.12997186475150113,1.0,323,0.0,0,0.0,,,HPA-45-r0,node_failure,407
0.0,0.0,0.0,337.43194444444447,222.0,0.12997186475150113,1.0,229,0.0,0,0.0,,,HPA-45-r0,node_failure,408
0.0,0.0,0.0,320.5416666666667,196.0,0.12997186475150113,1.0,179,0.0,0,0.0,,,HPA-45-r0,node_failure,409
0.0,0.0,0.0,316.75,212.0,0.12997186475150113,1.0,190,0.0,0,0.0,,,HPA-45-r0,node_failure,410
0.0,0.0,0.0,320.83194444444445,195.0,0.12997186475150113,1.0,160,0.0,0,0.0,,,HPA-45-r0,node_failure,411
5.0,0.006129403366161856,0.0,305.3277777777778,206.0,0.12997186475150113,0.9195101063651513,201,5.0,0,0.0,,,HPA-45-r0,node_failure,412
0.0,0.0,0.0,344.16805555555555,255.0,0.12997186475150113,1.0,306,0.0,0,0.0,,,HPA-45-r0,node_failure,413
0.0,0.005559289412859769,0.0,332.1097222222222,218.0,0.12997186475150113,0.9572417325350963,232,0.0,0,0.0,,,HPA-45-r0,node_failure,414
0.0,0.0,0.0,316.8541666666667,197.0,0.12997186475150113,1.0,167,0.0,0,0.0,,,HPA-45-r0,node_failure,415
0.0,0.0,0.0,320.6875,228.0,0.12997186475150113,1.0,217,0.0,0,0.0,,,HPA-45-r0,node_failure,416
0.0,0.0,0.0,322.2138888888889,195.0,0.12997186475150113,1.0,141,0.0,0,0.0,,,HPA-45-r0,node_failure,417
5.0,0.0553732407230445,0.0,315.3569444444444,210.0,0.12997186475150113,0.421010920663584,222,5.0,0,0.0,,,HPA-45-r0,node_failure,418
25.0,0.09451447538713076,0.0,346.4555555555556,257.0,0.12997186475150113,0.6790302922852043,320,25.0,0,0.0,,,HPA-45-r0,node_failure,419
0.0,0.0005152767160288008,0.0,330.9263888888889,221.0,0.12997186475150113,0.9959338708616087,227,0.0,0,0.0,,,HPA-45-r0,node_failure,420
0.0,0.0,0.0,320.175,199.0,0.12997186475150113,1.0,176,0.0,0,0.0,,,HPA-45-r0,node_failure,421
0.0,0.0,0.0,320.2652777777778,233.0,0.12997186475150113,1.0,225,0.0,0,0.0,,,HPA-45-r0,node_failure,422
0.0,0.0,0.0,325.13055555555553,200.0,0.12997186475150113,1.0,173,0.0,0,0.0,,,HPA-45-r0,node_failure,423
45.0,1.0988847253624923,0.0,318.08194444444445,224.0,0.12997186475150113,0.009225042096862384,209,45.0,0,0.0,,,HPA-45-r0,node_failure,424
15.0,0.2579104724918513,0.0,344.43611111111113,247.0,0.12997186475150113,0.1250776248621449,309,15.0,0,0.0,,,HPA-45-r0,node_failure,425
0.0,0.0,0.0,332.0597222222222,219.0,0.12997186475150113,1.0,201,0.0,0,0.0,,,HPA-45-r0,node_failure,426
0.0,0.0,0.0,322.47222222222223,200.0,0.12997186475150113,1.0,192,0.0,0,0.0,,,HPA-45-r0,node_failure,427
0.0,0.0,0.0,323.46527777777777,223.0,0.12997186475150113,1.0,210,0.0,0,0.0,,,HPA-45-r0,node_failure,428
0.0,0.0,0.0,321.3125,190.0,0.12997186475150113,1.0,162,0.0,0,0.0,,,HPA-45-r0,node_failure,429
0.0,0.0,0.0,449.22222222222223,301.0,0.12997186475150113,1.0,404,0.0,0,0.0,,,PredHPA-r0,node_failure,400
0.0,0.0,0.0,445.87916666666666,301.0,0.12997186475150113,1.0,447,0.0,0,0.0,,,PredHPA-r0,node_failure,401
0.0,0.0,0.0,474.49583333333334,301.0,0.12997186475150113,1.0,369,0.0,0,0.0,,,PredHPA-r0,node_failure,402
0.0,0.0,0.0,413.7083333333333,255.0,0.12997186475150113,1.0,280,0.0,0,0.0,,,PredHPA-r0,node_failure,403
0.0,0.0,0.0,378.90694444444443,301.0,0.12997186475150113,1.0,314,0.0,0,0.0,,,PredHPA-r0,node_failure,404
0.0,0.0,0.0,434.5888888888889,301.0,0.12997186475150113,1.0,242,0.0,0,0.0,,,PredHPA-r0,node_failure,405
0.0,0.0,0.0,443.34722222222223,300.0,0.12997186475150113,1.0,385,0.0,0,0.0,,,PredHPA-r0,node_failure,406
0.0,0.0,0.0,448.09027777777777,301.0,0.12997186475150113,1.0,475,0.0,0,0.0,,,PredHPA-r0,node_failure,407
0.0,0.0,0.0,474.40833333333336,301.0,0.12997186475150113,1.0,365,0.0,0,0.0,,,PredHPA-r0,node_failure,408
0.0,0.0,0.0,415.9375,249.0,0.12997186475150113,1.0,279,0.0,0,0.0,,,PredHPA-r0,node_failure,409
0.0,0.0,0.0,375.5111111111111,301.0,0.12997186475150113,1.0,309,0.0,0,0.0,,,PredHPA-r0,node_failure,410
0.0,0.0,0.0,433.93888888888887,301.0,0.12997186475150113,1.0,232,0.0,0,0.0,,,PredHPA-r0,node_failure,411
0.0,0.0,0.0,449.79305555555555,301.0,0.12997186475150113,1.0,377,0.0,0,0.0,,,PredHPA-r0,node_failure,412
0.0,0.0,0.0,441.96666666666664,301.0,0.12997186475150113,1.0,450,0.0,0,0.0,,,PredHPA-r0,node_failure,413
0.0,0.0,0.0,471.12361111111113,301.0,0.12997186475150113,1.0,369,0.0,0,0.0,,,PredHPA-r0,node_failure,414
0.0,0.0,0.0,409.6277777777778,255.0,0.12997186475150113,1.0,293,0.0,0,0.0,,,PredHPA-r0,node_failure,415
0.0,0.0,0.0,377.8541666666667,301.0,0.12997186475150113,1.0,327,0.0,0,0.0,,,PredHPA-r0,node_failure,416
0.0,0.0,0.0,431.5375,301.0,0.12997186475150113,1.0,221,0.0,0,0.0,,,PredHPA-r0,node_failure,417
0.0,0.0,0.0,444.8569444444444,301.0,0.12997186475150113,1.0,419,0.0,0,0.0,,,PredHPA-r0,node_failure,418
0.0,0.0,0.0,445.9736111111111,301.0,0.12997186475150113,1.0,457,0.0,0,0.0,,,PredHPA-r0,node_failure,419
0.0,0.0,0.0,474.48055555555555,301.0,0.12997186475150113,1.0,387,0.0,0,0.0,,,PredHPA-r0,node_failure,420
0.0,0.0,0.0,410.99444444444447,254.0,0.12997186475150113,1.0,337,0.0,0,0.0,,,PredHPA-r0,node_failure,421
0.0,0.0,0.0,375.76666666666665,301.0,0.12997186475150113,1.0,315,0.0,0,0.0,,,PredHPA-r0,node_failure,422
0.0,0.0,0.0,431.8930555555556,301.0,0.12997186475150113,1.0,247,0.0,0,0.0,,,PredHPA-r0,node_failure,423
0.0,0.0,0.0,448.5805555555556,301.0,0.12997186475150113,1.0,428,0.0,0,0.0,,,PredHPA-r0,node_failure,424
0.0,0.0,0.0,447.65972222222223,301.0,0.12997186475150113,1.0,471,0.0,0,0.0,,,PredHPA-r0,node_failure,425
0.0,0.0,0.0,469.29027777777776,301.0,0.12997186475150113,1.0,340,0.0,0,0.0,,,PredHPA-r0,node_failure,426
0.0,0.0,0.0,415.5472222222222,255.0,0.12997186475150113,1.0,316,0.0,0,0.0,,,PredHPA-r0,node_failure,427
0.0,0.0,0.0,376.34444444444443,301.0,0.12997186475150113,1.0,339,0.0,0,0.0,,,PredHPA-r0,node_failure,428
0.0,0.0,0.0,433.69444444444446,301.0,0.12997186475150113,1.0,256,0.0,0,0.0,,,PredHPA-r0,node_failure,429
0.0,0.0,0.0,449.22222222222223,301.0,0.12997186475150113,1.0,404,0.0,0,0.0,,,PredHPA-r1,node_failure,400
0.0,0.0,0.0,445.87916666666666,301.0,0.12997186475150113,1.0,447,0.0,0,0.0,,,PredHPA-r1,node_failure,401
0.0,0.0,0.0,496.81111111111113,301.0,0.12997186475150113,1.0,463,0.0,0,0.0,,,PredHPA-r1,node_failure,402
1040.0,15.054772675978578,0.0,450.87083333333334,301.0,9.119330886181194,3.445244086768358e-08,345,0.0,0,0.0,,,PredHPA-r1,node_failure,403
0.0,0.0,0.0,378.90694444444443,301.0,0.12997186475150113,1.0,314,0.0,0,0.0,,,PredHPA-r1,node_failure,404
0.0,0.0,0.0,434.5888888888889,301.0,0.12997186475150113,1.0,248,0.0,0,0.0,,,PredHPA-r1,node_failure,405
5.0,0.012326882842328413,0.0,446.7986111111111,301.0,0.12997186475150113,0.9292135795165974,454,0.0,0,0.0,,,PredHPA-r1,node_failure,406
0.0,0.0,0.0,448.09027777777777,301.0,0.12997186475150113,1.0,475,0.0,0,0.0,,,PredHPA-r1,node_failure,407
2290.0,30.82230740260117,0.0,527.5125,301.0,9.123151669107154,1.3324121845238982e-08,403,405.0,0,0.0,,,PredHPA-r1,node_failure,408
1135.0,16.147588482622478,0.0,455.0486111111111,301.0,9.119330886181194,6.591249055604951e-08,362,0.0,0,0.0,,,PredHPA-r1,node_failure,409
0.0,0.0,0.0,375.5111111111111,301.0,0.12997186475150113,1.0,309,0.0,0,0.0,,,PredHPA-r1,node_failure,410
0.0,0.0,0.0,433.93888888888887,301.0,0.12997186475150113,1.0,240,0.0,0,0.0,,,PredHPA-r1,node_failure,411
0.0,0.0,0.0,449.79305555555555,301.0,0.12997186475150113,1.0,377,0.0,0,0.0,,,PredHPA-r1,node_failure,412
0.0,0.0,0.0,441.96666666666664,301.0,0.12997186475150113,1.0,450,0.0,0,0.0,,,PredHPA-r1,node_failure,413
0.0,0.0,0.0,495.20694444444445,301.0,0.12997186475150113,1.0,464,0.0,0,0.0,,,PredHPA-r1,node_failure,414
6160.0,93.65832201533642,0.0,551.8333333333334,301.0,9.129971864751502,3.1135620081688386e-08,242,1200.0,0,0.0,,,PredHPA-r1,node_failure,415
0.0,0.0,0.0,377.8541666666667,301.0,0.12997186475150113,1.0,327,0.0,0,0.0,,,PredHPA-r1,node_failure,416
0.0,0.0,0.0,431.85555555555555,301.0,0.12997186475150113,1.0,230,0.0,0,0.0,,,PredHPA-r1,node_failure,417
5.0,0.011068899691679679,0.0,448.20416666666665,301.0,0.12997186475150113,0.9358673608928275,479,0.0,0,0.0,,,PredHPA-r1,node_failure,418
0.0,0.0,0.0,445.9736111111111,301.0,0.12997186475150113,1.0,457,0.0,0,0.0,,,PredHPA-r1,node_failure,419
0.0,0.0,0.0,496.79027777777776,301.0,0.12997186475150113,1.0,479,0.0,0,0.0,,,PredHPA-r1,node_failure,420
6165.0,93.6273974135464,0.0,551.8333333333334,301.0,9.129971864751502,2.7132953586875202e-08,270,1200.0,0,0.0,,,PredHPA-r1,node_failure,421
0.0,0.0,0.0,375.76666666666665,301.0,0.12997186475150113,1.0,315,0.0,0,0.0,,,PredHPA-r1,node_failure,422
0.0,0.0,0.0,431.8930555555556,301.0,0.12997186475150113,1.0,254,0.0,0,0.0,,,PredHPA-r1,node_failure,423
0.0,0.0,0.0,448.5805555555556,301.0,0.12997186475150113,1.0,428,0.0,0,0.0,,,PredHPA-r1,node_failure,424
0.0,0.0,0.0,447.65972222222223,301.0,0.12997186475150113,1.0,471,0.0,0,0.0,,,PredHPA-r1,node_failure,425
1165.0,14.071468564542789,0.0,519.7152777777778,301.0,9.129971864751502,7.432875241326627e-08,426,0.0,0,0.0,,,PredHPA-r1,node_failure,426
1035.0,15.02490598260886,0.0,454.3152777777778,301.0,9.119330886181194,4.505608568340711e-08,380,0.0,0,0.0,,,PredHPA-r1,node_failure,427
0.0,0.0,0.0,376.34444444444443,301.0,0.12997186475150113,1.0,339,0.0,0,0.0,,,PredHPA-r1,node_failure,428
0.0,0.0,0.0,433.40277777777777,301.0,0.12997186475150113,1.0,266,0.0,0,0.0,,,PredHPA-r1,node_failure,429
185.0,3.453742816925842,0.0,379.2597222222222,301.0,0.12997186475150113,6.146819986424499e-10,3211,70.0,9,0.0,,,ARC,node_failure,400
0.0,0.0071526075835492975,0.0,370.6638888888889,301.0,0.12997186475150113,0.9631468147663761,3396,0.0,10,0.0,,,ARC,node_failure,401
0.0,0.0,0.0,380.74583333333334,301.0,0.12997186475150113,1.0,3441,0.0,9,0.0,,,ARC,node_failure,402
0.0,0.0,0.0,365.8986111111111,271.0,0.12997186475150113,1.0,3219,0.0,10,0.0,,,ARC,node_failure,403
0.0,0.0,0.0,320.9527777777778,301.0,0.12997186475150113,1.0,2381,0.0,10,0.0,,,ARC,node_failure,404
40.0,0.5924731882502421,0.0,392.8041666666667,301.0,0.12997186475150113,2.1194463651514105e-05,3199,0.0,9,0.0,,,ARC,node_failure,405
55.0,0.7736192290341615,0.0,369.5486111111111,301.0,0.12997186475150113,0.09534562776584823,3014,0.0,10,0.0,,,ARC,node_failure,406
0.0,0.0,0.0,361.5097222222222,301.0,0.12997186475150113,1.0,3391,0.0,10,0.0,,,ARC,node_failure,407
0.0,0.0,0.0,387.4166666666667,301.0,0.12997186475150113,1.0,3506,0.0,9,0.0,,,ARC,node_failure,408
0.0,0.0,0.0,388.34583333333336,284.0,0.12997186475150113,1.0,3221,0.0,9,0.0,,,ARC,node_failure,409
0.0,0.0,0.0,331.03194444444443,301.0,0.12997186475150113,1.0,2379,0.0,10,0.0,,,ARC,node_failure,410
25.0,0.3839849491792502,0.0,374.9611111111111,301.0,0.12997186475150113,0.01270079360926751,3006,0.0,10,0.0,,,ARC,node_failure,411
1755.0,25.609295354784045,0.0,429.1486111111111,301.0,10.4076622198857,3.217707769164901e-10,2723,50.0,8,0.0,,,ARC,node_failure,412
0.0,0.0,0.0,369.69305555555553,301.0,0.12997186475150113,1.0,3214,0.0,10,0.0,,,ARC,node_failure,413
0.0,0.0,0.0,382.94444444444446,301.0,0.12997186475150113,1.0,3452,0.0,9,0.0,,,ARC,node_failure,414
0.0,0.0,0.0,372.3486111111111,280.0,0.12997186475150113,1.0,3204,0.0,9,0.0,,,ARC,node_failure,415
0.0,0.0,0.0,307.54583333333335,301.0,0.12997186475150113,1.0,2335,0.0,10,0.0,,,ARC,node_failure,416
10.0,0.15166684682137443,0.0,370.0416666666667,301.0,0.12997186475150113,0.42691349213419294,3051,0.0,10,0.0,,,ARC,node_failure,417
1765.0,31.420788968572488,0.0,402.03194444444443,301.0,11.644669163158014,7.865095045386853e-10,2505,30.0,8,5.0,,,ARC,node_failure,418
50.0,0.4233686730362063,0.0,361.0625,301.0,0.12997186475150113,0.0694391378822298,3304,40.0,10,0.0,,,ARC,node_failure,419
0.0,0.0,0.0,382.9791666666667,301.0,0.12997186475150113,1.0,3475,0.0,9,0.0,,,ARC,node_failure,420
0.0,0.0,0.0,380.84027777777777,281.0,0.12997186475150113,1.0,3152,0.0,10,0.0,,,ARC,node_failure,421
0.0,0.0,0.0,315.0875,301.0,0.12997186475150113,1.0,2404,0.0,10,0.0,,,ARC,node_failure,422
0.0,0.0,0.0,388.69444444444446,301.0,0.12997186475150113,1.0,3193,0.0,10,0.0,,,ARC,node_failure,423
110.0,1.7983817103179867,0.0,376.3041666666667,301.0,0.12997186475150113,4.058634471469677e-08,3216,70.0,10,15.0,,,ARC,node_failure,424
1005.0,17.373553209377512,0.0,393.52777777777777,301.0,9.832797881424097,2.9333016767077493e-10,3161,1005.0,9,0.0,,,ARC,node_failure,425
0.0,0.0,0.0,398.97777777777776,301.0,0.12997186475150113,1.0,3578,0.0,9,0.0,,,ARC,node_failure,426
0.0,0.0,0.0,375.4236111111111,273.0,0.12997186475150113,1.0,3091,0.0,9,0.0,,,ARC,node_failure,427
90.0,1.8314161292415587,0.0,318.40833333333336,301.0,0.12997186475150113,4.515664033969405e-07,2457,90.0,10,0.0,,,ARC,node_failure,428
5.0,0.021615368547978075,0.0,391.4472222222222,301.0,0.12997186475150113,0.9154126705967502,3174,0.0,9,0.0,,,ARC,node_failure,429
50.0,1.0350729042265194,0.0,371.8486111111111,301.0,0.12997186475150113,0.0011544157007241042,3126,20.0,10,0.0,,,ARC-r0,node_failure,400
0.0,0.0030734084635386516,0.0,370.6638888888889,301.0,0.12997186475150113,0.9735001516058732,3396,0.0,10,0.0,,,ARC-r0,node_failure,401
0.0,0.0,0.0,380.74583333333334,301.0,0.12997186475150113,1.0,3441,0.0,9,0.0,,,ARC-r0,node_failure,402
0.0,0.0,0.0,364.0513888888889,275.0,0.12997186475150113,1.0,3234,0.0,10,0.0,,,ARC-r0,node_failure,403
0.0,0.0,0.0,320.9527777777778,301.0,0.12997186475150113,1.0,2381,0.0,10,0.0,,,ARC-r0,node_failure,404
10.0,0.060294732960886055,0.0,390.9736111111111,301.0,0.12997186475150113,0.7871152163582883,3199,0.0,10,0.0,,,ARC-r0,node_failure,405
55.0,0.7736192290341615,0.0,369.5486111111111,301.0,0.12997186475150113,0.09534562776584823,3014,0.0,10,0.0,,,ARC-r0,node_failure,406
0.0,0.0,0.0,360.62916666666666,301.0,0.12997186475150113,1.0,3389,0.0,10,0.0,,,ARC-r0,node_failure,407
0.0,0.0,0.0,387.4166666666667,301.0,0.12997186475150113,1.0,3506,0.0,9,0.0,,,ARC-r0,node_failure,408
0.0,0.0,0.0,385.60555555555555,279.0,0.12997186475150113,1.0,3210,0.0,10,0.0,,,ARC-r0,node_failure,409
0.0,0.0,0.0,331.03194444444443,301.0,0.12997186475150113,1.0,2379,0.0,10,0.0,,,ARC-r0,node_failure,410
15.0,0.15980753666359204,0.0,374.6277777777778,301.0,0.12997186475150113,0.6173008513784632,3075,0.0,9,0.0,,,ARC-r0,node_failure,411
60.0,0.8312956650742276,0.0,373.34444444444443,301.0,0.12997186475150113,0.06775578017297687,3090,25.0,10,5.0,,,ARC-r0,node_failure,412
0.0,0.0,0.0,369.69305555555553,301.0,0.12997186475150113,1.0,3214,0.0,10,0.0,,,ARC-r0,node_failure,413
0.0,0.0,0.0,382.94444444444446,301.0,0.12997186475150113,1.0,3452,0.0,9,0.0,,,ARC-r0,node_failure,414
0.0,0.0,0.0,372.3486111111111,280.0,0.12997186475150113,1.0,3204,0.0,9,0.0,,,ARC-r0,node_failure,415
0.0,0.0,0.0,307.54583333333335,301.0,0.12997186475150113,1.0,2335,0.0,10,0.0,,,ARC-r0,node_failure,416
10.0,0.05463176849646034,0.0,366.78194444444443,301.0,0.12997186475150113,0.8168604102998883,3000,0.0,10,0.0,,,ARC-r0,node_failure,417
60.0,0.9014994112889307,0.0,359.78472222222223,301.0,0.12997186475150113,0.03630496289704326,3003,25.0,10,0.0,,,ARC-r0,node_failure,418
25.0,0.09417994552387565,0.0,360.4847222222222,301.0,0.12997186475150113,0.6802994519779375,3277,25.0,10,0.0,,,ARC-r0,node_failure,419
0.0,0.0,0.0,382.9791666666667,301.0,0.12997186475150113,1.0,3475,0.0,9,0.0,,,ARC-r0,node_failure,420
0.0,0.0,0.0,379.69166666666666,284.0,0.12997186475150113,1.0,3234,0.0,10,0.0,,,ARC-r0,node_failure,421
0.0,0.0,0.0,315.0875,301.0,0.12997186475150113,1.0,2404,0.0,10,0.0,,,ARC-r0,node_failure,422
5.0,0.022383417169413722,0.0,388.225,301.0,0.12997186475150113,0.9113341002897951,3174,0.0,10,0.0,,,ARC-r0,node_failure,423
85.0,1.3689586089070338,0.0,365.8152777777778,301.0,0.12997186475150113,0.000596802114109763,3094,45.0,10,25.0,,,ARC-r0,node_failure,424
15.0,0.16726102573857426,0.0,363.9902777777778,301.0,0.12997186475150113,0.17723613585271664,3410,15.0,10,0.0,,,ARC-r0,node_failure,425
0.0,0.0,0.0,396.7472222222222,301.0,0.12997186475150113,1.0,3606,0.0,9,0.0,,,ARC-r0,node_failure,426
0.0,0.0,0.0,374.7875,268.0,0.12997186475150113,1.0,3220,0.0,10,0.0,,,ARC-r0,node_failure,427
5.0,0.013524374190765354,0.0,311.8930555555556,301.0,0.12997186475150113,0.9135758084661039,2321,5.0,10,0.0,,,ARC-r0,node_failure,428
0.0,0.0,0.0,392.4472222222222,301.0,0.12997186475150113,1.0,3153,0.0,10,0.0,,,ARC-r0,node_failure,429
125.0,2.2891966935761787,0.0,372.9736111111111,301.0,0.12997186475150113,1.0446187477484084e-09,3161,70.0,10,0.0,,,ARC-r1,node_failure,400
0.0,0.0070593859610501575,0.0,370.6638888888889,301.0,0.12997186475150113,0.9639890177629156,3396,0.0,10,0.0,,,ARC-r1,node_failure,401
0.0,0.0,0.0,380.74583333333334,301.0,0.12997186475150113,1.0,3441,0.0,9,0.0,,,ARC-r1,node_failure,402
0.0,0.0,0.0,365.8986111111111,271.0,0.12997186475150113,1.0,3219,0.0,10,0.0,,,ARC-r1,node_failure,403
0.0,0.0,0.0,320.9527777777778,301.0,0.12997186475150113,1.0,2381,0.0,10,0.0,,,ARC-r1,node_failure,404
25.0,0.44846862011647115,0.0,391.4791666666667,301.0,0.12997186475150113,4.4122893562978454e-05,3182,0.0,10,0.0,,,ARC-r1,node_failure,405
55.0,0.7736192290341615,0.0,369.5486111111111,301.0,0.12997186475150113,0.09534562776584823,3014,0.0,10,0.0,,,ARC-r1,node_failure,406
0.0,0.0,0.0,361.5097222222222,301.0,0.12997186475150113,1.0,3391,0.0,10,0.0,,,ARC-r1,node_failure,407
0.0,0.0,0.0,387.4166666666667,301.0,0.12997186475150113,1.0,3506,0.0,9,0.0,,,ARC-r1,node_failure,408
0.0,0.0,0.0,388.34583333333336,284.0,0.12997186475150113,1.0,3221,0.0,9,0.0,,,ARC-r1,node_failure,409
0.0,0.0,0.0,331.03194444444443,301.0,0.12997186475150113,1.0,2379,0.0,10,0.0,,,ARC-r1,node_failure,410
25.0,0.38363910668806067,0.0,374.9611111111111,301.0,0.12997186475150113,0.027623555060105123,3006,0.0,10,0.0,,,ARC-r1,node_failure,411
90.0,1.5581134571684085,0.0,374.2652777777778,301.0,0.12997186475150113,2.1632894289195656e-07,3147,35.0,10,5.0,,,ARC-r1,node_failure,412
0.0,0.0,0.0,369.69305555555553,301.0,0.12997186475150113,1.0,3214,0.0,10,0.0,,,ARC-r1,node_failure,413
0.0,0.0,0.0,382.94444444444446,301.0,0.12997186475150113,1.0,3452,0.0,9,0.0,,,ARC-r1,node_failure,414
0.0,0.0,0.0,372.3486111111111,280.0,0.12997186475150113,1.0,3204,0.0,9,0.0,,,ARC-r1,node_failure,415
0.0,0.0,0.0,307.54583333333335,301.0,0.12997186475150113,1.0,2335,0.0,10,0.0,,,ARC-r1,node_failure,416
10.0,0.14228701195485582,0.0,370.0416666666667,301.0,0.12997186475150113,0.46412881536845346,3049,0.0,10,0.0,,,ARC-r1,node_failure,417
85.0,1.3770707472636423,0.0,362.32916666666665,301.0,0.12997186475150113,2.4064914513863317e-08,3094,25.0,10,5.0,,,ARC-r1,node_failure,418
45.0,0.4142589362712501,0.0,361.0625,301.0,0.12997186475150113,0.06996353672612647,3304,35.0,10,0.0,,,ARC-r1,node_failure,419
0.0,0.0,0.0,382.9791666666667,301.0,0.12997186475150113,1.0,3475,0.0,9,0.0,,,ARC-r1,node_failure,420
0.0,0.0,0.0,380.6486111111111,285.0,0.12997186475150113,1.0,3137,0.0,9,0.0,,,ARC-r1,node_failure,421
0.0,0.0,0.0,315.0875,301.0,0.12997186475150113,1.0,2404,0.0,10,0.0,,,ARC-r1,node_failure,422
0.0,0.0,0.0,388.81805555555553,301.0,0.12997186475150113,1.0,3187,0.0,10,0.0,,,ARC-r1,node_failure,423
95.0,1.6620613418324326,0.0,372.1777777777778,301.0,0.12997186475150113,1.0767179310565072e-08,3137,55.0,10,25.0,,,ARC-r1,node_failure,424
175.0,3.3435757384866815,0.0,370.53055555555557,301.0,0.12997186475150113,3.340384002186856e-08,3586,175.0,10,0.0,,,ARC-r1,node_failure,425
0.0,0.0,0.0,399.09166666666664,301.0,0.12997186475150113,1.0,3580,0.0,9,0.0,,,ARC-r1,node_failure,426
0.0,0.0,0.0,378.1902777777778,285.0,0.12997186475150113,1.0,3155,0.0,9,0.0,,,ARC-r1,node_failure,427
25.0,0.24604609781676556,0.0,313.78333333333336,301.0,0.12997186475150113,0.2645889242687262,2348,25.0,10,0.0,,,ARC-r1,node_failure,428
5.0,0.019464241686240058,0.0,391.4472222222222,301.0,0.12997186475150113,0.9158733894574695,3169,0.0,9,0.0,,,ARC-r1,node_failure,429
55.0,0.753357253580611,0.0,249.93333333333334,175.0,0.12997186475150113,2.9690353302455097e-05,181,45.0,0,0.0,,,HPA-r0,gray,400
95.0,1.6587300965182683,0.0,263.76944444444445,193.0,0.12997186475150113,2.793017671735659e-06,291,80.0,0,0.0,,,HPA-r0,gray,401
60.0,0.9866249236556213,0.0,261.1402777777778,172.0,0.12997186475150113,1.7457640871608365e-05,218,60.0,0,0.0,,,HPA-r0,gray,402
50.0,0.5085288292321799,0.0,252.04722222222222,148.0,0.12997186475150113,2.96903533024551e-05,155,50.0,0,0.0,,,HPA-r0,gray,403
70.0,1.3532932777787443,0.0,249.36944444444444,172.0,0.12997186475150113,2.793017671735664e-06,202,70.0,0,0.0,,,HPA-r0,gray,404
60.0,0.9359181877099387,0.0,252.3361111111111,149.0,0.12997186475150113,1.7457640871608365e-05,107,60.0,0,0.0,,,HPA-r0,gray,405
65.0,1.0617396512812127,0.0,241.6486111111111,166.0,0.12997186475150113,1.7457640871608365e-05,192,60.0,0,0.0,,,HPA-r0,gray,406
85.0,1.172524215866222,0.0,269.7319444444444,206.0,0.12997186475150113,1.7457640871608365e-05,295,65.0,0,0.0,,,HPA-r0,gray,407
70.0,0.9984775660044187,0.0,262.49583333333334,171.0,0.12997186475150113,1.7457640871608365e-05,202,70.0,0,0.0,,,HPA-r0,gray,408
50.0,0.6550893080012332,0.0,242.59722222222223,142.0,0.12997186475150113,0.000724282852439885,141,50.0,0,0.0,,,HPA-r0,gray,409
75.0,1.734920442796839,0.0,248.30277777777778,180.0,0.12997186475150113,2.793017671735659e-06,187,75.0,0,0.0,,,HPA-r0,gray,410
40.0,0.40911670185067583,0.0,247.0125,144.0,0.12997186475150113,0.000263208538784994,120,40.0,0,0.0,,,HPA-r0,gray,411
80.0,0.8232015270267512,0.0,240.2861111111111,160.0,0.12997186475150113,7.519835423415376e-05,179,65.0,0,0.0,,,HPA-r0,gray,412
95.0,1.4038434347175444,0.0,271.1902777777778,217.0,0.12997186475150113,1.7457640871608365e-05,299,70.0,0,0.0,,,HPA-r0,gray,413
40.0,0.6298817892482989,0.0,264.13055555555553,169.0,0.12997186475150113,2.9690353302455097e-05,215,40.0,0,0.0,,,HPA-r0,gray,414
65.0,0.9741395330173486,0.0,244.73888888888888,146.0,0.12997186475150113,4.7278904468328626e-05,134,65.0,0,0.0,,,HPA-r0,gray,415
70.0,1.48411112823561,0.0,253.95833333333334,186.0,0.12997186475150113,1.7457640871608365e-05,201,70.0,0,0.0,,,HPA-r0,gray,416
45.0,0.6414961019069021,0.0,255.14305555555555,156.0,0.12997186475150113,2.9690353302455097e-05,116,45.0,0,0.0,,,HPA-r0,gray,417
65.0,0.90590677281428,0.0,249.20138888888889,178.0,0.12997186475150113,0.00010126105615984036,188,55.0,0,0.0,,,HPA-r0,gray,418
105.0,1.6062869864553742,0.0,267.04305555555555,204.0,0.12997186475150113,2.793017671735664e-06,303,85.0,0,0.0,,,HPA-r0,gray,419
45.0,0.650206149397381,0.0,263.75555555555553,169.0,0.12997186475150113,2.9690353302455097e-05,211,45.0,0,0.0,,,HPA-r0,gray,420
65.0,0.648032845563784,0.0,251.9152777777778,149.0,0.12997186475150113,0.010256357986129463,156,65.0,0,0.0,,,HPA-r0,gray,421
75.0,1.463373599996165,0.0,252.59722222222223,197.0,0.12997186475150113,1.7457640871608365e-05,209,5.0,0,0.0,,,HPA-r0,gray,422
50.0,0.7126642108599812,0.0,246.02916666666667,144.0,0.12997186475150113,2.793017671735659e-06,131,50.0,0,0.0,,,HPA-r0,gray,423
70.0,1.558986762928538,0.0,250.20555555555555,179.0,0.12997186475150113,2.946938395650359e-05,190,60.0,0,0.0,,,HPA-r0,gray,424
70.0,1.0802853039951987,0.0,269.2416666666667,205.0,0.12997186475150113,2.9690353302455097e-05,287,55.0,0,0.0,,,HPA-r0,gray,425
90.0,1.4826416995689762,0.0,255.6861111111111,169.0,0.12997186475150113,8.677338620656961e-06,193,90.0,0,0.0,,,HPA-r0,gray,426
80.0,1.4334940363765258,0.0,254.37222222222223,152.0,0.12997186475150113,1.7457640871608365e-05,162,80.0,0,0.0,,,HPA-r0,gray,427
60.0,1.2236080462265098,0.0,256.09583333333336,188.0,0.12997186475150113,2.9690353302455097e-05,183,60.0,0,0.0,,,HPA-r0,gray,428
30.0,0.21250229289907496,0.0,251.38333333333333,153.0,0.12997186475150113,0.0636710474398931,129,5.0,0,0.0,,,HPA-r0,gray,429
25.0,0.3556280367940756,0.0,277.91805555555555,207.0,0.12997186475150113,2.96903533024551e-05,625,25.0,0,0.0,,,HPA-fast-r0,gray,400
60.0,1.0722752487633658,0.0,268.7583333333333,210.0,0.12997186475150113,4.8641361732756613e-05,689,60.0,0,0.0,,,HPA-fast-r0,gray,401
50.0,0.7284930162044456,0.0,287.00416666666666,212.0,0.12997186475150113,1.7457640871608365e-05,758,50.0,0,0.0,,,HPA-fast-r0,gray,402
35.0,0.4166280096675079,0.0,274.9347222222222,178.0,0.12997186475150113,0.00013620337676173536,455,35.0,0,0.0,,,HPA-fast-r0,gray,403
60.0,0.9053309215889316,0.0,242.72083333333333,197.0,0.12997186475150113,5.883963201073334e-06,418,50.0,0,0.0,,,HPA-fast-r0,gray,404
40.0,0.5782571610377762,0.0,282.89166666666665,235.0,0.12997186475150113,0.001271136744700746,575,40.0,0,0.0,,,HPA-fast-r0,gray,405
50.0,0.739332171584195,0.0,275.45,193.0,0.12997186475150113,1.7457640871608365e-05,585,50.0,0,0.0,,,HPA-fast-r0,gray,406
15.0,0.11434702051393852,0.0,271.2138888888889,226.0,0.12997186475150113,0.3271046282902748,669,15.0,0,0.0,,,HPA-fast-r0,gray,407
30.0,0.14254323341955644,0.0,290.90833333333336,218.0,0.12997186475150113,0.2509904769328735,744,20.0,0,0.0,,,HPA-fast-r0,gray,408
40.0,0.4833107505386014,0.0,270.84305555555557,173.0,0.12997186475150113,0.000724282852439885,462,40.0,0,0.0,,,HPA-fast-r0,gray,409
65.0,1.4421722040463991,0.0,242.69166666666666,191.0,0.12997186475150113,2.793017671735659e-06,431,65.0,0,0.0,,,HPA-fast-r0,gray,410
25.0,0.26684270246354336,0.0,282.63055555555553,223.0,0.12997186475150113,0.015220508689741395,539,25.0,0,0.0,,,HPA-fast-r0,gray,411
50.0,0.5172599528943556,0.0,272.8875,184.0,0.12997186475150113,7.519835423415376e-05,568,50.0,0,0.0,,,HPA-fast-r0,gray,412
25.0,0.06224214825552021,0.0,271.5708333333333,240.0,0.12997186475150113,0.863659381584769,703,20.0,0,0.0,,,HPA-fast-r0,gray,413
20.0,0.34023397375987363,0.0,285.3652777777778,211.0,0.12997186475150113,0.014142429906243766,690,20.0,0,0.0,,,HPA-fast-r0,gray,414
50.0,0.7411082506036726,0.0,271.8041666666667,180.0,0.12997186475150113,1.7457640871608365e-05,444,50.0,0,0.0,,,HPA-fast-r0,gray,415
50.0,0.7989963838166303,0.0,246.53472222222223,207.0,0.12997186475150113,2.547137354135452e-05,422,45.0,0,0.0,,,HPA-fast-r0,gray,416
25.0,0.39061545003622467,0.0,283.70416666666665,227.0,0.12997186475150113,0.004882751560463654,578,25.0,0,0.0,,,HPA-fast-r0,gray,417
20.0,0.05260466376456607,0.0,281.0486111111111,202.0,0.12997186475150113,0.669886920340177,626,20.0,0,0.0,,,HPA-fast-r0,gray,418
45.0,0.5796687724073601,0.0,272.37361111111113,226.0,0.12997186475150113,0.0009186428709131926,715,35.0,0,0.0,,,HPA-fast-r0,gray,419
20.0,0.39828967472913535,0.0,288.3361111111111,215.0,0.12997186475150113,0.002804137176358129,718,20.0,0,0.0,,,HPA-fast-r0,gray,420
20.0,0.05047403525487715,0.0,273.9819444444444,178.0,0.12997186475150113,0.5093874497294169,434,20.0,0,0.0,,,HPA-fast-r0,gray,421
30.0,0.12406641416916608,0.0,245.725,211.0,0.12997186475150113,0.6964764342808881,400,5.0,0,0.0,,,HPA-fast-r0,gray,422
30.0,0.329175610989918,0.0,279.52916666666664,218.0,0.12997186475150113,0.1121854476730467,579,30.0,0,0.0,,,HPA-fast-r0,gray,423
50.0,1.0728615855197576,0.0,281.2263888888889,202.0,0.12997186475150113,2.96903533024551e-05,602,45.0,0,0.0,,,HPA-fast-r0,gray,424
30.0,0.5480087227032526,0.0,271.59166666666664,224.0,0.12997186475150113,2.9690353302455097e-05,650,30.0,0,0.0,,,HPA-fast-r0,gray,425
50.0,0.4564998415377386,0.0,282.45972222222224,203.0,0.12997186475150113,0.00019811971156739915,725,50.0,0,0.0,,,HPA-fast-r0,gray,426
60.0,0.9847672854221501,0.0,275.72083333333336,179.0,0.12997186475150113,1.7457640871608365e-05,485,60.0,0,0.0,,,HPA-fast-r0,gray,427
40.0,0.4999207883836343,0.0,248.98611111111111,207.0,0.12997186475150113,0.00727248262074586,398,30.0,0,0.0,,,HPA-fast-r0,gray,428
0.0,0.0,0.0,281.44444444444446,211.0,0.12997186475150113,1.0,547,0.0,0,0.0,,,HPA-fast-r0,gray,429
35.0,0.3883480231805958,0.0,322.14444444444445,221.0,0.12997186475150113,0.0004054084423153226,218,35.0,0,0.0,,,HPA-45-r0,gray,400
40.0,0.7076149081248428,0.0,348.1069444444444,255.0,0.12997186475150113,1.1802170569682029e-05,304,40.0,0,0.0,,,HPA-45-r0,gray,401
45.0,0.6630495430139605,0.0,346.3833333333333,224.0,0.12997186475150113,2.0715911457108197e-05,238,45.0,0,0.0,,,HPA-45-r0,gray,402
20.0,0.341675133862529,0.0,330.8513888888889,197.0,0.12997186475150113,0.002524968088792747,188,20.0,0,0.0,,,HPA-45-r0,gray,403
25.0,0.33581232751335177,0.0,323.3486111111111,221.0,0.12997186475150113,0.20507015727558828,222,25.0,0,0.0,,,HPA-45-r0,gray,404
40.0,0.4092132966952766,0.0,330.6763888888889,203.0,0.12997186475150113,0.06296402039650745,144,45.0,0,0.0,,,HPA-45-r0,gray,405
50.0,0.730570055356583,0.0,321.47222222222223,225.0,0.12997186475150113,1.7457640871608365e-05,219,50.0,0,0.0,,,HPA-45-r0,gray,406
15.0,0.11434702051393852,0.0,353.06944444444446,266.0,0.12997186475150113,0.3271046282902748,323,15.0,0,0.0,,,HPA-45-r0,gray,407
40.0,0.5064570247607203,0.0,348.6611111111111,223.0,0.12997186475150113,0.0092160504523441,242,20.0,0,0.0,,,HPA-45-r0,gray,408
10.0,0.087542523395856,0.0,324.3541666666667,194.0,0.12997186475150113,0.22114730631659246,196,10.0,0,0.0,,,HPA-45-r0,gray,409
55.0,1.322045149348805,0.0,323.28055555555557,227.0,0.12997186475150113,4.07043141278126e-06,213,55.0,0,0.0,,,HPA-45-r0,gray,410
15.0,0.0785484527875524,0.0,330.7472222222222,193.0,0.12997186475150113,0.5475915920537271,172,15.0,0,0.0,,,HPA-45-r0,gray,411
50.0,0.4844092725009297,0.0,310.85277777777776,213.0,0.12997186475150113,7.519835423415376e-05,205,55.0,0,0.0,,,HPA-45-r0,gray,412
25.0,0.049125614817779883,0.0,353.6388888888889,275.0,0.12997186475150113,0.863659381584769,315,20.0,0,0.0,,,HPA-45-r0,gray,413
25.0,0.4736752410948286,0.0,342.1361111111111,217.0,0.12997186475150113,0.00027052097955224824,237,25.0,0,0.0,,,HPA-45-r0,gray,414
50.0,0.48013486171140096,0.0,324.03194444444443,194.0,0.12997186475150113,0.01792461364038752,173,50.0,0,0.0,,,HPA-45-r0,gray,415
55.0,0.9304261608229059,0.0,330.0208333333333,244.0,0.12997186475150113,2.13157214074813e-05,220,55.0,0,0.0,,,HPA-45-r0,gray,416
30.0,0.32515704296145476,0.0,333.03055555555557,197.0,0.12997186475150113,0.03240051532269339,146,30.0,0,0.0,,,HPA-45-r0,gray,417
25.0,0.0555872531667001,0.0,325.41527777777776,228.0,0.12997186475150113,0.669886920340177,232,25.0,0,0.0,,,HPA-45-r0,gray,418
45.0,0.6140247032097812,0.0,352.1847222222222,271.0,0.12997186475150113,0.0009186428709131926,306,45.0,0,0.0,,,HPA-45-r0,gray,419
25.0,0.4333220725281639,0.0,343.3902777777778,220.0,0.12997186475150113,0.002804137176358129,241,25.0,0,0.0,,,HPA-45-r0,gray,420
0.0,0.0035871734475056982,0.0,333.14166666666665,204.0,0.12997186475150113,0.9674380162833411,198,0.0,0,0.0,,,HPA-45-r0,gray,421
45.0,1.0095737048011255,0.0,330.5888888888889,252.0,0.12997186475150113,5.340869694408791e-05,236,45.0,0,0.0,,,HPA-45-r0,gray,422
35.0,0.3468559216509015,0.0,328.4,195.0,0.12997186475150113,0.1121854476730467,171,35.0,0,0.0,,,HPA-45-r0,gray,423
50.0,1.2525968298911172,0.0,325.02777777777777,227.0,0.12997186475150113,2.9690353302455097e-05,229,50.0,0,0.0,,,HPA-45-r0,gray,424
40.0,0.692751175081785,0.0,352.65694444444443,263.0,0.12997186475150113,2.9690353302455097e-05,307,40.0,0,0.0,,,HPA-45-r0,gray,425
30.0,0.2248524648433392,0.0,337.6513888888889,220.0,0.12997186475150113,0.34029943329358336,209,15.0,0,0.0,,,HPA-45-r0,gray,426
55.0,0.9061380966431054,0.0,333.7708333333333,200.0,0.12997186475150113,3.122547227985821e-05,197,65.0,0,0.0,,,HPA-45-r0,gray,427
25.0,0.4701521926808394,0.0,331.9763888888889,237.0,0.12997186475150113,0.03323270522975231,211,25.0,0,0.0,,,HPA-45-r0,gray,428
0.0,0.0,0.0,331.29305555555555,205.0,0.12997186475150113,1.0,170,0.0,0,0.0,,,HPA-45-r0,gray,429
10.0,0.025047388939014592,0.0,453.9819444444444,301.0,0.12997186475150113,0.9023069537541716,412,5.0,0,0.0,,,PredHPA-r0,gray,400
50.0,0.9505284931067393,0.0,447.9486111111111,301.0,0.12997186475150113,4.50550971935108e-06,456,50.0,0,0.0,,,PredHPA-r0,gray,401
15.0,0.03692007267327435,0.0,478.31666666666666,301.0,0.12997186475150113,0.8312396505817257,370,15.0,0,0.0,,,PredHPA-r0,gray,402
15.0,0.03885581284873707,0.0,418.7138888888889,257.0,0.12997186475150113,0.8700118523548978,289,15.0,0,0.0,,,PredHPA-r0,gray,403
35.0,0.37083110779351225,0.0,382.09444444444443,301.0,0.12997186475150113,0.20507015727558828,321,45.0,0,0.0,,,PredHPA-r0,gray,404
0.0,0.0,0.0,436.83472222222224,301.0,0.12997186475150113,1.0,245,0.0,0,0.0,,,PredHPA-r0,gray,405
20.0,0.22386218367210775,0.0,448.3041666666667,299.0,0.12997186475150113,0.13076252362017043,395,20.0,0,0.0,,,PredHPA-r0,gray,406
10.0,0.03966501278129808,0.0,449.71944444444443,301.0,0.12997186475150113,0.835599689319265,472,5.0,0,0.0,,,PredHPA-r0,gray,407
5.0,0.00935190936971475,0.0,476.7472222222222,301.0,0.12997186475150113,0.9304862953963962,374,5.0,0,0.0,,,PredHPA-r0,gray,408
20.0,0.1495215014672313,0.0,418.4763888888889,248.0,0.12997186475150113,0.3229041992209093,280,5.0,0,0.0,,,PredHPA-r0,gray,409
60.0,1.4415780077418727,0.0,376.4513888888889,301.0,0.12997186475150113,4.07043141278126e-06,318,60.0,0,0.0,,,PredHPA-r0,gray,410
0.0,0.0,0.0,437.9736111111111,301.0,0.12997186475150113,1.0,237,0.0,0,0.0,,,PredHPA-r0,gray,411
10.0,0.06284873095893095,0.0,452.28333333333336,301.0,0.12997186475150113,0.6645126604635914,392,10.0,0,0.0,,,PredHPA-r0,gray,412
20.0,0.14922023852385058,0.0,445.2013888888889,301.0,0.12997186475150113,0.49550746605570534,455,15.0,0,0.0,,,PredHPA-r0,gray,413
0.0,0.003877822137388076,0.0,475.68194444444447,301.0,0.12997186475150113,0.9701744334899401,374,0.0,0,0.0,,,PredHPA-r0,gray,414
15.0,0.04648599234347017,0.0,414.4847222222222,255.0,0.12997186475150113,0.8451113649275468,311,15.0,0,0.0,,,PredHPA-r0,gray,415
25.0,0.339002906075192,0.0,381.65,301.0,0.12997186475150113,0.16207406705914187,340,25.0,0,0.0,,,PredHPA-r0,gray,416
0.0,0.00021162385277495588,0.0,435.7888888888889,301.0,0.12997186475150113,0.9977212485098068,227,0.0,0,0.0,,,PredHPA-r0,gray,417
10.0,0.018101504845013938,0.0,451.71527777777777,301.0,0.12997186475150113,0.9103630194818926,424,5.0,0,0.0,,,PredHPA-r0,gray,418
10.0,0.08054836644848518,0.0,447.88055555555553,301.0,0.12997186475150113,0.7828174848592093,464,5.0,0,0.0,,,PredHPA-r0,gray,419
0.0,0.0004248041400312097,0.0,477.1972222222222,301.0,0.12997186475150113,0.9966478041057059,395,0.0,0,0.0,,,PredHPA-r0,gray,420
10.0,0.035482297164990406,0.0,416.3,254.0,0.12997186475150113,0.861543225416331,336,10.0,0,0.0,,,PredHPA-r0,gray,421
60.0,1.24195791488535,0.0,378.80833333333334,301.0,0.12997186475150113,5.340869694408791e-05,329,60.0,0,0.0,,,PredHPA-r0,gray,422
0.0,0.0,0.0,435.08472222222224,301.0,0.12997186475150113,1.0,255,0.0,0,0.0,,,PredHPA-r0,gray,423
55.0,1.1096620320520612,0.0,455.45,301.0,0.12997186475150113,2.9690353302455097e-05,424,55.0,0,0.0,,,PredHPA-r0,gray,424
40.0,0.5449560456083469,0.0,451.35555555555555,301.0,0.12997186475150113,0.0009502402602086636,479,35.0,0,0.0,,,PredHPA-r0,gray,425
10.0,0.09795727322386982,0.0,471.5444444444444,301.0,0.12997186475150113,0.636965860180161,341,10.0,0,0.0,,,PredHPA-r0,gray,426
25.0,0.19223587004087994,0.0,422.4138888888889,255.0,0.12997186475150113,0.5687379715417727,332,30.0,0,0.0,,,PredHPA-r0,gray,427
25.0,0.275279778182036,0.0,380.5652777777778,301.0,0.12997186475150113,0.25020079426663866,337,25.0,0,0.0,,,PredHPA-r0,gray,428
15.0,0.02653343156675536,0.0,437.70972222222224,301.0,0.12997186475150113,0.9108419472835972,260,15.0,0,0.0,,,PredHPA-r0,gray,429
1200.0,20.282498424751726,0.0,479.725,301.0,10.116835434733883,1.2250062867386418e-06,452,1185.0,0,0.0,,,PredHPA-r1,gray,400
490.0,7.758163391339079,0.0,458.09305555555557,301.0,15.039022502000144,1.418982972089947e-12,491,490.0,0,0.0,,,PredHPA-r1,gray,401
725.0,11.23093666588144,0.0,510.8013888888889,301.0,10.123151669107154,1.745764087160836e-05,491,725.0,0,0.0,,,PredHPA-r1,gray,402
2230.0,32.11663760798111,0.0,501.25138888888887,301.0,10.116835434733883,3.445244086768358e-08,378,1185.0,0,0.0,,,PredHPA-r1,gray,403
2305.0,40.45996000730443,0.0,473.28194444444443,301.0,16.112036945052772,3.050757889388303e-12,403,185.0,0,0.0,,,PredHPA-r1,gray,404
0.0,0.0,0.0,436.83472222222224,301.0,0.12997186475150113,1.0,251,0.0,0,0.0,,,PredHPA-r1,gray,405
125.0,1.432327991146043,0.0,464.96666666666664,301.0,0.12997186475150113,9.680632396078025e-06,462,120.0,0,0.0,,,PredHPA-r1,gray,406
725.0,11.804183226436626,0.0,468.09027777777777,301.0,10.123151669107154,2.342023477263874e-06,502,725.0,0,0.0,,,PredHPA-r1,gray,407
2295.0,30.828896751025916,0.0,529.4583333333334,301.0,16.123151669107155,6.05960841146653e-11,404,410.0,0,0.0,,,PredHPA-r1,gray,408
2935.0,43.49511640184115,0.0,516.7611111111111,301.0,16.112036945052772,2.516981825158869e-13,509,5.0,0,0.0,,,PredHPA-r1,gray,409
2270.0,40.789041288195406,0.0,460.6791666666667,301.0,16.112036945052772,4.712264309481169e-12,406,1145.0,0,0.0,,,PredHPA-r1,gray,410
0.0,0.0,0.0,437.9736111111111,301.0,0.12997186475150113,1.0,245,0.0,0,0.0,,,PredHPA-r1,gray,411
1105.0,19.27181677419625,0.0,480.55694444444447,301.0,16.112036945052772,1.1420125096628104e-12,510,1045.0,0,0.0,,,PredHPA-r1,gray,412
760.0,12.55564496834115,0.0,464.5125,301.0,10.123151669107154,8.69164759616383e-07,488,760.0,0,0.0,,,PredHPA-r1,gray,413
0.0,0.006744185949247861,0.0,499.3666666666667,301.0,0.12997186475150113,0.9701744334899401,470,0.0,0,0.0,,,PredHPA-r1,gray,414
6160.0,93.65833870929447,0.0,551.8333333333334,301.0,16.116835434733883,6.262239984885991e-11,241,1200.0,0,0.0,,,PredHPA-r1,gray,415
175.0,3.2557878758997294,0.0,388.53472222222223,301.0,0.12997186475150113,3.393363234588442e-06,374,175.0,0,0.0,,,PredHPA-r1,gray,416
0.0,0.00021162385277495588,0.0,436.1069444444444,301.0,0.12997186475150113,0.9977212485098068,236,0.0,0,0.0,,,PredHPA-r1,gray,417
20.0,0.04712330575330492,0.0,455.10833333333335,301.0,0.12997186475150113,0.7172345032944877,476,15.0,0,0.0,,,PredHPA-r1,gray,418
155.0,2.7879720000772767,0.0,453.6638888888889,301.0,0.12997186475150113,5.36332799354182e-12,514,15.0,0,0.0,,,PredHPA-r1,gray,419
0.0,0.0004248041400312097,0.0,499.7402777777778,301.0,0.12997186475150113,0.9966478041057059,486,0.0,0,0.0,,,PredHPA-r1,gray,420
6160.0,93.61908245499963,0.0,551.8333333333334,301.0,16.116835434733883,6.460990430765243e-11,256,1200.0,0,0.0,,,PredHPA-r1,gray,421
1130.0,22.870054272601827,0.0,406.70972222222224,301.0,10.123151669107154,8.69164759616383e-07,382,1115.0,0,0.0,,,PredHPA-r1,gray,422
0.0,0.0,0.0,435.08472222222224,301.0,0.12997186475150113,1.0,262,0.0,0,0.0,,,PredHPA-r1,gray,423
1210.0,19.366632327592924,0.0,481.1375,301.0,10.116835434733883,4.4623914933512274e-08,464,1200.0,0,0.0,,,PredHPA-r1,gray,424
1025.0,17.442213590330613,0.0,479.5125,301.0,10.116835434733883,1.2287089888005073e-07,492,1025.0,0,0.0,,,PredHPA-r1,gray,425
1770.0,23.219456162203677,0.0,528.2777777777778,301.0,16.112036945052772,7.522385608520271e-11,393,605.0,0,0.0,,,PredHPA-r1,gray,426
2230.0,32.691975376960094,0.0,505.38055555555553,301.0,10.123151669107154,4.505608568340711e-08,418,1180.0,0,0.0,,,PredHPA-r1,gray,427
280.0,5.434596118019885,0.0,389.44444444444446,301.0,0.12997186475150113,5.174687206302268e-08,376,280.0,0,0.0,,,PredHPA-r1,gray,428
1145.0,16.25682074239263,0.0,468.21527777777777,301.0,10.116835434733883,1.952853706901329e-05,296,1135.0,0,0.0,,,PredHPA-r1,gray,429
1750.0,25.726872008216617,0.0,431.93055555555554,301.0,11.424915498564884,8.677840615609262e-10,2633,70.0,8,0.0,,,ARC,gray,400
10.0,0.07748232449206194,0.0,371.53055555555557,301.0,0.12997186475150113,0.771460380248429,3328,5.0,10,0.0,,,ARC,gray,401
0.0,0.0050048513118294835,0.0,383.21527777777777,301.0,0.12997186475150113,0.958940060571731,3427,0.0,9,0.0,,,ARC,gray,402
110.0,1.5469651781054639,0.0,374.36944444444447,291.0,0.12997186475150113,4.501326718967914e-08,3267,110.0,10,0.0,,,ARC,gray,403
180.0,3.2372884247981237,0.0,331.75,301.0,0.12997186475150113,3.3526805334055084e-11,2465,180.0,10,0.0,,,ARC,gray,404
40.0,0.5714122457737503,0.0,396.39722222222224,301.0,0.12997186475150113,4.1453424845744445e-05,3127,0.0,10,0.0,,,ARC,gray,405
180.0,2.29951919638669,0.0,380.75555555555553,301.0,0.12997186475150113,8.691647596163801e-07,3005,125.0,9,0.0,,,ARC,gray,406
725.0,11.812334241605738,0.0,383.3930555555556,301.0,10.123151669107154,8.69164759616383e-07,3197,725.0,9,0.0,,,ARC,gray,407
0.0,0.0,0.0,393.1791666666667,301.0,0.12997186475150113,1.0,3568,0.0,9,0.0,,,ARC,gray,408
3985.0,63.313569383070245,0.0,482.6388888888889,301.0,14.404909315938074,6.235476927672079e-13,1595,1200.0,4,0.0,,,ARC,gray,409
2270.0,40.794383843222704,0.0,408.40694444444443,301.0,15.364799773784508,1.0413538555781284e-12,1972,1145.0,6,0.0,,,ARC,gray,410
140.0,1.5912812918600694,0.0,383.40833333333336,301.0,0.12997186475150113,2.3966626222556502e-06,3099,120.0,9,0.0,,,ARC,gray,411
120.0,2.112250028538243,0.0,378.6138888888889,301.0,0.12997186475150113,3.3130237398131655e-09,3226,20.0,9,0.0,,,ARC,gray,412
345.0,4.961324973811399,0.0,388.06944444444446,301.0,2.989546865305314,1.1258132449551346e-07,3186,330.0,10,0.0,,,ARC,gray,413
0.0,0.0,0.0,387.0097222222222,301.0,0.12997186475150113,1.0,3429,0.0,9,0.0,,,ARC,gray,414
0.0,0.0,0.0,375.01944444444445,285.0,0.12997186475150113,1.0,3287,0.0,10,0.0,,,ARC,gray,415
185.0,3.384037013133767,0.0,318.20972222222224,301.0,0.12997186475150113,1.3800579152007871e-07,2303,185.0,10,0.0,,,ARC,gray,416
15.0,0.14486711154159115,0.0,375.21666666666664,301.0,0.12997186475150113,0.4597913452687781,3024,0.0,9,0.0,,,ARC,gray,417
150.0,2.7103245522491104,0.0,373.975,301.0,0.12997186475150113,2.0367125558087047e-09,3111,45.0,10,0.0,,,ARC,gray,418
1090.0,18.311109966305217,0.0,394.3902777777778,301.0,12.596123207907679,5.029945203118503e-12,3102,1075.0,9,0.0,,,ARC,gray,419
0.0,0.0,0.0,386.19166666666666,301.0,0.12997186475150113,1.0,3469,0.0,9,0.0,,,ARC,gray,420
110.0,1.734824475948249,0.0,389.65972222222223,301.0,0.12997186475150113,4.720362789070232e-08,3316,110.0,9,0.0,,,ARC,gray,421
1130.0,22.794086295720582,0.0,348.90277777777777,301.0,11.353466047307583,2.1784594333869235e-07,2208,1115.0,9,0.0,,,ARC,gray,422
10.0,0.045883425232584596,0.0,390.49444444444447,301.0,0.12997186475150113,0.7344511863666172,3234,10.0,10,0.0,,,ARC,gray,423
185.0,3.2214085105377377,0.0,378.04305555555555,301.0,0.12997186475150113,1.5830356435182226e-08,3174,80.0,10,5.0,,,ARC,gray,424
155.0,2.821350466844419,0.0,368.0541666666667,301.0,0.12997186475150113,4.471636486295473e-08,3495,155.0,10,0.0,,,ARC,gray,425
5.0,0.03456361862642643,0.0,399.6722222222222,301.0,0.12997186475150113,0.7625406196703771,3553,5.0,9,0.0,,,ARC,gray,426
1225.0,18.174076462011367,0.0,418.10555555555555,301.0,10.123151669107154,1.0890576420863179e-07,2564,1200.0,7,0.0,,,ARC,gray,427
285.0,5.626860066339989,0.0,325.8625,301.0,0.12997186475150113,1.6448005926564706e-11,2472,285.0,10,0.0,,,ARC,gray,428
0.0,0.0,0.0,396.4819444444444,301.0,0.12997186475150113,1.0,3154,0.0,9,0.0,,,ARC,gray,429
60.0,0.9325434576948566,0.0,375.3125,301.0,0.12997186475150113,0.001871879223334567,3168,25.0,10,0.0,,,ARC-r0,gray,400
10.0,0.07340312537204019,0.0,371.53055555555557,301.0,0.12997186475150113,0.771460380248429,3328,5.0,10,0.0,,,ARC-r0,gray,401
0.0,0.0050048513118294835,0.0,383.21527777777777,301.0,0.12997186475150113,0.958940060571731,3427,0.0,9,0.0,,,ARC-r0,gray,402
15.0,0.27239867989535815,0.0,369.70694444444445,272.0,0.12997186475150113,0.10646801831730536,3195,15.0,10,0.0,,,ARC-r0,gray,403
5.0,0.06521730490495203,0.0,323.0597222222222,301.0,0.12997186475150113,0.4943820732910796,2415,5.0,10,0.0,,,ARC-r0,gray,404
10.0,0.060294732960886055,0.0,392.8847222222222,301.0,0.12997186475150113,0.7871152163582883,3138,0.0,10,0.0,,,ARC-r0,gray,405
70.0,0.876914897637282,0.0,374.2625,301.0,0.12997186475150113,0.09534562776584823,3022,15.0,9,0.0,,,ARC-r0,gray,406
5.0,0.017603293357815186,0.0,363.9486111111111,301.0,0.12997186475150113,0.835599689319265,3413,5.0,10,0.0,,,ARC-r0,gray,407
0.0,0.0,0.0,393.1791666666667,301.0,0.12997186475150113,1.0,3568,0.0,9,0.0,,,ARC-r0,gray,408
5.0,0.08281064316034703,0.0,389.0708333333333,284.0,0.12997186475150113,0.22114730631659246,3216,5.0,10,0.0,,,ARC-r0,gray,409
5.0,0.07888330633603058,0.0,332.40694444444443,301.0,0.12997186475150113,0.40202499805322023,2369,5.0,10,0.0,,,ARC-r0,gray,410
20.0,0.16850378624637674,0.0,378.6763888888889,301.0,0.12997186475150113,0.6173008513784632,3061,5.0,9,0.0,,,ARC-r0,gray,411
55.0,0.929917309263073,0.0,374.18194444444447,301.0,0.12997186475150113,0.02511151602617427,3177,20.0,10,0.0,,,ARC-r0,gray,412
15.0,0.15300056260550976,0.0,373.8027777777778,301.0,0.12997186475150113,0.5534719169290243,3173,15.0,10,0.0,,,ARC-r0,gray,413
0.0,0.0,0.0,387.0097222222222,301.0,0.12997186475150113,1.0,3429,0.0,9,0.0,,,ARC-r0,gray,414
0.0,0.0,0.0,375.01944444444445,285.0,0.12997186475150113,1.0,3287,0.0,10,0.0,,,ARC-r0,gray,415
30.0,0.5115836980000843,0.0,310.7138888888889,301.0,0.12997186475150113,0.004658054703833162,2303,30.0,10,0.0,,,ARC-r0,gray,416
10.0,0.055361837677248005,0.0,373.2361111111111,301.0,0.12997186475150113,0.8168604102998883,3059,0.0,10,0.0,,,ARC-r0,gray,417
60.0,0.824639505768876,0.0,364.39722222222224,301.0,0.12997186475150113,0.056920487324952,2996,25.0,9,0.0,,,ARC-r0,gray,418
10.0,0.1278459068181248,0.0,362.5708333333333,301.0,0.12997186475150113,0.2003906701407415,3223,5.0,10,0.0,,,ARC-r0,gray,419
0.0,0.0,0.0,386.19166666666666,301.0,0.12997186475150113,1.0,3469,0.0,9,0.0,,,ARC-r0,gray,420
10.0,0.03241385113896822,0.0,384.04027777777776,279.0,0.12997186475150113,0.861543225416331,3211,10.0,10,0.0,,,ARC-r0,gray,421
35.0,0.6906780559360337,0.0,319.2888888888889,301.0,0.12997186475150113,0.006467164398956404,2380,35.0,10,0.0,,,ARC-r0,gray,422
10.0,0.04639272557298568,0.0,390.6722222222222,301.0,0.12997186475150113,0.7344511863666172,3229,5.0,10,0.0,,,ARC-r0,gray,423
70.0,1.3026610228481728,0.0,371.8847222222222,301.0,0.12997186475150113,0.0010281154891695799,3134,5.0,10,0.0,,,ARC-r0,gray,424
20.0,0.34186065449033354,0.0,367.1097222222222,301.0,0.12997186475150113,0.01866082368806655,3397,20.0,10,0.0,,,ARC-r0,gray,425
0.0,0.0033184341081349267,0.0,398.78055555555557,301.0,0.12997186475150113,0.9738942792530029,3602,0.0,9,0.0,,,ARC-r0,gray,426
40.0,0.6529750604064799,0.0,379.7972222222222,290.0,0.12997186475150113,0.000757202546300244,3211,50.0,10,0.0,,,ARC-r0,gray,427
20.0,0.20512208202144722,0.0,317.2680555555556,301.0,0.12997186475150113,0.29124575578811157,2330,20.0,10,0.0,,,ARC-r0,gray,428
0.0,0.0,0.0,395.3513888888889,301.0,0.12997186475150113,1.0,3084,0.0,10,0.0,,,ARC-r0,gray,429
140.0,2.4938839860396578,0.0,380.7875,301.0,0.12997186475150113,5.107701842862894e-10,3190,70.0,10,0.0,,,ARC-r1,gray,400
10.0,0.07738910286952949,0.0,371.53055555555557,301.0,0.12997186475150113,0.771460380248429,3328,5.0,10,0.0,,,ARC-r1,gray,401
0.0,0.0050048513118294835,0.0,383.21527777777777,301.0,0.12997186475150113,0.958940060571731,3427,0.0,9,0.0,,,ARC-r1,gray,402
1190.0,17.149975501411806,0.0,396.6972222222222,274.0,10.116835434733883,7.53544355895176e-07,2673,1185.0,8,0.0,,,ARC-r1,gray,403
170.0,3.212229485209339,0.0,330.9791666666667,301.0,0.12997186475150113,3.0405221803056497e-10,2468,170.0,10,0.0,,,ARC-r1,gray,404
25.0,0.46545398551918193,0.0,394.6638888888889,301.0,0.12997186475150113,9.07001072391872e-05,3140,0.0,10,0.0,,,ARC-r1,gray,405
135.0,1.8705656916732427,0.0,377.36805555555554,301.0,0.12997186475150113,1.7457640871608334e-05,3021,80.0,9,0.0,,,ARC-r1,gray,406
90.0,1.1890567712355748,0.0,366.8486111111111,301.0,0.12997186475150113,1.7457640871608365e-05,3420,90.0,10,0.0,,,ARC-r1,gray,407
0.0,0.0,0.0,393.1791666666667,301.0,0.12997186475150113,1.0,3568,0.0,9,0.0,,,ARC-r1,gray,408
25.0,0.17492412763369103,0.0,389.37638888888887,284.0,0.12997186475150113,0.22114730631659246,3204,20.0,10,0.0,,,ARC-r1,gray,409
1380.0,27.030116101705215,0.0,373.22222222222223,301.0,13.112036945052774,1.851006772691053e-10,2219,1145.0,8,0.0,,,ARC-r1,gray,410
130.0,1.5325242543734352,0.0,381.7763888888889,301.0,0.12997186475150113,8.691647596163831e-07,3107,105.0,9,0.0,,,ARC-r1,gray,411
80.0,1.3948535203881063,0.0,375.8388888888889,301.0,0.12997186475150113,8.874163675672039e-09,3183,20.0,10,0.0,,,ARC-r1,gray,412
140.0,2.7230914360738323,0.0,375.7861111111111,301.0,0.12997186475150113,8.691647596163831e-07,3207,140.0,10,0.0,,,ARC-r1,gray,413
0.0,0.0,0.0,387.0097222222222,301.0,0.12997186475150113,1.0,3429,0.0,9,0.0,,,ARC-r1,gray,414
0.0,0.0,0.0,375.01944444444445,285.0,0.12997186475150113,1.0,3287,0.0,10,0.0,,,ARC-r1,gray,415
180.0,3.375239636358507,0.0,316.24861111111113,301.0,0.12997186475150113,8.691647596163802e-07,2305,180.0,10,0.0,,,ARC-r1,gray,416
10.0,0.13245552467842092,0.0,375.21666666666664,301.0,0.12997186475150113,0.494816226101198,3022,0.0,9,0.0,,,ARC-r1,gray,417
140.0,2.3103742993052845,0.0,371.55833333333334,301.0,0.12997186475150113,2.1343837922188765e-08,3051,30.0,10,5.0,,,ARC-r1,gray,418
595.0,10.106162135893658,0.0,384.4611111111111,301.0,9.406602315544761,8.499220280827629e-11,3367,575.0,10,0.0,,,ARC-r1,gray,419
0.0,0.0,0.0,386.19166666666666,301.0,0.12997186475150113,1.0,3469,0.0,9,0.0,,,ARC-r1,gray,420
1165.0,16.827368767431004,0.0,406.6625,286.0,10.116835434733883,1.008147088028808e-06,2566,1160.0,8,0.0,,,ARC-r1,gray,421
1110.0,22.590180454638563,0.0,347.49444444444447,301.0,10.123151669107154,8.69164759616383e-07,2159,1115.0,8,0.0,,,ARC-r1,gray,422
10.0,0.03667065905644806,0.0,390.61805555555554,301.0,0.12997186475150113,0.7344511863666172,3228,10.0,10,0.0,,,ARC-r1,gray,423
225.0,4.179134694520769,0.0,376.23333333333335,301.0,0.12997186475150113,5.582384597476141e-09,3155,140.0,10,10.0,,,ARC-r1,gray,424
95.0,1.6333018764423501,0.0,367.22222222222223,301.0,0.12997186475150113,1.2853271055104934e-07,3406,95.0,10,0.0,,,ARC-r1,gray,425
5.0,0.034478994252529205,0.0,400.79027777777776,301.0,0.12997186475150113,0.7631837540187739,3527,5.0,9,0.0,,,ARC-r1,gray,426
105.0,1.684381731665352,0.0,384.27916666666664,275.0,0.12997186475150113,1.0466342291043733e-06,3163,105.0,10,0.0,,,ARC-r1,gray,427
90.0,1.8260249350914304,0.0,318.3861111111111,301.0,0.12997186475150113,5.358510096394414e-08,2359,90.0,10,0.0,,,ARC-r1,gray,428
0.0,0.0,0.0,396.4819444444444,301.0,0.12997186475150113,1.0,3149,0.0,9,0.0,,,ARC-r1,gray,429
15.0,0.12482717280413169,0.0,279.1375,239.0,0.12997186475150113,0.41647107654802773,275,5.0,0,0.0,,,HPA-r0,ddos,400
55.0,0.9838180395677187,0.0,306.20972222222224,271.0,0.1299718647515012,2.946084980041202e-06,394,50.0,0,0.0,,,HPA-r0,ddos,401
60.0,0.842228498017894,0.0,304.33194444444445,236.0,0.1299718647515012,3.470397973748668e-06,328,60.0,0,0.0,,,HPA-r0,ddos,402
40.0,0.17252820059097118,0.0,295.7125,235.0,0.12997186475150113,0.3438826347333971,290,50.0,0,0.0,,,HPA-r0,ddos,403
5.0,0.01601046367255554,0.0,294.49861111111113,269.0,0.12997186475150113,0.9202619653778561,319,5.0,0,0.0,,,HPA-r0,ddos,404
20.0,0.038312019282393805,0.0,296.0208333333333,242.0,0.12997186475150113,0.8816032973072895,235,30.0,0,0.0,,,HPA-r0,ddos,405
60.0,0.8020229811761204,0.0,282.6152777777778,247.0,0.1299718647515012,0.006405357312607178,305,55.0,0,0.0,,,HPA-r0,ddos,406
0.0,0.009552989376448995,0.0,305.81805555555553,283.0,0.12997186475150113,0.9541735146933804,407,0.0,0,0.0,,,HPA-r0,ddos,407
35.0,0.506375875408227,0.0,301.2597222222222,235.0,0.12997186475150113,0.00014051278952709244,349,35.0,0,0.0,,,HPA-r0,ddos,408
0.0,0.0016853941573802267,0.0,287.725,225.0,0.12997186475150113,0.9777593870807435,261,0.0,0,0.0,,,HPA-r0,ddos,409
55.0,1.1195384465202518,0.0,299.43611111111113,298.0,0.12997186475150113,0.0005729806605768768,355,55.0,0,0.0,,,HPA-r0,ddos,410
20.0,0.10998853224448712,0.0,292.8902777777778,230.0,0.12997186475150113,0.44038864954725876,254,20.0,0,0.0,,,HPA-r0,ddos,411
50.0,0.5204115598422931,0.0,279.2263888888889,242.0,0.12997186475150113,0.07770736787358597,271,40.0,0,0.0,,,HPA-r0,ddos,412
40.0,0.4776594221501895,0.0,297.1486111111111,238.0,0.12997186475150113,0.08017354102083381,354,35.0,0,0.0,,,HPA-r0,ddos,413
35.0,0.4524115866869405,0.0,299.1722222222222,231.0,0.12997186475150113,0.0012610802905373712,349,35.0,0,0.0,,,HPA-r0,ddos,414
25.0,0.34746384545869535,0.0,295.2375,241.0,0.1299718647515012,0.003101343016590579,270,25.0,0,0.0,,,HPA-r0,ddos,415
10.0,0.046592593733740806,0.0,301.30833333333334,283.0,0.12997186475150113,0.838403185317302,332,10.0,0,0.0,,,HPA-r0,ddos,416
0.0,0.0,0.0,290.6222222222222,227.0,0.12997186475150113,1.0,251,0.0,0,0.0,,,HPA-r0,ddos,417
55.0,0.646427654024373,0.0,280.6486111111111,241.0,0.12997186475150124,0.02268972063722854,293,45.0,0,0.0,,,HPA-r0,ddos,418
70.0,0.8132983537492144,0.0,299.36805555555554,229.0,0.12997186475150113,0.004758361356010919,366,65.0,0,0.0,,,HPA-r0,ddos,419
20.0,0.24600942921492175,0.0,299.5444444444444,231.0,0.12997186475150121,0.12060217622803777,347,20.0,0,0.0,,,HPA-r0,ddos,420
35.0,0.5186799734141156,0.0,300.4,252.0,0.12997186475150113,0.002246155618474869,314,35.0,0,0.0,,,HPA-r0,ddos,421
50.0,0.8398432393073696,0.0,297.9375,296.0,0.12997186475150121,0.036067869878091574,341,50.0,0,0.0,,,HPA-r0,ddos,422
40.0,0.4615090616892137,0.0,294.30555555555554,233.0,0.12997186475150113,0.06803193232844407,258,40.0,0,0.0,,,HPA-r0,ddos,423
70.0,1.2757873857487834,0.0,285.7138888888889,264.0,0.12997186475150113,1.3272069473702e-07,337,60.0,0,0.0,,,HPA-r0,ddos,424
85.0,1.376101003155794,0.0,305.2111111111111,265.0,0.1299718647515012,2.4107169880210253e-06,377,85.0,0,0.0,,,HPA-r0,ddos,425
55.0,0.9756293953596673,0.0,307.9486111111111,265.0,0.12997186475150124,1.104029786387906e-05,348,55.0,0,0.0,,,HPA-r0,ddos,426
55.0,0.8982306123890504,0.0,309.4513888888889,291.0,0.12997186475150113,0.0013858963141322506,319,60.0,0,0.0,,,HPA-r0,ddos,427
30.0,0.22107575648389055,0.0,300.2736111111111,277.0,0.12997186475150113,0.29666119896330406,299,5.0,0,0.0,,,HPA-r0,ddos,428
15.0,0.15772153515545284,0.0,291.14166666666665,234.0,0.12997186475150113,0.2899709985083777,271,15.0,0,0.0,,,HPA-r0,ddos,429
0.0,0.0,0.0,299.78055555555557,273.0,0.12997186475150113,1.0,708,0.0,0,0.0,,,HPA-fast-r0,ddos,400
5.0,0.01878233783337846,0.0,295.7597222222222,284.0,0.12997186475150113,0.9245473110048064,779,5.0,0,0.0,,,HPA-fast-r0,ddos,401
30.0,0.3599587240673552,0.0,312.475,277.0,0.12997186475150113,0.22532257022618216,873,30.0,0,0.0,,,HPA-fast-r0,ddos,402
45.0,0.3345728506343737,0.0,301.5027777777778,241.0,0.12997186475150113,0.05343641571720836,615,45.0,0,0.0,,,HPA-fast-r0,ddos,403
10.0,0.07601381756432435,0.0,269.8263888888889,277.0,0.12997186475150113,0.5372050213400477,526,0.0,0,0.0,,,HPA-fast-r0,ddos,404
0.0,0.0,0.0,305.2388888888889,247.0,0.12997186475150113,1.0,646,0.0,0,0.0,,,HPA-fast-r0,ddos,405
20.0,0.19615682761739972,0.0,298.92083333333335,269.0,0.12997186475150113,0.1836128572228194,715,20.0,0,0.0,,,HPA-fast-r0,ddos,406
0.0,0.0,0.0,294.1666666666667,298.0,0.12997186475150113,1.0,808,0.0,0,0.0,,,HPA-fast-r0,ddos,407
0.0,0.0,0.0,312.05555555555554,250.0,0.12997186475150113,1.0,755,0.0,0,0.0,,,HPA-fast-r0,ddos,408
0.0,0.0,0.0,298.22083333333336,242.0,0.12997186475150113,1.0,568,0.0,0,0.0,,,HPA-fast-r0,ddos,409
40.0,0.8376883112666156,0.0,273.36805555555554,293.0,0.12997186475150113,0.00019056249488021723,593,40.0,0,0.0,,,HPA-fast-r0,ddos,410
0.0,0.0,0.0,309.1333333333333,249.0,0.12997186475150113,1.0,726,0.0,0,0.0,,,HPA-fast-r0,ddos,411
20.0,0.07978237367691765,0.0,300.6694444444444,269.0,0.12997186475150113,0.7586740873499245,670,15.0,0,0.0,,,HPA-fast-r0,ddos,412
0.0,0.0,0.0,293.0,295.0,0.12997186475150113,1.0,745,0.0,0,0.0,,,HPA-fast-r0,ddos,413
0.0,0.0,0.0,304.7111111111111,241.0,0.12997186475150113,1.0,686,0.0,0,0.0,,,HPA-fast-r0,ddos,414
20.0,0.28747380313431936,0.0,300.59027777777777,244.0,0.12997186475150113,0.01746151651128921,616,20.0,0,0.0,,,HPA-fast-r0,ddos,415
10.0,0.012324943398855925,0.0,272.8597222222222,284.0,0.12997186475150113,0.9195544521523489,579,0.0,0,0.0,,,HPA-fast-r0,ddos,416
0.0,0.0,0.0,306.7291666666667,243.0,0.12997186475150113,1.0,687,0.0,0,0.0,,,HPA-fast-r0,ddos,417
15.0,0.10797826170072522,0.0,300.80555555555554,263.0,0.12997186475150113,0.4248197147107103,700,15.0,0,0.0,,,HPA-fast-r0,ddos,418
5.0,0.010815638579386722,0.0,294.9347222222222,245.0,0.12997186475150113,0.9256843259026695,712,5.0,0,0.0,,,HPA-fast-r0,ddos,419
0.0,0.0,0.0,306.0888888888889,241.0,0.12997186475150113,1.0,719,0.0,0,0.0,,,HPA-fast-r0,ddos,420
30.0,0.2833177223785732,0.0,298.65555555555557,241.0,0.12997186475150113,0.2479653572815627,596,30.0,0,0.0,,,HPA-fast-r0,ddos,421
45.0,0.7293189282285617,0.0,272.40694444444443,290.0,0.12997186475150113,0.036067869878091574,535,40.0,0,0.0,,,HPA-fast-r0,ddos,422
0.0,0.0,0.0,307.9291666666667,247.0,0.12997186475150113,1.0,702,0.0,0,0.0,,,HPA-fast-r0,ddos,423
35.0,0.4855229542599204,0.0,299.5152777777778,269.0,0.1299718647515012,0.0917555610648721,698,30.0,0,0.0,,,HPA-fast-r0,ddos,424
50.0,0.7632967904811716,0.0,290.00416666666666,237.0,0.12997186475150124,0.004508020439699781,668,50.0,0,0.0,,,HPA-fast-r0,ddos,425
20.0,0.07234557751011339,0.0,309.5208333333333,267.0,0.12997186475150113,0.7743462888488358,865,5.0,0,0.0,,,HPA-fast-r0,ddos,426
40.0,0.4998043118223272,0.0,305.7388888888889,266.0,0.12997186475150113,0.012978070037127221,613,40.0,0,0.0,,,HPA-fast-r0,ddos,427
10.0,0.04030098583035491,0.0,271.2083333333333,284.0,0.12997186475150113,0.7614637019935703,521,0.0,0,0.0,,,HPA-fast-r0,ddos,428
0.0,0.0,0.0,302.85833333333335,236.0,0.12997186475150113,1.0,644,0.0,0,0.0,,,HPA-fast-r0,ddos,429
0.0,0.0,0.0,360.8875,301.0,0.12997186475150113,1.0,306,0.0,0,0.0,,,HPA-45-r0,ddos,400
0.0,0.0,0.0,382.1513888888889,301.0,0.12997186475150113,1.0,432,0.0,0,0.0,,,HPA-45-r0,ddos,401
0.0,0.0,0.0,395.3888888888889,301.0,0.12997186475150113,1.0,320,0.0,0,0.0,,,HPA-45-r0,ddos,402
0.0,0.0,0.0,386.15972222222223,301.0,0.12997186475150113,1.0,333,0.0,0,0.0,,,HPA-45-r0,ddos,403
0.0,0.0,0.0,364.5625,301.0,0.12997186475150113,1.0,372,0.0,0,0.0,,,HPA-45-r0,ddos,404
0.0,0.0,0.0,381.15972222222223,301.0,0.12997186475150113,1.0,287,0.0,0,0.0,,,HPA-45-r0,ddos,405
0.0,0.0,0.0,363.0513888888889,301.0,0.12997186475150113,1.0,319,0.0,0,0.0,,,HPA-45-r0,ddos,406
0.0,0.0,0.0,384.6694444444444,301.0,0.12997186475150113,1.0,433,0.0,0,0.0,,,HPA-45-r0,ddos,407
0.0,0.0,0.0,392.9472222222222,300.0,0.12997186475150113,1.0,365,0.0,0,0.0,,,HPA-45-r0,ddos,408
0.0,0.0,0.0,380.19305555555553,294.0,0.12997186475150113,1.0,325,0.0,0,0.0,,,HPA-45-r0,ddos,409
0.0,0.0,0.0,364.95,301.0,0.12997186475150113,1.0,357,0.0,0,0.0,,,HPA-45-r0,ddos,410
0.0,0.0,0.0,387.5388888888889,300.0,0.12997186475150113,1.0,315,0.0,0,0.0,,,HPA-45-r0,ddos,411
0.0,0.0,0.0,357.1069444444444,301.0,0.12997186475150113,1.0,290,0.0,0,0.0,,,HPA-45-r0,ddos,412
0.0,0.0,0.0,386.1041666666667,301.0,0.12997186475150113,1.0,363,0.0,0,0.0,,,HPA-45-r0,ddos,413
0.0,0.0,0.0,391.1611111111111,301.0,0.12997186475150113,1.0,387,0.0,0,0.0,,,HPA-45-r0,ddos,414
0.0,0.0,0.0,384.68611111111113,301.0,0.12997186475150113,1.0,313,0.0,0,0.0,,,HPA-45-r0,ddos,415
0.0,0.0,0.0,362.5722222222222,301.0,0.12997186475150113,1.0,354,0.0,0,0.0,,,HPA-45-r0,ddos,416
0.0,0.0,0.0,384.08194444444445,301.0,0.12997186475150113,1.0,295,0.0,0,0.0,,,HPA-45-r0,ddos,417
0.0,0.0,0.0,364.3597222222222,301.0,0.12997186475150113,1.0,332,0.0,0,0.0,,,HPA-45-r0,ddos,418
0.0,0.007240897313909311,0.0,394.99861111111113,301.0,0.12997186475150113,0.9502468429391826,404,0.0,0,0.0,,,HPA-45-r0,ddos,419
0.0,0.0,0.0,391.2236111111111,298.0,0.12997186475150113,1.0,383,0.0,0,0.0,,,HPA-45-r0,ddos,420
0.0,0.0,0.0,385.1458333333333,301.0,0.12997186475150113,1.0,358,0.0,0,0.0,,,HPA-45-r0,ddos,421
0.0,0.0,0.0,363.59722222222223,301.0,0.12997186475150113,1.0,333,0.0,0,0.0,,,HPA-45-r0,ddos,422
0.0,0.0,0.0,388.9736111111111,301.0,0.12997186475150113,1.0,312,0.0,0,0.0,,,HPA-45-r0,ddos,423
30.0,0.41827226333439604,0.0,362.73055555555555,301.0,0.1299718647515012,0.0917555610648721,376,30.0,0,0.0,,,HPA-45-r0,ddos,424
15.0,0.12461906658224331,0.0,389.56944444444446,301.0,0.12997186475150113,0.5520355207670875,395,15.0,0,0.0,,,HPA-45-r0,ddos,425
5.0,0.07649202338360084,0.0,389.76666666666665,301.0,0.12997186475150113,0.4714889713990661,372,5.0,0,0.0,,,HPA-45-r0,ddos,426
0.0,0.0,0.0,385.52222222222224,301.0,0.12997186475150113,1.0,357,0.0,0,0.0,,,HPA-45-r0,ddos,427
0.0,0.0,0.0,365.59305555555557,301.0,0.12997186475150113,1.0,344,0.0,0,0.0,,,HPA-45-r0,ddos,428
0.0,0.0,0.0,381.55,301.0,0.12997186475150113,1.0,316,0.0,0,0.0,,,HPA-45-r0,ddos,429
0.0,0.0,0.0,472.51944444444445,301.0,0.12997186475150113,1.0,511,0.0,0,0.0,,,PredHPA-r0,ddos,400
0.0,0.0,0.0,459.37083333333334,301.0,0.12997186475150113,1.0,478,0.0,0,0.0,,,PredHPA-r0,ddos,401
0.0,0.0,0.0,488.8902777777778,301.0,0.12997186475150113,1.0,348,0.0,0,0.0,,,PredHPA-r0,ddos,402
0.0,0.0,0.0,456.9263888888889,301.0,0.12997186475150113,1.0,312,0.0,0,0.0,,,PredHPA-r0,ddos,403
0.0,0.0,0.0,398.16527777777776,301.0,0.12997186475150113,1.0,396,0.0,0,0.0,,,PredHPA-r0,ddos,404
0.0,0.0,0.0,466.1402777777778,301.0,0.12997186475150113,1.0,254,0.0,0,0.0,,,PredHPA-r0,ddos,405
0.0,0.0,0.0,472.0652777777778,301.0,0.12997186475150113,1.0,435,0.0,0,0.0,,,PredHPA-r0,ddos,406
0.0,0.0,0.0,465.4972222222222,301.0,0.12997186475150113,1.0,548,0.0,0,0.0,,,PredHPA-r0,ddos,407
0.0,0.0,0.0,483.7861111111111,301.0,0.12997186475150113,1.0,455,0.0,0,0.0,,,PredHPA-r0,ddos,408
0.0,0.0,0.0,451.3958333333333,301.0,0.12997186475150113,1.0,324,0.0,0,0.0,,,PredHPA-r0,ddos,409
0.0,0.0,0.0,396.28333333333336,301.0,0.12997186475150113,1.0,445,0.0,0,0.0,,,PredHPA-r0,ddos,410
0.0,0.0,0.0,473.4138888888889,301.0,0.12997186475150113,1.0,286,0.0,0,0.0,,,PredHPA-r0,ddos,411
0.0,0.0,0.0,475.2652777777778,301.0,0.12997186475150113,1.0,432,0.0,0,0.0,,,PredHPA-r0,ddos,412
0.0,0.0,0.0,465.87638888888887,301.0,0.12997186475150113,1.0,479,0.0,0,0.0,,,PredHPA-r0,ddos,413
0.0,0.0,0.0,480.95694444444445,301.0,0.12997186475150113,1.0,431,0.0,0,0.0,,,PredHPA-r0,ddos,414
0.0,0.0,0.0,456.79583333333335,301.0,0.12997186475150113,1.0,343,0.0,0,0.0,,,PredHPA-r0,ddos,415
0.0,0.0,0.0,396.1069444444444,301.0,0.12997186475150113,1.0,416,0.0,0,0.0,,,PredHPA-r0,ddos,416
0.0,0.0,0.0,463.2347222222222,301.0,0.12997186475150113,1.0,231,0.0,0,0.0,,,PredHPA-r0,ddos,417
0.0,0.0,0.0,472.19166666666666,301.0,0.12997186475150113,1.0,472,0.0,0,0.0,,,PredHPA-r0,ddos,418
0.0,0.0,0.0,478.825,301.0,0.12997186475150113,1.0,487,0.0,0,0.0,,,PredHPA-r0,ddos,419
0.0,0.0,0.0,482.43055555555554,301.0,0.12997186475150113,1.0,447,0.0,0,0.0,,,PredHPA-r0,ddos,420
0.0,0.0,0.0,451.55694444444447,301.0,0.12997186475150113,1.0,377,0.0,0,0.0,,,PredHPA-r0,ddos,421
0.0,0.0,0.0,395.3666666666667,301.0,0.12997186475150113,1.0,394,0.0,0,0.0,,,PredHPA-r0,ddos,422
0.0,0.0,0.0,469.8263888888889,301.0,0.12997186475150113,1.0,323,0.0,0,0.0,,,PredHPA-r0,ddos,423
0.0,0.0,0.0,467.4861111111111,301.0,0.12997186475150113,1.0,490,0.0,0,0.0,,,PredHPA-r0,ddos,424
0.0,0.0,0.0,479.3569444444444,301.0,0.12997186475150113,1.0,462,0.0,0,0.0,,,PredHPA-r0,ddos,425
0.0,0.0,0.0,484.4902777777778,301.0,0.12997186475150113,1.0,436,0.0,0,0.0,,,PredHPA-r0,ddos,426
0.0,0.0,0.0,456.88055555555553,301.0,0.12997186475150113,1.0,386,0.0,0,0.0,,,PredHPA-r0,ddos,427
0.0,0.0,0.0,392.66527777777776,301.0,0.12997186475150113,1.0,445,0.0,0,0.0,,,PredHPA-r0,ddos,428
0.0,0.0,0.0,470.6041666666667,301.0,0.12997186475150113,1.0,284,0.0,0,0.0,,,PredHPA-r0,ddos,429
0.0,0.0,0.0,472.51944444444445,301.0,0.12997186475150113,1.0,511,0.0,0,0.0,,,PredHPA-r1,ddos,400
0.0,0.0,0.0,459.37083333333334,301.0,0.12997186475150113,1.0,478,0.0,0,0.0,,,PredHPA-r1,ddos,401
0.0,0.0,0.0,511.3222222222222,301.0,0.12997186475150113,1.0,436,0.0,0,0.0,,,PredHPA-r1,ddos,402
1040.0,15.054772675978578,0.0,495.71666666666664,301.0,9.119330886181194,3.445244086768358e-08,349,0.0,0,0.0,,,PredHPA-r1,ddos,403
0.0,0.0,0.0,398.16527777777776,301.0,0.12997186475150113,1.0,396,0.0,0,0.0,,,PredHPA-r1,ddos,404
0.0,0.0,0.0,466.1402777777778,301.0,0.12997186475150113,1.0,260,0.0,0,0.0,,,PredHPA-r1,ddos,405
5.0,0.012326882842328413,0.0,475.9402777777778,301.0,0.12997186475150113,0.9292135795165974,497,0.0,0,0.0,,,PredHPA-r1,ddos,406
0.0,0.0,0.0,465.4972222222222,301.0,0.12997186475150113,1.0,548,0.0,0,0.0,,,PredHPA-r1,ddos,407
6575.0,99.9999522973292,0.0,551.8333333333334,301.0,12.123151669107152,1.687880970363449e-10,268,1200.0,0,0.0,,,PredHPA-r1,ddos,408
1135.0,16.147588482622478,0.0,491.475,301.0,9.119330886181194,6.591249055604951e-08,412,0.0,0,0.0,,,PredHPA-r1,ddos,409
0.0,0.0,0.0,396.28333333333336,301.0,0.12997186475150113,1.0,445,0.0,0,0.0,,,PredHPA-r1,ddos,410
0.0,0.0,0.0,473.4138888888889,301.0,0.12997186475150113,1.0,294,0.0,0,0.0,,,PredHPA-r1,ddos,411
0.0,0.0,0.0,475.2652777777778,301.0,0.12997186475150113,1.0,432,0.0,0,0.0,,,PredHPA-r1,ddos,412
0.0,0.0,0.0,465.87638888888887,301.0,0.12997186475150113,1.0,479,0.0,0,0.0,,,PredHPA-r1,ddos,413
0.0,0.0,0.0,504.72222222222223,301.0,0.12997186475150113,1.0,531,0.0,0,0.0,,,PredHPA-r1,ddos,414
6160.0,93.6583359532039,0.0,551.8333333333334,301.0,12.116835434733883,1.1959792171966418e-10,241,1200.0,0,0.0,,,PredHPA-r1,ddos,415
0.0,0.0,0.0,396.1069444444444,301.0,0.12997186475150113,1.0,416,0.0,0,0.0,,,PredHPA-r1,ddos,416
0.0,0.0,0.0,463.5527777777778,301.0,0.12997186475150113,1.0,240,0.0,0,0.0,,,PredHPA-r1,ddos,417
5.0,0.011068899691679679,0.0,474.7597222222222,301.0,0.12997186475150113,0.9358673608928275,535,0.0,0,0.0,,,PredHPA-r1,ddos,418
0.0,0.0,0.0,478.825,301.0,0.12997186475150113,1.0,487,0.0,0,0.0,,,PredHPA-r1,ddos,419
0.0,0.0,0.0,504.2027777777778,301.0,0.12997186475150113,1.0,545,0.0,0,0.0,,,PredHPA-r1,ddos,420
6160.0,93.61908110383554,0.0,551.8333333333334,301.0,12.123151669107152,2.370730374185744e-10,257,1200.0,0,0.0,,,PredHPA-r1,ddos,421
0.0,0.0,0.0,395.3666666666667,301.0,0.12997186475150113,1.0,394,0.0,0,0.0,,,PredHPA-r1,ddos,422
0.0,0.0,0.0,469.8263888888889,301.0,0.12997186475150113,1.0,330,0.0,0,0.0,,,PredHPA-r1,ddos,423
0.0,0.0,0.0,467.4861111111111,301.0,0.12997186475150113,1.0,490,0.0,0,0.0,,,PredHPA-r1,ddos,424
0.0,0.0,0.0,479.3569444444444,301.0,0.12997186475150113,1.0,462,0.0,0,0.0,,,PredHPA-r1,ddos,425
1165.0,14.071468564542789,0.0,528.3652777777778,301.0,9.129971864751502,7.432875241326627e-08,424,0.0,0,0.0,,,PredHPA-r1,ddos,426
1035.0,15.02490598260886,0.0,495.0861111111111,301.0,9.119330886181194,4.505608568340711e-08,447,0.0,0,0.0,,,PredHPA-r1,ddos,427
0.0,0.0,0.0,392.66527777777776,301.0,0.12997186475150113,1.0,445,0.0,0,0.0,,,PredHPA-r1,ddos,428
0.0,0.0,0.0,470.2125,301.0,0.12997186475150113,1.0,276,0.0,0,0.0,,,PredHPA-r1,ddos,429
180.0,3.846553690628962,0.5000078015811593,384.27222222222224,301.0,0.12997186475150113,1.1236960059466102e-08,3139,70.0,9,0.0,5.0,,ARC,ddos,400
0.0,0.42505983054758056,0.4179072229640294,374.91805555555555,301.0,0.12997186475150113,0.9631468147663761,3395,0.0,10,0.0,5.0,,ARC,ddos,401
0.0,0.3887571562373404,0.38875715623735707,385.8375,301.0,0.12997186475150113,0.9699999999999999,3427,0.0,8,0.0,5.0,,ARC,ddos,402
0.0,0.4060710574169679,0.406071057416961,369.3277777777778,272.0,0.12997186475150113,0.9699999999999999,3205,0.0,9,0.0,5.0,,ARC,ddos,403
0.0,0.5112701901233807,0.5112701901233976,324.2916666666667,301.0,0.12997186475150113,0.9699999999999999,2342,0.0,9,0.0,5.0,,ARC,ddos,404
30.0,0.7736136281218498,0.3838390136662814,394.90694444444443,301.0,0.12997186475150113,0.00889350054778509,3170,0.0,8,0.0,10.0,,ARC,ddos,405
55.0,1.2723878597304616,0.4987686306962981,374.7055555555556,301.0,0.12997186475150113,0.09534562776584823,3051,0.0,9,0.0,5.0,,ARC,ddos,406
0.0,0.4457322590999735,0.44573225909997544,364.65555555555557,301.0,0.12997186475150113,0.9699999999999999,3364,0.0,9,0.0,10.0,,ARC,ddos,407
0.0,0.3576838861665266,0.3576838861665364,392.0861111111111,301.0,0.12997186475150113,0.9699999999999999,3487,0.0,9,0.0,10.0,,ARC,ddos,408
0.0,0.3858126724924471,0.3858126724924416,392.4611111111111,284.0,0.12997186475150113,0.9699999999999999,3238,0.0,8,0.0,5.0,,ARC,ddos,409
0.0,0.579179391385154,0.5791793913851713,331.3666666666667,301.0,0.12997186475150113,0.9699999999999999,2387,0.0,9,0.0,5.0,,ARC,ddos,410
25.0,0.7877945142262588,0.40380956504701787,379.1333333333333,301.0,0.12997186475150113,0.01270079360926751,3051,0.0,9,0.0,5.0,,ARC,ddos,411
95.0,2.055200456392936,0.499986586293194,378.89444444444445,301.0,0.12997186475150113,7.447863896271958e-08,3194,20.0,9,0.0,5.0,,ARC,ddos,412
0.0,0.45207397862665477,0.452073978626657,373.25555555555553,301.0,0.12997186475150113,0.9699999999999999,3350,0.0,9,0.0,5.0,,ARC,ddos,413
0.0,0.36088390023718553,0.360883900237192,384.5152777777778,301.0,0.12997186475150113,0.9699999999999999,3389,0.0,8,0.0,5.0,,ARC,ddos,414
0.0,0.41085865263362775,0.4108586526336371,377.72222222222223,283.0,0.12997186475150113,0.9699999999999999,3279,0.0,8,0.0,5.0,,ARC,ddos,415
0.0,0.5117237454318357,0.511723745431806,309.52777777777777,301.0,0.12997186475150113,0.9699999999999999,2216,0.0,9,0.0,10.0,,ARC,ddos,416
10.0,0.5247649135018961,0.3858312856870161,372.175,301.0,0.12997186475150113,0.4597913452687781,3055,0.0,9,0.0,10.0,,ARC,ddos,417
95.0,1.9590968227567118,0.5005770060840966,369.49861111111113,301.0,0.12997186475150113,8.83314759218929e-10,2989,25.0,9,0.0,5.0,,ARC,ddos,418
10.0,0.49469743735849336,0.4651015353496682,363.2625,301.0,0.12997186475150113,0.800102648975382,3284,0.0,10,0.0,10.0,,ARC,ddos,419
0.0,0.3594737120585223,0.35947371205850565,386.90833333333336,301.0,0.12997186475150113,0.9699999999999999,3439,0.0,8,0.0,5.0,,ARC,ddos,420
0.0,0.3959902281206906,0.3959902281206786,385.7916666666667,287.0,0.12997186475150113,0.9699999999999999,3208,0.0,8,0.0,5.0,,ARC,ddos,421
0.0,0.5680048350984235,0.5680048350984543,318.9527777777778,301.0,0.12997186475150113,0.9699999999999999,2420,0.0,9,0.0,10.0,,ARC,ddos,422
0.0,0.4051653868051397,0.4051653868051358,393.43611111111113,301.0,0.12997186475150113,0.9699999999999999,3246,0.0,9,0.0,5.0,,ARC,ddos,423
135.0,2.7794093534706854,0.46683693137081034,379.2597222222222,301.0,0.12997186475150113,6.783116384239493e-08,3232,90.0,9,0.0,10.0,,ARC,ddos,424
0.0,0.4760503666954685,0.47605036669547207,364.7944444444444,301.0,0.12997186475150113,0.9699999999999999,3387,0.0,9,0.0,5.0,,ARC,ddos,425
0.0,0.36764899934546014,0.3676489993454649,400.6638888888889,301.0,0.12997186475150113,0.9699999999999999,3423,0.0,9,0.0,10.0,,ARC,ddos,426
0.0,0.39989902216114315,0.3998990221611439,382.8638888888889,279.0,0.12997186475150113,0.9699999999999999,3158,0.0,8,0.0,5.0,,ARC,ddos,427
0.0,0.5080150944804962,0.5080150944804894,314.4222222222222,301.0,0.12997186475150113,0.9699999999999999,2304,0.0,10,0.0,10.0,,ARC,ddos,428
0.0,0.3644472736563431,0.36444727365633495,395.4166666666667,301.0,0.12997186475150113,0.9699999999999999,3099,0.0,8,0.0,5.0,,ARC,ddos,429
50.0,1.3997234321561525,0.5000078015811593,375.72777777777776,301.0,0.12997186475150113,0.05978189010082653,3064,25.0,9,0.0,5.0,,ARC-r0,ddos,400
0.0,0.4209806314275699,0.4179072229640294,374.91805555555555,301.0,0.12997186475150113,0.9699999999999999,3395,0.0,10,0.0,5.0,,ARC-r0,ddos,401
0.0,0.3887571562373404,0.38875715623735707,385.8375,301.0,0.12997186475150113,0.9699999999999999,3427,0.0,8,0.0,5.0,,ARC-r0,ddos,402
0.0,0.4073320616045817,0.4073320616045784,369.28333333333336,270.0,0.12997186475150113,0.9699999999999999,3189,0.0,9,0.0,5.0,,ARC-r0,ddos,403
0.0,0.5112701901233807,0.5112701901233976,324.2916666666667,301.0,0.12997186475150113,0.9699999999999999,2342,0.0,9,0.0,5.0,,ARC-r0,ddos,404
10.0,0.44539061076585007,0.3850958778049675,393.3611111111111,301.0,0.12997186475150113,0.7871152163582883,3163,0.0,8,0.0,5.0,,ARC-r0,ddos,405
55.0,1.2723878597304616,0.4987686306962981,374.7055555555556,301.0,0.12997186475150113,0.09534562776584823,3051,0.0,9,0.0,5.0,,ARC-r0,ddos,406
0.0,0.4476387702048057,0.44763877020479026,364.2111111111111,301.0,0.12997186475150113,0.9699999999999999,3350,0.0,9,0.0,5.0,,ARC-r0,ddos,407
0.0,0.3576838861665266,0.3576838861665364,392.0861111111111,301.0,0.12997186475150113,0.9699999999999999,3487,0.0,9,0.0,10.0,,ARC-r0,ddos,408
0.0,0.3841182191957171,0.38411821919571987,390.4222222222222,281.0,0.12997186475150113,0.9699999999999999,3245,0.0,8,0.0,10.0,,ARC-r0,ddos,409
0.0,0.579179391385154,0.5791793913851713,331.3666666666667,301.0,0.12997186475150113,0.9699999999999999,2387,0.0,9,0.0,5.0,,ARC-r0,ddos,410
15.0,0.5615025044294342,0.4016949677658653,377.14166666666665,301.0,0.12997186475150113,0.6173008513784632,3089,0.0,9,0.0,10.0,,ARC-r0,ddos,411
55.0,1.4330822648942365,0.499986586293194,375.65972222222223,301.0,0.12997186475150113,0.027146426046614585,3154,20.0,9,0.0,5.0,,ARC-r0,ddos,412
0.0,0.45207397862665477,0.452073978626657,373.25555555555553,301.0,0.12997186475150113,0.9699999999999999,3350,0.0,9,0.0,5.0,,ARC-r0,ddos,413
0.0,0.36088390023718553,0.360883900237192,384.5152777777778,301.0,0.12997186475150113,0.9699999999999999,3389,0.0,8,0.0,5.0,,ARC-r0,ddos,414
0.0,0.41085865263362775,0.4108586526336371,377.72222222222223,283.0,0.12997186475150113,0.9699999999999999,3279,0.0,8,0.0,5.0,,ARC-r0,ddos,415
0.0,0.5117237454318357,0.511723745431806,309.52777777777777,301.0,0.12997186475150113,0.9699999999999999,2216,0.0,9,0.0,10.0,,ARC-r0,ddos,416
10.0,0.44046305418345977,0.3858312856870161,371.8638888888889,301.0,0.12997186475150113,0.8168604102998883,3040,0.0,9,0.0,10.0,,ARC-r0,ddos,417
60.0,1.3782775879238596,0.5027193603633698,362.35277777777776,301.0,0.12997186475150113,0.056920487324952,2973,25.0,9,0.0,5.0,,ARC-r0,ddos,418
0.0,0.4732696064040476,0.47129070123867933,360.68333333333334,301.0,0.12997186475150113,0.9699999999999999,3178,0.0,10,0.0,5.0,,ARC-r0,ddos,419
0.0,0.3594737120585223,0.35947371205850565,386.90833333333336,301.0,0.12997186475150113,0.9699999999999999,3439,0.0,8,0.0,5.0,,ARC-r0,ddos,420
0.0,0.3959902281206906,0.3959902281206786,382.5125,285.0,0.12997186475150113,0.9699999999999999,3093,0.0,9,0.0,5.0,,ARC-r0,ddos,421
0.0,0.5680048350984235,0.5680048350984543,318.9527777777778,301.0,0.12997186475150113,0.9699999999999999,2420,0.0,9,0.0,10.0,,ARC-r0,ddos,422
0.0,0.4051653868051397,0.4051653868051358,393.03194444444443,301.0,0.12997186475150113,0.9699999999999999,3198,0.0,9,0.0,5.0,,ARC-r0,ddos,423
70.0,1.6554122138409344,0.46683693137081034,370.3222222222222,301.0,0.12997186475150113,0.0010281154891695799,3146,30.0,9,0.0,10.0,,ARC-r0,ddos,424
0.0,0.4760503666954685,0.47605036669547207,364.7944444444444,301.0,0.12997186475150113,0.9699999999999999,3387,0.0,9,0.0,5.0,,ARC-r0,ddos,425
0.0,0.3703847337099275,0.370384733709929,399.71527777777777,301.0,0.12997186475150113,0.9699999999999999,3573,0.0,9,0.0,5.0,,ARC-r0,ddos,426
0.0,0.395033724366467,0.3950337243664842,381.70694444444445,279.0,0.12997186475150113,0.9699999999999999,3188,0.0,8,0.0,10.0,,ARC-r0,ddos,427
0.0,0.5080150944804962,0.5080150944804894,314.4222222222222,301.0,0.12997186475150113,0.9699999999999999,2304,0.0,10,0.0,10.0,,ARC-r0,ddos,428
5.0,0.3768558052028248,0.36444727365633495,393.9194444444444,301.0,0.12997186475150113,0.9473746460999891,3010,0.0,8,0.0,5.0,,ARC-r0,ddos,429
80.0,2.0830534466952266,0.5000078015811593,375.9791666666667,301.0,0.12997186475150113,5.098144061655656e-10,3073,35.0,9,0.0,5.0,,ARC-r1,ddos,400
0.0,0.4249666089250592,0.4179072229640294,374.91805555555555,301.0,0.12997186475150113,0.9639890177629156,3395,0.0,10,0.0,5.0,,ARC-r1,ddos,401
0.0,0.3887571562373404,0.38875715623735707,385.8375,301.0,0.12997186475150113,0.9699999999999999,3427,0.0,8,0.0,5.0,,ARC-r1,ddos,402
0.0,0.4060710574169679,0.406071057416961,369.3277777777778,272.0,0.12997186475150113,0.9699999999999999,3205,0.0,9,0.0,5.0,,ARC-r1,ddos,403
0.0,0.5112701901233807,0.5112701901233976,324.2916666666667,301.0,0.12997186475150113,0.9699999999999999,2342,0.0,9,0.0,5.0,,ARC-r1,ddos,404
20.0,0.6890312546186772,0.3838390136662814,395.6791666666667,301.0,0.12997186475150113,0.03365239146014084,3169,0.0,8,0.0,10.0,,ARC-r1,ddos,405
55.0,1.2723878597304616,0.4987686306962981,374.7055555555556,301.0,0.12997186475150113,0.09534562776584823,3051,0.0,9,0.0,5.0,,ARC-r1,ddos,406
0.0,0.4457322590999735,0.44573225909997544,364.65555555555557,301.0,0.12997186475150113,0.9699999999999999,3364,0.0,9,0.0,10.0,,ARC-r1,ddos,407
0.0,0.3576838861665266,0.3576838861665364,392.0861111111111,301.0,0.12997186475150113,0.9699999999999999,3487,0.0,9,0.0,10.0,,ARC-r1,ddos,408
0.0,0.3858126724924471,0.3858126724924416,392.4611111111111,284.0,0.12997186475150113,0.9699999999999999,3238,0.0,8,0.0,5.0,,ARC-r1,ddos,409
0.0,0.579179391385154,0.5791793913851713,331.3666666666667,301.0,0.12997186475150113,0.9699999999999999,2387,0.0,9,0.0,5.0,,ARC-r1,ddos,410
25.0,0.7874486717350804,0.40380956504701787,379.1333333333333,301.0,0.12997186475150113,0.027623555060105123,3051,0.0,9,0.0,5.0,,ARC-r1,ddos,411
75.0,1.855521200475596,0.499986586293194,377.20972222222224,301.0,0.12997186475150113,8.384707405215521e-08,3154,20.0,9,0.0,5.0,,ARC-r1,ddos,412
0.0,0.45207397862665477,0.452073978626657,373.25555555555553,301.0,0.12997186475150113,0.9699999999999999,3350,0.0,9,0.0,5.0,,ARC-r1,ddos,413
0.0,0.36088390023718553,0.360883900237192,384.5152777777778,301.0,0.12997186475150113,0.9699999999999999,3389,0.0,8,0.0,5.0,,ARC-r1,ddos,414
0.0,0.41085865263362775,0.4108586526336371,377.72222222222223,283.0,0.12997186475150113,0.9699999999999999,3279,0.0,8,0.0,5.0,,ARC-r1,ddos,415
0.0,0.5117237454318357,0.511723745431806,309.52777777777777,301.0,0.12997186475150113,0.9699999999999999,2216,0.0,9,0.0,10.0,,ARC-r1,ddos,416
10.0,0.5170000801658636,0.3858312856870161,372.175,301.0,0.12997186475150113,0.494816226101198,3053,0.0,9,0.0,10.0,,ARC-r1,ddos,417
90.0,1.8959194347271002,0.5007399120930205,364.95416666666665,301.0,0.12997186475150113,1.5685680312381426e-08,3019,25.0,9,0.0,10.0,,ARC-r1,ddos,418
10.0,0.4941789601947688,0.4651015353496682,363.2625,301.0,0.12997186475150113,0.8048011320792712,3284,0.0,10,0.0,10.0,,ARC-r1,ddos,419
0.0,0.3594737120585223,0.35947371205850565,386.90833333333336,301.0,0.12997186475150113,0.9699999999999999,3439,0.0,8,0.0,5.0,,ARC-r1,ddos,420
0.0,0.3959902281206906,0.3959902281206786,386.25,284.0,0.12997186475150113,0.9699999999999999,3133,0.0,8,0.0,5.0,,ARC-r1,ddos,421
0.0,0.5680048350984235,0.5680048350984543,318.9527777777778,301.0,0.12997186475150113,0.9699999999999999,2420,0.0,9,0.0,10.0,,ARC-r1,ddos,422
0.0,0.4051653868051397,0.4051653868051358,393.5597222222222,301.0,0.12997186475150113,0.9699999999999999,3240,0.0,9,0.0,5.0,,ARC-r1,ddos,423
85.0,1.9613919304206195,0.46683693137081034,375.5888888888889,301.0,0.12997186475150113,1.9483531913456e-05,3199,35.0,9,0.0,10.0,,ARC-r1,ddos,424
0.0,0.4760503666954685,0.47605036669547207,364.7944444444444,301.0,0.12997186475150113,0.9699999999999999,3387,0.0,9,0.0,5.0,,ARC-r1,ddos,425
0.0,0.3703847337099275,0.370384733709929,401.59583333333336,301.0,0.12997186475150113,0.9699999999999999,3502,0.0,9,0.0,5.0,,ARC-r1,ddos,426
0.0,0.39989902216114315,0.3998990221611439,381.4861111111111,276.0,0.12997186475150113,0.9699999999999999,3150,0.0,8,0.0,5.0,,ARC-r1,ddos,427
0.0,0.5080150944804962,0.5080150944804894,314.4222222222222,301.0,0.12997186475150113,0.9699999999999999,2304,0.0,10,0.0,10.0,,ARC-r1,ddos,428
0.0,0.3644472736563431,0.36444727365633495,395.4166666666667,301.0,0.12997186475150113,0.9699999999999999,3094,0.0,8,0.0,5.0,,ARC-r1,ddos,429
35.0,0.33425338259827075,0.0,280.75694444444446,242.0,0.12997186475150113,0.19251217481994023,273,12.5,0,0.0,,,HPA-r0,ddos_kill,400
55.0,0.9838180395677187,0.0,305.64444444444445,271.0,0.1299718647515012,2.946084980041202e-06,404,25.0,0,0.0,,,HPA-r0,ddos_kill,401
60.0,0.842228498017894,0.0,306.68333333333334,242.0,0.1299718647515012,3.470397973748668e-06,329,30.0,0,0.0,,,HPA-r0,ddos_kill,402
60.0,0.38367263065602897,0.0,295.72222222222223,239.0,0.12997186475150113,0.24222897680912797,292,35.0,0,0.0,,,HPA-r0,ddos_kill,403
5.0,0.019353896541807192,0.0,294.05555555555554,272.0,0.12997186475150113,0.9202619653778561,326,2.5,0,0.0,,,HPA-r0,ddos_kill,404
40.0,0.377030685669133,0.0,297.34305555555557,245.0,0.12997186475150113,0.005090408154474761,232,25.0,0,0.0,,,HPA-r0,ddos_kill,405
60.0,0.8020229811761204,0.0,282.1736111111111,246.0,0.1299718647515012,0.006405357312607178,296,27.5,0,0.0,,,HPA-r0,ddos_kill,406
25.0,0.41611064092608174,0.0,307.12916666666666,282.0,0.12997186475150113,0.00440786786344377,402,25.0,0,0.0,,,HPA-r0,ddos_kill,407
40.0,0.512320089617313,0.0,302.6875,234.0,0.12997186475150113,0.00014051278952709244,356,20.0,0,0.0,,,HPA-r0,ddos_kill,408
20.0,0.15122103066466108,0.0,288.1986111111111,228.0,0.12997186475150113,0.19990014547120546,261,20.0,0,0.0,,,HPA-r0,ddos_kill,409
55.0,1.1195384465202518,0.0,300.58194444444445,301.0,0.12997186475150113,0.0005729806605768768,354,27.5,0,0.0,,,HPA-r0,ddos_kill,410
35.0,0.1584655746460939,0.0,294.5861111111111,234.0,0.12997186475150113,0.44038864954725876,261,20.0,0,0.0,,,HPA-r0,ddos_kill,411
75.0,1.0533567078745532,0.0,279.0527777777778,245.0,0.12997186475150113,0.003790467424702842,282,32.5,0,0.0,,,HPA-r0,ddos_kill,412
65.0,0.7488949466110117,0.0,297.38055555555553,238.0,0.12997186475150113,0.03512048952529934,351,27.5,0,0.0,,,HPA-r0,ddos_kill,413
55.0,0.543873119613647,0.0,298.3263888888889,232.0,0.12997186475150113,0.0012610802905373712,352,27.5,0,0.0,,,HPA-r0,ddos_kill,414
25.0,0.34746384545869535,0.0,294.72777777777776,241.0,0.1299718647515012,0.003101343016590579,268,12.5,0,0.0,,,HPA-r0,ddos_kill,415
10.0,0.046592593733740806,0.0,300.29583333333335,283.0,0.12997186475150113,0.838403185317302,328,5.0,0,0.0,,,HPA-r0,ddos_kill,416
0.0,0.0,0.0,292.8902777777778,232.0,0.12997186475150113,1.0,252,0.0,0,0.0,,,HPA-r0,ddos_kill,417
80.0,1.0405976657679727,0.0,281.7375,244.0,0.12997186475150124,0.0016853905688779642,292,35.0,0,0.0,,,HPA-r0,ddos_kill,418
85.0,1.0552916912559662,0.0,300.22222222222223,232.0,0.12997186475150113,0.004758361356010919,375,40.0,0,0.0,,,HPA-r0,ddos_kill,419
35.0,0.31031256426350406,0.0,300.40416666666664,234.0,0.12997186475150121,0.12060217622803777,345,17.5,0,0.0,,,HPA-r0,ddos_kill,420
50.0,0.7974310295362552,0.0,303.0513888888889,256.0,0.12997186475150113,0.002246155618474869,317,25.0,0,0.0,,,HPA-r0,ddos_kill,421
50.0,0.8436120299851635,0.0,298.5263888888889,297.0,0.12997186475150121,0.036067869878091574,346,25.0,0,0.0,,,HPA-r0,ddos_kill,422
60.0,0.7734608930950015,0.0,294.9638888888889,235.0,0.12997186475150113,0.0051126361138586875,260,30.0,0,0.0,,,HPA-r0,ddos_kill,423
90.0,1.5905307309236782,0.0,287.83194444444445,270.0,0.12997186475150113,1.3272069473702e-07,334,40.0,0,0.0,,,HPA-r0,ddos_kill,424
95.0,1.6201214524613539,0.0,307.2055555555556,269.0,0.1299718647515012,2.4107169880210253e-06,386,47.5,0,0.0,,,HPA-r0,ddos_kill,425
70.0,1.1765752466713852,0.0,307.94166666666666,268.0,0.12997186475150124,1.104029786387906e-05,347,35.0,0,0.0,,,HPA-r0,ddos_kill,426
55.0,0.8982306123890504,0.0,310.03333333333336,291.0,0.12997186475150113,0.0013858963141322506,321,30.0,0,0.0,,,HPA-r0,ddos_kill,427
35.0,0.2580740806798376,0.0,300.65277777777777,279.0,0.12997186475150113,0.29666119896330406,303,5.0,0,0.0,,,HPA-r0,ddos_kill,428
35.0,0.4883414756116866,0.0,290.45,239.0,0.12997186475150113,0.03109707710734552,256,17.5,0,0.0,,,HPA-r0,ddos_kill,429
20.0,0.29572341187149576,0.0,299.8,271.0,0.12997186475150113,0.001950821277648169,710,20.0,0,0.0,,,HPA-fast-r0,ddos_kill,400
5.0,0.01878233783337846,0.0,295.04583333333335,291.0,0.12997186475150113,0.9245473110048064,785,2.5,0,0.0,,,HPA-fast-r0,ddos_kill,401
50.0,0.5975107772090538,0.0,312.6875,274.0,0.12997186475150113,0.1116807973634485,868,25.0,0,0.0,,,HPA-fast-r0,ddos_kill,402
65.0,0.6917707160121189,0.0,302.44305555555553,246.0,0.12997186475150113,0.001563438509268387,633,32.5,0,0.0,,,HPA-fast-r0,ddos_kill,403
35.0,0.4468666970488422,0.0,270.4611111111111,284.0,0.12997186475150113,0.06360439964933395,539,25.0,0,0.0,,,HPA-fast-r0,ddos_kill,404
20.0,0.3387186663867503,0.0,304.70972222222224,244.0,0.12997186475150113,0.005090408154474761,647,20.0,0,0.0,,,HPA-fast-r0,ddos_kill,405
20.0,0.19615682761739972,0.0,299.8277777777778,269.0,0.12997186475150113,0.1836128572228194,725,10.0,0,0.0,,,HPA-fast-r0,ddos_kill,406
15.0,0.1629366980988478,0.0,294.8152777777778,301.0,0.12997186475150113,0.2619009757168477,803,15.0,0,0.0,,,HPA-fast-r0,ddos_kill,407
25.0,0.3094346036670692,0.0,311.2861111111111,247.0,0.12997186475150113,0.01947255890712257,758,25.0,0,0.0,,,HPA-fast-r0,ddos_kill,408
15.0,0.08833306654310036,0.0,299.7388888888889,250.0,0.12997186475150113,0.40520182805426064,576,15.0,0,0.0,,,HPA-fast-r0,ddos_kill,409
45.0,0.8430520703495259,0.0,274.00694444444446,293.0,0.12997186475150113,0.00019056249488021723,609,20.0,0,0.0,,,HPA-fast-r0,ddos_kill,410
15.0,0.048477042401606774,0.0,309.0097222222222,251.0,0.12997186475150113,0.725338105793493,694,20.0,0,0.0,,,HPA-fast-r0,ddos_kill,411
45.0,0.5441005427350598,0.0,300.72777777777776,268.0,0.12997186475150113,0.004997478767918755,665,20.0,0,0.0,,,HPA-fast-r0,ddos_kill,412
0.0,0.0,0.0,294.43194444444447,301.0,0.12997186475150113,1.0,744,0.0,0,0.0,,,HPA-fast-r0,ddos_kill,413
20.0,0.09146153292671766,0.0,306.3361111111111,245.0,0.12997186475150113,0.5356412264367324,699,20.0,0,0.0,,,HPA-fast-r0,ddos_kill,414
20.0,0.28747380313431936,0.0,301.0111111111111,245.0,0.12997186475150113,0.01746151651128921,615,10.0,0,0.0,,,HPA-fast-r0,ddos_kill,415
30.0,0.2726499142167049,0.0,272.7986111111111,282.0,0.12997186475150113,0.14783593257308192,573,20.0,0,0.0,,,HPA-fast-r0,ddos_kill,416
0.0,0.0,0.0,306.9347222222222,241.0,0.12997186475150113,1.0,673,0.0,0,0.0,,,HPA-fast-r0,ddos_kill,417
40.0,0.554235624172561,0.0,302.0833333333333,268.0,0.12997186475150113,0.001348143309552333,715,20.0,0,0.0,,,HPA-fast-r0,ddos_kill,418
15.0,0.17503462379595547,0.0,294.65833333333336,242.0,0.12997186475150113,0.12876118847448498,720,7.5,0,0.0,,,HPA-fast-r0,ddos_kill,419
15.0,0.06430313504858232,0.0,306.11944444444447,244.0,0.12997186475150113,0.6352268021905261,733,15.0,0,0.0,,,HPA-fast-r0,ddos_kill,420
45.0,0.34820273125606427,0.0,298.8652777777778,241.0,0.12997186475150113,0.2479653572815627,610,22.5,0,0.0,,,HPA-fast-r0,ddos_kill,421
45.0,0.7330877189063667,0.0,271.5777777777778,289.0,0.12997186475150113,0.036067869878091574,523,20.0,0,0.0,,,HPA-fast-r0,ddos_kill,422
20.0,0.37907872501046214,0.0,307.78333333333336,250.0,0.12997186475150113,0.0051126361138586875,721,20.0,0,0.0,,,HPA-fast-r0,ddos_kill,423
60.0,0.8585778234884378,0.0,300.17083333333335,269.0,0.1299718647515012,0.010383713698855107,708,27.5,0,0.0,,,HPA-fast-r0,ddos_kill,424
65.0,1.11522005865905,0.0,291.06388888888887,244.0,0.12997186475150124,0.004508020439699781,676,32.5,0,0.0,,,HPA-fast-r0,ddos_kill,425
35.0,0.3361005394572847,0.0,309.475,273.0,0.12997186475150113,0.12710102037921636,859,10.0,0,0.0,,,HPA-fast-r0,ddos_kill,426
40.0,0.4998043118223272,0.0,306.31111111111113,266.0,0.12997186475150113,0.012978070037127221,612,20.0,0,0.0,,,HPA-fast-r0,ddos_kill,427
15.0,0.07503163336027852,0.0,272.4736111111111,284.0,0.12997186475150113,0.7058692366604796,508,5.0,0,0.0,,,HPA-fast-r0,ddos_kill,428
20.0,0.3306199404562338,0.0,303.8541666666667,238.0,0.12997186475150113,0.03109707710734552,666,20.0,0,0.0,,,HPA-fast-r0,ddos_kill,429
0.0,0.0,0.0,361.2472222222222,301.0,0.12997186475150113,1.0,322,0.0,0,0.0,,,HPA-45-r0,ddos_kill,400
0.0,0.0,0.0,383.1611111111111,301.0,0.12997186475150113,1.0,436,0.0,0,0.0,,,HPA-45-r0,ddos_kill,401
0.0,0.0,0.0,395.9291666666667,301.0,0.12997186475150113,1.0,330,0.0,0,0.0,,,HPA-45-r0,ddos_kill,402
0.0,0.0,0.0,387.875,301.0,0.12997186475150113,1.0,338,0.0,0,0.0,,,HPA-45-r0,ddos_kill,403
0.0,0.0033434328692627524,0.0,364.81944444444446,301.0,0.12997186475150113,0.9716915602021816,380,0.0,0,0.0,,,HPA-45-r0,ddos_kill,404
0.0,0.0,0.0,381.07916666666665,301.0,0.12997186475150113,1.0,293,0.0,0,0.0,,,HPA-45-r0,ddos_kill,405
0.0,0.0,0.0,361.30555555555554,301.0,0.12997186475150113,1.0,305,0.0,0,0.0,,,HPA-45-r0,ddos_kill,406
0.0,0.0,0.0,386.1388888888889,301.0,0.12997186475150113,1.0,438,0.0,0,0.0,,,HPA-45-r0,ddos_kill,407
0.0,0.0,0.0,392.2986111111111,301.0,0.12997186475150113,1.0,372,0.0,0,0.0,,,HPA-45-r0,ddos_kill,408
0.0,0.0,0.0,379.25416666666666,292.0,0.12997186475150113,1.0,318,0.0,0,0.0,,,HPA-45-r0,ddos_kill,409
0.0,0.0,0.0,365.02222222222224,301.0,0.12997186475150113,1.0,358,0.0,0,0.0,,,HPA-45-r0,ddos_kill,410
0.0,0.0,0.0,386.28333333333336,301.0,0.12997186475150113,1.0,325,0.0,0,0.0,,,HPA-45-r0,ddos_kill,411
0.0,0.0,0.0,357.775,301.0,0.12997186475150113,1.0,296,0.0,0,0.0,,,HPA-45-r0,ddos_kill,412
0.0,0.0,0.0,386.875,301.0,0.12997186475150113,1.0,366,0.0,0,0.0,,,HPA-45-r0,ddos_kill,413
0.0,0.0,0.0,389.8375,301.0,0.12997186475150113,1.0,367,0.0,0,0.0,,,HPA-45-r0,ddos_kill,414
0.0,0.0,0.0,385.40555555555557,301.0,0.12997186475150113,1.0,310,0.0,0,0.0,,,HPA-45-r0,ddos_kill,415
0.0,0.0,0.0,362.89166666666665,301.0,0.12997186475150113,1.0,357,0.0,0,0.0,,,HPA-45-r0,ddos_kill,416
0.0,0.0,0.0,385.60555555555555,301.0,0.12997186475150113,1.0,308,0.0,0,0.0,,,HPA-45-r0,ddos_kill,417
10.0,0.09153233095220425,0.0,363.19444444444446,301.0,0.12997186475150113,0.6239580066286291,330,10.0,0,0.0,,,HPA-45-r0,ddos_kill,418
5.0,0.02892645752740064,0.0,395.19444444444446,301.0,0.12997186475150113,0.8479827902868239,401,5.0,0,0.0,,,HPA-45-r0,ddos_kill,419
0.0,0.0,0.0,390.90694444444443,301.0,0.12997186475150113,1.0,376,0.0,0,0.0,,,HPA-45-r0,ddos_kill,420
0.0,0.0,0.0,385.5444444444444,301.0,0.12997186475150113,1.0,348,0.0,0,0.0,,,HPA-45-r0,ddos_kill,421
0.0,0.0,0.0,363.8263888888889,301.0,0.12997186475150113,1.0,328,0.0,0,0.0,,,HPA-45-r0,ddos_kill,422
5.0,0.02554579027218562,0.0,387.4861111111111,301.0,0.12997186475150113,0.8421885645825246,315,5.0,0,0.0,,,HPA-45-r0,ddos_kill,423
30.0,0.41827226333439604,0.0,362.5527777777778,301.0,0.1299718647515012,0.0917555610648721,383,15.0,0,0.0,,,HPA-45-r0,ddos_kill,424
15.0,0.12461906658224331,0.0,391.1111111111111,301.0,0.12997186475150113,0.5520355207670875,396,7.5,0,0.0,,,HPA-45-r0,ddos_kill,425
5.0,0.07649202338360084,0.0,389.56666666666666,301.0,0.12997186475150113,0.4714889713990661,365,2.5,0,0.0,,,HPA-45-r0,ddos_kill,426
0.0,0.0,0.0,386.9791666666667,301.0,0.12997186475150113,1.0,365,0.0,0,0.0,,,HPA-45-r0,ddos_kill,427
0.0,0.0,0.0,365.3847222222222,301.0,0.12997186475150113,1.0,336,0.0,0,0.0,,,HPA-45-r0,ddos_kill,428
0.0,0.0,0.0,379.07916666666665,301.0,0.12997186475150113,1.0,307,0.0,0,0.0,,,HPA-45-r0,ddos_kill,429
0.0,0.0,0.0,472.71527777777777,301.0,0.12997186475150113,1.0,507,0.0,0,0.0,,,PredHPA-r0,ddos_kill,400
0.0,0.0,0.0,459.6041666666667,301.0,0.12997186475150113,1.0,480,0.0,0,0.0,,,PredHPA-r0,ddos_kill,401
0.0,0.0,0.0,488.68888888888887,301.0,0.12997186475150113,1.0,347,0.0,0,0.0,,,PredHPA-r0,ddos_kill,402
0.0,0.0,0.0,457.2375,301.0,0.12997186475150113,1.0,312,0.0,0,0.0,,,PredHPA-r0,ddos_kill,403
0.0,0.0033434328692627524,0.0,397.90694444444443,301.0,0.12997186475150113,0.9716915602021816,405,0.0,0,0.0,,,PredHPA-r0,ddos_kill,404
0.0,0.0,0.0,466.80833333333334,301.0,0.12997186475150113,1.0,254,0.0,0,0.0,,,PredHPA-r0,ddos_kill,405
0.0,0.0,0.0,471.55694444444447,301.0,0.12997186475150113,1.0,440,0.0,0,0.0,,,PredHPA-r0,ddos_kill,406
10.0,0.05509487880250852,0.0,465.5152777777778,301.0,0.12997186475150113,0.7294995023896864,543,10.0,0,0.0,,,PredHPA-r0,ddos_kill,407
0.0,0.0,0.0,483.81388888888887,301.0,0.12997186475150113,1.0,451,0.0,0,0.0,,,PredHPA-r0,ddos_kill,408
0.0,0.0,0.0,450.79583333333335,301.0,0.12997186475150113,1.0,321,0.0,0,0.0,,,PredHPA-r0,ddos_kill,409
0.0,0.0,0.0,395.14722222222224,301.0,0.12997186475150113,1.0,436,0.0,0,0.0,,,PredHPA-r0,ddos_kill,410
0.0,0.0,0.0,473.3305555555556,301.0,0.12997186475150113,1.0,284,0.0,0,0.0,,,PredHPA-r0,ddos_kill,411
0.0,0.0,0.0,475.0986111111111,301.0,0.12997186475150113,1.0,422,0.0,0,0.0,,,PredHPA-r0,ddos_kill,412
0.0,0.0,0.0,464.6361111111111,301.0,0.12997186475150113,1.0,477,0.0,0,0.0,,,PredHPA-r0,ddos_kill,413
0.0,0.0,0.0,481.01666666666665,301.0,0.12997186475150113,1.0,431,0.0,0,0.0,,,PredHPA-r0,ddos_kill,414
0.0,0.0,0.0,456.39166666666665,301.0,0.12997186475150113,1.0,340,0.0,0,0.0,,,PredHPA-r0,ddos_kill,415
0.0,0.0,0.0,396.6013888888889,301.0,0.12997186475150113,1.0,414,0.0,0,0.0,,,PredHPA-r0,ddos_kill,416
0.0,0.0,0.0,463.2763888888889,301.0,0.12997186475150113,1.0,228,0.0,0,0.0,,,PredHPA-r0,ddos_kill,417
0.0,0.0,0.0,472.1361111111111,301.0,0.12997186475150113,1.0,467,0.0,0,0.0,,,PredHPA-r0,ddos_kill,418
0.0,0.0,0.0,479.24444444444447,301.0,0.12997186475150113,1.0,488,0.0,0,0.0,,,PredHPA-r0,ddos_kill,419
0.0,0.0,0.0,482.2708333333333,301.0,0.12997186475150113,1.0,446,0.0,0,0.0,,,PredHPA-r0,ddos_kill,420
0.0,0.0,0.0,452.4736111111111,301.0,0.12997186475150113,1.0,371,0.0,0,0.0,,,PredHPA-r0,ddos_kill,421
0.0,0.0037687906777938984,0.0,394.9402777777778,301.0,0.12997186475150113,0.9680986874765882,393,0.0,0,0.0,,,PredHPA-r0,ddos_kill,422
0.0,0.0,0.0,470.10555555555555,301.0,0.12997186475150113,1.0,320,0.0,0,0.0,,,PredHPA-r0,ddos_kill,423
0.0,0.0,0.0,468.02777777777777,301.0,0.12997186475150113,1.0,492,0.0,0,0.0,,,PredHPA-r0,ddos_kill,424
10.0,0.10526584067976907,0.0,479.68194444444447,301.0,0.12997186475150113,0.4629767507796507,457,10.0,0,0.0,,,PredHPA-r0,ddos_kill,425
10.0,0.1793512019648058,0.0,484.02777777777777,301.0,0.12997186475150113,0.190466481099564,437,10.0,0,0.0,,,PredHPA-r0,ddos_kill,426
0.0,0.0,0.0,457.31666666666666,301.0,0.12997186475150113,1.0,390,0.0,0,0.0,,,PredHPA-r0,ddos_kill,427
0.0,0.0,0.0,393.78055555555557,301.0,0.12997186475150113,1.0,454,0.0,0,0.0,,,PredHPA-r0,ddos_kill,428
15.0,0.06932197303350929,0.0,471.2611111111111,301.0,0.12997186475150113,0.6626714317960071,282,15.0,0,0.0,,,PredHPA-r0,ddos_kill,429
0.0,0.0,0.0,472.71527777777777,301.0,0.12997186475150113,1.0,507,0.0,0,0.0,,,PredHPA-r1,ddos_kill,400
0.0,0.0,0.0,459.6041666666667,301.0,0.12997186475150113,1.0,480,0.0,0,0.0,,,PredHPA-r1,ddos_kill,401
0.0,0.0,0.0,511.7027777777778,301.0,0.12997186475150113,1.0,435,0.0,0,0.0,,,PredHPA-r1,ddos_kill,402
1040.0,15.054772675978578,0.0,494.6361111111111,301.0,9.119330886181194,3.445244086768358e-08,343,0.0,0,0.0,,,PredHPA-r1,ddos_kill,403
0.0,0.0033434328692627524,0.0,397.90694444444443,301.0,0.12997186475150113,0.9716915602021816,405,0.0,0,0.0,,,PredHPA-r1,ddos_kill,404
0.0,0.0,0.0,466.80833333333334,301.0,0.12997186475150113,1.0,260,0.0,0,0.0,,,PredHPA-r1,ddos_kill,405
5.0,0.012326882842328413,0.0,475.1,301.0,0.12997186475150113,0.9292135795165974,501,0.0,0,0.0,,,PredHPA-r1,ddos_kill,406
935.0,14.386253283922901,0.0,473.8638888888889,301.0,12.129971864751502,6.123948621733676e-13,549,940.0,0,0.0,,,PredHPA-r1,ddos_kill,407
6575.0,99.99994884879753,0.0,551.8333333333334,301.0,12.123151669107152,1.6933339306292672e-10,267,1200.0,0,0.0,,,PredHPA-r1,ddos_kill,408
1135.0,16.147588482622478,0.0,491.0180555555556,301.0,9.119330886181194,6.591249055604951e-08,408,0.0,0,0.0,,,PredHPA-r1,ddos_kill,409
0.0,0.0,0.0,395.14722222222224,301.0,0.12997186475150113,1.0,436,0.0,0,0.0,,,PredHPA-r1,ddos_kill,410
0.0,0.0,0.0,473.3305555555556,301.0,0.12997186475150113,1.0,292,0.0,0,0.0,,,PredHPA-r1,ddos_kill,411
0.0,0.0,0.0,475.0986111111111,301.0,0.12997186475150113,1.0,422,0.0,0,0.0,,,PredHPA-r1,ddos_kill,412
0.0,0.0,0.0,464.6361111111111,301.0,0.12997186475150113,1.0,477,0.0,0,0.0,,,PredHPA-r1,ddos_kill,413
0.0,0.0,0.0,504.4194444444444,301.0,0.12997186475150113,1.0,533,0.0,0,0.0,,,PredHPA-r1,ddos_kill,414
6160.0,93.65832611301313,0.0,551.8333333333334,301.0,12.116835434733883,1.1992428328278002e-10,245,1200.0,0,0.0,,,PredHPA-r1,ddos_kill,415
0.0,0.0,0.0,396.6013888888889,301.0,0.12997186475150113,1.0,414,0.0,0,0.0,,,PredHPA-r1,ddos_kill,416
0.0,0.0,0.0,463.59444444444443,301.0,0.12997186475150113,1.0,237,0.0,0,0.0,,,PredHPA-r1,ddos_kill,417
860.0,16.10176481960889,0.0,478.52916666666664,301.0,9.129971864751502,7.623102656619802e-10,623,855.0,0,0.0,,,PredHPA-r1,ddos_kill,418
0.0,0.0,0.0,479.24444444444447,301.0,0.12997186475150113,1.0,488,0.0,0,0.0,,,PredHPA-r1,ddos_kill,419
0.0,0.0,0.0,504.18055555555554,301.0,0.12997186475150113,1.0,545,0.0,0,0.0,,,PredHPA-r1,ddos_kill,420
6160.0,93.61889881144559,0.0,551.8333333333334,301.0,12.123151669107152,2.3133311161091105e-10,265,1200.0,0,0.0,,,PredHPA-r1,ddos_kill,421
0.0,0.0037687906777938984,0.0,394.9402777777778,301.0,0.12997186475150113,0.9680986874765882,393,0.0,0,0.0,,,PredHPA-r1,ddos_kill,422
0.0,0.0,0.0,470.10555555555555,301.0,0.12997186475150113,1.0,327,0.0,0,0.0,,,PredHPA-r1,ddos_kill,423
0.0,0.0,0.0,468.02777777777777,301.0,0.12997186475150113,1.0,492,0.0,0,0.0,,,PredHPA-r1,ddos_kill,424
860.0,14.46327548383225,0.0,478.8263888888889,301.0,12.129971864751502,1.5833185249632516e-10,528,860.0,0,0.0,,,PredHPA-r1,ddos_kill,425
2330.0,30.627973489743255,0.0,536.7902777777778,301.0,9.326036465364592,2.576816390961221e-10,394,1110.0,0,0.0,,,PredHPA-r1,ddos_kill,426
1035.0,15.02490598260886,0.0,494.6902777777778,301.0,9.119330886181194,4.505608568340711e-08,445,0.0,0,0.0,,,PredHPA-r1,ddos_kill,427
0.0,0.0,0.0,393.78055555555557,301.0,0.12997186475150113,1.0,454,0.0,0,0.0,,,PredHPA-r1,ddos_kill,428
775.0,10.147174856109565,0.0,470.9375,301.0,9.129971864751502,4.492215724687933e-09,360,775.0,0,0.0,,,PredHPA-r1,ddos_kill,429
135.0,2.936550519134018,0.5000078015811593,376.6069444444444,301.0,0.12997186475150113,1.7356114442839727e-09,3162,55.0,9,0.0,5.0,,ARC,ddos_kill,400
0.0,0.42505983054758056,0.4179072229640294,373.5875,301.0,0.12997186475150113,0.9631468147663761,3397,0.0,10,0.0,5.0,,ARC,ddos_kill,401
10.0,0.43342744243077824,0.3888537322635124,383.2361111111111,301.0,0.12997186475150113,0.4953131499220916,3438,10.0,8,10.0,5.0,,ARC,ddos_kill,402
4120.0,65.7789654261013,0.4073320616045784,478.9125,301.0,12.123151669107152,1.0844616707555922e-10,1527,1125.0,4,0.0,5.0,,ARC,ddos_kill,403
0.0,0.5143264222739141,0.5143264222739218,324.95972222222224,301.0,0.12997186475150113,0.9699999999999999,2330,0.0,9,0.0,5.0,,ARC,ddos_kill,404
4295.0,66.9806876377752,0.38052196962782914,488.2527777777778,301.0,11.830893566842175,2.8261039243995507e-10,1466,1120.0,3,0.0,10.0,,ARC,ddos_kill,405
50.0,1.1897381912719718,0.4987686306962981,374.21944444444443,301.0,0.12997186475150113,0.09534562776584823,3031,7.5,9,0.0,5.0,,ARC,ddos_kill,406
5.0,0.46945601177821317,0.44573225909997544,364.06666666666666,301.0,0.12997186475150113,0.7549076698285133,3366,5.0,9,0.0,10.0,,ARC,ddos_kill,407
0.0,0.3576838861665266,0.3576838861665364,390.1069444444444,301.0,0.12997186475150113,0.9699999999999999,3491,0.0,8,0.0,10.0,,ARC,ddos_kill,408
0.0,0.3839213991817081,0.3839213991816997,392.85833333333335,284.0,0.12997186475150113,0.9699999999999999,3220,0.0,8,0.0,5.0,,ARC,ddos_kill,409
0.0,0.5768599737379199,0.5768599737379219,334.5361111111111,301.0,0.12997186475150113,0.9699999999999999,2406,0.0,9,0.0,5.0,,ARC,ddos_kill,410
30.0,0.7898717609993611,0.40380956504701787,378.2861111111111,301.0,0.12997186475150113,0.01270079360926751,3062,5.0,9,0.0,5.0,,ARC,ddos_kill,411
975.0,17.771921992455464,0.5022060740552738,400.56805555555553,301.0,10.06695442888896,1.1145755716111688e-09,2901,900.0,9,0.0,5.0,,ARC,ddos_kill,412
0.0,0.45207397862665477,0.452073978626657,373.18194444444447,301.0,0.12997186475150113,0.9699999999999999,3288,0.0,9,0.0,5.0,,ARC,ddos_kill,413
0.0,0.36088390023718553,0.360883900237192,386.9847222222222,301.0,0.12997186475150113,0.9699999999999999,3399,0.0,8,0.0,5.0,,ARC,ddos_kill,414
0.0,0.41085865263362775,0.4108586526336371,374.36944444444447,272.0,0.12997186475150113,0.9699999999999999,3160,0.0,8,0.0,5.0,,ARC,ddos_kill,415
0.0,0.5117237454318357,0.511723745431806,309.2527777777778,301.0,0.12997186475150113,0.9699999999999999,2270,0.0,9,0.0,10.0,,ARC,ddos_kill,416
15.0,0.5294116670290339,0.3858312856870161,372.95694444444445,301.0,0.12997186475150113,0.4597913452687781,3085,0.0,9,0.0,10.0,,ARC,ddos_kill,417
4425.0,73.53587862128217,0.5027193603633698,483.77777777777777,301.0,12.12048976944095,3.5156050384146753e-11,1660,1115.0,3,0.0,5.0,,ARC,ddos_kill,418
10.0,0.4968595244325025,0.4651015353496682,362.1847222222222,301.0,0.12997186475150113,0.800102648975382,3275,0.0,10,0.0,10.0,,ARC,ddos_kill,419
0.0,0.3594737120585223,0.35947371205850565,387.34305555555557,301.0,0.12997186475150113,0.9699999999999999,3416,0.0,8,0.0,5.0,,ARC,ddos_kill,420
0.0,0.3959902281206906,0.3959902281206786,385.675,287.0,0.12997186475150113,0.9699999999999999,3199,0.0,8,0.0,5.0,,ARC,ddos_kill,421
0.0,0.5680048350984235,0.5680048350984543,317.57916666666665,301.0,0.12997186475150113,0.9699999999999999,2431,0.0,9,0.0,10.0,,ARC,ddos_kill,422
0.0,0.4051653868051397,0.4051653868051358,392.5444444444444,301.0,0.12997186475150113,0.9699999999999999,3216,0.0,9,0.0,5.0,,ARC,ddos_kill,423
70.0,1.5130975354405662,0.46683693137081034,373.875,301.0,0.12997186475150113,0.06816778105179268,3182,25.0,9,0.0,10.0,,ARC,ddos_kill,424
0.0,0.47411250859088483,0.47411250859088716,366.6694444444444,301.0,0.12997186475150113,0.9699999999999999,3367,0.0,9,0.0,5.0,,ARC,ddos_kill,425
0.0,0.36764899934546014,0.3676489993454649,400.74305555555554,301.0,0.12997186475150113,0.9699999999999999,3413,0.0,9,0.0,10.0,,ARC,ddos_kill,426
0.0,0.39720432453620447,0.39720432453621196,382.15555555555557,267.0,0.12997186475150113,0.9699999999999999,3086,0.0,8,0.0,5.0,,ARC,ddos_kill,427
0.0,0.5080150944804962,0.5080150944804894,316.25694444444446,301.0,0.12997186475150113,0.9699999999999999,2368,0.0,10,0.0,10.0,,ARC,ddos_kill,428
4530.0,70.50127007274205,0.36444727365633495,494.14722222222224,301.0,11.062089796183187,7.905236937228209e-11,1362,1125.0,3,0.0,5.0,,ARC,ddos_kill,429
70.0,1.5009079711255868,0.5000078015811593,375.0,301.0,0.12997186475150113,0.007347820309559627,3068,40.0,9,0.0,5.0,,ARC-r0,ddos_kill,400
0.0,0.4209806314275699,0.4179072229640294,373.5875,301.0,0.12997186475150113,0.9699999999999999,3397,0.0,10,0.0,5.0,,ARC-r0,ddos_kill,401
10.0,0.4126576242685087,0.3888537322635124,383.2361111111111,301.0,0.12997186475150113,0.7571031510824583,3438,10.0,8,10.0,5.0,,ARC-r0,ddos_kill,402
0.0,0.4060710574169679,0.406071057416961,367.44444444444446,267.0,0.12997186475150113,0.9699999999999999,3153,0.0,9,0.0,5.0,,ARC-r0,ddos_kill,403
0.0,0.5143264222739141,0.5143264222739218,324.95972222222224,301.0,0.12997186475150113,0.9699999999999999,2330,0.0,9,0.0,5.0,,ARC-r0,ddos_kill,404
15.0,0.4669346565988386,0.3850958778049675,392.3486111111111,301.0,0.12997186475150113,0.7514721859881465,3093,5.0,8,0.0,5.0,,ARC-r0,ddos_kill,405
50.0,1.1897381912719718,0.4987686306962981,374.21944444444443,301.0,0.12997186475150113,0.09534562776584823,3031,7.5,9,0.0,5.0,,ARC-r0,ddos_kill,406
0.0,0.4476387702048057,0.44763877020479026,364.75694444444446,301.0,0.12997186475150113,0.9699999999999999,3350,0.0,9,0.0,5.0,,ARC-r0,ddos_kill,407
0.0,0.3576838861665266,0.3576838861665364,390.1069444444444,301.0,0.12997186475150113,0.9699999999999999,3491,0.0,8,0.0,10.0,,ARC-r0,ddos_kill,408
0.0,0.3822269458849781,0.3822269458849779,390.5486111111111,278.0,0.12997186475150113,0.9699999999999999,3221,0.0,8,0.0,10.0,,ARC-r0,ddos_kill,409
0.0,0.5768599737379199,0.5768599737379219,334.5361111111111,301.0,0.12997186475150113,0.9699999999999999,2406,0.0,9,0.0,5.0,,ARC-r0,ddos_kill,410
20.0,0.5629752071737326,0.3999124353046428,376.7972222222222,301.0,0.12997186475150113,0.6173008513784632,3042,5.0,9,0.0,10.0,,ARC-r0,ddos_kill,411
70.0,1.4662173009144297,0.5022060740552738,373.2027777777778,301.0,0.12997186475150113,0.025173721835282867,3089,10.0,9,0.0,5.0,,ARC-r0,ddos_kill,412
0.0,0.45207397862665477,0.452073978626657,373.18194444444447,301.0,0.12997186475150113,0.9699999999999999,3288,0.0,9,0.0,5.0,,ARC-r0,ddos_kill,413
0.0,0.36088390023718553,0.360883900237192,386.9847222222222,301.0,0.12997186475150113,0.9699999999999999,3399,0.0,8,0.0,5.0,,ARC-r0,ddos_kill,414
0.0,0.41085865263362775,0.4108586526336371,374.36944444444447,272.0,0.12997186475150113,0.9699999999999999,3160,0.0,8,0.0,5.0,,ARC-r0,ddos_kill,415
0.0,0.5117237454318357,0.511723745431806,309.2527777777778,301.0,0.12997186475150113,0.9699999999999999,2270,0.0,9,0.0,10.0,,ARC-r0,ddos_kill,416
10.0,0.44046305418345977,0.3858312856870161,372.3958333333333,301.0,0.12997186475150113,0.8168604102998883,2970,0.0,9,0.0,10.0,,ARC-r0,ddos_kill,417
75.0,1.5600031641195722,0.5005770060840966,365.02916666666664,301.0,0.12997186475150113,0.02960063515154605,2990,15.0,9,0.0,5.0,,ARC-r0,ddos_kill,418
0.0,0.47175160637633606,0.4676106141369553,361.4888888888889,301.0,0.12997186475150113,0.954843626776908,3288,0.0,10,0.0,5.0,,ARC-r0,ddos_kill,419
0.0,0.3594737120585223,0.35947371205850565,387.34305555555557,301.0,0.12997186475150113,0.9699999999999999,3416,0.0,8,0.0,5.0,,ARC-r0,ddos_kill,420
0.0,0.3959902281206906,0.3959902281206786,383.2319444444444,280.0,0.12997186475150113,0.9699999999999999,3175,0.0,8,0.0,5.0,,ARC-r0,ddos_kill,421
0.0,0.5680048350984235,0.5680048350984543,317.57916666666665,301.0,0.12997186475150113,0.9699999999999999,2431,0.0,9,0.0,10.0,,ARC-r0,ddos_kill,422
5.0,0.4275488039745534,0.4051653868051358,391.31944444444446,301.0,0.12997186475150113,0.9113341002897951,3155,0.0,9,0.0,5.0,,ARC-r0,ddos_kill,423
65.0,1.5859645947837842,0.46683693137081034,371.0986111111111,301.0,0.12997186475150113,0.0010281154891695799,3145,25.0,9,0.0,10.0,,ARC-r0,ddos_kill,424
0.0,0.47411250859088483,0.47411250859088716,366.6694444444444,301.0,0.12997186475150113,0.9699999999999999,3367,0.0,9,0.0,5.0,,ARC-r0,ddos_kill,425
0.0,0.3703847337099275,0.370384733709929,396.94305555555553,301.0,0.12997186475150113,0.9699999999999999,3485,0.0,9,0.0,5.0,,ARC-r0,ddos_kill,426
0.0,0.3977284219914057,0.3977284219914162,379.59722222222223,276.0,0.12997186475150113,0.9699999999999999,3177,0.0,8,0.0,10.0,,ARC-r0,ddos_kill,427
0.0,0.5080150944804962,0.5080150944804894,316.25694444444446,301.0,0.12997186475150113,0.9699999999999999,2368,0.0,10,0.0,10.0,,ARC-r0,ddos_kill,428
10.0,0.4053229341334452,0.36444727365633495,393.50555555555553,301.0,0.12997186475150113,0.7242581750386934,3014,10.0,8,0.0,5.0,,ARC-r0,ddos_kill,429
110.0,2.5190680875672222,0.5000078015811593,377.00694444444446,301.0,0.12997186475150113,1.9054976134407285e-09,3125,55.0,9,0.0,5.0,,ARC-r1,ddos_kill,400
0.0,0.4249666089250592,0.4179072229640294,373.5875,301.0,0.12997186475150113,0.9639890177629156,3397,0.0,10,0.0,5.0,,ARC-r1,ddos_kill,401
10.0,0.4324641163107601,0.3888537322635124,383.2361111111111,301.0,0.12997186475150113,0.5074552468875687,3438,10.0,8,10.0,5.0,,ARC-r1,ddos_kill,402
210.0,3.5447164434266654,0.406071057416961,378.8263888888889,301.0,0.12997186475150113,5.597008557016861e-08,3276,210.0,9,0.0,5.0,,ARC-r1,ddos_kill,403
0.0,0.5143264222739141,0.5143264222739218,324.95972222222224,301.0,0.12997186475150113,0.9699999999999999,2330,0.0,9,0.0,5.0,,ARC-r1,ddos_kill,404
55.0,1.232949264071892,0.38052196962782914,400.82916666666665,301.0,0.12997186475150113,2.619302765145116e-06,3146,50.0,8,0.0,10.0,,ARC-r1,ddos_kill,405
50.0,1.1897381912719718,0.4987686306962981,374.21944444444443,301.0,0.12997186475150113,0.09534562776584823,3031,7.5,9,0.0,5.0,,ARC-r1,ddos_kill,406
5.0,0.46945601177821317,0.44573225909997544,364.06666666666666,301.0,0.12997186475150113,0.7549076698285133,3366,5.0,9,0.0,10.0,,ARC-r1,ddos_kill,407
0.0,0.3576838861665266,0.3576838861665364,390.1069444444444,301.0,0.12997186475150113,0.9699999999999999,3491,0.0,8,0.0,10.0,,ARC-r1,ddos_kill,408
0.0,0.3839213991817081,0.3839213991816997,392.85833333333335,284.0,0.12997186475150113,0.9699999999999999,3220,0.0,8,0.0,5.0,,ARC-r1,ddos_kill,409
0.0,0.5768599737379199,0.5768599737379219,334.5361111111111,301.0,0.12997186475150113,0.9699999999999999,2406,0.0,9,0.0,5.0,,ARC-r1,ddos_kill,410
30.0,0.7895259185081716,0.40380956504701787,378.2861111111111,301.0,0.12997186475150113,0.027623555060105123,3062,5.0,9,0.0,5.0,,ARC-r1,ddos_kill,411
235.0,4.63312137022458,0.5022060740552738,379.9513888888889,301.0,0.12997186475150113,7.551962574716927e-08,3221,165.0,9,0.0,5.0,,ARC-r1,ddos_kill,412
0.0,0.45207397862665477,0.452073978626657,373.18194444444447,301.0,0.12997186475150113,0.9699999999999999,3288,0.0,9,0.0,5.0,,ARC-r1,ddos_kill,413
0.0,0.36088390023718553,0.360883900237192,386.9847222222222,301.0,0.12997186475150113,0.9699999999999999,3399,0.0,8,0.0,5.0,,ARC-r1,ddos_kill,414
0.0,0.41085865263362775,0.4108586526336371,374.36944444444447,272.0,0.12997186475150113,0.9699999999999999,3160,0.0,8,0.0,5.0,,ARC-r1,ddos_kill,415
0.0,0.5117237454318357,0.511723745431806,309.2527777777778,301.0,0.12997186475150113,0.9699999999999999,2270,0.0,9,0.0,10.0,,ARC-r1,ddos_kill,416
10.0,0.5170000801658636,0.3858312856870161,372.9555555555556,301.0,0.12997186475150113,0.494816226101198,3083,0.0,9,0.0,10.0,,ARC-r1,ddos_kill,417
255.0,4.942409571023731,0.5007399120930205,367.15416666666664,301.0,0.12997186475150113,7.033061467288467e-09,3124,170.0,9,0.0,10.0,,ARC-r1,ddos_kill,418
10.0,0.4963410472687668,0.4651015353496682,362.1847222222222,301.0,0.12997186475150113,0.8048011320792712,3275,0.0,10,0.0,10.0,,ARC-r1,ddos_kill,419
0.0,0.3594737120585223,0.35947371205850565,387.34305555555557,301.0,0.12997186475150113,0.9699999999999999,3416,0.0,8,0.0,5.0,,ARC-r1,ddos_kill,420
0.0,0.3959902281206906,0.3959902281206786,384.79305555555555,284.0,0.12997186475150113,0.9699999999999999,3101,0.0,8,0.0,5.0,,ARC-r1,ddos_kill,421
0.0,0.5680048350984235,0.5680048350984543,317.57916666666665,301.0,0.12997186475150113,0.9699999999999999,2431,0.0,9,0.0,10.0,,ARC-r1,ddos_kill,422
0.0,0.4051653868051397,0.4051653868051358,392.66805555555555,301.0,0.12997186475150113,0.9699999999999999,3210,0.0,9,0.0,5.0,,ARC-r1,ddos_kill,423
85.0,1.9613919304206195,0.46683693137081034,375.66527777777776,301.0,0.12997186475150113,1.9483531913456e-05,3168,35.0,9,0.0,10.0,,ARC-r1,ddos_kill,424
0.0,0.47411250859088483,0.47411250859088716,366.6694444444444,301.0,0.12997186475150113,0.9699999999999999,3367,0.0,9,0.0,5.0,,ARC-r1,ddos_kill,425
0.0,0.3703847337099275,0.370384733709929,399.10277777777776,301.0,0.12997186475150113,0.9699999999999999,3520,0.0,9,0.0,5.0,,ARC-r1,ddos_kill,426
0.0,0.39989902216114315,0.3998990221611439,381.5027777777778,276.0,0.12997186475150113,0.9699999999999999,3145,0.0,8,0.0,5.0,,ARC-r1,ddos_kill,427
0.0,0.5080150944804962,0.5080150944804894,316.25694444444446,301.0,0.12997186475150113,0.9699999999999999,2368,0.0,10,0.0,10.0,,ARC-r1,ddos_kill,428
340.0,5.250073879887784,0.36444727365633495,408.56388888888887,301.0,0.9375359090868748,7.557949933290861e-07,3121,340.0,8,0.0,5.0,,ARC-r1,ddos_kill,429
905.0,35.41763018282003,0.0,306.8013888888889,301.0,9.119330886181194,1.1925570496817251e-08,355,5.0,0,0.0,,,HPA-r0,poison_flash,400
740.0,28.677680983096387,0.0,319.09027777777777,301.0,6.119330886181193,4.653764885689005e-09,443,445.0,0,0.0,,,HPA-r0,poison_flash,401
865.0,29.46230732675552,0.0,321.11805555555554,275.0,6.119330886181193,1.3789468127454765e-08,347,290.0,0,0.0,,,HPA-r0,poison_flash,402
825.0,28.674349150998335,0.0,314.76944444444445,281.0,6.119330886181194,3.1080916533733945e-05,367,15.0,0,0.0,,,HPA-r0,poison_flash,403
690.0,32.749242266598124,0.0,312.2125,301.0,6.119330886181193,1.1562703197698481e-05,430,155.0,0,0.0,,,HPA-r0,poison_flash,404
835.0,25.08551886712067,0.0,318.77222222222224,301.0,4.422339007683528,1.1981372072598567e-05,304,210.0,0,0.0,,,HPA-r0,poison_flash,405
885.0,35.39840424404056,0.0,302.43333333333334,299.0,6.119330886181194,3.5054634273888615e-06,360,110.0,0,0.0,,,HPA-r0,poison_flash,406
875.0,32.0739645300385,0.0,320.3777777777778,301.0,6.119330886181193,9.528229527606849e-07,432,180.0,0,0.0,,,HPA-r0,poison_flash,407
675.0,25.19556650496262,0.0,326.9875,297.0,6.119330886181193,1.5475240198376334e-07,386,360.0,0,0.0,,,HPA-r0,poison_flash,408
915.0,28.013935900892417,0.0,300.5527777777778,267.0,6.119330886181194,1.051937582513826e-05,315,10.0,0,0.0,,,HPA-r0,poison_flash,409
845.0,40.13843887172433,0.0,309.70694444444445,301.0,6.119330886181194,1.6439375431573027e-08,389,845.0,0,0.0,,,HPA-r0,poison_flash,410
745.0,26.873379314114242,0.0,317.15,295.0,6.119330886181194,3.440382689736712e-08,306,55.0,0,0.0,,,HPA-r0,poison_flash,411
920.0,35.72389672022591,0.0,306.60833333333335,301.0,6.119330886181193,5.995593085185727e-07,381,50.0,0,0.0,,,HPA-r0,poison_flash,412
910.0,32.643345514423004,0.0,323.0541666666667,301.0,6.119330886181193,7.921593406120616e-09,391,145.0,0,0.0,,,HPA-r0,poison_flash,413
735.0,26.22231856974174,0.0,324.8361111111111,299.0,8.70005326907902,6.525010600935602e-07,389,355.0,0,0.0,,,HPA-r0,poison_flash,414
790.0,28.66147403397906,0.0,306.0513888888889,277.0,6.119330886181194,4.985355776727555e-06,305,325.0,0,0.0,,,HPA-r0,poison_flash,415
725.0,33.25331149538804,0.0,310.39722222222224,301.0,6.119330886181194,3.628682545351517e-05,399,155.0,0,0.0,,,HPA-r0,poison_flash,416
710.0,22.34555661302443,0.0,324.0652777777778,301.0,6.079795309187192,2.062470881845649e-07,343,30.0,0,0.0,,,HPA-r0,poison_flash,417
905.0,35.739388810629244,0.0,305.05833333333334,301.0,6.119330886181194,6.644804372878834e-07,353,55.0,0,0.0,,,HPA-r0,poison_flash,418
975.0,35.414771058523584,0.0,310.5472222222222,260.0,6.119330886181193,1.8195031168619356e-06,442,545.0,0,0.0,,,HPA-r0,poison_flash,419
660.0,24.468198955645292,0.0,324.8041666666667,293.0,5.737344191640486,1.5866793681329003e-05,405,25.0,0,0.0,,,HPA-r0,poison_flash,420
870.0,29.202588290798705,0.0,325.9222222222222,301.0,6.119330886181193,8.330114318129502e-09,363,250.0,0,0.0,,,HPA-r0,poison_flash,421
820.0,39.18642897684788,0.0,306.3777777777778,301.0,6.119330886181193,9.963817644092673e-07,394,820.0,0,0.0,,,HPA-r0,poison_flash,422
795.0,28.232893196127186,0.0,322.65694444444443,301.0,6.119330886181193,1.0438058439572072e-07,323,50.0,0,0.0,,,HPA-r0,poison_flash,423
885.0,33.78781861540312,0.0,302.53333333333336,301.0,6.119330886181194,2.0417618487445563e-07,375,840.0,0,0.0,,,HPA-r0,poison_flash,424
975.0,36.024411956065016,0.0,325.50555555555553,301.0,6.119330886181193,3.483453038219316e-09,443,520.0,0,0.0,,,HPA-r0,poison_flash,425
685.0,24.841957672302428,0.0,325.4527777777778,301.0,6.119330886181194,2.285392727195569e-09,362,160.0,0,0.0,,,HPA-r0,poison_flash,426
905.0,28.39541879170292,0.0,313.5777777777778,288.0,6.119330886181193,6.9143627845079656e-06,358,105.0,0,0.0,,,HPA-r0,poison_flash,427
710.0,34.10759676010808,0.0,311.875,301.0,9.119330886181194,7.919691876385955e-08,375,260.0,0,0.0,,,HPA-r0,poison_flash,428
720.0,23.41747417529326,0.0,311.84722222222223,283.0,4.46371247879601,2.2345486498859722e-05,323,425.0,0,0.0,,,HPA-r0,poison_flash,429
1035.0,37.2713747819147,0.0,309.59444444444443,301.0,9.119330886181194,2.0850837710883134e-07,807,10.0,0,0.0,,,HPA-fast-r0,poison_flash,400
965.0,31.962242937151974,0.0,302.71666666666664,301.0,6.119330886181193,3.2633430638664205e-06,890,440.0,0,0.0,,,HPA-fast-r0,poison_flash,401
1020.0,31.8291897015193,0.0,320.01666666666665,301.0,6.119330886181193,5.9164545879024845e-06,937,60.0,0,0.0,,,HPA-fast-r0,poison_flash,402
1115.0,33.069753339687914,0.0,304.33194444444445,259.0,6.119330886181194,1.1616473825479595e-06,652,895.0,0,0.0,,,HPA-fast-r0,poison_flash,403
1065.0,39.2586013487196,0.0,281.1736111111111,301.0,6.119330886181193,5.887203730585271e-07,721,135.0,0,0.0,,,HPA-fast-r0,poison_flash,404
1185.0,33.05534766949992,0.0,315.1361111111111,301.0,6.119330886181193,6.0873150447754045e-06,734,1110.0,0,0.0,,,HPA-fast-r0,poison_flash,405
1090.0,37.98797768664544,0.0,308.3930555555556,301.0,6.119330886181194,5.2347159851733e-06,817,110.0,0,0.0,,,HPA-fast-r0,poison_flash,406
890.0,30.883692523787875,0.0,307.70694444444445,301.0,6.119330886181193,4.286564255036644e-06,904,10.0,0,0.0,,,HPA-fast-r0,poison_flash,407
930.0,27.831138999222805,0.0,322.4263888888889,301.0,6.119330886181193,6.921225965438675e-06,892,35.0,0,0.0,,,HPA-fast-r0,poison_flash,408
1125.0,31.172158422301678,0.0,304.9888888888889,285.0,6.119330886181194,2.5204841708308976e-05,666,5.0,0,0.0,,,HPA-fast-r0,poison_flash,409
1200.0,44.17631078567907,0.0,278.7416666666667,301.0,6.119330886181194,3.1662633313185163e-09,670,1100.0,0,0.0,,,HPA-fast-r0,poison_flash,410
1125.0,31.72181264213264,0.0,317.09305555555557,296.0,6.119330886181194,1.795851864655601e-05,767,50.0,0,0.0,,,HPA-fast-r0,poison_flash,411
1010.0,37.02441182112989,0.0,311.46666666666664,301.0,6.119330886181193,2.319546621255506e-05,826,45.0,0,0.0,,,HPA-fast-r0,poison_flash,412
990.0,32.54039796320824,0.0,306.9111111111111,301.0,6.119330886181193,5.304218837269801e-06,847,120.0,0,0.0,,,HPA-fast-r0,poison_flash,413
1005.0,29.020334087794875,0.0,316.60277777777776,301.0,9.119330886181194,2.922708360292987e-07,776,15.0,0,0.0,,,HPA-fast-r0,poison_flash,414
1175.0,33.54526820948518,0.0,302.1611111111111,265.0,6.119330886181194,1.0509035805506028e-06,647,905.0,0,0.0,,,HPA-fast-r0,poison_flash,415
1085.0,39.6311401504796,0.0,278.2708333333333,301.0,6.119330886181194,9.638126989483738e-06,722,5.0,0,0.0,,,HPA-fast-r0,poison_flash,416
1140.0,32.00109511936046,0.0,319.0361111111111,301.0,9.119330886181194,2.6754470614272944e-07,820,10.0,0,0.0,,,HPA-fast-r0,poison_flash,417
1060.0,37.976006592586685,0.0,312.18611111111113,301.0,6.119330886181194,1.418122518503861e-05,781,50.0,0,0.0,,,HPA-fast-r0,poison_flash,418
1115.0,37.15768956782115,0.0,301.825,301.0,6.119330886181193,5.001857968154753e-07,830,1010.0,0,0.0,,,HPA-fast-r0,poison_flash,419
980.0,28.045335312268417,0.0,317.0736111111111,299.0,6.119330886181194,1.8637401164436263e-05,782,15.0,0,0.0,,,HPA-fast-r0,poison_flash,420
1195.0,33.648799014723295,0.0,315.25694444444446,301.0,6.119330886181193,4.4346719229819905e-05,746,860.0,0,0.0,,,HPA-fast-r0,poison_flash,421
1140.0,42.34924346160016,0.0,277.02916666666664,301.0,6.119330886181193,3.9716009763505975e-06,663,880.0,0,0.0,,,HPA-fast-r0,poison_flash,422
1040.0,31.15943236964852,0.0,317.99861111111113,301.0,6.119330886181193,7.818900557049955e-06,770,35.0,0,0.0,,,HPA-fast-r0,poison_flash,423
1070.0,35.946324819711165,0.0,308.25555555555553,301.0,6.119330886181194,1.0115865427468809e-05,801,65.0,0,0.0,,,HPA-fast-r0,poison_flash,424
1135.0,38.23218895295779,0.0,307.52916666666664,301.0,6.119330886181193,2.890586359509862e-06,868,995.0,0,0.0,,,HPA-fast-r0,poison_flash,425
1045.0,30.627574144689127,0.0,315.6694444444444,301.0,6.119330886181194,2.4122115493279786e-05,928,590.0,0,0.0,,,HPA-fast-r0,poison_flash,426
1170.0,32.389392652500995,0.0,310.41805555555555,301.0,6.119330886181193,4.65190071627329e-07,687,145.0,0,0.0,,,HPA-fast-r0,poison_flash,427
1095.0,40.265929068491126,0.0,281.1513888888889,301.0,9.119330886181194,2.376191136011685e-07,675,240.0,0,0.0,,,HPA-fast-r0,poison_flash,428
1125.0,30.372819869895718,0.0,319.5180555555556,301.0,6.119330886181193,2.85560114411729e-07,764,50.0,0,0.0,,,HPA-fast-r0,poison_flash,429
765.0,32.73705763823861,0.0,360.8597222222222,301.0,8.689211043397371,5.28952070142156e-07,400,195.0,0,0.0,,,HPA-45-r0,poison_flash,400
465.0,19.49371177194147,0.0,385.89444444444445,301.0,2.1983338000829025,4.016679545613745e-07,468,150.0,0,0.0,,,HPA-45-r0,poison_flash,401
550.0,21.464461400196665,0.0,398.2763888888889,301.0,3.336919790563274,1.7313438586774536e-05,378,30.0,0,0.0,,,HPA-45-r0,poison_flash,402
650.0,23.28570899156216,0.0,389.11805555555554,301.0,5.130258407211546,4.578716793965651e-05,426,10.0,0,0.0,,,HPA-45-r0,poison_flash,403
500.0,24.704163014332657,0.0,364.8388888888889,301.0,4.529849996462564,9.280318271252065e-06,472,30.0,0,0.0,,,HPA-45-r0,poison_flash,404
355.0,12.50201880452596,0.0,382.61944444444447,301.0,0.4930069096331951,1.6931711649252695e-05,335,30.0,0,0.0,,,HPA-45-r0,poison_flash,405
735.0,31.173822595133494,0.0,363.0625,301.0,6.119330886181194,3.362175015354412e-05,387,15.0,0,0.0,,,HPA-45-r0,poison_flash,406
630.0,25.591163596361287,0.0,391.2638888888889,301.0,3.918834979715128,1.0064603260116868e-06,495,15.0,0,0.0,,,HPA-45-r0,poison_flash,407
470.0,18.71177081988713,0.0,393.0986111111111,301.0,2.856782022882457,2.2818489549047165e-05,434,30.0,0,0.0,,,HPA-45-r0,poison_flash,408
620.0,20.79784219868276,0.0,386.50138888888887,301.0,5.26987729605318,4.911691010851473e-05,390,5.0,0,0.0,,,HPA-45-r0,poison_flash,409
765.0,37.193466255364285,0.0,364.925,301.0,5.609718782215776,6.098928900463464e-05,420,75.0,0,0.0,,,HPA-45-r0,poison_flash,410
540.0,19.79517428242813,0.0,389.34444444444443,301.0,3.35523050101886,5.507578307784213e-05,368,45.0,0,0.0,,,HPA-45-r0,poison_flash,411
750.0,32.57003495340629,0.0,357.8652777777778,301.0,6.119330886181193,5.7920659639755024e-05,413,5.0,0,0.0,,,HPA-45-r0,poison_flash,412
680.0,27.480714367394633,0.0,386.3625,301.0,6.094087141841552,1.1835684309664047e-06,399,120.0,0,0.0,,,HPA-45-r0,poison_flash,413
460.0,18.61517570146143,0.0,391.39166666666665,301.0,3.7128690576145136,7.693537132933295e-07,452,10.0,0,0.0,,,HPA-45-r0,poison_flash,414
660.0,24.020784503846937,0.0,386.0875,301.0,5.142997993940051,4.4761544998452015e-05,372,45.0,0,0.0,,,HPA-45-r0,poison_flash,415
495.0,24.61142695143883,0.0,363.25694444444446,301.0,4.437278320021294,1.6837333585090166e-05,431,40.0,0,0.0,,,HPA-45-r0,poison_flash,416
395.0,14.686740619845274,0.0,385.97777777777776,301.0,1.2681520420898136,7.961232648560628e-07,392,105.0,0,0.0,,,HPA-45-r0,poison_flash,417
755.0,32.410147275209425,0.0,364.7347222222222,301.0,6.119330886181194,9.225303503006148e-06,396,10.0,0,0.0,,,HPA-45-r0,poison_flash,418
835.0,32.25231586960787,0.0,396.80694444444447,301.0,6.119330886181193,1.679672566732367e-05,480,515.0,0,0.0,,,HPA-45-r0,poison_flash,419
445.0,18.178683330973467,0.0,392.19166666666666,301.0,3.170032394782905,5.404042134489349e-05,464,30.0,0,0.0,,,HPA-45-r0,poison_flash,420
635.0,22.627501639074342,0.0,386.8833333333333,301.0,5.236229846916305,7.25567019561974e-05,388,160.0,0,0.0,,,HPA-45-r0,poison_flash,421
800.0,38.0255684383188,0.0,363.7236111111111,301.0,6.119330886181193,1.8778077891545221e-07,401,800.0,0,0.0,,,HPA-45-r0,poison_flash,422
565.0,19.451084228832695,0.0,391.2708333333333,301.0,3.1445578315680933,2.036848545957642e-05,405,5.0,0,0.0,,,HPA-45-r0,poison_flash,423
710.0,30.45634854578886,0.0,364.0361111111111,301.0,6.119330886181194,2.3102510480575288e-05,401,55.0,0,0.0,,,HPA-45-r0,poison_flash,424
870.0,33.553498245773916,0.0,393.68194444444447,301.0,6.119330886181193,1.0951692448523597e-05,462,505.0,0,0.0,,,HPA-45-r0,poison_flash,425
485.0,19.41561038573546,0.0,389.8263888888889,301.0,3.3881306552918153,7.328854512407536e-08,395,150.0,0,0.0,,,HPA-45-r0,poison_flash,426
605.0,20.480976241254602,0.0,389.7347222222222,301.0,4.639103416162915,2.141233053125221e-05,405,60.0,0,0.0,,,HPA-45-r0,poison_flash,427
505.0,24.217701062232642,0.0,365.08472222222224,301.0,4.0866354029556575,6.278610459364588e-07,406,145.0,0,0.0,,,HPA-45-r0,poison_flash,428
410.0,13.379176253057457,0.0,384.9902777777778,301.0,0.7964782107665346,8.45630703377052e-05,370,30.0,0,0.0,,,HPA-45-r0,poison_flash,429
40.0,0.9788000321270696,0.0,473.7652777777778,301.0,0.12997186475150113,0.18336086951720418,562,10.0,0,0.0,,,PredHPA-r0,poison_flash,400
70.0,4.200267790427792,0.0,462.51944444444445,301.0,0.12997186475150124,0.0003925744874587302,501,30.0,0,0.0,,,PredHPA-r0,poison_flash,401
10.0,0.21783646814065305,0.0,488.5444444444444,301.0,0.12997186475150113,0.5897533300496846,410,10.0,0,0.0,,,PredHPA-r0,poison_flash,402
0.0,0.0,0.0,459.2013888888889,301.0,0.12997186475150113,1.0,477,0.0,0,0.0,,,PredHPA-r0,poison_flash,403
80.0,3.4103214628019574,0.0,400.9611111111111,301.0,0.12997186475150113,0.01862689118088759,457,10.0,0,0.0,,,PredHPA-r0,poison_flash,404
0.0,0.0,0.0,466.2361111111111,301.0,0.12997186475150113,1.0,364,0.0,0,0.0,,,PredHPA-r0,poison_flash,405
30.0,0.8362518164824584,0.0,472.9819444444444,301.0,0.12997186475150113,0.4035262532391876,576,10.0,0,0.0,,,PredHPA-r0,poison_flash,406
40.0,2.936092317560335,0.0,470.24305555555554,301.0,0.12997186475150113,0.005714592921950279,563,40.0,0,0.0,,,PredHPA-r0,poison_flash,407
0.0,0.0,0.0,484.9486111111111,301.0,0.12997186475150113,1.0,526,0.0,0,0.0,,,PredHPA-r0,poison_flash,408
0.0,0.0,0.0,458.2680555555556,301.0,0.12997186475150113,1.0,443,0.0,0,0.0,,,PredHPA-r0,poison_flash,409
110.0,5.559459606306982,0.0,400.40694444444443,301.0,0.12997186475150121,6.0074371717215224e-05,422,55.0,0,0.0,,,PredHPA-r0,poison_flash,410
0.0,0.0,0.0,476.2402777777778,301.0,0.12997186475150113,1.0,366,0.0,0,0.0,,,PredHPA-r0,poison_flash,411
40.0,0.6285379693895865,0.0,475.65694444444443,301.0,0.12997186475150113,0.27752150379127305,479,10.0,0,0.0,,,PredHPA-r0,poison_flash,412
30.0,0.7157191779293304,0.0,466.65833333333336,301.0,0.12997186475150113,0.09402648159509674,490,35.0,0,0.0,,,PredHPA-r0,poison_flash,413
0.0,0.0,0.0,483.06666666666666,301.0,0.12997186475150113,1.0,509,0.0,0,0.0,,,PredHPA-r0,poison_flash,414
0.0,0.0,0.0,456.41805555555555,301.0,0.12997186475150113,1.0,421,0.0,0,0.0,,,PredHPA-r0,poison_flash,415
70.0,3.036509406236365,0.0,399.2236111111111,301.0,0.12997186475150113,0.0473661362957517,466,15.0,0,0.0,,,PredHPA-r0,poison_flash,416
0.0,0.0,0.0,463.0152777777778,301.0,0.12997186475150113,1.0,366,0.0,0,0.0,,,PredHPA-r0,poison_flash,417
40.0,1.1375345512702029,0.0,472.89166666666665,301.0,0.12997186475150113,0.23608255244670576,508,10.0,0,0.0,,,PredHPA-r0,poison_flash,418
30.0,0.958128387520274,0.0,479.9236111111111,301.0,0.12997186475150113,0.03430359720284351,562,25.0,0,0.0,,,PredHPA-r0,poison_flash,419
0.0,0.0022653723467436215,0.0,484.5888888888889,301.0,0.12997186475150113,0.9938313451030677,563,0.0,0,0.0,,,PredHPA-r0,poison_flash,420
0.0,0.0,0.0,454.4277777777778,301.0,0.12997186475150113,1.0,417,0.0,0,0.0,,,PredHPA-r0,poison_flash,421
105.0,5.233960296424989,0.0,400.3569444444444,301.0,0.12997186475150127,3.9066650464370465e-05,440,50.0,0,0.0,,,PredHPA-r0,poison_flash,422
0.0,0.0,0.0,472.6875,301.0,0.12997186475150113,1.0,404,0.0,0,0.0,,,PredHPA-r0,poison_flash,423
45.0,1.6186868420531408,0.0,470.54027777777776,301.0,0.12997186475150113,0.19896094297043374,518,15.0,0,0.0,,,PredHPA-r0,poison_flash,424
5.0,0.11672208443929133,0.0,479.5,301.0,0.12997186475150113,0.704512015683218,524,5.0,0,0.0,,,PredHPA-r0,poison_flash,425
25.0,0.9377018359324807,0.0,485.35,301.0,0.12997186475150113,0.15051649436046136,431,15.0,0,0.0,,,PredHPA-r0,poison_flash,426
15.0,0.08362774832192388,0.0,461.0875,301.0,0.12997186475150113,0.8819569872841782,418,5.0,0,0.0,,,PredHPA-r0,poison_flash,427
65.0,2.554164988668828,0.0,394.9375,301.0,0.12997186475150113,0.08346810358160678,513,10.0,0,0.0,,,PredHPA-r0,poison_flash,428
0.0,0.006103022777026457,0.0,470.9125,301.0,0.12997186475150113,0.9774630663352649,330,0.0,0,0.0,,,PredHPA-r0,poison_flash,429
695.0,28.124934662417,0.0,475.52222222222224,301.0,11.643710365852238,2.0239551566254694e-11,574,695.0,0,0.0,,,PredHPA-r1,poison_flash,400
1690.0,41.0676227247624,0.0,473.5472222222222,301.0,12.284978645918457,2.5292421569607756e-13,439,480.0,0,0.0,,,PredHPA-r1,poison_flash,401
500.0,17.13222188191803,0.0,511.4277777777778,301.0,12.129971864751502,2.6834030220643887e-13,571,500.0,0,0.0,,,PredHPA-r1,poison_flash,402
1040.0,12.012715583838773,0.0,497.2027777777778,301.0,9.119330886181194,3.445244086768358e-08,510,0.0,0,0.0,,,PredHPA-r1,poison_flash,403
2395.0,50.92265268232465,0.0,473.7236111111111,301.0,12.129971864751502,2.7966059986168003e-13,432,140.0,0,0.0,,,PredHPA-r1,poison_flash,404
0.0,0.0,0.0,466.2361111111111,301.0,0.12997186475150113,1.0,370,0.0,0,0.0,,,PredHPA-r1,poison_flash,405
765.0,26.790023812550857,0.0,480.9,301.0,13.636372273558456,1.5069157018892759e-13,629,760.0,0,0.0,,,PredHPA-r1,poison_flash,406
135.0,5.237636813062729,0.0,471.30694444444447,301.0,0.12997186475150113,3.1378173563813044e-13,582,135.0,0,0.0,,,PredHPA-r1,poison_flash,407
6480.0,98.12616292597164,0.0,551.8333333333334,301.0,14.346518066637493,9.841747925816527e-15,282,490.0,0,0.0,,,PredHPA-r1,poison_flash,408
1135.0,13.022426913147234,0.0,497.575,301.0,9.119330886181194,6.591249055604951e-08,534,0.0,0,0.0,,,PredHPA-r1,poison_flash,409
2270.0,56.207349399996474,0.0,461.26944444444445,301.0,15.112036945052772,2.654876294612474e-13,385,1095.0,0,0.0,,,PredHPA-r1,poison_flash,410
0.0,0.0,0.0,476.2402777777778,301.0,0.12997186475150113,1.0,374,0.0,0,0.0,,,PredHPA-r1,poison_flash,411
615.0,24.732260383878945,0.0,476.6666666666667,301.0,11.005031525693019,7.187971560235375e-11,522,20.0,0,0.0,,,PredHPA-r1,poison_flash,412
795.0,29.674127179683442,0.0,466.40416666666664,301.0,13.446140120429567,2.764684680432777e-13,539,795.0,0,0.0,,,PredHPA-r1,poison_flash,413
0.0,0.0,0.0,506.7472222222222,301.0,0.12997186475150113,1.0,600,0.0,0,0.0,,,PredHPA-r1,poison_flash,414
6160.0,94.9485593306302,0.0,551.8333333333334,301.0,15.330311449154975,1.0773253746122861e-14,255,1200.0,0,0.0,,,PredHPA-r1,poison_flash,415
2295.0,45.22909466906025,0.0,470.97083333333336,301.0,15.129971864751502,2.32896409563423e-13,397,145.0,0,0.0,,,PredHPA-r1,poison_flash,416
0.0,0.0,0.0,463.3333333333333,301.0,0.12997186475150113,1.0,375,0.0,0,0.0,,,PredHPA-r1,poison_flash,417
770.0,28.5858644695292,0.0,478.5708333333333,301.0,15.107695081446147,3.178893456660517e-13,592,765.0,0,0.0,,,PredHPA-r1,poison_flash,418
35.0,0.9747036981818336,0.0,479.9236111111111,301.0,0.12997186475150113,0.03430359720284351,561,30.0,0,0.0,,,PredHPA-r1,poison_flash,419
0.0,0.0032039435414743522,0.0,506.44444444444446,301.0,0.12997186475150113,0.991275596682832,651,0.0,0,0.0,,,PredHPA-r1,poison_flash,420
6160.0,94.88194424391901,0.0,551.8333333333334,301.0,15.129971864751502,1.1640932681269751e-14,271,1200.0,0,0.0,,,PredHPA-r1,poison_flash,421
2275.0,55.65515231434419,0.0,462.62916666666666,301.0,15.129971864751502,2.0209828405303026e-13,385,1065.0,0,0.0,,,PredHPA-r1,poison_flash,422
0.0,0.0,0.0,472.6875,301.0,0.12997186475150113,1.0,411,0.0,0,0.0,,,PredHPA-r1,poison_flash,423
1095.0,35.74791262904119,0.0,480.69166666666666,301.0,14.61216111719276,9.98881393905617e-14,527,1080.0,0,0.0,,,PredHPA-r1,poison_flash,424
5.0,0.11672208443929133,0.0,479.5,301.0,0.12997186475150113,0.704512015683218,534,5.0,0,0.0,,,PredHPA-r1,poison_flash,425
1895.0,37.31957190722171,0.0,529.8361111111111,301.0,12.13059205140763,1.0136536121558134e-13,382,615.0,0,0.0,,,PredHPA-r1,poison_flash,426
2960.0,53.6608044972595,0.0,520.8180555555556,301.0,13.177540985189527,3.25545105077584e-13,501,1105.0,0,0.0,,,PredHPA-r1,poison_flash,427
2390.0,46.94333073106951,0.0,474.04583333333335,301.0,15.123492678889368,1.256276641996782e-13,411,250.0,0,0.0,,,PredHPA-r1,poison_flash,428
0.0,0.009366843808866765,0.0,470.775,301.0,0.12997186475150113,0.9654105931961501,330,0.0,0,0.0,,,PredHPA-r1,poison_flash,429
960.0,31.82128013799582,0.0,408.28472222222223,301.0,7.811144432234076,8.392793890962942e-10,3177,10.0,8,30.0,,0.8618944323933478,ARC,poison_flash,400
570.0,24.396395778162926,0.0,398.18055555555554,301.0,7.1537394619207895,6.342969210636093e-10,3342,435.0,10,0.0,,0.7661227661227661,ARC,poison_flash,401
650.0,23.095997334758124,0.0,405.53055555555557,301.0,9.697588474609935,2.0552219778513988e-10,3381,575.0,8,0.0,,0.7935034802784223,ARC,poison_flash,402
5.0,0.05311066087895222,0.0,397.33194444444445,301.0,0.12997186475150113,0.8782837215121113,3539,5.0,9,0.0,,0.8366890380313199,ARC,poison_flash,403
1005.0,35.472030626827014,0.0,354.0986111111111,301.0,8.314596628763733,2.1546708454200983e-11,2332,145.0,9,35.0,,0.8931147540983606,ARC,poison_flash,404
525.0,10.175376914413125,0.0,427.925,301.0,6.326629015901942,3.472533495796342e-08,3145,5.0,7,0.0,,0.888731396172927,ARC,poison_flash,405
1710.0,23.75770293327024,0.0,429.74305555555554,301.0,10.940658920725626,3.260049986474721e-10,2910,15.0,7,0.0,,0.8226415094339623,ARC,poison_flash,406
1210.0,18.50002439412728,0.0,419.72777777777776,301.0,10.76787549522344,5.1097620999921457e-11,3125,360.0,7,0.0,,0.8793103448275862,ARC,poison_flash,407
520.0,13.101032350848907,0.0,417.89166666666665,301.0,7.3826359902952845,1.6091346265620467e-10,3456,10.0,8,0.0,,0.7944572748267898,ARC,poison_flash,408
5.0,0.09643836889903223,0.0,415.89722222222224,301.0,0.12997186475150113,0.6984767233834319,3370,5.0,8,0.0,,0.8332086761406133,ARC,poison_flash,409
1100.0,43.0249659014846,0.0,366.37638888888887,301.0,9.119330886181194,2.4224198582207744e-09,2300,1072.5,8,0.0,,0.9337883959044369,ARC,poison_flash,410
5005.0,81.73352320840611,0.0,502.1625,301.0,13.060642928504324,1.67065290289047e-12,1105,1095.0,3,0.0,,0.9174184594031922,ARC,poison_flash,411
1040.0,35.916993426920975,0.0,410.65833333333336,301.0,7.422579350313169,4.1347989041566495e-08,3071,855.0,8,25.0,,0.8689558514365803,ARC,poison_flash,412
780.0,28.684833226347383,0.0,394.5472222222222,301.0,10.202097631703905,2.0948438105081856e-08,3045,5.0,9,0.0,,0.827734095782702,ARC,poison_flash,413
35.0,1.1978245372700758,0.0,407.0777777777778,301.0,0.12997186475150113,0.011165418938754725,3537,5.0,8,0.0,,0.6890756302521008,ARC,poison_flash,414
15.0,0.2834434498980354,0.0,402.13055555555553,301.0,0.12997186475150113,0.3141617569966703,3478,15.0,8,0.0,,0.8638018936635106,ARC,poison_flash,415
960.0,35.17365945726616,0.0,345.71944444444443,301.0,9.74246446064958,7.314433498006671e-09,2328,140.0,9,0.0,,0.9134948096885813,ARC,poison_flash,416
520.0,10.86788921195716,0.0,409.9263888888889,301.0,8.314622297851752,7.29928952410885e-12,3149,5.0,8,0.0,,0.8631732168850073,ARC,poison_flash,417
225.0,3.2954632144763907,0.0,393.11805555555554,301.0,0.12997186475150113,8.54690342151455e-10,3240,20.0,9,0.0,,0.8058103975535168,ARC,poison_flash,418
1035.0,35.31347412557152,0.0,394.18055555555554,301.0,12.812651642134337,1.71543259065038e-12,3090,1020.0,9,0.0,,0.921161825726141,ARC,poison_flash,419
25.0,0.7562284625601823,0.0,404.60833333333335,301.0,0.12997186475150113,0.31914170100253086,3457,25.0,8,0.0,,0.6862910008410429,ARC,poison_flash,420
1280.0,34.798296870129775,0.0,428.4458333333333,301.0,9.655461859591375,6.7010781137243086e-09,2718,1110.0,7,0.0,,0.9576158940397351,ARC,poison_flash,421
1530.0,43.88938052126308,0.0,369.75138888888887,301.0,11.110645105633624,2.6023223957539737e-09,2203,40.0,8,0.0,,0.899581589958159,ARC,poison_flash,422
945.0,30.844672765190072,0.0,418.7625,301.0,9.669546873964382,3.257919381676187e-08,3002,945.0,9,0.0,,0.8480825958702065,ARC,poison_flash,423
1060.0,36.04644067143743,0.0,403.87916666666666,301.0,10.54575326186097,5.698352509421951e-10,2897,1005.0,8,5.0,,0.8918727915194347,ARC,poison_flash,424
785.0,28.416933561448253,0.0,397.0597222222222,301.0,12.22387647926858,3.95470867270897e-11,3238,5.0,9,0.0,,0.8736616702355461,ARC,poison_flash,425
680.0,24.38249183058102,0.0,417.2236111111111,301.0,9.036629986075894,2.6267477331389904e-08,3337,575.0,9,0.0,,0.7260940032414911,ARC,poison_flash,426
890.0,29.28450033097283,0.0,414.5236111111111,301.0,7.434838489669127,5.207515488612955e-08,2907,890.0,8,0.0,,0.8740100791936645,ARC,poison_flash,427
990.0,35.97670836605321,0.0,347.1791666666667,301.0,8.305225154910657,2.2993900966701512e-08,2398,265.0,9,0.0,,0.8870056497175142,ARC,poison_flash,428
15.0,0.27050531895925767,0.0,420.14444444444445,301.0,0.12997186475150113,0.4268933153750278,3277,10.0,8,0.0,,0.7859922178988327,ARC,poison_flash,429
180.0,4.845498426576544,0.0,395.7638888888889,301.0,0.12997186475150113,0.03406140938803893,3362,5.0,9,0.0,,0.7981510015408321,ARC-r0,poison_flash,400
100.0,5.127875950668703,0.0,398.7611111111111,301.0,0.12997186475150113,0.00016471359274720755,3621,40.0,10,0.0,,0.7609213661636219,ARC-r0,poison_flash,401
50.0,1.412123184217895,0.0,400.75555555555553,301.0,0.12997186475150113,0.04198492884403855,3477,10.0,8,5.0,,0.7479935794542536,ARC-r0,poison_flash,402
0.0,0.0,0.0,395.8958333333333,301.0,0.12997186475150113,1.0,3492,0.0,9,0.0,,0.8375558867362146,ARC-r0,poison_flash,403
165.0,6.6751258354378,0.0,344.6277777777778,301.0,0.12997186475150113,0.0027576571055328548,2632,25.0,9,0.0,,0.8727534148094895,ARC-r0,poison_flash,404
20.0,0.11657269900529066,0.0,417.0861111111111,301.0,0.12997186475150113,0.7871152163582883,3376,5.0,8,0.0,,0.7962962962962963,ARC-r0,poison_flash,405
125.0,1.6789325375591857,0.0,393.77916666666664,301.0,0.12997186475150113,0.03187171927079062,3275,15.0,9,0.0,,0.8226415094339623,ARC-r0,poison_flash,406
45.0,3.158330364163775,0.0,387.00416666666666,301.0,0.12997186475150113,0.0014695224225096694,3693,45.0,9,0.0,,0.7906976744186046,ARC-r0,poison_flash,407
20.0,0.26252151831186454,0.0,409.5138888888889,301.0,0.12997186475150113,0.6104354059184923,3596,5.0,8,0.0,,0.6923721709974854,ARC-r0,poison_flash,408
5.0,0.09643836889903223,0.0,415.5541666666667,301.0,0.12997186475150113,0.6984767233834319,3409,5.0,8,0.0,,0.8297074268567142,ARC-r0,poison_flash,409
235.0,8.551433804729358,0.0,351.90555555555557,301.0,0.12997186475150113,0.001221047647562121,2607,70.0,9,0.0,,0.8857142857142857,ARC-r0,poison_flash,410
75.0,1.9417861203607445,0.0,403.76944444444445,301.0,0.12997186475150113,0.010055162910178543,3289,40.0,9,0.0,,0.7638668779714739,ARC-r0,poison_flash,411
210.0,5.1980866460552,0.0,393.65833333333336,301.0,0.12997186475150113,0.026108482265981864,3283,5.0,9,0.0,,0.8064269319051263,ARC-r0,poison_flash,412
25.0,0.49559645309367184,0.0,393.3222222222222,301.0,0.12997186475150113,0.5256991468056513,3317,5.0,9,0.0,,0.8190045248868778,ARC-r0,poison_flash,413
15.0,0.19055487529480164,0.0,404.5541666666667,301.0,0.12997186475150113,0.6876646090606798,3490,5.0,8,0.0,,0.6890756302521008,ARC-r0,poison_flash,414
15.0,0.2834434498980354,0.0,402.13055555555553,301.0,0.12997186475150113,0.3141617569966703,3478,15.0,8,0.0,,0.8638018936635106,ARC-r0,poison_flash,415
175.0,7.856105586505069,0.0,330.26666666666665,301.0,0.12997186475150113,2.2153704808032825e-05,2591,30.0,9,0.0,,0.8728323699421965,ARC-r0,poison_flash,416
20.0,0.10681941840686715,0.0,399.0833333333333,301.0,0.12997186475150113,0.8168604102998883,3337,5.0,9,0.0,,0.78125,ARC-r0,poison_flash,417
155.0,2.600251145452792,0.0,383.89166666666665,301.0,0.12997186475150113,0.021403070886262022,3094,5.0,9,0.0,,0.8009223674096848,ARC-r0,poison_flash,418
55.0,1.3038210368181091,0.0,391.1097222222222,301.0,0.12997186475150121,0.02949948149616294,3513,30.0,10,0.0,,0.8217522658610272,ARC-r0,poison_flash,419
5.0,0.093478140291825,0.0,404.60833333333335,301.0,0.12997186475150113,0.7905211582993307,3457,5.0,8,0.0,,0.6868686868686869,ARC-r0,poison_flash,420
45.0,1.1900080747154096,0.0,409.83194444444445,301.0,0.12997186475150113,0.0011971657177468162,3435,35.0,8,0.0,,0.862144420131291,ARC-r0,poison_flash,421
115.0,4.856224017740263,0.0,337.9583333333333,301.0,0.12997186475150113,0.029333184597362415,2559,40.0,9,0.0,,0.8464364437913299,ARC-r0,poison_flash,422
75.0,1.0742718422130482,0.0,418.9583333333333,301.0,0.12997186475150113,0.2449288497581524,3474,30.0,9,0.0,,0.7802971071149335,ARC-r0,poison_flash,423
170.0,4.942682142577038,0.0,392.3375,301.0,0.12997186475150124,0.006627646118627571,3234,20.0,9,0.0,,0.8136882129277566,ARC-r0,poison_flash,424
10.0,0.25065222369824447,0.0,392.60555555555555,301.0,0.12997186475150113,0.41000065762335564,3522,5.0,9,0.0,,0.8305847076461769,ARC-r0,poison_flash,425
50.0,1.9364838615447133,0.0,413.6111111111111,301.0,0.12997186475150113,0.02774117288482129,3447,15.0,9,0.0,,0.673469387755102,ARC-r0,poison_flash,426
30.0,0.6771657603266146,0.0,407.87361111111113,301.0,0.12997186475150113,0.15114876844703565,3528,30.0,8,0.0,,0.8392857142857143,ARC-r0,poison_flash,427
190.0,8.160843944205599,0.0,335.38055555555553,301.0,0.12997186475150113,7.115150922367964e-07,2613,5.0,9,0.0,,0.8504053058216654,ARC-r0,poison_flash,428
10.0,0.22709323199611164,0.0,419.1152777777778,301.0,0.12997186475150113,0.4268933153750278,3296,10.0,8,0.0,,0.8136882129277566,ARC-r0,poison_flash,429
815.0,29.260274836159283,0.0,403.80833333333334,301.0,7.194778767307099,1.7461943771194273e-09,3230,5.0,9,0.0,,0.8410104011887073,ARC-r1,poison_flash,400
490.0,21.28771454014573,0.0,398.0263888888889,301.0,7.250037451196084,4.885264964809299e-11,3386,435.0,10,0.0,,0.7486792452830189,ARC-r1,poison_flash,401
645.0,23.23970106361043,0.0,403.5236111111111,301.0,8.937564860464516,8.875790581817312e-10,3423,570.0,8,0.0,,0.7935034802784223,ARC-r1,poison_flash,402
5.0,0.046641435904859474,0.0,397.33194444444445,301.0,0.12997186475150113,0.8782837215121113,3538,5.0,9,0.0,,0.8366890380313199,ARC-r1,poison_flash,403
920.0,34.485289362228286,0.0,353.5708333333333,301.0,7.168156901950278,1.9987041070214095e-07,2369,135.0,9,0.0,,0.8626110731373889,ARC-r1,poison_flash,404
225.0,5.254844432801054,0.0,421.0527777777778,301.0,0.12997186475150113,4.903667430117604e-07,3319,5.0,8,0.0,,0.817838246409675,ARC-r1,poison_flash,405
165.0,2.2279571267204923,0.0,393.87361111111113,301.0,0.12997186475150113,2.019121580035853e-06,3254,15.0,9,0.0,,0.8226415094339623,ARC-r1,poison_flash,406
135.0,5.334532725214947,0.0,389.67083333333335,301.0,0.12997186475150113,3.475441177718297e-11,3639,135.0,9,0.0,,0.7916343919442292,ARC-r1,poison_flash,407
300.0,10.111136021038881,0.0,412.32916666666665,301.0,0.12997186475150113,5.880472295036165e-10,3511,10.0,8,0.0,,0.7225386493083807,ARC-r1,poison_flash,408
5.0,0.09643836889903223,0.0,415.89722222222224,301.0,0.12997186475150113,0.6984767233834319,3370,5.0,8,0.0,,0.8332086761406133,ARC-r1,poison_flash,409
845.0,40.050900004950606,0.0,357.24583333333334,301.0,9.119330886181194,3.5289109546015783e-09,2346,845.0,9,0.0,,0.8825214899713467,ARC-r1,poison_flash,410
770.0,24.84790497193642,0.0,410.28333333333336,301.0,11.101968689245982,2.4741361897390955e-12,2918,55.0,9,0.0,,0.834575260804769,ARC-r1,poison_flash,411
845.0,32.7758737234536,0.0,399.5625,301.0,6.701462703335007,6.894332293206825e-08,3041,160.0,9,0.0,,0.8361252731245448,ARC-r1,poison_flash,412
790.0,29.821547950445314,0.0,397.8263888888889,301.0,9.11696078486684,2.3497219900252238e-08,3024,5.0,8,0.0,,0.8161244695898161,ARC-r1,poison_flash,413
35.0,1.177980761617603,0.0,407.0777777777778,301.0,0.12997186475150113,0.013638667969254743,3537,5.0,8,0.0,,0.6890756302521008,ARC-r1,poison_flash,414
15.0,0.2834434498980354,0.0,402.13055555555553,301.0,0.12997186475150113,0.3141617569966703,3478,15.0,8,0.0,,0.8638018936635106,ARC-r1,poison_flash,415
930.0,34.738913632734416,0.0,342.0888888888889,301.0,9.216476173220947,1.3048657840866704e-08,2339,140.0,9,0.0,,0.897815362931642,ARC-r1,poison_flash,416
200.0,5.794700896556693,0.0,403.325,301.0,0.12997186475150113,1.6893597401903738e-11,3282,5.0,8,0.0,,0.7628865979381443,ARC-r1,poison_flash,417
410.0,13.618348189020024,0.0,388.94305555555553,301.0,1.7018396534788536,2.447293119597632e-07,3089,15.0,9,0.0,,0.8042813455657493,ARC-r1,poison_flash,418
940.0,34.126597011770734,0.0,393.6097222222222,301.0,11.584020335903242,2.4629907951128718e-12,3238,930.0,9,0.0,,0.8904694167852063,ARC-r1,poison_flash,419
20.0,0.3886858953900729,0.0,404.60833333333335,301.0,0.12997186475150113,0.408943706286133,3457,20.0,8,0.0,,0.6868686868686869,ARC-r1,poison_flash,420
860.0,29.37831764055574,0.0,415.60277777777776,301.0,9.116835434733883,9.541873649215608e-09,2901,860.0,8,0.0,,0.8784648187633263,ARC-r1,poison_flash,421
805.0,35.14099235693624,0.0,338.40416666666664,301.0,10.779774352002743,2.859339051389595e-09,2291,40.0,9,35.0,,0.8548621190130624,ARC-r1,poison_flash,422
740.0,24.21726760784488,0.0,421.7736111111111,301.0,8.063405428612374,3.202681771166736e-08,3087,50.0,9,15.0,,0.8267066766691673,ARC-r1,poison_flash,423
775.0,31.241800464845394,0.0,393.73055555555555,301.0,9.11973541570188,6.84535898432278e-08,2966,40.0,9,0.0,,0.8235294117647058,ARC-r1,poison_flash,424
25.0,0.5608179426303317,0.0,393.925,301.0,0.12997186475150113,0.2111807694028977,3557,5.0,9,0.0,,0.8305847076461769,ARC-r1,poison_flash,425
625.0,23.423671939853374,0.0,418.1666666666667,301.0,8.178669123433242,2.4687163848337875e-08,3368,565.0,9,0.0,,0.7175697865353038,ARC-r1,poison_flash,426
40.0,1.513196008933404,0.0,409.72222222222223,301.0,0.12997186475150113,0.03666061855437547,3551,35.0,8,0.0,,0.8332086761406133,ARC-r1,poison_flash,427
630.0,30.29510849029168,0.0,336.875,301.0,7.958945821160921,3.634531498638876e-08,2450,265.0,9,0.0,,0.8510948905109489,ARC-r1,poison_flash,428
15.0,0.26875537655930426,0.0,420.14166666666665,301.0,0.12997186475150113,0.4268933153750278,3272,10.0,8,0.0,,0.7859922178988327,ARC-r1,poison_flash,429
80.0,1.258598882429507,0.0,318.425,301.0,0.12997186475150113,0.0832089481199571,459,10.0,0,0.0,,,HPA-r0,storm,400
70.0,2.8636557110424454,0.0,320.2361111111111,267.0,0.12997186475150113,0.00012668505755026316,415,17.5,0,0.0,,,HPA-r0,storm,401
55.0,1.938497962578134,0.0,334.87361111111113,280.0,0.12997186475150113,5.0203245453770346e-05,414,27.5,0,0.0,,,HPA-r0,storm,402
105.0,1.9099098665119052,0.0,338.27777777777777,286.0,0.12997186475150113,0.013465678672675166,495,13.75,0,0.0,,,HPA-r0,storm,403
80.0,3.7766902616868214,0.0,317.5652777777778,301.0,0.12997186475150127,6.936492449340752e-09,517,40.0,0,0.0,,,HPA-r0,storm,404
40.0,0.44775147625704115,0.0,337.9013888888889,288.0,0.12997186475150113,0.17568150729715365,440,11.25,0,0.0,,,HPA-r0,storm,405
25.0,0.2285594867105445,0.0,314.0736111111111,299.0,0.12997186475150113,0.2189690504188365,441,3.75,0,0.0,,,HPA-r0,storm,406
70.0,1.9194373482231297,0.0,327.8569444444444,301.0,0.12997186475150113,1.6857433007273978e-06,499,27.5,0,0.0,,,HPA-r0,storm,407
95.0,2.4005459618221314,0.0,330.5388888888889,301.0,0.1299718647515012,0.00037530512878077764,346,23.75,0,0.0,,,HPA-r0,storm,408
15.0,0.09808465469607341,0.0,318.7402777777778,253.0,0.12997186475150113,0.738875680435858,422,5.0,0,0.0,,,HPA-r0,storm,409
10.0,0.03156596003808243,0.0,318.94166666666666,272.0,0.12997186475150113,0.9370003452759049,424,5.0,0,0.0,,,HPA-r0,storm,410
80.0,1.1921971679554444,0.0,312.11944444444447,231.0,0.12997186475150113,0.03696531137020572,310,22.5,0,0.0,,,HPA-r0,storm,411
65.0,0.8144459569738416,0.0,313.95972222222224,296.0,0.12997186475150113,0.1132748450379492,445,12.5,0,0.0,,,HPA-r0,storm,412
20.0,0.629054434235532,0.0,329.47777777777776,301.0,0.12997186475150113,0.4279140220559944,481,5.0,0,0.0,,,HPA-r0,storm,413
75.0,2.1380407895936204,0.0,332.24444444444447,301.0,0.12997186475150113,0.0004598103525792899,372,18.75,0,0.0,,,HPA-r0,storm,414
65.0,0.82576825326931,0.0,332.1791666666667,280.0,0.12997186475150113,0.1131258042792453,443,13.75,0,0.0,,,HPA-r0,storm,415
65.0,2.9464533926280456,0.0,318.20416666666665,301.0,0.12997186475150113,0.007711554334613367,470,32.5,0,0.0,,,HPA-r0,storm,416
100.0,1.2824439235314178,0.0,344.6097222222222,282.0,0.12997186475150113,0.017325606856091375,472,25.0,0,0.0,,,HPA-r0,storm,417
65.0,0.7418748821887311,0.0,315.51666666666665,299.0,0.12997186475150113,0.2451385915695359,445,12.5,0,0.0,,,HPA-r0,storm,418
40.0,0.6313039873646176,0.0,314.79027777777776,255.0,0.12997186475150113,0.0035583890845282363,440,8.75,0,0.0,,,HPA-r0,storm,419
75.0,2.142023536607829,0.0,330.4111111111111,301.0,0.12997186475150113,0.00019668488523029223,375,18.75,0,0.0,,,HPA-r0,storm,420
55.0,1.8051071825296527,0.0,331.4222222222222,276.0,0.12997186475150113,6.110476387150442e-05,449,27.5,0,0.0,,,HPA-r0,storm,421
40.0,0.34586208750462255,0.0,319.79027777777776,265.0,0.12997186475150113,0.016725482855704032,435,10.0,0,0.0,,,HPA-r0,storm,422
75.0,1.0106852125199461,0.0,315.76666666666665,235.0,0.12997186475150113,0.0,357,22.5,0,0.0,,,HPA-r0,storm,423
80.0,0.7813029729758614,0.0,314.34583333333336,269.0,0.12997186475150113,0.1076118399773222,426,23.75,0,0.0,,,HPA-r0,storm,424
65.0,2.06017280170695,0.0,326.74583333333334,288.0,0.12997186475150113,1.3211799752179888e-07,454,17.5,0,0.0,,,HPA-r0,storm,425
20.0,0.4674354215573939,0.0,314.27916666666664,245.0,0.12997186475150113,0.0589036530936351,337,2.5,0,0.0,,,HPA-r0,storm,426
95.0,1.987358545296769,0.0,331.5138888888889,276.0,0.12997186475150113,0.0007947062880684226,430,26.25,0,0.0,,,HPA-r0,storm,427
65.0,2.3396584023529954,0.0,318.45972222222224,301.0,0.12997186475150113,3.3912835363291896e-05,439,32.5,0,0.0,,,HPA-r0,storm,428
55.0,0.7929945459112075,0.0,321.7361111111111,262.0,0.12997186475150113,0.037447495194616987,362,13.75,0,0.0,,,HPA-r0,storm,429
55.0,0.6603602983614953,0.0,309.65,301.0,0.12997186475150113,0.0001270854196736674,835,25.0,0,0.0,,,HPA-fast-r0,storm,400
95.0,3.3271341949717925,0.0,308.8222222222222,301.0,0.12997186475150113,4.396906544997517e-06,861,36.25,0,0.0,,,HPA-fast-r0,storm,401
30.0,0.3676288497629798,0.0,327.55555555555554,282.0,0.12997186475150113,0.00029996458734530786,878,8.75,0,0.0,,,HPA-fast-r0,storm,402
60.0,0.8320262121619404,0.0,316.8777777777778,290.0,0.12997186475150113,0.013465678672675166,747,17.5,0,0.0,,,HPA-fast-r0,storm,403
100.0,3.0095045113454955,0.0,284.5805555555556,301.0,0.12997186475150113,0.00042604443473848283,706,37.5,0,0.0,,,HPA-fast-r0,storm,404
10.0,0.19487843930473536,0.0,327.3013888888889,301.0,0.12997186475150113,0.34523449693694497,788,5.0,0,0.0,,,HPA-fast-r0,storm,405
35.0,0.34371962393009436,0.0,311.6513888888889,301.0,0.12997186475150113,0.025965555102387683,827,17.5,0,0.0,,,HPA-fast-r0,storm,406
35.0,0.2931100390764718,0.0,306.41527777777776,301.0,0.12997186475150113,0.08976537679743826,933,10.0,0,0.0,,,HPA-fast-r0,storm,407
85.0,0.7952719194378566,0.0,327.00138888888887,301.0,0.12997186475150113,0.030451994895812785,874,18.75,0,0.0,,,HPA-fast-r0,storm,408
25.0,0.18478669514229162,0.0,313.9763888888889,301.0,0.12997186475150113,0.24090449252424143,724,10.0,0,0.0,,,HPA-fast-r0,storm,409
50.0,0.3492880166319101,0.0,287.27222222222224,281.0,0.12997186475150113,0.15776518016216495,724,17.5,0,0.0,,,HPA-fast-r0,storm,410
80.0,1.5394062891354254,0.0,319.6625,275.0,0.12997186475150113,0.0,745,32.5,0,0.0,,,HPA-fast-r0,storm,411
60.0,0.5546138086402697,0.0,310.1722222222222,301.0,0.12997186475150113,0.00017119058818383776,825,21.25,0,0.0,,,HPA-fast-r0,storm,412
90.0,1.5277580195326879,0.0,307.5388888888889,301.0,0.1299718647515012,8.797876174821837e-05,967,22.5,0,0.0,,,HPA-fast-r0,storm,413
50.0,0.41946467547239186,0.0,324.37638888888887,301.0,0.12997186475150113,0.07551989245118161,890,11.25,0,0.0,,,HPA-fast-r0,storm,414
50.0,0.434983316225257,0.0,313.48055555555555,283.0,0.12997186475150113,0.0220844775234319,714,5.0,0,0.0,,,HPA-fast-r0,storm,415
105.0,3.315020185173434,0.0,284.875,301.0,0.12997186475150121,0.0,716,38.75,0,0.0,,,HPA-fast-r0,storm,416
55.0,0.44358454080893894,0.0,327.81111111111113,301.0,0.12997186475150113,0.0774443180761729,805,17.5,0,0.0,,,HPA-fast-r0,storm,417
40.0,0.48712337617627943,0.0,311.44444444444446,301.0,0.12997186475150113,0.0004216473220400412,863,13.75,0,0.0,,,HPA-fast-r0,storm,418
20.0,0.08947466191219222,0.0,309.8833333333333,301.0,0.12997186475150113,0.4690232438152442,862,3.75,0,0.0,,,HPA-fast-r0,storm,419
65.0,0.6843453132862609,0.0,326.5263888888889,301.0,0.12997186475150113,0.019355098962935382,911,13.75,0,0.0,,,HPA-fast-r0,storm,420
50.0,0.6725457575658789,0.0,310.4166666666667,257.0,0.12997186475150113,0.19728519239176792,675,20.0,0,0.0,,,HPA-fast-r0,storm,421
80.0,0.9071703755592408,0.0,291.14444444444445,280.0,0.12997186475150113,7.284608959264724e-05,690,31.25,0,0.0,,,HPA-fast-r0,storm,422
70.0,1.3343872917489397,0.0,321.49305555555554,289.0,0.12997186475150113,0.0,774,30.0,0,0.0,,,HPA-fast-r0,storm,423
15.0,0.08055397055177771,0.0,317.67083333333335,301.0,0.12997186475150113,0.6466818025124937,843,2.5,0,0.0,,,HPA-fast-r0,storm,424
90.0,1.7276275047174883,0.0,300.3361111111111,275.0,0.12997186475150113,0.00023738083488110658,812,28.75,0,0.0,,,HPA-fast-r0,storm,425
55.0,0.8290573108180932,0.0,321.23055555555555,274.0,0.12997186475150113,0.0003501038101220497,817,23.75,0,0.0,,,HPA-fast-r0,storm,426
55.0,0.6199211453299491,0.0,314.9861111111111,262.0,0.12997186475150113,0.002709246533619694,697,17.5,0,0.0,,,HPA-fast-r0,storm,427
90.0,1.8457900958394169,0.0,283.72222222222223,301.0,0.12997186475150113,2.5507790790831792e-05,638,33.75,0,0.0,,,HPA-fast-r0,storm,428
35.0,0.6746297550775826,0.0,315.87916666666666,278.0,0.12997186475150113,0.00023738083488110656,737,20.0,0,0.0,,,HPA-fast-r0,storm,429
15.0,0.15718393977715017,0.0,388.0777777777778,301.0,0.12997186475150113,0.21748876983568208,519,3.75,0,0.0,,,HPA-45-r0,storm,400
50.0,2.6397282537531486,0.0,407.75555555555553,301.0,0.12997186475150113,2.533954164488886e-08,425,12.5,0,0.0,,,HPA-45-r0,storm,401
10.0,0.2512001300223332,0.0,419.30833333333334,301.0,0.12997186475150113,0.2964977234461832,413,5.0,0,0.0,,,HPA-45-r0,storm,402
10.0,0.06352198680917853,0.0,415.1847222222222,301.0,0.12997186475150113,0.6891636111592555,520,2.5,0,0.0,,,HPA-45-r0,storm,403
25.0,0.5389126613283723,0.0,386.9222222222222,301.0,0.12997186475150113,0.370049678558457,567,12.5,0,0.0,,,HPA-45-r0,storm,404
0.0,0.0,0.0,411.07916666666665,301.0,0.12997186475150113,1.0,491,0.0,0,0.0,,,HPA-45-r0,storm,405
0.0,0.0,0.0,385.06805555555553,301.0,0.12997186475150113,1.0,473,0.0,0,0.0,,,HPA-45-r0,storm,406
0.0,0.0,0.0,410.39166666666665,301.0,0.12997186475150113,1.0,545,0.0,0,0.0,,,HPA-45-r0,storm,407
10.0,0.07991591104334894,0.0,403.18333333333334,301.0,0.12997186475150113,0.7810872158896559,368,2.5,0,0.0,,,HPA-45-r0,storm,408
0.0,0.0,0.0,410.3541666666667,301.0,0.12997186475150113,1.0,493,0.0,0,0.0,,,HPA-45-r0,storm,409
0.0,0.0,0.0,402.12083333333334,301.0,0.12997186475150113,1.0,431,0.0,0,0.0,,,HPA-45-r0,storm,410
10.0,0.04398550029947046,0.0,410.5236111111111,301.0,0.12997186475150113,0.7845835877280942,376,2.5,0,0.0,,,HPA-45-r0,storm,411
10.0,0.01223512395356341,0.0,384.1138888888889,301.0,0.12997186475150113,0.9226013466977127,512,2.5,0,0.0,,,HPA-45-r0,storm,412
5.0,0.049780615999639455,0.0,407.00138888888887,301.0,0.12997186475150113,0.8886503877022869,517,1.25,0,0.0,,,HPA-45-r0,storm,413
35.0,0.1372406133746895,0.0,405.6069444444444,301.0,0.12997186475150113,0.3600715525451467,393,2.5,0,0.0,,,HPA-45-r0,storm,414
0.0,0.0,0.0,412.80555555555554,301.0,0.12997186475150113,1.0,505,0.0,0,0.0,,,HPA-45-r0,storm,415
40.0,2.1766498244858323,0.0,387.09444444444443,301.0,0.12997186475150113,0.008176272742932153,543,20.0,0,0.0,,,HPA-45-r0,storm,416
0.0,0.0,0.0,411.7291666666667,301.0,0.12997186475150113,1.0,485,0.0,0,0.0,,,HPA-45-r0,storm,417
10.0,0.016820941884243545,0.0,389.3611111111111,301.0,0.12997186475150113,0.8852119997610693,523,2.5,0,0.0,,,HPA-45-r0,storm,418
0.0,0.00957627939859318,0.0,406.7611111111111,301.0,0.12997186475150113,0.9600834023939128,471,0.0,0,0.0,,,HPA-45-r0,storm,419
10.0,0.08028416956860074,0.0,402.8236111111111,301.0,0.12997186475150113,0.7995812162108142,398,7.5,0,0.0,,,HPA-45-r0,storm,420
5.0,0.018528129079864453,0.0,413.4277777777778,301.0,0.12997186475150113,0.9139944359665628,507,2.5,0,0.0,,,HPA-45-r0,storm,421
0.0,0.0,0.0,408.2111111111111,301.0,0.12997186475150113,1.0,481,0.0,0,0.0,,,HPA-45-r0,storm,422
0.0,0.0,0.0,410.75416666666666,301.0,0.12997186475150113,1.0,386,0.0,0,0.0,,,HPA-45-r0,storm,423
0.0,0.0,0.0,397.26666666666665,301.0,0.12997186475150113,1.0,450,0.0,0,0.0,,,HPA-45-r0,storm,424
10.0,0.29860179520088126,0.0,404.68333333333334,301.0,0.12997186475150113,0.3670197092668351,495,5.0,0,0.0,,,HPA-45-r0,storm,425
0.0,0.0,0.0,406.6152777777778,301.0,0.12997186475150113,1.0,367,0.0,0,0.0,,,HPA-45-r0,storm,426
5.0,0.020439498372915033,0.0,414.3236111111111,301.0,0.12997186475150113,0.918122267148594,485,2.5,0,0.0,,,HPA-45-r0,storm,427
0.0,0.0,0.0,388.8597222222222,301.0,0.12997186475150113,1.0,515,0.0,0,0.0,,,HPA-45-r0,storm,428
5.0,0.04474338310452852,0.0,407.77777777777777,301.0,0.12997186475150113,0.806741048479245,437,2.5,0,0.0,,,HPA-45-r0,storm,429
0.0,0.0,0.0,468.70416666666665,301.0,0.12997186475150113,1.0,568,0.0,0,0.0,,,PredHPA-r0,storm,400
10.0,0.09403294937962992,0.0,476.3236111111111,301.0,0.12997186475150113,0.8208148807117583,465,3.75,0,0.0,,,PredHPA-r0,storm,401
0.0,0.0,0.0,485.43611111111113,301.0,0.12997186475150113,1.0,470,0.0,0,0.0,,,PredHPA-r0,storm,402
0.0,0.0,0.0,473.15972222222223,301.0,0.12997186475150113,1.0,423,0.0,0,0.0,,,PredHPA-r0,storm,403
0.0,0.0,0.0,429.62361111111113,301.0,0.12997186475150113,1.0,463,0.0,0,0.0,,,PredHPA-r0,storm,404
0.0,0.0,0.0,477.4791666666667,301.0,0.12997186475150113,1.0,347,0.0,0,0.0,,,PredHPA-r0,storm,405
5.0,0.009864933764713868,0.0,470.9222222222222,301.0,0.12997186475150113,0.9379646132731478,555,1.25,0,0.0,,,PredHPA-r0,storm,406
0.0,0.0,0.0,469.22777777777776,301.0,0.12997186475150113,1.0,538,0.0,0,0.0,,,PredHPA-r0,storm,407
0.0,0.0,0.0,486.7013888888889,301.0,0.12997186475150113,1.0,431,0.0,0,0.0,,,PredHPA-r0,storm,408
0.0,0.0,0.0,468.53055555555557,301.0,0.12997186475150113,1.0,474,0.0,0,0.0,,,PredHPA-r0,storm,409
0.0,0.0,0.0,452.6638888888889,301.0,0.12997186475150113,1.0,487,0.0,0,0.0,,,PredHPA-r0,storm,410
0.0,0.0,0.0,491.6402777777778,301.0,0.12997186475150113,1.0,351,0.0,0,0.0,,,PredHPA-r0,storm,411
5.0,0.0092965207029172,0.0,471.98333333333335,301.0,0.12997186475150113,0.941471704812751,521,1.25,0,0.0,,,PredHPA-r0,storm,412
0.0,0.0,0.0,464.3388888888889,301.0,0.12997186475150113,1.0,548,0.0,0,0.0,,,PredHPA-r0,storm,413
0.0,0.0,0.0,484.7027777777778,301.0,0.12997186475150113,1.0,422,0.0,0,0.0,,,PredHPA-r0,storm,414
0.0,0.0,0.0,470.23055555555555,301.0,0.12997186475150113,1.0,411,0.0,0,0.0,,,PredHPA-r0,storm,415
0.0,0.0,0.0,429.65694444444443,301.0,0.12997186475150113,1.0,465,0.0,0,0.0,,,PredHPA-r0,storm,416
0.0,0.0,0.0,469.21666666666664,301.0,0.12997186475150113,1.0,300,0.0,0,0.0,,,PredHPA-r0,storm,417
0.0,0.0,0.0,468.68055555555554,301.0,0.12997186475150113,1.0,561,0.0,0,0.0,,,PredHPA-r0,storm,418
0.0,0.0,0.0,467.39722222222224,301.0,0.12997186475150113,1.0,509,0.0,0,0.0,,,PredHPA-r0,storm,419
0.0,0.0,0.0,485.70416666666665,301.0,0.12997186475150113,1.0,430,0.0,0,0.0,,,PredHPA-r0,storm,420
0.0,0.0,0.0,467.6986111111111,301.0,0.12997186475150113,1.0,464,0.0,0,0.0,,,PredHPA-r0,storm,421
0.0,0.0,0.0,444.56805555555553,301.0,0.12997186475150113,1.0,505,0.0,0,0.0,,,PredHPA-r0,storm,422
0.0,0.0,0.0,486.3,301.0,0.12997186475150113,1.0,349,0.0,0,0.0,,,PredHPA-r0,storm,423
0.0,0.0,0.0,476.48333333333335,301.0,0.12997186475150113,1.0,566,0.0,0,0.0,,,PredHPA-r0,storm,424
0.0,0.011418427900555805,0.0,471.3513888888889,301.0,0.12997186475150113,0.9572470510428556,523,0.0,0,0.0,,,PredHPA-r0,storm,425
0.0,0.0,0.0,481.2361111111111,301.0,0.12997186475150113,1.0,463,0.0,0,0.0,,,PredHPA-r0,storm,426
0.0,0.0,0.0,473.14722222222224,301.0,0.12997186475150113,1.0,459,0.0,0,0.0,,,PredHPA-r0,storm,427
0.0,0.0,0.0,412.14444444444445,301.0,0.12997186475150113,1.0,466,0.0,0,0.0,,,PredHPA-r0,storm,428
5.0,0.040004519767011804,0.0,482.725,301.0,0.12997186475150113,0.806741048479245,302,2.5,0,0.0,,,PredHPA-r0,storm,429
0.0,0.0,0.0,468.70416666666665,301.0,0.12997186475150113,1.0,568,0.0,0,0.0,,,PredHPA-r1,storm,400
15.0,0.10615689636909176,0.0,476.0722222222222,301.0,0.12997186475150113,0.8208148807117583,464,5.0,0,0.0,,,PredHPA-r1,storm,401
0.0,0.0,0.0,508.29583333333335,301.0,0.12997186475150113,1.0,558,0.0,0,0.0,,,PredHPA-r1,storm,402
1040.0,13.972635482415274,0.0,510.925,301.0,9.119330886181194,3.445244086768358e-08,496,0.0,0,0.0,,,PredHPA-r1,storm,403
0.0,0.0,0.0,429.62361111111113,301.0,0.12997186475150113,1.0,463,0.0,0,0.0,,,PredHPA-r1,storm,404
0.0,0.0,0.0,477.4791666666667,301.0,0.12997186475150113,1.0,353,0.0,0,0.0,,,PredHPA-r1,storm,405
10.0,0.021101307341397924,0.0,474.0722222222222,301.0,0.12997186475150113,0.9292135795165974,610,1.25,0,0.0,,,PredHPA-r1,storm,406
0.0,0.0,0.0,469.22777777777776,301.0,0.12997186475150113,1.0,538,0.0,0,0.0,,,PredHPA-r1,storm,407
2615.0,33.40966560060242,0.0,546.0375,301.0,9.123151669107154,7.362674635075275e-10,405,307.5,0,0.0,,,PredHPA-r1,storm,408
1135.0,14.970009787943406,0.0,507.5652777777778,301.0,9.119330886181194,6.591249055604951e-08,559,0.0,0,0.0,,,PredHPA-r1,storm,409
0.0,0.0,0.0,452.6638888888889,301.0,0.12997186475150113,1.0,487,0.0,0,0.0,,,PredHPA-r1,storm,410
0.0,0.0,0.0,491.6402777777778,301.0,0.12997186475150113,1.0,359,0.0,0,0.0,,,PredHPA-r1,storm,411
5.0,0.0092965207029172,0.0,471.98333333333335,301.0,0.12997186475150113,0.941471704812751,521,1.25,0,0.0,,,PredHPA-r1,storm,412
0.0,0.0,0.0,464.3388888888889,301.0,0.12997186475150113,1.0,548,0.0,0,0.0,,,PredHPA-r1,storm,413
0.0,0.0,0.0,508.14166666666665,301.0,0.12997186475150113,1.0,516,0.0,0,0.0,,,PredHPA-r1,storm,414
6160.0,94.11418954906375,0.0,551.8333333333334,301.0,13.086496390043004,3.5392680982558374e-12,265,1200.0,0,0.0,,,PredHPA-r1,storm,415
0.0,0.0,0.0,429.65694444444443,301.0,0.12997186475150113,1.0,465,0.0,0,0.0,,,PredHPA-r1,storm,416
0.0,0.0,0.0,469.53472222222223,301.0,0.12997186475150113,1.0,309,0.0,0,0.0,,,PredHPA-r1,storm,417
5.0,0.010116484778632806,0.0,471.71666666666664,301.0,0.12997186475150113,0.9358673608928275,619,0.0,0,0.0,,,PredHPA-r1,storm,418
0.0,0.0,0.0,467.39722222222224,301.0,0.12997186475150113,1.0,509,0.0,0,0.0,,,PredHPA-r1,storm,419
0.0,0.0,0.0,507.81111111111113,301.0,0.12997186475150113,1.0,531,0.0,0,0.0,,,PredHPA-r1,storm,420
6160.0,94.08445557999873,0.0,551.8333333333334,301.0,12.129971864751502,1.3276992579249487e-11,289,1200.0,0,0.0,,,PredHPA-r1,storm,421
0.0,0.0,0.0,444.56805555555553,301.0,0.12997186475150113,1.0,505,0.0,0,0.0,,,PredHPA-r1,storm,422
0.0,0.0,0.0,486.3,301.0,0.12997186475150113,1.0,356,0.0,0,0.0,,,PredHPA-r1,storm,423
0.0,0.0,0.0,476.48333333333335,301.0,0.12997186475150113,1.0,566,0.0,0,0.0,,,PredHPA-r1,storm,424
0.0,0.011418427900555805,0.0,471.3513888888889,301.0,0.12997186475150113,0.9572470510428556,523,0.0,0,0.0,,,PredHPA-r1,storm,425
1165.0,13.2066102764675,0.0,531.6111111111111,301.0,9.129971864751502,7.432875241326627e-08,532,2.5,0,0.0,,,PredHPA-r1,storm,426
1035.0,13.961609092515982,0.0,510.80555555555554,301.0,9.119330886181194,4.505608568340711e-08,516,0.0,0,0.0,,,PredHPA-r1,storm,427
0.0,0.0,0.0,412.14444444444445,301.0,0.12997186475150113,1.0,466,0.0,0,0.0,,,PredHPA-r1,storm,428
10.0,0.15946263057898813,0.0,482.93055555555554,301.0,0.12997186475150113,0.3745770762674957,295,5.0,0,0.0,,,PredHPA-r1,storm,429
100.0,1.798270469511809,0.2239478750422887,391.7263888888889,301.0,0.12997186475150113,4.5337669376248625e-06,3272,25.0,9,0.0,5.0,,ARC,storm,400
15.0,0.39947947615771584,0.27642379610956497,389.9291666666667,301.0,0.12997186475150113,0.8505302327672963,3493,7.5,8,0.0,10.0,,ARC,storm,401
65.0,1.1476379689157934,0.2932864153141402,396.9638888888889,301.0,0.12997186475150113,0.0,3629,18.75,9,0.0,10.0,,ARC,storm,402
25.0,0.6015209891958695,0.31225135838087487,384.85555555555555,301.0,0.12997186475150113,0.011953799677092538,3298,7.5,9,0.0,5.0,,ARC,storm,403
90.0,1.3247773519661221,0.13675432029465676,339.3777777777778,301.0,0.12997186475150113,0.00023738083488110656,2637,35.0,9,0.0,5.0,,ARC,storm,404
25.0,0.6536800164079315,0.31069533565390134,409.06388888888887,301.0,0.12997186475150113,0.010433965515281874,3324,6.25,8,0.0,10.0,,ARC,storm,405
1330.0,18.281793411304815,0.21558426900813124,428.4125,301.0,11.701400436180073,4.4547125230957983e-10,2896,337.5,6,5.0,5.0,,ARC,storm,406
320.0,10.627838576245384,0.2692575294994101,381.31111111111113,301.0,0.13538981366698297,2.3367646096401874e-10,3466,86.25,9,0.0,15.0,,ARC,storm,407
80.0,1.2578871744535869,0.25155634892233275,402.05694444444447,301.0,0.12997186475150113,0.00023738083488110656,3607,25.0,9,0.0,10.0,,ARC,storm,408
205.0,3.3501325190954723,0.29139535974857084,411.78194444444443,301.0,0.12997186475150113,2.161481546381432e-08,3323,62.5,8,0.0,10.0,,ARC,storm,409
10.0,0.21053105271705563,0.20297134360317656,355.5263888888889,301.0,0.12997186475150113,0.8660169817704976,2762,2.5,9,0.0,5.0,,ARC,storm,410
205.0,3.7636991003850873,0.24732054644109377,398.84722222222223,301.0,0.12997186475150113,0.0,3199,56.25,8,0.0,10.0,,ARC,storm,411
160.0,2.418438410157031,0.21623239719469356,394.9888888888889,301.0,0.12997186475150113,2.2272515033935968e-10,3309,38.75,9,0.0,5.0,,ARC,storm,412
555.0,12.235166056511337,0.2717802709838896,397.19166666666666,301.0,8.701400436180073,1.790230891982107e-08,3250,138.75,8,0.0,10.0,,ARC,storm,413
905.0,15.193147217142611,0.2520627267403898,417.48055555555555,301.0,8.694580240535725,7.46307415527962e-07,3327,236.25,7,0.0,5.0,,ARC,storm,414
0.0,0.3094051177034429,0.30940511770344625,396.0513888888889,301.0,0.12997186475150113,0.9699999999999999,3348,0.0,9,0.0,10.0,,ARC,storm,415
100.0,1.4376141569597656,0.13558061439083155,329.58472222222224,301.0,0.12997186475150113,0.0,2546,37.5,9,0.0,5.0,,ARC,storm,416
10.0,0.44570833914332475,0.312711500314743,388.59444444444443,301.0,0.12997186475150113,0.4597913452687781,3114,2.5,9,0.0,5.0,,ARC,storm,417
50.0,0.8040973190124756,0.21536541563282308,380.00555555555553,301.0,0.12997186475150113,0.03436521188606805,3236,11.25,9,0.0,10.0,,ARC,storm,418
15.0,0.34349384630992796,0.2525006244229436,378.1458333333333,301.0,0.12997186475150113,0.7522093518770547,3315,3.75,8,0.0,10.0,,ARC,storm,419
0.0,0.25190766584112234,0.2519076658411376,398.0722222222222,301.0,0.12997186475150113,0.9699999999999999,3617,0.0,9,0.0,10.0,,ARC,storm,420
580.0,14.928163089798318,0.30963106810430785,407.69166666666666,301.0,6.116835434733881,1.7579535689842333e-06,3121,186.25,8,0.0,5.0,,ARC,storm,421
705.0,9.670733104228702,0.19919744385151447,369.0111111111111,301.0,8.694580240535725,3.62679324288067e-06,2653,188.75,8,0.0,5.0,,ARC,storm,422
140.0,2.6014373766585996,0.24919460913961142,411.8236111111111,301.0,0.12997186475150113,0.0,3315,36.25,8,0.0,10.0,,ARC,storm,423
270.0,6.258878399011747,0.2894255195090491,392.6486111111111,301.0,0.12997186475150113,8.831975702669098e-10,3237,67.5,10,35.0,5.0,,ARC,storm,424
110.0,2.284191948750036,0.2612270635037564,376.87361111111113,301.0,0.12997186475150113,0.00023738083488110656,3376,35.0,10,0.0,10.0,,ARC,storm,425
0.0,0.27170181324697174,0.27170181324697323,411.2111111111111,301.0,0.12997186475150113,0.9699999999999999,3770,0.0,8,0.0,10.0,,ARC,storm,426
2365.0,36.008412462906655,0.3004584736071829,449.98055555555555,301.0,11.694580240535725,1.0231751980919122e-10,2487,592.5,6,0.0,10.0,,ARC,storm,427
1165.0,15.886781121632188,0.1102803357570073,377.8611111111111,301.0,14.659145104452788,5.628633311570903e-11,2381,307.5,7,0.0,5.0,,ARC,storm,428
50.0,1.1328519643094226,0.30369751414221363,411.825,301.0,0.12997186475150113,9.727639663597227e-06,3200,23.75,9,0.0,5.0,,ARC,storm,429
30.0,0.7083809118886841,0.2239478750422887,387.37083333333334,301.0,0.12997186475150113,0.03652362829549033,3250,7.5,9,0.0,5.0,,ARC-r0,storm,400
5.0,0.3408988453006967,0.27642379610956497,389.9291666666667,301.0,0.12997186475150113,0.8505302327672963,3493,2.5,8,0.0,10.0,,ARC-r0,storm,401
55.0,0.8994032131432905,0.2867180936186595,396.48055555555555,301.0,0.12997186475150113,0.0,3656,15.0,9,0.0,20.0,,ARC-r0,storm,402
10.0,0.37653239456474363,0.31225135838087487,382.8833333333333,301.0,0.12997186475150113,0.6891636111592555,3314,2.5,9,0.0,5.0,,ARC-r0,storm,403
40.0,0.6478724665100133,0.13675432029465676,338.84444444444443,301.0,0.12997186475150113,0.00547903138307558,2580,22.5,9,0.0,5.0,,ARC-r0,storm,404
10.0,0.4551060036558807,0.31069533565390134,407.9736111111111,301.0,0.12997186475150113,0.5607920734298181,3233,2.5,8,0.0,10.0,,ARC-r0,storm,405
70.0,1.070689229144961,0.21558426900813124,388.5388888888889,301.0,0.12997186475150113,0.021097755849707838,3146,16.25,8,5.0,5.0,,ARC-r0,storm,406
15.0,0.7992983918974073,0.26947203916145235,378.85833333333335,301.0,0.12997186475150113,0.1981792098024327,3575,5.0,9,0.0,10.0,,ARC-r0,storm,407
45.0,0.727376199508678,0.2506363852068302,402.4972222222222,301.0,0.12997186475150113,0.030451994895812785,3583,16.25,9,0.0,10.0,,ARC-r0,storm,408
10.0,0.35942962734193395,0.2927092465899173,407.85555555555555,301.0,0.12997186475150113,0.41293376095571693,3396,5.0,7,0.0,5.0,,ARC-r0,storm,409
5.0,0.2087253067038608,0.20297134360317656,355.5263888888889,301.0,0.12997186475150113,0.8754936031464243,2762,1.25,9,0.0,5.0,,ARC-r0,storm,410
80.0,1.730579919531483,0.24732054644109377,395.2,301.0,0.12997186475150113,0.0,3218,26.25,8,0.0,10.0,,ARC-r0,storm,411
40.0,0.8372623945423374,0.21684574073282176,389.1972222222222,301.0,0.12997186475150113,0.0341125806229384,3308,8.75,9,0.0,5.0,,ARC-r0,storm,412
15.0,0.5460664701887441,0.2717802709838896,383.93055555555554,301.0,0.12997186475150113,0.4762015179969043,3242,3.75,9,0.0,10.0,,ARC-r0,storm,413
40.0,0.6333798446805039,0.2520627267403898,399.3388888888889,301.0,0.12997186475150113,0.011356748221693462,3651,20.0,8,0.0,5.0,,ARC-r0,storm,414
0.0,0.3094051177034429,0.30940511770344625,396.0513888888889,301.0,0.12997186475150113,0.9699999999999999,3348,0.0,9,0.0,10.0,,ARC-r0,storm,415
20.0,0.23140830087091668,0.13558061439083155,325.55555555555554,301.0,0.12997186475150113,0.5105731596313529,2493,10.0,9,0.0,5.0,,ARC-r0,storm,416
10.0,0.3628038741057993,0.312711500314743,388.53055555555557,301.0,0.12997186475150113,0.8168604102998883,3181,2.5,8,0.0,5.0,,ARC-r0,storm,417
35.0,0.6723691040751101,0.21580521975099318,376.10833333333335,301.0,0.12997186475150113,0.03436521188606805,3131,7.5,9,0.0,5.0,,ARC-r0,storm,418
5.0,0.4191062354645725,0.2525006244229436,376.3611111111111,301.0,0.12997186475150113,0.31310781814932903,3325,2.5,8,0.0,10.0,,ARC-r0,storm,419
0.0,0.25190766584112234,0.2519076658411376,398.0722222222222,301.0,0.12997186475150113,0.9699999999999999,3617,0.0,9,0.0,10.0,,ARC-r0,storm,420
35.0,1.327314712921135,0.3086630625907835,401.0125,301.0,0.12997186475150113,0.009559977096080138,3333,17.5,9,0.0,10.0,,ARC-r0,storm,421
55.0,0.5068033818957818,0.20056742938829544,341.7583333333333,301.0,0.12997186475150113,0.03912885290202649,2793,15.0,9,25.0,5.0,,ARC-r0,storm,422
50.0,0.905502721487017,0.25186152459396516,411.7361111111111,301.0,0.12997186475150113,0.0032724234637509122,3309,8.75,8,0.0,5.0,,ARC-r0,storm,423
75.0,2.0058101245960303,0.28737984541669537,387.72222222222223,301.0,0.12997186475150113,0.00019495444967507835,3344,21.25,10,20.0,10.0,,ARC-r0,storm,424
15.0,0.4002743641899231,0.2644185241281993,376.06388888888887,301.0,0.12997186475150113,0.5074859617402646,3491,5.0,10,0.0,5.0,,ARC-r0,storm,425
0.0,0.2699090417686789,0.2699090417686788,407.90555555555557,301.0,0.12997186475150113,0.9699999999999999,3768,0.0,8,0.0,10.0,,ARC-r0,storm,426
25.0,0.6972637733861253,0.2985026559357515,397.21805555555557,301.0,0.12997186475150113,0.01930808218731974,3290,8.75,9,0.0,10.0,,ARC-r0,storm,427
40.0,0.3452377491677927,0.1102803357570073,327.6875,301.0,0.12997186475150113,0.006397376344407571,2498,21.25,9,0.0,5.0,,ARC-r0,storm,428
35.0,1.022098300843599,0.3066097517820373,411.4847222222222,301.0,0.12997186475150113,0.00023738083488110656,3274,20.0,9,0.0,5.0,,ARC-r0,storm,429
50.0,1.1042415037756714,0.2239478750422887,388.9111111111111,301.0,0.12997186475150113,6.456378208360011e-06,3248,12.5,9,0.0,5.0,,ARC-r1,storm,400
10.0,0.37656118522090276,0.27642379610956497,389.9291666666667,301.0,0.12997186475150113,0.8505302327672963,3493,5.0,8,0.0,10.0,,ARC-r1,storm,401
65.0,1.1098302031010254,0.2902479601232752,397.28194444444443,301.0,0.12997186475150113,0.0,3637,18.75,9,0.0,15.0,,ARC-r1,storm,402
15.0,0.533857933521753,0.31029430507996225,385.9583333333333,301.0,0.12997186475150113,0.03707284094169824,3370,5.0,9,0.0,10.0,,ARC-r1,storm,403
65.0,1.0377392411474173,0.13675432029465676,338.7875,301.0,0.12997186475150113,0.00023738083488110658,2578,28.75,9,0.0,5.0,,ARC-r1,storm,404
20.0,0.5651744212315957,0.3087403511709572,411.0625,301.0,0.12997186475150113,0.03365239146014084,3329,5.0,8,0.0,15.0,,ARC-r1,storm,405
190.0,2.6814302862619432,0.21558426900813124,392.2611111111111,301.0,0.12997186475150113,1.7593883231330652e-05,3205,46.25,8,5.0,5.0,,ARC-r1,storm,406
185.0,6.640588032433847,0.261974373646256,382.16805555555555,301.0,0.12997186475150113,9.782073512972211e-08,3475,27.5,9,0.0,20.0,,ARC-r1,storm,407
60.0,0.9761962112790568,0.2506363852068302,403.21805555555557,301.0,0.12997186475150113,0.00023738083488110656,3635,20.0,9,0.0,10.0,,ARC-r1,storm,408
85.0,1.5185408259282163,0.29139535974857084,408.14166666666665,301.0,0.12997186475150113,8.797876174821819e-05,3346,32.5,8,0.0,10.0,,ARC-r1,storm,409
10.0,0.20993984594830373,0.20297134360317656,355.5263888888889,301.0,0.12997186475150113,0.8660422039957435,2762,2.5,9,0.0,5.0,,ARC-r1,storm,410
140.0,2.581669969709266,0.249449580553918,398.9847222222222,301.0,0.12997186475150113,0.0,3100,37.5,8,0.0,5.0,,ARC-r1,storm,411
65.0,1.213270785781595,0.21623239719469356,390.8361111111111,301.0,0.12997186475150113,9.132808218735083e-10,3310,15.0,9,0.0,5.0,,ARC-r1,storm,412
205.0,6.375981355323668,0.27380316710737107,389.80833333333334,301.0,0.12997186475150116,2.2142637241675653e-07,3296,51.25,9,0.0,10.0,,ARC-r1,storm,413
90.0,1.3458077761180909,0.2503013807205698,399.57916666666665,301.0,0.12997186475150113,3.6267932428806703e-06,3598,32.5,8,0.0,10.0,,ARC-r1,storm,414
0.0,0.3094051177034429,0.30940511770344625,396.0513888888889,301.0,0.12997186475150113,0.9699999999999999,3348,0.0,9,0.0,10.0,,ARC-r1,storm,415
70.0,0.972948435275578,0.13558061439083155,327.1486111111111,301.0,0.12997186475150113,0.0,2560,30.0,9,0.0,5.0,,ARC-r1,storm,416
10.0,0.4367986694474246,0.312711500314743,388.59444444444443,301.0,0.12997186475150113,0.494816226101198,3112,2.5,9,0.0,5.0,,ARC-r1,storm,417
110.0,1.7767283579107174,0.21639695645036194,382.74861111111113,301.0,0.12997186475150113,1.9423100160202487e-07,3189,26.25,9,0.0,5.0,,ARC-r1,storm,418
15.0,0.34292966315082607,0.2525006244229436,378.1458333333333,301.0,0.12997186475150113,0.7522093518770547,3315,3.75,8,0.0,10.0,,ARC-r1,storm,419
0.0,0.25190766584112234,0.2519076658411376,398.0722222222222,301.0,0.12997186475150113,0.9699999999999999,3617,0.0,9,0.0,10.0,,ARC-r1,storm,420
80.0,2.742951626536849,0.3086630625907835,402.0180555555556,301.0,0.12997186475150113,8.587376886623311e-05,3266,40.0,9,0.0,10.0,,ARC-r1,storm,421
190.0,1.8660985093542415,0.19919744385151447,344.8541666666667,301.0,0.12997186475150113,3.6267932428806707e-06,2835,36.25,9,0.0,5.0,,ARC-r1,storm,422
120.0,2.3271287762381965,0.24715805307317218,411.89444444444445,301.0,0.12997186475150113,0.0,3283,32.5,8,0.0,10.0,,ARC-r1,storm,423
120.0,2.0510424608587208,0.28737984541669537,386.8125,301.0,0.12997186475150113,6.555769171268029e-07,3250,36.25,9,40.0,10.0,,ARC-r1,storm,424
95.0,1.8792650692375124,0.2612270635037564,377.2916666666667,301.0,0.12997186475150113,0.00023738083488110658,3415,30.0,10,0.0,10.0,,ARC-r1,storm,425
0.0,0.27170181324697174,0.27170181324697323,411.4222222222222,301.0,0.12997186475150113,0.9699999999999999,3702,0.0,8,0.0,10.0,,ARC-r1,storm,426
80.0,1.443825723610348,0.29789033906544843,398.6041666666667,301.0,0.12997186475150113,7.904865347538725e-07,3263,22.5,8,0.0,15.0,,ARC-r1,storm,427
125.0,1.8361994413253258,0.1102803357570073,332.68333333333334,301.0,0.12997186475150113,3.6267932428806703e-06,2583,42.5,9,0.0,5.0,,ARC-r1,storm,428
45.0,1.0984704619334873,0.30497321380322495,411.16527777777776,301.0,0.12997186475150113,1.1064467612904401e-05,3270,22.5,9,0.0,10.0,,ARC-r1,storm,429
