slo_viol_s,loss_pct,shed_pct,replica_hours,peak_pods,p95_lat_s,min_avail,scale_actions,mttr_s,n_chaos,chaos_harm_s,attack_det_delay_s,poison_f1,controller,scenario,seed
1565.0,23.126058409208195,0.0,45.833333333333336,25.0,3.075,0.02419487744660381,0,0.0,0,0.0,,,Static,baseline,100
960.0,16.382112676199036,0.0,56.833333333333336,31.0,3.0549999999999997,0.0002011193986668021,0,0.0,0,0.0,,,Static,baseline,101
2490.0,38.24626564497235,0.0,56.833333333333336,31.0,3.0549999999999997,0.0007062275794669007,0,0.0,0,0.0,,,Static,baseline,102
5640.0,85.00010215854137,0.0,49.5,27.0,3.482141150998626,0.00018423388410354494,0,0.0,0,0.0,,,Static,baseline,103
1355.0,21.76454131949854,0.0,45.833333333333336,25.0,3.075,0.02291701110675936,0,0.0,0,0.0,,,Static,baseline,104
25.0,0.16568128537659543,0.0,66.0,36.0,0.075,0.5854763781947085,0,0.0,0,0.0,,,Static,baseline,105
1530.0,23.118100298781886,0.0,45.833333333333336,25.0,3.075,0.023990141573988016,0,0.0,0,0.0,,,Static,baseline,106
965.0,16.243226684647194,0.0,56.833333333333336,31.0,3.0549999999999997,0.00020271775342237556,0,0.0,0,0.0,,,Static,baseline,107
440.0,6.060574887980885,0.0,55.0,30.0,0.8367644756482618,0.03355578926086436,0,0.0,0,0.0,,,Static,baseline,108
5805.0,87.66377640862918,0.0,49.5,27.0,3.4330896253161396,0.00018541013815969481,0,0.0,0,0.0,,,Static,baseline,109
1355.0,21.673208622633776,0.0,45.833333333333336,25.0,3.075,0.02299245461460558,0,0.0,0,0.0,,,Static,baseline,110
220.0,3.4218067627389437,0.0,66.0,36.0,0.075,0.019594146374419873,0,0.0,0,0.0,,,Static,baseline,111
1570.0,23.540441963555935,0.0,45.833333333333336,25.0,3.075,0.024303267053257912,0,0.0,0,0.0,,,Static,baseline,112
965.0,16.25920285235236,0.0,56.833333333333336,31.0,3.0549999999999997,0.00020623611502431475,0,0.0,0,0.0,,,Static,baseline,113
470.0,5.91656276639585,0.0,55.0,30.0,0.8517398171344636,0.033552899986137794,0,0.0,0,0.0,,,Static,baseline,114
5635.0,84.92340635996413,0.0,49.5,27.0,3.41682692702093,0.0001856162839373123,0,0.0,0,0.0,,,Static,baseline,115
1360.0,21.855492602046255,0.0,45.833333333333336,25.0,3.075,0.023163298165652282,0,0.0,0,0.0,,,Static,baseline,116
210.0,3.2982417288313526,0.0,66.0,36.0,0.075,0.02033109877834759,0,0.0,0,0.0,,,Static,baseline,117
1525.0,23.00240764633691,0.0,45.833333333333336,25.0,3.075,0.024057664029955586,0,0.0,0,0.0,,,Static,baseline,118
1095.0,18.24546020094412,0.0,56.833333333333336,31.0,3.0549999999999997,0.0002022635313618053,0,0.0,0,0.0,,,Static,baseline,119
2145.0,33.547069084343505,0.0,56.833333333333336,31.0,3.0549999999999997,0.0006069412803320888,0,0.0,0,0.0,,,Static,baseline,120
5565.0,84.01303040492938,0.0,51.333333333333336,28.0,3.478813883995306,0.00018308992582848283,0,0.0,0,0.0,,,Static,baseline,121
1380.0,22.10731647168328,0.0,45.833333333333336,25.0,3.075,0.022209407028995418,0,0.0,0,0.0,,,Static,baseline,122
5.0,0.01940230647281549,0.0,66.0,36.0,0.075,0.9273670489713707,0,0.0,0,0.0,,,Static,baseline,123
1580.0,23.068535172728023,0.0,45.833333333333336,25.0,3.075,0.023647816154469002,0,0.0,0,0.0,,,Static,baseline,124
1100.0,18.42030964759963,0.0,56.833333333333336,31.0,3.0549999999999997,0.00013743854734021336,0,0.0,0,0.0,,,Static,baseline,125
445.0,6.077836544161752,0.0,55.0,30.0,1.0352021575522616,0.031770759872522966,0,0.0,0,0.0,,,Static,baseline,126
5640.0,84.9062319293827,0.0,49.5,27.0,3.418706863813027,0.00019052381920947606,0,0.0,0,0.0,,,Static,baseline,127
1365.0,22.153332767240062,0.0,45.833333333333336,25.0,3.075,0.022246861415719285,0,0.0,0,0.0,,,Static,baseline,128
30.0,0.3785694736213263,0.0,66.0,36.0,0.075,0.3165779899087725,0,0.0,0,0.0,,,Static,baseline,129
1580.0,23.666131622893506,0.0,45.833333333333336,25.0,3.075,0.02467595458756796,0,0.0,0,0.0,,,Static,baseline,130
1090.0,18.226350661071113,0.0,56.833333333333336,31.0,3.0549999999999997,0.00020601812876922722,0,0.0,0,0.0,,,Static,baseline,131
490.0,6.30030669916033,0.0,55.0,30.0,1.010197873176866,0.03344543312533822,0,0.0,0,0.0,,,Static,baseline,132
5580.0,84.06756907467825,0.0,49.5,27.0,3.3934298037718755,0.00018079275247498045,0,0.0,0,0.0,,,Static,baseline,133
1380.0,22.264686589500148,0.0,45.833333333333336,25.0,3.075,0.02316611582011008,0,0.0,0,0.0,,,Static,baseline,134
10.0,0.03039474492138039,0.0,66.0,36.0,0.075,0.903242601855581,0,0.0,0,0.0,,,Static,baseline,135
5395.0,84.25464227917814,0.0,47.666666666666664,26.0,3.5778057951926026,6.922456168556416e-05,0,0.0,0,0.0,,,Static,baseline,136
985.0,16.565031167980482,0.0,56.833333333333336,31.0,3.0549999999999997,0.0001397818504492376,0,0.0,0,0.0,,,Static,baseline,137
430.0,5.8360112671210995,0.0,55.0,30.0,0.8563426103271179,0.03176007683963013,0,0.0,0,0.0,,,Static,baseline,138
5635.0,84.95824824807072,0.0,49.5,27.0,3.4523765010175014,0.00017784093234998573,0,0.0,0,0.0,,,Static,baseline,139
0.0,0.0,0.0,77.12777777777778,46.0,0.075,1.0,55,0.0,0,0.0,,,HPA,baseline,100
30.0,0.42552009438341365,0.0,80.33472222222223,88.0,0.075,0.060971506759472625,80,0.0,0,0.0,,,HPA,baseline,101
0.0,0.0,0.0,78.59583333333333,59.0,0.075,1.0,54,0.0,0,0.0,,,HPA,baseline,102
0.0,0.0,0.0,74.925,52.0,0.075,1.0,50,0.0,0,0.0,,,HPA,baseline,103
40.0,0.3725307155123647,0.0,79.50833333333334,55.0,0.075,0.20571470218476848,59,0.0,0,0.0,,,HPA,baseline,104
0.0,0.0,0.0,78.1361111111111,54.0,0.075,1.0,54,0.0,0,0.0,,,HPA,baseline,105
0.0,0.0,0.0,77.53194444444445,47.0,0.075,1.0,57,0.0,0,0.0,,,HPA,baseline,106
15.0,0.19866227724869567,0.0,76.11527777777778,60.0,0.075,0.3652931679973914,70,0.0,0,0.0,,,HPA,baseline,107
0.0,0.0,0.0,78.08611111111111,61.0,0.075,1.0,53,0.0,0,0.0,,,HPA,baseline,108
0.0,0.0,0.0,75.19166666666666,54.0,0.075,1.0,50,0.0,0,0.0,,,HPA,baseline,109
20.0,0.10426736033875006,0.0,77.44027777777778,57.0,0.075,0.7448385742900809,58,0.0,0,0.0,,,HPA,baseline,110
0.0,0.0,0.0,79.8875,57.0,0.075,1.0,70,0.0,0,0.0,,,HPA,baseline,111
0.0,0.0,0.0,77.3638888888889,48.0,0.075,1.0,57,0.0,0,0.0,,,HPA,baseline,112
30.0,0.4381060919244062,0.0,78.27222222222223,80.0,0.075,0.06185604159073882,75,0.0,0,0.0,,,HPA,baseline,113
0.0,0.0,0.0,78.11944444444444,63.0,0.075,1.0,54,0.0,0,0.0,,,HPA,baseline,114
0.0,0.0,0.0,75.3625,55.0,0.075,1.0,47,0.0,0,0.0,,,HPA,baseline,115
60.0,0.8651841591695519,0.0,83.70277777777778,62.0,0.075,0.024305630599776612,72,0.0,0,0.0,,,HPA,baseline,116
0.0,0.0,0.0,79.975,55.0,0.075,1.0,68,0.0,0,0.0,,,HPA,baseline,117
0.0,0.0,0.0,77.40277777777777,46.0,0.075,1.0,61,0.0,0,0.0,,,HPA,baseline,118
25.0,0.33673356786447783,0.0,79.10555555555555,82.0,0.075,0.08261439902404599,72,0.0,0,0.0,,,HPA,baseline,119
0.0,0.0,0.0,78.30277777777778,58.0,0.075,1.0,56,0.0,0,0.0,,,HPA,baseline,120
0.0,0.0,0.0,74.56666666666666,50.0,0.075,1.0,42,0.0,0,0.0,,,HPA,baseline,121
20.0,0.10268375380431127,0.0,79.8125,54.0,0.075,0.7025828171167423,61,0.0,0,0.0,,,HPA,baseline,122
0.0,0.0,0.0,79.01944444444445,53.0,0.075,1.0,61,0.0,0,0.0,,,HPA,baseline,123
0.0,0.0,0.0,77.34166666666667,47.0,0.075,1.0,53,0.0,0,0.0,,,HPA,baseline,124
30.0,0.43382753006144803,0.0,79.88472222222222,82.0,0.075,0.06028001457071878,87,0.0,0,0.0,,,HPA,baseline,125
0.0,0.0,0.0,76.97777777777777,55.0,0.075,1.0,50,0.0,0,0.0,,,HPA,baseline,126
0.0,0.0,0.0,75.76944444444445,52.0,0.075,1.0,50,0.0,0,0.0,,,HPA,baseline,127
25.0,0.21137345773717398,0.0,79.42083333333333,57.0,0.075,0.532423425631263,60,0.0,0,0.0,,,HPA,baseline,128
0.0,0.0,0.0,78.57638888888889,56.0,0.075,1.0,58,0.0,0,0.0,,,HPA,baseline,129
0.0,0.0,0.0,81.05,70.0,0.075,1.0,66,0.0,0,0.0,,,HPA,baseline,130
20.0,0.30750009475899454,0.0,78.45555555555555,78.0,0.075,0.11761700621800084,75,0.0,0,0.0,,,HPA,baseline,131
0.0,0.0,0.0,79.65277777777777,67.0,0.075,1.0,66,0.0,0,0.0,,,HPA,baseline,132
0.0,0.0015784117390227337,0.0,74.76388888888889,53.0,0.075,0.9917155215849786,48,0.0,0,0.0,,,HPA,baseline,133
15.0,0.05869355942131893,0.0,79.65555555555555,55.0,0.075,0.8384218357295933,68,0.0,0,0.0,,,HPA,baseline,134
0.0,0.0,0.0,77.96388888888889,52.0,0.075,1.0,58,0.0,0,0.0,,,HPA,baseline,135
0.0,0.0044679465270092145,0.0,77.08888888888889,48.0,0.075,0.9766410281463486,52,0.0,0,0.0,,,HPA,baseline,136
25.0,0.4214329753906121,0.0,80.3861111111111,87.0,0.075,0.06130252318685171,85,0.0,0,0.0,,,HPA,baseline,137
0.0,0.0,0.0,78.06805555555556,57.0,0.075,1.0,58,0.0,0,0.0,,,HPA,baseline,138
0.0,0.005921453624124773,0.0,75.3,55.0,0.075,0.9696361209054102,52,0.0,0,0.0,,,HPA,baseline,139
0.0,0.0,0.0,80.125,57.0,0.075,1.0,142,0.0,0,0.0,,,HPA-fast,baseline,100
0.0,0.0,0.0,79.29583333333333,64.0,0.075,1.0,193,0.0,0,0.0,,,HPA-fast,baseline,101
0.0,0.0,0.0,79.47638888888889,51.0,0.075,1.0,158,0.0,0,0.0,,,HPA-fast,baseline,102
0.0,0.0,0.0,77.89583333333333,58.0,0.075,1.0,112,0.0,0,0.0,,,HPA-fast,baseline,103
0.0,0.0,0.0,83.38472222222222,63.0,0.075,1.0,220,0.0,0,0.0,,,HPA-fast,baseline,104
0.0,0.0,0.0,77.80277777777778,54.0,0.075,1.0,132,0.0,0,0.0,,,HPA-fast,baseline,105
0.0,0.0,0.0,80.35833333333333,57.0,0.075,1.0,166,0.0,0,0.0,,,HPA-fast,baseline,106
0.0,0.005508100848594655,0.0,79.10277777777777,65.0,0.075,0.9772721651410842,194,0.0,0,0.0,,,HPA-fast,baseline,107
0.0,0.0,0.0,79.76805555555555,51.0,0.075,1.0,145,0.0,0,0.0,,,HPA-fast,baseline,108
0.0,0.0,0.0,77.09166666666667,57.0,0.075,1.0,121,0.0,0,0.0,,,HPA-fast,baseline,109
0.0,0.0,0.0,83.09861111111111,62.0,0.075,1.0,207,0.0,0,0.0,,,HPA-fast,baseline,110
0.0,0.0,0.0,77.45,57.0,0.075,1.0,133,0.0,0,0.0,,,HPA-fast,baseline,111
0.0,0.0,0.0,80.2611111111111,55.0,0.075,1.0,148,0.0,0,0.0,,,HPA-fast,baseline,112
10.0,0.03615514769946815,0.0,79.84583333333333,63.0,0.075,0.8844022394659163,204,0.0,0,0.0,,,HPA-fast,baseline,113
0.0,0.0,0.0,79.88194444444444,51.0,0.075,1.0,172,0.0,0,0.0,,,HPA-fast,baseline,114
0.0,0.0,0.0,77.27083333333333,58.0,0.075,1.0,122,0.0,0,0.0,,,HPA-fast,baseline,115
0.0,0.0,0.0,82.57222222222222,62.0,0.075,1.0,205,0.0,0,0.0,,,HPA-fast,baseline,116
0.0,0.0,0.0,77.46944444444445,56.0,0.075,1.0,140,0.0,0,0.0,,,HPA-fast,baseline,117
0.0,0.0,0.0,80.54027777777777,57.0,0.075,1.0,147,0.0,0,0.0,,,HPA-fast,baseline,118
0.0,0.0,0.0,79.41527777777777,65.0,0.075,1.0,198,0.0,0,0.0,,,HPA-fast,baseline,119
0.0,0.0,0.0,79.4875,52.0,0.075,1.0,153,0.0,0,0.0,,,HPA-fast,baseline,120
0.0,0.0,0.0,77.65555555555555,58.0,0.075,1.0,125,0.0,0,0.0,,,HPA-fast,baseline,121
0.0,0.0,0.0,83.1625,63.0,0.075,1.0,222,0.0,0,0.0,,,HPA-fast,baseline,122
0.0,0.0,0.0,77.30555555555556,54.0,0.075,1.0,138,0.0,0,0.0,,,HPA-fast,baseline,123
0.0,0.009187162146229166,0.0,80.50277777777778,57.0,0.075,0.9608678389874559,154,0.0,0,0.0,,,HPA-fast,baseline,124
0.0,0.012543948362786494,0.0,79.20833333333333,64.0,0.075,0.9636233253508083,210,0.0,0,0.0,,,HPA-fast,baseline,125
0.0,0.0,0.0,79.16944444444445,52.0,0.075,1.0,149,0.0,0,0.0,,,HPA-fast,baseline,126
0.0,0.0,0.0,77.43194444444444,57.0,0.075,1.0,116,0.0,0,0.0,,,HPA-fast,baseline,127
0.0,0.0,0.0,83.07083333333334,64.0,0.075,1.0,221,0.0,0,0.0,,,HPA-fast,baseline,128
0.0,0.0,0.0,77.45972222222223,58.0,0.075,1.0,117,0.0,0,0.0,,,HPA-fast,baseline,129
0.0,0.0,0.0,79.78611111111111,55.0,0.075,1.0,137,0.0,0,0.0,,,HPA-fast,baseline,130
0.0,0.0,0.0,79.23055555555555,63.0,0.075,1.0,186,0.0,0,0.0,,,HPA-fast,baseline,131
0.0,0.0,0.0,79.6138888888889,51.0,0.075,1.0,156,0.0,0,0.0,,,HPA-fast,baseline,132
0.0,0.0,0.0,78.0,59.0,0.075,1.0,131,0.0,0,0.0,,,HPA-fast,baseline,133
0.0,0.0,0.0,82.22916666666667,61.0,0.075,1.0,213,0.0,0,0.0,,,HPA-fast,baseline,134
0.0,0.0,0.0,76.25694444444444,55.0,0.075,1.0,124,0.0,0,0.0,,,HPA-fast,baseline,135
0.0,0.0,0.0,80.76805555555555,56.0,0.075,1.0,145,0.0,0,0.0,,,HPA-fast,baseline,136
0.0,0.0,0.0,79.475,63.0,0.075,1.0,220,0.0,0,0.0,,,HPA-fast,baseline,137
0.0,0.0,0.0,79.08194444444445,51.0,0.075,1.0,161,0.0,0,0.0,,,HPA-fast,baseline,138
0.0,0.0,0.0,77.55555555555556,57.0,0.075,1.0,111,0.0,0,0.0,,,HPA-fast,baseline,139
0.0,0.0,0.0,95.79861111111111,59.0,0.075,1.0,56,0.0,0,0.0,,,HPA-45,baseline,100
0.0,0.0,0.0,96.23333333333333,93.0,0.075,1.0,82,0.0,0,0.0,,,HPA-45,baseline,101
0.0,0.0,0.0,97.12222222222222,57.0,0.075,1.0,56,0.0,0,0.0,,,HPA-45,baseline,102
0.0,0.0,0.0,95.56527777777778,68.0,0.075,1.0,73,0.0,0,0.0,,,HPA-45,baseline,103
0.0,0.0,0.0,99.71944444444445,71.0,0.075,1.0,85,0.0,0,0.0,,,HPA-45,baseline,104
0.0,0.0,0.0,96.69583333333334,66.0,0.075,1.0,63,0.0,0,0.0,,,HPA-45,baseline,105
0.0,0.0,0.0,96.60555555555555,58.0,0.075,1.0,58,0.0,0,0.0,,,HPA-45,baseline,106
0.0,0.0,0.0,98.20833333333333,101.0,0.075,1.0,89,0.0,0,0.0,,,HPA-45,baseline,107
0.0,0.0,0.0,95.58055555555555,58.0,0.075,1.0,50,0.0,0,0.0,,,HPA-45,baseline,108
0.0,0.0,0.0,94.51527777777778,66.0,0.075,1.0,53,0.0,0,0.0,,,HPA-45,baseline,109
0.0,0.0,0.0,99.96944444444445,74.0,0.075,1.0,79,0.0,0,0.0,,,HPA-45,baseline,110
0.0,0.0,0.0,97.11944444444444,67.0,0.075,1.0,70,0.0,0,0.0,,,HPA-45,baseline,111
0.0,0.0,0.0,95.74583333333334,57.0,0.075,1.0,55,0.0,0,0.0,,,HPA-45,baseline,112
0.0,0.0,0.0,97.29583333333333,97.0,0.075,1.0,81,0.0,0,0.0,,,HPA-45,baseline,113
0.0,0.0,0.0,95.5375,57.0,0.075,1.0,52,0.0,0,0.0,,,HPA-45,baseline,114
0.0,0.0,0.0,93.74444444444444,65.0,0.075,1.0,54,0.0,0,0.0,,,HPA-45,baseline,115
0.0,0.0,0.0,99.10694444444445,72.0,0.075,1.0,82,0.0,0,0.0,,,HPA-45,baseline,116
0.0,0.0,0.0,99.0,71.0,0.075,1.0,77,0.0,0,0.0,,,HPA-45,baseline,117
0.0,0.0,0.0,95.21388888888889,58.0,0.075,1.0,50,0.0,0,0.0,,,HPA-45,baseline,118
0.0,0.0,0.0,98.18055555555556,99.0,0.075,1.0,88,0.0,0,0.0,,,HPA-45,baseline,119
0.0,0.0,0.0,95.3625,59.0,0.075,1.0,54,0.0,0,0.0,,,HPA-45,baseline,120
0.0,0.0,0.0,93.94583333333334,64.0,0.075,1.0,55,0.0,0,0.0,,,HPA-45,baseline,121
0.0,0.0,0.0,99.60694444444445,72.0,0.075,1.0,77,0.0,0,0.0,,,HPA-45,baseline,122
0.0,0.0,0.0,99.10972222222222,68.0,0.075,1.0,73,0.0,0,0.0,,,HPA-45,baseline,123
0.0,0.0,0.0,96.57638888888889,60.0,0.075,1.0,61,0.0,0,0.0,,,HPA-45,baseline,124
0.0,0.0,0.0,93.65138888888889,66.0,0.075,1.0,68,0.0,0,0.0,,,HPA-45,baseline,125
0.0,0.0,0.0,94.925,56.0,0.075,1.0,50,0.0,0,0.0,,,HPA-45,baseline,126
0.0,0.0,0.0,93.96944444444445,65.0,0.075,1.0,54,0.0,0,0.0,,,HPA-45,baseline,127
0.0,0.0,0.0,100.37361111111112,71.0,0.075,1.0,87,0.0,0,0.0,,,HPA-45,baseline,128
0.0,0.0,0.0,97.825,69.0,0.075,1.0,61,0.0,0,0.0,,,HPA-45,baseline,129
0.0,0.0,0.0,95.90972222222223,59.0,0.075,1.0,55,0.0,0,0.0,,,HPA-45,baseline,130
0.0,0.0,0.0,95.71944444444445,76.0,0.075,1.0,71,0.0,0,0.0,,,HPA-45,baseline,131
0.0,0.0,0.0,95.90277777777777,57.0,0.075,1.0,59,0.0,0,0.0,,,HPA-45,baseline,132
0.0,0.0,0.0,95.1375,67.0,0.075,1.0,61,0.0,0,0.0,,,HPA-45,baseline,133
0.0,0.0,0.0,100.38055555555556,77.0,0.075,1.0,82,0.0,0,0.0,,,HPA-45,baseline,134
0.0,0.0,0.0,97.925,67.0,0.075,1.0,66,0.0,0,0.0,,,HPA-45,baseline,135
0.0,0.0,0.0,95.15833333333333,58.0,0.075,1.0,53,0.0,0,0.0,,,HPA-45,baseline,136
0.0,0.0,0.0,97.08333333333333,97.0,0.075,1.0,86,0.0,0,0.0,,,HPA-45,baseline,137
0.0,0.0,0.0,95.92222222222222,59.0,0.075,1.0,58,0.0,0,0.0,,,HPA-45,baseline,138
0.0,0.0,0.0,94.72777777777777,68.0,0.075,1.0,62,0.0,0,0.0,,,HPA-45,baseline,139
0.0,0.0,0.0,126.69305555555556,86.0,0.075,1.0,103,0.0,0,0.0,,,PredHPA,baseline,100
0.0,0.0,0.0,130.67777777777778,103.0,0.075,1.0,101,0.0,0,0.0,,,PredHPA,baseline,101
0.0,0.0,0.0,122.80694444444444,75.0,0.075,1.0,99,0.0,0,0.0,,,PredHPA,baseline,102
0.0,0.0,0.0,114.86111111111111,80.0,0.075,1.0,91,0.0,0,0.0,,,PredHPA,baseline,103
0.0,0.0,0.0,129.0986111111111,95.0,0.075,1.0,93,0.0,0,0.0,,,PredHPA,baseline,104
0.0,0.0,0.0,115.19722222222222,71.0,0.075,1.0,79,0.0,0,0.0,,,PredHPA,baseline,105
0.0,0.0,0.0,126.70694444444445,87.0,0.075,1.0,91,0.0,0,0.0,,,PredHPA,baseline,106
0.0,0.0,0.0,128.43472222222223,98.0,0.075,1.0,102,0.0,0,0.0,,,PredHPA,baseline,107
0.0,0.0,0.0,124.73611111111111,100.0,0.075,1.0,111,0.0,0,0.0,,,PredHPA,baseline,108
0.0,0.0,0.0,112.75277777777778,77.0,0.075,1.0,80,0.0,0,0.0,,,PredHPA,baseline,109
0.0,0.0,0.0,127.95138888888889,94.0,0.075,1.0,92,0.0,0,0.0,,,PredHPA,baseline,110
0.0,0.0,0.0,116.88055555555556,74.0,0.075,1.0,77,0.0,0,0.0,,,PredHPA,baseline,111
0.0,0.0,0.0,126.61944444444444,87.0,0.075,1.0,103,0.0,0,0.0,,,PredHPA,baseline,112
0.0,0.0,0.0,127.77916666666667,92.0,0.075,1.0,95,0.0,0,0.0,,,PredHPA,baseline,113
0.0,0.0,0.0,125.42361111111111,106.0,0.075,1.0,119,0.0,0,0.0,,,PredHPA,baseline,114
0.0,0.0,0.0,115.32916666666667,82.0,0.075,1.0,89,0.0,0,0.0,,,PredHPA,baseline,115
0.0,0.0,0.0,128.71944444444443,90.0,0.075,1.0,104,0.0,0,0.0,,,PredHPA,baseline,116
0.0,0.0,0.0,116.66666666666667,75.0,0.075,1.0,69,0.0,0,0.0,,,PredHPA,baseline,117
0.0,0.0,0.0,127.90277777777777,89.0,0.075,1.0,99,0.0,0,0.0,,,PredHPA,baseline,118
0.0,0.0,0.0,127.78472222222223,94.0,0.075,1.0,99,0.0,0,0.0,,,PredHPA,baseline,119
0.0,0.0,0.0,126.125,109.0,0.075,1.0,129,0.0,0,0.0,,,PredHPA,baseline,120
0.0,0.0,0.0,115.25833333333334,82.0,0.075,1.0,89,0.0,0,0.0,,,PredHPA,baseline,121
0.0,0.0,0.0,129.5013888888889,94.0,0.075,1.0,88,0.0,0,0.0,,,PredHPA,baseline,122
0.0,0.0,0.0,114.15833333333333,72.0,0.075,1.0,82,0.0,0,0.0,,,PredHPA,baseline,123
0.0,0.0,0.0,127.9375,89.0,0.075,1.0,100,0.0,0,0.0,,,PredHPA,baseline,124
0.0,0.0,0.0,127.41111111111111,97.0,0.075,1.0,94,0.0,0,0.0,,,PredHPA,baseline,125
0.0,0.0,0.0,120.53888888888889,75.0,0.075,1.0,107,0.0,0,0.0,,,PredHPA,baseline,126
0.0,0.0,0.0,114.55694444444444,81.0,0.075,1.0,95,0.0,0,0.0,,,PredHPA,baseline,127
0.0,0.0,0.0,130.21944444444443,94.0,0.075,1.0,96,0.0,0,0.0,,,PredHPA,baseline,128
0.0,0.0,0.0,115.19444444444444,72.0,0.075,1.0,87,0.0,0,0.0,,,PredHPA,baseline,129
0.0,0.0,0.0,127.14444444444445,89.0,0.075,1.0,103,0.0,0,0.0,,,PredHPA,baseline,130
0.0,0.0,0.0,127.67222222222222,94.0,0.075,1.0,92,0.0,0,0.0,,,PredHPA,baseline,131
0.0,0.0,0.0,125.14444444444445,103.0,0.075,1.0,120,0.0,0,0.0,,,PredHPA,baseline,132
0.0,0.0,0.0,115.84861111111111,80.0,0.075,1.0,104,0.0,0,0.0,,,PredHPA,baseline,133
0.0,0.0,0.0,129.01111111111112,91.0,0.075,1.0,96,0.0,0,0.0,,,PredHPA,baseline,134
0.0,0.0,0.0,115.6125,72.0,0.075,1.0,91,0.0,0,0.0,,,PredHPA,baseline,135
0.0,0.0,0.0,126.33194444444445,87.0,0.075,1.0,90,0.0,0,0.0,,,PredHPA,baseline,136
0.0,0.0,0.0,129.22083333333333,95.0,0.075,1.0,99,0.0,0,0.0,,,PredHPA,baseline,137
0.0,0.0,0.0,123.80833333333334,95.0,0.075,1.0,115,0.0,0,0.0,,,PredHPA,baseline,138
0.0,0.0,0.0,115.17361111111111,82.0,0.075,1.0,97,0.0,0,0.0,,,PredHPA,baseline,139
10.0,0.02682312869412007,0.02682312869412824,77.12777777777778,46.0,0.075,0.9161227724646226,55,0.0,0,0.0,,,HPA+RL,baseline,100
50.0,0.4998049589903242,0.07428486460691286,79.90416666666667,88.0,0.075,0.060971506759472625,80,0.0,0,0.0,,,HPA+RL,baseline,101
0.0,0.0,0.0,78.59583333333333,59.0,0.075,1.0,54,0.0,0,0.0,,,HPA+RL,baseline,102
0.0,0.0029054217067225885,0.002905421706723486,74.925,52.0,0.075,0.9800004546215165,50,0.0,0,0.0,,,HPA+RL,baseline,103
45.0,0.3926576466196541,0.044310371492285894,79.40833333333333,55.0,0.075,0.20571470218476848,61,0.0,0,0.0,,,HPA+RL,baseline,104
0.0,0.002815595587912778,0.0028155955879197855,77.88194444444444,53.0,0.075,0.9809664053012638,53,0.0,0,0.0,,,HPA+RL,baseline,105
5.0,0.01980034796328356,0.019800347963277704,77.53194444444445,47.0,0.075,0.9208563317450053,57,0.0,0,0.0,,,HPA+RL,baseline,106
30.0,0.27186532102911887,0.07320304378041953,75.86527777777778,60.0,0.075,0.3652931679973914,67,0.0,0,0.0,,,HPA+RL,baseline,107
0.0,0.0,0.0,78.08611111111111,61.0,0.075,1.0,53,0.0,0,0.0,,,HPA+RL,baseline,108
0.0,0.005728557271278412,0.005728557271290151,74.92083333333333,53.0,0.075,0.9602841623161855,48,0.0,0,0.0,,,HPA+RL,baseline,109
35.0,0.16011915365737872,0.08050051404950816,77.31388888888888,55.0,0.075,0.7448385742900809,55,0.0,0,0.0,,,HPA+RL,baseline,110
0.0,0.00692077577219008,0.006920775772186054,79.6875,56.0,0.075,0.9578676135817337,68,0.0,0,0.0,,,HPA+RL,baseline,111
10.0,0.022492721036493357,0.02249272103649292,77.29305555555555,48.0,0.075,0.9251864321294089,57,0.0,0,0.0,,,HPA+RL,baseline,112
45.0,0.4879564548378901,0.049850362913481175,78.27222222222223,80.0,0.075,0.06185604159073882,75,0.0,0,0.0,,,HPA+RL,baseline,113
0.0,0.0,0.0,78.11944444444444,63.0,0.075,1.0,54,0.0,0,0.0,,,HPA+RL,baseline,114
5.0,0.008493784045449093,0.008493784045444175,75.12777777777778,54.0,0.075,0.9392761736748833,48,0.0,0,0.0,,,HPA+RL,baseline,115
75.0,0.9071164138236498,0.052198785066449115,82.85972222222222,62.0,0.075,0.024305630599776612,67,0.0,0,0.0,,,HPA+RL,baseline,116
0.0,0.003118065011986637,0.0031180650119846907,79.725,54.0,0.075,0.9806930823470325,68,0.0,0,0.0,,,HPA+RL,baseline,117
5.0,0.02356340853354455,0.023563408533541916,77.26527777777778,46.0,0.075,0.9107943192729899,61,0.0,0,0.0,,,HPA+RL,baseline,118
50.0,0.41996536705557475,0.08323179919108814,79.04166666666667,82.0,0.075,0.08261439902404599,71,0.0,0,0.0,,,HPA+RL,baseline,119
0.0,0.0,0.0,78.30277777777778,58.0,0.075,1.0,56,0.0,0,0.0,,,HPA+RL,baseline,120
5.0,0.007700825017709079,0.007700825017715616,74.56666666666666,50.0,0.075,0.9469547517068719,42,0.0,0,0.0,,,HPA+RL,baseline,121
25.0,0.13517428180164215,0.04828713931121119,78.86944444444444,52.0,0.075,0.7025828171167423,61,0.0,0,0.0,,,HPA+RL,baseline,122
0.0,0.0,0.0,79.01944444444445,53.0,0.075,1.0,61,0.0,0,0.0,,,HPA+RL,baseline,123
10.0,0.03148823537449941,0.031488235374509795,77.24166666666666,48.0,0.075,0.8893765132097802,51,0.0,0,0.0,,,HPA+RL,baseline,124
45.0,0.5029296477367384,0.06910211767529706,78.94027777777778,82.0,0.075,0.06028001457071878,84,0.0,0,0.0,,,HPA+RL,baseline,125
0.0,0.0,0.0,76.97777777777777,55.0,0.075,1.0,50,0.0,0,0.0,,,HPA+RL,baseline,126
0.0,0.0031511083982138643,0.003151108398212268,75.76944444444445,52.0,0.075,0.9779148603961292,50,0.0,0,0.0,,,HPA+RL,baseline,127
25.0,0.11970047855112131,0.04655443291297849,78.59583333333333,55.0,0.075,0.8373331959823426,55,0.0,0,0.0,,,HPA+RL,baseline,128
5.0,0.008177078404358884,0.008177078404362327,78.57222222222222,56.0,0.075,0.9485886808708637,57,0.0,0,0.0,,,HPA+RL,baseline,129
5.0,0.016450786644794935,0.016450786644791816,81.05,70.0,0.075,0.937388592382165,66,0.0,0,0.0,,,HPA+RL,baseline,130
35.0,0.3832644859444123,0.07576439118540632,78.39166666666667,78.0,0.075,0.11761700621800084,74,0.0,0,0.0,,,HPA+RL,baseline,131
0.0,0.0,0.0,79.65277777777777,67.0,0.075,1.0,66,0.0,0,0.0,,,HPA+RL,baseline,132
5.0,0.013040602936620349,0.011462191197600405,74.25277777777778,51.0,0.075,0.9264036774143449,47,0.0,0,0.0,,,HPA+RL,baseline,133
25.0,0.09817331662179685,0.0490308738449412,78.84027777777777,54.0,0.075,0.8384218357295933,59,0.0,0,0.0,,,HPA+RL,baseline,134
0.0,0.002113157796324039,0.002113157796323523,77.95972222222223,52.0,0.075,0.986357536829974,57,0.0,0,0.0,,,HPA+RL,baseline,135
5.0,0.02785031070843269,0.023382364181439564,76.98472222222222,48.0,0.075,0.9321651309813449,52,0.0,0,0.0,,,HPA+RL,baseline,136
50.0,0.5032022632322608,0.08176928784165542,80.3861111111111,87.0,0.075,0.06130252318685171,85,0.0,0,0.0,,,HPA+RL,baseline,137
0.0,0.0,0.0,78.06805555555556,57.0,0.075,1.0,58,0.0,0,0.0,,,HPA+RL,baseline,138
5.0,0.019011960987191934,0.013090507363068118,75.3,55.0,0.075,0.9108082232614858,52,0.0,0,0.0,,,HPA+RL,baseline,139
0.0,0.0,0.0,107.575,98.0,0.075,1.0,784,0.0,11,0.0,,,ARC,baseline,100
5.0,0.018029951630449403,0.0,100.59444444444445,104.0,0.075,0.9334071058951472,919,0.0,10,0.0,,,ARC,baseline,101
0.0,0.0,0.0,103.98472222222222,84.0,0.075,1.0,797,0.0,11,0.0,,,ARC,baseline,102
0.0,0.0,0.0,100.01666666666667,94.0,0.075,1.0,821,0.0,11,0.0,,,ARC,baseline,103
10.0,0.10345672878937506,0.0,106.48333333333333,103.0,0.07500000000000004,0.46734910420996806,876,0.0,11,0.0,,,ARC,baseline,104
0.0,0.0,0.0,95.98472222222222,78.0,0.075,1.0,749,0.0,11,0.0,,,ARC,baseline,105
10.0,0.07414687285589583,0.0,97.52777777777777,89.0,0.075,0.6439398708692008,779,0.0,11,0.0,,,ARC,baseline,106
15.0,0.16384940471014797,0.0,104.56666666666666,103.0,0.075,0.5103999410543395,986,0.0,11,0.0,,,ARC,baseline,107
0.0,0.0,0.0,99.69583333333334,82.0,0.075,1.0,825,0.0,11,0.0,,,ARC,baseline,108
0.0,0.0,0.0,98.82916666666667,88.0,0.075,1.0,819,0.0,11,0.0,,,ARC,baseline,109
20.0,0.1115637802472702,0.0,107.775,103.0,0.075,0.6020479723940112,876,0.0,11,0.0,,,ARC,baseline,110
0.0,0.0,0.0,95.17361111111111,77.0,0.075,1.0,745,0.0,11,0.0,,,ARC,baseline,111
15.0,0.03789411485394245,0.0,96.18333333333334,86.0,0.075,0.9140019645574704,761,0.0,11,0.0,,,ARC,baseline,112
5.0,0.013782004155094008,0.0,108.45138888888889,111.0,0.075,0.9378926969691385,921,0.0,10,0.0,,,ARC,baseline,113
0.0,0.0,0.0,110.24861111111112,92.0,0.075,1.0,923,0.0,11,0.0,,,ARC,baseline,114
0.0,0.0,0.0,98.21666666666667,89.0,0.075,1.0,781,0.0,11,0.0,,,ARC,baseline,115
0.0,0.01464227319688538,0.0,108.15694444444445,101.0,0.075,0.9545201259656073,882,0.0,11,0.0,,,ARC,baseline,116
0.0,0.0,0.0,97.72638888888889,80.0,0.075,1.0,727,0.0,11,0.0,,,ARC,baseline,117
0.0,0.0,0.0,107.19583333333334,101.0,0.075,1.0,811,0.0,11,0.0,,,ARC,baseline,118
5.0,0.025099804805372994,0.0,101.26666666666667,99.0,0.075,0.8930230132631879,885,0.0,11,0.0,,,ARC,baseline,119
0.0,0.0,0.0,101.24861111111112,80.0,0.075,1.0,853,0.0,11,0.0,,,ARC,baseline,120
0.0,0.0,0.0,99.84027777777777,92.0,0.075,1.0,808,0.0,11,0.0,,,ARC,baseline,121
35.0,0.4677622469163367,0.0,108.10972222222222,101.0,0.075,0.05257602483817188,862,0.0,11,15.0,,,ARC,baseline,122
0.0,0.0,0.0,90.53333333333333,70.0,0.075,1.0,698,0.0,11,0.0,,,ARC,baseline,123
20.0,0.21287249503088024,0.0,109.85138888888889,100.0,0.075,0.06626818412159734,797,0.0,11,0.0,,,ARC,baseline,124
25.0,0.1482646577655622,0.0,106.53472222222223,107.0,0.075,0.31249554819655245,1003,0.0,11,0.0,,,ARC,baseline,125
0.0,0.0,0.0,97.29166666666667,77.0,0.075,1.0,775,0.0,11,0.0,,,ARC,baseline,126
0.0,0.0,0.0,110.24861111111112,99.0,0.075,1.0,888,0.0,11,0.0,,,ARC,baseline,127
0.0,0.001999988110068518,0.0,109.27222222222223,106.0,0.075,0.9861071383673587,900,0.0,11,0.0,,,ARC,baseline,128
0.0,0.0,0.0,104.59583333333333,86.0,0.075,1.0,793,0.0,11,0.0,,,ARC,baseline,129
0.0,0.0,0.0,105.48611111111111,94.0,0.075,1.0,756,0.0,11,0.0,,,ARC,baseline,130
0.0,0.00850649663376446,0.0,105.19444444444444,115.0,0.075,0.9720988654651231,897,0.0,10,0.0,,,ARC,baseline,131
0.0,0.0,0.0,100.875,85.0,0.075,1.0,865,0.0,11,0.0,,,ARC,baseline,132
0.0,0.0,0.0,99.18333333333334,91.0,0.075,1.0,853,0.0,11,0.0,,,ARC,baseline,133
20.0,0.3551438733424117,0.0,105.325,100.0,0.07500000000000005,0.014343727635655494,870,0.0,11,0.0,,,ARC,baseline,134
0.0,0.0,0.0,92.72777777777777,73.0,0.075,1.0,731,0.0,11,0.0,,,ARC,baseline,135
10.0,0.031909874278113204,0.0,108.23194444444445,99.0,0.075,0.8181008321900417,803,0.0,11,0.0,,,ARC,baseline,136
25.0,0.1248945719435346,0.0,102.40416666666667,105.0,0.075,0.5362995510239019,924,0.0,11,0.0,,,ARC,baseline,137
0.0,0.0,0.0,101.15138888888889,81.0,0.075,1.0,833,0.0,11,0.0,,,ARC,baseline,138
0.0,0.0,0.0,99.69027777777778,91.0,0.075,1.0,836,0.0,11,0.0,,,ARC,baseline,139
2315.0,46.048511454960675,0.0,45.833333333333336,25.0,3.075,0.014101320556871329,0,890.0,0,0.0,,,Static,flash,100
1880.0,45.891307278145334,0.0,56.833333333333336,31.0,9.055,2.1793638961925536e-06,0,920.0,0,0.0,,,Static,flash,101
2815.0,56.89049844182814,0.0,56.833333333333336,31.0,9.055,1.9666517485040804e-06,0,1185.0,0,0.0,,,Static,flash,102
5640.0,88.22957303612316,0.0,49.5,27.0,6.055,0.00010276001982522082,0,1200.0,0,0.0,,,Static,flash,103
2075.0,44.75975658759028,0.0,45.833333333333336,25.0,3.075,0.00894516696087421,0,860.0,0,0.0,,,Static,flash,104
805.0,25.263074776909733,0.0,66.0,36.0,9.055,2.0857552626598947e-06,0,10.0,0,0.0,,,Static,flash,105
2250.0,46.10022151901014,0.0,45.833333333333336,25.0,3.075,0.01380185568016532,0,870.0,0,0.0,,,Static,flash,106
2015.0,47.918712478018044,0.0,56.833333333333336,31.0,9.055,2.1056302388334576e-06,0,1055.0,0,0.0,,,Static,flash,107
1140.0,37.15159192530204,0.0,55.0,30.0,3.075,0.01318908066920675,0,900.0,0,0.0,,,Static,flash,108
5805.0,90.56566826371542,0.0,49.5,27.0,6.055,8.809419926164104e-05,0,1200.0,0,0.0,,,Static,flash,109
2090.0,43.91110898338829,0.0,45.833333333333336,25.0,3.075,0.008979669305527238,0,870.0,0,0.0,,,Static,flash,110
1010.0,29.060616508322457,0.0,66.0,36.0,9.055,2.0791309862106445e-06,0,790.0,0,0.0,,,Static,flash,111
2300.0,46.18353793242367,0.0,45.833333333333336,25.0,3.075,0.013710255319872206,0,940.0,0,0.0,,,Static,flash,112
1855.0,41.36788895997204,0.0,56.833333333333336,31.0,9.055,2.3723969793144827e-06,0,890.0,0,0.0,,,Static,flash,113
1095.0,37.299931561492286,0.0,55.0,30.0,3.075,0.013385295276799372,0,860.0,0,0.0,,,Static,flash,114
5635.0,88.44570261069514,0.0,49.5,27.0,6.055,8.618699483185713e-05,0,1200.0,0,0.0,,,Static,flash,115
2120.0,44.367353668684814,0.0,45.833333333333336,25.0,3.075,0.00905794449132763,0,890.0,0,0.0,,,Static,flash,116
1085.0,29.350947207325497,0.0,66.0,36.0,9.055,2.1023261780636046e-06,0,15.0,0,0.0,,,Static,flash,117
2260.0,45.80532878308126,0.0,45.833333333333336,25.0,3.075,0.013695589148452038,0,885.0,0,0.0,,,Static,flash,118
2160.0,46.97983273132553,0.0,56.833333333333336,31.0,9.055,2.320454240628695e-06,0,1065.0,0,0.0,,,Static,flash,119
2485.0,53.2767193821994,0.0,56.833333333333336,31.0,9.055,1.919469675526541e-06,0,1170.0,0,0.0,,,Static,flash,120
5565.0,87.37875487959606,0.0,51.333333333333336,28.0,6.055,0.00010272612385651687,0,1200.0,0,0.0,,,Static,flash,121
2130.0,44.358434342241104,0.0,45.833333333333336,25.0,3.075,0.008623441297219038,0,870.0,0,0.0,,,Static,flash,122
960.0,29.682165410591622,0.0,66.0,36.0,9.055,2.112909599696159e-06,0,955.0,0,0.0,,,Static,flash,123
2205.0,46.92185951407741,0.0,45.833333333333336,25.0,3.075,0.01012666388060654,0,920.0,0,0.0,,,Static,flash,124
1995.0,43.24282806540221,0.0,56.833333333333336,31.0,9.055,2.416635164857435e-06,0,895.0,0,0.0,,,Static,flash,125
1125.0,35.8205427220492,0.0,55.0,30.0,3.075,0.013852138493845404,0,880.0,0,0.0,,,Static,flash,126
5640.0,88.2149211952719,0.0,49.5,27.0,6.055,8.710616984123236e-05,0,1200.0,0,0.0,,,Static,flash,127
2075.0,44.743543444820396,0.0,45.833333333333336,25.0,3.075,0.010199999696217071,0,860.0,0,0.0,,,Static,flash,128
960.0,27.889799293426897,0.0,66.0,36.0,9.055,2.233481710491522e-06,0,930.0,0,0.0,,,Static,flash,129
2315.0,46.27897963017317,0.0,45.833333333333336,25.0,3.075,0.012883874110801424,0,875.0,0,0.0,,,Static,flash,130
2155.0,49.479688424215816,0.0,56.833333333333336,31.0,9.055,2.1582455088067225e-06,0,1070.0,0,0.0,,,Static,flash,131
1150.0,37.61348031317446,0.0,55.0,30.0,3.075,0.013310070320375384,0,890.0,0,0.0,,,Static,flash,132
5580.0,87.25953178440051,0.0,49.5,27.0,6.055,0.00012049260500140684,0,1200.0,0,0.0,,,Static,flash,133
2095.0,44.8620422719326,0.0,45.833333333333336,25.0,3.075,0.010533914128719284,0,855.0,0,0.0,,,Static,flash,134
950.0,27.4880361676168,0.0,66.0,36.0,9.055,2.148930237758467e-06,0,940.0,0,0.0,,,Static,flash,135
5580.0,89.56656515669033,0.0,47.666666666666664,26.0,6.055,3.844432293883183e-05,0,1200.0,0,0.0,,,Static,flash,136
1960.0,43.81031331888971,0.0,56.833333333333336,31.0,9.055,2.3746935807878447e-06,0,975.0,0,0.0,,,Static,flash,137
1115.0,37.72771798366891,0.0,55.0,30.0,3.075,0.013246896065544822,0,890.0,0,0.0,,,Static,flash,138
5635.0,88.25588233458627,0.0,49.5,27.0,6.055,8.71797863594355e-05,0,1200.0,0,0.0,,,Static,flash,139
130.0,4.876277300390819,0.0,108.6361111111111,120.0,0.075,2.851028948502833e-05,144,130.0,0,0.0,,,HPA,flash,100
395.0,14.94184544049949,0.0,112.9263888888889,120.0,3.0749999999999997,1.7221520111972232e-06,193,385.0,0,0.0,,,HPA,flash,101
360.0,11.038918230874572,0.0,114.29583333333333,120.0,0.6259193438978977,0.00013673060828440237,167,225.0,0,0.0,,,HPA,flash,102
90.0,2.5926875406698358,0.0,110.77083333333333,120.0,0.075,0.0021254271107283046,128,90.0,0,0.0,,,HPA,flash,103
185.0,6.348498818553172,0.0,113.1125,120.0,0.075,0.00016655217954806748,140,105.0,0,0.0,,,HPA,flash,104
10.0,0.1313689054856293,0.0,105.38194444444444,120.0,0.075,0.7946612548083583,130,5.0,0,0.0,,,HPA,flash,105
265.0,8.480100388586854,0.0,110.07638888888889,120.0,0.075,8.27791934750456e-06,147,265.0,0,0.0,,,HPA,flash,106
820.0,29.556770423381163,0.0,112.24027777777778,120.0,3.0749999999999997,2.903239125401989e-05,181,815.0,0,0.0,,,HPA,flash,107
305.0,9.204280630023277,0.0,113.40416666666667,120.0,0.075,0.00018648212774609722,171,225.0,0,0.0,,,HPA,flash,108
295.0,9.244549993916639,0.0,109.70972222222223,120.0,0.075,6.53181932625494e-06,161,295.0,0,0.0,,,HPA,flash,109
175.0,5.486679974456354,0.0,106.32083333333334,120.0,0.075,0.0008665587613168985,156,135.0,0,0.0,,,HPA,flash,110
45.0,1.144703176813855,0.0,105.92083333333333,120.0,0.075,0.03433433185505481,128,30.0,0,0.0,,,HPA,flash,111
145.0,3.9694147286748804,0.0,107.4263888888889,120.0,0.075,0.0011666843174471192,128,135.0,0,0.0,,,HPA,flash,112
125.0,4.458664166470183,0.0,108.93055555555556,120.0,0.075,0.00040183242409544504,150,120.0,0,0.0,,,HPA,flash,113
815.0,33.16076699995204,0.0,114.39166666666667,120.0,3.0749999999999997,3.5109869957148093e-06,159,815.0,0,0.0,,,HPA,flash,114
125.0,4.57177125537137,0.0,109.8125,120.0,0.07500000000000008,9.472853907985774e-06,139,125.0,0,0.0,,,HPA,flash,115
80.0,1.0603699107910258,0.0,111.13472222222222,120.0,0.075,0.024305630599776612,146,20.0,0,0.0,,,HPA,flash,116
30.0,0.36205861177284193,0.0,111.81388888888888,120.0,0.075,0.32880234963005944,116,15.0,0,0.0,,,HPA,flash,117
55.0,1.2597241646572166,0.0,102.53472222222223,108.0,0.075,0.01726144099735816,106,55.0,0,0.0,,,HPA,flash,118
35.0,0.5699214339703551,0.0,106.6361111111111,112.0,0.075,0.03871132715924441,136,35.0,0,0.0,,,HPA,flash,119
240.0,8.578966358176654,0.0,113.2,120.0,0.075,7.790423449476977e-05,159,240.0,0,0.0,,,HPA,flash,120
165.0,5.0820005975905636,0.0,110.60416666666667,120.0,0.075,1.3480219085841724e-05,142,165.0,0,0.0,,,HPA,flash,121
225.0,7.335883055059956,0.0,110.20555555555555,120.0,0.075,0.00029839336615564664,142,170.0,0,0.0,,,HPA,flash,122
85.0,2.4972597320443435,0.0,111.79444444444445,120.0,0.075,0.00020918705972187447,141,85.0,0,0.0,,,HPA,flash,123
140.0,3.7194874816231294,0.0,112.17777777777778,120.0,0.075,0.0009704136439063081,125,15.0,0,0.0,,,HPA,flash,124
230.0,8.023724894328021,0.0,108.94305555555556,120.0,0.075,0.00044062436882373786,166,225.0,0,0.0,,,HPA,flash,125
35.0,1.1772236718077145,0.0,109.03611111111111,118.0,0.075,0.021828860272623235,108,35.0,0,0.0,,,HPA,flash,126
95.0,2.8103635058334797,0.0,109.93611111111112,120.0,0.075,0.0007918980696294979,131,95.0,0,0.0,,,HPA,flash,127
110.0,4.7171368958837885,0.0,111.27638888888889,120.0,0.075,0.0008546225975445724,103,30.0,0,0.0,,,HPA,flash,128
35.0,1.0686809496159744,0.0,106.75138888888888,111.0,0.075,0.03560110871455945,92,35.0,0,0.0,,,HPA,flash,129
20.0,0.1550688695185376,0.0,100.41527777777777,87.0,0.075,0.6557033557405489,108,5.0,0,0.0,,,HPA,flash,130
130.0,4.454670979397079,0.0,110.81388888888888,120.0,0.075,4.602840343189393e-05,175,125.0,0,0.0,,,HPA,flash,131
110.0,4.033181104974415,0.0,115.63194444444444,120.0,0.075,2.035611646208736e-06,160,110.0,0,0.0,,,HPA,flash,132
80.0,1.6526254793723827,0.0,105.61527777777778,120.0,0.07500000000000007,0.002357484124762661,131,80.0,0,0.0,,,HPA,flash,133
115.0,4.0813663654543975,0.0,111.64305555555555,120.0,0.075,3.256792837093945e-05,121,65.0,0,0.0,,,HPA,flash,134
25.0,0.09885229195899514,0.0,103.82222222222222,120.0,0.075,0.7929692948095202,112,20.0,0,0.0,,,HPA,flash,135
110.0,4.7551698541972165,0.0,107.83472222222223,120.0,0.075,8.553672249433822e-05,141,110.0,0,0.0,,,HPA,flash,136
105.0,3.4149616684393758,0.0,110.63194444444444,120.0,0.075,0.0002036680155372954,168,100.0,0,0.0,,,HPA,flash,137
150.0,5.036475975505916,0.0,113.64305555555555,120.0,0.075,5.092965964716553e-06,160,150.0,0,0.0,,,HPA,flash,138
90.0,2.700887632281712,0.0,109.74027777777778,120.0,0.075,3.197656391434085e-05,138,90.0,0,0.0,,,HPA,flash,139
0.0,0.0,0.0,98.37361111111112,120.0,0.075,1.0,209,0.0,0,0.0,,,HPA-fast,flash,100
75.0,2.952150930919284,0.0,101.0,120.0,0.075,5.1027545738763856e-05,325,75.0,0,0.0,,,HPA-fast,flash,101
110.0,2.796954527970963,0.0,100.89583333333333,120.0,0.075,0.0005119932681302372,289,90.0,0,0.0,,,HPA-fast,flash,102
15.0,0.050594534639225586,0.0,97.39722222222223,119.0,0.075,0.9189822692457054,220,5.0,0,0.0,,,HPA-fast,flash,103
25.0,0.8951662870315569,0.0,101.07083333333334,120.0,0.075,0.027841083365305924,316,25.0,0,0.0,,,HPA-fast,flash,104
0.0,0.0,0.0,93.02777777777777,120.0,0.075,1.0,221,0.0,0,0.0,,,HPA-fast,flash,105
75.0,2.368714220288759,0.0,99.62361111111112,120.0,0.075,0.00043263569510586643,261,75.0,0,0.0,,,HPA-fast,flash,106
115.0,4.0732762664649975,0.0,100.14583333333333,120.0,0.075,0.0004741230098104036,329,115.0,0,0.0,,,HPA-fast,flash,107
135.0,3.926486667375173,0.0,100.72638888888889,120.0,0.075,0.0027307457830998243,304,100.0,0,0.0,,,HPA-fast,flash,108
195.0,6.190335431557326,0.0,100.04305555555555,120.0,0.075,0.00043108345661369707,270,195.0,0,0.0,,,HPA-fast,flash,109
15.0,0.06074615329852984,0.0,100.63333333333334,120.0,0.075,0.8643086709953591,326,15.0,0,0.0,,,HPA-fast,flash,110
0.0,0.0,0.0,94.40138888888889,120.0,0.075,1.0,241,0.0,0,0.0,,,HPA-fast,flash,111
40.0,1.107234959661052,0.0,99.03055555555555,118.0,0.075,0.000410616004584267,225,40.0,0,0.0,,,HPA-fast,flash,112
15.0,0.1161500402112714,0.0,97.6763888888889,119.0,0.075,0.783213430027049,249,15.0,0,0.0,,,HPA-fast,flash,113
115.0,4.50711401135917,0.0,100.0736111111111,120.0,0.075,0.002044634894713323,294,115.0,0,0.0,,,HPA-fast,flash,114
295.0,9.1861207374045,0.0,101.02638888888889,120.0,0.075,2.3086118338844165e-05,258,295.0,0,0.0,,,HPA-fast,flash,115
15.0,0.21883980676600245,0.0,99.45694444444445,120.0,0.075,0.5733524264718703,298,10.0,0,0.0,,,HPA-fast,flash,116
0.0,0.01054089295332572,0.0,96.48055555555555,120.0,0.075,0.9546553061467336,226,0.0,0,0.0,,,HPA-fast,flash,117
10.0,0.10819181860268756,0.0,96.50416666666666,104.0,0.075,0.6153006132067257,184,10.0,0,0.0,,,HPA-fast,flash,118
60.0,1.769383659379098,0.0,99.15277777777777,120.0,0.075,0.002570826681942145,315,60.0,0,0.0,,,HPA-fast,flash,119
70.0,2.060533261151609,0.0,100.09583333333333,120.0,0.075,0.0004940796772373442,282,70.0,0,0.0,,,HPA-fast,flash,120
35.0,0.7664371977105899,0.0,98.11111111111111,119.0,0.07500000000000007,0.029587446502072394,228,35.0,0,0.0,,,HPA-fast,flash,121
0.0,0.01203191224422584,0.0,97.55694444444444,120.0,0.075,0.9654163253873841,286,0.0,0,0.0,,,HPA-fast,flash,122
55.0,1.0054410465223373,0.0,97.63333333333334,120.0,0.075,0.01174375952529518,248,15.0,0,0.0,,,HPA-fast,flash,123
10.0,0.02992274947178908,0.0,99.76527777777778,120.0,0.075,0.9266884672015859,220,10.0,0,0.0,,,HPA-fast,flash,124
0.0,0.02377720308426312,0.0,96.18611111111112,104.0,0.075,0.9544256254059115,252,0.0,0,0.0,,,HPA-fast,flash,125
30.0,0.5156771745572608,0.0,100.00555555555556,120.0,0.075,0.17213277491013462,236,30.0,0,0.0,,,HPA-fast,flash,126
60.0,1.9510665818284756,0.0,99.03611111111111,120.0,0.0750000000000001,0.0009506513032311129,237,60.0,0,0.0,,,HPA-fast,flash,127
20.0,0.873065052129085,0.0,99.5625,120.0,0.075,0.030025027442813174,268,20.0,0,0.0,,,HPA-fast,flash,128
65.0,1.9512221624010673,0.0,97.14861111111111,120.0,0.075,4.907989314606448e-05,229,65.0,0,0.0,,,HPA-fast,flash,129
0.0,0.00775789399430904,0.0,96.89861111111111,109.0,0.075,0.9668440819249832,181,0.0,0,0.0,,,HPA-fast,flash,130
120.0,4.3815834020999755,0.0,99.97361111111111,120.0,0.075,8.479056213303948e-06,310,120.0,0,0.0,,,HPA-fast,flash,131
125.0,4.332393803101919,0.0,101.66388888888889,120.0,0.075,1.800311742991141e-05,283,125.0,0,0.0,,,HPA-fast,flash,132
5.0,0.02100919494956166,0.0,94.32916666666667,97.0,0.075,0.9114288761576966,172,5.0,0,0.0,,,HPA-fast,flash,133
65.0,2.3000452171552666,0.0,101.875,120.0,0.075,8.158505469394723e-05,337,65.0,0,0.0,,,HPA-fast,flash,134
60.0,1.1506891790636575,0.0,93.87638888888888,120.0,0.075,0.0031251691331752453,207,60.0,0,0.0,,,HPA-fast,flash,135
400.0,13.748874045174542,0.0,101.76805555555555,120.0,3.0749999999999997,4.804057651265732e-06,280,400.0,0,0.0,,,HPA-fast,flash,136
65.0,2.2987899477088902,0.0,99.58194444444445,120.0,0.075,0.003101533330402349,343,65.0,0,0.0,,,HPA-fast,flash,137
120.0,4.606408018609953,0.0,101.83611111111111,120.0,0.075,0.00012249382625091935,316,120.0,0,0.0,,,HPA-fast,flash,138
65.0,2.0082825480366884,0.0,99.41805555555555,120.0,0.0750000000000001,0.0008312639931550452,230,65.0,0,0.0,,,HPA-fast,flash,139
5.0,0.03715246367702596,0.0,126.85972222222222,120.0,0.075,0.9287830874099023,131,5.0,0,0.0,,,HPA-45,flash,100
45.0,1.8329461977630301,0.0,129.21527777777777,120.0,0.075,0.0002453956692635503,165,45.0,0,0.0,,,HPA-45,flash,101
0.0,0.0,0.0,129.0861111111111,120.0,0.075,1.0,155,0.0,0,0.0,,,HPA-45,flash,102
25.0,0.5637332784422466,0.0,128.31527777777777,120.0,0.075,0.09206496857307785,138,25.0,0,0.0,,,HPA-45,flash,103
60.0,2.0898526377234217,0.0,127.5736111111111,120.0,0.075,5.114593581462528e-05,144,60.0,0,0.0,,,HPA-45,flash,104
0.0,0.0,0.0,123.60694444444445,120.0,0.075,1.0,156,0.0,0,0.0,,,HPA-45,flash,105
10.0,0.05175557063878955,0.0,128.65,120.0,0.075,0.864632022561361,112,10.0,0,0.0,,,HPA-45,flash,106
15.0,0.15954453571639382,0.0,130.35972222222222,120.0,0.075,0.5512354071796933,167,15.0,0,0.0,,,HPA-45,flash,107
0.0,0.0,0.0,127.93055555555556,120.0,0.075,1.0,151,0.0,0,0.0,,,HPA-45,flash,108
150.0,5.100716127408067,0.0,125.70277777777778,120.0,0.075,0.0025799848089447888,143,150.0,0,0.0,,,HPA-45,flash,109
10.0,0.26759969212617474,0.0,125.01388888888889,120.0,0.075,0.4737960456050495,164,10.0,0,0.0,,,HPA-45,flash,110
0.0,0.0,0.0,124.86944444444444,120.0,0.075,1.0,133,0.0,0,0.0,,,HPA-45,flash,111
5.0,0.04329300713402651,0.0,124.67083333333333,117.0,0.075,0.8680125553798145,108,5.0,0,0.0,,,HPA-45,flash,112
65.0,2.2756164468722417,0.0,128.48472222222222,120.0,0.075,0.002513064852167318,147,65.0,0,0.0,,,HPA-45,flash,113
35.0,1.2822559206520978,0.0,126.29861111111111,120.0,0.075,0.0298161276758908,129,35.0,0,0.0,,,HPA-45,flash,114
95.0,3.5016644093963545,0.0,126.64444444444445,120.0,0.075,0.0005486343609786364,139,95.0,0,0.0,,,HPA-45,flash,115
0.0,0.0,0.0,124.37916666666666,120.0,0.075,1.0,159,0.0,0,0.0,,,HPA-45,flash,116
0.0,0.0,0.0,130.2277777777778,120.0,0.075,1.0,108,0.0,0,0.0,,,HPA-45,flash,117
0.0,0.0,0.0,124.35694444444445,120.0,0.075,1.0,115,0.0,0,0.0,,,HPA-45,flash,118
5.0,0.01934037828359436,0.0,127.575,114.0,0.075,0.91595992172393,149,5.0,0,0.0,,,HPA-45,flash,119
15.0,0.0960194315008489,0.0,127.525,120.0,0.075,0.8536794848261648,137,15.0,0,0.0,,,HPA-45,flash,120
145.0,4.134979780506464,0.0,127.23333333333333,120.0,0.075,0.0005916371594437544,139,155.0,0,0.0,,,HPA-45,flash,121
0.0,0.0,0.0,122.60555555555555,120.0,0.075,1.0,155,0.0,0,0.0,,,HPA-45,flash,122
0.0,0.0,0.0,127.53333333333333,120.0,0.075,1.0,151,0.0,0,0.0,,,HPA-45,flash,123
0.0,0.0,0.0,126.79861111111111,120.0,0.075,1.0,127,0.0,0,0.0,,,HPA-45,flash,124
15.0,0.23832039670853566,0.0,123.71666666666667,120.0,0.075,0.5699200888101902,113,15.0,0,0.0,,,HPA-45,flash,125
30.0,0.6432620211622275,0.0,126.0375,120.0,0.075,0.04440004501710363,107,30.0,0,0.0,,,HPA-45,flash,126
60.0,1.7973068091585498,0.0,126.52777777777777,120.0,0.075,0.0008882040171679941,139,60.0,0,0.0,,,HPA-45,flash,127
20.0,0.8206681825251416,0.0,126.44166666666666,120.0,0.075,0.03319735061894909,126,20.0,0,0.0,,,HPA-45,flash,128
0.0,0.001392971481362082,0.0,129.71944444444443,120.0,0.075,0.994321401520105,96,0.0,0,0.0,,,HPA-45,flash,129
0.0,0.0,0.0,123.625,120.0,0.075,1.0,112,0.0,0,0.0,,,HPA-45,flash,130
20.0,0.09607228313358585,0.0,128.11527777777778,120.0,0.075,0.8809285706737269,153,20.0,0,0.0,,,HPA-45,flash,131
115.0,3.995216300926707,0.0,127.76527777777778,120.0,0.075,1.5636062355521453e-05,156,115.0,0,0.0,,,HPA-45,flash,132
0.0,0.0,0.0,122.325,114.0,0.075,1.0,126,0.0,0,0.0,,,HPA-45,flash,133
80.0,2.6875521553008874,0.0,125.57638888888889,120.0,0.075,0.0004739253779538666,139,80.0,0,0.0,,,HPA-45,flash,134
0.0,0.0,0.0,123.85138888888889,120.0,0.075,1.0,143,0.0,0,0.0,,,HPA-45,flash,135
400.0,13.476658294589495,0.0,128.12222222222223,120.0,3.0749999999999997,0.0005224438185588908,163,400.0,0,0.0,,,HPA-45,flash,136
0.0,0.012055626131846076,0.0,126.93611111111112,118.0,0.075,0.9508218518901026,139,0.0,0,0.0,,,HPA-45,flash,137
110.0,4.366539831755012,0.0,128.6375,120.0,0.075,7.32743915520401e-05,156,110.0,0,0.0,,,HPA-45,flash,138
65.0,1.8751887276326928,0.0,126.92361111111111,120.0,0.075,0.0007604351922937491,149,65.0,0,0.0,,,HPA-45,flash,139
0.0,0.0,0.0,151.27916666666667,120.0,0.075,1.0,145,0.0,0,0.0,,,PredHPA,flash,100
0.0,0.0,0.0,156.90277777777777,120.0,0.075,1.0,143,0.0,0,0.0,,,PredHPA,flash,101
0.0,0.0,0.0,147.61944444444444,120.0,0.075,1.0,152,0.0,0,0.0,,,PredHPA,flash,102
0.0,0.0,0.0,143.06805555555556,120.0,0.075,1.0,148,0.0,0,0.0,,,PredHPA,flash,103
50.0,1.7244813360002609,0.0,146.95277777777778,120.0,0.075,0.0014052099603348424,132,50.0,0,0.0,,,PredHPA,flash,104
0.0,0.0,0.0,140.01111111111112,120.0,0.075,1.0,121,0.0,0,0.0,,,PredHPA,flash,105
0.0,0.010020990036063715,0.0,152.79166666666666,120.0,0.075,0.9568652881944727,134,0.0,0,0.0,,,PredHPA,flash,106
0.0,0.0,0.0,153.84027777777777,120.0,0.075,1.0,174,0.0,0,0.0,,,PredHPA,flash,107
0.0,0.0,0.0,149.70138888888889,120.0,0.075,1.0,176,0.0,0,0.0,,,PredHPA,flash,108
0.0,0.0,0.0,141.19444444444446,120.0,0.075,1.0,131,0.0,0,0.0,,,PredHPA,flash,109
0.0,0.0,0.0,146.65,120.0,0.075,1.0,162,0.0,0,0.0,,,PredHPA,flash,110
0.0,0.0,0.0,143.04861111111111,120.0,0.075,1.0,128,0.0,0,0.0,,,PredHPA,flash,111
0.0,0.0,0.0,149.57361111111112,120.0,0.075,1.0,139,0.0,0,0.0,,,PredHPA,flash,112
0.0,0.0,0.0,153.9111111111111,120.0,0.075,1.0,132,0.0,0,0.0,,,PredHPA,flash,113
30.0,0.9457530931863967,0.0,148.53194444444443,120.0,0.075,0.03580838324890328,147,30.0,0,0.0,,,PredHPA,flash,114
0.0,0.0,0.0,142.05416666666667,120.0,0.075,1.0,123,0.0,0,0.0,,,PredHPA,flash,115
0.0,0.0,0.0,149.06527777777777,120.0,0.075,1.0,156,0.0,0,0.0,,,PredHPA,flash,116
0.0,0.0,0.0,144.525,120.0,0.075,1.0,128,0.0,0,0.0,,,PredHPA,flash,117
0.0,0.0,0.0,151.07222222222222,120.0,0.075,1.0,131,0.0,0,0.0,,,PredHPA,flash,118
0.0,0.0,0.0,152.725,120.0,0.075,1.0,130,0.0,0,0.0,,,PredHPA,flash,119
0.0,0.0,0.0,151.5888888888889,120.0,0.075,1.0,183,0.0,0,0.0,,,PredHPA,flash,120
0.0,0.0,0.0,142.51111111111112,120.0,0.075,1.0,124,0.0,0,0.0,,,PredHPA,flash,121
0.0,0.0,0.0,146.2111111111111,120.0,0.075,1.0,145,0.0,0,0.0,,,PredHPA,flash,122
0.0,0.0,0.0,141.48611111111111,120.0,0.075,1.0,135,0.0,0,0.0,,,PredHPA,flash,123
0.0,0.0,0.0,150.49444444444444,120.0,0.075,1.0,152,0.0,0,0.0,,,PredHPA,flash,124
0.0,0.0,0.0,154.35694444444445,120.0,0.075,1.0,131,0.0,0,0.0,,,PredHPA,flash,125
0.0,0.0,0.0,146.99583333333334,120.0,0.075,1.0,176,0.0,0,0.0,,,PredHPA,flash,126
0.0,0.0,0.0,141.5,120.0,0.075,1.0,135,0.0,0,0.0,,,PredHPA,flash,127
10.0,0.060803643637385996,0.0,148.51111111111112,120.0,0.075,0.8985180060261042,133,10.0,0,0.0,,,PredHPA,flash,128
0.0,0.0,0.0,143.9111111111111,120.0,0.075,1.0,114,0.0,0,0.0,,,PredHPA,flash,129
0.0,0.0,0.0,151.26388888888889,120.0,0.075,1.0,126,0.0,0,0.0,,,PredHPA,flash,130
0.0,0.0,0.0,153.07222222222222,120.0,0.075,1.0,160,0.0,0,0.0,,,PredHPA,flash,131
15.0,0.18524763671209366,0.0,149.08333333333334,120.0,0.075,0.6412209579976633,172,15.0,0,0.0,,,PredHPA,flash,132
0.0,0.0,0.0,141.31944444444446,120.0,0.075,1.0,132,0.0,0,0.0,,,PredHPA,flash,133
10.0,0.06275642059256903,0.0,147.89305555555555,120.0,0.075,0.9015988689932726,135,10.0,0,0.0,,,PredHPA,flash,134
0.0,0.0,0.0,141.375,120.0,0.075,1.0,133,0.0,0,0.0,,,PredHPA,flash,135
5.0,0.01772803252292343,0.0,154.3736111111111,120.0,0.075,0.9434337589311129,126,5.0,0,0.0,,,PredHPA,flash,136
0.0,0.0,0.0,156.69305555555556,120.0,0.075,1.0,153,0.0,0,0.0,,,PredHPA,flash,137
10.0,0.028405743020232244,0.0,148.94583333333333,120.0,0.075,0.9322579049839823,158,10.0,0,0.0,,,PredHPA,flash,138
0.0,0.0,0.0,141.61666666666667,120.0,0.075,1.0,131,0.0,0,0.0,,,PredHPA,flash,139
445.0,5.715563721255313,5.529062148282794,92.06111111111112,80.0,0.075,0.47685360934190957,90,70.0,0,0.0,,,HPA+RL,flash,100
570.0,10.370434502744242,7.428548596678519,106.71666666666667,120.0,0.075,0.00010716029720906,151,285.0,0,0.0,,,HPA+RL,flash,101
750.0,13.066779504897319,12.11443456922218,93.87916666666666,81.0,0.075,0.026466566416034745,94,215.0,0,0.0,,,HPA+RL,flash,102
625.0,7.227874936609324,6.576663129077665,92.1375,85.0,0.075,0.028381930890576605,89,95.0,0,0.0,,,HPA+RL,flash,103
520.0,7.884134791063091,7.022912890273958,88.98611111111111,69.0,0.07500000000000005,0.023010330774888416,88,55.0,0,0.0,,,HPA+RL,flash,104
395.0,4.79886792362092,4.794669987832921,87.06111111111112,62.0,0.075,0.4268620345177523,64,20.0,0,0.0,,,HPA+RL,flash,105
530.0,8.680011515631714,5.807224235569239,103.62222222222222,120.0,0.075,0.00016773270660356762,121,195.0,0,0.0,,,HPA+RL,flash,106
610.0,11.378825642729385,8.377394691331423,101.66111111111111,120.0,0.075,0.0013157754788182387,136,110.0,0,0.0,,,HPA+RL,flash,107
765.0,13.148811998744335,12.189577884232126,97.3375,97.0,0.075,0.016234328718481832,104,215.0,0,0.0,,,HPA+RL,flash,108
750.0,11.624049405660807,9.1133726861763,100.7125,120.0,0.075,8.9321907724229e-05,120,190.0,0,0.0,,,HPA+RL,flash,109
415.0,6.343758872008709,6.293298316777845,85.73472222222222,67.0,0.075,0.28962825383501434,78,90.0,0,0.0,,,HPA+RL,flash,110
435.0,5.262728418611862,5.201329088832272,87.02083333333333,59.0,0.075,0.43444876810118027,67,25.0,0,0.0,,,HPA+RL,flash,111
510.0,5.93393110909245,5.779518817679161,88.08194444444445,68.0,0.075,0.392527047616806,77,30.0,0,0.0,,,HPA+RL,flash,112
395.0,3.9859486969151536,3.695149211607734,90.89861111111111,80.0,0.07500000000000007,0.18828529847618386,100,5.0,0,0.0,,,HPA+RL,flash,113
745.0,16.2955717200992,13.301394002633094,103.6375,120.0,0.075,0.00023273218417118019,128,415.0,0,0.0,,,HPA+RL,flash,114
720.0,10.106899203409746,9.533414051507462,93.44583333333334,92.0,0.07500000000000011,0.018628156021039798,93,150.0,0,0.0,,,HPA+RL,flash,115
455.0,6.852444711343231,6.130624972064446,94.86805555555556,75.0,0.075,0.024305630599776612,98,15.0,0,0.0,,,HPA+RL,flash,116
380.0,5.039364182390871,5.027806732057469,89.2375,61.0,0.075,0.4455692221859149,74,5.0,0,0.0,,,HPA+RL,flash,117
525.0,6.5481773526541165,5.381561837288287,92.26944444444445,82.0,0.075,0.03988539882228397,95,55.0,0,0.0,,,HPA+RL,flash,118
470.0,5.161184365955817,5.060785380999959,96.41666666666667,84.0,0.07500000000000007,0.4628057923489035,106,135.0,0,0.0,,,HPA+RL,flash,119
695.0,12.479017071699117,12.11250249777428,92.14861111111111,75.0,0.075,0.19535075422256745,93,40.0,0,0.0,,,HPA+RL,flash,120
620.0,10.129149980674612,6.050233415534666,101.30416666666666,120.0,0.075,8.226184426548027e-05,120,160.0,0,0.0,,,HPA+RL,flash,121
465.0,8.379708512324868,6.1939142181191205,101.40138888888889,120.0,0.075,0.0008427387433724814,112,115.0,0,0.0,,,HPA+RL,flash,122
500.0,6.073906569379284,6.073906569379262,88.58611111111111,62.0,0.075,0.4416860051527465,74,25.0,0,0.0,,,HPA+RL,flash,123
565.0,7.939179103674854,7.856623854191783,92.16388888888889,86.0,0.075,0.3322648597384361,82,15.0,0,0.0,,,HPA+RL,flash,124
420.0,4.109559881555946,3.686189792923295,91.47222222222223,82.0,0.075,0.06028001457071878,109,10.0,0,0.0,,,HPA+RL,flash,125
655.0,11.507617115210655,11.361267975713833,89.39027777777778,70.0,0.075,0.3189308921126488,82,35.0,0,0.0,,,HPA+RL,flash,126
635.0,8.52812876406388,7.4323235766554365,92.25277777777778,85.0,0.075,0.023762377350388525,90,55.0,0,0.0,,,HPA+RL,flash,127
500.0,7.011812592517708,6.69992192917837,86.87916666666666,69.0,0.075,0.2416907716565133,74,210.0,0,0.0,,,HPA+RL,flash,128
420.0,4.82980694273254,4.8298069427325405,88.02222222222223,63.0,0.075,0.45886705493799634,64,35.0,0,0.0,,,HPA+RL,flash,129
470.0,5.453961380552908,5.445437931895926,90.1625,70.0,0.075,0.43993061434832287,86,10.0,0,0.0,,,HPA+RL,flash,130
610.0,9.283730145343094,8.265307866337576,95.1361111111111,80.0,0.075,0.005742459992433248,116,105.0,0,0.0,,,HPA+RL,flash,131
745.0,15.219545514022714,13.12911089608114,105.26527777777778,120.0,0.075,3.684658329868899e-05,140,110.0,0,0.0,,,HPA+RL,flash,132
560.0,5.940582209509337,4.582703254405713,98.21805555555555,104.0,0.075,0.016613954091016767,102,270.0,0,0.0,,,HPA+RL,flash,133
500.0,8.227227763278744,6.6321144621884836,93.6986111111111,95.0,0.07500000000000005,0.0018678809548810002,101,60.0,0,0.0,,,HPA+RL,flash,134
400.0,4.872101661847072,4.850750985965466,85.62361111111112,60.0,0.075,0.4507309181557919,69,20.0,0,0.0,,,HPA+RL,flash,135
495.0,8.541531781425537,6.020821199035782,99.37916666666666,107.0,0.075,0.0013802955740000412,109,100.0,0,0.0,,,HPA+RL,flash,136
455.0,6.18307461982468,4.428543414375584,98.21527777777777,89.0,0.075,0.0034340458198134386,127,95.0,0,0.0,,,HPA+RL,flash,137
755.0,15.420958380824889,13.031382188960889,103.88333333333334,120.0,0.075,8.478389749436767e-05,129,130.0,0,0.0,,,HPA+RL,flash,138
675.0,9.764764795618108,7.365575889746082,100.44583333333334,120.0,0.075,0.00017312949388719959,109,100.0,0,0.0,,,HPA+RL,flash,139
0.0,0.004901813541879907,0.0,123.5875,120.0,0.075,0.956681522423604,911,0.0,10,0.0,,,ARC,flash,100
15.0,0.16926733210814726,0.0,116.3375,120.0,0.075,0.3660327332941775,1091,0.0,10,0.0,,,ARC,flash,101
0.0,0.0,0.0,119.15416666666667,120.0,0.075,1.0,896,0.0,10,0.0,,,ARC,flash,102
0.0,0.0,0.0,117.83055555555555,120.0,0.075,1.0,966,0.0,10,0.0,,,ARC,flash,103
30.0,1.149755201781688,0.0,118.7388888888889,120.0,0.075,0.0006584781287798273,983,30.0,10,0.0,,,ARC,flash,104
0.0,0.0,0.0,111.63472222222222,120.0,0.075,1.0,846,0.0,10,0.0,,,ARC,flash,105
25.0,0.4189096638571588,0.0,117.16944444444445,120.0,0.075,0.1650352651638301,892,15.0,10,0.0,,,ARC,flash,106
20.0,0.2543214000160221,0.0,120.02361111111111,120.0,0.075,0.15617732571241955,1076,5.0,10,0.0,,,ARC,flash,107
10.0,0.042906397886299796,0.0,115.23055555555555,120.0,0.075,0.828395842199546,972,10.0,10,0.0,,,ARC,flash,108
0.0,0.0,0.0,115.2875,120.0,0.075,1.0,950,0.0,10,0.0,,,ARC,flash,109
25.0,0.1427799444649991,0.0,120.55277777777778,120.0,0.075,0.6020479723940112,1022,5.0,10,0.0,,,ARC,flash,110
5.0,0.009296595855090573,0.0,110.97916666666667,120.0,0.075,0.9299643219193638,853,5.0,10,0.0,,,ARC,flash,111
15.0,0.03048438701556133,0.0,113.40416666666667,120.0,0.075,0.9140019645574704,858,0.0,9,0.0,,,ARC,flash,112
0.0,0.0016830804531520194,0.0,124.38194444444444,120.0,0.075,0.9906919340146315,1020,0.0,10,0.0,,,ARC,flash,113
15.0,0.15098620863542855,0.0,124.34722222222223,120.0,0.075,0.7001856983555745,1046,15.0,10,0.0,,,ARC,flash,114
0.0,0.0,0.0,114.92361111111111,120.0,0.075,1.0,949,0.0,10,0.0,,,ARC,flash,115
0.0,0.011771396018889213,0.0,122.71388888888889,120.0,0.075,0.9545201259656073,1025,0.0,10,0.0,,,ARC,flash,116
0.0,0.0,0.0,114.97916666666667,120.0,0.075,1.0,895,0.0,11,0.0,,,ARC,flash,117
0.0,0.0,0.0,123.53472222222223,120.0,0.075,1.0,898,0.0,9,0.0,,,ARC,flash,118
15.0,0.38376456306888906,0.0,117.22083333333333,120.0,0.075,0.05629059410491654,1007,0.0,10,0.0,,,ARC,flash,119
0.0,0.0,0.0,116.03194444444445,120.0,0.075,1.0,985,0.0,10,0.0,,,ARC,flash,120
5.0,0.01234975079076328,0.0,116.25277777777778,120.0,0.075,0.9387469307542098,948,5.0,10,0.0,,,ARC,flash,121
20.0,0.26719145127460653,0.0,121.83194444444445,120.0,0.075,0.05257602483817188,959,0.0,10,0.0,,,ARC,flash,122
0.0,0.0,0.0,106.24583333333334,120.0,0.075,1.0,838,0.0,10,0.0,,,ARC,flash,123
20.0,0.16878803223412397,0.0,123.8861111111111,120.0,0.075,0.06626818412159734,926,0.0,10,0.0,,,ARC,flash,124
25.0,0.2324427545708163,0.0,122.01666666666667,120.0,0.075,0.31249554819655245,1091,0.0,10,0.0,,,ARC,flash,125
0.0,0.0,0.0,113.34444444444445,120.0,0.075,1.0,913,0.0,10,0.0,,,ARC,flash,126
15.0,0.3467451168638558,0.0,126.55972222222222,120.0,0.075,0.11945547922507732,1077,15.0,9,0.0,,,ARC,flash,127
0.0,0.0,0.0,122.85416666666667,120.0,0.075,1.0,997,0.0,10,0.0,,,ARC,flash,128
0.0,0.0,0.0,121.74444444444444,120.0,0.075,1.0,925,0.0,10,0.0,,,ARC,flash,129
0.0,0.0,0.0,121.69305555555556,120.0,0.075,1.0,866,0.0,9,0.0,,,ARC,flash,130
0.0,0.0,0.0,121.03472222222223,120.0,0.075,1.0,1015,0.0,10,0.0,,,ARC,flash,131
10.0,0.05318507065990019,0.0,115.94027777777778,120.0,0.075,0.8834322642046374,1002,10.0,10,0.0,,,ARC,flash,132
0.0,0.0,0.0,116.05277777777778,120.0,0.075,1.0,949,0.0,10,0.0,,,ARC,flash,133
5.0,0.06091373910283027,0.0,118.27222222222223,120.0,0.075,0.8952279932265642,933,5.0,10,0.0,,,ARC,flash,134
20.0,0.08119571659565006,0.0,109.2125,120.0,0.075,0.7929692948095202,892,20.0,9,0.0,,,ARC,flash,135
30.0,0.46168066307138433,0.0,126.27361111111111,120.0,0.075,0.13713956229433477,940,20.0,10,0.0,,,ARC,flash,136
30.0,0.12111824060873078,0.0,119.38333333333334,120.0,0.075,0.5362995510239019,1072,0.0,9,0.0,,,ARC,flash,137
0.0,0.0,0.0,115.58611111111111,120.0,0.075,1.0,958,0.0,10,0.0,,,ARC,flash,138
10.0,0.2005917016800196,0.0,117.71527777777777,120.0,0.075,0.3605211944338021,1017,10.0,10,0.0,,,ARC,flash,139
2330.0,46.964264274350484,0.0,45.833333333333336,25.0,3.075,0.014101320556871329,0,905.0,0,0.0,,,Static,flash_step,100
1915.0,46.81374394719282,0.0,56.833333333333336,31.0,9.055,2.1793638961925536e-06,0,955.0,0,0.0,,,Static,flash_step,101
2830.0,57.90648839633076,0.0,56.833333333333336,31.0,9.055,1.9666517485040804e-06,0,1200.0,0,0.0,,,Static,flash_step,102
5640.0,88.42302709819533,0.0,49.5,27.0,6.055,8.803797637881699e-05,0,1200.0,0,0.0,,,Static,flash_step,103
2110.0,45.72897792691191,0.0,45.833333333333336,25.0,3.075,0.00894516696087421,0,895.0,0,0.0,,,Static,flash_step,104
825.0,25.941190149171934,0.0,66.0,36.0,9.055,2.0857552626598947e-06,0,20.0,0,0.0,,,Static,flash_step,105
2285.0,47.17569301487463,0.0,45.833333333333336,25.0,3.075,0.01380185568016532,0,905.0,0,0.0,,,Static,flash_step,106
2035.0,49.009893096645285,0.0,56.833333333333336,31.0,9.055,2.1056302388334576e-06,0,1075.0,0,0.0,,,Static,flash_step,107
1150.0,38.395541767711904,0.0,55.0,30.0,3.075,0.01318908066920675,0,910.0,0,0.0,,,Static,flash_step,108
5805.0,90.71009003064023,0.0,49.5,27.0,6.055,8.809419926164104e-05,0,1200.0,0,0.0,,,Static,flash_step,109
2130.0,45.08185710022542,0.0,45.833333333333336,25.0,3.075,0.008979669305527238,0,910.0,0,0.0,,,Static,flash_step,110
1120.0,30.550559921592136,0.0,66.0,36.0,9.055,2.0791309862106445e-06,0,5.0,0,0.0,,,Static,flash_step,111
2330.0,47.47520143880909,0.0,45.833333333333336,25.0,3.075,0.01330350478861663,0,970.0,0,0.0,,,Static,flash_step,112
1935.0,42.952990436399574,0.0,56.833333333333336,31.0,9.055,2.3723969793144827e-06,0,970.0,0,0.0,,,Static,flash_step,113
1135.0,38.41828585423178,0.0,55.0,30.0,3.075,0.013385295276799372,0,905.0,0,0.0,,,Static,flash_step,114
5635.0,88.6427863897003,0.0,49.5,27.0,6.055,8.45541051940603e-05,0,1200.0,0,0.0,,,Static,flash_step,115
2135.0,45.30488398083536,0.0,45.833333333333336,25.0,3.075,0.00905794449132763,0,905.0,0,0.0,,,Static,flash_step,116
1135.0,31.492507444883856,0.0,66.0,36.0,9.055,2.1023261780636046e-06,0,925.0,0,0.0,,,Static,flash_step,117
2295.0,46.803875168820994,0.0,45.833333333333336,25.0,3.075,0.013695589148452038,0,1020.0,0,0.0,,,Static,flash_step,118
2160.0,47.95476890187918,0.0,56.833333333333336,31.0,9.055,2.320454240628695e-06,0,1065.0,0,0.0,,,Static,flash_step,119
2515.0,54.547302615687244,0.0,56.833333333333336,31.0,9.055,1.919469675526541e-06,0,1200.0,0,0.0,,,Static,flash_step,120
5565.0,87.55632277895738,0.0,51.333333333333336,28.0,6.055,0.00010272612385651687,0,1200.0,0,0.0,,,Static,flash_step,121
2175.0,45.74974233530516,0.0,45.833333333333336,25.0,3.075,0.008623441297219038,0,925.0,0,0.0,,,Static,flash_step,122
1020.0,31.400500145171684,0.0,66.0,36.0,9.055,2.112909599696159e-06,0,1015.0,0,0.0,,,Static,flash_step,123
2215.0,47.84390688901884,0.0,45.833333333333336,25.0,3.075,0.01012666388060654,0,930.0,0,0.0,,,Static,flash_step,124
2010.0,44.270675084525394,0.0,56.833333333333336,31.0,9.055,2.416635164857435e-06,0,910.0,0,0.0,,,Static,flash_step,125
1150.0,37.14962617979448,0.0,55.0,30.0,3.075,0.012996660107610022,0,905.0,0,0.0,,,Static,flash_step,126
5640.0,88.36328586618897,0.0,49.5,27.0,6.055,8.710616984123236e-05,0,1200.0,0,0.0,,,Static,flash_step,127
2120.0,45.80985092687763,0.0,45.833333333333336,25.0,3.075,0.00864038592308767,0,905.0,0,0.0,,,Static,flash_step,128
975.0,29.447601555797753,0.0,66.0,36.0,9.055,2.1341335436285173e-06,0,945.0,0,0.0,,,Static,flash_step,129
2340.0,47.38708760985466,0.0,45.833333333333336,25.0,3.075,0.012883874110801424,0,1010.0,0,0.0,,,Static,flash_step,130
2175.0,50.58051147279677,0.0,56.833333333333336,31.0,9.055,2.1582455088067225e-06,0,1090.0,0,0.0,,,Static,flash_step,131
1165.0,38.939855765458795,0.0,55.0,30.0,3.075,0.013310070320375384,0,905.0,0,0.0,,,Static,flash_step,132
5580.0,87.42357967237199,0.0,49.5,27.0,6.055,0.00011027464070630303,0,1200.0,0,0.0,,,Static,flash_step,133
2145.0,45.908050363837184,0.0,45.833333333333336,25.0,3.075,0.009059237128523991,0,905.0,0,0.0,,,Static,flash_step,134
990.0,28.739678836203662,0.0,66.0,36.0,9.055,2.148930237758467e-06,0,980.0,0,0.0,,,Static,flash_step,135
5580.0,89.71925241053546,0.0,47.666666666666664,26.0,6.055,3.844432293883183e-05,0,1200.0,0,0.0,,,Static,flash_step,136
1975.0,44.99835773761094,0.0,56.833333333333336,31.0,9.055,2.3746935807878447e-06,0,990.0,0,0.0,,,Static,flash_step,137
1130.0,38.89938160671298,0.0,55.0,30.0,3.075,0.013246896065544822,0,905.0,0,0.0,,,Static,flash_step,138
5635.0,88.40222247691194,0.0,49.5,27.0,6.055,8.71797863594355e-05,0,1200.0,0,0.0,,,Static,flash_step,139
200.0,6.679668192887878,0.0,109.88194444444444,120.0,0.075,4.1404483787039065e-06,144,200.0,0,0.0,,,HPA,flash_step,100
405.0,15.409436533789256,0.0,112.78888888888889,120.0,3.0749999999999997,1.4089197734179475e-06,190,395.0,0,0.0,,,HPA,flash_step,101
245.0,8.772046282649281,0.0,115.85416666666667,120.0,0.075,1.3111948045334436e-06,147,245.0,0,0.0,,,HPA,flash_step,102
120.0,3.86902050794089,0.0,112.4875,120.0,0.075,0.00041214932734356214,123,120.0,0,0.0,,,HPA,flash_step,103
125.0,3.3838530671145173,0.0,112.88472222222222,120.0,0.075,6.425425241070667e-05,126,85.0,0,0.0,,,HPA,flash_step,104
15.0,0.10937824203031132,0.0,105.48194444444445,120.0,0.075,0.8934132328109455,122,5.0,0,0.0,,,HPA,flash_step,105
285.0,9.23893833606153,0.0,110.10555555555555,120.0,0.075,2.7514366214641688e-06,152,285.0,0,0.0,,,HPA,flash_step,106
155.0,5.623915000630209,0.0,109.16527777777777,120.0,0.075,1.5360865435411698e-06,164,150.0,0,0.0,,,HPA,flash_step,107
245.0,8.753577599411733,0.0,115.98611111111111,120.0,0.075,2.117663269067526e-06,150,245.0,0,0.0,,,HPA,flash_step,108
305.0,9.470232810909508,0.0,112.32083333333334,120.0,0.075,0.00011487570362664312,147,305.0,0,0.0,,,HPA,flash_step,109
60.0,0.9921793085692521,0.0,105.52777777777777,120.0,0.075,0.04273677743502739,133,5.0,0,0.0,,,HPA,flash_step,110
5.0,0.0217050549077058,0.0,107.675,120.0,0.075,0.9409543711660444,128,5.0,0,0.0,,,HPA,flash_step,111
0.0,0.003782380651184969,0.0,100.69166666666666,100.0,0.075,0.9830613109939738,103,0.0,0,0.0,,,HPA,flash_step,112
270.0,9.643661867419384,0.0,109.95138888888889,120.0,0.07500000000000005,0.00027983510265974803,157,270.0,0,0.0,,,HPA,flash_step,113
865.0,34.26341989948894,0.0,115.85,120.0,3.619562208956127,2.0172538292167585e-06,153,865.0,0,0.0,,,HPA,flash_step,114
345.0,10.680944060535802,0.0,112.3625,120.0,2.6036990978254027,7.419845296942034e-05,138,345.0,0,0.0,,,HPA,flash_step,115
205.0,5.739729803333049,0.0,115.86527777777778,120.0,0.075,0.0010233726226180286,140,105.0,0,0.0,,,HPA,flash_step,116
40.0,1.1721339763130056,0.0,114.75,120.0,0.075,0.03510948925073213,113,40.0,0,0.0,,,HPA,flash_step,117
45.0,1.1552178145696312,0.0,100.65555555555555,94.0,0.075,0.02594229921997824,94,55.0,0,0.0,,,HPA,flash_step,118
165.0,6.8518321951946515,0.0,110.525,120.0,0.07500000000000004,0.0004141340276132036,166,160.0,0,0.0,,,HPA,flash_step,119
280.0,9.427514836610074,0.0,114.24166666666666,120.0,0.075,1.7501290298332622e-06,154,280.0,0,0.0,,,HPA,flash_step,120
190.0,6.145308450817078,0.0,111.84583333333333,120.0,0.07500000000000004,1.7354450159807808e-06,143,190.0,0,0.0,,,HPA,flash_step,121
235.0,7.022765559791999,0.0,111.32638888888889,120.0,0.075,4.18832816176312e-06,127,205.0,0,0.0,,,HPA,flash_step,122
95.0,2.588027511536195,0.0,112.45694444444445,120.0,0.075,0.0012784925362984067,134,95.0,0,0.0,,,HPA,flash_step,123
50.0,1.6158890686516436,0.0,107.33472222222223,120.0,0.075,0.02777099036444344,119,50.0,0,0.0,,,HPA,flash_step,124
150.0,5.931006308927278,0.0,109.99027777777778,120.0,0.075,2.3677423522663345e-05,157,145.0,0,0.0,,,HPA,flash_step,125
130.0,3.673328813975907,0.0,114.6625,120.0,0.075,1.9989667038205546e-06,129,100.0,0,0.0,,,HPA,flash_step,126
95.0,2.3427356653775933,0.0,110.74444444444444,120.0,0.075,0.001071076578819923,129,25.0,0,0.0,,,HPA,flash_step,127
70.0,1.4362903628587276,0.0,109.04027777777777,120.0,0.075,0.02802662501943869,118,45.0,0,0.0,,,HPA,flash_step,128
225.0,6.2194127550868945,0.0,115.09305555555555,120.0,0.075,0.0005036519563723362,127,225.0,0,0.0,,,HPA,flash_step,129
95.0,2.6541351520569134,0.0,113.02222222222223,120.0,0.075,8.67296536399487e-05,126,95.0,0,0.0,,,HPA,flash_step,130
540.0,21.32741371364538,0.0,113.83055555555555,120.0,3.065,8.857235914839733e-06,187,530.0,0,0.0,,,HPA,flash_step,131
145.0,5.580447087342321,0.0,115.92777777777778,120.0,0.075,1.5275559551485956e-06,176,145.0,0,0.0,,,HPA,flash_step,132
90.0,2.2721476367620785,0.0,108.93611111111112,120.0,0.0750000000000001,9.032409054676676e-05,107,90.0,0,0.0,,,HPA,flash_step,133
335.0,9.74385062196843,0.0,112.20972222222223,120.0,0.4878280786557325,4.945942520468948e-05,137,315.0,0,0.0,,,HPA,flash_step,134
25.0,0.5688010648866593,0.0,104.97638888888889,120.0,0.075,0.042667952959824715,123,5.0,0,0.0,,,HPA,flash_step,135
430.0,15.059274890417228,0.0,110.18888888888888,120.0,3.0749999999999997,0.0001019114938403455,161,430.0,0,0.0,,,HPA,flash_step,136
90.0,3.351099646841471,0.0,110.96111111111111,120.0,0.075,4.398867540128546e-06,172,85.0,0,0.0,,,HPA,flash_step,137
170.0,6.324790362179645,0.0,114.5875,120.0,0.07500000000000004,6.503333562911535e-06,157,170.0,0,0.0,,,HPA,flash_step,138
125.0,3.053644272083278,0.0,111.02083333333333,120.0,0.07500000000000007,7.139517660664638e-05,141,120.0,0,0.0,,,HPA,flash_step,139
70.0,1.9252234467742713,0.0,99.88055555555556,120.0,0.075,0.0005485900618128062,235,80.0,0,0.0,,,HPA-fast,flash_step,100
90.0,3.8631005071929847,0.0,101.12916666666666,120.0,0.075,2.6412608321206227e-05,328,90.0,0,0.0,,,HPA-fast,flash_step,101
75.0,2.3134972720057267,0.0,103.52777777777777,120.0,0.075,1.8863814821499801e-06,254,75.0,0,0.0,,,HPA-fast,flash_step,102
100.0,3.364732503112655,0.0,101.8,120.0,0.075,0.0007698966769934437,230,100.0,0,0.0,,,HPA-fast,flash_step,103
85.0,2.8797468191908315,0.0,102.88333333333334,120.0,0.075,1.2674039062652653e-05,371,85.0,0,0.0,,,HPA-fast,flash_step,104
20.0,0.14913286325823893,0.0,94.87777777777778,120.0,0.075,0.458456667841697,207,20.0,0,0.0,,,HPA-fast,flash_step,105
80.0,2.5302466635686027,0.0,99.875,120.0,0.075,0.0024998919100556135,243,80.0,0,0.0,,,HPA-fast,flash_step,106
80.0,2.802054753541805,0.0,100.75138888888888,120.0,0.075,3.292233774181277e-05,314,80.0,0,0.0,,,HPA-fast,flash_step,107
225.0,8.183420452110003,0.0,103.66944444444445,120.0,0.075,2.398378842087593e-06,260,225.0,0,0.0,,,HPA-fast,flash_step,108
505.0,16.498220503899674,0.0,101.875,120.0,3.0749999999999997,0.0004385760389769721,267,505.0,0,0.0,,,HPA-fast,flash_step,109
5.0,0.01838388746235875,0.0,100.83888888888889,120.0,0.075,0.9395256120703149,284,5.0,0,0.0,,,HPA-fast,flash_step,110
0.0,0.0,0.0,94.85555555555555,120.0,0.075,1.0,227,0.0,0,0.0,,,HPA-fast,flash_step,111
0.0,0.0014076656904893348,0.0,97.78472222222223,111.0,0.075,0.9936960307397616,190,0.0,0,0.0,,,HPA-fast,flash_step,112
30.0,1.4063965908444165,0.0,98.20555555555555,107.0,0.075,0.02686806374608394,250,30.0,0,0.0,,,HPA-fast,flash_step,113
35.0,0.6420781772350725,0.0,102.07916666666667,120.0,0.075,0.13961556988397636,244,15.0,0,0.0,,,HPA-fast,flash_step,114
345.0,10.531433140903001,0.0,102.23055555555555,120.0,2.6036990978254027,4.0863851506040325e-05,255,345.0,0,0.0,,,HPA-fast,flash_step,115
20.0,0.3369065169759544,0.0,100.49444444444444,120.0,0.0750000000000001,0.20064113941680256,296,20.0,0,0.0,,,HPA-fast,flash_step,116
85.0,2.861007596998044,0.0,99.76805555555555,120.0,0.075,1.0268503070083021e-05,270,85.0,0,0.0,,,HPA-fast,flash_step,117
35.0,1.0582379830266109,0.0,98.39166666666667,105.0,0.075,0.02594229921997824,197,35.0,0,0.0,,,HPA-fast,flash_step,118
155.0,6.8045579291726614,0.0,100.35694444444445,120.0,0.075,2.0051349457233128e-05,335,155.0,0,0.0,,,HPA-fast,flash_step,119
100.0,3.285540671191778,0.0,101.27916666666667,120.0,0.075,2.6073202365656082e-05,285,100.0,0,0.0,,,HPA-fast,flash_step,120
190.0,5.841255598607987,0.0,100.92916666666666,120.0,0.07500000000000002,0.00020961371451079757,261,190.0,0,0.0,,,HPA-fast,flash_step,121
80.0,2.4441895641967193,0.0,102.44444444444444,120.0,0.075,0.0008111009527046738,335,75.0,0,0.0,,,HPA-fast,flash_step,122
45.0,0.8071485098046338,0.0,98.475,120.0,0.075,0.05608196850247657,218,5.0,0,0.0,,,HPA-fast,flash_step,123
55.0,1.7464691708744429,0.0,101.94722222222222,120.0,0.075,4.625690808898776e-06,247,55.0,0,0.0,,,HPA-fast,flash_step,124
150.0,5.811570268274213,0.0,99.5375,120.0,0.075,9.86472553469828e-06,308,150.0,0,0.0,,,HPA-fast,flash_step,125
95.0,3.083844575005612,0.0,103.23333333333333,120.0,0.075,2.886071701259384e-05,297,95.0,0,0.0,,,HPA-fast,flash_step,126
90.0,2.1833845752766146,0.0,100.15694444444445,120.0,0.075,0.001223692884064243,228,90.0,0,0.0,,,HPA-fast,flash_step,127
55.0,2.0873703888387274,0.0,101.81805555555556,120.0,0.075,0.001483828180296567,324,55.0,0,0.0,,,HPA-fast,flash_step,128
75.0,2.8910542486910384,0.0,98.8875,120.0,0.075,2.6297420118551433e-06,253,75.0,0,0.0,,,HPA-fast,flash_step,129
35.0,1.1280755242885965,0.0,97.09861111111111,110.0,0.075,0.02646303719198711,183,35.0,0,0.0,,,HPA-fast,flash_step,130
85.0,2.9881217001127447,0.0,100.90833333333333,120.0,0.075,4.348484117626576e-05,293,85.0,0,0.0,,,HPA-fast,flash_step,131
150.0,5.597757254105695,0.0,102.87916666666666,120.0,0.075,4.265151553490369e-06,295,150.0,0,0.0,,,HPA-fast,flash_step,132
35.0,0.4399997500991515,0.0,96.76944444444445,107.0,0.07500000000000004,0.12111226929884919,160,35.0,0,0.0,,,HPA-fast,flash_step,133
45.0,1.6569742699835022,0.0,101.56388888888888,120.0,0.075,0.00013928111404484504,313,45.0,0,0.0,,,HPA-fast,flash_step,134
75.0,1.7176333515848907,0.0,97.05694444444444,120.0,0.075,0.0011940453867009065,218,75.0,0,0.0,,,HPA-fast,flash_step,135
275.0,10.271060481102467,0.0,101.22916666666667,120.0,0.075,3.237956548408627e-05,278,275.0,0,0.0,,,HPA-fast,flash_step,136
390.0,13.100013822392542,0.0,101.625,120.0,3.0749999999999997,4.6343490133572515e-05,362,390.0,0,0.0,,,HPA-fast,flash_step,137
165.0,6.196348511290117,0.0,102.76666666666667,120.0,0.075,7.908056403495718e-06,289,165.0,0,0.0,,,HPA-fast,flash_step,138
85.0,1.9253009454658243,0.0,100.52777777777777,120.0,0.0750000000000001,0.0012427619325897558,213,85.0,0,0.0,,,HPA-fast,flash_step,139
10.0,0.10422237827194536,0.0,128.39305555555555,120.0,0.075,0.6883009797957842,119,10.0,0,0.0,,,HPA-45,flash_step,100
360.0,14.745337524283064,0.0,130.5013888888889,120.0,3.065,0.001823989297613842,187,360.0,0,0.0,,,HPA-45,flash_step,101
60.0,1.750466634690151,0.0,130.81527777777777,120.0,0.075,2.6076913983108258e-05,126,60.0,0,0.0,,,HPA-45,flash_step,102
35.0,0.6672132499637162,0.0,129.29861111111111,120.0,0.075,0.1347671165834854,110,35.0,0,0.0,,,HPA-45,flash_step,103
95.0,3.6087331957442514,0.0,127.9125,120.0,0.075,5.6913738112616894e-05,148,55.0,0,0.0,,,HPA-45,flash_step,104
0.0,0.0,0.0,123.48333333333333,120.0,0.075,1.0,146,0.0,0,0.0,,,HPA-45,flash_step,105
25.0,0.8434690409695578,0.0,129.39166666666668,120.0,0.075,0.03352977104855863,119,25.0,0,0.0,,,HPA-45,flash_step,106
835.0,31.223533312220564,0.0,131.93055555555554,120.0,5.772413144763809,0.0012158337135759517,175,835.0,0,0.0,,,HPA-45,flash_step,107
55.0,1.6525269350946559,0.0,130.40416666666667,120.0,0.075,2.218312972715115e-05,132,55.0,0,0.0,,,HPA-45,flash_step,108
295.0,9.280335243171633,0.0,126.92777777777778,120.0,0.075,0.000993491795209393,146,295.0,0,0.0,,,HPA-45,flash_step,109
15.0,0.4490978694390968,0.0,125.62083333333334,120.0,0.075,0.35161470264063205,162,15.0,0,0.0,,,HPA-45,flash_step,110
0.0,0.0,0.0,125.02777777777777,120.0,0.075,1.0,144,0.0,0,0.0,,,HPA-45,flash_step,111
0.0,0.0,0.0,126.30416666666666,120.0,0.075,1.0,121,0.0,0,0.0,,,HPA-45,flash_step,112
70.0,2.844109502607728,0.0,129.12083333333334,120.0,0.075,2.850684616803987e-06,149,70.0,0,0.0,,,HPA-45,flash_step,113
45.0,1.4330870952298014,0.0,127.83472222222223,120.0,0.075,0.0008069707104156811,131,45.0,0,0.0,,,HPA-45,flash_step,114
35.0,0.8084324791098108,0.0,127.86527777777778,120.0,0.075,0.11972904064058423,119,35.0,0,0.0,,,HPA-45,flash_step,115
10.0,0.02782206764037065,0.0,125.5375,120.0,0.075,0.9170198864350161,142,10.0,0,0.0,,,HPA-45,flash_step,116
5.0,0.01638941269512806,0.0,130.96527777777777,120.0,0.075,0.9364767235456231,119,5.0,0,0.0,,,HPA-45,flash_step,117
25.0,0.8575504112962706,0.0,128.18333333333334,120.0,0.075,0.033967670684843396,96,25.0,0,0.0,,,HPA-45,flash_step,118
35.0,2.0488605282317662,0.0,129.10833333333332,120.0,0.075,0.02630554294738707,153,35.0,0,0.0,,,HPA-45,flash_step,119
5.0,0.01896428124831262,0.0,129.00972222222222,120.0,0.075,0.9438014583204356,121,5.0,0,0.0,,,HPA-45,flash_step,120
25.0,0.7665480562475402,0.0,128.02083333333334,120.0,0.075,0.03424171285652694,127,25.0,0,0.0,,,HPA-45,flash_step,121
105.0,3.076800536958968,0.0,126.675,120.0,0.075,0.0003374445841439294,147,85.0,0,0.0,,,HPA-45,flash_step,122
0.0,0.0,0.0,128.21666666666667,120.0,0.075,1.0,143,0.0,0,0.0,,,HPA-45,flash_step,123
25.0,0.14261708066369838,0.0,128.3125,120.0,0.075,0.8478338744726528,134,30.0,0,0.0,,,HPA-45,flash_step,124
35.0,1.2800655606538425,0.0,125.31527777777778,120.0,0.075,0.031145888965873857,121,30.0,0,0.0,,,HPA-45,flash_step,125
0.0,0.0,0.0,126.80416666666666,120.0,0.075,1.0,113,0.0,0,0.0,,,HPA-45,flash_step,126
0.0,0.0,0.0,125.89027777777778,120.0,0.075,1.0,123,0.0,0,0.0,,,HPA-45,flash_step,127
80.0,2.768245588912277,0.0,127.20416666666667,120.0,0.075,0.00019509802151430525,144,75.0,0,0.0,,,HPA-45,flash_step,128
0.0,0.012662456390655219,0.0,130.87916666666666,120.0,0.075,0.9504604727422555,92,0.0,0,0.0,,,HPA-45,flash_step,129
20.0,0.8726704273951502,0.0,126.19305555555556,119.0,0.075,0.03372684255096826,92,20.0,0,0.0,,,HPA-45,flash_step,130
40.0,1.2741135904087098,0.0,129.48888888888888,120.0,0.075,0.001789499808236093,163,40.0,0,0.0,,,HPA-45,flash_step,131
155.0,5.509795290726915,0.0,129.84027777777777,120.0,0.075,0.0004671133181621558,154,155.0,0,0.0,,,HPA-45,flash_step,132
0.0,0.0,0.0,125.625,117.0,0.075,1.0,100,0.0,0,0.0,,,HPA-45,flash_step,133
20.0,0.6244058894185889,0.0,125.91388888888889,120.0,0.075,0.03504919538280892,136,20.0,0,0.0,,,HPA-45,flash_step,134
0.0,0.0004021777176621555,0.0,126.24305555555556,120.0,0.075,0.9979860924656409,151,0.0,0,0.0,,,HPA-45,flash_step,135
70.0,2.45646028297567,0.0,127.96666666666667,120.0,0.075,0.031221161001209488,133,70.0,0,0.0,,,HPA-45,flash_step,136
20.0,0.35549965560892627,0.0,129.05138888888888,120.0,0.075,0.39211972181212945,159,20.0,0,0.0,,,HPA-45,flash_step,137
165.0,6.0516446166022035,0.0,129.79861111111111,120.0,0.075,2.3148173621729396e-05,158,165.0,0,0.0,,,HPA-45,flash_step,138
0.0,0.0,0.0,125.12361111111112,120.0,0.075,1.0,140,0.0,0,0.0,,,HPA-45,flash_step,139
0.0,0.009533435384678768,0.0,152.04166666666666,120.0,0.075,0.9585440197854974,151,0.0,0,0.0,,,PredHPA,flash_step,100
0.0,0.0,0.0,157.15972222222223,120.0,0.075,1.0,155,0.0,0,0.0,,,PredHPA,flash_step,101
0.0,0.0,0.0,150.0638888888889,120.0,0.075,1.0,138,0.0,0,0.0,,,PredHPA,flash_step,102
0.0,0.0,0.0,144.13055555555556,120.0,0.075,1.0,120,0.0,0,0.0,,,PredHPA,flash_step,103
30.0,0.7754276410762317,0.0,147.70277777777778,120.0,0.075,0.06775838287762125,130,20.0,0,0.0,,,PredHPA,flash_step,104
0.0,0.0,0.0,142.45,120.0,0.075,1.0,124,0.0,0,0.0,,,PredHPA,flash_step,105
15.0,0.6272833113359244,0.0,153.41805555555555,120.0,0.075,0.0389638001964735,133,15.0,0,0.0,,,PredHPA,flash_step,106
0.0,0.0,0.0,154.63611111111112,120.0,0.075,1.0,163,0.0,0,0.0,,,PredHPA,flash_step,107
20.0,0.2952862457302752,0.0,152.0013888888889,120.0,0.075,0.35990256401465726,154,20.0,0,0.0,,,PredHPA,flash_step,108
40.0,0.9154024631745195,0.0,142.36666666666667,120.0,0.075,0.0007033217771779614,136,40.0,0,0.0,,,PredHPA,flash_step,109
0.0,0.0,0.0,147.80833333333334,120.0,0.075,1.0,162,0.0,0,0.0,,,PredHPA,flash_step,110
0.0,0.0,0.0,143.17361111111111,120.0,0.075,1.0,130,0.0,0,0.0,,,PredHPA,flash_step,111
0.0,0.0,0.0,150.44027777777777,120.0,0.075,1.0,132,0.0,0,0.0,,,PredHPA,flash_step,112
65.0,2.4594562936125497,0.0,155.01805555555555,120.0,0.075,0.0006168217843219399,141,65.0,0,0.0,,,PredHPA,flash_step,113
0.0,0.0,0.0,150.2902777777778,120.0,0.075,1.0,157,0.0,0,0.0,,,PredHPA,flash_step,114
35.0,0.39134706601304803,0.0,143.14166666666668,120.0,0.075,0.3136314076410103,134,35.0,0,0.0,,,PredHPA,flash_step,115
0.0,0.0,0.0,150.48194444444445,120.0,0.075,1.0,164,0.0,0,0.0,,,PredHPA,flash_step,116
0.0,0.0,0.0,145.3111111111111,120.0,0.075,1.0,110,0.0,0,0.0,,,PredHPA,flash_step,117
20.0,0.3652306728204824,0.0,153.09305555555557,120.0,0.075,0.20900259921546294,146,20.0,0,0.0,,,PredHPA,flash_step,118
150.0,6.339460147847575,0.0,153.51111111111112,120.0,0.075,0.0001652907968027822,149,150.0,0,0.0,,,PredHPA,flash_step,119
0.0,0.0,0.0,152.4388888888889,120.0,0.075,1.0,187,0.0,0,0.0,,,PredHPA,flash_step,120
0.0,0.0,0.0,143.56527777777777,120.0,0.075,1.0,136,0.0,0,0.0,,,PredHPA,flash_step,121
0.0,0.0,0.0,147.26111111111112,120.0,0.075,1.0,136,0.0,0,0.0,,,PredHPA,flash_step,122
0.0,0.0,0.0,143.13194444444446,120.0,0.075,1.0,136,0.0,0,0.0,,,PredHPA,flash_step,123
0.0,0.0,0.0,151.14027777777778,120.0,0.075,1.0,134,0.0,0,0.0,,,PredHPA,flash_step,124
15.0,0.2139083842207845,0.0,155.01527777777778,120.0,0.075,0.6184496370074786,138,15.0,0,0.0,,,PredHPA,flash_step,125
0.0,0.0,0.0,147.75833333333333,120.0,0.075,1.0,170,0.0,0,0.0,,,PredHPA,flash_step,126
0.0,0.0,0.0,142.32916666666668,120.0,0.075,1.0,144,0.0,0,0.0,,,PredHPA,flash_step,127
0.0,0.03860579679179077,0.0,149.00555555555556,120.0,0.075,0.9612317591221927,136,0.0,0,0.0,,,PredHPA,flash_step,128
0.0,0.0,0.0,144.61111111111111,120.0,0.075,1.0,112,0.0,0,0.0,,,PredHPA,flash_step,129
20.0,0.40806375170082676,0.0,151.675,120.0,0.075,0.3645294746423094,136,20.0,0,0.0,,,PredHPA,flash_step,130
0.0,0.0,0.0,153.9736111111111,120.0,0.075,1.0,145,0.0,0,0.0,,,PredHPA,flash_step,131
0.0,0.004379544156551951,0.0,149.6625,120.0,0.075,0.9806472056874579,175,0.0,0,0.0,,,PredHPA,flash_step,132
0.0,0.0,0.0,144.6611111111111,120.0,0.075,1.0,116,0.0,0,0.0,,,PredHPA,flash_step,133
5.0,0.028696014394746783,0.0,148.1513888888889,120.0,0.075,0.9429479315022083,132,5.0,0,0.0,,,PredHPA,flash_step,134
0.0,0.0,0.0,142.0236111111111,120.0,0.075,1.0,139,0.0,0,0.0,,,PredHPA,flash_step,135
25.0,0.1834889009385332,0.0,155.40277777777777,120.0,0.075,0.7604697644223014,133,35.0,0,0.0,,,PredHPA,flash_step,136
0.0,0.0,0.0,157.45138888888889,120.0,0.075,1.0,154,0.0,0,0.0,,,PredHPA,flash_step,137
15.0,0.061105289777230176,0.0,149.73333333333332,120.0,0.075,0.8833169464356277,166,15.0,0,0.0,,,PredHPA,flash_step,138
0.0,0.0,0.0,142.44166666666666,120.0,0.075,1.0,141,0.0,0,0.0,,,PredHPA,flash_step,139
540.0,8.499834336238965,5.8115155642028595,103.05416666666666,120.0,0.075,0.0004397978455606436,118,125.0,0,0.0,,,HPA+RL,flash_step,100
600.0,11.10985655063985,7.918273171763153,107.63472222222222,120.0,0.07500000000000005,7.645189739074639e-05,145,295.0,0,0.0,,,HPA+RL,flash_step,101
805.0,15.873150781225565,13.11462610679499,104.13055555555556,120.0,0.075,1.4767751772771126e-05,117,240.0,0,0.0,,,HPA+RL,flash_step,102
660.0,8.480916193600185,7.70130566376536,93.47083333333333,89.0,0.075,0.02394959222781556,87,120.0,0,0.0,,,HPA+RL,flash_step,103
545.0,9.425270373359762,7.027638650312961,101.84305555555555,120.0,0.07500000000000012,0.00041367626559432456,117,85.0,0,0.0,,,HPA+RL,flash_step,104
445.0,5.107161350455803,5.071129588448897,86.16944444444445,59.0,0.075,0.41693937471885545,66,10.0,0,0.0,,,HPA+RL,flash_step,105
545.0,8.84156481278402,6.12874249027113,103.89722222222223,120.0,0.075,1.6876348955267293e-05,124,215.0,0,0.0,,,HPA+RL,flash_step,106
655.0,11.793867380079048,8.734124617567018,102.525,120.0,0.075,4.251203280998926e-05,132,140.0,0,0.0,,,HPA+RL,flash_step,107
805.0,15.697447894682004,13.22201956008821,104.59861111111111,120.0,0.075,4.96404484003283e-05,117,240.0,0,0.0,,,HPA+RL,flash_step,108
775.0,12.6277014202826,10.037944463494282,100.40416666666667,120.0,0.075,0.0002253010631473145,116,200.0,0,0.0,,,HPA+RL,flash_step,109
465.0,6.543605093276305,6.481945452927437,83.86944444444444,62.0,0.075,0.28931202472149087,62,10.0,0,0.0,,,HPA+RL,flash_step,110
445.0,5.2235978009622315,5.223597800962229,87.25,59.0,0.075,0.43444876810118027,68,20.0,0,0.0,,,HPA+RL,flash_step,111
520.0,6.3575510113040306,6.357551011304011,85.01527777777778,59.0,0.075,0.45327153658543407,68,25.0,0,0.0,,,HPA+RL,flash_step,112
430.0,5.487866449425461,4.382648484622413,93.84861111111111,80.0,0.075,0.020577853657550476,107,65.0,0,0.0,,,HPA+RL,flash_step,113
815.0,16.756194389113112,13.55890497458693,104.95694444444445,120.0,0.075,9.086725767641548e-05,126,455.0,0,0.0,,,HPA+RL,flash_step,114
790.0,13.427865358425317,10.624613555853472,101.00833333333334,120.0,0.075,8.888466821001445e-05,119,200.0,0,0.0,,,HPA+RL,flash_step,115
510.0,7.31555799268806,6.530083932524979,96.31527777777778,81.0,0.075,0.024305630599776612,88,20.0,0,0.0,,,HPA+RL,flash_step,116
450.0,5.579544170697082,5.557215010753778,91.06666666666666,68.0,0.075,0.4319195549905599,72,40.0,0,0.0,,,HPA+RL,flash_step,117
520.0,6.370334292394486,5.853141031129324,91.92222222222222,77.0,0.075,0.04158046442111657,86,45.0,0,0.0,,,HPA+RL,flash_step,118
510.0,6.713122543265982,5.934483219539943,97.25416666666666,86.0,0.07500000000000014,0.028806507628474934,107,150.0,0,0.0,,,HPA+RL,flash_step,119
780.0,15.136617113886198,12.79267575924569,104.41111111111111,120.0,0.075,9.013202143118214e-05,119,275.0,0,0.0,,,HPA+RL,flash_step,120
660.0,9.562665875288745,6.652845024268839,101.90833333333333,120.0,0.075,6.369908943105253e-06,116,185.0,0,0.0,,,HPA+RL,flash_step,121
505.0,9.317085094755074,6.4687729165694625,102.63333333333334,120.0,0.075,0.00023832555753372034,109,150.0,0,0.0,,,HPA+RL,flash_step,122
535.0,6.55366594795479,6.553665947954793,87.46944444444445,59.0,0.075,0.42747315370482186,68,10.0,0,0.0,,,HPA+RL,flash_step,123
625.0,9.746000827043066,8.607131072426986,86.66944444444445,63.0,0.07500000000000007,0.02592698935643273,72,50.0,0,0.0,,,HPA+RL,flash_step,124
460.0,6.993399625093721,4.416473564724781,105.88333333333334,120.0,0.075,0.0006856463034530196,139,165.0,0,0.0,,,HPA+RL,flash_step,125
740.0,14.500409761236266,12.13606323570497,102.91666666666667,120.0,0.075,9.920430340491265e-05,116,95.0,0,0.0,,,HPA+RL,flash_step,126
685.0,7.942283439132791,7.7687758693128846,88.4486111111111,69.0,0.07500000000000007,0.3660180275461953,85,20.0,0,0.0,,,HPA+RL,flash_step,127
505.0,7.191605172196969,7.120486270342652,86.54583333333333,67.0,0.075,0.28681851632163435,77,75.0,0,0.0,,,HPA+RL,flash_step,128
460.0,5.867636586995351,5.867636586995357,89.92222222222222,69.0,0.075,0.4321287261739002,78,65.0,0,0.0,,,HPA+RL,flash_step,129
565.0,7.767660699229806,5.964165706094342,101.12916666666666,99.0,0.075,0.0008386599707333303,111,75.0,0,0.0,,,HPA+RL,flash_step,130
635.0,10.549973138448554,8.533925833662401,99.93055555555556,101.0,0.075,0.00021248497116179005,128,140.0,0,0.0,,,HPA+RL,flash_step,131
795.0,16.67783114600073,13.84492711344095,105.72777777777777,120.0,0.07500000000000005,3.305984453195526e-05,138,135.0,0,0.0,,,HPA+RL,flash_step,132
620.0,7.355258711357482,5.22774639744986,102.27638888888889,120.0,0.07500000000000011,0.0003244368821789921,105,95.0,0,0.0,,,HPA+RL,flash_step,133
485.0,7.132033991126441,7.055039701248296,87.12916666666666,67.0,0.075,0.291206232630829,83,55.0,0,0.0,,,HPA+RL,flash_step,134
400.0,4.965818525672461,4.80622833061136,87.52638888888889,62.0,0.075,0.445925685800703,72,10.0,0,0.0,,,HPA+RL,flash_step,135
550.0,8.13702935738313,6.707555540838023,96.77638888888889,94.0,0.075,0.01985726787087842,92,125.0,0,0.0,,,HPA+RL,flash_step,136
495.0,7.123889618726464,5.032717136728778,101.31944444444444,100.0,0.075,0.0014277832637760387,138,75.0,0,0.0,,,HPA+RL,flash_step,137
800.0,17.047668056200315,13.864876476283497,105.02638888888889,120.0,0.075,6.8949863730003715e-06,128,160.0,0,0.0,,,HPA+RL,flash_step,138
745.0,10.082920567477672,7.666140227732784,100.58333333333333,120.0,0.075,0.00033735691015070505,108,110.0,0,0.0,,,HPA+RL,flash_step,139
0.0,0.00038360060297115695,0.0,125.70694444444445,120.0,0.075,0.9983319193590752,890,0.0,10,0.0,,,ARC,flash_step,100
25.0,0.22583125513903068,0.0,119.69166666666666,120.0,0.075,0.5111014583455947,1069,20.0,10,0.0,,,ARC,flash_step,101
20.0,0.6098595290403686,0.0,121.18611111111112,120.0,0.07500000000000004,0.025809504109554786,918,20.0,9,0.0,,,ARC,flash_step,102
25.0,0.501490105248914,0.0,120.33333333333333,120.0,0.075,0.1347671165834854,950,25.0,10,0.0,,,ARC,flash_step,103
50.0,1.5568888427507255,0.0,119.40138888888889,120.0,0.07500000000000004,0.052987540405193184,979,50.0,10,0.0,,,ARC,flash_step,104
15.0,0.17999285930530018,0.0,113.46944444444445,120.0,0.075,0.35691616253762926,851,15.0,10,15.0,,,ARC,flash_step,105
30.0,0.8170528263831356,0.0,117.58194444444445,120.0,0.075,0.01605711046775854,926,20.0,10,0.0,,,ARC,flash_step,106
25.0,0.2576233999774358,0.0,120.60138888888889,120.0,0.075,0.15617732571241955,1074,10.0,10,0.0,,,ARC,flash_step,107
40.0,1.3605064823966617,0.0,118.1986111111111,120.0,0.075,0.002301990132639463,951,40.0,10,0.0,,,ARC,flash_step,108
10.0,0.058897615370079315,0.0,116.27638888888889,120.0,0.075,0.845938412202763,956,10.0,10,0.0,,,ARC,flash_step,109
30.0,0.1529630268337856,0.0,122.68333333333334,120.0,0.075,0.6020479723940112,1007,5.0,10,0.0,,,ARC,flash_step,110
0.0,0.0,0.0,112.66666666666667,120.0,0.075,1.0,831,0.0,10,0.0,,,ARC,flash_step,111
15.0,0.03007294455346088,0.0,114.19305555555556,120.0,0.075,0.9140019645574704,889,0.0,9,0.0,,,ARC,flash_step,112
30.0,1.4457184164080816,0.0,126.12361111111112,120.0,0.075,0.0007418588574135034,1030,30.0,10,0.0,,,ARC,flash_step,113
0.0,0.0,0.0,124.84583333333333,120.0,0.075,1.0,1060,0.0,10,0.0,,,ARC,flash_step,114
10.0,0.048377343197336664,0.0,116.02916666666667,120.0,0.075,0.8625097184176206,927,10.0,10,0.0,,,ARC,flash_step,115
25.0,0.7212241354643933,0.0,126.12222222222222,120.0,0.07500000000000005,0.03390764429142653,1041,25.0,10,0.0,,,ARC,flash_step,116
5.0,0.026824748298781564,0.0,115.74027777777778,120.0,0.075,0.896030691660593,892,5.0,11,0.0,,,ARC,flash_step,117
0.0,0.0,0.0,124.69166666666666,120.0,0.075,1.0,902,0.0,9,0.0,,,ARC,flash_step,118
35.0,2.0532109753964023,0.0,119.76805555555555,120.0,0.075,0.0005485330097737563,1029,35.0,10,0.0,,,ARC,flash_step,119
0.0,0.003853280837962103,0.0,117.58611111111111,120.0,0.075,0.9814676424279888,982,0.0,10,0.0,,,ARC,flash_step,120
10.0,0.11174375746435539,0.0,119.89305555555555,120.0,0.075,0.4107008018667369,962,10.0,10,0.0,,,ARC,flash_step,121
20.0,0.2640867059980123,0.0,122.46111111111111,120.0,0.075,0.05257602483817188,989,0.0,9,0.0,,,ARC,flash_step,122
0.0,0.0,0.0,108.0736111111111,120.0,0.075,1.0,855,0.0,10,0.0,,,ARC,flash_step,123
50.0,1.198557068878836,0.0,125.05555555555556,120.0,0.075,0.05645073556994946,896,30.0,10,30.0,,,ARC,flash_step,124
60.0,1.637402504768548,0.0,125.91805555555555,120.0,0.075,0.026941129710491656,1127,30.0,10,0.0,,,ARC,flash_step,125
0.0,0.005158568113516893,0.0,114.58055555555555,120.0,0.075,0.972062632187227,882,0.0,10,0.0,,,ARC,flash_step,126
0.0,0.0,0.0,127.22777777777777,120.0,0.075,1.0,996,0.0,9,0.0,,,ARC,flash_step,127
0.0,0.012947475353930482,0.0,123.1125,120.0,0.075,0.9751915991900709,962,0.0,10,0.0,,,ARC,flash_step,128
0.0,0.0,0.0,122.40833333333333,120.0,0.075,1.0,927,0.0,10,0.0,,,ARC,flash_step,129
0.0,0.0,0.0,122.58194444444445,120.0,0.075,1.0,860,0.0,9,0.0,,,ARC,flash_step,130
0.0,0.0,0.0,121.85,120.0,0.075,1.0,1029,0.0,10,0.0,,,ARC,flash_step,131
15.0,0.18443032734357656,0.0,116.80555555555556,120.0,0.075,0.4688510468041619,990,15.0,9,0.0,,,ARC,flash_step,132
10.0,0.03891018806768676,0.0,118.63055555555556,120.0,0.075,0.856355709091463,950,10.0,10,0.0,,,ARC,flash_step,133
0.0,0.0202760870077201,0.0,118.47638888888889,120.0,0.075,0.9675724927195206,935,0.0,10,0.0,,,ARC,flash_step,134
5.0,0.016013716818863433,0.0,111.02777777777777,120.0,0.075,0.9061599006625366,872,5.0,10,0.0,,,ARC,flash_step,135
40.0,1.7713212917028653,0.0,128.4986111111111,120.0,0.07500000000000005,0.0008384044473160859,951,40.0,10,0.0,,,ARC,flash_step,136
30.0,0.11949017511461157,0.0,119.88888888888889,120.0,0.075,0.5362995510239019,1076,0.0,9,0.0,,,ARC,flash_step,137
25.0,0.42018781650099424,0.0,118.03333333333333,120.0,0.075,0.06146944891989831,957,25.0,10,0.0,,,ARC,flash_step,138
0.0,0.0,0.0,116.39166666666667,120.0,0.075,1.0,971,0.0,9,0.0,,,ARC,flash_step,139
1605.0,23.626634368411427,0.0,45.833333333333336,25.0,3.075,0.02419487744660381,0,40.0,0,0.0,,,Static,kill_cascade,100
1370.0,23.525064929866,0.0,56.833333333333336,31.0,3.0549999999999997,0.0002011193986668021,0,410.0,0,0.0,,,Static,kill_cascade,101
2545.0,38.935296333991175,0.0,56.833333333333336,31.0,3.0549999999999997,0.0007062275794669007,0,55.0,0,0.0,,,Static,kill_cascade,102
5640.0,85.0161275043495,0.0,49.5,27.0,3.482141150998626,0.00018423388410354494,0,1200.0,0,0.0,,,Static,kill_cascade,103
1375.0,21.892151833345608,0.0,45.833333333333336,25.0,3.075,0.02291701110675936,0,20.0,0,0.0,,,Static,kill_cascade,104
45.0,0.34589242197837766,0.0,66.0,36.0,0.075,0.05143093932880719,0,20.0,0,0.0,,,Static,kill_cascade,105
1765.0,26.234174598873572,0.0,45.833333333333336,25.0,3.075,0.0006211835725978398,0,300.0,0,0.0,,,Static,kill_cascade,106
1035.0,17.277475152846257,0.0,56.833333333333336,31.0,3.0549999999999997,0.00020271775342237556,0,70.0,0,0.0,,,Static,kill_cascade,107
490.0,6.786837616038833,0.0,55.0,30.0,1.0137279472006893,0.03355578926086436,0,50.0,0,0.0,,,Static,kill_cascade,108
5805.0,87.66955588856153,0.0,49.5,27.0,3.4330896253161396,0.00018541013815969481,0,1200.0,0,0.0,,,Static,kill_cascade,109
1605.0,24.876184193182414,0.0,45.833333333333336,25.0,3.075,0.00683809056380847,0,255.0,0,0.0,,,Static,kill_cascade,110
235.0,3.5277150946072533,0.0,66.0,36.0,0.075,0.019594146374419873,0,15.0,0,0.0,,,Static,kill_cascade,111
1590.0,23.68700793386096,0.0,45.833333333333336,25.0,3.075,0.024303267053257912,0,20.0,0,0.0,,,Static,kill_cascade,112
1030.0,17.255197330576998,0.0,56.833333333333336,31.0,3.0549999999999997,0.00020623611502431475,0,65.0,0,0.0,,,Static,kill_cascade,113
490.0,6.128523571327149,0.0,55.0,30.0,0.8554296317612634,0.033552899986137794,0,20.0,0,0.0,,,Static,kill_cascade,114
5635.0,84.93096623324202,0.0,49.5,27.0,3.41682692702093,0.0001856162839373123,0,1200.0,0,0.0,,,Static,kill_cascade,115
1385.0,22.188061398578395,0.0,45.833333333333336,25.0,3.075,0.023163298165652282,0,25.0,0,0.0,,,Static,kill_cascade,116
250.0,3.9016575227977635,0.0,66.0,36.0,0.075,0.02033109877834759,0,40.0,0,0.0,,,Static,kill_cascade,117
1910.0,28.25449147674354,0.0,45.833333333333336,25.0,3.075,0.00033718869784103294,0,420.0,0,0.0,,,Static,kill_cascade,118
1650.0,27.032128704644297,0.0,56.833333333333336,31.0,3.0549999999999997,0.0002022635313618053,0,555.0,0,0.0,,,Static,kill_cascade,119
2435.0,38.02035412741138,0.0,56.833333333333336,31.0,3.0549999999999997,0.0006069412803320888,0,290.0,0,0.0,,,Static,kill_cascade,120
5565.0,84.01686362165815,0.0,51.333333333333336,28.0,3.478813883995306,0.00018308992582848283,0,1200.0,0,0.0,,,Static,kill_cascade,121
1600.0,24.838550923629764,0.0,45.833333333333336,25.0,3.075,0.022209407028995418,0,220.0,0,0.0,,,Static,kill_cascade,122
25.0,0.130928897287097,0.0,66.0,36.0,0.075,0.18000000094851015,0,20.0,0,0.0,,,Static,kill_cascade,123
1640.0,23.858723768022582,0.0,45.833333333333336,25.0,3.075,0.019411896884171907,0,60.0,0,0.0,,,Static,kill_cascade,124
1135.0,19.069020031874196,0.0,56.833333333333336,31.0,3.0549999999999997,0.00013743854734021336,0,35.0,0,0.0,,,Static,kill_cascade,125
540.0,7.303192551400528,0.0,55.0,30.0,1.3071207226543735,0.031770759872522966,0,95.0,0,0.0,,,Static,kill_cascade,126
5640.0,84.91078707903604,0.0,49.5,27.0,3.418706863813027,0.00019052381920947606,0,1200.0,0,0.0,,,Static,kill_cascade,127
1980.0,30.15607315443892,0.0,45.833333333333336,25.0,3.075,0.00011160865202097862,0,645.0,0,0.0,,,Static,kill_cascade,128
75.0,0.874830156604367,0.0,66.0,36.0,0.075,0.040833964002061386,0,45.0,0,0.0,,,Static,kill_cascade,129
1675.0,24.65971955873475,0.0,45.833333333333336,25.0,3.075,0.02467595458756796,0,110.0,0,0.0,,,Static,kill_cascade,130
1635.0,27.770555630164395,0.0,56.833333333333336,31.0,3.0549999999999997,0.00020601812876922722,0,550.0,0,0.0,,,Static,kill_cascade,131
645.0,8.807889608916952,0.0,55.0,30.0,2.0392815905584496,0.004772662603885874,0,155.0,0,0.0,,,Static,kill_cascade,132
5580.0,84.07304570371319,0.0,49.5,27.0,3.3934298037718755,0.00018079275247498045,0,1200.0,0,0.0,,,Static,kill_cascade,133
1395.0,22.361092447977416,0.0,45.833333333333336,25.0,3.075,0.02316611582011008,0,15.0,0,0.0,,,Static,kill_cascade,134
45.0,0.3357773954328347,0.0,66.0,36.0,0.075,0.044669717109208945,0,35.0,0,0.0,,,Static,kill_cascade,135
5395.0,84.25779849852435,0.0,47.666666666666664,26.0,3.5778057951926026,6.922456168556416e-05,0,715.0,0,0.0,,,Static,kill_cascade,136
1060.0,17.74853400848141,0.0,56.833333333333336,31.0,3.0549999999999997,0.0001397818504492376,0,75.0,0,0.0,,,Static,kill_cascade,137
585.0,8.388804567762364,0.0,55.0,30.0,1.5862060893045677,0.03176007683963013,0,160.0,0,0.0,,,Static,kill_cascade,138
5635.0,84.96272323672216,0.0,49.5,27.0,3.4523765010175014,0.00017784093234998573,0,1200.0,0,0.0,,,Static,kill_cascade,139
40.0,0.4816419407093653,0.0,78.33472222222223,47.0,0.075,0.049045932745650396,57,40.0,0,0.0,,,HPA,kill_cascade,100
95.0,1.7745346399744344,0.0,89.12361111111112,88.0,0.075,0.010297580255009839,98,65.0,0,0.0,,,HPA,kill_cascade,101
50.0,0.7392340106663786,0.0,79.59583333333333,59.0,0.075,0.040112562948874324,52,50.0,0,0.0,,,HPA,kill_cascade,102
40.0,0.540138079343,0.0,76.175,54.0,0.075,0.04616528512322946,52,40.0,0,0.0,,,HPA,kill_cascade,103
50.0,0.47516165425551815,0.0,79.8875,56.0,0.075,0.04548201096065243,63,15.0,0,0.0,,,HPA,kill_cascade,104
15.0,0.14065710408285304,0.0,79.33611111111111,54.0,0.075,0.18000000074724262,59,15.0,0,0.0,,,HPA,kill_cascade,105
45.0,0.674331497739511,0.0,79.55972222222222,48.0,0.075,0.04397375643782039,63,45.0,0,0.0,,,HPA,kill_cascade,106
80.0,1.2066345573812032,0.0,78.33194444444445,60.0,0.075,0.041249154457011473,79,60.0,0,0.0,,,HPA,kill_cascade,107
45.0,0.7003239656592775,0.0,79.08194444444445,61.0,0.075,0.03698120449141848,61,45.0,0,0.0,,,HPA,kill_cascade,108
85.0,1.1443633027817812,0.0,81.15833333333333,65.0,0.075,0.004582752987236789,56,85.0,0,0.0,,,HPA,kill_cascade,109
55.0,0.36324429847580664,0.0,78.32083333333334,56.0,0.075,0.014009753150923685,57,35.0,0,0.0,,,HPA,kill_cascade,110
15.0,0.11254070469542965,0.0,79.575,54.0,0.075,0.04673316508474068,63,15.0,0,0.0,,,HPA,kill_cascade,111
20.0,0.14656597030502372,0.0,77.00972222222222,45.0,0.075,0.18000000077981368,54,20.0,0,0.0,,,HPA,kill_cascade,112
55.0,0.7331660936294337,0.0,79.5375,80.0,0.075,0.039283455488064764,84,40.0,0,0.0,,,HPA,kill_cascade,113
20.0,0.2119608049312771,0.0,78.85,63.0,0.075,0.04710273453514888,54,20.0,0,0.0,,,HPA,kill_cascade,114
35.0,0.46387416927683445,0.0,75.50833333333334,53.0,0.075,0.05089265193393842,51,35.0,0,0.0,,,HPA,kill_cascade,115
80.0,1.080229111531572,0.0,84.7125,62.0,0.075,0.024305630599776612,74,20.0,0,0.0,,,HPA,kill_cascade,116
40.0,0.6046232005610941,0.0,82.15833333333333,57.0,0.075,0.04019649922790583,64,40.0,0,0.0,,,HPA,kill_cascade,117
55.0,0.6856213556198809,0.0,81.2875,55.0,0.075,0.008162621257062774,67,55.0,0,0.0,,,HPA,kill_cascade,118
60.0,1.1112231877285272,0.0,82.26527777777778,82.0,0.075,0.04809536219320475,88,35.0,0,0.0,,,HPA,kill_cascade,119
80.0,1.2314463918266405,0.0,85.25694444444444,70.0,0.075,0.007928695282954501,64,80.0,0,0.0,,,HPA,kill_cascade,120
25.0,0.2408499493103622,0.0,75.975,52.0,0.075,0.1800000007347881,46,25.0,0,0.0,,,HPA,kill_cascade,121
75.0,0.9057697695199152,0.0,80.04583333333333,57.0,0.075,0.04153049110081101,62,55.0,0,0.0,,,HPA,kill_cascade,122
20.0,0.15773123906207553,0.0,79.8861111111111,53.0,0.075,0.0453307824728064,60,20.0,0,0.0,,,HPA,kill_cascade,123
35.0,0.5375208656552388,0.0,77.01388888888889,46.0,0.075,0.03650857686965884,53,35.0,0,0.0,,,HPA,kill_cascade,124
55.0,0.9735685530134597,0.0,80.8625,82.0,0.075,0.03254958516856961,89,25.0,0,0.0,,,HPA,kill_cascade,125
40.0,0.4679261888449471,0.0,78.21527777777777,55.0,0.075,0.04199997764852038,57,40.0,0,0.0,,,HPA,kill_cascade,126
20.0,0.1570172779117085,0.0,76.02361111111111,53.0,0.075,0.1800000007005381,54,20.0,0,0.0,,,HPA,kill_cascade,127
20.0,0.07904013234925067,0.0,79.08333333333333,55.0,0.075,0.8561574114653013,60,10.0,0,0.0,,,HPA,kill_cascade,128
35.0,0.4239994974358452,0.0,80.66388888888889,55.0,0.075,0.040833964002061386,58,35.0,0,0.0,,,HPA,kill_cascade,129
35.0,0.47785531765276446,0.0,82.47222222222223,70.0,0.075,0.03977731661790534,68,35.0,0,0.0,,,HPA,kill_cascade,130
90.0,1.3917221162404125,0.0,84.31805555555556,78.0,0.075,0.00770657799954936,91,70.0,0,0.0,,,HPA,kill_cascade,131
90.0,1.6876999071845256,0.0,90.10277777777777,82.0,0.075,0.004330756834251203,78,90.0,0,0.0,,,HPA,kill_cascade,132
70.0,0.7611657847132247,0.0,79.03055555555555,55.0,0.075,0.004908561857231263,60,70.0,0,0.0,,,HPA,kill_cascade,133
30.0,0.16849041060148506,0.0,79.05694444444444,55.0,0.075,0.05442143215116265,62,15.0,0,0.0,,,HPA,kill_cascade,134
35.0,0.3411421251641844,0.0,78.65,51.0,0.075,0.044669717109208945,56,35.0,0,0.0,,,HPA,kill_cascade,135
80.0,1.5338741385995558,0.0,86.97638888888889,74.0,0.075,0.0079126785471736,76,80.0,0,0.0,,,HPA,kill_cascade,136
60.0,1.0049371500691073,0.0,81.27777777777777,87.0,0.075,0.0407116132222619,89,45.0,0,0.0,,,HPA,kill_cascade,137
45.0,0.6343186505605392,0.0,78.80972222222222,57.0,0.075,0.04074377398077363,60,45.0,0,0.0,,,HPA,kill_cascade,138
20.0,0.20101797844254143,0.0,75.18472222222222,54.0,0.075,0.046344295134597854,49,20.0,0,0.0,,,HPA,kill_cascade,139
15.0,0.16354213838488674,0.0,80.16805555555555,56.0,0.075,0.180000000733074,144,15.0,0,0.0,,,HPA-fast,kill_cascade,100
80.0,1.4843500030538581,0.0,82.3861111111111,82.0,0.075,0.004075013153932753,222,80.0,0,0.0,,,HPA-fast,kill_cascade,101
45.0,0.7307782482166236,0.0,79.9375,50.0,0.075,0.040112562948874324,172,45.0,0,0.0,,,HPA-fast,kill_cascade,102
35.0,0.406434871733552,0.0,77.92777777777778,56.0,0.075,0.03452614552499518,128,35.0,0,0.0,,,HPA-fast,kill_cascade,103
20.0,0.16998207850684732,0.0,82.86805555555556,62.0,0.075,0.04317893507268982,222,20.0,0,0.0,,,HPA-fast,kill_cascade,104
20.0,0.17484998256495077,0.0,78.3625,56.0,0.075,0.18000000074724262,149,20.0,0,0.0,,,HPA-fast,kill_cascade,105
45.0,0.6723016473372145,0.0,80.77638888888889,55.0,0.075,0.04397375643782039,160,45.0,0,0.0,,,HPA-fast,kill_cascade,106
45.0,0.65353561673408,0.0,79.31388888888888,65.0,0.075,0.041249154457011473,203,45.0,0,0.0,,,HPA-fast,kill_cascade,107
30.0,0.43243832088019074,0.0,80.45833333333333,52.0,0.075,0.03698120449141848,163,30.0,0,0.0,,,HPA-fast,kill_cascade,108
70.0,0.8944565322036246,0.0,79.58888888888889,57.0,0.075,0.004582752987236789,150,70.0,0,0.0,,,HPA-fast,kill_cascade,109
30.0,0.21119458393382695,0.0,83.79722222222222,63.0,0.075,0.014009753150923685,221,30.0,0,0.0,,,HPA-fast,kill_cascade,110
15.0,0.10590833186829851,0.0,77.89722222222223,58.0,0.075,0.18000000089185256,148,15.0,0,0.0,,,HPA-fast,kill_cascade,111
20.0,0.14656597030502372,0.0,80.2,55.0,0.075,0.18000000077981368,142,20.0,0,0.0,,,HPA-fast,kill_cascade,112
35.0,0.6320744463115036,0.0,79.70416666666667,61.0,0.075,0.039283455488064764,222,35.0,0,0.0,,,HPA-fast,kill_cascade,113
15.0,0.16647801457180256,0.0,80.17916666666666,53.0,0.075,0.18000000065539526,171,15.0,0,0.0,,,HPA-fast,kill_cascade,114
25.0,0.3242211315956034,0.0,77.84722222222223,57.0,0.075,0.036827185541548096,131,25.0,0,0.0,,,HPA-fast,kill_cascade,115
20.0,0.202135059010089,0.0,82.8625,62.0,0.075,0.1800000005314664,218,20.0,0,0.0,,,HPA-fast,kill_cascade,116
40.0,0.6041752107111553,0.0,78.75416666666666,57.0,0.075,0.04019649922790583,154,40.0,0,0.0,,,HPA-fast,kill_cascade,117
50.0,0.6272064033198577,0.0,82.76527777777778,63.0,0.075,0.01144282439779847,161,50.0,0,0.0,,,HPA-fast,kill_cascade,118
35.0,0.7769304153508516,0.0,81.19583333333334,65.0,0.075,0.03217086392963764,214,35.0,0,0.0,,,HPA-fast,kill_cascade,119
75.0,1.1442137378826822,0.0,81.88472222222222,71.0,0.075,0.00860885509351226,175,75.0,0,0.0,,,HPA-fast,kill_cascade,120
25.0,0.2526940237612241,0.0,78.05277777777778,61.0,0.075,0.04249702693297615,133,25.0,0,0.0,,,HPA-fast,kill_cascade,121
45.0,0.5479542574717389,0.0,83.42777777777778,64.0,0.075,0.04153049110081101,214,40.0,0,0.0,,,HPA-fast,kill_cascade,122
20.0,0.15773123906207553,0.0,77.12361111111112,54.0,0.075,0.0453307824728064,134,20.0,0,0.0,,,HPA-fast,kill_cascade,123
20.0,0.2226764746698362,0.0,81.01666666666667,57.0,0.075,0.1800000005103645,155,20.0,0,0.0,,,HPA-fast,kill_cascade,124
30.0,0.5620146452334662,0.0,79.85,63.0,0.075,0.05185761337188955,218,30.0,0,0.0,,,HPA-fast,kill_cascade,125
40.0,0.466450300376009,0.0,79.99027777777778,53.0,0.075,0.04199997764852038,153,40.0,0,0.0,,,HPA-fast,kill_cascade,126
20.0,0.2114914565041981,0.0,77.75,57.0,0.075,0.04157821305063397,132,20.0,0,0.0,,,HPA-fast,kill_cascade,127
0.0,0.0,0.0,82.66527777777777,64.0,0.075,1.0,211,0.0,0,0.0,,,HPA-fast,kill_cascade,128
75.0,1.073627503358332,0.0,77.93055555555556,56.0,0.075,0.040833964002061386,137,75.0,0,0.0,,,HPA-fast,kill_cascade,129
35.0,0.49235848553452755,0.0,80.28333333333333,55.0,0.075,0.03977731661790534,146,35.0,0,0.0,,,HPA-fast,kill_cascade,130
65.0,1.1343563715815574,0.0,82.1125,67.0,0.075,0.004597372520588861,204,65.0,0,0.0,,,HPA-fast,kill_cascade,131
75.0,1.3601503663374759,0.0,83.52916666666667,84.0,0.075,0.008662875131757546,190,75.0,0,0.0,,,HPA-fast,kill_cascade,132
15.0,0.10126795145906087,0.0,77.81111111111112,59.0,0.075,0.29136978976500094,116,15.0,0,0.0,,,HPA-fast,kill_cascade,133
15.0,0.09640585847727756,0.0,82.50555555555556,62.0,0.075,0.1800000011570102,215,15.0,0,0.0,,,HPA-fast,kill_cascade,134
35.0,0.3399367686954591,0.0,77.13055555555556,57.0,0.075,0.044669717109208945,133,35.0,0,0.0,,,HPA-fast,kill_cascade,135
70.0,1.3750345953383314,0.0,83.175,71.0,0.075,0.00771105617098971,171,70.0,0,0.0,,,HPA-fast,kill_cascade,136
45.0,0.750130852829578,0.0,79.98611111111111,62.0,0.075,0.0407116132222619,224,45.0,0,0.0,,,HPA-fast,kill_cascade,137
45.0,0.6636244460992202,0.0,80.12222222222222,55.0,0.075,0.04074377398077363,167,45.0,0,0.0,,,HPA-fast,kill_cascade,138
20.0,0.16119267247963753,0.0,77.25277777777778,57.0,0.075,0.04116499700564289,110,20.0,0,0.0,,,HPA-fast,kill_cascade,139
25.0,0.246670231403745,0.0,96.23611111111111,59.0,0.075,0.06842919791722504,58,25.0,0,0.0,,,HPA-45,kill_cascade,100
35.0,0.5461810321080951,0.0,100.75138888888888,93.0,0.075,0.01844707855549977,90,35.0,0,0.0,,,HPA-45,kill_cascade,101
45.0,0.6909564639752008,0.0,99.3861111111111,65.0,0.075,0.040112562948874324,64,45.0,0,0.0,,,HPA-45,kill_cascade,102
25.0,0.28132403791691907,0.0,96.02777777777777,66.0,0.075,0.03452614552499518,68,25.0,0,0.0,,,HPA-45,kill_cascade,103
15.0,0.11149783069430708,0.0,100.94305555555556,72.0,0.075,0.18000000084560613,82,15.0,0,0.0,,,HPA-45,kill_cascade,104
15.0,0.14609813298874785,0.0,99.15694444444445,69.0,0.075,0.051081638055456,74,15.0,0,0.0,,,HPA-45,kill_cascade,105
30.0,0.3507135621106161,0.0,98.0125,61.0,0.075,0.04397375643782039,67,30.0,0,0.0,,,HPA-45,kill_cascade,106
35.0,0.4663476569739866,0.0,99.89861111111111,101.0,0.075,0.041249154457011473,91,35.0,0,0.0,,,HPA-45,kill_cascade,107
25.0,0.340741472343542,0.0,97.20138888888889,61.0,0.075,0.05120986364807562,58,25.0,0,0.0,,,HPA-45,kill_cascade,108
45.0,0.5199569968661333,0.0,97.84444444444445,69.0,0.075,0.016421300586813688,64,45.0,0,0.0,,,HPA-45,kill_cascade,109
30.0,0.22105210667748842,0.0,99.64722222222223,74.0,0.075,0.014009753150923685,75,30.0,0,0.0,,,HPA-45,kill_cascade,110
15.0,0.11254070469542965,0.0,100.08611111111111,72.0,0.075,0.04673316508474068,79,15.0,0,0.0,,,HPA-45,kill_cascade,111
15.0,0.14079331470576717,0.0,98.29583333333333,59.0,0.075,0.18000000077981368,63,15.0,0,0.0,,,HPA-45,kill_cascade,112
30.0,0.6069546350912836,0.0,99.00277777777778,97.0,0.075,0.039283455488064764,90,30.0,0,0.0,,,HPA-45,kill_cascade,113
15.0,0.16647801457180256,0.0,96.07916666666667,58.0,0.075,0.18000000065539526,56,15.0,0,0.0,,,HPA-45,kill_cascade,114
20.0,0.19281896061892345,0.0,95.04444444444445,64.0,0.075,0.18000000051610557,54,20.0,0,0.0,,,HPA-45,kill_cascade,115
20.0,0.27406127210924947,0.0,100.35694444444445,75.0,0.075,0.05192783127209807,84,20.0,0,0.0,,,HPA-45,kill_cascade,116
5.0,0.005787497625342475,0.0,99.5111111111111,71.0,0.075,0.9455867657833689,69,5.0,0,0.0,,,HPA-45,kill_cascade,117
45.0,0.5523154886527215,0.0,100.8861111111111,69.0,0.075,0.007111871970881912,61,45.0,0,0.0,,,HPA-45,kill_cascade,118
35.0,0.7744896198640494,0.0,101.93472222222222,99.0,0.075,0.04809536219320475,103,35.0,0,0.0,,,HPA-45,kill_cascade,119
40.0,0.48252595604447723,0.0,100.28472222222223,66.0,0.075,0.015373599965795171,57,40.0,0,0.0,,,HPA-45,kill_cascade,120
15.0,0.15707183360048615,0.0,95.575,66.0,0.075,0.1800000007347881,63,15.0,0,0.0,,,HPA-45,kill_cascade,121
35.0,0.5181368316446999,0.0,100.55,75.0,0.075,0.04153049110081101,79,35.0,0,0.0,,,HPA-45,kill_cascade,122
20.0,0.11152659081427041,0.0,99.30972222222222,66.0,0.075,0.18000000094851015,76,20.0,0,0.0,,,HPA-45,kill_cascade,123
20.0,0.21348931252358483,0.0,97.99444444444444,64.0,0.075,0.1800000005103645,63,20.0,0,0.0,,,HPA-45,kill_cascade,124
30.0,0.5486734166509577,0.0,96.98333333333333,64.0,0.075,0.05185761337188955,80,30.0,0,0.0,,,HPA-45,kill_cascade,125
40.0,0.4675544457868219,0.0,97.28888888888889,64.0,0.075,0.04199997764852038,59,40.0,0,0.0,,,HPA-45,kill_cascade,126
20.0,0.1570172779117085,0.0,95.26944444444445,65.0,0.075,0.1800000007005381,56,20.0,0,0.0,,,HPA-45,kill_cascade,127
0.0,0.0,0.0,100.3013888888889,70.0,0.075,1.0,89,0.0,0,0.0,,,HPA-45,kill_cascade,128
35.0,0.4225660514216467,0.0,99.15833333333333,71.0,0.075,0.040833964002061386,63,35.0,0,0.0,,,HPA-45,kill_cascade,129
30.0,0.47164714628228355,0.0,97.80416666666666,59.0,0.075,0.03977731661790534,61,30.0,0,0.0,,,HPA-45,kill_cascade,130
5.0,0.005002752036675773,0.0,96.70555555555555,76.0,0.075,0.9473054291820711,75,5.0,0,0.0,,,HPA-45,kill_cascade,131
75.0,1.4390232001739278,0.0,106.87777777777778,95.0,0.075,0.007742685045900294,79,75.0,0,0.0,,,HPA-45,kill_cascade,132
20.0,0.1676169917673498,0.0,97.56805555555556,69.0,0.075,0.017187961048582997,61,20.0,0,0.0,,,HPA-45,kill_cascade,133
15.0,0.09640585847727756,0.0,100.09305555555555,74.0,0.075,0.1800000011570102,78,15.0,0,0.0,,,HPA-45,kill_cascade,134
30.0,0.27029394213089475,0.0,100.35972222222222,71.0,0.075,0.044669717109208945,69,30.0,0,0.0,,,HPA-45,kill_cascade,135
75.0,1.408479639902449,0.0,106.43333333333334,88.0,0.075,0.006782622400843019,76,75.0,0,0.0,,,HPA-45,kill_cascade,136
35.0,0.6349171104783058,0.0,100.05694444444444,97.0,0.075,0.0407116132222619,93,35.0,0,0.0,,,HPA-45,kill_cascade,137
35.0,0.5531217423950574,0.0,96.9263888888889,61.0,0.075,0.04074377398077363,64,35.0,0,0.0,,,HPA-45,kill_cascade,138
15.0,0.14709278604876364,0.0,96.13194444444444,70.0,0.075,0.18000000068511354,62,15.0,0,0.0,,,HPA-45,kill_cascade,139
25.0,0.2667207715074116,0.0,128.4361111111111,87.0,0.075,0.038591529422674985,106,25.0,0,0.0,,,PredHPA,kill_cascade,100
25.0,0.3038657363452102,0.0,133.07777777777778,103.0,0.075,0.03228211444900816,105,25.0,0,0.0,,,PredHPA,kill_cascade,101
0.0,0.0049313905651882095,0.0,122.56111111111112,75.0,0.075,0.9528356309334766,103,0.0,0,0.0,,,PredHPA,kill_cascade,102
0.0,0.0,0.0,114.61944444444444,80.0,0.075,1.0,86,0.0,0,0.0,,,PredHPA,kill_cascade,103
0.0,0.0,0.0,128.65277777777777,91.0,0.075,1.0,98,0.0,0,0.0,,,PredHPA,kill_cascade,104
0.0,0.0,0.0,114.875,71.0,0.075,1.0,79,0.0,0,0.0,,,PredHPA,kill_cascade,105
25.0,0.28475947921724476,0.0,129.45694444444445,88.0,0.075,0.04397375643782039,98,25.0,0,0.0,,,PredHPA,kill_cascade,106
0.0,0.0,0.0,129.08194444444445,98.0,0.075,1.0,104,0.0,0,0.0,,,PredHPA,kill_cascade,107
0.0,0.0,0.0,125.62361111111112,100.0,0.075,1.0,113,0.0,0,0.0,,,PredHPA,kill_cascade,108
0.0,0.0,0.0,112.84027777777777,78.0,0.075,1.0,78,0.0,0,0.0,,,PredHPA,kill_cascade,109
0.0,0.0,0.0,127.75694444444444,93.0,0.075,1.0,90,0.0,0,0.0,,,PredHPA,kill_cascade,110
0.0,0.0,0.0,115.65972222222223,72.0,0.075,1.0,78,0.0,0,0.0,,,PredHPA,kill_cascade,111
0.0,0.0,0.0,126.99305555555556,87.0,0.075,1.0,105,0.0,0,0.0,,,PredHPA,kill_cascade,112
35.0,0.6300089274783538,0.0,132.30972222222223,90.0,0.075,0.039283455488064764,108,35.0,0,0.0,,,PredHPA,kill_cascade,113
0.0,0.0,0.0,126.31944444444444,106.0,0.075,1.0,119,0.0,0,0.0,,,PredHPA,kill_cascade,114
20.0,0.2631206397566088,0.0,117.57777777777778,81.0,0.075,0.036827185541548096,94,20.0,0,0.0,,,PredHPA,kill_cascade,115
0.0,0.0,0.0,128.86527777777778,90.0,0.075,1.0,105,0.0,0,0.0,,,PredHPA,kill_cascade,116
5.0,0.005787497625342475,0.0,116.86805555555556,73.0,0.075,0.9455867657833689,70,5.0,0,0.0,,,PredHPA,kill_cascade,117
0.0,0.0032722324404099723,0.0,127.70277777777778,90.0,0.075,0.9812343551058752,105,0.0,0,0.0,,,PredHPA,kill_cascade,118
20.0,0.4119692355374571,0.0,130.2625,93.0,0.075,0.03684075594262648,105,20.0,0,0.0,,,PredHPA,kill_cascade,119
35.0,0.3826315601431207,0.0,130.7736111111111,109.0,0.075,0.015373599965795171,127,35.0,0,0.0,,,PredHPA,kill_cascade,120
0.0,0.0,0.0,114.67083333333333,81.0,0.075,1.0,91,0.0,0,0.0,,,PredHPA,kill_cascade,121
0.0,0.0,0.0,129.1013888888889,93.0,0.075,1.0,86,0.0,0,0.0,,,PredHPA,kill_cascade,122
0.0,0.0,0.0,114.72777777777777,72.0,0.075,1.0,85,0.0,0,0.0,,,PredHPA,kill_cascade,123
0.0,0.0,0.0,127.59166666666667,88.0,0.075,1.0,98,0.0,0,0.0,,,PredHPA,kill_cascade,124
20.0,0.33765180075522316,0.0,130.3125,97.0,0.075,0.0441143382574647,104,20.0,0,0.0,,,PredHPA,kill_cascade,125
0.0,0.0,0.0,120.4486111111111,75.0,0.075,1.0,102,0.0,0,0.0,,,PredHPA,kill_cascade,126
0.0,0.0,0.0,115.02777777777777,82.0,0.075,1.0,98,0.0,0,0.0,,,PredHPA,kill_cascade,127
0.0,0.0,0.0,130.96944444444443,94.0,0.075,1.0,96,0.0,0,0.0,,,PredHPA,kill_cascade,128
0.0,0.0,0.0,115.65972222222223,73.0,0.075,1.0,81,0.0,0,0.0,,,PredHPA,kill_cascade,129
30.0,0.47135979577048737,0.0,131.04444444444445,89.0,0.075,0.03977731661790534,117,30.0,0,0.0,,,PredHPA,kill_cascade,130
0.0,0.0,0.0,128.61111111111111,96.0,0.075,1.0,90,0.0,0,0.0,,,PredHPA,kill_cascade,131
55.0,0.8475303729808426,0.0,133.96527777777777,108.0,0.075,0.010358479666582612,130,55.0,0,0.0,,,PredHPA,kill_cascade,132
0.0,0.0,0.0,115.51527777777778,79.0,0.075,1.0,102,0.0,0,0.0,,,PredHPA,kill_cascade,133
0.0,0.0,0.0,128.74166666666667,92.0,0.075,1.0,95,0.0,0,0.0,,,PredHPA,kill_cascade,134
0.0,0.0,0.0,115.59166666666667,72.0,0.075,1.0,86,0.0,0,0.0,,,PredHPA,kill_cascade,135
50.0,0.8487160538344307,0.0,138.2888888888889,99.0,0.075,0.010141029897953896,112,50.0,0,0.0,,,PredHPA,kill_cascade,136
0.0,0.0,0.0,129.89027777777778,94.0,0.075,1.0,101,0.0,0,0.0,,,PredHPA,kill_cascade,137
40.0,0.5790023925219989,0.0,129.2,95.0,0.075,0.04074377398077363,120,40.0,0,0.0,,,PredHPA,kill_cascade,138
0.0,0.0,0.0,115.13194444444444,81.0,0.075,1.0,95,0.0,0,0.0,,,PredHPA,kill_cascade,139
45.0,0.5036615471225026,0.022019606413138822,78.19305555555556,47.0,0.075,0.049045932745650396,57,40.0,0,0.0,,,HPA+RL,kill_cascade,100
105.0,1.823988259018261,0.049453619043827134,88.85972222222222,88.0,0.075,0.010297580255009839,95,65.0,0,0.0,,,HPA+RL,kill_cascade,101
50.0,0.7392340106663786,0.0,79.59583333333333,59.0,0.075,0.040112562948874324,52,50.0,0,0.0,,,HPA+RL,kill_cascade,102
40.0,0.5458596154898299,0.005721536146842355,76.175,54.0,0.075,0.04616528512322946,52,40.0,0,0.0,,,HPA+RL,kill_cascade,103
60.0,0.515088823397758,0.060770661722405715,79.25694444444444,54.0,0.075,0.04548201096065243,56,15.0,0,0.0,,,HPA+RL,kill_cascade,104
15.0,0.14359387425390002,0.0029367701710298296,79.33611111111111,54.0,0.075,0.18000000074724262,59,15.0,0,0.0,,,HPA+RL,kill_cascade,105
50.0,0.6925004603311469,0.018168962591656037,79.42222222222222,48.0,0.075,0.04397375643782039,63,45.0,0,0.0,,,HPA+RL,kill_cascade,106
90.0,1.2891145540148252,0.09283284072082669,77.85833333333333,60.0,0.075,0.041249154457011473,76,60.0,0,0.0,,,HPA+RL,kill_cascade,107
45.0,0.7003239656592775,0.0,79.08194444444445,61.0,0.075,0.03698120449141848,61,45.0,0,0.0,,,HPA+RL,kill_cascade,108
90.0,1.15280095147281,0.008437648691033974,81.15833333333333,65.0,0.075,0.004582752987236789,56,85.0,0,0.0,,,HPA+RL,kill_cascade,109
70.0,0.4180908335844613,0.08433655326536639,77.7625,55.0,0.075,0.014009753150923685,53,35.0,0,0.0,,,HPA+RL,kill_cascade,110
15.0,0.1184035213596335,0.005862816664202568,79.575,54.0,0.075,0.04673316508474068,63,15.0,0,0.0,,,HPA+RL,kill_cascade,111
25.0,0.16598334391955127,0.01941737361453987,77.00972222222222,45.0,0.075,0.18000000077981368,54,20.0,0,0.0,,,HPA+RL,kill_cascade,112
60.0,0.7623976729034809,0.04396207653212987,79.33472222222223,80.0,0.075,0.039283455488064764,83,40.0,0,0.0,,,HPA+RL,kill_cascade,113
20.0,0.2119608049312771,0.0,78.85,63.0,0.075,0.04710273453514888,54,20.0,0,0.0,,,HPA+RL,kill_cascade,114
35.0,0.46831805665616955,0.004443887379345494,75.23472222222222,52.0,0.075,0.05089265193393842,52,35.0,0,0.0,,,HPA+RL,kill_cascade,115
90.0,1.1358857789013466,0.0630109103588652,83.98055555555555,62.0,0.075,0.024305630599776612,74,20.0,0,0.0,,,HPA+RL,kill_cascade,116
40.0,0.6088980944944589,0.004274893933371406,82.15833333333333,57.0,0.075,0.04019649922790583,64,40.0,0,0.0,,,HPA+RL,kill_cascade,117
60.0,0.7077075155603185,0.02208615994044601,81.2875,55.0,0.075,0.008162621257062774,67,55.0,0,0.0,,,HPA+RL,kill_cascade,118
75.0,1.1840745999040392,0.07285141217549677,82.05833333333334,82.0,0.075,0.04809536219320475,87,35.0,0,0.0,,,HPA+RL,kill_cascade,119
80.0,1.2314463918266405,0.0,85.25694444444444,70.0,0.075,0.007928695282954501,64,80.0,0,0.0,,,HPA+RL,kill_cascade,120
25.0,0.2465904483870185,0.005740499076658089,75.975,52.0,0.075,0.1800000007347881,46,25.0,0,0.0,,,HPA+RL,kill_cascade,121
75.0,0.932771668271859,0.04424559225660716,79.73333333333333,56.0,0.075,0.04153049110081101,62,55.0,0,0.0,,,HPA+RL,kill_cascade,122
20.0,0.15773123906207553,0.0,79.8861111111111,53.0,0.075,0.0453307824728064,60,20.0,0,0.0,,,HPA+RL,kill_cascade,123
40.0,0.5532740777012601,0.015753212046014684,77.01388888888889,46.0,0.075,0.03650857686965884,53,35.0,0,0.0,,,HPA+RL,kill_cascade,124
70.0,1.0319441759562786,0.058375622942807036,80.49027777777778,82.0,0.075,0.03254958516856961,90,25.0,0,0.0,,,HPA+RL,kill_cascade,125
40.0,0.4679261888449471,0.0,78.21527777777777,55.0,0.075,0.04199997764852038,57,40.0,0,0.0,,,HPA+RL,kill_cascade,126
20.0,0.1589757408838044,0.001958462972101278,75.77361111111111,52.0,0.075,0.1800000007005381,53,20.0,0,0.0,,,HPA+RL,kill_cascade,127
20.0,0.10904654900114608,0.05097314952334376,78.5125,54.0,0.075,0.8532210963400152,61,10.0,0,0.0,,,HPA+RL,kill_cascade,128
40.0,0.43356564575152134,0.009566148315687827,80.10555555555555,53.0,0.075,0.040833964002061386,60,35.0,0,0.0,,,HPA+RL,kill_cascade,129
45.0,0.4991752329052912,0.021319915252515993,82.47222222222223,70.0,0.075,0.03977731661790534,68,35.0,0,0.0,,,HPA+RL,kill_cascade,130
110.0,1.4747290057722684,0.08300688953185877,84.28194444444445,78.0,0.075,0.00770657799954936,90,70.0,0,0.0,,,HPA+RL,kill_cascade,131
90.0,1.6876999071845256,0.0,90.10277777777777,82.0,0.075,0.004330756834251203,78,90.0,0,0.0,,,HPA+RL,kill_cascade,132
75.0,0.7714461327892774,0.010280348076063492,78.52222222222223,53.0,0.075,0.004908561857231263,60,70.0,0,0.0,,,HPA+RL,kill_cascade,133
40.0,0.2021142587287139,0.05430926151868297,78.02222222222223,55.0,0.075,0.05442143215116265,56,15.0,0,0.0,,,HPA+RL,kill_cascade,134
35.0,0.3468484521443216,0.005706326980141338,78.65,51.0,0.075,0.044669717109208945,56,35.0,0,0.0,,,HPA+RL,kill_cascade,135
90.0,1.5569114099442505,0.023037271344702345,86.97638888888889,74.0,0.075,0.0079126785471736,76,80.0,0,0.0,,,HPA+RL,kill_cascade,136
85.0,1.082228152623932,0.09032978216497871,80.69166666666666,87.0,0.075,0.0407116132222619,89,45.0,0,0.0,,,HPA+RL,kill_cascade,137
45.0,0.6343186505605392,0.0,78.80972222222222,57.0,0.075,0.04074377398077363,60,45.0,0,0.0,,,HPA+RL,kill_cascade,138
25.0,0.21511131699036845,0.014093338547829352,74.94583333333334,53.0,0.075,0.046344295134597854,45,20.0,0,0.0,,,HPA+RL,kill_cascade,139
15.0,0.1603049304592319,0.0,110.00694444444444,106.0,0.075,0.18000000240228684,815,15.0,10,0.0,,,ARC,kill_cascade,100
20.0,0.12776641452962867,0.0,102.68055555555556,107.0,0.075,0.22752832377314638,912,10.0,10,0.0,,,ARC,kill_cascade,101
30.0,0.4793679689582775,0.0,105.14444444444445,84.0,0.075,0.050494124052868725,826,30.0,11,0.0,,,ARC,kill_cascade,102
15.0,0.15428798949155276,0.0,101.94305555555556,91.0,0.075,0.1800000018903946,856,15.0,11,0.0,,,ARC,kill_cascade,103
25.0,0.21495455923586926,0.0,108.225,104.0,0.07500000000000004,0.18000000310055603,884,15.0,11,0.0,,,ARC,kill_cascade,104
15.0,0.14065710384613128,0.0,97.16944444444445,80.0,0.075,0.1800000023273674,754,15.0,11,15.0,,,ARC,kill_cascade,105
35.0,0.37059566874276806,0.0,98.66527777777777,89.0,0.075,0.05457150951141168,791,25.0,11,0.0,,,ARC,kill_cascade,106
15.0,0.2457840382623533,0.0,104.60972222222222,105.0,0.075,0.17545074499323993,970,0.0,11,0.0,,,ARC,kill_cascade,107
15.0,0.1848399711925519,0.0,101.51944444444445,82.0,0.075,0.18000000193144125,853,15.0,11,0.0,,,ARC,kill_cascade,108
10.0,0.06976030223421192,0.0,101.18472222222222,88.0,0.075,0.0893288019037623,807,10.0,11,0.0,,,ARC,kill_cascade,109
25.0,0.12296300414271766,0.0,108.96388888888889,107.0,0.075,0.6020479723940112,886,5.0,11,0.0,,,ARC,kill_cascade,110
15.0,0.10590833163158786,0.0,97.10277777777777,76.0,0.075,0.1800000032701264,761,15.0,11,0.0,,,ARC,kill_cascade,111
15.0,0.03789411485394245,0.0,96.58888888888889,88.0,0.075,0.9140019645574704,762,0.0,11,0.0,,,ARC,kill_cascade,112
25.0,0.5682621112162445,0.0,109.4486111111111,120.0,0.075,0.04851728767617478,932,25.0,10,0.0,,,ARC,kill_cascade,113
0.0,0.0,0.0,110.12222222222222,90.0,0.075,1.0,914,0.0,11,0.0,,,ARC,kill_cascade,114
15.0,0.1813578458193521,0.0,100.26527777777778,90.0,0.075,0.18000000189238716,796,15.0,11,5.0,,,ARC,kill_cascade,115
15.0,0.20745356187309438,0.0,109.4625,98.0,0.075,0.18000000194871013,909,15.0,11,5.0,,,ARC,kill_cascade,116
30.0,0.517962072837197,0.0,99.14166666666667,83.0,0.075,0.0503712506046366,743,30.0,11,0.0,,,ARC,kill_cascade,117
0.0,0.0,0.0,106.73611111111111,105.0,0.075,1.0,808,0.0,11,0.0,,,ARC,kill_cascade,118
30.0,0.7718322497860197,0.0,102.92083333333333,97.0,0.075,0.04770208366304136,894,15.0,11,0.0,,,ARC,kill_cascade,119
15.0,0.11622570200402471,0.0,103.65972222222223,83.0,0.075,0.29603174431136897,891,15.0,11,0.0,,,ARC,kill_cascade,120
15.0,0.15707183336554076,0.0,101.47083333333333,94.0,0.075,0.1800000022431352,845,15.0,11,0.0,,,ARC,kill_cascade,121
35.0,0.45857876648993656,0.0,108.44722222222222,105.0,0.075,0.05257602483817188,892,0.0,11,15.0,,,ARC,kill_cascade,122
0.0,0.0,0.0,90.79861111111111,72.0,0.075,1.0,705,0.0,11,0.0,,,ARC,kill_cascade,123
30.0,0.33823733271530765,0.0,111.32916666666667,99.0,0.075,0.06626818412159734,824,10.0,10,10.0,,,ARC,kill_cascade,124
40.0,0.45549681502272676,0.0,107.45833333333333,107.0,0.075,0.18000000132562247,990,15.0,11,0.0,,,ARC,kill_cascade,125
30.0,0.39730435045837176,0.0,99.49027777777778,79.0,0.075,0.0546281151452992,796,30.0,11,0.0,,,ARC,kill_cascade,126
10.0,0.10267795396704527,0.0,112.71388888888889,100.0,0.075,0.18000000245065104,898,10.0,11,0.0,,,ARC,kill_cascade,127
0.0,0.001999988110068518,0.0,109.56111111111112,108.0,0.075,0.9861071383673587,912,0.0,11,0.0,,,ARC,kill_cascade,128
0.0,0.0,0.0,104.37777777777778,86.0,0.075,1.0,788,0.0,11,0.0,,,ARC,kill_cascade,129
0.0,0.0,0.0,105.59027777777777,94.0,0.075,1.0,759,0.0,11,0.0,,,ARC,kill_cascade,130
5.0,0.007350051473065111,0.0,105.07777777777778,111.0,0.075,0.9473054291820711,903,5.0,10,0.0,,,ARC,kill_cascade,131
30.0,0.45128669578140546,0.0,102.66666666666667,83.0,0.075,0.03283592875058064,865,30.0,11,0.0,,,ARC,kill_cascade,132
5.0,0.015655261247571328,0.0,99.16111111111111,95.0,0.075,0.759671364041995,866,5.0,11,0.0,,,ARC,kill_cascade,133
15.0,0.3391367836743764,0.0,105.16666666666667,99.0,0.075,0.04542710158001164,880,15.0,11,0.0,,,ARC,kill_cascade,134
25.0,0.255023947224986,0.0,93.9125,74.0,0.075,0.057559335691007046,749,25.0,11,0.0,,,ARC,kill_cascade,135
30.0,0.429232182431194,0.0,111.05555555555556,105.0,0.075,0.032794797771612975,836,30.0,10,0.0,,,ARC,kill_cascade,136
30.0,0.195759853663513,0.0,102.26805555555555,103.0,0.075,0.5362995510239019,933,0.0,11,0.0,,,ARC,kill_cascade,137
35.0,0.4405457976728755,0.0,102.19722222222222,85.0,0.075,0.0517828469029121,837,35.0,11,0.0,,,ARC,kill_cascade,138
0.0,0.0,0.0,99.37777777777778,91.0,0.075,1.0,830,0.0,11,0.0,,,ARC,kill_cascade,139
2005.0,29.53177279768193,0.0,45.833333333333336,25.0,3.075,9.883994436916618e-05,0,520.0,0,0.0,,,Static,node_failure,100
975.0,16.63265079460514,0.0,56.833333333333336,31.0,3.0549999999999997,0.0002011193986668021,0,15.0,0,0.0,,,Static,node_failure,101
2500.0,38.27050305238641,0.0,56.833333333333336,31.0,3.0549999999999997,0.0007062275794669007,0,10.0,0,0.0,,,Static,node_failure,102
5640.0,85.00260003015467,0.0,49.5,27.0,3.4989507697483853,0.00018423388410354494,0,1200.0,0,0.0,,,Static,node_failure,103
1385.0,21.903192883127463,0.0,45.833333333333336,25.0,3.075,0.02291701110675936,0,55.0,0,0.0,,,Static,node_failure,104
25.0,0.16568128537659543,0.0,66.0,36.0,0.075,0.5854763781947085,0,0.0,0,0.0,,,Static,node_failure,105
2030.0,30.298102057157784,0.0,45.833333333333336,25.0,3.075,9.529606927758844e-05,0,580.0,0,0.0,,,Static,node_failure,106
965.0,16.243226684647194,0.0,56.833333333333336,31.0,3.0549999999999997,0.00020271775342237556,0,5.0,0,0.0,,,Static,node_failure,107
695.0,10.035781943179556,0.0,55.0,30.0,2.781936562055593,0.00024638065242332466,0,255.0,0,0.0,,,Static,node_failure,108
5425.0,81.8857611075369,0.0,49.5,27.0,3.4330896253161396,0.00018541013815969481,0,20.0,0,0.0,,,Static,node_failure,109
1375.0,21.826334883357024,0.0,45.833333333333336,25.0,3.075,0.02299245461460558,0,20.0,0,0.0,,,Static,node_failure,110
220.0,3.4218067627389437,0.0,66.0,36.0,0.075,0.019594146374419873,0,0.0,0,0.0,,,Static,node_failure,111
1580.0,23.55629773659109,0.0,45.833333333333336,25.0,3.075,0.024303267053257912,0,10.0,0,0.0,,,Static,node_failure,112
1240.0,20.617496420000016,0.0,56.833333333333336,31.0,3.0549999999999997,0.00020623611502431475,0,275.0,0,0.0,,,Static,node_failure,113
470.0,5.91656276639585,0.0,55.0,30.0,0.8517398171344636,0.033552899986137794,0,10.0,0,0.0,,,Static,node_failure,114
5635.0,84.9297908987392,0.0,49.5,27.0,3.41682692702093,0.0001856162839373123,0,1200.0,0,0.0,,,Static,node_failure,115
1390.0,22.22100411410065,0.0,45.833333333333336,25.0,3.075,0.023163298165652282,0,30.0,0,0.0,,,Static,node_failure,116
220.0,3.4004008430139843,0.0,66.0,36.0,0.075,0.02033109877834759,0,10.0,0,0.0,,,Static,node_failure,117
1625.0,24.198274623889226,0.0,45.833333333333336,25.0,3.075,0.00028928018134351366,0,120.0,0,0.0,,,Static,node_failure,118
1650.0,27.13431914094627,0.0,56.833333333333336,31.0,3.0549999999999997,5.443114912568093e-05,0,555.0,0,0.0,,,Static,node_failure,119
2170.0,33.826962543817764,0.0,56.833333333333336,31.0,3.0549999999999997,0.0006069412803320888,0,25.0,0,0.0,,,Static,node_failure,120
5565.0,84.0184865401955,0.0,51.333333333333336,28.0,3.478813883995306,0.00018308992582848283,0,1200.0,0,0.0,,,Static,node_failure,121
1380.0,22.10731647168328,0.0,45.833333333333336,25.0,3.075,0.022209407028995418,0,30.0,0,0.0,,,Static,node_failure,122
5.0,0.01940230647281549,0.0,66.0,36.0,0.075,0.9273670489713707,0,0.0,0,0.0,,,Static,node_failure,123
1640.0,23.864800208747095,0.0,45.833333333333336,25.0,3.075,0.023647816154469002,0,60.0,0,0.0,,,Static,node_failure,124
1135.0,19.04505998833581,0.0,56.833333333333336,31.0,3.0549999999999997,0.00013743854734021336,0,35.0,0,0.0,,,Static,node_failure,125
540.0,7.3794917163406915,0.0,55.0,30.0,1.4129314688340615,0.031770759872522966,0,95.0,0,0.0,,,Static,node_failure,126
5640.0,84.9062319293827,0.0,49.5,27.0,3.418706863813027,0.00019052381920947606,0,1200.0,0,0.0,,,Static,node_failure,127
1365.0,22.153332767240062,0.0,45.833333333333336,25.0,3.075,0.022246861415719285,0,20.0,0,0.0,,,Static,node_failure,128
105.0,1.3931190534628657,0.0,66.0,36.0,0.075,0.02219281435686567,0,75.0,0,0.0,,,Static,node_failure,129
1945.0,28.645111721482554,0.0,45.833333333333336,25.0,3.075,2.1229884119396698e-05,0,395.0,0,0.0,,,Static,node_failure,130
1090.0,18.226350661071113,0.0,56.833333333333336,31.0,3.0549999999999997,0.00020601812876922722,0,5.0,0,0.0,,,Static,node_failure,131
630.0,8.656353200248667,0.0,55.0,30.0,1.834840383915514,0.0006159645848584165,0,140.0,0,0.0,,,Static,node_failure,132
4695.0,72.1521924537243,0.0,49.5,27.0,3.380852515519354,0.00018079275247498045,0,10.0,0,0.0,,,Static,node_failure,133
1380.0,22.264686589500148,0.0,45.833333333333336,25.0,3.075,0.02316611582011008,0,20.0,0,0.0,,,Static,node_failure,134
10.0,0.03039474492138039,0.0,66.0,36.0,0.075,0.903242601855581,0,0.0,0,0.0,,,Static,node_failure,135
5395.0,84.26083772194933,0.0,47.666666666666664,26.0,3.6870247692347458,1.250069205502327e-05,0,715.0,0,0.0,,,Static,node_failure,136
1060.0,17.869156320715273,0.0,56.833333333333336,31.0,3.0549999999999997,0.0001397818504492376,0,75.0,0,0.0,,,Static,node_failure,137
585.0,8.49294498720502,0.0,55.0,30.0,1.862557476539317,0.0023584256926846986,0,160.0,0,0.0,,,Static,node_failure,138
5635.0,84.96556928884478,0.0,49.5,27.0,3.4523765010175014,0.00017784093234998573,0,1200.0,0,0.0,,,Static,node_failure,139
0.0,0.0,0.0,77.66944444444445,47.0,0.075,1.0,57,0.0,0,0.0,,,HPA,node_failure,100
30.0,0.4339787519377136,0.0,80.1361111111111,88.0,0.075,0.06069313606043043,77,0.0,0,0.0,,,HPA,node_failure,101
0.0,0.0,0.0,78.58472222222223,59.0,0.075,1.0,52,0.0,0,0.0,,,HPA,node_failure,102
5.0,0.006883822856817989,0.0,74.99583333333334,53.0,0.075,0.9320735831291078,50,5.0,0,0.0,,,HPA,node_failure,103
35.0,0.35627240074150857,0.0,79.65555555555555,54.0,0.075,0.20571470218476848,62,5.0,0,0.0,,,HPA,node_failure,104
0.0,0.0,0.0,78.45277777777778,54.0,0.075,1.0,57,0.0,0,0.0,,,HPA,node_failure,105
5.0,0.009588684352446197,0.0,78.15138888888889,48.0,0.075,0.9179696314414001,57,5.0,0,0.0,,,HPA,node_failure,106
15.0,0.19866227724869567,0.0,76.31944444444444,60.0,0.075,0.3652931679973914,71,0.0,0,0.0,,,HPA,node_failure,107
5.0,0.010447795903967272,0.0,78.8236111111111,61.0,0.075,0.9358806524871031,59,5.0,0,0.0,,,HPA,node_failure,108
0.0,0.0,0.0,74.81388888888888,52.0,0.075,1.0,45,0.0,0,0.0,,,HPA,node_failure,109
20.0,0.10225484243739924,0.0,77.33333333333333,56.0,0.075,0.7448385742900809,55,5.0,0,0.0,,,HPA,node_failure,110
0.0,0.0,0.0,79.49583333333334,54.0,0.075,1.0,61,0.0,0,0.0,,,HPA,node_failure,111
0.0,0.0,0.0,76.71666666666667,46.0,0.075,1.0,54,0.0,0,0.0,,,HPA,node_failure,112
70.0,1.0514500747637268,0.0,82.72222222222223,80.0,0.075,0.00032590226706875143,84,40.0,0,0.0,,,HPA,node_failure,113
0.0,0.0,0.0,78.54583333333333,63.0,0.075,1.0,54,0.0,0,0.0,,,HPA,node_failure,114
0.0,0.0,0.0,75.14722222222223,51.0,0.075,1.0,45,0.0,0,0.0,,,HPA,node_failure,115
60.0,0.8651841591695519,0.0,83.82777777777778,62.0,0.075,0.024305630599776612,75,5.0,0,0.0,,,HPA,node_failure,116
5.0,0.036989621856908794,0.0,80.59583333333333,57.0,0.075,0.6611688063379244,67,5.0,0,0.0,,,HPA,node_failure,117
10.0,0.08149957838234911,0.0,78.1361111111111,47.0,0.075,0.3836083729003604,61,10.0,0,0.0,,,HPA,node_failure,118
85.0,1.583110649363495,0.0,87.84166666666667,82.0,0.075,9.57802149801664e-05,94,60.0,0,0.0,,,HPA,node_failure,119
10.0,0.015551261089896684,0.0,77.29583333333333,58.0,0.075,0.9195828071258332,53,10.0,0,0.0,,,HPA,node_failure,120
0.0,0.0,0.0,75.12083333333334,52.0,0.075,1.0,45,0.0,0,0.0,,,HPA,node_failure,121
25.0,0.16934999340709744,0.0,79.35,57.0,0.075,0.6876583632514538,59,15.0,0,0.0,,,HPA,node_failure,122
0.0,0.0,0.0,79.58194444444445,54.0,0.075,1.0,59,0.0,0,0.0,,,HPA,node_failure,123
0.0,0.0,0.0,76.98194444444445,47.0,0.075,1.0,56,0.0,0,0.0,,,HPA,node_failure,124
65.0,1.0314431202781194,0.0,82.58055555555555,82.0,0.075,0.010207803593080869,94,35.0,0,0.0,,,HPA,node_failure,125
0.0,0.0,0.0,77.00694444444444,55.0,0.075,1.0,51,0.0,0,0.0,,,HPA,node_failure,126
0.0,0.0,0.0,76.46944444444445,54.0,0.075,1.0,53,0.0,0,0.0,,,HPA,node_failure,127
20.0,0.07904013234925067,0.0,79.20277777777778,55.0,0.075,0.8561574114653013,60,10.0,0,0.0,,,HPA,node_failure,128
0.0,0.0,0.0,78.24722222222222,54.0,0.075,1.0,47,0.0,0,0.0,,,HPA,node_failure,129
20.0,0.2659477139579258,0.0,82.3638888888889,70.0,0.075,0.05271555880992446,66,20.0,0,0.0,,,HPA,node_failure,130
20.0,0.2891158046315234,0.0,79.925,78.0,0.075,0.13177893700511106,81,0.0,0,0.0,,,HPA,node_failure,131
0.0,0.0024415607664307615,0.0,79.8125,67.0,0.075,0.974770007290384,61,0.0,0,0.0,,,HPA,node_failure,132
0.0,0.0015784117390227337,0.0,75.46805555555555,53.0,0.075,0.9917155215849786,55,0.0,0,0.0,,,HPA,node_failure,133
15.0,0.0549511211772713,0.0,78.54722222222222,55.0,0.075,0.8384218357295933,62,5.0,0,0.0,,,HPA,node_failure,134
0.0,0.0,0.0,77.59166666666667,51.0,0.075,1.0,52,0.0,0,0.0,,,HPA,node_failure,135
5.0,0.04918990372856369,0.0,79.03333333333333,48.0,0.075,0.683304546441664,68,5.0,0,0.0,,,HPA,node_failure,136
5.0,0.03040169756296507,0.0,80.6138888888889,87.0,0.075,0.8714951661211245,89,0.0,0,0.0,,,HPA,node_failure,137
0.0,0.0,0.0,77.90138888888889,57.0,0.075,1.0,56,0.0,0,0.0,,,HPA,node_failure,138
0.0,0.005921453624124773,0.0,74.57777777777778,53.0,0.075,0.9696361209054102,44,0.0,0,0.0,,,HPA,node_failure,139
0.0,0.0,0.0,79.83472222222223,56.0,0.075,1.0,142,0.0,0,0.0,,,HPA-fast,node_failure,100
5.0,0.010509933508029423,0.0,78.98055555555555,62.0,0.075,0.909244380470696,197,5.0,0,0.0,,,HPA-fast,node_failure,101
0.0,0.0,0.0,79.36944444444444,50.0,0.075,1.0,158,0.0,0,0.0,,,HPA-fast,node_failure,102
5.0,0.013139594863464943,0.0,77.53055555555555,58.0,0.075,0.8703444849213255,117,5.0,0,0.0,,,HPA-fast,node_failure,103
0.0,0.0,0.0,83.11527777777778,63.0,0.075,1.0,213,0.0,0,0.0,,,HPA-fast,node_failure,104
0.0,0.0,0.0,78.6125,56.0,0.075,1.0,143,0.0,0,0.0,,,HPA-fast,node_failure,105
0.0,0.0,0.0,80.47083333333333,56.0,0.075,1.0,160,0.0,0,0.0,,,HPA-fast,node_failure,106
0.0,0.005508100848594655,0.0,78.9,65.0,0.075,0.9772721651410842,190,0.0,0,0.0,,,HPA-fast,node_failure,107
5.0,0.010447795903967272,0.0,79.9888888888889,52.0,0.075,0.9358806524871031,157,5.0,0,0.0,,,HPA-fast,node_failure,108
0.0,0.0,0.0,77.25277777777778,55.0,0.075,1.0,118,0.0,0,0.0,,,HPA-fast,node_failure,109
0.0,0.0,0.0,83.48472222222222,63.0,0.075,1.0,221,0.0,0,0.0,,,HPA-fast,node_failure,110
0.0,0.0,0.0,77.59166666666667,57.0,0.075,1.0,145,0.0,0,0.0,,,HPA-fast,node_failure,111
0.0,0.0,0.0,80.3,57.0,0.075,1.0,142,0.0,0,0.0,,,HPA-fast,node_failure,112
0.0,0.0020655188331386576,0.0,79.35416666666667,61.0,0.075,0.9906919340146315,214,0.0,0,0.0,,,HPA-fast,node_failure,113
0.0,0.0,0.0,79.64166666666667,53.0,0.075,1.0,171,0.0,0,0.0,,,HPA-fast,node_failure,114
0.0,0.0,0.0,77.66388888888889,55.0,0.075,1.0,122,0.0,0,0.0,,,HPA-fast,node_failure,115
0.0,0.0,0.0,82.38333333333334,62.0,0.075,1.0,216,0.0,0,0.0,,,HPA-fast,node_failure,116
5.0,0.036989621856908794,0.0,77.8,56.0,0.075,0.6611688063379244,145,5.0,0,0.0,,,HPA-fast,node_failure,117
5.0,0.006208432808707531,0.0,80.50555555555556,54.0,0.075,0.9449015618971499,146,5.0,0,0.0,,,HPA-fast,node_failure,118
50.0,1.094993276363665,0.0,82.40833333333333,75.0,0.075,8.989949678941347e-05,230,50.0,0,0.0,,,HPA-fast,node_failure,119
10.0,0.015551261089896684,0.0,79.57916666666667,51.0,0.075,0.9195828071258332,151,10.0,0,0.0,,,HPA-fast,node_failure,120
0.0,0.0,0.0,78.62638888888888,61.0,0.075,1.0,132,0.0,0,0.0,,,HPA-fast,node_failure,121
0.0,0.0,0.0,83.31805555555556,63.0,0.075,1.0,214,0.0,0,0.0,,,HPA-fast,node_failure,122
0.0,0.0,0.0,76.64305555555555,53.0,0.075,1.0,129,0.0,0,0.0,,,HPA-fast,node_failure,123
0.0,0.009187162146229166,0.0,79.92222222222222,56.0,0.075,0.9608678389874559,142,0.0,0,0.0,,,HPA-fast,node_failure,124
35.0,0.5035924025342253,0.0,80.23194444444445,65.0,0.075,0.0198048609374165,210,35.0,0,0.0,,,HPA-fast,node_failure,125
0.0,0.0,0.0,79.29444444444445,52.0,0.075,1.0,150,0.0,0,0.0,,,HPA-fast,node_failure,126
0.0,0.0,0.0,77.16111111111111,58.0,0.075,1.0,119,0.0,0,0.0,,,HPA-fast,node_failure,127
0.0,0.0,0.0,83.275,65.0,0.075,1.0,222,0.0,0,0.0,,,HPA-fast,node_failure,128
15.0,0.09277616597067606,0.0,77.56111111111112,56.0,0.075,0.24642153292454655,130,15.0,0,0.0,,,HPA-fast,node_failure,129
25.0,0.2838735367100331,0.0,79.91527777777777,54.0,0.075,0.05271555880992446,152,25.0,0,0.0,,,HPA-fast,node_failure,130
0.0,0.0,0.0,79.80555555555556,64.0,0.075,1.0,188,0.0,0,0.0,,,HPA-fast,node_failure,131
0.0,0.0024415607664307615,0.0,79.60277777777777,51.0,0.075,0.974770007290384,162,0.0,0,0.0,,,HPA-fast,node_failure,132
0.0,0.0,0.0,77.4875,59.0,0.075,1.0,116,0.0,0,0.0,,,HPA-fast,node_failure,133
0.0,0.0,0.0,82.77916666666667,62.0,0.075,1.0,216,0.0,0,0.0,,,HPA-fast,node_failure,134
0.0,0.0,0.0,76.80972222222222,57.0,0.075,1.0,126,0.0,0,0.0,,,HPA-fast,node_failure,135
0.0,0.003791118667662019,0.0,80.50555555555556,56.0,0.075,0.9636837134417681,160,0.0,0,0.0,,,HPA-fast,node_failure,136
0.0,0.009463453097890984,0.0,79.47638888888889,62.0,0.075,0.9767796184712111,218,0.0,0,0.0,,,HPA-fast,node_failure,137
0.0,0.0,0.0,79.69166666666666,52.0,0.075,1.0,164,0.0,0,0.0,,,HPA-fast,node_failure,138
0.0,0.0,0.0,77.18888888888888,58.0,0.075,1.0,114,0.0,0,0.0,,,HPA-fast,node_failure,139
0.0,0.0,0.0,95.03611111111111,58.0,0.075,1.0,54,0.0,0,0.0,,,HPA-45,node_failure,100
0.0,0.0,0.0,96.99722222222222,93.0,0.075,1.0,81,0.0,0,0.0,,,HPA-45,node_failure,101
0.0,0.0,0.0,97.15,57.0,0.075,1.0,51,0.0,0,0.0,,,HPA-45,node_failure,102
0.0,0.0,0.0,95.44027777777778,65.0,0.075,1.0,63,0.0,0,0.0,,,HPA-45,node_failure,103
0.0,0.0,0.0,100.20277777777778,72.0,0.075,1.0,84,0.0,0,0.0,,,HPA-45,node_failure,104
0.0,0.0,0.0,97.97777777777777,69.0,0.075,1.0,71,0.0,0,0.0,,,HPA-45,node_failure,105
0.0,0.0,0.0,96.74166666666666,61.0,0.075,1.0,65,0.0,0,0.0,,,HPA-45,node_failure,106
0.0,0.0,0.0,99.71805555555555,101.0,0.075,1.0,86,0.0,0,0.0,,,HPA-45,node_failure,107
0.0,0.0,0.0,96.57222222222222,58.0,0.075,1.0,56,0.0,0,0.0,,,HPA-45,node_failure,108
0.0,0.0,0.0,94.42361111111111,67.0,0.075,1.0,60,0.0,0,0.0,,,HPA-45,node_failure,109
0.0,0.0,0.0,98.50138888888888,72.0,0.075,1.0,79,0.0,0,0.0,,,HPA-45,node_failure,110
0.0,0.0,0.0,99.68055555555556,72.0,0.075,1.0,72,0.0,0,0.0,,,HPA-45,node_failure,111
0.0,0.0,0.0,96.91666666666667,59.0,0.075,1.0,61,0.0,0,0.0,,,HPA-45,node_failure,112
0.0,0.0,0.0,97.14722222222223,97.0,0.075,1.0,79,0.0,0,0.0,,,HPA-45,node_failure,113
0.0,0.0,0.0,95.20416666666667,56.0,0.075,1.0,51,0.0,0,0.0,,,HPA-45,node_failure,114
0.0,0.0,0.0,93.78194444444445,64.0,0.075,1.0,50,0.0,0,0.0,,,HPA-45,node_failure,115
0.0,0.0,0.0,99.01666666666667,71.0,0.075,1.0,80,0.0,0,0.0,,,HPA-45,node_failure,116
0.0,0.0,0.0,99.30972222222222,72.0,0.075,1.0,70,0.0,0,0.0,,,HPA-45,node_failure,117
0.0,0.0,0.0,96.1,58.0,0.075,1.0,57,0.0,0,0.0,,,HPA-45,node_failure,118
35.0,0.893420124538391,0.0,101.71111111111111,99.0,0.075,0.0016974027517328283,97,35.0,0,0.0,,,HPA-45,node_failure,119
10.0,0.015551261089896684,0.0,96.75694444444444,59.0,0.075,0.9195828071258332,56,10.0,0,0.0,,,HPA-45,node_failure,120
0.0,0.0,0.0,94.9875,66.0,0.075,1.0,67,0.0,0,0.0,,,HPA-45,node_failure,121
0.0,0.0,0.0,99.35555555555555,71.0,0.075,1.0,77,0.0,0,0.0,,,HPA-45,node_failure,122
0.0,0.0,0.0,99.45555555555555,68.0,0.075,1.0,80,0.0,0,0.0,,,HPA-45,node_failure,123
0.0,0.0,0.0,96.98611111111111,59.0,0.075,1.0,61,0.0,0,0.0,,,HPA-45,node_failure,124
25.0,0.3744689728534034,0.0,96.34027777777777,68.0,0.075,0.0441143382574647,76,25.0,0,0.0,,,HPA-45,node_failure,125
0.0,0.0,0.0,95.10972222222222,57.0,0.075,1.0,54,0.0,0,0.0,,,HPA-45,node_failure,126
0.0,0.0,0.0,94.21527777777777,65.0,0.075,1.0,53,0.0,0,0.0,,,HPA-45,node_failure,127
0.0,0.0,0.0,99.63888888888889,70.0,0.075,1.0,84,0.0,0,0.0,,,HPA-45,node_failure,128
0.0,0.0,0.0,97.48194444444445,69.0,0.075,1.0,56,0.0,0,0.0,,,HPA-45,node_failure,129
0.0,0.0,0.0,96.06944444444444,59.0,0.075,1.0,55,0.0,0,0.0,,,HPA-45,node_failure,130
0.0,0.0,0.0,95.87638888888888,76.0,0.075,1.0,75,0.0,0,0.0,,,HPA-45,node_failure,131
0.0,0.0,0.0,96.46111111111111,57.0,0.075,1.0,57,0.0,0,0.0,,,HPA-45,node_failure,132
0.0,0.0,0.0,95.74583333333334,69.0,0.075,1.0,61,0.0,0,0.0,,,HPA-45,node_failure,133
0.0,0.0,0.0,98.52638888888889,73.0,0.075,1.0,79,0.0,0,0.0,,,HPA-45,node_failure,134
0.0,0.0,0.0,97.67916666666666,66.0,0.075,1.0,64,0.0,0,0.0,,,HPA-45,node_failure,135
0.0,0.0,0.0,95.825,58.0,0.075,1.0,61,0.0,0,0.0,,,HPA-45,node_failure,136
0.0,0.0,0.0,96.79722222222222,97.0,0.075,1.0,86,0.0,0,0.0,,,HPA-45,node_failure,137
0.0,0.0,0.0,96.87222222222222,59.0,0.075,1.0,67,0.0,0,0.0,,,HPA-45,node_failure,138
0.0,0.0,0.0,95.07083333333334,67.0,0.075,1.0,62,0.0,0,0.0,,,HPA-45,node_failure,139
0.0,0.0,0.0,127.38194444444444,87.0,0.075,1.0,99,0.0,0,0.0,,,PredHPA,node_failure,100
0.0,0.0,0.0,130.26805555555555,103.0,0.075,1.0,104,0.0,0,0.0,,,PredHPA,node_failure,101
0.0,0.0,0.0,122.75138888888888,76.0,0.075,1.0,109,0.0,0,0.0,,,PredHPA,node_failure,102
0.0,0.0,0.0,115.49305555555556,81.0,0.075,1.0,93,0.0,0,0.0,,,PredHPA,node_failure,103
0.0,0.0,0.0,128.89583333333334,93.0,0.075,1.0,90,0.0,0,0.0,,,PredHPA,node_failure,104
0.0,0.0,0.0,114.62361111111112,71.0,0.075,1.0,81,0.0,0,0.0,,,PredHPA,node_failure,105
0.0,0.0,0.0,126.6986111111111,86.0,0.075,1.0,92,0.0,0,0.0,,,PredHPA,node_failure,106
0.0,0.0,0.0,129.06805555555556,98.0,0.075,1.0,107,0.0,0,0.0,,,PredHPA,node_failure,107
0.0,0.0,0.0,124.76527777777778,100.0,0.075,1.0,110,0.0,0,0.0,,,PredHPA,node_failure,108
0.0,0.0,0.0,112.99722222222222,77.0,0.075,1.0,80,0.0,0,0.0,,,PredHPA,node_failure,109
0.0,0.0,0.0,128.61805555555554,94.0,0.075,1.0,88,0.0,0,0.0,,,PredHPA,node_failure,110
0.0,0.0,0.0,116.56805555555556,74.0,0.075,1.0,81,0.0,0,0.0,,,PredHPA,node_failure,111
0.0,0.0,0.0,126.21527777777777,86.0,0.075,1.0,103,0.0,0,0.0,,,PredHPA,node_failure,112
0.0,0.0,0.0,127.45555555555555,92.0,0.075,1.0,96,0.0,0,0.0,,,PredHPA,node_failure,113
0.0,0.0,0.0,125.48611111111111,106.0,0.075,1.0,119,0.0,0,0.0,,,PredHPA,node_failure,114
0.0,0.0,0.0,114.69583333333334,80.0,0.075,1.0,87,0.0,0,0.0,,,PredHPA,node_failure,115
0.0,0.0,0.0,129.13055555555556,91.0,0.075,1.0,107,0.0,0,0.0,,,PredHPA,node_failure,116
0.0,0.0,0.0,115.75555555555556,72.0,0.075,1.0,78,0.0,0,0.0,,,PredHPA,node_failure,117
0.0,0.0,0.0,128.15972222222223,90.0,0.075,1.0,108,0.0,0,0.0,,,PredHPA,node_failure,118
0.0,0.0,0.0,126.44722222222222,93.0,0.075,1.0,98,0.0,0,0.0,,,PredHPA,node_failure,119
0.0,0.0,0.0,126.66527777777777,109.0,0.075,1.0,123,0.0,0,0.0,,,PredHPA,node_failure,120
0.0,0.0,0.0,114.92916666666666,81.0,0.075,1.0,89,0.0,0,0.0,,,PredHPA,node_failure,121
0.0,0.0,0.0,128.78472222222223,93.0,0.075,1.0,84,0.0,0,0.0,,,PredHPA,node_failure,122
0.0,0.0,0.0,114.5625,72.0,0.075,1.0,83,0.0,0,0.0,,,PredHPA,node_failure,123
0.0,0.0,0.0,127.78055555555555,88.0,0.075,1.0,107,0.0,0,0.0,,,PredHPA,node_failure,124
0.0,0.0,0.0,127.42083333333333,97.0,0.075,1.0,91,0.0,0,0.0,,,PredHPA,node_failure,125
0.0,0.0,0.0,121.21666666666667,76.0,0.075,1.0,109,0.0,0,0.0,,,PredHPA,node_failure,126
0.0,0.0,0.0,115.3013888888889,82.0,0.075,1.0,95,0.0,0,0.0,,,PredHPA,node_failure,127
0.0,0.0,0.0,130.60694444444445,95.0,0.075,1.0,98,0.0,0,0.0,,,PredHPA,node_failure,128
0.0,0.0,0.0,115.31805555555556,73.0,0.075,1.0,85,0.0,0,0.0,,,PredHPA,node_failure,129
0.0,0.0,0.0,127.1125,88.0,0.075,1.0,104,0.0,0,0.0,,,PredHPA,node_failure,130
0.0,0.0,0.0,127.34722222222223,94.0,0.075,1.0,97,0.0,0,0.0,,,PredHPA,node_failure,131
0.0,0.0,0.0,124.49027777777778,103.0,0.075,1.0,109,0.0,0,0.0,,,PredHPA,node_failure,132
0.0,0.0,0.0,114.7625,78.0,0.075,1.0,101,0.0,0,0.0,,,PredHPA,node_failure,133
0.0,0.0,0.0,129.09444444444443,91.0,0.075,1.0,94,0.0,0,0.0,,,PredHPA,node_failure,134
0.0,0.0,0.0,115.24166666666666,71.0,0.075,1.0,89,0.0,0,0.0,,,PredHPA,node_failure,135
0.0,0.0,0.0,126.65972222222223,88.0,0.075,1.0,95,0.0,0,0.0,,,PredHPA,node_failure,136
0.0,0.0,0.0,129.85416666666666,95.0,0.075,1.0,103,0.0,0,0.0,,,PredHPA,node_failure,137
0.0,0.0,0.0,123.95277777777778,95.0,0.075,1.0,117,0.0,0,0.0,,,PredHPA,node_failure,138
0.0,0.0,0.0,115.45416666666667,82.0,0.075,1.0,97,0.0,0,0.0,,,PredHPA,node_failure,139
5.0,0.02066322320239955,0.020663223202403845,77.66944444444445,47.0,0.075,0.9208761587018226,57,0.0,0,0.0,,,HPA+RL,node_failure,100
40.0,0.49598275649124224,0.06200400455353601,79.69166666666666,88.0,0.075,0.06069313606043043,75,0.0,0,0.0,,,HPA+RL,node_failure,101
0.0,0.0,0.0,78.58472222222223,59.0,0.075,1.0,52,0.0,0,0.0,,,HPA+RL,node_failure,102
5.0,0.012605359003647898,0.005721536146842355,74.99583333333334,53.0,0.075,0.9320735831291078,50,5.0,0,0.0,,,HPA+RL,node_failure,103
45.0,0.3948298392615124,0.06816753195821813,79.43055555555556,54.0,0.075,0.20571470218476848,57,10.0,0,0.0,,,HPA+RL,node_failure,104
0.0,0.002936770171035885,0.0029367701710298296,78.45277777777778,54.0,0.075,0.9801472578666675,57,0.0,0,0.0,,,HPA+RL,node_failure,105
15.0,0.03024495147923023,0.02065626712680967,78.15138888888889,48.0,0.075,0.9179696314414001,57,5.0,0,0.0,,,HPA+RL,node_failure,106
30.0,0.2696729341689852,0.0710106569202881,76.22361111111111,60.0,0.075,0.3652931679973914,69,0.0,0,0.0,,,HPA+RL,node_failure,107
5.0,0.010447795903967272,0.0,78.8236111111111,61.0,0.075,0.9358806524871031,59,5.0,0,0.0,,,HPA+RL,node_failure,108
0.0,0.004873667596183573,0.004873667596191097,74.81388888888888,52.0,0.075,0.9662110751436025,45,0.0,0,0.0,,,HPA+RL,node_failure,109
35.0,0.1399916106021637,0.05862576870396782,77.20694444444445,54.0,0.075,0.7448385742900809,53,10.0,0,0.0,,,HPA+RL,node_failure,110
0.0,0.002005557188677898,0.002005557188680716,79.49583333333334,54.0,0.075,0.9877905435403613,61,0.0,0,0.0,,,HPA+RL,node_failure,111
10.0,0.02104884976337207,0.021048849763377273,76.57916666666667,46.0,0.075,0.9334876086590003,54,5.0,0,0.0,,,HPA+RL,node_failure,112
75.0,1.0721344127424093,0.03525956028810296,82.72222222222223,80.0,0.075,0.00032590226706875143,84,40.0,0,0.0,,,HPA+RL,node_failure,113
0.0,0.0,0.0,78.54583333333333,63.0,0.075,1.0,54,0.0,0,0.0,,,HPA+RL,node_failure,114
0.0,0.004443887379346201,0.004443887379345494,75.14305555555555,51.0,0.075,0.9682297261164188,46,0.0,0,0.0,,,HPA+RL,node_failure,115
70.0,0.9018882811021256,0.04216556893261378,83.48472222222222,62.0,0.075,0.024305630599776612,71,10.0,0,0.0,,,HPA+RL,node_failure,116
5.0,0.04126451579028467,0.004274893933371406,80.59583333333333,57.0,0.075,0.6611688063379244,67,5.0,0,0.0,,,HPA+RL,node_failure,117
20.0,0.11133424834837147,0.029834669966034642,78.1361111111111,47.0,0.075,0.3836083729003604,61,10.0,0,0.0,,,HPA+RL,node_failure,118
100.0,1.661485287297615,0.07837463793412659,87.44722222222222,82.0,0.075,9.57802149801664e-05,94,60.0,0,0.0,,,HPA+RL,node_failure,119
10.0,0.015551261089896684,0.0,77.29583333333333,58.0,0.075,0.9195828071258332,53,10.0,0,0.0,,,HPA+RL,node_failure,120
0.0,0.0035397746706133937,0.0035397746706133577,75.12083333333334,52.0,0.075,0.9756171285709708,45,0.0,0,0.0,,,HPA+RL,node_failure,121
20.0,0.14660308551339707,0.049425764120280255,78.94583333333334,54.0,0.075,0.7025828171167423,59,10.0,0,0.0,,,HPA+RL,node_failure,122
0.0,0.0,0.0,79.58194444444445,54.0,0.075,1.0,59,0.0,0,0.0,,,HPA+RL,node_failure,123
10.0,0.028141742831566674,0.028141742831558163,76.98194444444445,47.0,0.075,0.904143674365368,56,5.0,0,0.0,,,HPA+RL,node_failure,124
80.0,1.0979644012519496,0.06652128097384485,81.88194444444444,82.0,0.075,0.010207803593080869,91,35.0,0,0.0,,,HPA+RL,node_failure,125
0.0,0.0,0.0,77.00694444444444,55.0,0.075,1.0,51,0.0,0,0.0,,,HPA+RL,node_failure,126
0.0,0.002491997176901073,0.0024919971768976464,76.46944444444445,54.0,0.075,0.9825343661374962,53,0.0,0,0.0,,,HPA+RL,node_failure,127
25.0,0.11725556549025962,0.05582375866538033,78.32916666666667,54.0,0.075,0.8380132320571906,56,10.0,0,0.0,,,HPA+RL,node_failure,128
5.0,0.011517229340307633,0.011517229340307493,77.9888888888889,53.0,0.075,0.9275883238710152,46,0.0,0,0.0,,,HPA+RL,node_failure,129
25.0,0.2811913818862921,0.015243667928366228,82.3638888888889,70.0,0.075,0.05271555880992446,66,20.0,0,0.0,,,HPA+RL,node_failure,130
35.0,0.3474971840754182,0.05838137944389611,79.22916666666667,78.0,0.075,0.13177893700511106,78,0.0,0,0.0,,,HPA+RL,node_failure,131
0.0,0.0024415607664307615,0.0,79.8125,67.0,0.075,0.974770007290384,61,0.0,0,0.0,,,HPA+RL,node_failure,132
5.0,0.015276582949275141,0.013698171210249478,75.46805555555555,53.0,0.075,0.9120469193155575,55,0.0,0,0.0,,,HPA+RL,node_failure,133
25.0,0.10392978576260203,0.05281097202108549,78.25416666666666,53.0,0.075,0.8384218357295933,62,10.0,0,0.0,,,HPA+RL,node_failure,134
0.0,0.005706326980137177,0.005706326980141338,77.59166666666667,51.0,0.075,0.9631601786680838,52,0.0,0,0.0,,,HPA+RL,node_failure,135
10.0,0.07562424149314406,0.02643433776458833,78.89583333333333,48.0,0.075,0.683304546441664,69,5.0,0,0.0,,,HPA+RL,node_failure,136
30.0,0.12570354104808334,0.09530184348511665,80.6138888888889,87.0,0.075,0.8714951661211245,89,0.0,0,0.0,,,HPA+RL,node_failure,137
0.0,0.0,0.0,77.90138888888889,57.0,0.075,1.0,56,0.0,0,0.0,,,HPA+RL,node_failure,138
5.0,0.018714803091568477,0.013160099919580951,74.57777777777778,53.0,0.075,0.9128328996126682,44,0.0,0,0.0,,,HPA+RL,node_failure,139
0.0,0.0060707705895945985,0.0,108.03333333333333,100.0,0.075,0.956681522423604,794,0.0,10,0.0,,,ARC,node_failure,100
5.0,0.03638773544978324,0.0,99.85555555555555,97.0,0.075,0.8883288438196041,897,0.0,11,0.0,,,ARC,node_failure,101
0.0,0.0,0.0,104.1625,83.0,0.075,1.0,818,0.0,11,0.0,,,ARC,node_failure,102
0.0,0.0,0.0,100.45555555555555,92.0,0.075,1.0,831,0.0,11,0.0,,,ARC,node_failure,103
10.0,0.0396426397504146,0.0,103.56666666666666,98.0,0.075,0.8449758781930744,870,10.0,11,0.0,,,ARC,node_failure,104
0.0,0.0,0.0,95.99027777777778,81.0,0.075,1.0,749,0.0,11,0.0,,,ARC,node_failure,105
10.0,0.07414687285589583,0.0,97.6986111111111,89.0,0.075,0.6439398708692008,779,0.0,11,0.0,,,ARC,node_failure,106
15.0,0.2457840382623533,0.0,104.43611111111112,105.0,0.075,0.17545074499323993,971,0.0,11,0.0,,,ARC,node_failure,107
0.0,0.0,0.0,99.26527777777778,80.0,0.075,1.0,831,0.0,11,0.0,,,ARC,node_failure,108
0.0,0.0,0.0,99.0375,88.0,0.075,1.0,811,0.0,11,0.0,,,ARC,node_failure,109
20.0,0.1115637802472702,0.0,107.95833333333333,106.0,0.075,0.6020479723940112,887,0.0,11,0.0,,,ARC,node_failure,110
0.0,0.0,0.0,95.29861111111111,76.0,0.075,1.0,739,0.0,11,0.0,,,ARC,node_failure,111
15.0,0.03789411485394245,0.0,96.60972222222222,86.0,0.075,0.9140019645574704,767,0.0,11,0.0,,,ARC,node_failure,112
5.0,0.011837358835187217,0.0,108.55416666666666,119.0,0.075,0.946656057857146,928,0.0,10,0.0,,,ARC,node_failure,113
0.0,0.0,0.0,110.09583333333333,90.0,0.075,1.0,923,0.0,11,0.0,,,ARC,node_failure,114
0.0,0.0,0.0,98.89305555555555,90.0,0.075,1.0,809,0.0,11,0.0,,,ARC,node_failure,115
0.0,0.01464227319688538,0.0,107.96111111111111,100.0,0.075,0.9545201259656073,886,0.0,11,0.0,,,ARC,node_failure,116
0.0,0.0,0.0,97.9888888888889,80.0,0.075,1.0,733,0.0,11,0.0,,,ARC,node_failure,117
0.0,0.0,0.0,107.33888888888889,105.0,0.075,1.0,819,0.0,11,0.0,,,ARC,node_failure,118
15.0,0.1831653314766868,0.0,102.3861111111111,99.0,0.075,0.06957159912726586,903,5.0,11,0.0,,,ARC,node_failure,119
0.0,0.0,0.0,101.17083333333333,80.0,0.075,1.0,866,0.0,11,0.0,,,ARC,node_failure,120
0.0,0.0,0.0,99.90555555555555,91.0,0.075,1.0,830,0.0,11,0.0,,,ARC,node_failure,121
35.0,0.45857876648993656,0.0,108.43888888888888,105.0,0.075,0.05257602483817188,891,0.0,11,15.0,,,ARC,node_failure,122
0.0,0.0,0.0,90.90972222222223,70.0,0.075,1.0,705,0.0,11,0.0,,,ARC,node_failure,123
45.0,0.3215136660612572,0.0,111.44444444444444,103.0,0.075,0.06626818412159734,835,25.0,11,25.0,,,ARC,node_failure,124
45.0,0.3861386749907436,0.0,106.86944444444444,109.0,0.075,0.03753557748860105,982,20.0,11,0.0,,,ARC,node_failure,125
0.0,0.0,0.0,97.14861111111111,77.0,0.075,1.0,787,0.0,11,0.0,,,ARC,node_failure,126
0.0,0.0,0.0,110.17916666666666,99.0,0.075,1.0,885,0.0,11,0.0,,,ARC,node_failure,127
0.0,0.001999988110068518,0.0,109.39722222222223,105.0,0.075,0.9861071383673587,910,0.0,11,0.0,,,ARC,node_failure,128
0.0,0.0,0.0,104.75416666666666,86.0,0.075,1.0,791,0.0,11,0.0,,,ARC,node_failure,129
0.0,0.0,0.0,105.14166666666667,94.0,0.075,1.0,752,0.0,11,0.0,,,ARC,node_failure,130
0.0,0.0023472994363893385,0.0,105.24861111111112,111.0,0.075,0.9894274397078202,901,0.0,10,0.0,,,ARC,node_failure,131
0.0,0.0,0.0,101.03055555555555,81.0,0.075,1.0,867,0.0,11,0.0,,,ARC,node_failure,132
0.0,0.0,0.0,99.51666666666667,91.0,0.075,1.0,852,0.0,11,0.0,,,ARC,node_failure,133
10.0,0.08672896071463265,0.0,105.6763888888889,100.0,0.07500000000000004,0.6175430839843802,868,10.0,11,0.0,,,ARC,node_failure,134
0.0,0.0,0.0,92.92777777777778,75.0,0.075,1.0,747,0.0,11,0.0,,,ARC,node_failure,135
15.0,0.04922340113893142,0.0,108.49166666666666,102.0,0.075,0.8181008321900417,795,5.0,11,0.0,,,ARC,node_failure,136
30.0,0.12011508847706853,0.0,102.39444444444445,103.0,0.075,0.5362995510239019,934,0.0,11,0.0,,,ARC,node_failure,137
0.0,0.0,0.0,100.79166666666667,81.0,0.075,1.0,832,0.0,11,0.0,,,ARC,node_failure,138
0.0,0.0,0.0,98.9486111111111,91.0,0.075,1.0,812,0.0,11,0.0,,,ARC,node_failure,139
2585.0,39.03035122381553,0.0,45.833333333333336,25.0,10.052999999999999,3.2660674029965455e-07,0,1200.0,0,0.0,,,Static,gray,100
2010.0,31.997046071794287,0.0,56.833333333333336,31.0,10.075,8.929039721207343e-05,0,1045.0,0,0.0,,,Static,gray,101
2830.0,44.17408719436485,0.0,56.833333333333336,31.0,10.055,0.0,0,1200.0,0,0.0,,,Static,gray,102
5640.0,85.39197383341902,0.0,49.5,27.0,10.052999999999999,5.871657649963537e-08,0,1200.0,0,0.0,,,Static,gray,103
2930.0,42.456454469106966,0.0,45.833333333333336,25.0,10.052999999999999,2.871649288998974e-07,0,1195.0,0,0.0,,,Static,gray,104
1095.0,15.40841530083199,0.0,66.0,36.0,10.052999999999999,2.5677087433865698e-05,0,25.0,0,0.0,,,Static,gray,105
3810.0,60.72090147631843,0.0,45.833333333333336,25.0,10.081579384139928,0.0,0,1200.0,0,0.0,,,Static,gray,106
2325.0,37.504286487449676,0.0,56.833333333333336,31.0,10.055,0.0,0,1200.0,0,0.0,,,Static,gray,107
1635.0,27.23463264265681,0.0,55.0,30.0,10.052999999999999,4.2047568037499913e-07,0,1200.0,0,0.0,,,Static,gray,108
5805.0,88.02382489643499,0.0,49.5,27.0,13.055,1.1122899206691698e-08,0,1200.0,0,0.0,,,Static,gray,109
1355.0,21.673208622633776,0.0,45.833333333333336,25.0,3.075,0.02299245461460558,0,5.0,0,0.0,,,Static,gray,110
1330.0,19.26814523994541,0.0,66.0,36.0,10.052999999999999,2.5153393980156063e-05,0,1100.0,0,0.0,,,Static,gray,111
3665.0,57.24122760176935,0.0,45.833333333333336,25.0,10.052999999999999,3.0453560993935896e-07,0,1200.0,0,0.0,,,Static,gray,112
2190.0,32.51647684613707,0.0,56.833333333333336,31.0,10.055,0.0,0,1200.0,0,0.0,,,Static,gray,113
1450.0,23.838717946580246,0.0,55.0,30.0,10.052999999999999,4.2043947589931243e-07,0,1200.0,0,0.0,,,Static,gray,114
5635.0,85.28740038845224,0.0,49.5,27.0,10.052999999999999,5.4123724964990266e-08,0,1200.0,0,0.0,,,Static,gray,115
2810.0,40.8712355204003,0.0,45.833333333333336,25.0,10.052999999999999,2.902510645842795e-07,0,1200.0,0,0.0,,,Static,gray,116
1620.0,22.258111403996985,0.0,66.0,36.0,10.055,0.0,0,1200.0,0,0.0,,,Static,gray,117
1525.0,23.00240764633691,0.0,45.833333333333336,25.0,3.075,0.024057664029955586,0,5.0,0,0.0,,,Static,gray,118
2315.0,35.49775248550867,0.0,56.833333333333336,31.0,10.052999999999999,4.5792207487328584e-06,0,1200.0,0,0.0,,,Static,gray,119
2145.0,33.919535918221044,0.0,56.833333333333336,31.0,13.055,1.425604160261179e-07,0,830.0,0,0.0,,,Static,gray,120
5565.0,84.41896686667152,0.0,51.333333333333336,28.0,10.052999999999999,6.418727295003022e-08,0,1200.0,0,0.0,,,Static,gray,121
4930.0,77.52477576700963,0.0,45.833333333333336,25.0,10.055,0.0,0,1200.0,0,0.0,,,Static,gray,122
1135.0,16.51522470669282,0.0,66.0,36.0,10.052999999999999,2.7902547438762963e-05,0,20.0,0,0.0,,,Static,gray,123
3465.0,55.0949812364123,0.0,45.833333333333336,25.0,10.472870422485748,2.9960461120563044e-07,0,1200.0,0,0.0,,,Static,gray,124
2310.0,34.552443882717256,0.0,56.833333333333336,31.0,10.052999999999999,2.9988775675642158e-05,0,1200.0,0,0.0,,,Static,gray,125
1935.0,30.80709268729579,0.0,55.0,30.0,10.055,0.0,0,1200.0,0,0.0,,,Static,gray,126
5640.0,85.27634672380714,0.0,49.5,27.0,10.052999999999999,5.576176077534499e-08,0,1200.0,0,0.0,,,Static,gray,127
1365.0,22.153332767240062,0.0,45.833333333333336,25.0,3.075,0.022246861415719285,0,20.0,0,0.0,,,Static,gray,128
1285.0,16.822250255063665,0.0,66.0,36.0,10.055,0.0,0,1200.0,0,0.0,,,Static,gray,129
3690.0,58.52294870764939,0.0,45.833333333333336,25.0,10.055496356748183,0.0,0,1200.0,0,0.0,,,Static,gray,130
1995.0,31.649520517044227,0.0,56.833333333333336,31.0,10.075,8.336924149837362e-05,0,905.0,0,0.0,,,Static,gray,131
490.0,6.30030669916033,0.0,55.0,30.0,1.010197873176866,0.03344543312533822,0,10.0,0,0.0,,,Static,gray,132
5580.0,84.43336583402169,0.0,49.5,27.0,13.055,1.2163408741793333e-08,0,1200.0,0,0.0,,,Static,gray,133
3105.0,44.59345962536489,0.0,45.833333333333336,25.0,10.052999999999999,2.9028637161180883e-07,0,1200.0,0,0.0,,,Static,gray,134
1300.0,17.323774084956423,0.0,66.0,36.0,10.055,0.0,0,1200.0,0,0.0,,,Static,gray,135
5580.0,87.05380863516982,0.0,47.666666666666664,26.0,13.055,1.8422717992542525e-07,0,1200.0,0,0.0,,,Static,gray,136
2235.0,33.40835903670224,0.0,56.833333333333336,31.0,10.055,0.0,0,1200.0,0,0.0,,,Static,gray,137
1615.0,26.62248946140626,0.0,55.0,30.0,10.055,0.0,0,1200.0,0,0.0,,,Static,gray,138
5635.0,85.33199342788532,0.0,49.5,27.0,10.052999999999999,6.016666705945964e-08,0,1200.0,0,0.0,,,Static,gray,139
135.0,1.9809931094642574,0.0,89.50555555555556,71.0,0.075,3.160063571584408e-05,81,135.0,0,0.0,,,HPA,gray,100
30.0,0.43589428301148425,0.0,81.67222222222222,88.0,0.075,0.06069313606043043,85,0.0,0,0.0,,,HPA,gray,101
1205.0,21.211808268033515,0.0,101.425,85.0,10.055,0.0,76,1200.0,0,0.0,,,HPA,gray,102
105.0,1.549058358214872,0.0,85.06805555555556,69.0,0.075,3.160063571584408e-05,62,105.0,0,0.0,,,HPA,gray,103
135.0,1.808128635626105,0.0,91.96111111111111,86.0,0.075,2.2818723926503993e-05,80,95.0,0,0.0,,,HPA,gray,104
25.0,0.10870369189472928,0.0,83.22361111111111,55.0,0.075,0.30697854991925705,71,25.0,0,0.0,,,HPA,gray,105
580.0,8.23500045048532,0.0,95.20555555555555,76.0,10.055,0.0,71,580.0,0,0.0,,,HPA,gray,106
875.0,14.725069938805103,0.0,95.24583333333334,83.0,10.055,0.0,103,870.0,0,0.0,,,HPA,gray,107
135.0,1.9931942919840906,0.0,88.64027777777778,70.0,0.075,3.160063571584408e-05,69,135.0,0,0.0,,,HPA,gray,108
0.0,0.0,0.0,75.93333333333334,53.0,0.075,1.0,53,0.0,0,0.0,,,HPA,gray,109
25.0,0.18328487450864905,0.0,79.13333333333334,60.0,0.075,0.593490427178404,65,10.0,0,0.0,,,HPA,gray,110
0.0,0.004076604051905797,0.0,84.78333333333333,58.0,0.075,0.9702637996818442,77,0.0,0,0.0,,,HPA,gray,111
0.0,0.0,0.0,81.57777777777778,57.0,0.075,1.0,63,0.0,0,0.0,,,HPA,gray,112
300.0,4.614474168877747,0.0,92.79166666666667,80.0,0.075,0.0,95,290.0,0,0.0,,,HPA,gray,113
115.0,1.5570545249645185,0.0,89.89166666666667,75.0,0.075,3.160063571584408e-05,77,115.0,0,0.0,,,HPA,gray,114
130.0,2.071019468275437,0.0,86.04722222222222,72.0,0.075,3.160063571584408e-05,60,130.0,0,0.0,,,HPA,gray,115
170.0,2.2864596387100034,0.0,93.4625,80.0,0.075,3.160063571584408e-05,81,110.0,0,0.0,,,HPA,gray,116
205.0,2.551956387080856,0.0,93.20833333333333,74.0,0.075,0.0,78,205.0,0,0.0,,,HPA,gray,117
0.0,0.0,0.0,78.21944444444445,48.0,0.075,1.0,61,0.0,0,0.0,,,HPA,gray,118
130.0,2.4705207137441065,0.0,90.56805555555556,82.0,0.075,2.205795238161352e-05,94,125.0,0,0.0,,,HPA,gray,119
0.0,0.0,0.0,78.2875,58.0,0.075,1.0,61,0.0,0,0.0,,,HPA,gray,120
125.0,1.8403408249876407,0.0,85.425,69.0,0.075,3.160063571584408e-05,59,125.0,0,0.0,,,HPA,gray,121
1210.0,17.32657677021734,0.0,103.6625,108.0,10.055,0.0,90,1200.0,0,0.0,,,HPA,gray,122
20.0,0.0685298690237035,0.0,83.72361111111111,54.0,0.075,0.4409192632956946,72,20.0,0,0.0,,,HPA,gray,123
130.0,1.8912548890697933,0.0,86.9486111111111,71.0,0.075,3.1600635715844084e-05,61,130.0,0,0.0,,,HPA,gray,124
135.0,2.3782816626148895,0.0,88.75972222222222,82.0,0.075,3.160063571584408e-05,103,120.0,0,0.0,,,HPA,gray,125
1205.0,20.775146014085934,0.0,99.97777777777777,87.0,10.055,0.0,79,1200.0,0,0.0,,,HPA,gray,126
115.0,1.271310759978006,0.0,85.73611111111111,69.0,0.075,3.160063571584408e-05,65,115.0,0,0.0,,,HPA,gray,127
30.0,0.23857884805932317,0.0,80.25833333333334,58.0,0.07500000000000007,0.28358277081597233,67,10.0,0,0.0,,,HPA,gray,128
235.0,3.0395697546643063,0.0,92.94722222222222,75.0,0.075,0.0,69,235.0,0,0.0,,,HPA,gray,129
390.0,5.237481191175841,0.0,96.9625,74.0,7.028444440491402,0.0,86,390.0,0,0.0,,,HPA,gray,130
25.0,0.3354266159079966,0.0,79.20555555555555,78.0,0.075,0.11761700621800084,81,0.0,0,0.0,,,HPA,gray,131
0.0,0.0013290079263206245,0.0,80.71527777777777,67.0,0.075,0.9951620643175095,67,0.0,0,0.0,,,HPA,gray,132
0.0,0.0015784117390227337,0.0,75.81111111111112,53.0,0.075,0.9917155215849786,53,0.0,0,0.0,,,HPA,gray,133
115.0,1.4681016372048106,0.0,88.95138888888889,79.0,0.075,3.160063571584408e-05,69,100.0,0,0.0,,,HPA,gray,134
95.0,0.855936753403308,0.0,90.39305555555555,71.0,0.075,0.0,70,95.0,0,0.0,,,HPA,gray,135
0.0,0.004817227688092007,0.0,78.42361111111111,49.0,0.075,0.9766410281463486,60,0.0,0,0.0,,,HPA,gray,136
510.0,7.783930718945776,0.0,94.54027777777777,87.0,10.055,0.0,101,505.0,0,0.0,,,HPA,gray,137
1205.0,21.35980475102086,0.0,102.73055555555555,92.0,10.055,0.0,85,1200.0,0,0.0,,,HPA,gray,138
90.0,1.0070958493948456,0.0,84.64861111111111,68.0,0.075,3.160063571584408e-05,58,5.0,0,0.0,,,HPA,gray,139
95.0,1.1857433667553319,0.0,86.05833333333334,72.0,0.075,3.160063571584408e-05,173,95.0,0,0.0,,,HPA-fast,gray,100
0.0,0.0,0.0,79.97083333333333,64.0,0.075,1.0,198,0.0,0,0.0,,,HPA-fast,gray,101
1205.0,21.211808268033515,0.0,96.76944444444445,96.0,10.055,0.0,196,1200.0,0,0.0,,,HPA-fast,gray,102
85.0,1.2820015719620104,0.0,83.9125,66.0,0.075,3.160063571584408e-05,144,85.0,0,0.0,,,HPA-fast,gray,103
75.0,1.1274660856895435,0.0,89.07222222222222,79.0,0.075,3.1600635715844084e-05,245,75.0,0,0.0,,,HPA-fast,gray,104
25.0,0.10870369189472928,0.0,81.50833333333334,60.0,0.075,0.30697854991925705,150,25.0,0,0.0,,,HPA-fast,gray,105
580.0,8.233262151722498,0.0,91.72222222222223,78.0,10.055,0.0,182,580.0,0,0.0,,,HPA-fast,gray,106
870.0,14.736223770198809,0.0,92.03055555555555,86.0,10.055,0.0,241,870.0,0,0.0,,,HPA-fast,gray,107
100.0,1.3752038499037056,0.0,85.8861111111111,75.0,0.075,3.160063571584408e-05,172,100.0,0,0.0,,,HPA-fast,gray,108
0.0,0.0,0.0,78.11666666666666,55.0,0.075,1.0,127,0.0,0,0.0,,,HPA-fast,gray,109
0.0,0.0,0.0,83.58333333333333,65.0,0.075,1.0,225,0.0,0,0.0,,,HPA-fast,gray,110
0.0,0.0,0.0,81.23472222222222,58.0,0.075,1.0,154,0.0,0,0.0,,,HPA-fast,gray,111
0.0,0.0,0.0,84.12777777777778,70.0,0.075,1.0,163,0.0,0,0.0,,,HPA-fast,gray,112
290.0,4.567055567050449,0.0,88.76388888888889,80.0,0.075,0.0,229,290.0,0,0.0,,,HPA-fast,gray,113
90.0,1.1449925433209551,0.0,85.4125,83.0,0.075,3.160063571584408e-05,192,90.0,0,0.0,,,HPA-fast,gray,114
100.0,1.5025871659791412,0.0,83.8625,69.0,0.075,3.160063571584408e-05,142,100.0,0,0.0,,,HPA-fast,gray,115
70.0,0.871189660524152,0.0,88.06388888888888,75.0,0.075,3.160063571584408e-05,232,70.0,0,0.0,,,HPA-fast,gray,116
205.0,2.617217739519939,0.0,86.84027777777777,73.0,0.075,0.0,165,205.0,0,0.0,,,HPA-fast,gray,117
0.0,0.0,0.0,81.40416666666667,61.0,0.075,1.0,154,0.0,0,0.0,,,HPA-fast,gray,118
85.0,1.6414390277773583,0.0,85.00555555555556,79.0,0.075,2.205795238161352e-05,237,85.0,0,0.0,,,HPA-fast,gray,119
0.0,0.0,0.0,80.20694444444445,55.0,0.075,1.0,162,0.0,0,0.0,,,HPA-fast,gray,120
95.0,1.3141190677899317,0.0,83.59444444444445,65.0,0.075,3.160063571584408e-05,153,95.0,0,0.0,,,HPA-fast,gray,121
1200.0,17.221701996143757,0.0,99.27222222222223,117.0,10.055,0.0,250,1200.0,0,0.0,,,HPA-fast,gray,122
80.0,0.7097964179808014,0.0,81.59722222222223,56.0,0.075,3.160063571584408e-05,157,80.0,0,0.0,,,HPA-fast,gray,123
115.0,1.6413611280448825,0.0,86.59861111111111,71.0,0.075,3.1600635715844084e-05,153,115.0,0,0.0,,,HPA-fast,gray,124
80.0,1.3539615104304903,0.0,85.15555555555555,74.0,0.075,3.160063571584408e-05,232,80.0,0,0.0,,,HPA-fast,gray,125
1205.0,20.775146014085934,0.0,96.01666666666667,98.0,10.055,0.0,185,1200.0,0,0.0,,,HPA-fast,gray,126
100.0,1.1253559099857036,0.0,83.90138888888889,65.0,0.075,3.160063571584408e-05,145,100.0,0,0.0,,,HPA-fast,gray,127
10.0,0.1595387157100725,0.0,83.35694444444445,69.0,0.07500000000000005,0.28358277081597233,222,10.0,0,0.0,,,HPA-fast,gray,128
245.0,3.1759773245654266,0.0,87.07222222222222,78.0,0.075,0.0,156,245.0,0,0.0,,,HPA-fast,gray,129
390.0,5.237481191175841,0.0,90.39027777777778,75.0,6.99322996963357,0.0,160,390.0,0,0.0,,,HPA-fast,gray,130
0.0,0.0,0.0,80.43888888888888,64.0,0.075,1.0,203,0.0,0,0.0,,,HPA-fast,gray,131
0.0,0.0,0.0,80.83472222222223,54.0,0.075,1.0,167,0.0,0,0.0,,,HPA-fast,gray,132
0.0,0.0,0.0,78.6125,59.0,0.075,1.0,123,0.0,0,0.0,,,HPA-fast,gray,133
75.0,1.1348441629953632,0.0,88.31388888888888,78.0,0.075,3.160063571584408e-05,243,75.0,0,0.0,,,HPA-fast,gray,134
85.0,0.8580965701609822,0.0,85.8013888888889,68.0,0.075,0.0,150,85.0,0,0.0,,,HPA-fast,gray,135
0.0,0.00034928116108279283,0.0,80.77777777777777,59.0,0.075,0.9972974959787975,147,0.0,0,0.0,,,HPA-fast,gray,136
505.0,7.7535290213828105,0.0,89.28333333333333,80.0,10.055,0.0,242,505.0,0,0.0,,,HPA-fast,gray,137
1205.0,21.34627993124596,0.0,96.41388888888889,94.0,10.055,0.0,196,1200.0,0,0.0,,,HPA-fast,gray,138
5.0,0.00598138756843225,0.0,81.27916666666667,62.0,0.075,0.9337439194439904,109,5.0,0,0.0,,,HPA-fast,gray,139
105.0,1.671922101017076,0.0,109.19305555555556,81.0,0.075,3.160063571584408e-05,86,105.0,0,0.0,,,HPA-45,gray,100
0.0,0.0016879151650828206,0.0,98.96111111111111,93.0,0.075,0.9912786497839469,88,0.0,0,0.0,,,HPA-45,gray,101
1205.0,21.090725606544503,0.0,122.16527777777777,102.0,10.055,0.0,89,1200.0,0,0.0,,,HPA-45,gray,102
95.0,1.3708307207900616,0.0,106.43194444444444,82.0,0.075,3.160063571584408e-05,82,95.0,0,0.0,,,HPA-45,gray,103
70.0,1.0637057117285686,0.0,111.2388888888889,94.0,0.075,3.160063571584408e-05,99,70.0,0,0.0,,,HPA-45,gray,104
0.0,0.0,0.0,103.25,73.0,0.075,1.0,80,0.0,0,0.0,,,HPA-45,gray,105
560.0,7.968207233165058,0.0,114.61944444444444,87.0,10.055,0.0,81,560.0,0,0.0,,,HPA-45,gray,106
865.0,14.458643698019058,0.0,119.88472222222222,101.0,10.055,0.0,123,865.0,0,0.0,,,HPA-45,gray,107
95.0,1.2883354659723456,0.0,106.74583333333334,82.0,0.075,3.160063571584408e-05,70,95.0,0,0.0,,,HPA-45,gray,108
0.0,0.0,0.0,96.22777777777777,67.0,0.075,1.0,63,0.0,0,0.0,,,HPA-45,gray,109
0.0,0.0,0.0,101.67916666666666,75.0,0.075,1.0,84,0.0,0,0.0,,,HPA-45,gray,110
0.0,0.0,0.0,105.69583333333334,76.0,0.075,1.0,87,0.0,0,0.0,,,HPA-45,gray,111
0.0,0.0,0.0,103.19027777777778,73.0,0.075,1.0,70,0.0,0,0.0,,,HPA-45,gray,112
290.0,4.539508543294957,0.0,113.37638888888888,97.0,0.075,0.0,95,290.0,0,0.0,,,HPA-45,gray,113
130.0,2.42210972710577,0.0,108.34861111111111,92.0,0.075,3.160063571584408e-05,84,130.0,0,0.0,,,HPA-45,gray,114
100.0,1.5166080221401312,0.0,107.11111111111111,84.0,0.075,3.160063571584408e-05,74,100.0,0,0.0,,,HPA-45,gray,115
95.0,1.226666527042053,0.0,110.0125,97.0,0.075,3.160063571584408e-05,90,95.0,0,0.0,,,HPA-45,gray,116
195.0,2.3363380248650256,0.0,114.8375,89.0,0.075,0.0,90,195.0,0,0.0,,,HPA-45,gray,117
0.0,0.0,0.0,97.95,63.0,0.075,1.0,65,0.0,0,0.0,,,HPA-45,gray,118
90.0,1.7003088409258682,0.0,111.08333333333333,99.0,0.075,2.205795238161352e-05,106,90.0,0,0.0,,,HPA-45,gray,119
0.0,0.0,0.0,97.67916666666666,59.0,0.075,1.0,60,0.0,0,0.0,,,HPA-45,gray,120
80.0,1.1743085385326424,0.0,106.2,81.0,0.075,3.160063571584408e-05,72,80.0,0,0.0,,,HPA-45,gray,121
1195.0,17.154543483358474,0.0,124.04305555555555,120.0,10.055,0.0,109,1195.0,0,0.0,,,HPA-45,gray,122
0.0,0.0,0.0,106.19444444444444,76.0,0.075,1.0,86,0.0,0,0.0,,,HPA-45,gray,123
100.0,1.3912623602754248,0.0,109.23472222222222,86.0,0.075,3.1600635715844084e-05,77,100.0,0,0.0,,,HPA-45,gray,124
75.0,1.2826506951950867,0.0,105.50138888888888,83.0,0.075,3.160063571584408e-05,86,75.0,0,0.0,,,HPA-45,gray,125
0.0,0.0,0.0,106.67777777777778,76.0,0.075,1.0,58,0.0,0,0.0,,,HPA-45,gray,126
0.0,0.0,0.0,101.1361111111111,70.0,0.075,1.0,69,0.0,0,0.0,,,HPA-45,gray,127
10.0,0.1595387157100725,0.0,102.59722222222223,76.0,0.07500000000000005,0.28358277081597233,96,10.0,0,0.0,,,HPA-45,gray,128
10.0,0.01934699841446008,0.0,109.22777777777777,76.0,0.075,0.9260018361636376,61,10.0,0,0.0,,,HPA-45,gray,129
390.0,5.177131021176917,0.0,110.51527777777778,85.0,6.401858000954853,0.0,66,390.0,0,0.0,,,HPA-45,gray,130
0.0,0.0,0.0,97.27777777777777,76.0,0.075,1.0,81,0.0,0,0.0,,,HPA-45,gray,131
0.0,0.0,0.0,98.83611111111111,61.0,0.075,1.0,68,0.0,0,0.0,,,HPA-45,gray,132
0.0,0.0,0.0,96.69166666666666,66.0,0.075,1.0,65,0.0,0,0.0,,,HPA-45,gray,133
65.0,0.8948237690750038,0.0,110.93611111111112,98.0,0.075,3.160063571584408e-05,91,65.0,0,0.0,,,HPA-45,gray,134
10.0,0.018512334369169547,0.0,108.16805555555555,75.0,0.075,0.8818495486348891,71,10.0,0,0.0,,,HPA-45,gray,135
0.0,0.00034928116108279283,0.0,96.86944444444444,61.0,0.075,0.9972974959787975,57,0.0,0,0.0,,,HPA-45,gray,136
500.0,7.536658320588108,0.0,114.7125,97.0,10.055,0.0,108,500.0,0,0.0,,,HPA-45,gray,137
1205.0,21.315160036376124,0.0,123.69166666666666,108.0,10.055,0.0,96,1200.0,0,0.0,,,HPA-45,gray,138
0.0,0.0,0.0,100.43611111111112,67.0,0.075,1.0,61,0.0,0,0.0,,,HPA-45,gray,139
0.0,0.0015102713612602514,0.0,128.86805555555554,89.0,0.075,0.9842903749861934,101,0.0,0,0.0,,,PredHPA,gray,100
0.0,0.0019155310737817288,0.0,131.4388888888889,103.0,0.075,0.9912786497839469,106,0.0,0,0.0,,,PredHPA,gray,101
1185.0,20.65908316286944,0.0,147.1513888888889,120.0,10.055,0.0,132,1180.0,0,0.0,,,PredHPA,gray,102
0.0,0.0,0.0,118.85555555555555,80.0,0.075,1.0,89,0.0,0,0.0,,,PredHPA,gray,103
80.0,1.204766673441715,0.0,138.38611111111112,117.0,0.075,3.160063571584408e-05,111,80.0,0,0.0,,,PredHPA,gray,104
0.0,0.0,0.0,118.2611111111111,75.0,0.075,1.0,91,0.0,0,0.0,,,PredHPA,gray,105
555.0,7.926873959751967,0.0,145.67916666666667,106.0,10.055,0.0,118,555.0,0,0.0,,,PredHPA,gray,106
0.0,0.00020971515554135678,0.0,134.2486111111111,98.0,0.075,0.9982195765240869,120,0.0,0,0.0,,,PredHPA,gray,107
100.0,1.4041543830930814,0.0,134.34722222222223,100.0,0.075,3.160063571584408e-05,132,100.0,0,0.0,,,PredHPA,gray,108
0.0,0.0,0.0,113.56111111111112,78.0,0.075,1.0,82,0.0,0,0.0,,,PredHPA,gray,109
10.0,0.11726389732943376,0.0,128.91805555555555,94.0,0.075,0.44120959350714434,97,10.0,0,0.0,,,PredHPA,gray,110
0.0,0.0,0.0,119.74722222222222,74.0,0.075,1.0,90,0.0,0,0.0,,,PredHPA,gray,111
0.0,0.0,0.0,129.84444444444443,92.0,0.075,1.0,106,0.0,0,0.0,,,PredHPA,gray,112
290.0,4.46749103110723,0.0,140.58055555555555,100.0,0.075,0.0,117,290.0,0,0.0,,,PredHPA,gray,113
130.0,2.4479967119954926,0.0,138.26805555555555,114.0,0.075,3.160063571584408e-05,141,130.0,0,0.0,,,PredHPA,gray,114
115.0,1.817831420169247,0.0,126.64166666666667,102.0,0.075,3.160063571584408e-05,112,115.0,0,0.0,,,PredHPA,gray,115
10.0,0.0760675889197926,0.0,132.85,103.0,0.075,0.7702446450076917,108,10.0,0,0.0,,,PredHPA,gray,116
5.0,0.011929169432312037,0.0,122.75416666666666,79.0,0.075,0.9150882160104472,83,5.0,0,0.0,,,PredHPA,gray,117
0.0,0.0,0.0,127.97361111111111,91.0,0.075,1.0,105,0.0,0,0.0,,,PredHPA,gray,118
115.0,2.1708168697868624,0.0,138.46666666666667,106.0,0.075,2.205795238161352e-05,113,115.0,0,0.0,,,PredHPA,gray,119
0.0,0.0,0.0,126.96666666666667,109.0,0.075,1.0,130,0.0,0,0.0,,,PredHPA,gray,120
0.0,0.0,0.0,118.40416666666667,82.0,0.075,1.0,92,0.0,0,0.0,,,PredHPA,gray,121
565.0,7.475773751101366,0.0,142.26805555555555,120.0,10.055,0.0,99,5.0,0,0.0,,,PredHPA,gray,122
100.0,1.2363215915099257,0.0,123.94166666666666,93.0,0.075,3.160063571584408e-05,105,100.0,0,0.0,,,PredHPA,gray,123
0.0,0.0,0.0,130.225,89.0,0.075,1.0,100,0.0,0,0.0,,,PredHPA,gray,124
80.0,1.2260027797016626,0.0,135.86944444444444,97.0,0.075,3.160063571584408e-05,116,80.0,0,0.0,,,PredHPA,gray,125
0.0,0.0,0.0,127.52638888888889,85.0,0.075,1.0,110,0.0,0,0.0,,,PredHPA,gray,126
10.0,0.02718000980167501,0.0,118.75277777777778,82.0,0.075,0.8459111125511645,97,10.0,0,0.0,,,PredHPA,gray,127
10.0,0.1595387157100725,0.0,130.95277777777778,95.0,0.07500000000000007,0.28358277081597233,98,10.0,0,0.0,,,PredHPA,gray,128
195.0,2.234474267006825,0.0,129.68055555555554,97.0,0.075,0.0,106,195.0,0,0.0,,,PredHPA,gray,129
385.0,5.055364291821696,0.0,140.95555555555555,104.0,5.755407608074012,0.0,121,385.0,0,0.0,,,PredHPA,gray,130
0.0,0.0,0.0,128.68055555555554,94.0,0.075,1.0,98,0.0,0,0.0,,,PredHPA,gray,131
0.0,0.0013290079263206245,0.0,126.37777777777778,103.0,0.075,0.9951620643175095,120,0.0,0,0.0,,,PredHPA,gray,132
0.0,0.0,0.0,116.18333333333334,79.0,0.075,1.0,108,0.0,0,0.0,,,PredHPA,gray,133
75.0,1.1100542821741,0.0,138.3513888888889,114.0,0.075,3.160063571584408e-05,106,75.0,0,0.0,,,PredHPA,gray,134
0.0,0.0,0.0,121.35,79.0,0.075,1.0,96,0.0,0,0.0,,,PredHPA,gray,135
0.0,0.00034928116108279283,0.0,127.31111111111112,87.0,0.075,0.9972974959787975,88,0.0,0,0.0,,,PredHPA,gray,136
0.0,0.0,0.0,133.46944444444443,94.0,0.075,1.0,109,0.0,0,0.0,,,PredHPA,gray,137
1190.0,21.034166060959304,0.0,148.07222222222222,120.0,10.055,0.0,138,1185.0,0,0.0,,,PredHPA,gray,138
5.0,0.015607648671356333,0.0,118.70694444444445,82.0,0.075,0.9053863060527386,95,5.0,0,0.0,,,PredHPA,gray,139
145.0,2.011640520050617,0.030647410586365557,89.50555555555556,71.0,0.075,3.160063571584408e-05,81,135.0,0,0.0,,,HPA+RL,gray,100
50.0,0.49720939980890666,0.06515429215611959,81.1138888888889,88.0,0.075,0.06011272538536225,83,0.0,0,0.0,,,HPA+RL,gray,101
1205.0,21.211808268033515,0.0,101.425,85.0,10.055,0.0,76,1200.0,0,0.0,,,HPA+RL,gray,102
105.0,1.5526540613069795,0.003595703092101254,85.06805555555556,69.0,0.075,3.160063571584408e-05,62,105.0,0,0.0,,,HPA+RL,gray,103
145.0,1.8346118137712253,0.0650895532995732,91.425,84.0,0.075,2.2818723926503993e-05,77,95.0,0,0.0,,,HPA+RL,gray,104
25.0,0.1107138008815789,0.0020101089868459145,83.22361111111111,55.0,0.075,0.30697854991925705,71,25.0,0,0.0,,,HPA+RL,gray,105
585.0,8.252984016587517,0.017983566102215912,95.20555555555555,76.0,10.055,0.0,71,580.0,0,0.0,,,HPA+RL,gray,106
885.0,14.791620039729414,0.07424738136009429,94.92222222222222,83.0,10.055,0.0,101,870.0,0,0.0,,,HPA+RL,gray,107
135.0,1.9931942919840906,0.0,88.64027777777778,70.0,0.075,3.160063571584408e-05,69,135.0,0,0.0,,,HPA+RL,gray,108
5.0,0.007865663483608287,0.007865663483612027,75.93333333333334,53.0,0.075,0.9454676981661234,53,0.0,0,0.0,,,HPA+RL,gray,109
35.0,0.1649296814465684,0.09092750523178401,79.19166666666666,59.0,0.075,0.7448385742900809,61,10.0,0,0.0,,,HPA+RL,gray,110
5.0,0.013075152182040473,0.008998548130147598,84.78333333333333,58.0,0.075,0.9452185246997258,77,0.0,0,0.0,,,HPA+RL,gray,111
5.0,0.016628100378912603,0.01662810037891619,81.57777777777778,57.0,0.075,0.9396375610007386,63,0.0,0,0.0,,,HPA+RL,gray,112
310.0,4.664246074828604,0.04977190595086872,92.72777777777777,80.0,0.075,0.0,94,290.0,0,0.0,,,HPA+RL,gray,113
115.0,1.5570545249645185,0.0,89.89166666666667,75.0,0.075,3.160063571584408e-05,77,115.0,0,0.0,,,HPA+RL,gray,114
130.0,2.07416146599837,0.003141997722932232,86.04722222222222,72.0,0.075,3.160063571584408e-05,60,130.0,0,0.0,,,HPA+RL,gray,115
185.0,2.335087164065386,0.055378133396349775,92.60972222222222,77.0,0.075,3.160063571584408e-05,78,110.0,0,0.0,,,HPA+RL,gray,116
210.0,2.5671791347146145,0.015222747633753676,92.70833333333333,74.0,0.075,0.0,76,205.0,0,0.0,,,HPA+RL,gray,117
10.0,0.025384895485502934,0.02538489548549968,77.93611111111112,48.0,0.075,0.900079488621231,62,5.0,0,0.0,,,HPA+RL,gray,118
145.0,2.5497947938843857,0.07927408014028031,90.59861111111111,82.0,0.075,2.205795238161352e-05,92,125.0,0,0.0,,,HPA+RL,gray,119
0.0,0.0,0.0,78.2875,58.0,0.075,1.0,61,0.0,0,0.0,,,HPA+RL,gray,120
125.0,1.8474275961469888,0.007086771159348198,85.425,69.0,0.075,3.160063571584408e-05,59,125.0,0,0.0,,,HPA+RL,gray,121
1215.0,17.347222018376385,0.06276871417191425,102.41388888888889,104.0,10.055,0.0,87,1200.0,0,0.0,,,HPA+RL,gray,122
20.0,0.0685298690237035,0.0,83.72361111111111,54.0,0.075,0.4409192632956946,72,20.0,0,0.0,,,HPA+RL,gray,123
140.0,1.9238307717834635,0.03257588271366995,86.9486111111111,71.0,0.075,3.1600635715844084e-05,61,130.0,0,0.0,,,HPA+RL,gray,124
155.0,2.463778718135945,0.08636586111324666,88.5125,82.0,0.075,3.160063571584408e-05,100,120.0,0,0.0,,,HPA+RL,gray,125
1205.0,20.775146014085934,0.0,99.97777777777777,87.0,10.055,0.0,79,1200.0,0,0.0,,,HPA+RL,gray,126
115.0,1.2730355152370754,0.001724755259066873,85.73611111111111,69.0,0.075,3.160063571584408e-05,65,115.0,0,0.0,,,HPA+RL,gray,127
30.0,0.2564426652708618,0.034210177864135716,79.74861111111112,56.0,0.07500000000000007,0.28358277081597233,61,10.0,0,0.0,,,HPA+RL,gray,128
240.0,3.0521572296118293,0.012587474947531438,92.65972222222223,75.0,0.075,0.0,70,235.0,0,0.0,,,HPA+RL,gray,129
395.0,5.250390795993198,0.012909604817361501,96.82083333333334,74.0,7.028444440491402,0.0,85,390.0,0,0.0,,,HPA+RL,gray,130
45.0,0.41448047711765135,0.09224647508004055,78.95,78.0,0.075,0.11761700621800084,80,0.0,0,0.0,,,HPA+RL,gray,131
0.0,0.0013290079263206245,0.0,80.71527777777777,67.0,0.075,0.9951620643175095,67,0.0,0,0.0,,,HPA+RL,gray,132
5.0,0.011141136809356134,0.009562725070337947,75.81111111111112,53.0,0.075,0.9385997505239785,53,0.0,0,0.0,,,HPA+RL,gray,133
125.0,1.5106385346412399,0.05438752435971094,88.46805555555555,78.0,0.075,3.160063571584408e-05,73,100.0,0,0.0,,,HPA+RL,gray,134
95.0,0.8568185101821779,0.0008817567788653417,90.39305555555555,71.0,0.075,0.0,70,95.0,0,0.0,,,HPA+RL,gray,135
5.0,0.022924854149120044,0.018107626461038598,78.42361111111111,49.0,0.075,0.9466484247309586,60,0.0,0,0.0,,,HPA+RL,gray,136
535.0,7.872707314395033,0.08877659544925662,94.63472222222222,87.0,10.055,0.0,101,505.0,0,0.0,,,HPA+RL,gray,137
1205.0,21.35980475102086,0.0,102.73055555555555,92.0,10.055,0.0,85,1200.0,0,0.0,,,HPA+RL,gray,138
95.0,1.0185666460839737,0.011470796689126164,84.64861111111111,68.0,0.075,3.160063571584408e-05,58,5.0,0,0.0,,,HPA+RL,gray,139
0.0,0.0015102713612602514,0.0,109.78333333333333,104.0,0.075,0.9842903749861934,809,0.0,11,0.0,,,ARC,gray,100
5.0,0.03638773544978324,0.0,100.66666666666667,98.0,0.075,0.8883288438196041,921,0.0,11,0.0,,,ARC,gray,101
20.0,0.16981092116661323,0.0,110.02083333333333,89.0,0.075,0.09703508034578304,818,20.0,11,0.0,,,ARC,gray,102
35.0,0.4713569650892202,0.0,104.06388888888888,95.0,0.075,0.006081621438650912,845,35.0,11,0.0,,,ARC,gray,103
65.0,0.8456417339310462,0.0,107.09305555555555,108.0,0.075,0.0006071250105452486,874,60.0,11,5.0,,,ARC,gray,104
20.0,0.08224297292835914,0.0,98.00972222222222,80.0,0.075,0.30769529957993336,740,20.0,11,20.0,,,ARC,gray,105
40.0,0.21711097907921584,0.0,103.48333333333333,100.0,0.075,0.42309964604743544,801,30.0,11,0.0,,,ARC,gray,106
40.0,0.26772365701107637,0.0,109.78611111111111,105.0,0.075,0.4350142863313805,982,25.0,11,0.0,,,ARC,gray,107
35.0,0.527532044582224,0.0,103.54861111111111,84.0,0.075,3.1600635715844084e-05,878,35.0,11,0.0,,,ARC,gray,108
0.0,0.0,0.0,99.58888888888889,89.0,0.075,1.0,810,0.0,11,0.0,,,ARC,gray,109
20.0,0.1115637802472702,0.0,108.27777777777777,106.0,0.075,0.6020479723940112,894,0.0,11,0.0,,,ARC,gray,110
0.0,0.0,0.0,97.39722222222223,82.0,0.075,1.0,741,0.0,11,0.0,,,ARC,gray,111
15.0,0.03789411485394245,0.0,98.93472222222222,94.0,0.075,0.9140019645574704,761,0.0,11,0.0,,,ARC,gray,112
25.0,0.50556993591655,0.0,112.9888888888889,120.0,0.075,0.006083336675498817,923,25.0,10,0.0,,,ARC,gray,113
10.0,0.026729572779038424,0.0,112.47083333333333,94.0,0.075,0.9010352980658983,911,10.0,11,0.0,,,ARC,gray,114
30.0,0.315186929777278,0.0,102.03611111111111,90.0,0.075,0.07724423112421332,790,30.0,11,0.0,,,ARC,gray,115
30.0,0.24531527859023017,0.0,111.18055555555556,107.0,0.075,0.05495998081326416,912,30.0,11,0.0,,,ARC,gray,116
15.0,0.09409452188636758,0.0,103.34027777777777,85.0,0.075,0.4743284782733119,743,15.0,11,0.0,,,ARC,gray,117
0.0,0.0,0.0,108.08194444444445,101.0,0.075,1.0,828,0.0,11,0.0,,,ARC,gray,118
50.0,0.9688349465090895,0.0,104.66666666666667,99.0,0.075,3.160063571584408e-05,910,40.0,11,0.0,,,ARC,gray,119
0.0,0.0,0.0,101.75138888888888,82.0,0.075,1.0,887,0.0,11,0.0,,,ARC,gray,120
10.0,0.026921169442573056,0.0,102.11111111111111,94.0,0.075,0.728752575596774,837,10.0,11,0.0,,,ARC,gray,121
40.0,0.5095700231117273,0.0,111.60694444444445,113.0,0.075,0.05257602483817188,884,0.0,11,20.0,,,ARC,gray,122
0.0,0.0018036550938571594,0.0,92.9875,76.0,0.075,0.9615349443714815,715,0.0,11,0.0,,,ARC,gray,123
65.0,0.8826534543072806,0.0,113.01805555555555,115.0,0.075,3.1600635715844084e-05,821,45.0,10,45.0,,,ARC,gray,124
65.0,0.8913417277432001,0.0,108.40833333333333,108.0,0.075,3.160063571584408e-05,978,40.0,10,0.0,,,ARC,gray,125
0.0,0.0,0.0,101.82916666666667,89.0,0.075,1.0,790,0.0,11,0.0,,,ARC,gray,126
0.0,0.0,0.0,112.87777777777778,100.0,0.075,1.0,913,0.0,11,0.0,,,ARC,gray,127
10.0,0.1506913596930448,0.0,109.59861111111111,108.0,0.075,0.2822032746777098,917,10.0,11,0.0,,,ARC,gray,128
0.0,0.0,0.0,107.77222222222223,91.0,0.075,1.0,797,0.0,11,0.0,,,ARC,gray,129
10.0,0.08387833782177445,0.0,111.05833333333334,99.0,0.075,0.4291574949134641,774,10.0,11,0.0,,,ARC,gray,130
0.0,0.0023472994363893385,0.0,105.45694444444445,111.0,0.075,0.9894274397078202,915,0.0,10,0.0,,,ARC,gray,131
0.0,0.0,0.0,101.63194444444444,85.0,0.075,1.0,869,0.0,11,0.0,,,ARC,gray,132
0.0,0.0,0.0,99.88333333333334,95.0,0.075,1.0,872,0.0,11,0.0,,,ARC,gray,133
25.0,0.37111634787596604,0.0,107.74444444444444,112.0,0.07500000000000004,0.003060713708163467,884,25.0,11,0.0,,,ARC,gray,134
5.0,0.005014959555404985,0.0,96.48055555555555,85.0,0.075,0.928354458457139,743,5.0,11,0.0,,,ARC,gray,135
10.0,0.032259155439196,0.0,108.7375,101.0,0.075,0.8181008321900417,812,0.0,11,0.0,,,ARC,gray,136
30.0,0.195759853663513,0.0,106.29027777777777,105.0,0.075,0.5362995510239019,938,0.0,11,0.0,,,ARC,gray,137
35.0,0.4048589458585994,0.0,109.09166666666667,91.0,0.075,0.05511174869339142,848,35.0,11,0.0,,,ARC,gray,138
0.0,0.0,0.0,102.26527777777778,94.0,0.075,1.0,840,0.0,11,0.0,,,ARC,gray,139
2320.0,33.90297822550396,0.0,45.833333333333336,25.0,3.075,0.022263979510772008,0,895.0,0,0.0,,,Static,ddos,100
1880.0,31.038657250478696,0.0,56.833333333333336,31.0,9.055,3.5592169271432517e-06,0,920.0,0,0.0,,,Static,ddos,101
2815.0,43.78317240393314,0.0,56.833333333333336,31.0,9.055,3.2700628987982076e-06,0,1185.0,0,0.0,,,Static,ddos,102
5640.0,85.27213925280338,0.0,49.5,27.0,6.055,0.0001605434112186131,0,1200.0,0,0.0,,,Static,ddos,103
2100.0,31.632664902814433,0.0,45.833333333333336,25.0,3.075,0.0170627849740821,0,880.0,0,0.0,,,Static,ddos,104
790.0,10.667081958843383,0.0,66.0,36.0,6.484663174536663,3.221615411136567e-06,0,765.0,0,0.0,,,Static,ddos,105
2270.0,33.860294181451046,0.0,45.833333333333336,25.0,3.075,0.022018352014915272,0,890.0,0,0.0,,,Static,ddos,106
2015.0,33.20124600675265,0.0,56.833333333333336,31.0,9.055,3.4926073984090083e-06,0,1055.0,0,0.0,,,Static,ddos,107
1140.0,18.69992836174381,0.0,55.0,30.0,3.075,0.02258829775259456,0,900.0,0,0.0,,,Static,ddos,108
5805.0,87.93823019568421,0.0,49.5,27.0,6.055,0.00014778273998311076,0,1200.0,0,0.0,,,Static,ddos,109
2120.0,31.36524702354756,0.0,45.833333333333336,25.0,3.075,0.017098992321895243,0,895.0,0,0.0,,,Static,ddos,110
1110.0,15.539121544039558,0.0,66.0,36.0,6.856894623168085,3.2167474093620883e-06,0,890.0,0,0.0,,,Static,ddos,111
2320.0,34.229345053551796,0.0,45.833333333333336,25.0,3.075,0.021916835138869956,0,960.0,0,0.0,,,Static,ddos,112
1870.0,28.147476921874805,0.0,56.833333333333336,31.0,8.513685869978405,3.8778335311463564e-06,0,905.0,0,0.0,,,Static,ddos,113
1110.0,18.417897726836095,0.0,55.0,30.0,3.075,0.02277276731167188,0,875.0,0,0.0,,,Static,ddos,114
5635.0,85.19410046608739,0.0,49.5,27.0,6.055,0.00014591201144480056,0,1200.0,0,0.0,,,Static,ddos,115
2130.0,31.585764532143124,0.0,45.833333333333336,25.0,3.075,0.01719124556004533,0,895.0,0,0.0,,,Static,ddos,116
1100.0,14.674953239772037,0.0,66.0,36.0,6.557056712349549,3.2362793028297034e-06,0,890.0,0,0.0,,,Static,ddos,117
2280.0,33.68121325573231,0.0,45.833333333333336,25.0,3.075,0.021930262577484372,0,895.0,0,0.0,,,Static,ddos,118
2160.0,33.77804429728985,0.0,56.833333333333336,31.0,8.900925920881297,3.6814677225458495e-06,0,1065.0,0,0.0,,,Static,ddos,119
2490.0,39.37670606336018,0.0,56.833333333333336,31.0,9.055,3.2267795572255365e-06,0,1175.0,0,0.0,,,Static,ddos,120
5565.0,84.29203863167177,0.0,51.333333333333336,28.0,6.055,0.00016042652952296334,0,1200.0,0,0.0,,,Static,ddos,121
2165.0,31.883326831440385,0.0,45.833333333333336,25.0,3.075,0.016665188396698526,0,910.0,0,0.0,,,Static,ddos,122
950.0,13.996897017490218,0.0,66.0,36.0,7.386250297520491,3.245009067024013e-06,0,945.0,0,0.0,,,Static,ddos,123
2210.0,33.33840285327256,0.0,45.833333333333336,25.0,3.075,0.01845529130708708,0,925.0,0,0.0,,,Static,ddos,124
1995.0,30.322150855184148,0.0,56.833333333333336,31.0,8.633277606183162,3.907607577594496e-06,0,895.0,0,0.0,,,Static,ddos,125
1140.0,18.037263838893104,0.0,55.0,30.0,3.075,0.022390895626633687,0,885.0,0,0.0,,,Static,ddos,126
5640.0,85.18175062196927,0.0,49.5,27.0,6.055,0.0001467978640364339,0,1200.0,0,0.0,,,Static,ddos,127
2095.0,31.83212572696639,0.0,45.833333333333336,25.0,3.075,0.016679482090214953,0,875.0,0,0.0,,,Static,ddos,128
965.0,12.474018723158743,0.0,66.0,36.0,6.718337568363307,3.260381929007891e-06,0,935.0,0,0.0,,,Static,ddos,129
2335.0,34.44918677825899,0.0,45.833333333333336,25.0,3.075,0.021211131143926018,0,1005.0,0,0.0,,,Static,ddos,130
2155.0,35.28105406172147,0.0,56.833333333333336,31.0,9.055,3.5399953484321868e-06,0,1070.0,0,0.0,,,Static,ddos,131
1155.0,18.91981070122578,0.0,55.0,30.0,3.075,0.022692653762471225,0,890.0,0,0.0,,,Static,ddos,132
5580.0,84.34445538874917,0.0,49.5,27.0,6.055,0.00017387045559152535,0,1200.0,0,0.0,,,Static,ddos,133
2115.0,31.954251702416027,0.0,45.833333333333336,25.0,3.075,0.017192564216303025,0,870.0,0,0.0,,,Static,ddos,134
950.0,11.957696160445884,0.0,66.0,36.0,6.439186341558011,3.2726981046032437e-06,0,940.0,0,0.0,,,Static,ddos,135
5580.0,86.99800250821654,0.0,47.666666666666664,26.0,6.055,6.0393356738552695e-05,0,1200.0,0,0.0,,,Static,ddos,136
1960.0,30.424335675261617,0.0,56.833333333333336,31.0,8.781747019186378,3.725730785615461e-06,0,975.0,0,0.0,,,Static,ddos,137
1120.0,18.88099041664637,0.0,55.0,30.0,3.075,0.022636978322750096,0,890.0,0,0.0,,,Static,ddos,138
5635.0,85.23662382789789,0.0,49.5,27.0,6.055,0.00014689753514246143,0,1200.0,0,0.0,,,Static,ddos,139
0.0,0.0,0.0,87.82777777777778,64.0,0.075,1.0,80,0.0,0,0.0,,,HPA,ddos,100
100.0,1.4075410752230955,0.0,105.09166666666667,119.0,0.075,0.0009387552018009113,145,90.0,0,0.0,,,HPA,ddos,101
40.0,0.4487532254723203,0.0,92.97916666666667,77.0,0.075,0.03857829798815192,90,40.0,0,0.0,,,HPA,ddos,102
0.0,0.010401785034364064,0.0,93.375,82.0,0.075,0.9583063490625365,81,0.0,0,0.0,,,HPA,ddos,103
45.0,0.520651373442671,0.0,91.26666666666667,79.0,0.075,0.20571470218476848,87,15.0,0,0.0,,,HPA,ddos,104
0.0,0.0,0.0,90.01527777777778,75.0,0.075,1.0,86,0.0,0,0.0,,,HPA,ddos,105
50.0,0.634821535496588,0.0,95.2611111111111,94.0,0.075,0.030093863032837235,102,50.0,0,0.0,,,HPA,ddos,106
25.0,0.1453875758069434,0.0,92.45694444444445,84.0,0.075,0.2637411078742529,113,20.0,0,0.0,,,HPA,ddos,107
50.0,0.5484644478781608,0.0,98.24027777777778,96.0,0.075,0.038421518574447325,98,50.0,0,0.0,,,HPA,ddos,108
95.0,1.3033365521600726,0.0,102.19166666666666,120.0,0.075,0.0010029935485768686,114,95.0,0,0.0,,,HPA,ddos,109
15.0,0.0816849432145994,0.0,88.82222222222222,82.0,0.075,0.7448385742900809,90,0.0,0,0.0,,,HPA,ddos,110
0.0,0.0,0.0,90.05,73.0,0.075,1.0,91,0.0,0,0.0,,,HPA,ddos,111
0.0,0.0,0.0,85.79861111111111,60.0,0.075,1.0,76,0.0,0,0.0,,,HPA,ddos,112
10.0,0.03885740209539357,0.0,89.09166666666667,80.0,0.075,0.8723015765334097,101,0.0,0,0.0,,,HPA,ddos,113
35.0,0.3715740518788868,0.0,97.68611111111112,94.0,0.075,0.1658060068100357,105,35.0,0,0.0,,,HPA,ddos,114
85.0,1.1642441609906462,0.0,102.02083333333333,120.0,0.075,0.0007120378789578688,112,85.0,0,0.0,,,HPA,ddos,115
55.0,0.8537039460200679,0.0,95.09305555555555,81.0,0.075,0.024305630599776612,102,0.0,0,0.0,,,HPA,ddos,116
0.0,0.0,0.0,89.9375,70.0,0.075,1.0,87,0.0,0,0.0,,,HPA,ddos,117
45.0,0.4276805714614751,0.0,88.70138888888889,72.0,0.075,0.040241647447543105,82,45.0,0,0.0,,,HPA,ddos,118
15.0,0.04865565031678676,0.0,92.93888888888888,82.0,0.075,0.884735043173294,108,10.0,0,0.0,,,HPA,ddos,119
0.0,0.004852695758772452,0.0,91.36111111111111,70.0,0.075,0.9685960050106123,91,0.0,0,0.0,,,HPA,ddos,120
105.0,1.5326396765044548,0.0,102.44166666666666,120.0,0.075,0.0004941592362286461,116,105.0,0,0.0,,,HPA,ddos,121
10.0,0.06853793711939504,0.0,91.00833333333334,83.0,0.075,0.7025828171167423,98,0.0,0,0.0,,,HPA,ddos,122
0.0,0.0,0.0,90.3236111111111,71.0,0.075,1.0,82,0.0,0,0.0,,,HPA,ddos,123
10.0,0.016622667457022455,0.0,87.40138888888889,67.0,0.075,0.913325750523318,83,10.0,0,0.0,,,HPA,ddos,124
5.0,0.036995612538681666,0.0,87.90833333333333,82.0,0.075,0.8569055693995388,105,0.0,0,0.0,,,HPA,ddos,125
0.0,0.0,0.0,90.66527777777777,71.0,0.075,1.0,73,0.0,0,0.0,,,HPA,ddos,126
5.0,0.005992769769302964,0.0,90.90694444444445,76.0,0.075,0.9365572583386838,86,5.0,0,0.0,,,HPA,ddos,127
10.0,0.04526750603784935,0.0,89.2611111111111,78.0,0.075,0.8561574114653013,78,0.0,0,0.0,,,HPA,ddos,128
0.0,0.0,0.0,90.33888888888889,69.0,0.075,1.0,65,0.0,0,0.0,,,HPA,ddos,129
0.0,0.0,0.0,89.04027777777777,70.0,0.075,1.0,79,0.0,0,0.0,,,HPA,ddos,130
35.0,0.23765005399905004,0.0,90.65,78.0,0.075,0.14943039550055146,111,25.0,0,0.0,,,HPA,ddos,131
90.0,1.6225683470332597,0.0,106.30694444444444,120.0,0.075,8.786676045772815e-06,131,90.0,0,0.0,,,HPA,ddos,132
95.0,0.7189335889723703,0.0,98.22222222222223,106.0,0.075,0.016272057674709694,101,95.0,0,0.0,,,HPA,ddos,133
20.0,0.06647428492176921,0.0,90.31527777777778,80.0,0.075,0.8384218357295933,82,10.0,0,0.0,,,HPA,ddos,134
0.0,0.0,0.0,88.60138888888889,70.0,0.075,1.0,88,0.0,0,0.0,,,HPA,ddos,135
95.0,1.835039155547591,0.0,102.67083333333333,120.0,0.075,0.00256282384637605,117,95.0,0,0.0,,,HPA,ddos,136
5.0,0.03040169756296507,0.0,89.68055555555556,87.0,0.075,0.8714951661211245,105,0.0,0,0.0,,,HPA,ddos,137
105.0,1.83621729482909,0.0,104.77638888888889,120.0,0.075,0.0002179122282809705,133,105.0,0,0.0,,,HPA,ddos,138
85.0,0.8616945232919115,0.0,99.88194444444444,113.0,0.075,0.013560252444284212,106,85.0,0,0.0,,,HPA,ddos,139
0.0,0.0,0.0,87.14444444444445,66.0,0.075,1.0,156,0.0,0,0.0,,,HPA-fast,ddos,100
70.0,1.196202137570257,0.0,90.8125,120.0,0.075,0.000530114720063278,271,70.0,0,0.0,,,HPA-fast,ddos,101
15.0,0.12565018663530658,0.0,87.87777777777778,74.0,0.075,0.21688551253304136,190,15.0,0,0.0,,,HPA-fast,ddos,102
0.0,0.0028001134561805863,0.0,85.96666666666667,71.0,0.075,0.9711877986135268,147,0.0,0,0.0,,,HPA-fast,ddos,103
0.0,0.0,0.0,90.8861111111111,86.0,0.075,1.0,246,0.0,0,0.0,,,HPA-fast,ddos,104
0.0,0.0,0.0,84.7875,72.0,0.075,1.0,167,0.0,0,0.0,,,HPA-fast,ddos,105
10.0,0.02655308496609665,0.0,88.04305555555555,76.0,0.075,0.8835517633363899,192,10.0,0,0.0,,,HPA-fast,ddos,106
65.0,0.8570999547097724,0.0,90.61111111111111,109.0,0.075,0.025921048616185986,271,65.0,0,0.0,,,HPA-fast,ddos,107
30.0,0.34094317004799146,0.0,89.74444444444444,91.0,0.075,0.0458621329318706,207,30.0,0,0.0,,,HPA-fast,ddos,108
75.0,1.02093919518077,0.0,91.29444444444445,118.0,0.075,0.001337540339423192,214,75.0,0,0.0,,,HPA-fast,ddos,109
0.0,0.0,0.0,90.54305555555555,87.0,0.075,1.0,252,0.0,0,0.0,,,HPA-fast,ddos,110
0.0,0.0,0.0,85.3236111111111,75.0,0.075,1.0,183,0.0,0,0.0,,,HPA-fast,ddos,111
0.0,0.0,0.0,86.21944444444445,66.0,0.075,1.0,157,0.0,0,0.0,,,HPA-fast,ddos,112
0.0,0.0020655188331386576,0.0,85.8375,62.0,0.075,0.9906919340146315,222,0.0,0,0.0,,,HPA-fast,ddos,113
35.0,0.35401482067162204,0.0,88.03888888888889,82.0,0.075,0.2165961666890352,211,35.0,0,0.0,,,HPA-fast,ddos,114
20.0,0.03361748000026976,0.0,86.08472222222223,74.0,0.075,0.8361487329230061,165,20.0,0,0.0,,,HPA-fast,ddos,115
0.0,0.0,0.0,89.41388888888889,86.0,0.075,1.0,239,0.0,0,0.0,,,HPA-fast,ddos,116
0.0,0.0,0.0,85.66111111111111,74.0,0.075,1.0,183,0.0,0,0.0,,,HPA-fast,ddos,117
5.0,0.008414321677752135,0.0,86.65972222222223,62.0,0.075,0.9311138462514349,150,5.0,0,0.0,,,HPA-fast,ddos,118
10.0,0.018873069331459824,0.0,86.60416666666667,65.0,0.075,0.9122380940247959,235,10.0,0,0.0,,,HPA-fast,ddos,119
0.0,0.0,0.0,86.52083333333333,74.0,0.075,1.0,194,0.0,0,0.0,,,HPA-fast,ddos,120
25.0,0.18248302288991214,0.0,86.8125,80.0,0.075,0.2945658987783663,175,25.0,0,0.0,,,HPA-fast,ddos,121
0.0,0.0,0.0,89.67777777777778,89.0,0.075,1.0,236,0.0,0,0.0,,,HPA-fast,ddos,122
15.0,0.032291181001464775,0.0,85.92777777777778,74.0,0.075,0.740248955460465,191,15.0,0,0.0,,,HPA-fast,ddos,123
0.0,0.009187162146229166,0.0,86.89305555555555,78.0,0.075,0.9608678389874559,171,0.0,0,0.0,,,HPA-fast,ddos,124
0.0,0.012543948362786494,0.0,85.4875,62.0,0.075,0.9636233253508083,215,0.0,0,0.0,,,HPA-fast,ddos,125
0.0,0.0,0.0,88.00972222222222,82.0,0.075,1.0,202,0.0,0,0.0,,,HPA-fast,ddos,126
0.0,0.0035582268676837003,0.0,85.325,73.0,0.075,0.9530558073894817,149,0.0,0,0.0,,,HPA-fast,ddos,127
0.0,0.0,0.0,90.70972222222223,92.0,0.075,1.0,249,0.0,0,0.0,,,HPA-fast,ddos,128
70.0,0.9158995821314964,0.0,90.07638888888889,115.0,0.075,0.001066535324325842,205,70.0,0,0.0,,,HPA-fast,ddos,129
0.0,0.0,0.0,85.78472222222223,63.0,0.075,1.0,136,0.0,0,0.0,,,HPA-fast,ddos,130
50.0,0.7785272297427537,0.0,89.8638888888889,100.0,0.075,0.0021951374998436233,251,50.0,0,0.0,,,HPA-fast,ddos,131
25.0,0.09877221259885216,0.0,90.5875,95.0,0.075,0.4822894653133356,222,25.0,0,0.0,,,HPA-fast,ddos,132
0.0,0.0,0.0,84.65416666666667,61.0,0.075,1.0,132,0.0,0,0.0,,,HPA-fast,ddos,133
0.0,0.0,0.0,90.35,89.0,0.075,1.0,251,0.0,0,0.0,,,HPA-fast,ddos,134
25.0,0.09577753376180942,0.0,84.96666666666667,70.0,0.075,0.19948260357193728,164,25.0,0,0.0,,,HPA-fast,ddos,135
30.0,0.07847962963382082,0.0,88.34305555555555,73.0,0.075,0.8348517393173489,182,30.0,0,0.0,,,HPA-fast,ddos,136
0.0,0.009463453097890984,0.0,85.79444444444445,62.0,0.075,0.9767796184712111,240,0.0,0,0.0,,,HPA-fast,ddos,137
5.0,0.010683773166109134,0.0,90.07638888888889,92.0,0.075,0.9192068567869991,217,5.0,0,0.0,,,HPA-fast,ddos,138
0.0,0.0,0.0,85.62083333333334,73.0,0.075,1.0,160,0.0,0,0.0,,,HPA-fast,ddos,139
0.0,0.0,0.0,110.25972222222222,85.0,0.075,1.0,85,0.0,0,0.0,,,HPA-45,ddos,100
0.0,0.0,0.0,115.38055555555556,94.0,0.075,1.0,127,0.0,0,0.0,,,HPA-45,ddos,101
0.0,0.0,0.0,113.4,91.0,0.075,1.0,90,0.0,0,0.0,,,HPA-45,ddos,102
0.0,0.0,0.0,113.41111111111111,93.0,0.075,1.0,89,0.0,0,0.0,,,HPA-45,ddos,103
0.0,0.0,0.0,116.67222222222222,103.0,0.075,1.0,112,0.0,0,0.0,,,HPA-45,ddos,104
0.0,0.0,0.0,112.64583333333333,96.0,0.075,1.0,96,0.0,0,0.0,,,HPA-45,ddos,105
0.0,0.0,0.0,110.93472222222222,83.0,0.075,1.0,86,0.0,0,0.0,,,HPA-45,ddos,106
0.0,0.0,0.0,113.38194444444444,101.0,0.075,1.0,123,0.0,0,0.0,,,HPA-45,ddos,107
0.0,0.0,0.0,114.56388888888888,93.0,0.075,1.0,90,0.0,0,0.0,,,HPA-45,ddos,108
0.0,0.0,0.0,111.11944444444444,89.0,0.075,1.0,93,0.0,0,0.0,,,HPA-45,ddos,109
0.0,0.0,0.0,113.60972222222222,103.0,0.075,1.0,113,0.0,0,0.0,,,HPA-45,ddos,110
0.0,0.0,0.0,111.89166666666667,90.0,0.075,1.0,100,0.0,0,0.0,,,HPA-45,ddos,111
0.0,0.0,0.0,107.38333333333334,76.0,0.075,1.0,83,0.0,0,0.0,,,HPA-45,ddos,112
0.0,0.0,0.0,110.5111111111111,97.0,0.075,1.0,106,0.0,0,0.0,,,HPA-45,ddos,113
0.0,0.0,0.0,114.05694444444444,94.0,0.075,1.0,96,0.0,0,0.0,,,HPA-45,ddos,114
0.0,0.0,0.0,113.93194444444444,99.0,0.075,1.0,97,0.0,0,0.0,,,HPA-45,ddos,115
0.0,0.0,0.0,114.82083333333334,105.0,0.075,1.0,114,0.0,0,0.0,,,HPA-45,ddos,116
0.0,0.0,0.0,113.5513888888889,94.0,0.075,1.0,93,0.0,0,0.0,,,HPA-45,ddos,117
0.0,0.0,0.0,106.45138888888889,73.0,0.075,1.0,74,0.0,0,0.0,,,HPA-45,ddos,118
0.0,0.0,0.0,112.30972222222222,99.0,0.075,1.0,121,0.0,0,0.0,,,HPA-45,ddos,119
0.0,0.0,0.0,113.1,89.0,0.075,1.0,87,0.0,0,0.0,,,HPA-45,ddos,120
0.0,0.0,0.0,112.30833333333334,88.0,0.075,1.0,88,0.0,0,0.0,,,HPA-45,ddos,121
0.0,0.0,0.0,114.7625,106.0,0.075,1.0,112,0.0,0,0.0,,,HPA-45,ddos,122
0.0,0.0,0.0,114.59861111111111,94.0,0.075,1.0,107,0.0,0,0.0,,,HPA-45,ddos,123
0.0,0.0,0.0,110.02222222222223,86.0,0.075,1.0,93,0.0,0,0.0,,,HPA-45,ddos,124
0.0,0.0,0.0,106.92361111111111,75.0,0.075,1.0,93,0.0,0,0.0,,,HPA-45,ddos,125
0.0,0.0,0.0,113.11111111111111,92.0,0.075,1.0,75,0.0,0,0.0,,,HPA-45,ddos,126
0.0,0.0,0.0,110.35694444444445,85.0,0.075,1.0,91,0.0,0,0.0,,,HPA-45,ddos,127
0.0,0.0,0.0,115.25416666666666,104.0,0.075,1.0,107,0.0,0,0.0,,,HPA-45,ddos,128
0.0,0.0,0.0,113.85,86.0,0.075,1.0,73,0.0,0,0.0,,,HPA-45,ddos,129
0.0,0.0,0.0,106.10694444444445,75.0,0.075,1.0,70,0.0,0,0.0,,,HPA-45,ddos,130
0.0,0.0,0.0,111.43194444444444,85.0,0.075,1.0,115,0.0,0,0.0,,,HPA-45,ddos,131
0.0,0.0,0.0,119.68194444444444,106.0,0.075,1.0,115,0.0,0,0.0,,,HPA-45,ddos,132
0.0,0.0,0.0,108.12916666666666,78.0,0.075,1.0,86,0.0,0,0.0,,,HPA-45,ddos,133
0.0,0.0,0.0,114.67777777777778,110.0,0.075,1.0,102,0.0,0,0.0,,,HPA-45,ddos,134
0.0,0.0,0.0,113.49166666666666,93.0,0.075,1.0,104,0.0,0,0.0,,,HPA-45,ddos,135
0.0,0.0,0.0,115.41527777777777,100.0,0.075,1.0,105,0.0,0,0.0,,,HPA-45,ddos,136
0.0,0.0,0.0,109.90416666666667,97.0,0.075,1.0,105,0.0,0,0.0,,,HPA-45,ddos,137
0.0,0.0,0.0,118.28611111111111,104.0,0.075,1.0,108,0.0,0,0.0,,,HPA-45,ddos,138
0.0,0.0,0.0,109.72777777777777,85.0,0.075,1.0,102,0.0,0,0.0,,,HPA-45,ddos,139
0.0,0.0,0.0,135.3347222222222,86.0,0.075,1.0,97,0.0,0,0.0,,,PredHPA,ddos,100
0.0,0.0,0.0,141.65694444444443,103.0,0.075,1.0,116,0.0,0,0.0,,,PredHPA,ddos,101
0.0,0.0,0.0,137.525,104.0,0.075,1.0,107,0.0,0,0.0,,,PredHPA,ddos,102
0.0,0.0,0.0,128.1875,91.0,0.075,1.0,103,0.0,0,0.0,,,PredHPA,ddos,103
0.0,0.0,0.0,145.84027777777777,120.0,0.075,1.0,116,0.0,0,0.0,,,PredHPA,ddos,104
0.0,0.0,0.0,123.72361111111111,84.0,0.075,1.0,94,0.0,0,0.0,,,PredHPA,ddos,105
0.0,0.0,0.0,138.58194444444445,93.0,0.075,1.0,89,0.0,0,0.0,,,PredHPA,ddos,106
0.0,0.0,0.0,140.92777777777778,98.0,0.075,1.0,128,0.0,0,0.0,,,PredHPA,ddos,107
0.0,0.0,0.0,138.92361111111111,103.0,0.075,1.0,121,0.0,0,0.0,,,PredHPA,ddos,108
0.0,0.0,0.0,129.9763888888889,98.0,0.075,1.0,92,0.0,0,0.0,,,PredHPA,ddos,109
0.0,0.0,0.0,138.54444444444445,117.0,0.075,1.0,126,0.0,0,0.0,,,PredHPA,ddos,110
0.0,0.0,0.0,125.5513888888889,84.0,0.075,1.0,91,0.0,0,0.0,,,PredHPA,ddos,111
0.0,0.0,0.0,131.70138888888889,86.0,0.075,1.0,105,0.0,0,0.0,,,PredHPA,ddos,112
0.0,0.0,0.0,137.63472222222222,92.0,0.075,1.0,107,0.0,0,0.0,,,PredHPA,ddos,113
0.0,0.0,0.0,137.7277777777778,106.0,0.075,1.0,128,0.0,0,0.0,,,PredHPA,ddos,114
0.0,0.0,0.0,131.18333333333334,98.0,0.075,1.0,103,0.0,0,0.0,,,PredHPA,ddos,115
0.0,0.0,0.0,139.98472222222222,117.0,0.075,1.0,131,0.0,0,0.0,,,PredHPA,ddos,116
0.0,0.0,0.0,129.65555555555557,94.0,0.075,1.0,92,0.0,0,0.0,,,PredHPA,ddos,117
0.0,0.0,0.0,137.78472222222223,92.0,0.075,1.0,104,0.0,0,0.0,,,PredHPA,ddos,118
0.0,0.0,0.0,138.45,95.0,0.075,1.0,106,0.0,0,0.0,,,PredHPA,ddos,119
0.0,0.0,0.0,138.69027777777777,109.0,0.075,1.0,139,0.0,0,0.0,,,PredHPA,ddos,120
0.0,0.0,0.0,129.47083333333333,95.0,0.075,1.0,92,0.0,0,0.0,,,PredHPA,ddos,121
0.0,0.0,0.0,139.8625,120.0,0.075,1.0,124,0.0,0,0.0,,,PredHPA,ddos,122
0.0,0.0,0.0,127.38333333333334,92.0,0.075,1.0,98,0.0,0,0.0,,,PredHPA,ddos,123
0.0,0.0,0.0,136.98194444444445,94.0,0.075,1.0,104,0.0,0,0.0,,,PredHPA,ddos,124
0.0,0.0,0.0,139.4125,97.0,0.075,1.0,115,0.0,0,0.0,,,PredHPA,ddos,125
0.0,0.0,0.0,134.48333333333332,100.0,0.075,1.0,131,0.0,0,0.0,,,PredHPA,ddos,126
0.0,0.0,0.0,126.30972222222222,87.0,0.075,1.0,106,0.0,0,0.0,,,PredHPA,ddos,127
0.0,0.0,0.0,142.61527777777778,120.0,0.075,1.0,123,0.0,0,0.0,,,PredHPA,ddos,128
0.0,0.0,0.0,130.04444444444445,96.0,0.075,1.0,97,0.0,0,0.0,,,PredHPA,ddos,129
0.0,0.0,0.0,133.28055555555557,88.0,0.075,1.0,99,0.0,0,0.0,,,PredHPA,ddos,130
0.0,0.0,0.0,139.89583333333334,97.0,0.075,1.0,112,0.0,0,0.0,,,PredHPA,ddos,131
0.0,0.0,0.0,138.56527777777777,104.0,0.075,1.0,119,0.0,0,0.0,,,PredHPA,ddos,132
0.0,0.0,0.0,124.21944444444445,82.0,0.075,1.0,92,0.0,0,0.0,,,PredHPA,ddos,133
0.0,0.0,0.0,142.51388888888889,120.0,0.075,1.0,116,0.0,0,0.0,,,PredHPA,ddos,134
0.0,0.0,0.0,125.04027777777777,82.0,0.075,1.0,90,0.0,0,0.0,,,PredHPA,ddos,135
0.0,0.0,0.0,142.1611111111111,103.0,0.075,1.0,106,0.0,0,0.0,,,PredHPA,ddos,136
0.0,0.0,0.0,140.03333333333333,95.0,0.075,1.0,124,0.0,0,0.0,,,PredHPA,ddos,137
0.0,0.0,0.0,136.225,99.0,0.075,1.0,109,0.0,0,0.0,,,PredHPA,ddos,138
0.0,0.0,0.0,126.55694444444444,88.0,0.075,1.0,109,0.0,0,0.0,,,PredHPA,ddos,139
100.0,0.2299961917393678,0.22999619173938468,85.79027777777777,59.0,0.075,0.8361781196374447,73,25.0,0,0.0,,,HPA+RL,ddos,100
165.0,0.5246341947336086,0.4316299222367779,93.41805555555555,88.0,0.075,0.7959163311828867,112,50.0,0,0.0,,,HPA+RL,ddos,101
430.0,1.7998183330042994,1.3780244198377232,90.18472222222222,72.0,0.075,0.03927458338249357,82,40.0,0,0.0,,,HPA+RL,ddos,102
150.0,0.44472531295072226,0.43700565999801844,87.8013888888889,72.0,0.075,0.7696894603389525,79,10.0,0,0.0,,,HPA+RL,ddos,103
145.0,1.0052981975792075,0.6587689174241343,86.33055555555555,62.0,0.075,0.20571470218476848,76,15.0,0,0.0,,,HPA+RL,ddos,104
110.0,0.3328947453792308,0.33289474537923125,84.89861111111111,56.0,0.075,0.7808464265158791,64,10.0,0,0.0,,,HPA+RL,ddos,105
155.0,0.8279220988454128,0.2587883439854756,93.99861111111112,88.0,0.075,0.03489972454612009,99,50.0,0,0.0,,,HPA+RL,ddos,106
130.0,0.5325852339633119,0.4491105074294584,85.36111111111111,60.0,0.075,0.4228392561797896,94,15.0,0,0.0,,,HPA+RL,ddos,107
425.0,1.8458778881820237,1.4063990553672847,95.50694444444444,91.0,0.075,0.040096101844992814,98,45.0,0,0.0,,,HPA+RL,ddos,108
320.0,1.982887530590416,0.7260666598778639,99.64583333333333,120.0,0.075,0.001148401472163783,108,120.0,0,0.0,,,HPA+RL,ddos,109
135.0,0.7153911080094777,0.65459516533406,82.83611111111111,62.0,0.075,0.6020063280428408,67,15.0,0,0.0,,,HPA+RL,ddos,110
110.0,0.36175716647647294,0.3617571664764668,86.12916666666666,56.0,0.075,0.7469486968548582,71,15.0,0,0.0,,,HPA+RL,ddos,111
95.0,0.2690044689400706,0.26900446894007457,84.82777777777778,58.0,0.075,0.8151866246743606,73,15.0,0,0.0,,,HPA+RL,ddos,112
45.0,0.15615519115539378,0.11729778906000592,89.075,80.0,0.075,0.8335631668991541,101,5.0,0,0.0,,,HPA+RL,ddos,113
415.0,1.5614617036545209,1.5172668723745664,93.04027777777777,82.0,0.075,0.6699856432133465,93,25.0,0,0.0,,,HPA+RL,ddos,114
310.0,1.9290604619910057,0.7641101860915398,100.04583333333333,120.0,0.075,0.0009956790823820345,110,100.0,0,0.0,,,HPA+RL,ddos,115
170.0,1.4589854277833658,0.6126357247523956,89.62222222222222,62.0,0.075,0.024305630599776612,84,5.0,0,0.0,,,HPA+RL,ddos,116
110.0,0.33981662946996893,0.33981662946996694,87.42916666666666,59.0,0.075,0.7603561029633155,71,5.0,0,0.0,,,HPA+RL,ddos,117
105.0,0.35243824767771104,0.2244373905658785,84.83055555555555,57.0,0.075,0.44483284332277806,74,25.0,0,0.0,,,HPA+RL,ddos,118
85.0,0.27120428735867286,0.24521897274383442,92.10555555555555,82.0,0.075,0.8224326726587072,103,15.0,0,0.0,,,HPA+RL,ddos,119
375.0,1.363571349213455,1.3635713492134507,88.20833333333333,64.0,0.075,0.6685562750952713,82,20.0,0,0.0,,,HPA+RL,ddos,120
220.0,1.6774937067242868,0.34955642519393754,101.10416666666667,120.0,0.075,0.0009333225869901502,110,100.0,0,0.0,,,HPA+RL,ddos,121
105.0,0.6825737217534322,0.6140357846340309,83.93055555555556,60.0,0.075,0.5945348190201841,76,20.0,0,0.0,,,HPA+RL,ddos,122
145.0,0.4756770414562461,0.4756770414562553,86.41527777777777,57.0,0.075,0.7626404842555159,66,15.0,0,0.0,,,HPA+RL,ddos,123
185.0,0.562247675827332,0.5489359133086061,85.19444444444444,60.0,0.075,0.6903473775771637,77,10.0,0,0.0,,,HPA+RL,ddos,124
45.0,0.163962262076911,0.1269666495382265,86.82638888888889,82.0,0.075,0.8569055693995388,99,5.0,0,0.0,,,HPA+RL,ddos,125
365.0,1.317598639306894,1.3175986393068975,88.10277777777777,68.0,0.075,0.6708687082187879,73,25.0,0,0.0,,,HPA+RL,ddos,126
170.0,0.4803197933847203,0.47432702361540524,87.31527777777778,68.0,0.075,0.6965020458265642,84,15.0,0,0.0,,,HPA+RL,ddos,127
115.0,0.7080504318613512,0.6628260656558131,83.3,58.0,0.075,0.5926915628269744,70,15.0,0,0.0,,,HPA+RL,ddos,128
125.0,0.36206221466859034,0.3620622146685913,88.16805555555555,64.0,0.075,0.7792892464455892,61,10.0,0,0.0,,,HPA+RL,ddos,129
80.0,0.2086442041123182,0.2086442041123128,88.33472222222223,70.0,0.075,0.7986297906964953,81,15.0,0,0.0,,,HPA+RL,ddos,130
165.0,0.5057616573279633,0.4540195786011207,87.93611111111112,78.0,0.075,0.7767661720840143,98,20.0,0,0.0,,,HPA+RL,ddos,131
465.0,2.9407048634991773,1.5180341844790832,105.22777777777777,120.0,0.07500000000000007,0.0001338889896539146,125,90.0,0,0.0,,,HPA+RL,ddos,132
170.0,0.8867765668463479,0.16784297787398375,97.52222222222223,106.0,0.075,0.016272057674709694,98,95.0,0,0.0,,,HPA+RL,ddos,133
120.0,0.6959616683648084,0.6481808688204787,83.55555555555556,59.0,0.075,0.6091567332928736,70,15.0,0,0.0,,,HPA+RL,ddos,134
95.0,0.3061134856178094,0.3061134856178234,85.81805555555556,58.0,0.075,0.7728401434971254,68,5.0,0,0.0,,,HPA+RL,ddos,135
150.0,0.8279320889453823,0.3154544805050976,93.31527777777778,85.0,0.075,0.18421564926313375,92,45.0,0,0.0,,,HPA+RL,ddos,136
70.0,0.23698851000160115,0.20658681243863428,89.54722222222222,87.0,0.075,0.835941524814423,105,20.0,0,0.0,,,HPA+RL,ddos,137
460.0,2.9993794507707894,1.5251056348119665,103.74166666666666,120.0,0.075,0.0004141715812484043,124,100.0,0,0.0,,,HPA+RL,ddos,138
210.0,0.8178390732629159,0.4732497238647925,89.70416666666667,83.0,0.075,0.24594661076353766,89,50.0,0,0.0,,,HPA+RL,ddos,139
0.0,0.3886950773662079,0.3886950773662138,109.09444444444445,99.0,0.075,0.9699999999999999,808,0.0,9,0.0,10.0,,ARC,ddos,100
5.0,0.48029265419257117,0.44390491874278953,100.46527777777777,97.0,0.075,0.8883288438196041,909,0.0,10,0.0,5.0,,ARC,ddos,101
0.0,0.4984786232839489,0.4984786232839429,105.3013888888889,84.0,0.075,0.9699999999999999,794,0.0,10,0.0,10.0,,ARC,ddos,102
0.0,0.4170200331846341,0.41702003318463166,101.03472222222223,93.0,0.075,0.9699999999999999,840,0.0,10,0.0,5.0,,ARC,ddos,103
10.0,0.4280522434743972,0.4089122878610368,104.90138888888889,99.0,0.075,0.923262246766848,870,10.0,10,0.0,5.0,,ARC,ddos,104
0.0,0.3536986033670697,0.35369860336706394,96.84027777777777,78.0,0.075,0.9699999999999999,728,0.0,10,0.0,10.0,,ARC,ddos,105
10.0,0.46668217273851953,0.39212760090662535,98.50972222222222,89.0,0.075,0.6439398708692008,771,0.0,10,0.0,5.0,,ARC,ddos,106
15.0,0.6192088664337292,0.4582124648575029,105.77222222222223,105.0,0.075,0.5103999410543395,971,0.0,10,0.0,5.0,,ARC,ddos,107
0.0,0.4992822167851241,0.49928221678511936,100.26666666666667,80.0,0.075,0.9699999999999999,852,0.0,10,0.0,10.0,,ARC,ddos,108
0.0,0.4628786382723571,0.46287863827235487,100.14166666666667,88.0,0.075,0.9699999999999999,802,0.0,10,0.0,5.0,,ARC,ddos,109
20.0,0.5035031428673786,0.3919393626201143,108.95833333333333,110.0,0.075,0.6020479723940112,878,0.0,10,0.0,5.0,,ARC,ddos,110
0.0,0.36561038961665515,0.3656103896166477,96.275,78.0,0.075,0.9699999999999999,728,0.0,10,0.0,5.0,,ARC,ddos,111
10.0,0.42692765030810653,0.402356439245855,97.37361111111112,86.0,0.075,0.9140019645574704,778,0.0,9,0.0,5.0,,ARC,ddos,112
15.0,0.7544646708843028,0.36009519899293063,108.56805555555556,102.0,0.075,0.06097416798129687,910,0.0,10,0.0,10.0,,ARC,ddos,113
0.0,0.5002382483243806,0.500238248324378,110.94305555555556,89.0,0.075,0.9699999999999999,913,0.0,10,0.0,5.0,,ARC,ddos,114
0.0,0.4609530993804234,0.46095309938041773,99.43194444444444,88.0,0.075,0.9699999999999999,794,0.0,10,0.0,5.0,,ARC,ddos,115
0.0,0.4063941987665243,0.3917519255696397,108.54027777777777,101.0,0.075,0.9545201259656073,892,0.0,10,0.0,5.0,,ARC,ddos,116
0.0,0.3567431899789253,0.35674318997891935,99.02916666666667,80.0,0.075,0.9699999999999999,733,0.0,10,0.0,5.0,,ARC,ddos,117
0.0,0.3946320701495809,0.39463207014959,107.99722222222222,105.0,0.075,0.9699999999999999,820,0.0,9,0.0,5.0,,ARC,ddos,118
15.0,0.8802354150267755,0.4010877892442128,102.18888888888888,97.0,0.075,0.05629059410491654,909,0.0,9,0.0,10.0,,ARC,ddos,119
0.0,0.49659314438487145,0.496593144384877,101.79583333333333,79.0,0.075,0.9699999999999999,847,0.0,10,0.0,10.0,,ARC,ddos,120
0.0,0.4038393207876245,0.40383932078762497,100.50833333333334,92.0,0.075,0.9699999999999999,812,0.0,10,0.0,10.0,,ARC,ddos,121
20.0,0.7297828172150078,0.39722260350628025,109.31944444444444,106.0,0.075,0.05257602483817188,873,0.0,9,0.0,5.0,,ARC,ddos,122
0.0,0.39226133376489836,0.3922613337649001,90.9888888888889,72.0,0.075,0.9699999999999999,691,0.0,10,0.0,5.0,,ARC,ddos,123
20.0,0.6427730801135567,0.44437397389850936,111.58194444444445,103.0,0.075,0.08262291804690276,793,0.0,10,0.0,10.0,,ARC,ddos,124
30.0,0.7804227789665275,0.35857034968272716,107.20416666666667,110.0,0.075,0.26419201652682445,973,0.0,10,0.0,15.0,,ARC,ddos,125
0.0,0.472303356603454,0.47230335660345635,98.3625,79.0,0.075,0.9699999999999999,780,0.0,10,0.0,10.0,,ARC,ddos,126
0.0,0.4192909366992681,0.41929093669926626,111.42361111111111,99.0,0.075,0.9699999999999999,864,0.0,9,0.0,5.0,,ARC,ddos,127
0.0,0.40740904421344704,0.4074090442134369,110.94305555555556,113.0,0.075,0.9699999999999999,915,0.0,10,0.0,5.0,,ARC,ddos,128
0.0,0.3654412419177522,0.36544124191774985,106.20833333333333,86.0,0.075,0.9699999999999999,784,0.0,10,0.0,5.0,,ARC,ddos,129
0.0,0.39107976595478267,0.3910797659547814,106.23055555555555,94.0,0.075,0.9699999999999999,764,0.0,9,0.0,10.0,,ARC,ddos,130
0.0,0.46037418331004165,0.4565169697033537,105.40416666666667,109.0,0.075,0.9699999999999999,896,0.0,9,0.0,5.0,,ARC,ddos,131
0.0,0.5095009252687799,0.5095009252687924,102.10416666666667,81.0,0.075,0.9699999999999999,861,0.0,10,0.0,10.0,,ARC,ddos,132
0.0,0.3796747365216291,0.3796747365216325,100.02361111111111,91.0,0.075,0.9699999999999999,839,0.0,10,0.0,5.0,,ARC,ddos,133
0.0,0.4218019538977935,0.4069387447389696,105.74305555555556,101.0,0.075,0.963493044706715,866,0.0,10,0.0,5.0,,ARC,ddos,134
0.0,0.3540326701058416,0.35403267010585016,94.11944444444444,74.0,0.075,0.9699999999999999,749,0.0,9,0.0,5.0,,ARC,ddos,135
10.0,0.43440640266307895,0.40249652838498823,109.57083333333334,100.0,0.075,0.8181008321900417,829,0.0,10,0.0,10.0,,ARC,ddos,136
25.0,0.5165362936118023,0.3916417216682735,103.41666666666667,102.0,0.075,0.5362995510239019,938,0.0,9,0.0,5.0,,ARC,ddos,137
0.0,0.507543505361896,0.5075435053618877,102.3375,83.0,0.075,0.9699999999999999,836,0.0,9,0.0,5.0,,ARC,ddos,138
0.0,0.4224338664357563,0.42243386643576863,100.325,91.0,0.075,0.9699999999999999,832,0.0,9,0.0,5.0,,ARC,ddos,139
2575.0,38.641534234852834,0.0,45.833333333333336,25.0,6.053,0.00041890767489419147,0,1195.0,0,0.0,,,Static,ddos_kill,100
1880.0,31.03865927468734,0.0,56.833333333333336,31.0,9.055,1.5035848328816689e-06,0,852.5,0,0.0,,,Static,ddos_kill,101
2815.0,43.78317280710841,0.0,56.833333333333336,31.0,9.055,3.0199123414625235e-06,0,1192.5,0,0.0,,,Static,ddos_kill,102
5640.0,85.35133030912026,0.0,49.5,27.0,6.055,5.93149903586209e-05,0,1200.0,0,0.0,,,Static,ddos_kill,103
2115.0,32.060060714778785,0.0,45.833333333333336,25.0,6.053,0.00031527055885738494,0,827.5,0,0.0,,,Static,ddos_kill,104
805.0,10.98155947662196,0.0,66.0,36.0,6.672798996372681,1.3289769642797116e-06,0,780.0,0,0.0,,,Static,ddos_kill,105
2285.0,34.3108767565487,0.0,45.833333333333336,25.0,6.053,0.0003606897168997388,0,835.0,0,0.0,,,Static,ddos_kill,106
2015.0,33.2012479804204,0.0,56.833333333333336,31.0,9.055,1.6382568026129142e-06,0,990.0,0,0.0,,,Static,ddos_kill,107
1290.0,21.97333785547042,0.0,55.0,30.0,6.053,0.0004073315139588751,0,995.0,0,0.0,,,Static,ddos_kill,108
5805.0,87.93827055186975,0.0,49.5,27.0,6.055,0.00010142035981041466,0,1200.0,0,0.0,,,Static,ddos_kill,109
4735.0,74.5524276886682,0.0,45.833333333333336,25.0,6.055,3.765000816756718e-05,0,1192.5,0,0.0,,,Static,ddos_kill,110
1110.0,15.551841784858834,0.0,66.0,36.0,6.856894623168085,1.3269688219676308e-06,0,865.0,0,0.0,,,Static,ddos_kill,111
2495.0,37.29216006475147,0.0,45.833333333333336,25.0,6.053,0.00040495926503864374,0,1100.0,0,0.0,,,Static,ddos_kill,112
1870.0,28.147478432921467,0.0,56.833333333333336,31.0,8.513685869978405,3.8778335311463564e-06,0,832.5,0,0.0,,,Static,ddos_kill,113
1130.0,18.99298106555083,0.0,55.0,30.0,6.053,0.0004353124177653285,0,832.5,0,0.0,,,Static,ddos_kill,114
5635.0,85.22688470222671,0.0,49.5,27.0,6.055,5.826485037482098e-05,0,1200.0,0,0.0,,,Static,ddos_kill,115
2805.0,40.4556989687205,0.0,45.833333333333336,25.0,6.053,0.00031764413625341335,0,1197.5,0,0.0,,,Static,ddos_kill,116
1100.0,14.674995873890072,0.0,66.0,36.0,6.557056712349549,3.2362793028297034e-06,0,827.5,0,0.0,,,Static,ddos_kill,117
3660.0,58.00932302012014,0.0,45.833333333333336,25.0,6.055,5.1143956827927235e-05,0,1200.0,0,0.0,,,Static,ddos_kill,118
2160.0,33.778045167699474,0.0,56.833333333333336,31.0,8.900925920881297,3.584053192926201e-06,0,990.0,0,0.0,,,Static,ddos_kill,119
2490.0,39.37670735202714,0.0,56.833333333333336,31.0,9.055,1.5976632643987957e-06,0,1187.5,0,0.0,,,Static,ddos_kill,120
5565.0,84.37459482062877,0.0,51.333333333333336,28.0,6.055,6.406071471602853e-05,0,1200.0,0,0.0,,,Static,ddos_kill,121
4925.0,77.28729962643112,0.0,45.833333333333336,25.0,6.055,3.9096971136280956e-05,0,1197.5,0,0.0,,,Static,ddos_kill,122
950.0,14.004790019212654,0.0,66.0,36.0,7.386250297520491,1.3386272874303988e-06,0,922.5,0,0.0,,,Static,ddos_kill,123
2315.0,34.98033081498806,0.0,45.833333333333336,25.0,6.053,0.00034100001922893517,0,957.5,0,0.0,,,Static,ddos_kill,124
1995.0,30.322151779777617,0.0,56.833333333333336,31.0,8.633277606183162,3.907607577594496e-06,0,825.0,0,0.0,,,Static,ddos_kill,125
1155.0,18.573922015783108,0.0,55.0,30.0,6.053,0.00043481278434404,0,832.5,0,0.0,,,Static,ddos_kill,126
5640.0,85.23829894615402,0.0,49.5,27.0,6.055,5.861858457527908e-05,0,1200.0,0,0.0,,,Static,ddos_kill,127
5110.0,79.44569624156705,0.0,45.833333333333336,25.0,6.055,4.2630797790320226e-05,0,1190.0,0,0.0,,,Static,ddos_kill,128
965.0,12.478901340387495,0.0,66.0,36.0,6.718337568363307,1.3449688822033201e-06,0,870.0,0,0.0,,,Static,ddos_kill,129
2510.0,37.687884881722326,0.0,45.833333333333336,25.0,6.053,0.00039191991107551187,0,1130.0,0,0.0,,,Static,ddos_kill,130
2155.0,35.28105593686549,0.0,56.833333333333336,31.0,9.055,1.6780234725442662e-06,0,1005.0,0,0.0,,,Static,ddos_kill,131
1620.0,26.064981107760556,0.0,55.0,30.0,6.055,7.787302887172798e-05,0,1197.5,0,0.0,,,Static,ddos_kill,132
5580.0,84.3444951781832,0.0,49.5,27.0,6.055,9.64723608631082e-05,0,1200.0,0,0.0,,,Static,ddos_kill,133
2210.0,33.166281388277106,0.0,45.833333333333336,25.0,6.053,0.00031766850117953386,0,900.0,0,0.0,,,Static,ddos_kill,134
950.0,11.960963304930306,0.0,66.0,36.0,6.439186341558011,3.2726981046032437e-06,0,885.0,0,0.0,,,Static,ddos_kill,135
5580.0,86.99802344944034,0.0,47.666666666666664,26.0,6.055,3.264464025111756e-05,0,1200.0,0,0.0,,,Static,ddos_kill,136
1960.0,30.424341990309113,0.0,56.833333333333336,31.0,8.781747019186378,3.725730830774299e-06,0,907.5,0,0.0,,,Static,ddos_kill,137
1210.0,20.7121286510618,0.0,55.0,30.0,6.053,0.0004395915079851787,0,912.5,0,0.0,,,Static,ddos_kill,138
5635.0,85.29389520866808,0.0,49.5,27.0,6.055,5.865838473992547e-05,0,1200.0,0,0.0,,,Static,ddos_kill,139
45.0,0.39101531937244527,0.0,90.80694444444444,76.0,0.075,0.05067401849141505,98,45.0,0,0.0,,,HPA,ddos_kill,100
100.0,1.4075410752230955,0.0,106.15972222222223,120.0,0.075,0.0009387552018009113,143,45.0,0,0.0,,,HPA,ddos_kill,101
100.0,1.4327035630285034,0.0,96.83333333333333,91.0,0.075,0.03857829798815192,99,50.0,0,0.0,,,HPA,ddos_kill,102
0.0,0.010401785034364064,0.0,92.8125,83.0,0.075,0.9583063490625365,85,0.0,0,0.0,,,HPA,ddos_kill,103
45.0,0.520651373442671,0.0,90.75,76.0,0.075,0.20571470218476848,90,7.5,0,0.0,,,HPA,ddos_kill,104
70.0,0.7462723974363428,0.0,95.11111111111111,93.0,0.075,0.00204696194927305,99,70.0,0,0.0,,,HPA,ddos_kill,105
90.0,1.1386093657917318,0.0,97.78472222222223,101.0,0.075,0.030093863032837235,108,45.0,0,0.0,,,HPA,ddos_kill,106
25.0,0.1453875758069434,0.0,91.94305555555556,83.0,0.075,0.2637411078742529,113,10.0,0,0.0,,,HPA,ddos_kill,107
110.0,1.4501091835932955,0.0,103.10694444444445,113.0,0.075,0.038421518574447325,115,55.0,0,0.0,,,HPA,ddos_kill,108
95.0,1.3033365521600726,0.0,101.94166666666666,120.0,0.075,0.0010029935485768686,117,47.5,0,0.0,,,HPA,ddos_kill,109
95.0,1.1797355855877711,0.0,100.42777777777778,120.0,0.075,0.0006708427593114093,109,80.0,0,0.0,,,HPA,ddos_kill,110
60.0,0.4223335947436513,0.0,92.15,78.0,0.075,0.058180168084696574,98,60.0,0,0.0,,,HPA,ddos_kill,111
60.0,0.6999271886933056,0.0,91.40416666666667,80.0,0.075,0.004674451556692212,97,60.0,0,0.0,,,HPA,ddos_kill,112
10.0,0.04079954559829124,0.0,88.91805555555555,80.0,0.075,0.8723015765334097,103,0.0,0,0.0,,,HPA,ddos_kill,113
35.0,0.3715740518788868,0.0,98.17083333333333,97.0,0.075,0.1658060068100357,101,17.5,0,0.0,,,HPA,ddos_kill,114
85.0,1.1642441609906462,0.0,101.90416666666667,120.0,0.075,0.0007120378789578688,109,42.5,0,0.0,,,HPA,ddos_kill,115
55.0,0.8542510051524399,0.0,94.6763888888889,79.0,0.075,0.024305630599776612,101,0.0,0,0.0,,,HPA,ddos_kill,116
70.0,0.5672347517443832,0.0,99.6625,102.0,0.075,0.009890666957736369,99,70.0,0,0.0,,,HPA,ddos_kill,117
45.0,0.4271317985423351,0.0,89.90694444444445,73.0,0.075,0.040241647447543105,88,22.5,0,0.0,,,HPA,ddos_kill,118
70.0,0.7660281900618182,0.0,98.51944444444445,95.0,0.075,0.010263260581957397,124,32.5,0,0.0,,,HPA,ddos_kill,119
5.0,0.018085106125254047,0.0,93.06527777777778,77.0,0.075,0.8973344692623212,94,5.0,0,0.0,,,HPA,ddos_kill,120
105.0,1.5326396765044548,0.0,102.93333333333334,120.0,0.075,0.0004941592362286461,119,52.5,0,0.0,,,HPA,ddos_kill,121
10.0,0.07261529793662902,0.0,90.19583333333334,80.0,0.075,0.7025828171167423,94,0.0,0,0.0,,,HPA,ddos_kill,122
65.0,0.7842359211925221,0.0,96.11111111111111,91.0,0.075,0.0264990065367873,99,65.0,0,0.0,,,HPA,ddos_kill,123
60.0,0.6236569029033356,0.0,91.36111111111111,82.0,0.075,0.0022317014363218528,93,30.0,0,0.0,,,HPA,ddos_kill,124
40.0,0.44515347686441276,0.0,88.86944444444444,82.0,0.075,0.06028001457071878,109,10.0,0,0.0,,,HPA,ddos_kill,125
0.0,0.0,0.0,90.2,71.0,0.075,1.0,72,0.0,0,0.0,,,HPA,ddos_kill,126
5.0,0.005992769769302964,0.0,92.00694444444444,77.0,0.075,0.9365572583386838,91,2.5,0,0.0,,,HPA,ddos_kill,127
90.0,1.1819699786801974,0.0,102.08333333333333,120.0,0.075,0.011550559876800962,99,80.0,0,0.0,,,HPA,ddos_kill,128
50.0,0.437668382796097,0.0,94.25972222222222,85.0,0.075,0.04641007015793157,78,50.0,0,0.0,,,HPA,ddos_kill,129
0.0,0.0005656378582963306,0.0,89.5736111111111,70.0,0.075,0.991267639490394,82,0.0,0,0.0,,,HPA,ddos_kill,130
110.0,1.7474317230834369,0.0,104.61111111111111,120.0,0.07500000000000005,0.0007494372341831793,140,52.5,0,0.0,,,HPA,ddos_kill,131
90.0,1.6225683470332597,0.0,106.72916666666667,120.0,0.075,8.786676045772815e-06,128,45.0,0,0.0,,,HPA,ddos_kill,132
95.0,0.7189335889723703,0.0,98.19305555555556,106.0,0.075,0.016272057674709694,100,47.5,0,0.0,,,HPA,ddos_kill,133
90.0,0.9146855051565539,0.0,97.33194444444445,105.0,0.075,0.047159443991110855,96,40.0,0,0.0,,,HPA,ddos_kill,134
70.0,0.5723097566079138,0.0,100.20555555555555,111.0,0.075,0.016365430566268133,104,70.0,0,0.0,,,HPA,ddos_kill,135
95.0,1.835039155547591,0.0,102.56388888888888,120.0,0.075,0.00256282384637605,118,47.5,0,0.0,,,HPA,ddos_kill,136
5.0,0.03040169756296507,0.0,89.85138888888889,87.0,0.075,0.8714951661211245,104,0.0,0,0.0,,,HPA,ddos_kill,137
105.0,1.83621729482909,0.0,104.60138888888889,120.0,0.075,0.0002179122282809705,133,52.5,0,0.0,,,HPA,ddos_kill,138
85.0,0.8616945232919115,0.0,100.05,113.0,0.075,0.013560252444284212,109,42.5,0,0.0,,,HPA,ddos_kill,139
45.0,0.41774717696748676,0.0,88.19166666666666,77.0,0.075,0.0471134058603196,183,45.0,0,0.0,,,HPA-fast,ddos_kill,100
70.0,1.196202137570257,0.0,91.02916666666667,120.0,0.075,0.000530114720063278,281,35.0,0,0.0,,,HPA-fast,ddos_kill,101
75.0,1.2864678824165865,0.0,89.59722222222223,96.0,0.075,0.0021457842521238014,221,37.5,0,0.0,,,HPA-fast,ddos_kill,102
0.0,0.0028001134561805863,0.0,85.6138888888889,68.0,0.075,0.9711877986135268,149,0.0,0,0.0,,,HPA-fast,ddos_kill,103
0.0,0.0,0.0,91.10972222222222,87.0,0.075,1.0,252,0.0,0,0.0,,,HPA-fast,ddos_kill,104
70.0,0.7331694199730121,0.0,86.86944444444444,84.0,0.075,0.00204696194927305,195,70.0,0,0.0,,,HPA-fast,ddos_kill,105
75.0,1.2721022153167505,0.0,91.77361111111111,113.0,0.075,0.0021488657787434922,227,37.5,0,0.0,,,HPA-fast,ddos_kill,106
75.0,0.8867956369425389,0.0,90.75833333333334,109.0,0.075,0.025921048616185986,270,32.5,0,0.0,,,HPA-fast,ddos_kill,107
90.0,1.4569272006821454,0.0,91.74027777777778,106.0,0.075,0.042830236094427744,234,45.0,0,0.0,,,HPA-fast,ddos_kill,108
75.0,1.02093919518077,0.0,90.39722222222223,118.0,0.075,0.001337540339423192,203,37.5,0,0.0,,,HPA-fast,ddos_kill,109
65.0,0.7388949434838255,0.0,94.19444444444444,120.0,0.075,0.005514454110841511,262,65.0,0,0.0,,,HPA-fast,ddos_kill,110
55.0,0.3682073518397,0.0,85.94722222222222,73.0,0.075,0.053370209026331425,189,55.0,0,0.0,,,HPA-fast,ddos_kill,111
50.0,0.6594598293511389,0.0,88.43888888888888,82.0,0.075,0.00658165179819207,185,50.0,0,0.0,,,HPA-fast,ddos_kill,112
0.0,0.004007662336047435,0.0,85.57916666666667,63.0,0.075,0.9743691937488724,221,0.0,0,0.0,,,HPA-fast,ddos_kill,113
35.0,0.35401482067162204,0.0,88.63055555555556,82.0,0.075,0.2165961666890352,217,17.5,0,0.0,,,HPA-fast,ddos_kill,114
85.0,0.7681892768517051,0.0,87.82777777777778,86.0,0.07500000000000015,0.002484699778768388,187,42.5,0,0.0,,,HPA-fast,ddos_kill,115
0.0,0.0005470591323830654,0.0,89.75972222222222,87.0,0.075,0.9913656309902392,243,0.0,0,0.0,,,HPA-fast,ddos_kill,116
65.0,0.5396039737873282,0.0,89.34861111111111,100.0,0.075,0.008225811248244463,201,65.0,0,0.0,,,HPA-fast,ddos_kill,117
5.0,0.008414321677752135,0.0,86.94027777777778,63.0,0.075,0.9311138462514349,148,2.5,0,0.0,,,HPA-fast,ddos_kill,118
10.0,0.018873069331459824,0.0,86.01805555555555,66.0,0.075,0.9122380940247959,231,5.0,0,0.0,,,HPA-fast,ddos_kill,119
70.0,1.2630705305702983,0.0,91.8125,120.0,0.075,0.0008471678154373591,239,70.0,0,0.0,,,HPA-fast,ddos_kill,120
25.0,0.18248302288991214,0.0,86.60833333333333,80.0,0.075,0.2945658987783663,171,12.5,0,0.0,,,HPA-fast,ddos_kill,121
60.0,0.6198860444886045,0.0,93.57638888888889,101.0,0.075,0.005157465996139767,274,60.0,0,0.0,,,HPA-fast,ddos_kill,122
70.0,0.6880048182046905,0.0,87.84583333333333,92.0,0.075,0.03129008979046189,195,35.0,0,0.0,,,HPA-fast,ddos_kill,123
50.0,0.6167836809813143,0.0,88.59166666666667,83.0,0.075,0.0022317014363218528,188,50.0,0,0.0,,,HPA-fast,ddos_kill,124
10.0,0.02386989516575122,0.0,85.66805555555555,64.0,0.075,0.9272748254477488,213,10.0,0,0.0,,,HPA-fast,ddos_kill,125
0.0,0.0,0.0,87.78194444444445,76.0,0.075,1.0,196,0.0,0,0.0,,,HPA-fast,ddos_kill,126
0.0,0.0035582268676837003,0.0,85.58055555555555,73.0,0.075,0.9530558073894817,159,0.0,0,0.0,,,HPA-fast,ddos_kill,127
0.0,0.0,0.0,90.66527777777777,89.0,0.075,1.0,249,0.0,0,0.0,,,HPA-fast,ddos_kill,128
70.0,0.9158995821314964,0.0,90.52361111111111,115.0,0.075,0.001066535324325842,198,35.0,0,0.0,,,HPA-fast,ddos_kill,129
0.0,0.0005656378582963306,0.0,85.64305555555555,63.0,0.075,0.991267639490394,142,0.0,0,0.0,,,HPA-fast,ddos_kill,130
50.0,0.7700207331089781,0.0,89.5125,100.0,0.075,0.0021951374998436233,261,25.0,0,0.0,,,HPA-fast,ddos_kill,131
25.0,0.09877221259885216,0.0,90.15972222222223,93.0,0.075,0.4822894653133356,209,12.5,0,0.0,,,HPA-fast,ddos_kill,132
70.0,0.932743162033256,0.0,90.05,119.0,0.075,0.001762824672545263,173,70.0,0,0.0,,,HPA-fast,ddos_kill,133
0.0,0.0,0.0,89.91111111111111,89.0,0.075,1.0,247,0.0,0,0.0,,,HPA-fast,ddos_kill,134
25.0,0.09577753376180942,0.0,84.74444444444444,68.0,0.075,0.19948260357193728,164,12.5,0,0.0,,,HPA-fast,ddos_kill,135
30.0,0.07847962963382082,0.0,88.93611111111112,73.0,0.075,0.8348517393173489,196,15.0,0,0.0,,,HPA-fast,ddos_kill,136
0.0,0.0012273898091996749,0.0,86.20555555555555,65.0,0.075,0.9937426465913971,247,0.0,0,0.0,,,HPA-fast,ddos_kill,137
5.0,0.010683773166109134,0.0,89.825,91.0,0.075,0.9192068567869991,222,2.5,0,0.0,,,HPA-fast,ddos_kill,138
0.0,0.0,0.0,85.51388888888889,71.0,0.075,1.0,159,0.0,0,0.0,,,HPA-fast,ddos_kill,139
0.0,0.0,0.0,110.62222222222222,85.0,0.075,1.0,91,0.0,0,0.0,,,HPA-45,ddos_kill,100
0.0,0.0,0.0,116.47777777777777,99.0,0.075,1.0,123,0.0,0,0.0,,,HPA-45,ddos_kill,101
55.0,0.9413983472095544,0.0,119.625,112.0,0.075,0.0031617836114963323,107,55.0,0,0.0,,,HPA-45,ddos_kill,102
0.0,0.0,0.0,115.30694444444444,95.0,0.075,1.0,97,0.0,0,0.0,,,HPA-45,ddos_kill,103
0.0,0.0,0.0,118.44722222222222,107.0,0.075,1.0,114,0.0,0,0.0,,,HPA-45,ddos_kill,104
40.0,0.4303483582024925,0.0,116.95555555555555,112.0,0.075,0.04413489980393125,106,40.0,0,0.0,,,HPA-45,ddos_kill,105
40.0,0.5388178225711027,0.0,116.72638888888889,101.0,0.075,0.007585368483058121,105,40.0,0,0.0,,,HPA-45,ddos_kill,106
0.0,0.001401203882178681,0.0,115.41666666666667,101.0,0.075,0.9882407111412774,124,0.0,0,0.0,,,HPA-45,ddos_kill,107
60.0,0.9370434786389659,0.0,122.34305555555555,120.0,0.075,0.0026421545005693276,111,60.0,0,0.0,,,HPA-45,ddos_kill,108
0.0,0.0,0.0,111.41944444444445,91.0,0.075,1.0,95,0.0,0,0.0,,,HPA-45,ddos_kill,109
70.0,0.8208924677914009,0.0,120.58472222222223,120.0,0.075,0.0014148208203042,130,70.0,0,0.0,,,HPA-45,ddos_kill,110
25.0,0.13417945652617336,0.0,113.72777777777777,99.0,0.075,0.054835719700286153,100,25.0,0,0.0,,,HPA-45,ddos_kill,111
0.0,0.0,0.0,109.21388888888889,81.0,0.075,1.0,82,0.0,0,0.0,,,HPA-45,ddos_kill,112
0.0,0.0,0.0,111.44305555555556,97.0,0.075,1.0,107,0.0,0,0.0,,,HPA-45,ddos_kill,113
0.0,0.0,0.0,114.75277777777778,95.0,0.075,1.0,100,0.0,0,0.0,,,HPA-45,ddos_kill,114
0.0,0.0,0.0,114.81111111111112,99.0,0.075,1.0,100,0.0,0,0.0,,,HPA-45,ddos_kill,115
0.0,0.0,0.0,115.21805555555555,106.0,0.075,1.0,109,0.0,0,0.0,,,HPA-45,ddos_kill,116
0.0,0.0,0.0,114.87083333333334,91.0,0.075,1.0,88,0.0,0,0.0,,,HPA-45,ddos_kill,117
0.0,0.0,0.0,107.40416666666667,75.0,0.075,1.0,74,0.0,0,0.0,,,HPA-45,ddos_kill,118
0.0,0.0,0.0,113.18333333333334,99.0,0.075,1.0,118,0.0,0,0.0,,,HPA-45,ddos_kill,119
0.0,0.0,0.0,116.3375,99.0,0.075,1.0,93,0.0,0,0.0,,,HPA-45,ddos_kill,120
0.0,0.0,0.0,112.32916666666667,89.0,0.075,1.0,94,0.0,0,0.0,,,HPA-45,ddos_kill,121
0.0,0.0,0.0,115.18055555555556,105.0,0.075,1.0,105,0.0,0,0.0,,,HPA-45,ddos_kill,122
0.0,0.0,0.0,113.99583333333334,92.0,0.075,1.0,101,0.0,0,0.0,,,HPA-45,ddos_kill,123
0.0,0.0,0.0,111.55,91.0,0.075,1.0,93,0.0,0,0.0,,,HPA-45,ddos_kill,124
0.0,0.0,0.0,106.63472222222222,77.0,0.075,1.0,93,0.0,0,0.0,,,HPA-45,ddos_kill,125
0.0,0.0,0.0,112.96666666666667,93.0,0.075,1.0,76,0.0,0,0.0,,,HPA-45,ddos_kill,126
0.0,0.0,0.0,110.79861111111111,85.0,0.075,1.0,93,0.0,0,0.0,,,HPA-45,ddos_kill,127
5.0,0.006597424952814457,0.0,116.43888888888888,105.0,0.075,0.9471478345608463,108,5.0,0,0.0,,,HPA-45,ddos_kill,128
0.0,0.0,0.0,114.66111111111111,89.0,0.075,1.0,77,0.0,0,0.0,,,HPA-45,ddos_kill,129
0.0,0.0,0.0,107.64166666666667,79.0,0.075,1.0,72,0.0,0,0.0,,,HPA-45,ddos_kill,130
0.0,0.0,0.0,112.89305555555555,89.0,0.075,1.0,115,0.0,0,0.0,,,HPA-45,ddos_kill,131
0.0,0.0,0.0,119.04861111111111,111.0,0.075,1.0,113,0.0,0,0.0,,,HPA-45,ddos_kill,132
0.0,0.0,0.0,109.74166666666666,81.0,0.075,1.0,87,0.0,0,0.0,,,HPA-45,ddos_kill,133
0.0,0.0,0.0,114.09027777777777,107.0,0.075,1.0,108,0.0,0,0.0,,,HPA-45,ddos_kill,134
0.0,0.0,0.0,113.5513888888889,91.0,0.075,1.0,104,0.0,0,0.0,,,HPA-45,ddos_kill,135
0.0,0.0,0.0,116.49444444444444,104.0,0.075,1.0,105,0.0,0,0.0,,,HPA-45,ddos_kill,136
0.0,0.0,0.0,110.60694444444445,97.0,0.075,1.0,104,0.0,0,0.0,,,HPA-45,ddos_kill,137
0.0,0.0,0.0,118.38055555555556,104.0,0.075,1.0,108,0.0,0,0.0,,,HPA-45,ddos_kill,138
0.0,0.0,0.0,111.34027777777777,89.0,0.075,1.0,104,0.0,0,0.0,,,HPA-45,ddos_kill,139
0.0,0.0,0.0,137.21944444444443,87.0,0.075,1.0,95,0.0,0,0.0,,,PredHPA,ddos_kill,100
0.0,0.0,0.0,142.0888888888889,103.0,0.075,1.0,110,0.0,0,0.0,,,PredHPA,ddos_kill,101
0.0,0.0,0.0,137.3111111111111,104.0,0.075,1.0,101,0.0,0,0.0,,,PredHPA,ddos_kill,102
0.0,0.0,0.0,127.69722222222222,89.0,0.075,1.0,98,0.0,0,0.0,,,PredHPA,ddos_kill,103
0.0,0.0,0.0,146.35694444444445,120.0,0.075,1.0,115,0.0,0,0.0,,,PredHPA,ddos_kill,104
40.0,0.4293582216207015,0.0,129.3347222222222,107.0,0.075,0.028304467088664055,109,40.0,0,0.0,,,PredHPA,ddos_kill,105
0.0,0.0,0.0,138.44027777777777,93.0,0.075,1.0,87,0.0,0,0.0,,,PredHPA,ddos_kill,106
0.0,0.0,0.0,141.19722222222222,98.0,0.075,1.0,123,0.0,0,0.0,,,PredHPA,ddos_kill,107
0.0,0.0,0.0,139.43194444444444,103.0,0.075,1.0,120,0.0,0,0.0,,,PredHPA,ddos_kill,108
0.0,0.0,0.0,130.3361111111111,98.0,0.075,1.0,88,0.0,0,0.0,,,PredHPA,ddos_kill,109
0.0,0.0,0.0,139.78055555555557,120.0,0.075,1.0,129,0.0,0,0.0,,,PredHPA,ddos_kill,110
0.0,0.0,0.0,125.65833333333333,85.0,0.075,1.0,94,0.0,0,0.0,,,PredHPA,ddos_kill,111
0.0,0.0,0.0,131.7486111111111,88.0,0.075,1.0,104,0.0,0,0.0,,,PredHPA,ddos_kill,112
0.0,0.0,0.0,136.51805555555555,90.0,0.075,1.0,105,0.0,0,0.0,,,PredHPA,ddos_kill,113
0.0,0.0,0.0,137.37777777777777,106.0,0.075,1.0,127,0.0,0,0.0,,,PredHPA,ddos_kill,114
0.0,0.0,0.0,130.70416666666668,96.0,0.075,1.0,99,0.0,0,0.0,,,PredHPA,ddos_kill,115
0.0,0.0,0.0,139.56527777777777,116.0,0.075,1.0,136,0.0,0,0.0,,,PredHPA,ddos_kill,116
0.0,0.0,0.0,130.01111111111112,94.0,0.075,1.0,90,0.0,0,0.0,,,PredHPA,ddos_kill,117
0.0,0.0,0.0,137.53472222222223,92.0,0.075,1.0,104,0.0,0,0.0,,,PredHPA,ddos_kill,118
0.0,0.0,0.0,138.73611111111111,95.0,0.075,1.0,108,0.0,0,0.0,,,PredHPA,ddos_kill,119
0.0,0.0,0.0,139.50694444444446,109.0,0.075,1.0,137,0.0,0,0.0,,,PredHPA,ddos_kill,120
0.0,0.0,0.0,129.2277777777778,95.0,0.075,1.0,98,0.0,0,0.0,,,PredHPA,ddos_kill,121
0.0,0.0,0.0,140.2486111111111,120.0,0.075,1.0,120,0.0,0,0.0,,,PredHPA,ddos_kill,122
0.0,0.0,0.0,127.74166666666666,92.0,0.075,1.0,101,0.0,0,0.0,,,PredHPA,ddos_kill,123
0.0,0.0,0.0,136.9111111111111,94.0,0.075,1.0,105,0.0,0,0.0,,,PredHPA,ddos_kill,124
0.0,0.0,0.0,139.40555555555557,98.0,0.075,1.0,117,0.0,0,0.0,,,PredHPA,ddos_kill,125
0.0,0.0,0.0,133.4638888888889,100.0,0.075,1.0,130,0.0,0,0.0,,,PredHPA,ddos_kill,126
0.0,0.0,0.0,126.58333333333333,88.0,0.075,1.0,105,0.0,0,0.0,,,PredHPA,ddos_kill,127
0.0,0.0,0.0,142.34722222222223,120.0,0.075,1.0,123,0.0,0,0.0,,,PredHPA,ddos_kill,128
0.0,0.0,0.0,129.57083333333333,96.0,0.075,1.0,95,0.0,0,0.0,,,PredHPA,ddos_kill,129
0.0,0.0,0.0,133.39027777777778,89.0,0.075,1.0,101,0.0,0,0.0,,,PredHPA,ddos_kill,130
0.0,0.0,0.0,139.29444444444445,96.0,0.075,1.0,117,0.0,0,0.0,,,PredHPA,ddos_kill,131
0.0,0.0,0.0,137.89444444444445,103.0,0.075,1.0,121,0.0,0,0.0,,,PredHPA,ddos_kill,132
0.0,0.0,0.0,123.94444444444444,82.0,0.075,1.0,92,0.0,0,0.0,,,PredHPA,ddos_kill,133
0.0,0.0,0.0,141.7722222222222,117.0,0.075,1.0,116,0.0,0,0.0,,,PredHPA,ddos_kill,134
0.0,0.0,0.0,125.49444444444444,81.0,0.075,1.0,86,0.0,0,0.0,,,PredHPA,ddos_kill,135
0.0,0.0,0.0,142.68194444444444,103.0,0.075,1.0,105,0.0,0,0.0,,,PredHPA,ddos_kill,136
0.0,0.0,0.0,140.04444444444445,94.0,0.075,1.0,124,0.0,0,0.0,,,PredHPA,ddos_kill,137
0.0,0.0,0.0,136.35,101.0,0.075,1.0,111,0.0,0,0.0,,,PredHPA,ddos_kill,138
0.0,0.0,0.0,126.225,88.0,0.075,1.0,106,0.0,0,0.0,,,PredHPA,ddos_kill,139
165.0,0.7925954948003189,0.24048290735770997,90.93611111111112,77.0,0.075,0.049069847530504695,92,47.5,0,0.0,,,HPA+RL,ddos_kill,100
160.0,0.5019182938262201,0.42355916132030125,93.87638888888888,88.0,0.075,0.792858313862124,113,47.5,0,0.0,,,HPA+RL,ddos_kill,101
425.0,1.8259684349085092,1.4041745217419264,90.8875,74.0,0.075,0.03927458338249357,81,45.0,0,0.0,,,HPA+RL,ddos_kill,102
180.0,0.4621139205627789,0.4543942676100721,87.34166666666667,73.0,0.075,0.7802152350763965,80,7.5,0,0.0,,,HPA+RL,ddos_kill,103
220.0,1.9763958035578733,0.659585863372754,95.28888888888889,96.0,0.075,0.0035122159184281143,102,45.0,0,0.0,,,HPA+RL,ddos_kill,104
170.0,1.0887330390488281,0.3442414349463182,92.21111111111111,82.0,0.075,0.002046985389514032,89,70.0,0,0.0,,,HPA+RL,ddos_kill,105
140.0,0.8483207691153405,0.2713405330088294,94.28194444444445,90.0,0.075,0.03489972454612009,98,40.0,0,0.0,,,HPA+RL,ddos_kill,106
195.0,1.838093291794407,0.44913480680647455,97.83194444444445,109.0,0.075,0.0010459678751947837,115,45.0,0,0.0,,,HPA+RL,ddos_kill,107
415.0,1.8440626312928976,1.4045837984781648,95.57916666666667,94.0,0.075,0.040096101844992814,100,50.0,0,0.0,,,HPA+RL,ddos_kill,108
330.0,1.9825750451402113,0.7257541744276632,99.775,120.0,0.075,0.001148401472163783,109,62.5,0,0.0,,,HPA+RL,ddos_kill,109
205.0,1.7826921804043439,0.6201396338683639,98.35277777777777,116.0,0.075,0.0006708427593114093,96,47.5,0,0.0,,,HPA+RL,ddos_kill,110
185.0,0.7988178254662692,0.3764842307226415,88.67083333333333,67.0,0.075,0.058180168084696574,79,60.0,0,0.0,,,HPA+RL,ddos_kill,111
155.0,0.9767177515522363,0.2792356684581098,89.85972222222222,78.0,0.075,0.005175232759070927,90,60.0,0,0.0,,,HPA+RL,ddos_kill,112
35.0,0.12929714655633973,0.08849760095803937,89.47222222222223,80.0,0.075,0.8570968906624731,102,7.5,0,0.0,,,HPA+RL,ddos_kill,113
405.0,1.5384089769811093,1.4942141457011533,93.44444444444444,84.0,0.075,0.6699856432133465,97,25.0,0,0.0,,,HPA+RL,ddos_kill,114
315.0,1.943825826872203,0.7788755509727389,99.68333333333334,120.0,0.075,0.0009956790823820345,109,52.5,0,0.0,,,HPA+RL,ddos_kill,115
160.0,1.483052959794906,0.6348382629979953,89.64305555555555,62.0,0.075,0.024305630599776612,85,5.0,0,0.0,,,HPA+RL,ddos_kill,116
190.0,0.9312199343352257,0.36438761071750553,96.34861111111111,93.0,0.075,0.009901374700104847,90,37.5,0,0.0,,,HPA+RL,ddos_kill,117
110.0,0.3575103933692758,0.22950953625743808,84.61944444444444,56.0,0.075,0.44483284332277806,74,15.0,0,0.0,,,HPA+RL,ddos_kill,118
130.0,1.0073809045534121,0.2577191007723898,97.80833333333334,93.0,0.075,0.011703912297409155,118,35.0,0,0.0,,,HPA+RL,ddos_kill,119
395.0,2.588218994573399,1.3972438704631485,103.55277777777778,120.0,0.075,0.00102777939342061,107,52.5,0,0.0,,,HPA+RL,ddos_kill,120
200.0,1.6616969568746698,0.3337596753443111,100.47083333333333,120.0,0.075,0.0009333225869901502,107,57.5,0,0.0,,,HPA+RL,ddos_kill,121
105.0,0.6810028741919272,0.6083875762552963,84.85555555555555,63.0,0.075,0.6002930713832966,76,20.0,0,0.0,,,HPA+RL,ddos_kill,122
215.0,1.1830311307867047,0.4662575609966901,92.97777777777777,83.0,0.075,0.035901172876346796,88,37.5,0,0.0,,,HPA+RL,ddos_kill,123
220.0,1.1417950692985568,0.546882577098152,89.14444444444445,76.0,0.075,0.004858125549778174,86,27.5,0,0.0,,,HPA+RL,ddos_kill,124
55.0,0.16896590307184933,0.1206729692502815,87.52361111111111,82.0,0.075,0.8511852588559861,100,7.5,0,0.0,,,HPA+RL,ddos_kill,125
365.0,1.3367360954942953,1.3367360954943026,87.97361111111111,68.0,0.075,0.660685143025783,75,20.0,0,0.0,,,HPA+RL,ddos_kill,126
195.0,0.4996536715490385,0.49366090177972927,87.51944444444445,71.0,0.075,0.7154257107419334,84,22.5,0,0.0,,,HPA+RL,ddos_kill,127
205.0,1.8704476538578652,0.6754436655952547,99.58333333333333,117.0,0.075,0.008180791617600694,100,47.5,0,0.0,,,HPA+RL,ddos_kill,128
155.0,0.781484027031476,0.3439400712156741,92.67777777777778,81.0,0.075,0.045837199519982656,80,30.0,0,0.0,,,HPA+RL,ddos_kill,129
95.0,0.2245370724719309,0.2239714346136285,89.56111111111112,70.0,0.075,0.775121466659691,83,15.0,0,0.0,,,HPA+RL,ddos_kill,130
205.0,1.9656879960641471,0.4256415580499036,103.225,118.0,0.075,0.0007831076202421386,133,50.0,0,0.0,,,HPA+RL,ddos_kill,131
460.0,2.9635242296517816,1.5408535506317,104.47361111111111,120.0,0.07500000000000007,0.0001338889896539146,124,55.0,0,0.0,,,HPA+RL,ddos_kill,132
175.0,0.8800369642783967,0.16110337530602514,97.78055555555555,106.0,0.075,0.016272057674709694,99,52.5,0,0.0,,,HPA+RL,ddos_kill,133
195.0,1.6439558603515425,0.6631489164197768,91.25277777777778,90.0,0.075,0.023306789157282442,93,42.5,0,0.0,,,HPA+RL,ddos_kill,134
185.0,0.8952166561832287,0.32290689957531504,98.15694444444445,105.0,0.075,0.016365430566268133,87,70.0,0,0.0,,,HPA+RL,ddos_kill,135
150.0,0.8326260530376883,0.30691629705511275,94.33333333333333,87.0,0.075,0.18421564926313375,91,27.5,0,0.0,,,HPA+RL,ddos_kill,136
65.0,0.2208419761926983,0.19044027862973723,89.53194444444445,87.0,0.075,0.8205395664688113,103,15.0,0,0.0,,,HPA+RL,ddos_kill,137
470.0,2.9752642205299162,1.5009904045710927,102.58611111111111,120.0,0.075,0.0004141715812484043,122,60.0,0,0.0,,,HPA+RL,ddos_kill,138
215.0,0.8068120654973865,0.4622227160992667,91.13194444444444,83.0,0.075,0.24594661076353766,90,27.5,0,0.0,,,HPA+RL,ddos_kill,139
0.0,0.3886950773662079,0.3886950773662138,108.4625,98.0,0.075,0.9699999999999999,813,0.0,10,0.0,10.0,,ARC,ddos_kill,100
5.0,0.48029265419257117,0.44390491874278953,101.1875,98.0,0.075,0.8883288438196041,921,0.0,10,0.0,5.0,,ARC,ddos_kill,101
30.0,0.9786803212809447,0.4984786232839429,106.66944444444445,84.0,0.075,0.05460368241268131,817,30.0,10,0.0,10.0,,ARC,ddos_kill,102
15.0,0.47236872105179684,0.4149322923172045,101.84444444444445,92.0,0.075,0.5821151661073009,846,15.0,10,0.0,5.0,,ARC,ddos_kill,103
10.0,0.4280522434743972,0.4089122878610368,105.58611111111111,103.0,0.075,0.923262246766848,900,5.0,10,0.0,5.0,,ARC,ddos_kill,104
0.0,0.3548164374848173,0.35481643748481745,97.41666666666667,83.0,0.075,0.9699999999999999,760,0.0,10,0.0,10.0,,ARC,ddos_kill,105
10.0,0.46627447376251796,0.39212760090662535,98.92361111111111,89.0,0.075,0.6439398708692008,781,0.0,10,0.0,5.0,,ARC,ddos_kill,106
15.0,0.6192088664337292,0.4582124648575029,105.49861111111112,105.0,0.075,0.5103999410543395,956,0.0,10,0.0,5.0,,ARC,ddos_kill,107
0.0,0.4992822167851241,0.49928221678511936,101.29027777777777,82.0,0.075,0.9699999999999999,872,0.0,10,0.0,10.0,,ARC,ddos_kill,108
0.0,0.46058489171096895,0.46058489171097416,100.10972222222222,89.0,0.075,0.9699999999999999,805,0.0,10,0.0,5.0,,ARC,ddos_kill,109
20.0,0.5061516507886332,0.394587870541368,108.64444444444445,106.0,0.075,0.6020479723940112,869,0.0,10,0.0,5.0,,ARC,ddos_kill,110
0.0,0.36561038961665515,0.3656103896166477,96.04583333333333,78.0,0.075,0.9699999999999999,732,0.0,10,0.0,5.0,,ARC,ddos_kill,111
20.0,0.43995839397508174,0.3993051187246475,97.14861111111111,86.0,0.075,0.9140019645574704,778,5.0,9,0.0,5.0,,ARC,ddos_kill,112
5.0,0.3719325578281141,0.36009519899293063,108.9625,110.0,0.075,0.946656057857146,914,0.0,10,0.0,10.0,,ARC,ddos_kill,113
0.0,0.5023270551209102,0.5023270551209117,111.07222222222222,92.0,0.075,0.9699999999999999,907,0.0,10,0.0,5.0,,ARC,ddos_kill,114
0.0,0.4609530993804234,0.46095309938041773,99.98472222222222,88.0,0.075,0.9699999999999999,794,0.0,10,0.0,5.0,,ARC,ddos_kill,115
0.0,0.4063941987665243,0.3917519255696397,108.62361111111112,101.0,0.075,0.9545201259656073,896,0.0,10,0.0,5.0,,ARC,ddos_kill,116
0.0,0.3567431899789253,0.35674318997891935,99.27083333333333,79.0,0.075,0.9699999999999999,755,0.0,9,0.0,5.0,,ARC,ddos_kill,117
0.0,0.3946320701495809,0.39463207014959,107.925,105.0,0.075,0.9699999999999999,822,0.0,9,0.0,5.0,,ARC,ddos_kill,118
5.0,0.4251686793900089,0.4010877892442128,102.69444444444444,101.0,0.075,0.8973656932508587,894,0.0,9,0.0,10.0,,ARC,ddos_kill,119
0.0,0.4934984399207809,0.4934984399207928,102.825,83.0,0.075,0.9699999999999999,855,0.0,10,0.0,10.0,,ARC,ddos_kill,120
0.0,0.4038393207876245,0.40383932078762497,100.73611111111111,92.0,0.075,0.9699999999999999,829,0.0,10,0.0,10.0,,ARC,ddos_kill,121
20.0,0.7297828172150078,0.39722260350628025,109.5736111111111,115.0,0.075,0.05257602483817188,859,0.0,9,0.0,5.0,,ARC,ddos_kill,122
5.0,0.3982580804942959,0.3922613337649001,91.5625,73.0,0.075,0.9193226879882018,700,5.0,10,0.0,5.0,,ARC,ddos_kill,123
25.0,0.7532852246812216,0.44437397389850936,112.39305555555555,104.0,0.075,0.058844068600177,821,25.0,10,0.0,10.0,,ARC,ddos_kill,124
30.0,0.7804227789665275,0.35857034968272716,106.9263888888889,110.0,0.075,0.26419201652682445,971,0.0,10,0.0,15.0,,ARC,ddos_kill,125
0.0,0.47435730042626467,0.4743573004262654,98.49305555555556,77.0,0.075,0.9699999999999999,755,0.0,10,0.0,10.0,,ARC,ddos_kill,126
0.0,0.4223641693063107,0.422364169306319,110.975,99.0,0.075,0.9699999999999999,876,0.0,9,0.0,5.0,,ARC,ddos_kill,127
0.0,0.40740904421344704,0.4074090442134369,110.37916666666666,103.0,0.075,0.9699999999999999,928,0.0,10,0.0,5.0,,ARC,ddos_kill,128
0.0,0.3654412419177522,0.36544124191774985,106.47083333333333,86.0,0.075,0.9699999999999999,799,0.0,10,0.0,5.0,,ARC,ddos_kill,129
0.0,0.39451720497533094,0.394517204975327,106.23472222222222,94.0,0.075,0.9699999999999999,774,0.0,9,0.0,10.0,,ARC,ddos_kill,130
0.0,0.4588642691397471,0.4565169697033537,106.40555555555555,111.0,0.075,0.9699999999999999,906,0.0,9,0.0,5.0,,ARC,ddos_kill,131
0.0,0.5061682426768521,0.5061682426768492,101.81944444444444,80.0,0.075,0.9699999999999999,864,0.0,9,0.0,10.0,,ARC,ddos_kill,132
10.0,0.43611611347975643,0.3825826843900875,102.28333333333333,93.0,0.075,0.3559291397301437,847,10.0,10,0.0,5.0,,ARC,ddos_kill,133
0.0,0.4218019538977935,0.4069387447389696,105.60694444444445,100.0,0.075,0.963493044706715,860,0.0,10,0.0,5.0,,ARC,ddos_kill,134
0.0,0.3540326701058416,0.35403267010585016,93.96805555555555,75.0,0.075,0.9699999999999999,756,0.0,9,0.0,5.0,,ARC,ddos_kill,135
10.0,0.43440640266307895,0.40249652838498823,109.39722222222223,100.0,0.075,0.8181008321900417,811,0.0,10,0.0,10.0,,ARC,ddos_kill,136
25.0,0.5239554370963573,0.3937024150835496,103.6875,101.0,0.075,0.5362995510239019,952,0.0,9,0.0,5.0,,ARC,ddos_kill,137
0.0,0.507543505361896,0.5075435053618877,102.49305555555556,86.0,0.075,0.9699999999999999,846,0.0,9,0.0,5.0,,ARC,ddos_kill,138
0.0,0.4224338664357563,0.42243386643576863,99.75277777777778,91.0,0.075,0.9699999999999999,833,0.0,9,0.0,5.0,,ARC,ddos_kill,139
2315.0,46.048511454960675,0.0,45.833333333333336,25.0,3.075,0.014101320556871329,0,457.5,0,0.0,,,Static,poison_flash,100
1880.0,45.891307278145334,0.0,56.833333333333336,31.0,9.055,2.1793638961925536e-06,0,920.0,0,0.0,,,Static,poison_flash,101
2815.0,56.89049844182814,0.0,56.833333333333336,31.0,9.055,1.9666517485040804e-06,0,1135.0,0,0.0,,,Static,poison_flash,102
5640.0,88.22957303612316,0.0,49.5,27.0,6.055,0.00010276001982522082,0,1200.0,0,0.0,,,Static,poison_flash,103
2075.0,44.75975658759028,0.0,45.833333333333336,25.0,3.075,0.00894516696087421,0,860.0,0,0.0,,,Static,poison_flash,104
805.0,25.263074776909733,0.0,66.0,36.0,9.055,2.0857552626598947e-06,0,10.0,0,0.0,,,Static,poison_flash,105
2250.0,46.10022151901014,0.0,45.833333333333336,25.0,3.075,0.01380185568016532,0,477.5,0,0.0,,,Static,poison_flash,106
2015.0,47.918712478018044,0.0,56.833333333333336,31.0,9.055,2.1056302388334576e-06,0,1055.0,0,0.0,,,Static,poison_flash,107
1140.0,37.15159192530204,0.0,55.0,30.0,3.075,0.01318908066920675,0,900.0,0,0.0,,,Static,poison_flash,108
5805.0,90.56566826371542,0.0,49.5,27.0,6.055,8.809419926164104e-05,0,1200.0,0,0.0,,,Static,poison_flash,109
2090.0,43.91110898338829,0.0,45.833333333333336,25.0,3.075,0.008979669305527238,0,870.0,0,0.0,,,Static,poison_flash,110
1010.0,29.060616508322457,0.0,66.0,36.0,9.055,2.0791309862106445e-06,0,790.0,0,0.0,,,Static,poison_flash,111
2300.0,46.18353793242367,0.0,45.833333333333336,25.0,3.075,0.013710255319872206,0,487.5,0,0.0,,,Static,poison_flash,112
1855.0,41.36788895997204,0.0,56.833333333333336,31.0,9.055,2.3723969793144827e-06,0,890.0,0,0.0,,,Static,poison_flash,113
1095.0,37.299931561492286,0.0,55.0,30.0,3.075,0.013385295276799372,0,437.5,0,0.0,,,Static,poison_flash,114
5635.0,88.44570261069514,0.0,49.5,27.0,6.055,8.618699483185713e-05,0,1200.0,0,0.0,,,Static,poison_flash,115
2120.0,44.367353668684814,0.0,45.833333333333336,25.0,3.075,0.00905794449132763,0,890.0,0,0.0,,,Static,poison_flash,116
1085.0,29.350947207325497,0.0,66.0,36.0,9.055,2.1023261780636046e-06,0,15.0,0,0.0,,,Static,poison_flash,117
2260.0,45.80532878308126,0.0,45.833333333333336,25.0,3.075,0.013695589148452038,0,900.0,0,0.0,,,Static,poison_flash,118
2160.0,46.97983273132553,0.0,56.833333333333336,31.0,9.055,2.320454240628695e-06,0,1065.0,0,0.0,,,Static,poison_flash,119
2485.0,53.2767193821994,0.0,56.833333333333336,31.0,9.055,1.919469675526541e-06,0,1120.0,0,0.0,,,Static,poison_flash,120
5565.0,87.37875487959606,0.0,51.333333333333336,28.0,6.055,0.00010272612385651687,0,1200.0,0,0.0,,,Static,poison_flash,121
2130.0,44.358434342241104,0.0,45.833333333333336,25.0,3.075,0.008623441297219038,0,445.0,0,0.0,,,Static,poison_flash,122
960.0,29.682165410591622,0.0,66.0,36.0,9.055,2.112909599696159e-06,0,955.0,0,0.0,,,Static,poison_flash,123
2205.0,46.92185951407741,0.0,45.833333333333336,25.0,3.075,0.01012666388060654,0,920.0,0,0.0,,,Static,poison_flash,124
1995.0,43.24282806540221,0.0,56.833333333333336,31.0,9.055,2.416635164857435e-06,0,895.0,0,0.0,,,Static,poison_flash,125
1125.0,35.8205427220492,0.0,55.0,30.0,3.075,0.013852138493845404,0,880.0,0,0.0,,,Static,poison_flash,126
5640.0,88.2149211952719,0.0,49.5,27.0,6.055,8.710616984123236e-05,0,1200.0,0,0.0,,,Static,poison_flash,127
2075.0,44.743543444820396,0.0,45.833333333333336,25.0,3.075,0.010199999696217071,0,452.5,0,0.0,,,Static,poison_flash,128
960.0,27.889799293426897,0.0,66.0,36.0,9.055,2.233481710491522e-06,0,930.0,0,0.0,,,Static,poison_flash,129
2315.0,46.27897963017317,0.0,45.833333333333336,25.0,3.075,0.012883874110801424,0,897.5,0,0.0,,,Static,poison_flash,130
2155.0,49.479688424215816,0.0,56.833333333333336,31.0,9.055,2.1582455088067225e-06,0,1075.0,0,0.0,,,Static,poison_flash,131
1150.0,37.61348031317446,0.0,55.0,30.0,3.075,0.013310070320375384,0,890.0,0,0.0,,,Static,poison_flash,132
5580.0,87.25953178440051,0.0,49.5,27.0,6.055,0.00012049260500140684,0,1200.0,0,0.0,,,Static,poison_flash,133
2095.0,44.8620422719326,0.0,45.833333333333336,25.0,3.075,0.010533914128719284,0,450.0,0,0.0,,,Static,poison_flash,134
950.0,27.4880361676168,0.0,66.0,36.0,9.055,2.148930237758467e-06,0,940.0,0,0.0,,,Static,poison_flash,135
5580.0,89.56656515669033,0.0,47.666666666666664,26.0,6.055,3.844432293883183e-05,0,1200.0,0,0.0,,,Static,poison_flash,136
1960.0,43.81031331888971,0.0,56.833333333333336,31.0,9.055,2.3746935807878447e-06,0,490.0,0,0.0,,,Static,poison_flash,137
1115.0,37.72771798366891,0.0,55.0,30.0,3.075,0.013246896065544822,0,890.0,0,0.0,,,Static,poison_flash,138
5635.0,88.25588233458627,0.0,49.5,27.0,6.055,8.71797863594355e-05,0,1200.0,0,0.0,,,Static,poison_flash,139
1105.0,31.942897208962663,0.0,116.1375,120.0,3.0549999999999997,9.63910512700378e-07,141,965.0,0,0.0,,,HPA,poison_flash,100
935.0,32.692638226162615,0.0,110.39583333333333,120.0,3.0549999999999997,1.077156137575492e-06,166,910.0,0,0.0,,,HPA,poison_flash,101
1255.0,39.841930461755545,0.0,116.00833333333334,120.0,3.0549999999999997,0.00013711822359057272,155,1130.0,0,0.0,,,HPA,poison_flash,102
1230.0,34.72195392479516,0.0,109.48333333333333,120.0,3.053,0.0006688950564970901,139,1115.0,0,0.0,,,HPA,poison_flash,103
905.0,30.501680517408538,0.0,108.08333333333333,120.0,3.0549999999999997,0.000266497580884597,122,870.0,0,0.0,,,HPA,poison_flash,104
760.0,24.557325913450732,0.0,105.83611111111111,120.0,3.053,0.00217774944736263,138,760.0,0,0.0,,,HPA,poison_flash,105
925.0,29.788663926309024,0.0,109.64583333333333,116.0,3.053,3.1710627286980012e-06,122,875.0,0,0.0,,,HPA,poison_flash,106
1040.0,34.74536738668957,0.0,105.85694444444445,120.0,3.0549999999999997,2.903239125401989e-05,147,1040.0,0,0.0,,,HPA,poison_flash,107
1140.0,38.78844595881045,0.0,119.66944444444445,120.0,3.0549999999999997,5.43533591827913e-05,151,1080.0,0,0.0,,,HPA,poison_flash,108
1250.0,37.81149961806547,0.0,112.59166666666667,120.0,3.0549999999999997,3.4411909480607437e-06,145,1125.0,0,0.0,,,HPA,poison_flash,109
1335.0,33.351287284645515,0.0,110.20416666666667,120.0,3.0549999999999997,5.950832298949473e-05,136,1050.0,0,0.0,,,HPA,poison_flash,110
1080.0,28.42451029894417,0.0,110.62083333333334,120.0,3.0549999999999997,0.00022612133000125904,144,30.0,0,0.0,,,HPA,poison_flash,111
1155.0,33.36606626449515,0.0,115.92083333333333,120.0,3.0549999999999997,8.247010386445705e-05,133,1062.5,0,0.0,,,HPA,poison_flash,112
865.0,26.8775758285719,0.0,105.48472222222222,113.0,3.053,0.0006544366710461163,133,835.0,0,0.0,,,HPA,poison_flash,113
880.0,35.78222964531507,0.0,111.99166666666666,120.0,3.053,3.015100111339205e-06,147,875.0,0,0.0,,,HPA,poison_flash,114
1215.0,37.05087894096567,0.0,111.475,120.0,3.065,1.549956898502921e-06,140,1100.0,0,0.0,,,HPA,poison_flash,115
910.0,28.974963138841513,0.0,114.04583333333333,120.0,3.0549999999999997,0.00011412709375060675,144,15.0,0,0.0,,,HPA,poison_flash,116
860.0,26.066159249013122,0.0,107.92916666666666,116.0,3.0549999999999997,0.0005086927757282867,127,860.0,0,0.0,,,HPA,poison_flash,117
1205.0,32.946604493757384,0.0,98.85,94.0,3.0549999999999997,0.0025122020470110316,116,50.0,0,0.0,,,HPA,poison_flash,118
920.0,29.59942700704271,0.0,105.28194444444445,108.0,3.053,0.0006596941053112314,141,900.0,0,0.0,,,HPA,poison_flash,119
1220.0,39.30425191911384,0.0,115.19583333333334,120.0,3.0749999999999997,1.3489617592232931e-06,156,1105.0,0,0.0,,,HPA,poison_flash,120
1270.0,35.506204671825316,0.0,115.6125,120.0,3.0549999999999997,4.0445035359396465e-06,146,1120.0,0,0.0,,,HPA,poison_flash,121
1570.0,36.39769534330086,0.0,113.65833333333333,120.0,3.0549999999999997,0.00027391859810114847,132,1115.0,0,0.0,,,HPA,poison_flash,122
930.0,29.099945331248765,0.0,110.02361111111111,120.0,3.053,9.318684321300728e-05,139,930.0,0,0.0,,,HPA,poison_flash,123
1015.0,33.63697707819995,0.0,113.13194444444444,120.0,3.053,0.00012892270010968893,131,15.0,0,0.0,,,HPA,poison_flash,124
865.0,27.106000396008312,0.0,102.53611111111111,104.0,3.0549999999999997,0.00030472884743520945,143,835.0,0,0.0,,,HPA,poison_flash,125
1225.0,38.47372196924517,0.0,111.49027777777778,120.0,3.0549999999999997,3.909626973018095e-06,126,1095.0,0,0.0,,,HPA,poison_flash,126
1205.0,35.58966152452637,0.0,107.71527777777777,120.0,3.053,0.00048338773958780956,129,1095.0,0,0.0,,,HPA,poison_flash,127
885.0,29.307504997940104,0.0,109.4,120.0,3.0549999999999997,2.51224722079744e-06,103,875.0,0,0.0,,,HPA,poison_flash,128
760.0,23.295629620317293,0.0,103.92222222222222,104.0,3.053,0.0007743679559530951,100,35.0,0,0.0,,,HPA,poison_flash,129
1155.0,32.48423720894047,0.0,118.79722222222222,120.0,3.0549999999999997,7.925226493520535e-05,146,5.0,0,0.0,,,HPA,poison_flash,130
940.0,33.61298637500032,0.0,108.85833333333333,120.0,3.0549999999999997,1.3467712631730895e-05,159,930.0,0,0.0,,,HPA,poison_flash,131
1290.0,40.8048937110778,0.0,116.60694444444445,120.0,3.0749999999999997,8.732616263789769e-07,161,1125.0,0,0.0,,,HPA,poison_flash,132
1230.0,32.918337881907725,0.0,104.57777777777778,113.0,3.0549999999999997,0.00015817797707573617,129,1100.0,0,0.0,,,HPA,poison_flash,133
800.0,28.30399347994419,0.0,109.9888888888889,120.0,3.053,7.3360144139305566e-06,105,790.0,0,0.0,,,HPA,poison_flash,134
785.0,23.95407310526948,0.0,101.92222222222222,114.0,3.0549999999999997,0.000813316242562078,128,20.0,0,0.0,,,HPA,poison_flash,135
1020.0,31.432239573000874,0.0,107.71527777777777,120.0,3.0549999999999997,2.692404606159705e-06,138,1020.0,0,0.0,,,HPA,poison_flash,136
970.0,29.63419274110709,0.0,103.90555555555555,107.0,3.0549999999999997,0.00025392676382943153,155,945.0,0,0.0,,,HPA,poison_flash,137
1240.0,40.116416944708696,0.0,115.56111111111112,120.0,3.0749999999999997,2.8535886365749193e-06,157,1125.0,0,0.0,,,HPA,poison_flash,138
1215.0,36.174185576382655,0.0,108.4125,120.0,3.0549999999999997,8.707481465982652e-06,143,1095.0,0,0.0,,,HPA,poison_flash,139
1195.0,33.76465351752165,0.0,103.02638888888889,120.0,3.0549999999999997,4.9546667540124546e-05,251,1095.0,0,0.0,,,HPA-fast,poison_flash,100
1215.0,35.75541224971691,0.0,97.68472222222222,120.0,3.0549999999999997,6.968732042164152e-06,315,1125.0,0,0.0,,,HPA-fast,poison_flash,101
1250.0,39.759388150280564,0.0,99.73611111111111,120.0,3.0549999999999997,0.00023366173699186995,296,1130.0,0,0.0,,,HPA-fast,poison_flash,102
1230.0,35.1500487221594,0.0,96.17222222222222,107.0,3.053,0.00033700879557713794,229,1135.0,0,0.0,,,HPA-fast,poison_flash,103
1135.0,30.962128694053746,0.0,98.1986111111111,120.0,3.0549999999999997,0.00023271515882134576,325,25.0,0,0.0,,,HPA-fast,poison_flash,104
1040.0,28.26095701992013,0.0,91.50138888888888,112.0,3.053,0.0006577248813696103,224,765.0,0,0.0,,,HPA-fast,poison_flash,105
1150.0,33.01247873690261,0.0,98.50277777777778,115.0,3.053,2.9360066014154172e-05,258,885.0,0,0.0,,,HPA-fast,poison_flash,106
1230.0,36.705843643128624,0.0,97.46111111111111,120.0,3.0549999999999997,0.00013591998923293008,316,1120.0,0,0.0,,,HPA-fast,poison_flash,107
1255.0,40.09629499399975,0.0,103.69305555555556,120.0,3.0549999999999997,8.40466286153755e-05,286,1130.0,0,0.0,,,HPA-fast,poison_flash,108
1215.0,37.517125915808016,0.0,97.10555555555555,120.0,3.0549999999999997,0.00020890694012313174,240,1125.0,0,0.0,,,HPA-fast,poison_flash,109
1160.0,31.73307138306215,0.0,98.50972222222222,120.0,3.0549999999999997,0.00015121422904510368,319,15.0,0,0.0,,,HPA-fast,poison_flash,110
1190.0,31.249739897123575,0.0,92.43472222222222,101.0,3.0549999999999997,0.0002619085861908254,253,1055.0,0,0.0,,,HPA-fast,poison_flash,111
1170.0,33.23002076080543,0.0,101.0375,113.0,3.0549999999999997,0.0002002238252132863,231,1075.0,0,0.0,,,HPA-fast,poison_flash,112
865.0,26.81915003975851,0.0,96.10138888888889,119.0,3.053,0.0006135092249499825,270,830.0,0,0.0,,,HPA-fast,poison_flash,113
1195.0,39.10185510491628,0.0,99.45138888888889,120.0,3.053,1.2392166812474132e-05,275,1105.0,0,0.0,,,HPA-fast,poison_flash,114
1190.0,36.79838438594854,0.0,99.5375,120.0,3.053,3.2781265535211e-05,230,1100.0,0,0.0,,,HPA-fast,poison_flash,115
1165.0,31.39047200308123,0.0,102.06388888888888,120.0,3.0549999999999997,0.0001897436685038165,302,10.0,0,0.0,,,HPA-fast,poison_flash,116
1220.0,30.46026174713402,0.0,97.65138888888889,111.0,3.0549999999999997,0.00019261614499040166,257,10.0,0,0.0,,,HPA-fast,poison_flash,117
1130.0,31.46134847571096,0.0,93.03611111111111,89.0,3.0549999999999997,0.00030530851985430865,230,10.0,0,0.0,,,HPA-fast,poison_flash,118
900.0,29.781156622186778,0.0,95.92222222222222,117.0,3.053,0.000666902233191011,290,900.0,0,0.0,,,HPA-fast,poison_flash,119
1205.0,39.13775735062613,0.0,100.16666666666667,120.0,3.0549999999999997,4.756951732655032e-06,285,1105.0,0,0.0,,,HPA-fast,poison_flash,120
1270.0,35.42488039579633,0.0,96.65,100.0,3.0549999999999997,0.00015176590483145672,263,1120.0,0,0.0,,,HPA-fast,poison_flash,121
1210.0,33.083511074121155,0.0,99.14166666666667,120.0,3.0549999999999997,0.00015680445231321853,327,1115.0,0,0.0,,,HPA-fast,poison_flash,122
1160.0,31.654380634160727,0.0,95.24444444444444,110.0,3.053,0.0005659283609758247,258,15.0,0,0.0,,,HPA-fast,poison_flash,123
1190.0,35.36431668204264,0.0,101.4125,120.0,3.053,0.0006851961260197492,258,10.0,0,0.0,,,HPA-fast,poison_flash,124
1190.0,30.323370493888824,0.0,93.67916666666666,112.0,3.0549999999999997,0.0002702743225395061,286,1100.0,0,0.0,,,HPA-fast,poison_flash,125
1225.0,38.5638952919401,0.0,99.20694444444445,104.0,3.0549999999999997,1.5646253982906076e-05,276,1095.0,0,0.0,,,HPA-fast,poison_flash,126
1190.0,35.46923173769033,0.0,96.87083333333334,113.0,3.053,0.00012085012048202138,220,1095.0,0,0.0,,,HPA-fast,poison_flash,127
1125.0,31.500207840114648,0.0,98.46111111111111,120.0,3.0549999999999997,2.7053698098388897e-05,299,1035.0,0,0.0,,,HPA-fast,poison_flash,128
995.0,28.327262236489283,0.0,93.17777777777778,102.0,3.053,1.272905041631899e-05,214,925.0,0,0.0,,,HPA-fast,poison_flash,129
1150.0,32.12812081860095,0.0,100.05,109.0,3.0549999999999997,0.00018969212923398835,223,1035.0,0,0.0,,,HPA-fast,poison_flash,130
1215.0,36.633180573301004,0.0,96.86527777777778,111.0,3.0549999999999997,3.5718659175938662e-06,286,1125.0,0,0.0,,,HPA-fast,poison_flash,131
1225.0,40.060631478248055,0.0,102.12083333333334,120.0,3.0549999999999997,9.756154069987768e-07,292,1125.0,0,0.0,,,HPA-fast,poison_flash,132
1215.0,32.69001462002916,0.0,93.4263888888889,90.0,3.0549999999999997,0.0016860497398135691,203,1095.0,0,0.0,,,HPA-fast,poison_flash,133
875.0,28.85325562347687,0.0,99.55555555555556,120.0,3.053,5.7040338601056586e-05,298,875.0,0,0.0,,,HPA-fast,poison_flash,134
1190.0,30.719589540189528,0.0,90.72361111111111,108.0,3.0549999999999997,0.001087296261997321,218,955.0,0,0.0,,,HPA-fast,poison_flash,135
1250.0,34.511774872308685,0.0,100.1375,120.0,3.0549999999999997,1.869432037615109e-05,275,1120.0,0,0.0,,,HPA-fast,poison_flash,136
1210.0,31.418723104024092,0.0,94.37361111111112,104.0,3.0549999999999997,0.00026828302178588854,324,1105.0,0,0.0,,,HPA-fast,poison_flash,137
1230.0,39.862387321168015,0.0,100.29722222222222,120.0,3.0549999999999997,9.320968544562059e-05,281,1105.0,0,0.0,,,HPA-fast,poison_flash,138
1225.0,36.32266478192145,0.0,94.86944444444444,108.0,3.0549999999999997,0.00025904584293567304,224,1095.0,0,0.0,,,HPA-fast,poison_flash,139
800.0,26.317050067366655,0.0,128.2902777777778,120.0,3.0549999999999997,7.35719358722884e-05,137,495.0,0,0.0,,,HPA-45,poison_flash,100
855.0,31.373193760140516,0.0,128.96666666666667,120.0,3.065,6.780852829034299e-05,172,855.0,0,0.0,,,HPA-45,poison_flash,101
995.0,36.03106438472695,0.0,127.39166666666667,120.0,3.0549999999999997,0.00022218286727005606,159,995.0,0,0.0,,,HPA-45,poison_flash,102
830.0,28.050638757841774,0.0,128.28194444444443,120.0,3.053,0.0008182956878918376,144,90.0,0,0.0,,,HPA-45,poison_flash,103
805.0,28.101999369065055,0.0,127.24305555555556,120.0,3.053,5.114593581462528e-05,135,525.0,0,0.0,,,HPA-45,poison_flash,104
605.0,20.855848502963592,0.0,123.67777777777778,120.0,3.053,0.0034292767626936792,128,605.0,0,0.0,,,HPA-45,poison_flash,105
680.0,22.815655840948512,0.0,127.2625,120.0,3.053,0.0006105150208076071,114,10.0,0,0.0,,,HPA-45,poison_flash,106
835.0,31.160689671036945,0.0,128.6027777777778,120.0,3.0549999999999997,0.0002748989515069302,167,15.0,0,0.0,,,HPA-45,poison_flash,107
900.0,34.68464644026186,0.0,128.35833333333332,120.0,3.0549999999999997,4.538206022887271e-05,155,900.0,0,0.0,,,HPA-45,poison_flash,108
1060.0,35.023348487138605,0.0,124.77777777777777,120.0,3.0549999999999997,0.0002454098917851772,132,1047.5,0,0.0,,,HPA-45,poison_flash,109
815.0,27.47455008044343,0.0,124.22222222222223,120.0,3.0549999999999997,0.0002408053959766131,155,815.0,0,0.0,,,HPA-45,poison_flash,110
650.0,22.561709157920973,0.0,123.61527777777778,120.0,3.0549999999999997,0.0006896926926954251,131,650.0,0,0.0,,,HPA-45,poison_flash,111
810.0,26.3785246087776,0.0,127.93055555555556,120.0,3.0549999999999997,0.00012182973856207065,127,5.0,0,0.0,,,HPA-45,poison_flash,112
655.0,21.37529286741986,0.0,128.04305555555555,120.0,3.053,0.0006721095457040955,130,240.0,0,0.0,,,HPA-45,poison_flash,113
820.0,34.287287393348706,0.0,126.93888888888888,120.0,3.0749999999999997,0.0005767385328691737,140,30.0,0,0.0,,,HPA-45,poison_flash,114
860.0,32.27632565385462,0.0,126.94444444444444,120.0,3.0749999999999997,3.8719333533975015e-05,123,860.0,0,0.0,,,HPA-45,poison_flash,115
675.0,23.360189827161037,0.0,125.64861111111111,120.0,3.0549999999999997,8.19649558794271e-05,150,160.0,0,0.0,,,HPA-45,poison_flash,116
850.0,25.80350634862054,0.0,128.61944444444444,120.0,3.0549999999999997,0.000403745256656382,126,850.0,0,0.0,,,HPA-45,poison_flash,117
715.0,23.676036397313137,0.0,124.72222222222223,120.0,3.0549999999999997,0.0004600826802237921,124,20.0,0,0.0,,,HPA-45,poison_flash,118
750.0,24.863538747421398,0.0,128.85694444444445,120.0,3.053,0.0006678425874812304,156,5.0,0,0.0,,,HPA-45,poison_flash,119
1050.0,36.89688641867078,0.0,127.53333333333333,120.0,3.0749999999999997,0.001349781638914949,146,1047.5,0,0.0,,,HPA-45,poison_flash,120
950.0,29.841229211716325,0.0,127.50416666666666,120.0,3.0549999999999997,0.00027005061774373787,132,960.0,0,0.0,,,HPA-45,poison_flash,121
660.0,21.678190922371055,0.0,122.55972222222222,120.0,3.0549999999999997,0.000248421217735811,150,15.0,0,0.0,,,HPA-45,poison_flash,122
790.0,26.7460617112672,0.0,129.19861111111112,120.0,3.053,0.0008379080367171078,152,640.0,0,0.0,,,HPA-45,poison_flash,123
765.0,28.46810701207716,0.0,127.39305555555555,120.0,3.053,0.0007492625959642262,137,130.0,0,0.0,,,HPA-45,poison_flash,124
805.0,24.79620605378099,0.0,120.08888888888889,116.0,3.0549999999999997,0.001633416314196411,125,15.0,0,0.0,,,HPA-45,poison_flash,125
855.0,33.12481782159165,0.0,126.62222222222222,120.0,3.0549999999999997,0.0003533399434421035,115,855.0,0,0.0,,,HPA-45,poison_flash,126
800.0,28.007979755838686,0.0,125.8236111111111,120.0,3.053,0.0008882040171679941,130,55.0,0,0.0,,,HPA-45,poison_flash,127
780.0,28.291135781327583,0.0,126.58194444444445,120.0,3.0549999999999997,4.615539842657077e-06,125,780.0,0,0.0,,,HPA-45,poison_flash,128
530.0,18.015829902887205,0.0,130.0888888888889,120.0,3.053,0.0007312758486865847,109,135.0,0,0.0,,,HPA-45,poison_flash,129
690.0,23.406788700211756,0.0,125.35972222222222,120.0,3.0549999999999997,0.00011119614049258276,110,25.0,0,0.0,,,HPA-45,poison_flash,130
810.0,30.205493251195403,0.0,126.70694444444445,120.0,3.0549999999999997,0.0002885471456320684,160,20.0,0,0.0,,,HPA-45,poison_flash,131
930.0,36.52179204325188,0.0,128.88611111111112,120.0,3.7392197113755827,5.518026740927173e-06,145,930.0,0,0.0,,,HPA-45,poison_flash,132
880.0,26.747822176717307,0.0,125.42916666666666,120.0,3.0549999999999997,0.00026052530666080895,154,880.0,0,0.0,,,HPA-45,poison_flash,133
730.0,26.647937604674333,0.0,126.55972222222222,120.0,3.053,1.3675801144966819e-05,124,525.0,0,0.0,,,HPA-45,poison_flash,134
630.0,20.41360310490511,0.0,124.57638888888889,120.0,3.0549999999999997,0.00127131563133178,132,630.0,0,0.0,,,HPA-45,poison_flash,135
875.0,28.884628377475273,0.0,127.06944444444444,120.0,3.0549999999999997,8.292411049180956e-05,138,875.0,0,0.0,,,HPA-45,poison_flash,136
850.0,26.731952132430003,0.0,123.58611111111111,114.0,3.0549999999999997,0.002965133346276376,148,15.0,0,0.0,,,HPA-45,poison_flash,137
945.0,36.52720660125974,0.0,128.47083333333333,120.0,3.0749999999999997,6.204080236533208e-05,146,945.0,0,0.0,,,HPA-45,poison_flash,138
1235.0,36.03691365845142,0.0,129.8486111111111,120.0,3.0549999999999997,0.0007604351922937491,158,1095.0,0,0.0,,,HPA-45,poison_flash,139
0.0,0.0,0.0,151.27916666666667,120.0,0.075,1.0,145,0.0,0,0.0,,,PredHPA,poison_flash,100
0.0,0.0,0.0,156.89444444444445,120.0,0.075,1.0,141,0.0,0,0.0,,,PredHPA,poison_flash,101
0.0,0.0,0.0,147.6027777777778,120.0,0.075,1.0,149,0.0,0,0.0,,,PredHPA,poison_flash,102
0.0,0.0,0.0,143.05555555555554,120.0,0.075,1.0,146,0.0,0,0.0,,,PredHPA,poison_flash,103
50.0,1.7244813360002609,0.0,146.88194444444446,120.0,0.075,0.0014052099603348424,132,50.0,0,0.0,,,PredHPA,poison_flash,104
0.0,0.0,0.0,139.99444444444444,120.0,0.075,1.0,119,0.0,0,0.0,,,PredHPA,poison_flash,105
0.0,0.010020990036063715,0.0,152.79166666666666,120.0,0.075,0.9568652881944727,134,0.0,0,0.0,,,PredHPA,poison_flash,106
0.0,0.0,0.0,153.82777777777778,120.0,0.075,1.0,171,0.0,0,0.0,,,PredHPA,poison_flash,107
0.0,0.0,0.0,149.68472222222223,120.0,0.075,1.0,172,0.0,0,0.0,,,PredHPA,poison_flash,108
0.0,0.0,0.0,141.17777777777778,120.0,0.075,1.0,128,0.0,0,0.0,,,PredHPA,poison_flash,109
0.0,0.0,0.0,146.625,120.0,0.075,1.0,158,0.0,0,0.0,,,PredHPA,poison_flash,110
0.0,0.0,0.0,143.04861111111111,120.0,0.075,1.0,128,0.0,0,0.0,,,PredHPA,poison_flash,111
0.0,0.0,0.0,149.57361111111112,120.0,0.075,1.0,139,0.0,0,0.0,,,PredHPA,poison_flash,112
0.0,0.0,0.0,153.89027777777778,120.0,0.075,1.0,130,0.0,0,0.0,,,PredHPA,poison_flash,113
30.0,0.9457530931863967,0.0,148.51527777777778,120.0,0.075,0.03580838324890328,146,30.0,0,0.0,,,PredHPA,poison_flash,114
0.0,0.0,0.0,142.03333333333333,120.0,0.075,1.0,122,0.0,0,0.0,,,PredHPA,poison_flash,115
0.0,0.0,0.0,149.0611111111111,120.0,0.075,1.0,155,0.0,0,0.0,,,PredHPA,poison_flash,116
0.0,0.0,0.0,144.4875,120.0,0.075,1.0,125,0.0,0,0.0,,,PredHPA,poison_flash,117
0.0,0.0,0.0,151.07222222222222,120.0,0.075,1.0,131,0.0,0,0.0,,,PredHPA,poison_flash,118
0.0,0.0,0.0,152.725,120.0,0.075,1.0,130,0.0,0,0.0,,,PredHPA,poison_flash,119
0.0,0.0,0.0,151.56805555555556,120.0,0.075,1.0,181,0.0,0,0.0,,,PredHPA,poison_flash,120
0.0,0.0,0.0,142.4986111111111,120.0,0.075,1.0,122,0.0,0,0.0,,,PredHPA,poison_flash,121
0.0,0.0,0.0,146.1861111111111,120.0,0.075,1.0,143,0.0,0,0.0,,,PredHPA,poison_flash,122
0.0,0.0,0.0,141.4777777777778,120.0,0.075,1.0,135,0.0,0,0.0,,,PredHPA,poison_flash,123
0.0,0.0,0.0,150.48194444444445,120.0,0.075,1.0,149,0.0,0,0.0,,,PredHPA,poison_flash,124
0.0,0.0,0.0,154.32361111111112,120.0,0.075,1.0,129,0.0,0,0.0,,,PredHPA,poison_flash,125
0.0,0.0,0.0,146.9375,120.0,0.075,1.0,173,0.0,0,0.0,,,PredHPA,poison_flash,126
0.0,0.0,0.0,141.47916666666666,120.0,0.075,1.0,134,0.0,0,0.0,,,PredHPA,poison_flash,127
10.0,0.060803643637385996,0.0,148.45277777777778,120.0,0.075,0.8985180060261042,130,10.0,0,0.0,,,PredHPA,poison_flash,128
0.0,0.0,0.0,143.8986111111111,120.0,0.075,1.0,114,0.0,0,0.0,,,PredHPA,poison_flash,129
0.0,0.0,0.0,151.26388888888889,120.0,0.075,1.0,126,0.0,0,0.0,,,PredHPA,poison_flash,130
0.0,0.0,0.0,153.05972222222223,120.0,0.075,1.0,158,0.0,0,0.0,,,PredHPA,poison_flash,131
15.0,0.18524763671209366,0.0,149.05833333333334,120.0,0.075,0.6412209579976633,169,15.0,0,0.0,,,PredHPA,poison_flash,132
0.0,0.0,0.0,141.31944444444446,120.0,0.075,1.0,132,0.0,0,0.0,,,PredHPA,poison_flash,133
10.0,0.06275642059256903,0.0,147.84305555555557,120.0,0.075,0.9015988689932726,132,10.0,0,0.0,,,PredHPA,poison_flash,134
0.0,0.0,0.0,141.35833333333332,120.0,0.075,1.0,132,0.0,0,0.0,,,PredHPA,poison_flash,135
5.0,0.01772803252292343,0.0,154.3736111111111,120.0,0.075,0.9434337589311129,125,5.0,0,0.0,,,PredHPA,poison_flash,136
0.0,0.0,0.0,156.68472222222223,120.0,0.075,1.0,152,0.0,0,0.0,,,PredHPA,poison_flash,137
10.0,0.028405743020232244,0.0,148.93333333333334,120.0,0.075,0.9322579049839823,157,10.0,0,0.0,,,PredHPA,poison_flash,138
0.0,0.0,0.0,141.56666666666666,120.0,0.075,1.0,129,0.0,0,0.0,,,PredHPA,poison_flash,139
1105.0,31.89766019112239,5.495944872172649,106.86944444444444,106.0,3.0549999999999997,5.180098249685581e-05,125,965.0,0,0.0,,,HPA+RL,poison_flash,100
940.0,32.61560797346286,7.3927236361943605,104.10972222222222,115.0,3.0549999999999997,6.0978673126874604e-05,143,910.0,0,0.0,,,HPA+RL,poison_flash,101
1240.0,39.30096314060943,12.102595595245807,101.07916666666667,90.0,3.0549999999999997,0.0022516623227213303,120,1130.0,0,0.0,,,HPA+RL,poison_flash,102
1225.0,34.697283199977335,6.652830694813014,94.94166666666666,83.0,3.053,0.0006180849535790888,107,1115.0,0,0.0,,,HPA+RL,poison_flash,103
900.0,29.971746232525287,6.96181415395492,90.10277777777777,81.0,3.0549999999999997,0.0002463528942441131,93,870.0,0,0.0,,,HPA+RL,poison_flash,104
760.0,24.508130032408516,4.763947988020106,88.74861111111112,69.0,3.053,0.006204106475514469,82,760.0,0,0.0,,,HPA+RL,poison_flash,105
930.0,29.813836450167553,5.866109233400948,101.81111111111112,103.0,3.053,0.00010313105822325726,114,875.0,0,0.0,,,HPA+RL,poison_flash,106
1070.0,34.93134121487568,8.332416436382063,90.025,79.0,3.0549999999999997,0.00022829838537939356,115,1040.0,0,0.0,,,HPA+RL,poison_flash,107
1080.0,37.958374837607366,12.141362401048518,104.08333333333333,108.0,3.0549999999999997,7.101415413625168e-05,124,1080.0,0,0.0,,,HPA+RL,poison_flash,108
1250.0,37.80204424569684,9.113613254859214,99.09166666666667,93.0,3.0549999999999997,0.00014940678450007836,114,1125.0,0,0.0,,,HPA+RL,poison_flash,109
1175.0,31.71643318089037,6.29914185724979,94.78611111111111,93.0,3.0549999999999997,0.00016775656900994644,100,1050.0,0,0.0,,,HPA+RL,poison_flash,110
1065.0,27.79286915152399,5.1539591669004405,94.25,77.0,3.0549999999999997,0.0002232482390928361,105,25.0,0,0.0,,,HPA+RL,poison_flash,111
1160.0,33.336481881726485,5.76012577900396,101.56388888888888,101.0,3.0549999999999997,0.0003357924261738153,113,1062.5,0,0.0,,,HPA+RL,poison_flash,112
870.0,25.97579265471188,3.6714651369818356,94.95138888888889,81.0,3.053,0.0014317363409388562,116,5.0,0,0.0,,,HPA+RL,poison_flash,113
880.0,35.84658678232478,13.327449152240368,99.66666666666667,104.0,3.053,0.00010050115654306782,111,875.0,0,0.0,,,HPA+RL,poison_flash,114
1210.0,37.05864010976402,9.460801110578142,99.10833333333333,107.0,3.053,9.514334004155329e-05,109,1100.0,0,0.0,,,HPA+RL,poison_flash,115
915.0,28.69078578108859,6.1076978179398695,101.45277777777778,91.0,3.0549999999999997,0.0003543469362113358,108,15.0,0,0.0,,,HPA+RL,poison_flash,116
880.0,20.824526978086155,5.009729071444369,99.52083333333333,105.0,3.0549999999999997,0.00015655042152857285,116,5.0,0,0.0,,,HPA+RL,poison_flash,117
1210.0,32.78694091403015,5.450841494734036,91.15416666666667,73.0,3.0549999999999997,0.002293526169452122,105,50.0,0,0.0,,,HPA+RL,poison_flash,118
910.0,28.283918371818217,5.021907245503136,95.20416666666667,82.0,3.053,0.0013917018707805594,114,900.0,0,0.0,,,HPA+RL,poison_flash,119
1215.0,39.235503526398254,12.190879691805769,102.44444444444444,100.0,3.0549999999999997,8.657310774018858e-05,126,1105.0,0,0.0,,,HPA+RL,poison_flash,120
1275.0,35.519582336351576,6.090401012654753,104.12083333333334,105.0,3.0549999999999997,5.892299195958024e-05,118,1120.0,0,0.0,,,HPA+RL,poison_flash,121
1240.0,32.82080254105135,6.082458166804654,99.425,99.0,3.0549999999999997,0.0002841314152691198,111,1115.0,0,0.0,,,HPA+RL,poison_flash,122
930.0,29.130113695062263,6.04876432511357,93.05694444444444,80.0,3.053,0.0004986705953153218,103,930.0,0,0.0,,,HPA+RL,poison_flash,123
1015.0,33.537619091965134,7.883734970726014,101.48472222222222,93.0,3.053,0.00047816931027948073,123,15.0,0,0.0,,,HPA+RL,poison_flash,124
760.0,18.246040178544444,3.7054548786174815,88.36527777777778,82.0,3.0549999999999997,0.0007293272410836016,121,10.0,0,0.0,,,HPA+RL,poison_flash,125
1220.0,38.27509684624998,11.432550703975572,99.71527777777777,104.0,3.0549999999999997,0.000344063067047945,106,1095.0,0,0.0,,,HPA+RL,poison_flash,126
1200.0,35.512355354206214,7.3811698402222925,98.04444444444445,87.0,3.053,0.0006647120120644337,112,1095.0,0,0.0,,,HPA+RL,poison_flash,127
890.0,29.280645221615977,6.773887273611674,93.57083333333334,98.0,3.0549999999999997,0.00013398765313364948,101,875.0,0,0.0,,,HPA+RL,poison_flash,128
655.0,18.974148099713396,4.8399155734540455,91.19722222222222,79.0,3.053,0.004282158304720486,86,35.0,0,0.0,,,HPA+RL,poison_flash,129
1170.0,32.510260248814824,5.535585748237095,107.66805555555555,101.0,3.0549999999999997,7.168717411926433e-05,132,10.0,0,0.0,,,HPA+RL,poison_flash,130
960.0,33.638978057988986,8.259445781418526,97.93888888888888,97.0,3.0549999999999997,0.00014178660617226391,128,930.0,0,0.0,,,HPA+RL,poison_flash,131
1235.0,40.15737293263314,13.064416971260506,103.68333333333334,97.0,3.0549999999999997,6.104936044992296e-06,127,1125.0,0,0.0,,,HPA+RL,poison_flash,132
1235.0,32.9115333660564,4.587857593280797,100.84861111111111,100.0,3.0549999999999997,0.0007695522517981722,119,1100.0,0,0.0,,,HPA+RL,poison_flash,133
805.0,28.34480431767138,6.579105617492935,91.93333333333334,85.0,3.053,0.00015226344828731496,94,790.0,0,0.0,,,HPA+RL,poison_flash,134
785.0,23.88898044459442,4.751575905317261,87.47638888888889,69.0,3.0549999999999997,0.002174379949799273,89,20.0,0,0.0,,,HPA+RL,poison_flash,135
1030.0,31.458142541939605,6.060965272145712,93.22222222222223,83.0,3.0549999999999997,0.00013777520516368335,106,1020.0,0,0.0,,,HPA+RL,poison_flash,136
1005.0,29.458224617028208,4.4801197284373595,93.48611111111111,87.0,3.0549999999999997,0.00023909461808126276,122,960.0,0,0.0,,,HPA+RL,poison_flash,137
1245.0,40.142086830789495,13.03848730776883,98.83888888888889,89.0,3.0549999999999997,4.868147796079414e-05,123,1125.0,0,0.0,,,HPA+RL,poison_flash,138
1220.0,36.1477349319427,7.3547894644327565,95.4125,90.0,3.0549999999999997,5.2901719436529706e-05,106,1095.0,0,0.0,,,HPA+RL,poison_flash,139
0.0,0.004901813541879907,0.0,123.68888888888888,120.0,0.075,0.956681522423604,912,0.0,10,0.0,,0.6182462356067316,ARC,poison_flash,100
15.0,0.16926733210814726,0.0,116.3375,120.0,0.075,0.3660327332941775,1091,0.0,10,0.0,,0.6458333333333334,ARC,poison_flash,101
0.0,0.0,0.0,119.15416666666667,120.0,0.075,1.0,896,0.0,10,0.0,,0.784099766173032,ARC,poison_flash,102
0.0,0.0,0.0,117.83055555555555,120.0,0.075,1.0,966,0.0,10,0.0,,0.7419354838709677,ARC,poison_flash,103
35.0,1.2478259534318692,0.0,118.08888888888889,120.0,0.075,5.368743580132446e-05,988,35.0,10,0.0,,0.65,ARC,poison_flash,104
0.0,0.0,0.0,111.63472222222222,120.0,0.075,1.0,846,0.0,10,0.0,,0.5971223021582733,ARC,poison_flash,105
25.0,0.4189096638571588,0.0,117.15972222222223,120.0,0.075,0.1650352651638301,893,15.0,10,0.0,,0.6163194444444444,ARC,poison_flash,106
20.0,0.2543214000160221,0.0,120.02361111111111,120.0,0.075,0.15617732571241955,1076,5.0,10,0.0,,0.6967418546365914,ARC,poison_flash,107
10.0,0.042906397886299796,0.0,115.13333333333334,120.0,0.075,0.828395842199546,963,10.0,10,0.0,,0.7266982622432859,ARC,poison_flash,108
0.0,0.0,0.0,115.2875,120.0,0.075,1.0,950,0.0,10,0.0,,0.7935034802784223,ARC,poison_flash,109
25.0,0.1427799444649991,0.0,120.54305555555555,120.0,0.075,0.6020479723940112,1022,5.0,10,0.0,,0.6470078057241977,ARC,poison_flash,110
5.0,0.009296595855090573,0.0,110.97916666666667,120.0,0.075,0.9299643219193638,853,5.0,10,0.0,,0.657487091222031,ARC,poison_flash,111
15.0,0.03048438701556133,0.0,113.56527777777778,120.0,0.075,0.9140019645574704,846,0.0,9,0.0,,0.5555555555555556,ARC,poison_flash,112
0.0,0.0016830804531520194,0.0,124.34861111111111,120.0,0.075,0.9906919340146315,1028,0.0,10,0.0,,0.5365853658536586,ARC,poison_flash,113
15.0,0.15098620863542855,0.0,123.39722222222223,120.0,0.075,0.7001856983555745,1031,15.0,10,0.0,,0.7972871137905049,ARC,poison_flash,114
0.0,0.0,0.0,114.71805555555555,120.0,0.075,1.0,962,0.0,10,0.0,,0.7569721115537849,ARC,poison_flash,115
0.0,0.011771396018889213,0.0,122.7125,120.0,0.075,0.9545201259656073,1025,0.0,10,0.0,,0.6351706036745407,ARC,poison_flash,116
0.0,0.0,0.0,114.9,120.0,0.075,1.0,878,0.0,11,0.0,,0.6120996441281139,ARC,poison_flash,117
0.0,0.0,0.0,123.53888888888889,120.0,0.075,1.0,907,0.0,9,0.0,,0.6446568201563857,ARC,poison_flash,118
15.0,0.38376456306888906,0.0,117.18472222222222,120.0,0.075,0.05629059410491654,1002,0.0,10,0.0,,0.5568917668825162,ARC,poison_flash,119
0.0,0.0,0.0,116.03194444444445,120.0,0.075,1.0,985,0.0,10,0.0,,0.7569721115537849,ARC,poison_flash,120
5.0,0.01234975079076328,0.0,116.24444444444444,120.0,0.075,0.9387469307542098,948,5.0,10,0.0,,0.7489975942261428,ARC,poison_flash,121
20.0,0.26719145127460653,0.0,121.64861111111111,120.0,0.075,0.05257602483817188,968,10.0,10,0.0,,0.6581632653061225,ARC,poison_flash,122
0.0,0.0,0.0,106.22083333333333,120.0,0.075,1.0,846,0.0,10,0.0,,0.6666666666666666,ARC,poison_flash,123
20.0,0.16878803223412397,0.0,123.96805555555555,120.0,0.075,0.06626818412159734,925,0.0,10,0.0,,0.6835443037974683,ARC,poison_flash,124
20.0,0.10498191821883829,0.0,122.43611111111112,120.0,0.075,0.31249554819655245,1106,0.0,10,0.0,,0.5352112676056338,ARC,poison_flash,125
0.0,0.0,0.0,113.0125,120.0,0.075,1.0,918,0.0,10,0.0,,0.7510008006405124,ARC,poison_flash,126
30.0,0.6347053545472492,0.0,126.54861111111111,120.0,0.075,0.056695764974022546,1080,30.0,9,0.0,,0.7544816835541699,ARC,poison_flash,127
0.0,0.0,0.0,122.85416666666667,120.0,0.075,1.0,997,0.0,10,0.0,,0.7032418952618454,ARC,poison_flash,128
0.0,0.0,0.0,121.69722222222222,120.0,0.075,1.0,927,0.0,10,0.0,,0.6267605633802817,ARC,poison_flash,129
0.0,0.0,0.0,121.69305555555556,120.0,0.075,1.0,866,0.0,9,0.0,,0.5945945945945946,ARC,poison_flash,130
0.0,0.0,0.0,121.03472222222223,120.0,0.075,1.0,1015,0.0,10,0.0,,0.6712095400340715,ARC,poison_flash,131
25.0,0.4884997051621265,0.0,117.12916666666666,120.0,0.075,0.17726449129779848,992,25.0,9,0.0,,0.7826747720364742,ARC,poison_flash,132
0.0,0.0,0.0,116.03611111111111,120.0,0.075,1.0,949,0.0,10,0.0,,0.667805294619983,ARC,poison_flash,133
5.0,0.06091373910283027,0.0,118.27222222222223,120.0,0.075,0.8952279932265642,933,5.0,10,0.0,,0.6609442060085837,ARC,poison_flash,134
20.0,0.08119571659565006,0.0,109.2125,120.0,0.075,0.7929692948095202,892,20.0,9,0.0,,0.5845323741007195,ARC,poison_flash,135
30.0,0.46168066307138433,0.0,126.1,120.0,0.075,0.13713956229433477,942,20.0,10,0.0,,0.6797066014669927,ARC,poison_flash,136
30.0,0.12111824060873078,0.0,119.38333333333334,120.0,0.075,0.5362995510239019,1072,0.0,9,0.0,,0.547486033519553,ARC,poison_flash,137
0.0,0.0,0.0,115.58611111111111,120.0,0.075,1.0,958,0.0,10,0.0,,0.7783868441660141,ARC,poison_flash,138
10.0,0.2005917016800196,0.0,117.45416666666667,120.0,0.075,0.3605211944338021,1006,10.0,10,0.0,,0.7794004611837049,ARC,poison_flash,139
2420.0,39.87796793585,0.0,45.833333333333336,25.0,3.075,0.01744027716656887,0,172.5,0,0.0,,,Static,storm,100
3090.0,50.68063839733581,0.0,56.833333333333336,31.0,8.626428571428571,0.0,0,736.25,0,0.0,,,Static,storm,101
3335.0,55.73081149089153,0.0,56.833333333333336,31.0,9.055,2.7421636256512572e-06,0,701.25,0,0.0,,,Static,storm,102
5640.0,86.87214499906412,0.0,49.5,27.0,8.62442857142857,4.484143494084827e-06,0,1200.0,0,0.0,,,Static,storm,103
2135.0,36.31113932591321,0.0,45.833333333333336,25.0,3.075,0.012867701018996681,0,168.75,0,0.0,,,Static,storm,104
1275.0,24.417829270788726,0.0,66.0,36.0,6.055000000000001,2.8721405863541737e-06,0,353.75,0,0.0,,,Static,storm,105
2510.0,40.71210971518773,0.0,45.833333333333336,25.0,3.075,0.01815069050493571,0,190.0,0,0.0,,,Static,storm,106
2515.0,42.96289286553338,0.0,56.833333333333336,31.0,6.291055338668518,4.02738728890391e-06,0,426.25,0,0.0,,,Static,storm,107
1440.0,28.689535572940038,0.0,55.0,30.0,3.075,0.01861064723006924,0,301.25,0,0.0,,,Static,storm,108
5805.0,89.39565706330349,0.0,49.5,27.0,8.62442857142857,2.304717388628297e-06,0,1200.0,0,0.0,,,Static,storm,109
3810.0,62.56538770597211,0.0,45.833333333333336,25.0,8.626428571428571,0.0,0,625.0,0,0.0,,,Static,storm,110
1460.0,28.71167938691267,0.0,66.0,36.0,6.843114411276971,2.8427165297856256e-06,0,335.0,0,0.0,,,Static,storm,111
3410.0,56.81146438927449,0.0,45.833333333333336,25.0,9.231510040576854,0.0,0,531.25,0,0.0,,,Static,storm,112
2615.0,42.85081671994122,0.0,56.833333333333336,31.0,8.62442857142857,3.384554317423023e-06,0,637.5,0,0.0,,,Static,storm,113
1475.0,26.689924287240352,0.0,55.0,30.0,3.075,0.022069931561530243,0,256.25,0,0.0,,,Static,storm,114
5635.0,86.89403799548545,0.0,49.5,27.0,8.64642857142857,5.112344538968206e-06,0,1200.0,0,0.0,,,Static,storm,115
3775.0,63.24507095311809,0.0,45.833333333333336,25.0,8.626428571428571,0.0,0,660.0,0,0.0,,,Static,storm,116
1355.0,25.30357309455189,0.0,66.0,36.0,6.5655117424589005,2.8715521113858957e-06,0,360.0,0,0.0,,,Static,storm,117
3495.0,58.06650867649452,0.0,45.833333333333336,25.0,8.977363283048298,0.0,0,706.25,0,0.0,,,Static,storm,118
1830.0,32.870671122164964,0.0,56.833333333333336,31.0,6.390739310876807,3.2791526547130534e-06,0,436.25,0,0.0,,,Static,storm,119
3000.0,51.21666024333849,0.0,56.833333333333336,31.0,9.055,2.680907126098635e-06,0,725.0,0,0.0,,,Static,storm,120
5565.0,85.90025219107069,0.0,51.333333333333336,28.0,11.626428571428571,3.5614680115721033e-07,0,1200.0,0,0.0,,,Static,storm,121
3845.0,63.3732590967222,0.0,45.833333333333336,25.0,8.62442857142857,1.4404820786015569e-06,0,672.5,0,0.0,,,Static,storm,122
2945.0,48.374083750023544,0.0,66.0,36.0,8.62442857142857,2.8040843176329043e-07,0,530.0,0,0.0,,,Static,storm,123
2375.0,40.05063524483064,0.0,45.833333333333336,25.0,3.075,0.013497021274391185,0,302.5,0,0.0,,,Static,storm,124
2630.0,43.03517169445497,0.0,56.833333333333336,31.0,8.626428571428571,0.0,0,493.75,0,0.0,,,Static,storm,125
2300.0,39.255813491738955,0.0,55.0,30.0,8.62442857142857,1.8552187122070044e-06,0,392.5,0,0.0,,,Static,storm,126
5640.0,86.83060046749806,0.0,49.5,27.0,8.62442857142857,2.3240576032817612e-06,0,1200.0,0,0.0,,,Static,storm,127
4090.0,67.40158430625638,0.0,45.833333333333336,25.0,8.626428571428571,0.0,0,653.75,0,0.0,,,Static,storm,128
1530.0,28.49833456206252,0.0,66.0,36.0,7.257139214350911,2.9110598888661803e-06,0,391.25,0,0.0,,,Static,storm,129
3890.0,63.93897104027384,0.0,45.833333333333336,25.0,9.1197801875543,0.0,0,836.25,0,0.0,,,Static,storm,130
3425.0,54.7702159891565,0.0,56.833333333333336,31.0,8.62442857142857,3.981549554175023e-06,0,647.5,0,0.0,,,Static,storm,131
1760.0,31.124063743396146,0.0,55.0,30.0,3.075,0.009502187115543985,0,361.25,0,0.0,,,Static,storm,132
5580.0,85.89333312594455,0.0,49.5,27.0,8.64642857142857,9.542667633224393e-06,0,1200.0,0,0.0,,,Static,storm,133
2160.0,37.6159164268461,0.0,45.833333333333336,25.0,3.075,0.013024982962684594,0,195.0,0,0.0,,,Static,storm,134
2645.0,45.506211358582306,0.0,66.0,36.0,8.626428571428573,0.0,0,715.0,0,0.0,,,Static,storm,135
5675.0,89.50038899107355,0.0,47.666666666666664,26.0,8.64642857142857,2.6896779905533244e-07,0,1198.75,0,0.0,,,Static,storm,136
2780.0,45.60296727308531,0.0,56.833333333333336,31.0,8.62442857142857,3.199493639032891e-06,0,648.75,0,0.0,,,Static,storm,137
1545.0,28.85379854810377,0.0,55.0,30.0,3.075,0.018687371593388735,0,320.0,0,0.0,,,Static,storm,138
5635.0,86.87855281775765,0.0,49.5,27.0,11.626428571428571,5.674483779227969e-07,0,1200.0,0,0.0,,,Static,storm,139
45.0,1.209523574560345,0.0,95.09166666666667,80.0,0.075,0.0019606268456441494,95,22.5,0,0.0,,,HPA,storm,100
25.0,0.12873528913187604,0.0,96.52777777777777,88.0,0.075,0.2669477364440293,105,7.5,0,0.0,,,HPA,storm,101
235.0,6.598465171613377,0.0,116.32916666666667,120.0,0.075,0.00013186104339474279,146,93.75,0,0.0,,,HPA,storm,102
90.0,2.1905209247036206,0.0,108.00416666666666,120.0,0.075,0.00040265916524507536,141,30.0,0,0.0,,,HPA,storm,103
75.0,1.868278021006664,0.0,103.30416666666666,111.0,0.075,0.03342787569292697,118,15.0,0,0.0,,,HPA,storm,104
0.0,0.016214109307643998,0.0,97.78333333333333,88.0,0.075,0.9642523991081535,124,0.0,0,0.0,,,HPA,storm,105
0.0,0.008841939241610586,0.0,88.4625,63.0,0.075,0.9515360337511996,80,0.0,0,0.0,,,HPA,storm,106
120.0,2.629928844102103,0.0,102.17777777777778,104.0,0.075,0.0010839521537694147,141,30.0,0,0.0,,,HPA,storm,107
215.0,6.418874721534074,0.0,110.06944444444444,120.0,0.075,4.0702076149966084e-05,157,90.0,0,0.0,,,HPA,storm,108
85.0,2.6514915661215444,0.0,107.6625,120.0,0.075,0.0006083536542079716,127,42.5,0,0.0,,,HPA,storm,109
225.0,2.9658467763292506,0.0,100.02083333333333,86.0,0.075,0.0,76,53.75,0,0.0,,,HPA,storm,110
90.0,3.218727840140234,0.0,108.425,120.0,0.075,1.1061482602112833e-05,145,45.0,0,0.0,,,HPA,storm,111
95.0,2.9129916417416912,0.0,112.22777777777777,120.0,0.075,0.0002142304664563718,120,46.25,0,0.0,,,HPA,storm,112
30.0,0.3927777153994949,0.0,100.36805555555556,100.0,0.075,0.03437516018701202,125,7.5,0,0.0,,,HPA,storm,113
0.0,0.0,0.0,95.575,69.0,0.075,1.0,119,0.0,0,0.0,,,HPA,storm,114
85.0,2.7923789155458456,0.0,105.80833333333334,120.0,0.075,0.0003312749575523633,131,42.5,0,0.0,,,HPA,storm,115
465.0,8.40720625784691,0.0,122.66666666666667,120.0,6.188478951488485,0.0,147,116.25,0,0.0,,,HPA,storm,116
5.0,0.037467063835439074,0.0,98.1986111111111,91.0,0.075,0.8900002311568123,124,1.25,0,0.0,,,HPA,storm,117
35.0,0.1506868203808076,0.0,104.325,93.0,0.075,0.7587020937214483,99,5.0,0,0.0,,,HPA,storm,118
105.0,1.7902446484175383,0.0,107.35555555555555,120.0,0.07500000000000007,0.0036490902072807948,125,35.0,0,0.0,,,HPA,storm,119
150.0,5.596001665133832,0.0,107.95555555555555,120.0,0.075,4.95356821713059e-05,171,71.25,0,0.0,,,HPA,storm,120
95.0,1.1462552581959162,0.0,99.64583333333333,82.0,0.075,0.011945492579491467,120,23.75,0,0.0,,,HPA,storm,121
95.0,3.711552319566702,0.0,108.0513888888889,120.0,0.075,0.0023604153197949434,144,42.5,0,0.0,,,HPA,storm,122
20.0,0.11488555454413074,0.0,96.17916666666666,69.0,0.075,0.8040830392132057,107,5.0,0,0.0,,,HPA,storm,123
135.0,2.3848175723613085,0.0,119.45833333333333,120.0,0.075,0.010009686904276175,139,47.5,0,0.0,,,HPA,storm,124
20.0,0.07144589147128899,0.0,99.19305555555556,86.0,0.075,0.888442015639877,124,5.0,0,0.0,,,HPA,storm,125
165.0,4.0703255534455085,0.0,113.01527777777778,120.0,0.075,5.515050785473381e-06,144,61.25,0,0.0,,,HPA,storm,126
95.0,2.7362053100603023,0.0,108.16111111111111,120.0,0.075,8.952291963052467e-05,134,47.5,0,0.0,,,HPA,storm,127
85.0,1.7953187643007906,0.0,109.95833333333333,120.0,0.075,0.03657740995911792,132,18.75,0,0.0,,,HPA,storm,128
205.0,3.4613575765281013,0.0,118.80972222222222,120.0,0.0750000000000001,0.00044724113746804993,166,58.75,0,0.0,,,HPA,storm,129
20.0,0.07265220342356216,0.0,109.03333333333333,95.0,0.075,0.9029186485040038,112,5.0,0,0.0,,,HPA,storm,130
70.0,1.864313194560252,0.0,99.6,83.0,0.075,0.003075528815919186,132,32.5,0,0.0,,,HPA,storm,131
70.0,1.9061159751222911,0.0,109.39027777777778,120.0,0.075,0.0003452355281723004,142,17.5,0,0.0,,,HPA,storm,132
110.0,1.8922298235950596,0.0,102.08888888888889,83.0,0.07500000000000005,0.01367178141544526,123,27.5,0,0.0,,,HPA,storm,133
15.0,0.08701325650274372,0.0,99.9888888888889,104.0,0.075,0.8384218357295933,122,1.25,0,0.0,,,HPA,storm,134
105.0,2.6212942658840777,0.0,110.51944444444445,120.0,0.075,0.00046849576519300177,135,52.5,0,0.0,,,HPA,storm,135
110.0,1.5721936298247918,0.0,108.68055555555556,120.0,0.0750000000000001,0.0167955209930438,120,30.0,0,0.0,,,HPA,storm,136
25.0,0.4820101278552369,0.0,94.33055555555555,87.0,0.075,0.10444722243114239,104,11.25,0,0.0,,,HPA,storm,137
65.0,2.22249471337449,0.0,107.79305555555555,120.0,0.075,0.00012916856971170105,139,32.5,0,0.0,,,HPA,storm,138
95.0,2.765511031369372,0.0,106.20416666666667,120.0,0.075,6.554007475834153e-05,131,47.5,0,0.0,,,HPA,storm,139
45.0,1.1800732935699276,0.0,93.38055555555556,100.0,0.075,0.0023452909088397408,221,22.5,0,0.0,,,HPA-fast,storm,100
220.0,2.5669525712790575,0.0,94.52222222222223,77.0,0.075,0.0,291,56.25,0,0.0,,,HPA-fast,storm,101
240.0,6.582314439718484,0.0,100.2375,120.0,0.075,2.2636434465752578e-05,320,95.0,0,0.0,,,HPA-fast,storm,102
80.0,1.055665293078556,0.0,94.2625,84.0,0.075,0.0001318610433947428,198,31.25,0,0.0,,,HPA-fast,storm,103
25.0,0.47133191330088753,0.0,96.39722222222223,120.0,0.075,0.1643780326020395,292,12.5,0,0.0,,,HPA-fast,storm,104
0.0,0.0015355695063612451,0.0,89.96805555555555,85.0,0.075,0.989295001495928,200,0.0,0,0.0,,,HPA-fast,storm,105
20.0,0.3333737068737963,0.0,89.92083333333333,75.0,0.075,0.19200429781504932,208,10.0,0,0.0,,,HPA-fast,storm,106
45.0,0.5003481119586817,0.0,88.1875,74.0,0.075,0.2146377113570272,241,11.25,0,0.0,,,HPA-fast,storm,107
70.0,0.9952817232861344,0.0,93.19027777777778,96.0,0.075,0.00042997259361523654,225,20.0,0,0.0,,,HPA-fast,storm,108
95.0,1.6676485437906674,0.0,97.07777777777778,107.0,0.075,9.159423455274335e-05,229,36.25,0,0.0,,,HPA-fast,storm,109
225.0,3.3364004887573073,0.0,98.99305555555556,97.0,0.075,0.0,274,60.0,0,0.0,,,HPA-fast,storm,110
80.0,2.999689767325442,0.0,94.85416666666667,120.0,0.075,0.000280921235810921,257,40.0,0,0.0,,,HPA-fast,storm,111
310.0,5.294912756195302,0.0,101.03055555555555,95.0,0.075,0.0,227,86.25,0,0.0,,,HPA-fast,storm,112
80.0,1.0797518909563153,0.0,92.46111111111111,80.0,0.075,0.00013186104339474257,244,28.75,0,0.0,,,HPA-fast,storm,113
0.0,0.0,0.0,90.38472222222222,81.0,0.075,1.0,248,0.0,0,0.0,,,HPA-fast,storm,114
55.0,1.8993542126692797,0.0,93.66944444444445,120.0,0.075,0.0023995367271493206,219,27.5,0,0.0,,,HPA-fast,storm,115
385.0,6.524570417811503,0.0,104.67361111111111,117.0,5.014576976061662,0.0,319,103.75,0,0.0,,,HPA-fast,storm,116
5.0,0.01241894399065524,0.0,87.85833333333333,86.0,0.075,0.8843212920548886,213,1.25,0,0.0,,,HPA-fast,storm,117
0.0,0.010542784058387156,0.0,96.55555555555556,96.0,0.075,0.9690269227444342,214,0.0,0,0.0,,,HPA-fast,storm,118
45.0,0.5138883719075227,0.0,88.46666666666667,78.0,0.075,0.049027243121247295,213,16.25,0,0.0,,,HPA-fast,storm,119
35.0,0.8316942867425126,0.0,92.31805555555556,99.0,0.075,0.024647116451766444,242,17.5,0,0.0,,,HPA-fast,storm,120
0.0,0.0,0.0,90.0513888888889,91.0,0.075,1.0,207,0.0,0,0.0,,,HPA-fast,storm,121
180.0,5.570366591793485,0.0,99.80694444444444,120.0,0.075,0.0001318610433947426,326,67.5,0,0.0,,,HPA-fast,storm,122
5.0,0.014885775226425313,0.0,89.65555555555555,79.0,0.075,0.9156731572893361,211,2.5,0,0.0,,,HPA-fast,storm,123
15.0,0.08014772474547183,0.0,92.53194444444445,101.0,0.075,0.8811148300379901,226,6.25,0,0.0,,,HPA-fast,storm,124
105.0,1.2904498595191494,0.0,92.61111111111111,78.0,0.075,0.0,242,35.0,0,0.0,,,HPA-fast,storm,125
50.0,1.6384672268721423,0.0,96.525,120.0,0.075,0.0023641346297144147,240,25.0,0,0.0,,,HPA-fast,storm,126
140.0,3.0430266014394136,0.0,97.34166666666667,120.0,0.075,1.5219608310880735e-05,227,51.25,0,0.0,,,HPA-fast,storm,127
280.0,3.2703712326295653,0.0,102.51388888888889,120.0,0.075,0.0,328,81.25,0,0.0,,,HPA-fast,storm,128
25.0,0.2874337296724927,0.0,89.0736111111111,87.0,0.075,0.05241988461599725,208,6.25,0,0.0,,,HPA-fast,storm,129
5.0,0.02258668965758881,0.0,96.37916666666666,97.0,0.075,0.8973980784705908,214,2.5,0,0.0,,,HPA-fast,storm,130
145.0,2.3780843416066566,0.0,93.875,77.0,0.075,0.0001318610433947428,273,36.25,0,0.0,,,HPA-fast,storm,131
5.0,0.013116521423683913,0.0,90.92916666666666,79.0,0.075,0.9026316607903416,220,1.25,0,0.0,,,HPA-fast,storm,132
65.0,1.6164875129771827,0.0,93.00138888888888,107.0,0.075,0.03901793346140418,222,32.5,0,0.0,,,HPA-fast,storm,133
0.0,0.0,0.0,94.49583333333334,118.0,0.075,1.0,291,0.0,0,0.0,,,HPA-fast,storm,134
615.0,9.07045340222885,0.0,101.20972222222223,117.0,8.626428571428571,0.0,247,171.25,0,0.0,,,HPA-fast,storm,135
20.0,0.25027711215798165,0.0,92.0375,77.0,0.075,0.0167955209930438,217,5.0,0,0.0,,,HPA-fast,storm,136
25.0,0.6790298963405328,0.0,91.69583333333334,85.0,0.075,0.0019376328345701462,267,12.5,0,0.0,,,HPA-fast,storm,137
60.0,0.7104412491270362,0.0,93.39444444444445,106.0,0.075,0.049452330753775246,248,15.0,0,0.0,,,HPA-fast,storm,138
75.0,2.324956827093283,0.0,94.65972222222223,120.0,0.075,0.0005470341843151625,213,37.5,0,0.0,,,HPA-fast,storm,139
0.0,0.0,0.0,118.49583333333334,95.0,0.075,1.0,97,0.0,0,0.0,,,HPA-45,storm,100
0.0,0.0,0.0,119.46805555555555,93.0,0.075,1.0,115,0.0,0,0.0,,,HPA-45,storm,101
0.0,0.0,0.0,131.62083333333334,120.0,0.075,1.0,129,0.0,0,0.0,,,HPA-45,storm,102
0.0,0.0,0.0,125.21527777777777,104.0,0.075,1.0,133,0.0,0,0.0,,,HPA-45,storm,103
0.0,0.011603882954236422,0.0,125.19027777777778,120.0,0.075,0.9543390139712211,139,0.0,0,0.0,,,HPA-45,storm,104
0.0,0.0,0.0,123.98333333333333,114.0,0.075,1.0,128,0.0,0,0.0,,,HPA-45,storm,105
0.0,0.0,0.0,112.04583333333333,82.0,0.075,1.0,95,0.0,0,0.0,,,HPA-45,storm,106
25.0,0.13914493561505425,0.0,117.58888888888889,101.0,0.075,0.2146377113570272,135,6.25,0,0.0,,,HPA-45,storm,107
0.0,0.01615907056453647,0.0,128.09166666666667,120.0,0.075,0.9538072361383886,131,0.0,0,0.0,,,HPA-45,storm,108
0.0,0.0,0.0,128.88194444444446,120.0,0.075,1.0,133,0.0,0,0.0,,,HPA-45,storm,109
0.0,0.0,0.0,120.46666666666667,92.0,0.075,1.0,84,0.0,0,0.0,,,HPA-45,storm,110
70.0,2.2548158746750646,0.0,127.59305555555555,120.0,0.075,0.0005646919649795278,154,35.0,0,0.0,,,HPA-45,storm,111
60.0,1.6258288756340833,0.0,135.0361111111111,120.0,0.075,0.009595683750860104,131,30.0,0,0.0,,,HPA-45,storm,112
0.0,0.0,0.0,118.56805555555556,97.0,0.075,1.0,117,0.0,0,0.0,,,HPA-45,storm,113
0.0,0.0,0.0,118.55,90.0,0.075,1.0,127,0.0,0,0.0,,,HPA-45,storm,114
0.0,0.0,0.0,126.5111111111111,120.0,0.075,1.0,132,0.0,0,0.0,,,HPA-45,storm,115
40.0,1.7786875185801243,0.0,131.1652777777778,120.0,0.07500000000000004,0.0011137610039446955,150,20.0,0,0.0,,,HPA-45,storm,116
0.0,0.0,0.0,121.8638888888889,115.0,0.075,1.0,134,0.0,0,0.0,,,HPA-45,storm,117
0.0,0.0,0.0,128.04444444444445,106.0,0.075,1.0,106,0.0,0,0.0,,,HPA-45,storm,118
15.0,0.06372984287100758,0.0,115.96944444444445,99.0,0.075,0.7714625523296171,103,7.5,0,0.0,,,HPA-45,storm,119
10.0,0.040793627342172734,0.0,126.11666666666666,119.0,0.075,0.9212459880983753,138,5.0,0,0.0,,,HPA-45,storm,120
0.0,0.0,0.0,122.06666666666666,103.0,0.075,1.0,136,0.0,0,0.0,,,HPA-45,storm,121
10.0,0.05174921653842146,0.0,128.44444444444446,120.0,0.075,0.9087054227577713,164,7.5,0,0.0,,,HPA-45,storm,122
0.0,0.0,0.0,121.1125,90.0,0.075,1.0,122,0.0,0,0.0,,,HPA-45,storm,123
0.0,0.00229563722460302,0.0,121.95972222222223,107.0,0.075,0.9905215917176053,118,0.0,0,0.0,,,HPA-45,storm,124
0.0,0.0,0.0,117.7611111111111,99.0,0.075,1.0,105,0.0,0,0.0,,,HPA-45,storm,125
55.0,2.0095242657723444,0.0,128.29722222222222,120.0,0.075,0.000853529034893249,141,27.5,0,0.0,,,HPA-45,storm,126
25.0,0.6764817412578727,0.0,127.5111111111111,120.0,0.075,0.09840599665373297,126,12.5,0,0.0,,,HPA-45,storm,127
0.0,0.0,0.0,130.7097222222222,120.0,0.075,1.0,159,0.0,0,0.0,,,HPA-45,storm,128
0.0,0.0013699995652260988,0.0,128.08333333333334,110.0,0.075,0.9921230664431732,145,0.0,0,0.0,,,HPA-45,storm,129
5.0,0.019567449313662166,0.0,128.71527777777777,106.0,0.075,0.9029186485040038,104,1.25,0,0.0,,,HPA-45,storm,130
0.0,0.0,0.0,118.43333333333334,80.0,0.075,1.0,115,0.0,0,0.0,,,HPA-45,storm,131
0.0,0.0,0.0,120.81805555555556,94.0,0.075,1.0,119,0.0,0,0.0,,,HPA-45,storm,132
0.0,0.0,0.0,122.58333333333333,96.0,0.075,1.0,137,0.0,0,0.0,,,HPA-45,storm,133
0.0,0.0,0.0,124.68472222222222,120.0,0.075,1.0,164,0.0,0,0.0,,,HPA-45,storm,134
0.0,0.0,0.0,126.82777777777778,99.0,0.075,1.0,117,0.0,0,0.0,,,HPA-45,storm,135
5.0,0.006764096385047935,0.0,121.93055555555556,101.0,0.075,0.9402305984063877,118,1.25,0,0.0,,,HPA-45,storm,136
0.0,0.0,0.0,117.91111111111111,97.0,0.075,1.0,106,0.0,0,0.0,,,HPA-45,storm,137
5.0,0.09636546570210847,0.0,128.05,120.0,0.075,0.7607177487735869,135,2.5,0,0.0,,,HPA-45,storm,138
70.0,1.8861955699825517,0.0,126.4625,120.0,0.075,0.011702513121968267,140,35.0,0,0.0,,,HPA-45,storm,139
0.0,0.0,0.0,146.79583333333332,112.0,0.075,1.0,109,0.0,0,0.0,,,PredHPA,storm,100
0.0,0.0,0.0,148.5222222222222,110.0,0.075,1.0,152,0.0,0,0.0,,,PredHPA,storm,101
0.0,0.0,0.0,145.99305555555554,120.0,0.075,1.0,124,0.0,0,0.0,,,PredHPA,storm,102
0.0,0.0,0.0,142.11527777777778,119.0,0.075,1.0,111,0.0,0,0.0,,,PredHPA,storm,103
0.0,0.0,0.0,148.57777777777778,120.0,0.075,1.0,139,0.0,0,0.0,,,PredHPA,storm,104
0.0,0.0,0.0,138.88194444444446,120.0,0.075,1.0,124,0.0,0,0.0,,,PredHPA,storm,105
0.0,0.0,0.0,146.29722222222222,109.0,0.075,1.0,116,0.0,0,0.0,,,PredHPA,storm,106
0.0,0.0,0.0,152.65277777777777,120.0,0.075,1.0,139,0.0,0,0.0,,,PredHPA,storm,107
0.0,0.0,0.0,147.3875,120.0,0.075,1.0,132,0.0,0,0.0,,,PredHPA,storm,108
0.0,0.0,0.0,141.36805555555554,120.0,0.075,1.0,130,0.0,0,0.0,,,PredHPA,storm,109
0.0,0.0,0.0,141.07222222222222,94.0,0.075,1.0,102,0.0,0,0.0,,,PredHPA,storm,110
0.0,0.0,0.0,143.35694444444445,120.0,0.075,1.0,119,0.0,0,0.0,,,PredHPA,storm,111
0.0,0.0,0.0,150.67361111111111,120.0,0.075,1.0,121,0.0,0,0.0,,,PredHPA,storm,112
0.0,0.0,0.0,145.20694444444445,113.0,0.075,1.0,134,0.0,0,0.0,,,PredHPA,storm,113
0.0,0.0,0.0,141.65694444444443,106.0,0.075,1.0,148,0.0,0,0.0,,,PredHPA,storm,114
0.0,0.0,0.0,140.125,120.0,0.075,1.0,134,0.0,0,0.0,,,PredHPA,storm,115
0.0,0.0,0.0,147.5013888888889,120.0,0.075,1.0,143,0.0,0,0.0,,,PredHPA,storm,116
0.0,0.0,0.0,132.0222222222222,103.0,0.075,1.0,122,0.0,0,0.0,,,PredHPA,storm,117
0.0,0.0,0.0,149.66944444444445,119.0,0.075,1.0,136,0.0,0,0.0,,,PredHPA,storm,118
0.0,0.0,0.0,148.7097222222222,117.0,0.075,1.0,116,0.0,0,0.0,,,PredHPA,storm,119
0.0,0.0,0.0,147.9375,120.0,0.075,1.0,155,0.0,0,0.0,,,PredHPA,storm,120
0.0,0.0,0.0,137.33333333333334,114.0,0.075,1.0,105,0.0,0,0.0,,,PredHPA,storm,121
0.0,0.0,0.0,149.7763888888889,120.0,0.075,1.0,146,0.0,0,0.0,,,PredHPA,storm,122
0.0,0.0,0.0,139.59166666666667,120.0,0.075,1.0,152,0.0,0,0.0,,,PredHPA,storm,123
0.0,0.0,0.0,149.32361111111112,120.0,0.075,1.0,140,0.0,0,0.0,,,PredHPA,storm,124
0.0,0.0,0.0,145.4111111111111,120.0,0.075,1.0,133,0.0,0,0.0,,,PredHPA,storm,125
0.0,0.0,0.0,145.4013888888889,120.0,0.075,1.0,146,0.0,0,0.0,,,PredHPA,storm,126
0.0,0.0,0.0,146.4111111111111,120.0,0.075,1.0,130,0.0,0,0.0,,,PredHPA,storm,127
0.0,0.0,0.0,148.81527777777777,120.0,0.075,1.0,162,0.0,0,0.0,,,PredHPA,storm,128
0.0,0.0,0.0,141.25694444444446,116.0,0.075,1.0,150,0.0,0,0.0,,,PredHPA,storm,129
0.0,0.0,0.0,148.14444444444445,116.0,0.075,1.0,132,0.0,0,0.0,,,PredHPA,storm,130
0.0,0.0,0.0,152.85416666666666,120.0,0.075,1.0,131,0.0,0,0.0,,,PredHPA,storm,131
0.0,0.0,0.0,144.7236111111111,107.0,0.075,1.0,142,0.0,0,0.0,,,PredHPA,storm,132
0.0,0.0,0.0,140.00416666666666,115.0,0.075,1.0,128,0.0,0,0.0,,,PredHPA,storm,133
0.0,0.0,0.0,144.62916666666666,120.0,0.075,1.0,155,0.0,0,0.0,,,PredHPA,storm,134
0.0,0.0,0.0,140.19861111111112,120.0,0.075,1.0,105,0.0,0,0.0,,,PredHPA,storm,135
0.0,0.0,0.0,150.3138888888889,111.0,0.075,1.0,139,0.0,0,0.0,,,PredHPA,storm,136
0.0,0.0,0.0,153.48472222222222,117.0,0.075,1.0,138,0.0,0,0.0,,,PredHPA,storm,137
0.0,0.0,0.0,147.24027777777778,120.0,0.075,1.0,149,0.0,0,0.0,,,PredHPA,storm,138
0.0,0.0011884105844406356,0.0,144.5222222222222,120.0,0.075,0.9947321529881242,130,0.0,0,0.0,,,PredHPA,storm,139
150.0,1.2295984748416866,0.9724369974747452,86.95555555555555,57.0,0.075,0.330802982561768,71,10.0,0,0.0,,,HPA+RL,storm,100
105.0,0.5906206314709839,0.4618853423391138,94.36805555555556,88.0,0.075,0.2669477364440293,99,15.0,0,0.0,,,HPA+RL,storm,101
410.0,5.610085533934317,2.218915717871745,106.82916666666667,90.0,0.075,0.00011390353541030546,123,95.0,0,0.0,,,HPA+RL,storm,102
210.0,1.3763102436628927,1.3583330213738993,89.1,64.0,0.075,0.5626894559335811,84,7.5,0,0.0,,,HPA+RL,storm,103
175.0,2.253322378404532,1.8042916266785554,89.06805555555556,60.0,0.075,0.20571470218476848,87,15.0,0,0.0,,,HPA+RL,storm,104
150.0,1.1453135514455814,1.138183155234962,90.59861111111111,66.0,0.075,0.6572917863649124,95,43.75,0,0.0,,,HPA+RL,storm,105
135.0,0.7240414787207161,0.7151995394791053,84.45555555555555,54.0,0.075,0.6673642736715562,68,5.0,0,0.0,,,HPA+RL,storm,106
150.0,1.4685540083958393,0.5670223008511005,88.07083333333334,60.0,0.075,0.05035093268413031,104,23.75,0,0.0,,,HPA+RL,storm,107
390.0,5.685697466478112,2.378798854802655,108.19722222222222,120.0,0.075,0.00028013377695814816,134,86.25,0,0.0,,,HPA+RL,storm,108
395.0,4.0301678439443105,2.6284208695705003,98.00972222222222,92.0,0.075,0.00013186104339474257,108,58.75,0,0.0,,,HPA+RL,storm,109
295.0,3.2120963109534606,0.24689064594749904,99.47361111111111,84.0,0.075,0.0,73,58.75,0,0.0,,,HPA+RL,storm,110
215.0,3.7897285602010333,1.3320829829576448,106.73055555555555,120.0,0.07500000000000005,0.00010870156566475216,136,48.75,0,0.0,,,HPA+RL,storm,111
245.0,4.650485898686652,1.9291010512286881,108.51666666666667,120.0,0.075,0.0005616465661836641,108,48.75,0,0.0,,,HPA+RL,storm,112
190.0,1.5780838239414563,0.4749019728010056,96.13472222222222,80.0,0.075,0.0001318610433947428,114,30.0,0,0.0,,,HPA+RL,storm,113
235.0,1.3235569645283052,1.2462355710430586,91.34166666666667,63.0,0.075,0.45854819770404304,101,5.0,0,0.0,,,HPA+RL,storm,114
330.0,2.773503848810621,2.7478267579795106,88.3125,73.0,0.075,0.5407638835943973,87,28.75,0,0.0,,,HPA+RL,storm,115
135.0,3.2252923373631504,1.0148728051644287,113.39861111111111,113.0,0.075,0.00028610104463588454,132,30.0,0,0.0,,,HPA+RL,storm,116
140.0,0.9205054447364192,0.9205054447364501,89.9375,59.0,0.075,0.6478793324858398,93,3.75,0,0.0,,,HPA+RL,storm,117
180.0,1.656230319881613,1.5581525777607428,97.3625,76.0,0.075,0.5185607618130291,83,8.75,0,0.0,,,HPA+RL,storm,118
165.0,2.012600246001306,0.6459896330674738,102.80555555555556,107.0,0.07500000000000007,0.013290468895676762,122,32.5,0,0.0,,,HPA+RL,storm,119
265.0,2.3872838932508245,2.3659729951742983,91.33055555555555,67.0,0.075,0.5372132975299008,92,16.25,0,0.0,,,HPA+RL,storm,120
255.0,2.0260937167944304,1.2147050222329334,91.5375,61.0,0.075,0.011945492579491467,93,32.5,0,0.0,,,HPA+RL,storm,121
135.0,1.7719556317934093,1.5896227197391657,94.71805555555555,71.0,0.07500000000000005,0.4269069201226545,109,45.0,0,0.0,,,HPA+RL,storm,122
125.0,0.7455294096301635,0.7452679236404267,90.65416666666667,64.0,0.075,0.6687111138756009,87,12.5,0,0.0,,,HPA+RL,storm,123
175.0,2.154729414643697,1.955324832295065,94.0625,85.0,0.075,0.4142361884036314,91,13.75,0,0.0,,,HPA+RL,storm,124
195.0,1.7999148444764024,0.5019439901371404,98.08888888888889,82.0,0.075,0.0,121,32.5,0,0.0,,,HPA+RL,storm,125
385.0,6.9815145439911515,2.864633379504351,111.66111111111111,120.0,0.075,0.0001318610433947428,130,98.75,0,0.0,,,HPA+RL,storm,126
315.0,4.153147667366374,1.8946949557199824,105.59027777777777,120.0,0.075,0.00019441420492530317,129,47.5,0,0.0,,,HPA+RL,storm,127
205.0,2.588249016685873,1.862780947315559,93.15,67.0,0.075,0.05012339077301267,90,18.75,0,0.0,,,HPA+RL,storm,128
220.0,1.5246819833583225,1.1134248684911174,95.26805555555555,81.0,0.075,0.05241988461599725,97,25.0,0,0.0,,,HPA+RL,storm,129
195.0,1.6618706004084882,1.6274321071054318,97.89583333333333,70.0,0.075,0.5198508216517144,90,13.75,0,0.0,,,HPA+RL,storm,130
120.0,0.6618154981603008,0.6276651684546792,91.00138888888888,78.0,0.075,0.6946139069376955,98,18.75,0,0.0,,,HPA+RL,storm,131
285.0,1.6358406459530461,1.5225626625262818,91.98194444444445,67.0,0.075,0.5791312390611008,95,15.0,0,0.0,,,HPA+RL,storm,132
260.0,2.445733298818087,0.7499700469317057,98.54722222222222,77.0,0.075,0.01367178141544526,111,31.25,0,0.0,,,HPA+RL,storm,133
160.0,1.8511492496431026,1.8092034961020054,88.49444444444444,63.0,0.075,0.4391840129851985,101,10.0,0,0.0,,,HPA+RL,storm,134
795.0,10.839662081094026,1.1744345026478196,118.25555555555556,120.0,8.626428571428571,0.0,139,222.5,0,0.0,,,HPA+RL,storm,135
175.0,0.9616904022173967,0.6893169212396264,97.58888888888889,82.0,0.075,0.0167955209930438,100,23.75,0,0.0,,,HPA+RL,storm,136
100.0,0.6228172065024018,0.5507301069725491,90.70138888888889,87.0,0.075,0.6542432414337493,99,11.25,0,0.0,,,HPA+RL,storm,137
255.0,1.7037303367436807,1.5916672063805866,91.43333333333334,65.0,0.075,0.5217158003275612,90,23.75,0,0.0,,,HPA+RL,storm,138
325.0,4.372056980715467,1.927234940195245,103.2875,120.0,0.075,0.00019762595959395602,132,67.5,0,0.0,,,HPA+RL,storm,139
0.0,0.25290376178400686,0.2525507409190412,116.36944444444444,120.0,0.075,0.9699999999999999,882,0.0,10,0.0,5.0,,ARC,storm,100
15.0,0.31592604373822386,0.2750553883119281,108.52083333333333,110.0,0.075,0.8131298927393754,932,3.75,9,0.0,10.0,,ARC,storm,101
45.0,1.087853625122981,0.2426766588160299,113.89305555555555,120.0,0.075,0.0001318610433947428,905,22.5,10,0.0,10.0,,ARC,storm,102
40.0,0.7791202073371584,0.2679889839427705,110.41666666666667,120.0,0.075,0.0005455765037926473,909,21.25,10,0.0,10.0,,ARC,storm,103
15.0,0.5879501181052849,0.2743091848803994,110.7,120.0,0.07500000000000007,0.01105374469912112,897,3.75,10,0.0,10.0,,ARC,storm,104
0.0,0.27324457924959855,0.27170900974326573,104.30694444444444,120.0,0.075,0.9699999999999999,847,0.0,10,0.0,10.0,,ARC,storm,105
15.0,0.344886242008402,0.24767806638227893,104.62083333333334,107.0,0.075,0.6439398708692008,836,1.25,10,0.0,5.0,,ARC,storm,106
10.0,0.3086494875731316,0.2499167810833257,111.18888888888888,120.0,0.075,0.8791204967674259,1049,0.0,10,0.0,10.0,,ARC,storm,107
25.0,0.582408553974878,0.24670158383859747,108.92083333333333,120.0,0.075,0.09524319978205248,919,13.75,11,0.0,5.0,,ARC,storm,108
0.0,0.28039612958293825,0.27822325384324953,109.05,120.0,0.075,0.9699999999999999,842,0.0,9,0.0,10.0,,ARC,storm,109
40.0,0.5148307639884386,0.2790728240412268,117.49722222222222,114.0,0.075,0.4830064303073201,960,6.25,10,10.0,5.0,,ARC,storm,110
0.0,0.2804360403706574,0.2782340347545355,104.40972222222223,120.0,0.075,0.9699999999999999,857,0.0,10,0.0,5.0,,ARC,storm,111
35.0,0.5527289484300146,0.243549501176651,108.91666666666667,120.0,0.075,0.024659102296013997,848,12.5,9,0.0,10.0,,ARC,storm,112
30.0,0.5227290511065297,0.2936715352000557,116.54027777777777,119.0,0.075,0.023902766823905287,988,15.0,10,25.0,10.0,,ARC,storm,113
0.0,0.24892612636877587,0.2489261263687736,119.50833333333334,120.0,0.075,0.9699999999999999,951,0.0,9,0.0,5.0,,ARC,storm,114
0.0,0.2826417619162025,0.28264176191618856,107.99722222222222,120.0,0.075,0.9699999999999999,849,0.0,9,0.0,5.0,,ARC,storm,115
10.0,0.31134741414157174,0.26859028144280583,116.11527777777778,120.0,0.075,0.8433128589222336,982,5.0,10,0.0,10.0,,ARC,storm,116
0.0,0.2773567702720303,0.27735677027205174,104.88472222222222,120.0,0.075,0.9699999999999999,754,0.0,10,0.0,10.0,,ARC,storm,117
0.0,0.24104473848016728,0.2410447384801711,116.98472222222222,120.0,0.075,0.9699999999999999,883,0.0,9,0.0,10.0,,ARC,storm,118
10.0,0.3272311045904308,0.2890977281704428,108.825,114.0,0.075,0.8930230132631879,948,0.0,11,0.0,5.0,,ARC,storm,119
0.0,0.2310949982243793,0.23109499822439103,108.92222222222222,120.0,0.075,0.9699999999999999,959,0.0,10,0.0,5.0,,ARC,storm,120
25.0,0.568930031845738,0.268401872264758,107.75,120.0,0.07500000000000007,0.00319740851637741,873,8.75,10,25.0,15.0,,ARC,storm,121
15.0,0.5714638601020727,0.26864533092711607,115.38472222222222,120.0,0.075,0.05257602483817188,941,3.75,10,0.0,10.0,,ARC,storm,122
0.0,0.2632281368244893,0.26322813682448487,98.35555555555555,120.0,0.075,0.9699999999999999,739,0.0,10,0.0,10.0,,ARC,storm,123
25.0,0.43528080457347906,0.23736747721958096,117.44444444444444,120.0,0.075,0.06626818412159734,828,1.25,9,0.0,10.0,,ARC,storm,124
20.0,0.41932374398380157,0.29818416314637297,114.8625,111.0,0.075,0.31249554819655245,1063,0.0,10,0.0,5.0,,ARC,storm,125
25.0,0.5019050799198843,0.20395123906765283,106.92222222222222,120.0,0.075,0.02732482457967538,848,6.25,10,0.0,5.0,,ARC,storm,126
0.0,0.2659976585099755,0.2659976585099875,120.39722222222223,120.0,0.075,0.9699999999999999,980,0.0,9,0.0,10.0,,ARC,storm,127
30.0,0.5829286527167521,0.26969977316244664,118.64722222222223,120.0,0.075,0.08198843606152503,942,7.5,10,0.0,15.0,,ARC,storm,128
0.0,0.2933747311339663,0.29337473113396684,112.39722222222223,120.0,0.075,0.9699999999999999,844,0.0,10,0.0,10.0,,ARC,storm,129
5.0,0.2533501963393858,0.24096225615047026,114.99861111111112,120.0,0.075,0.8973980784705908,850,2.5,9,0.0,10.0,,ARC,storm,130
35.0,0.8686607104242183,0.25167388841722826,113.18333333333334,120.0,0.075,0.00027574760292419263,968,17.5,9,0.0,10.0,,ARC,storm,131
5.0,0.2600852650202268,0.25013940881009683,109.475,120.0,0.075,0.9026316607903416,959,1.25,10,0.0,5.0,,ARC,storm,132
0.0,0.2834813499666744,0.2834813499666491,107.06527777777778,120.0,0.075,0.9699999999999999,932,0.0,10,0.0,5.0,,ARC,storm,133
20.0,0.5968758982230482,0.2689485485915106,111.59722222222223,120.0,0.07500000000000007,0.014343727635655494,917,5.0,10,0.0,15.0,,ARC,storm,134
10.0,0.30966161605716636,0.2708345148345794,103.95555555555555,120.0,0.075,0.7426924969898001,822,5.0,10,0.0,10.0,,ARC,storm,135
15.0,0.30810770226524786,0.27172623634974763,116.20694444444445,117.0,0.075,0.8181008321900417,920,1.25,10,0.0,5.0,,ARC,storm,136
30.0,0.4193617460279242,0.2819949279171874,110.24027777777778,110.0,0.075,0.5362995510239019,973,5.0,10,0.0,5.0,,ARC,storm,137
0.0,0.24914080462469235,0.249140804624691,109.52777777777777,120.0,0.075,0.9699999999999999,946,0.0,10,0.0,10.0,,ARC,storm,138
0.0,0.2701167824787132,0.2689283718942599,108.88194444444444,120.0,0.075,0.9699999999999999,919,0.0,9,0.0,5.0,,ARC,storm,139
