slo_viol_s,loss_pct,shed_pct,replica_hours,peak_pods,p95_lat_s,min_avail,scale_actions,mttr_s,n_chaos,chaos_harm_s,attack_det_delay_s,poison_f1,controller,scenario,seed
750.0,12.532589874372723,0.0,315.7236111111111,301.0,12.129971864751502,6.726645795673317e-11,375,0.0,0,0.0,,,HPA,baseline,200
6600.0,99.99999947022924,0.0,551.8333333333334,301.0,12.129971864751502,8.38122388369602e-12,217,0.0,0,0.0,,,HPA,baseline,201
100.0,1.226058058250823,0.0,282.8847222222222,301.0,0.12997186475150113,0.02943623026708881,350,0.0,0,0.0,,,HPA,baseline,202
3925.0,60.373534221393754,0.0,420.84027777777777,301.0,12.129971864751502,1.0632849218572637e-12,305,0.0,0,0.0,,,HPA,baseline,203
2325.0,30.920516421119427,0.0,417.7027777777778,301.0,12.123151669107152,4.1542805936835536e-11,363,0.0,0,0.0,,,HPA,baseline,204
6600.0,99.99999960041893,0.0,551.8333333333334,301.0,12.129971864751502,3.0776772173812774e-11,256,0.0,0,0.0,,,HPA,baseline,205
0.0,0.0,0.0,244.85833333333332,169.0,0.12997186475150113,1.0,217,0.0,0,0.0,,,HPA,baseline,206
6600.0,99.99999997614735,0.0,551.8333333333334,301.0,18.1299718647515,4.0681304619573446e-15,190,0.0,0,0.0,,,HPA,baseline,207
90.0,1.1615007030796098,0.0,289.65277777777777,301.0,0.12997186475150113,0.028438142754993234,378,0.0,0,0.0,,,HPA,baseline,208
3915.0,60.389258608428854,0.0,419.2055555555556,301.0,12.123151669107152,2.8375424400575305e-13,312,0.0,0,0.0,,,HPA,baseline,209
2325.0,30.974567062358226,0.0,414.59583333333336,301.0,12.129971864751502,2.131311896246942e-11,394,0.0,0,0.0,,,HPA,baseline,210
6600.0,99.99999938571189,0.0,551.8333333333334,301.0,12.129971864751502,2.1058039157893387e-11,245,0.0,0,0.0,,,HPA,baseline,211
0.0,0.0,0.0,245.80138888888888,168.0,0.12997186475150113,1.0,176,0.0,0,0.0,,,HPA,baseline,212
6600.0,99.99999984681432,0.0,551.8333333333334,301.0,15.111626188937812,7.760568747823365e-13,233,0.0,0,0.0,,,HPA,baseline,213
5.0,0.023510028980255893,0.0,240.72222222222223,156.0,0.12997186475150113,0.8728177408959935,189,0.0,0,0.0,,,HPA,baseline,214
1090.0,17.138541588793068,0.0,340.84722222222223,301.0,12.129971864751502,1.7702379770153158e-13,599,0.0,0,0.0,,,HPA,baseline,215
2325.0,30.94864316756123,0.0,415.4138888888889,301.0,12.129971864751502,7.316850229099916e-11,403,0.0,0,0.0,,,HPA,baseline,216
6600.0,99.9999996076604,0.0,551.8333333333334,301.0,12.129971864751502,1.5791102779394677e-11,229,0.0,0,0.0,,,HPA,baseline,217
0.0,0.0,0.0,242.60694444444445,171.0,0.12997186475150113,1.0,190,0.0,0,0.0,,,HPA,baseline,218
6600.0,99.99999995713142,0.0,551.8333333333334,301.0,18.1299718647515,3.4897782007520176e-15,206,0.0,0,0.0,,,HPA,baseline,219
5.0,0.039539773041674664,0.0,239.25416666666666,158.0,0.12997186475150113,0.7938582765329915,173,0.0,0,0.0,,,HPA,baseline,220
2710.0,40.248702161352035,0.0,420.84027777777777,301.0,12.129971864751502,2.4238153211107533e-12,408,0.0,0,0.0,,,HPA,baseline,221
2325.0,30.958839527030268,0.0,416.00138888888887,301.0,12.129971864751502,2.4657832302068272e-11,386,0.0,0,0.0,,,HPA,baseline,222
6600.0,99.99999963676865,0.0,551.8333333333334,301.0,12.129971864751502,1.941932670775756e-11,246,0.0,0,0.0,,,HPA,baseline,223
0.0,0.0,0.0,243.76388888888889,163.0,0.12997186475150113,1.0,179,0.0,0,0.0,,,HPA,baseline,224
6600.0,99.99999947566513,0.0,551.8333333333334,301.0,15.111626188937812,1.1594366566882182e-13,251,0.0,0,0.0,,,HPA,baseline,225
95.0,1.100793561204294,0.0,259.05555555555554,187.0,0.12997186475150113,1.1951924991259331e-05,245,0.0,0,0.0,,,HPA,baseline,226
3915.0,60.434954350688905,0.0,421.975,301.0,12.123151669107152,2.4206462437384354e-13,315,0.0,0,0.0,,,HPA,baseline,227
2330.0,31.040169224127034,0.0,416.4277777777778,301.0,12.129971864751502,4.9951798335378e-11,393,0.0,0,0.0,,,HPA,baseline,228
6600.0,99.99999973292385,0.0,551.8333333333334,301.0,12.129971864751502,2.1596297783453654e-11,268,0.0,0,0.0,,,HPA,baseline,229
0.0,0.0,0.0,319.6069444444444,226.0,0.12997186475150113,1.0,224,0.0,0,0.0,,,HPA-45,baseline,200
0.0,0.0,0.0,324.1,205.0,0.12997186475150113,1.0,157,0.0,0,0.0,,,HPA-45,baseline,201
0.0,0.0,0.0,308.3986111111111,199.0,0.12997186475150113,1.0,202,0.0,0,0.0,,,HPA-45,baseline,202
2670.0,39.340523179990264,0.0,457.47083333333336,301.0,12.129971864751502,7.935193007943553e-11,399,0.0,0,0.0,,,HPA-45,baseline,203
2325.0,30.920516571576528,0.0,461.6902777777778,301.0,12.129971864751502,5.846950451043889e-11,332,0.0,0,0.0,,,HPA-45,baseline,204
0.0,0.0,0.0,319.2,197.0,0.12997186475150113,1.0,177,0.0,0,0.0,,,HPA-45,baseline,205
0.0,0.0,0.0,317.56111111111113,216.0,0.12997186475150113,1.0,217,0.0,0,0.0,,,HPA-45,baseline,206
6600.0,99.99999999606047,0.0,551.8333333333334,301.0,15.129971864751502,2.3563302965219635e-14,151,0.0,0,0.0,,,HPA-45,baseline,207
0.0,0.0,0.0,307.5486111111111,204.0,0.12997186475150113,1.0,201,0.0,0,0.0,,,HPA-45,baseline,208
0.0,0.0,0.0,343.4277777777778,250.0,0.12997186475150113,1.0,308,0.0,0,0.0,,,HPA-45,baseline,209
2325.0,30.972644314860997,0.0,457.0180555555556,301.0,12.129971864751502,9.14593933406487e-12,332,0.0,0,0.0,,,HPA-45,baseline,210
6600.0,99.99999913386648,0.0,551.8333333333334,301.0,12.129971864751502,6.961769120565654e-11,239,0.0,0,0.0,,,HPA-45,baseline,211
0.0,0.0,0.0,322.70416666666665,227.0,0.12997186475150113,1.0,214,0.0,0,0.0,,,HPA-45,baseline,212
0.0,0.0,0.0,325.35277777777776,205.0,0.12997186475150113,1.0,154,0.0,0,0.0,,,HPA-45,baseline,213
0.0,0.0,0.0,317.39722222222224,211.0,0.12997186475150113,1.0,230,0.0,0,0.0,,,HPA-45,baseline,214
0.0,0.0,0.0,345.28333333333336,255.0,0.12997186475150113,1.0,315,0.0,0,0.0,,,HPA-45,baseline,215
2325.0,30.94658383241038,0.0,458.22083333333336,301.0,12.129971864751502,7.574954010194656e-11,334,0.0,0,0.0,,,HPA-45,baseline,216
0.0,0.0,0.0,323.1166666666667,207.0,0.12997186475150113,1.0,179,0.0,0,0.0,,,HPA-45,baseline,217
0.0,0.0,0.0,319.4138888888889,223.0,0.12997186475150113,1.0,215,0.0,0,0.0,,,HPA-45,baseline,218
0.0,0.0,0.0,325.66527777777776,210.0,0.12997186475150113,1.0,176,0.0,0,0.0,,,HPA-45,baseline,219
0.0,0.0,0.0,314.5736111111111,204.0,0.12997186475150113,1.0,209,0.0,0,0.0,,,HPA-45,baseline,220
2670.0,39.244804846032046,0.0,458.6625,301.0,12.123151669107152,3.3926869459285657e-12,393,0.0,0,0.0,,,HPA-45,baseline,221
0.0,0.0,0.0,337.3277777777778,221.0,0.12997186475150113,1.0,230,0.0,0,0.0,,,HPA-45,baseline,222
6600.0,99.99999967648814,0.0,551.8333333333334,301.0,12.129971864751502,1.0325443158028993e-11,222,0.0,0,0.0,,,HPA-45,baseline,223
0.0,0.0,0.0,321.56805555555553,217.0,0.12997186475150113,1.0,211,0.0,0,0.0,,,HPA-45,baseline,224
0.0,0.0,0.0,324.21527777777777,201.0,0.12997186475150113,1.0,152,0.0,0,0.0,,,HPA-45,baseline,225
5.0,0.011955737294722102,0.0,314.0361111111111,203.0,0.12997186475150113,0.9386277962970108,213,0.0,0,0.0,,,HPA-45,baseline,226
0.0,0.0,0.0,348.925,257.0,0.12997186475150113,1.0,320,0.0,0,0.0,,,HPA-45,baseline,227
0.0,0.0,0.0,329.175,220.0,0.12997186475150113,1.0,223,0.0,0,0.0,,,HPA-45,baseline,228
6600.0,99.9999996542891,0.0,551.8333333333334,301.0,12.129971864751502,4.215996947041526e-11,243,0.0,0,0.0,,,HPA-45,baseline,229
0.0,0.0,0.0,379.40833333333336,301.0,0.12997186475150113,1.0,319,0.0,0,0.0,,,PredHPA,baseline,200
0.0,0.0,0.0,438.71527777777777,301.0,0.12997186475150113,1.0,242,0.0,0,0.0,,,PredHPA,baseline,201
10.0,0.023805780466479298,0.0,445.93611111111113,301.0,0.12997186475150113,0.17733308935737652,444,0.0,0,0.0,,,PredHPA,baseline,202
0.0,0.0,0.0,448.4222222222222,301.0,0.12997186475150113,1.0,464,0.0,0,0.0,,,PredHPA,baseline,203
2325.0,30.92051628364275,0.0,526.3027777777778,301.0,12.129971864751502,9.76312980844544e-11,349,0.0,0,0.0,,,PredHPA,baseline,204
6600.0,99.99999835798855,0.0,551.8333333333334,301.0,12.129971864751502,8.853235341262263e-11,186,0.0,0,0.0,,,PredHPA,baseline,205
0.0,0.0,0.0,374.43888888888887,301.0,0.12997186475150113,1.0,310,0.0,0,0.0,,,PredHPA,baseline,206
0.0,0.0,0.0,437.33472222222224,301.0,0.12997186475150113,1.0,232,0.0,0,0.0,,,PredHPA,baseline,207
10.0,0.02684315878199728,0.0,449.2,301.0,0.12997186475150113,0.0059180694707329905,448,0.0,0,0.0,,,PredHPA,baseline,208
0.0,0.0,0.0,449.1777777777778,301.0,0.12997186475150113,1.0,470,0.0,0,0.0,,,PredHPA,baseline,209
2325.0,30.97264440063284,0.0,525.5013888888889,301.0,12.129971864751502,6.977347947847365e-11,335,0.0,0,0.0,,,PredHPA,baseline,210
6600.0,99.99999916929714,0.0,551.8333333333334,301.0,12.123151669107152,6.516823372626743e-11,179,0.0,0,0.0,,,PredHPA,baseline,211
0.0,0.0,0.0,376.18194444444447,301.0,0.12997186475150113,1.0,300,0.0,0,0.0,,,PredHPA,baseline,212
6600.0,99.9999999788732,0.0,551.8333333333334,301.0,18.1299718647515,1.6403459548221745e-14,226,0.0,0,0.0,,,PredHPA,baseline,213
0.0,0.0,0.0,450.05694444444447,301.0,0.12997186475150113,1.0,396,0.0,0,0.0,,,PredHPA,baseline,214
0.0,0.0,0.0,450.8652777777778,301.0,0.12997186475150113,1.0,461,0.0,0,0.0,,,PredHPA,baseline,215
2325.0,30.946583247942748,0.0,528.7569444444445,301.0,11.951314376953086,1.768934797770575e-10,368,0.0,0,0.0,,,PredHPA,baseline,216
6600.0,99.99999863268685,0.0,551.8333333333334,301.0,12.129971864751502,8.222093580684618e-11,175,0.0,0,0.0,,,PredHPA,baseline,217
0.0,0.0,0.0,382.8277777777778,301.0,0.12997186475150113,1.0,309,0.0,0,0.0,,,PredHPA,baseline,218
0.0,0.0,0.0,437.0375,301.0,0.12997186475150113,1.0,248,0.0,0,0.0,,,PredHPA,baseline,219
0.0,0.0,0.0,447.18194444444447,301.0,0.12997186475150113,1.0,390,0.0,0,0.0,,,PredHPA,baseline,220
2670.0,39.23964622301003,0.0,508.20972222222224,301.0,12.129971864751502,1.0804410208152315e-10,391,0.0,0,0.0,,,PredHPA,baseline,221
2325.0,30.958839210084154,0.0,529.3236111111111,301.0,12.129971864751502,9.560763243910562e-11,365,0.0,0,0.0,,,PredHPA,baseline,222
6600.0,99.9999983681423,0.0,551.8333333333334,301.0,12.129971864751502,4.942829694406006e-11,178,0.0,0,0.0,,,PredHPA,baseline,223
0.0,0.0,0.0,376.10555555555555,301.0,0.12997186475150113,1.0,312,0.0,0,0.0,,,PredHPA,baseline,224
0.0,0.0,0.0,446.3930555555556,301.0,0.12997186475150113,1.0,271,0.0,0,0.0,,,PredHPA,baseline,225
0.0,0.0,0.0,445.90416666666664,301.0,0.12997186475150113,1.0,402,0.0,0,0.0,,,PredHPA,baseline,226
0.0,0.0,0.0,446.1138888888889,301.0,0.12997186475150113,1.0,460,0.0,0,0.0,,,PredHPA,baseline,227
2325.0,31.031554029705266,0.0,528.0986111111112,301.0,12.129971864751502,9.876471942504127e-11,343,0.0,0,0.0,,,PredHPA,baseline,228
6600.0,99.99999916359272,0.0,551.8333333333334,301.0,12.123151669107152,7.131910599571796e-11,175,0.0,0,0.0,,,PredHPA,baseline,229
0.0,0.0,0.0,305.28194444444443,301.0,0.12997186475150113,1.0,2259,0.0,10,0.0,,,ARC,baseline,200
20.0,0.3262775705768495,0.0,372.96805555555557,301.0,0.12997186475150113,0.02496486938914883,3064,0.0,10,0.0,,,ARC,baseline,201
130.0,2.2532884139087717,0.0,383.54027777777776,301.0,0.12997186475150113,1.371847285272001e-10,3190,0.0,9,0.0,,,ARC,baseline,202
0.0,0.0,0.0,365.2291666666667,301.0,0.12997186475150113,1.0,3385,0.0,10,0.0,,,ARC,baseline,203
0.0,0.0,0.0,385.05833333333334,301.0,0.12997186475150113,1.0,3452,0.0,9,0.0,,,ARC,baseline,204
0.0,0.0,0.0,378.1097222222222,265.0,0.12997186475150113,1.0,3211,0.0,10,0.0,,,ARC,baseline,205
0.0,0.0,0.0,315.5208333333333,301.0,0.12997186475150113,1.0,2307,0.0,10,0.0,,,ARC,baseline,206
20.0,0.2816395591144327,0.0,374.1333333333333,301.0,0.12997186475150113,0.09511865548091404,3095,0.0,9,0.0,,,ARC,baseline,207
165.0,2.975299570782375,0.0,367.7361111111111,301.0,0.12997186475150113,9.565362818018457e-09,3084,0.0,9,0.0,,,ARC,baseline,208
0.0,0.0,0.0,367.44166666666666,301.0,0.12997186475150113,1.0,3326,0.0,10,0.0,,,ARC,baseline,209
5.0,0.009303248693215416,0.0,386.93194444444447,301.0,0.12997186475150113,0.934608906998566,3563,0.0,9,0.0,,,ARC,baseline,210
0.0,0.0,0.0,384.40833333333336,289.0,0.12997186475150113,1.0,3216,0.0,10,0.0,,,ARC,baseline,211
0.0,0.0,0.0,313.2597222222222,301.0,0.12997186475150113,1.0,2321,0.0,10,0.0,,,ARC,baseline,212
15.0,0.10104431518388468,0.0,388.96527777777777,301.0,0.12997186475150113,0.6463985425598846,3184,0.0,10,0.0,,,ARC,baseline,213
1765.0,31.5852801399681,0.0,423.74444444444447,301.0,11.044082189354812,1.791282719883512e-10,2663,0.0,7,0.0,,,ARC,baseline,214
0.0,0.0,0.0,368.09027777777777,301.0,0.12997186475150113,1.0,3391,0.0,10,0.0,,,ARC,baseline,215
0.0,0.0,0.0,393.77222222222224,301.0,0.12997186475150113,1.0,3497,0.0,10,0.0,,,ARC,baseline,216
0.0,0.0,0.0,391.1361111111111,301.0,0.12997186475150113,1.0,3352,0.0,10,0.0,,,ARC,baseline,217
0.0,0.0,0.0,312.21944444444443,301.0,0.12997186475150113,1.0,2382,0.0,10,0.0,,,ARC,baseline,218
15.0,0.1856074310179423,0.0,371.40833333333336,301.0,0.12997186475150113,0.3112056693339735,3047,0.0,9,0.0,,,ARC,baseline,219
175.0,3.0354467082933545,0.0,381.5513888888889,301.0,0.1299718647515012,4.321443697143984e-08,3226,0.0,10,0.0,,,ARC,baseline,220
0.0,0.0,0.0,365.74861111111113,301.0,0.12997186475150113,1.0,3324,0.0,10,0.0,,,ARC,baseline,221
0.0,0.0039666456826847885,0.0,393.18194444444447,301.0,0.12997186475150113,0.9724392531865511,3523,0.0,9,0.0,,,ARC,baseline,222
0.0,0.0,0.0,363.46527777777777,267.0,0.12997186475150113,1.0,3132,0.0,10,0.0,,,ARC,baseline,223
0.0,0.0,0.0,314.59722222222223,301.0,0.12997186475150113,1.0,2325,0.0,10,0.0,,,ARC,baseline,224
5.0,0.026387298739027898,0.0,379.1777777777778,301.0,0.12997186475150113,0.8823765535225673,3080,0.0,9,0.0,,,ARC,baseline,225
100.0,1.6609846235212888,0.0,360.575,301.0,0.12997186475150113,5.856050601289161e-09,3100,0.0,10,5.0,,,ARC,baseline,226
5.0,0.020733106889736508,0.0,356.14166666666665,301.0,0.12997186475150113,0.8635597744561421,3331,0.0,10,0.0,,,ARC,baseline,227
0.0,0.0,0.0,378.1763888888889,301.0,0.12997186475150113,1.0,3436,0.0,10,0.0,,,ARC,baseline,228
0.0,0.0,0.0,381.86944444444447,273.0,0.12997186475150113,1.0,3227,0.0,10,0.0,,,ARC,baseline,229
0.0,0.0,0.0,306.4402777777778,301.0,0.12997186475150113,1.0,2314,0.0,10,0.0,,,ARC-noGraph,baseline,200
25.0,0.20001761731767154,0.0,374.18333333333334,301.0,0.12997186475150113,0.29998342680853896,3095,0.0,10,0.0,,,ARC-noGraph,baseline,201
1765.0,31.447995335328294,0.0,418.43333333333334,301.0,11.506930427283637,8.143362133481164e-11,2701,0.0,7,0.0,,,ARC-noGraph,baseline,202
0.0,0.0,0.0,365.9888888888889,301.0,0.12997186475150113,1.0,3408,0.0,10,0.0,,,ARC-noGraph,baseline,203
0.0,0.0,0.0,384.4625,301.0,0.12997186475150113,1.0,3413,0.0,10,0.0,,,ARC-noGraph,baseline,204
0.0,0.0,0.0,379.2263888888889,275.0,0.12997186475150113,1.0,3271,0.0,10,0.0,,,ARC-noGraph,baseline,205
0.0,0.0,0.0,315.65694444444443,301.0,0.12997186475150113,1.0,2347,0.0,10,0.0,,,ARC-noGraph,baseline,206
20.0,0.2816395591144327,0.0,375.4166666666667,301.0,0.12997186475150113,0.09511865548091404,3193,0.0,9,0.0,,,ARC-noGraph,baseline,207
145.0,2.4801493099171124,0.0,372.55555555555554,301.0,0.12997186475150113,1.6645142532141607e-07,3333,0.0,9,0.0,,,ARC-noGraph,baseline,208
0.0,0.0,0.0,367.04027777777776,301.0,0.12997186475150113,1.0,3310,0.0,10,0.0,,,ARC-noGraph,baseline,209
0.0,0.002508231107301029,0.0,386.7888888888889,301.0,0.12997186475150113,0.9823700323387066,3549,0.0,9,0.0,,,ARC-noGraph,baseline,210
0.0,0.0,0.0,384.6069444444444,284.0,0.12997186475150113,1.0,3189,0.0,9,0.0,,,ARC-noGraph,baseline,211
0.0,0.0,0.0,312.29305555555555,301.0,0.12997186475150113,1.0,2301,0.0,10,0.0,,,ARC-noGraph,baseline,212
10.0,0.15630376078809016,0.0,392.38194444444446,301.0,0.12997186475150113,0.3030729386769508,3244,0.0,10,0.0,,,ARC-noGraph,baseline,213
65.0,0.972015839655993,0.0,393.2875,301.0,0.12997186475150113,0.03208344915609849,3253,0.0,9,0.0,,,ARC-noGraph,baseline,214
0.0,0.0,0.0,366.16527777777776,301.0,0.12997186475150113,1.0,3468,0.0,10,0.0,,,ARC-noGraph,baseline,215
0.0,0.0,0.0,392.97777777777776,301.0,0.12997186475150113,1.0,3547,0.0,10,0.0,,,ARC-noGraph,baseline,216
0.0,0.0,0.0,389.62916666666666,300.0,0.12997186475150113,1.0,3312,0.0,10,0.0,,,ARC-noGraph,baseline,217
0.0,0.0,0.0,312.2083333333333,301.0,0.12997186475150113,1.0,2348,0.0,10,0.0,,,ARC-noGraph,baseline,218
30.0,0.3386611911287196,0.0,371.38055555555553,301.0,0.12997186475150113,0.0035665467298145815,3075,0.0,9,0.0,,,ARC-noGraph,baseline,219
140.0,2.305559467608176,0.0,378.47222222222223,301.0,0.12997186475150113,9.15517993868474e-06,3214,0.0,9,0.0,,,ARC-noGraph,baseline,220
0.0,0.0,0.0,366.6388888888889,301.0,0.12997186475150113,1.0,3330,0.0,10,0.0,,,ARC-noGraph,baseline,221
0.0,0.0039666456826847885,0.0,393.7027777777778,301.0,0.12997186475150113,0.9724392531865511,3496,0.0,9,0.0,,,ARC-noGraph,baseline,222
0.0,0.0,0.0,365.5625,265.0,0.12997186475150113,1.0,3133,0.0,10,0.0,,,ARC-noGraph,baseline,223
0.0,0.0,0.0,313.8388888888889,301.0,0.12997186475150113,1.0,2304,0.0,10,0.0,,,ARC-noGraph,baseline,224
5.0,0.026387298739027898,0.0,378.3097222222222,301.0,0.12997186475150113,0.8823765535225673,3110,0.0,9,0.0,,,ARC-noGraph,baseline,225
1775.0,26.623748609960273,0.0,421.54027777777776,301.0,6.123151669107152,6.626765383056348e-10,2966,0.0,7,0.0,,,ARC-noGraph,baseline,226
5.0,0.020733106889736508,0.0,356.6847222222222,301.0,0.12997186475150113,0.8635597744561421,3349,0.0,10,0.0,,,ARC-noGraph,baseline,227
0.0,0.0,0.0,377.89722222222224,301.0,0.12997186475150113,1.0,3434,0.0,10,0.0,,,ARC-noGraph,baseline,228
0.0,0.0,0.0,381.25416666666666,271.0,0.12997186475150113,1.0,3288,0.0,10,0.0,,,ARC-noGraph,baseline,229
0.0,0.0,0.0,305.28194444444443,301.0,0.12997186475150113,1.0,2259,0.0,10,0.0,,,ARC-bf,baseline,200
20.0,0.3262775705768495,0.0,372.96805555555557,301.0,0.12997186475150113,0.02496486938914883,3064,0.0,10,0.0,,,ARC-bf,baseline,201
180.0,3.07009486209302,0.0,380.70972222222224,301.0,0.12997186475150113,2.2941469432319288e-10,3171,0.0,9,0.0,,,ARC-bf,baseline,202
0.0,0.0,0.0,365.2291666666667,301.0,0.12997186475150113,1.0,3384,0.0,10,0.0,,,ARC-bf,baseline,203
0.0,0.0,0.0,385.05833333333334,301.0,0.12997186475150113,1.0,3452,0.0,9,0.0,,,ARC-bf,baseline,204
0.0,0.0,0.0,378.53472222222223,265.0,0.12997186475150113,1.0,3162,0.0,9,0.0,,,ARC-bf,baseline,205
0.0,0.0,0.0,315.5208333333333,301.0,0.12997186475150113,1.0,2307,0.0,10,0.0,,,ARC-bf,baseline,206
20.0,0.2816395591144327,0.0,374.1333333333333,301.0,0.12997186475150113,0.09511865548091404,3095,0.0,9,0.0,,,ARC-bf,baseline,207
225.0,3.834429112693327,0.0,361.0736111111111,301.0,0.12997186475150116,4.2433131799270174e-08,2914,0.0,10,0.0,,,ARC-bf,baseline,208
0.0,0.0,0.0,367.44166666666666,301.0,0.12997186475150113,1.0,3326,0.0,10,0.0,,,ARC-bf,baseline,209
5.0,0.009303248693215416,0.0,386.9236111111111,301.0,0.12997186475150113,0.934608906998566,3563,0.0,9,0.0,,,ARC-bf,baseline,210
0.0,0.0,0.0,384.40833333333336,289.0,0.12997186475150113,1.0,3216,0.0,10,0.0,,,ARC-bf,baseline,211
0.0,0.0,0.0,313.2597222222222,301.0,0.12997186475150113,1.0,2321,0.0,10,0.0,,,ARC-bf,baseline,212
15.0,0.10104431518388468,0.0,388.96527777777777,301.0,0.12997186475150113,0.6463985425598846,3184,0.0,10,0.0,,,ARC-bf,baseline,213
1765.0,31.585284868694043,0.0,421.35833333333335,301.0,10.758608253374728,8.160838691859334e-10,2634,0.0,7,0.0,,,ARC-bf,baseline,214
0.0,0.0,0.0,367.6458333333333,301.0,0.12997186475150113,1.0,3378,0.0,10,0.0,,,ARC-bf,baseline,215
0.0,0.0,0.0,393.77222222222224,301.0,0.12997186475150113,1.0,3497,0.0,10,0.0,,,ARC-bf,baseline,216
0.0,0.0,0.0,391.1361111111111,301.0,0.12997186475150113,1.0,3352,0.0,10,0.0,,,ARC-bf,baseline,217
0.0,0.0,0.0,312.21944444444443,301.0,0.12997186475150113,1.0,2382,0.0,10,0.0,,,ARC-bf,baseline,218
15.0,0.1856074310179423,0.0,371.40833333333336,301.0,0.12997186475150113,0.3112056693339735,3047,0.0,9,0.0,,,ARC-bf,baseline,219
190.0,3.16509005615776,0.0,374.45416666666665,301.0,0.12997186475150116,4.321443697143984e-08,3115,0.0,10,0.0,,,ARC-bf,baseline,220
0.0,0.0,0.0,365.74861111111113,301.0,0.12997186475150113,1.0,3324,0.0,10,0.0,,,ARC-bf,baseline,221
0.0,0.0039666456826847885,0.0,394.0388888888889,301.0,0.12997186475150116,0.9724392531865511,3421,0.0,9,0.0,,,ARC-bf,baseline,222
0.0,0.0,0.0,363.46527777777777,267.0,0.12997186475150113,1.0,3132,0.0,10,0.0,,,ARC-bf,baseline,223
0.0,0.0,0.0,314.59722222222223,301.0,0.12997186475150113,1.0,2325,0.0,10,0.0,,,ARC-bf,baseline,224
5.0,0.026387298739027898,0.0,379.1777777777778,301.0,0.12997186475150113,0.8823765535225673,3080,0.0,9,0.0,,,ARC-bf,baseline,225
105.0,1.6739234616611753,0.0,357.02222222222224,301.0,0.12997186475150113,5.856050601289161e-09,3081,0.0,10,0.0,,,ARC-bf,baseline,226
5.0,0.020733106889736508,0.0,356.15972222222223,301.0,0.12997186475150113,0.8635597744561421,3325,0.0,10,0.0,,,ARC-bf,baseline,227
0.0,0.0,0.0,378.16805555555555,301.0,0.12997186475150113,1.0,3436,0.0,10,0.0,,,ARC-bf,baseline,228
0.0,0.0,0.0,381.86944444444447,273.0,0.12997186475150113,1.0,3227,0.0,10,0.0,,,ARC-bf,baseline,229
3590.0,69.83701977255639,0.0,484.15694444444443,301.0,15.129971864751502,4.690355835606985e-14,610,1165.0,0,0.0,,,HPA,flash,200
6600.0,99.99999963732434,0.0,551.8333333333334,301.0,17.296213313235466,2.1284581714443793e-15,235,1200.0,0,0.0,,,HPA,flash,201
2815.0,55.939695813459764,0.0,452.58472222222224,301.0,15.129971864751502,5.988014023779553e-16,614,1180.0,0,0.0,,,HPA,flash,202
4440.0,74.9295096990685,0.0,446.3861111111111,301.0,15.129971864751502,9.906362082559223e-15,363,1165.0,0,0.0,,,HPA,flash,203
6575.0,99.99999949017213,0.0,551.8333333333334,301.0,17.827162610620626,2.3558368040068776e-15,247,1200.0,0,0.0,,,HPA,flash,204
6600.0,99.99999968677082,0.0,551.8333333333334,301.0,15.129971864751502,5.389833842821423e-13,279,1200.0,0,0.0,,,HPA,flash,205
2400.0,56.301059238382,0.0,396.2916666666667,301.0,15.129971864751502,1.139086615124939e-15,395,1170.0,0,0.0,,,HPA,flash,206
6600.0,99.99999998773221,0.0,551.8333333333334,301.0,18.1299718647515,2.2747543021513473e-15,188,1200.0,0,0.0,,,HPA,flash,207
2770.0,55.20270476597868,0.0,451.5444444444444,301.0,15.129971864751502,8.343980645388963e-16,601,1180.0,0,0.0,,,HPA,flash,208
1010.0,35.445714228018176,0.0,339.35277777777776,301.0,15.129971864751502,6.242616990785633e-16,477,1005.0,0,0.0,,,HPA,flash,209
2505.0,45.41471335781539,0.0,420.65277777777777,301.0,18.1299718647515,6.753877355299767e-15,414,920.0,0,0.0,,,HPA,flash,210
6600.0,99.9999995510097,0.0,551.8333333333334,301.0,18.1299718647515,7.801594862994733e-15,266,1200.0,0,0.0,,,HPA,flash,211
2310.0,55.724462331621005,0.0,392.5208333333333,301.0,15.123151669107152,5.442343507064488e-14,399,1105.0,0,0.0,,,HPA,flash,212
6600.0,99.9999998952449,0.0,551.8333333333334,301.0,18.094449874580206,2.1843169158257596e-15,245,1200.0,0,0.0,,,HPA,flash,213
2815.0,56.49117058000477,0.0,408.4972222222222,301.0,15.129971864751502,5.591614157992241e-14,424,1130.0,0,0.0,,,HPA,flash,214
960.0,34.498859272604975,0.0,337.56944444444446,301.0,15.129971864751502,4.2200817951485184e-16,495,960.0,0,0.0,,,HPA,flash,215
6575.0,99.99999901292709,0.0,551.8333333333334,301.0,15.129971864751502,6.30204678022268e-13,282,1200.0,0,0.0,,,HPA,flash,216
6600.0,99.99999969386519,0.0,551.8333333333334,301.0,18.1299718647515,1.8383113046621217e-15,266,1200.0,0,0.0,,,HPA,flash,217
2870.0,61.027406258226925,0.0,414.34722222222223,301.0,15.129971864751502,7.645027695997394e-16,370,1170.0,0,0.0,,,HPA,flash,218
6600.0,99.99999996981134,0.0,551.8333333333334,301.0,18.1299718647515,1.9344578409121617e-15,203,1200.0,0,0.0,,,HPA,flash,219
2810.0,56.96066512689457,0.0,410.03055555555557,301.0,15.129971864751502,5.568941205841164e-16,409,1170.0,0,0.0,,,HPA,flash,220
6595.0,99.99999928236,0.0,551.8333333333334,301.0,18.1299718647515,2.553580019467906e-15,264,1200.0,0,0.0,,,HPA,flash,221
6575.0,99.99999975748574,0.0,551.8333333333334,301.0,17.418594547627638,1.7693059816363037e-15,277,1200.0,0,0.0,,,HPA,flash,222
6600.0,99.99999971432739,0.0,551.8333333333334,301.0,18.1299718647515,6.848875349158936e-15,269,1200.0,0,0.0,,,HPA,flash,223
2330.0,54.93551014526474,0.0,395.7472222222222,301.0,15.129971864751502,3.07488591732364e-14,390,25.0,0,0.0,,,HPA,flash,224
6600.0,99.9999996469486,0.0,551.8333333333334,301.0,18.111626188937812,9.875725872529188e-15,255,1200.0,0,0.0,,,HPA,flash,225
2995.0,57.98545828840771,0.0,433.54305555555555,301.0,15.123151669107152,1.1127327288708388e-15,472,1155.0,0,0.0,,,HPA,flash,226
3235.0,60.477071193299636,0.0,432.1125,301.0,15.129971864751502,5.401903696818475e-16,545,935.0,0,0.0,,,HPA,flash,227
6575.0,99.99999948830425,0.0,551.8333333333334,301.0,15.129971864751502,4.658444415514473e-13,277,1200.0,0,0.0,,,HPA,flash,228
6600.0,99.99999979160286,0.0,551.8333333333334,301.0,17.5977963371458,1.625773518190214e-15,291,1200.0,0,0.0,,,HPA,flash,229
2515.0,48.676373149641314,0.0,445.50416666666666,301.0,15.129971864751502,6.299155065356269e-14,364,360.0,0,0.0,,,HPA-45,flash,200
4490.0,74.45993566372108,0.0,478.81111111111113,301.0,15.10840720127311,1.7697425840067904e-13,309,1150.0,0,0.0,,,HPA-45,flash,201
2655.0,52.728640729433465,0.0,433.53194444444443,301.0,15.123151669107152,5.4221385015836084e-14,412,65.0,0,0.0,,,HPA-45,flash,202
6595.0,99.99999869013052,0.0,551.8333333333334,301.0,17.419212143007073,2.1250078768552066e-15,239,1200.0,0,0.0,,,HPA-45,flash,203
6575.0,99.99999962913625,0.0,551.8333333333334,301.0,15.365753029428708,1.4711258783381362e-15,232,1200.0,0,0.0,,,HPA-45,flash,204
4735.0,79.30551889783575,0.0,482.2875,301.0,15.123151669107152,1.0404242329411473e-15,284,1155.0,0,0.0,,,HPA-45,flash,205
2160.0,48.030357680711276,0.0,431.24305555555554,301.0,12.129971864751502,4.4665285557083576e-12,358,15.0,0,0.0,,,HPA-45,flash,206
6600.0,99.9999999970176,0.0,551.8333333333334,301.0,18.1299718647515,3.808597623643804e-15,159,1200.0,0,0.0,,,HPA-45,flash,207
2680.0,54.078856172833476,0.0,429.8013888888889,301.0,15.123151669107152,4.708696669171237e-14,387,1175.0,0,0.0,,,HPA-45,flash,208
1000.0,35.297234057393965,0.0,397.29027777777776,301.0,15.129971864751502,6.946441320246718e-16,455,1000.0,0,0.0,,,HPA-45,flash,209
2505.0,45.41315906471659,0.0,462.6069444444444,301.0,15.754517901104592,1.5927952656408087e-15,368,920.0,0,0.0,,,HPA-45,flash,210
6600.0,99.99999938499549,0.0,551.8333333333334,301.0,15.129971864751502,2.1918873435522784e-15,277,1200.0,0,0.0,,,HPA-45,flash,211
2300.0,55.572386988808795,0.0,432.35277777777776,301.0,15.129971864751502,2.8999262137824907e-15,322,1095.0,0,0.0,,,HPA-45,flash,212
4970.0,80.86847712013892,0.0,497.6013888888889,301.0,15.129971864751502,7.26783571985216e-14,277,1145.0,0,0.0,,,HPA-45,flash,213
2805.0,55.697958059515344,0.0,439.71666666666664,301.0,15.123151669107152,2.768184835740551e-14,353,1130.0,0,0.0,,,HPA-45,flash,214
955.0,34.22393190491878,0.0,395.06805555555553,301.0,15.119330886181194,1.0691198378130564e-15,480,955.0,0,0.0,,,HPA-45,flash,215
6575.0,99.99999904837695,0.0,551.8333333333334,301.0,15.135381769299425,1.867435564574963e-15,245,1200.0,0,0.0,,,HPA-45,flash,216
4740.0,78.55351129232346,0.0,484.9194444444444,301.0,15.119330886181194,5.954390096806992e-14,301,1125.0,0,0.0,,,HPA-45,flash,217
2650.0,53.99574710657863,0.0,446.73055555555555,301.0,15.129971864751502,2.004842538180116e-14,359,365.0,0,0.0,,,HPA-45,flash,218
0.0,0.0,0.0,391.84305555555557,301.0,0.12997186475150113,1.0,418,0.0,0,0.0,,,HPA-45,flash,219
2780.0,56.28116672870733,0.0,440.20416666666665,301.0,15.123151669107152,5.5213458359234765e-15,373,1145.0,0,0.0,,,HPA-45,flash,220
6595.0,99.99999856510946,0.0,551.8333333333334,301.0,18.119330886181192,2.8124186941456675e-15,236,1200.0,0,0.0,,,HPA-45,flash,221
4795.0,80.57234737640468,0.0,482.3486111111111,301.0,15.129971864751502,1.2575665128129568e-15,287,1155.0,0,0.0,,,HPA-45,flash,222
6600.0,99.99999974708307,0.0,551.8333333333334,301.0,15.205753620114283,1.5436313111086357e-15,246,1200.0,0,0.0,,,HPA-45,flash,223
2280.0,53.390196268892765,0.0,435.3041666666667,301.0,15.129971864751502,6.181502535225409e-14,343,1060.0,0,0.0,,,HPA-45,flash,224
4535.0,74.57531423996384,0.0,479.4347222222222,301.0,15.123151669107152,6.064200340712018e-14,302,5.0,0,0.0,,,HPA-45,flash,225
2660.0,49.20982592975045,0.0,442.15972222222223,301.0,15.129971864751502,3.171573987189168e-13,470,20.0,0,0.0,,,HPA-45,flash,226
910.0,33.4851740990698,0.0,395.9,301.0,15.119330886181194,1.9610628118282367e-14,468,910.0,0,0.0,,,HPA-45,flash,227
4325.0,74.27912759231675,0.0,458.78472222222223,301.0,15.123492678889368,1.859272170260034e-14,299,1140.0,0,0.0,,,HPA-45,flash,228
6600.0,99.99999972585783,0.0,551.8333333333334,301.0,15.129971864751502,1.1993431290298785e-15,266,1200.0,0,0.0,,,HPA-45,flash,229
2500.0,48.25559684598429,0.0,476.49583333333334,301.0,15.129971864751502,7.293007783145742e-14,401,345.0,0,0.0,,,PredHPA,flash,200
0.0,0.0,0.0,473.8777777777778,301.0,0.12997186475150113,1.0,352,0.0,0,0.0,,,PredHPA,flash,201
2640.0,52.97584871192731,0.0,507.4763888888889,301.0,15.107695081446147,6.27510505988305e-14,545,1140.0,0,0.0,,,PredHPA,flash,202
4410.0,74.1625865659485,0.0,503.21527777777777,301.0,15.129971864751502,5.840122034107862e-15,282,1150.0,0,0.0,,,PredHPA,flash,203
6575.0,99.99999923373392,0.0,551.8333333333334,301.0,15.129971864751502,2.3207839294841957e-15,177,1200.0,0,0.0,,,PredHPA,flash,204
6600.0,99.99999885484965,0.0,551.8333333333334,301.0,15.165150796931995,2.7452899181813475e-15,189,1200.0,0,0.0,,,PredHPA,flash,205
2275.0,53.77001809210149,0.0,464.3958333333333,301.0,12.129971864751502,4.403330443523019e-13,409,1065.0,0,0.0,,,PredHPA,flash,206
0.0,0.002536536436903436,0.0,476.2361111111111,301.0,0.12997186475150113,0.9904633985314313,325,0.0,0,0.0,,,PredHPA,flash,207
2680.0,53.65818873355076,0.0,507.6513888888889,301.0,15.129971864751502,5.142128774669424e-14,484,1165.0,0,0.0,,,PredHPA,flash,208
960.0,33.4310412309913,0.0,476.85,301.0,15.129971864751502,7.703541754128942e-14,556,960.0,0,0.0,,,PredHPA,flash,209
2505.0,45.41315905886882,0.0,528.3930555555555,301.0,15.754517901104592,7.402223876579983e-15,350,920.0,0,0.0,,,PredHPA,flash,210
6600.0,99.99999941221289,0.0,551.8333333333334,301.0,15.123151669107152,2.1552274214894678e-15,193,1200.0,0,0.0,,,PredHPA,flash,211
2290.0,54.85823028453116,0.0,466.825,301.0,15.123151669107152,5.015203393897622e-14,342,1085.0,0,0.0,,,PredHPA,flash,212
6600.0,99.99999999164504,0.0,551.8333333333334,301.0,18.1299718647515,7.812999315604191e-15,251,1200.0,0,0.0,,,PredHPA,flash,213
2770.0,55.10099372137489,0.0,511.2111111111111,301.0,15.129971864751502,2.4006904655919518e-14,411,1090.0,0,0.0,,,PredHPA,flash,214
895.0,32.76590083319644,0.0,477.3263888888889,301.0,11.370017730761477,2.9448750349178223e-12,586,905.0,0,0.0,,,PredHPA,flash,215
6575.0,99.99999773215887,0.0,551.8333333333334,301.0,12.627684217827891,3.6248947755870714e-15,220,1200.0,0,0.0,,,PredHPA,flash,216
6600.0,99.99999904125139,0.0,551.8333333333334,301.0,15.183947238919524,2.6737834245000945e-15,192,1200.0,0,0.0,,,PredHPA,flash,217
2545.0,51.306831814242614,0.0,478.7763888888889,301.0,12.129971864751502,6.485580349485666e-13,403,270.0,0,0.0,,,PredHPA,flash,218
0.0,0.0,0.0,480.33472222222224,301.0,0.12997186475150113,1.0,414,0.0,0,0.0,,,PredHPA,flash,219
2775.0,55.99041025304695,0.0,510.3611111111111,301.0,15.129971864751502,2.4111956159924874e-14,399,1140.0,0,0.0,,,PredHPA,flash,220
6595.0,99.99999927985009,0.0,551.8333333333334,301.0,15.913390536177912,3.0113859420728115e-15,176,1200.0,0,0.0,,,PredHPA,flash,221
6575.0,99.99999928422963,0.0,551.8333333333334,301.0,15.06010994120032,2.077814606562824e-15,185,1200.0,0,0.0,,,PredHPA,flash,222
6600.0,99.99999888988944,0.0,551.8333333333334,301.0,15.205753620114283,2.968359228358831e-15,191,1200.0,0,0.0,,,PredHPA,flash,223
2280.0,53.68075843480039,0.0,467.0180555555556,301.0,15.129971864751502,3.186179887750504e-14,401,1060.0,0,0.0,,,PredHPA,flash,224
0.0,0.0,0.0,482.5513888888889,301.0,0.12997186475150113,1.0,387,0.0,0,0.0,,,PredHPA,flash,225
2615.0,45.725805249486065,0.0,512.6875,301.0,12.123151669107152,7.850344559043338e-13,479,25.0,0,0.0,,,PredHPA,flash,226
25.0,0.6986347765342682,0.0,473.85833333333335,301.0,0.12997186475150113,0.03588025449236533,512,25.0,0,0.0,,,PredHPA,flash,227
6575.0,99.99999923728896,0.0,551.8333333333334,301.0,15.129971864751502,2.4250634503097586e-15,183,1200.0,0,0.0,,,PredHPA,flash,228
6600.0,99.99999941627753,0.0,551.8333333333334,301.0,15.123151669107152,2.191948961305215e-15,186,1200.0,0,0.0,,,PredHPA,flash,229
2550.0,54.96978968645925,0.0,411.40277777777777,301.0,12.098185557594544,2.3320099334636982e-11,2039,280.0,6,0.0,,,ARC,flash,200
10.0,0.10074182050821001,0.0,403.08194444444445,301.0,0.12997186475150113,0.4155003683889271,3344,0.0,8,0.0,,,ARC,flash,201
900.0,33.98227039003754,0.0,405.2986111111111,301.0,10.034951449839369,4.751767571433593e-10,3017,830.0,9,5.0,,,ARC,flash,202
795.0,29.71131709248346,0.0,398.27222222222224,301.0,8.6010983405865,7.439369386179449e-10,3195,430.0,10,0.0,,,ARC,flash,203
4210.0,72.37538390701017,0.0,486.0388888888889,301.0,12.587394467202518,9.237889396600326e-13,1725,115.0,3,0.0,,,ARC,flash,204
0.0,0.00037467980348315777,0.0,406.80555555555554,301.0,0.12997186475150113,0.9986788606578252,3345,0.0,9,0.0,,,ARC,flash,205
1100.0,40.726627855087315,0.0,355.96805555555557,301.0,11.146577078057424,1.0340557861960974e-08,2432,5.0,8,0.0,,,ARC,flash,206
45.0,0.8689314593053887,0.0,402.9875,301.0,0.12997186475150113,0.011718491045205198,3249,25.0,8,0.0,,,ARC,flash,207
835.0,32.43095364445412,0.0,390.18333333333334,301.0,8.061211923628147,4.2433131799270174e-08,2901,60.0,8,0.0,,,ARC,flash,208
10.0,0.14489389671598074,0.0,393.05555555555554,301.0,0.12997186475150113,0.7764967675420341,3613,10.0,10,0.0,,,ARC,flash,209
545.0,19.334365167590516,0.0,409.775,301.0,7.606593920035258,1.9209884549936648e-08,3368,15.0,9,15.0,,,ARC,flash,210
5.0,0.08026789877342289,0.0,413.3638888888889,301.0,0.12997186475150113,0.7531984633466754,3246,5.0,8,0.0,,,ARC,flash,211
795.0,38.026655441302616,0.0,344.38055555555553,301.0,10.69570112856115,1.8693357475768436e-08,2438,795.0,9,0.0,,,ARC,flash,212
65.0,1.00572273790841,0.0,419.2125,301.0,0.12997186475150113,0.0325646399311172,3450,30.0,9,0.0,,,ARC,flash,213
590.0,19.76526210084736,0.0,420.4625,301.0,9.02549657787884,1.1015162314688385e-11,3136,5.0,8,0.0,,,ARC,flash,214
120.0,4.429062531106675,0.0,395.75,301.0,0.12997186475150113,0.00019201786885294432,3440,100.0,9,0.0,,,ARC,flash,215
100.0,4.509914297121497,0.0,414.78333333333336,301.0,0.12997186475150113,4.33250288500316e-05,3625,30.0,8,0.0,,,ARC,flash,216
1000.0,31.615616666896017,0.0,424.4861111111111,301.0,10.489649585003194,2.1179163731024405e-10,3020,1000.0,8,0.0,,,ARC,flash,217
2605.0,55.642280360097615,0.0,416.03194444444443,301.0,11.980975504341682,1.3928692609800095e-12,2039,330.0,6,35.0,,,ARC,flash,218
15.0,0.14803987150330267,0.0,399.79027777777776,301.0,0.12997186475150113,0.3112056693339735,3257,0.0,9,0.0,,,ARC,flash,219
1005.0,38.01428168993992,0.0,405.3902777777778,301.0,9.860293251643704,1.281737912057111e-09,3008,875.0,9,0.0,,,ARC,flash,220
425.0,13.807944841144327,0.0,401.4902777777778,301.0,4.751305587338726,2.1435607210763765e-09,3338,235.0,9,0.0,,,ARC,flash,221
505.0,18.796936740385927,0.0,412.68888888888887,301.0,9.409505816987624,6.423372559646061e-09,3627,470.0,9,0.0,,,ARC,flash,222
850.0,28.684546150309444,0.0,397.31666666666666,301.0,6.893693182754073,7.989821538283863e-06,2995,850.0,8,0.0,,,ARC,flash,223
810.0,37.714895962784034,0.0,345.4138888888889,301.0,8.883921900107248,9.822409000774326e-08,2340,35.0,9,0.0,,,ARC,flash,224
40.0,0.37946269244506503,0.0,408.0541666666667,301.0,0.12997186475150113,0.03689053582637632,3169,5.0,8,0.0,,,ARC,flash,225
795.0,26.732092945263688,0.0,395.47222222222223,301.0,10.283899301364706,1.06557364295597e-10,2921,30.0,9,5.0,,,ARC,flash,226
865.0,33.349423190911075,0.0,387.4111111111111,301.0,10.54202919969163,2.5275852857713828e-08,3137,860.0,9,0.0,,,ARC,flash,227
95.0,4.141631532701606,0.0,401.79305555555555,301.0,0.12997186475150113,2.1026001740999118e-06,3662,25.0,9,0.0,,,ARC,flash,228
705.0,24.398561296736442,0.0,413.6777777777778,301.0,6.856008679897709,1.0565892716041756e-06,3115,705.0,8,0.0,,,ARC,flash,229
1400.0,41.14687291111624,0.0,366.2319444444444,301.0,9.103067952389921,1.0427585715023784e-10,2385,280.0,8,0.0,,,ARC-noGraph,flash,200
35.0,0.3110652004709391,0.0,405.62361111111113,301.0,0.12997186475150113,0.04662821798523949,3394,5.0,10,5.0,,,ARC-noGraph,flash,201
900.0,34.084474596828464,0.0,410.25416666666666,301.0,12.825546340296464,7.106418896198034e-10,3275,830.0,8,0.0,,,ARC-noGraph,flash,202
800.0,29.79945017497223,0.0,397.6722222222222,301.0,8.467354951883792,4.767843269921401e-10,3254,435.0,10,0.0,,,ARC-noGraph,flash,203
615.0,23.147200550276015,0.0,409.10555555555555,301.0,7.147912101633738,6.724661505749069e-08,3487,115.0,8,0.0,,,ARC-noGraph,flash,204
10.0,0.10964100596400073,0.0,408.225,301.0,0.12997186475150113,0.5190083465347004,3465,10.0,9,0.0,,,ARC-noGraph,flash,205
830.0,38.07042294290519,0.0,347.4888888888889,301.0,8.77168290097537,1.5996207427098262e-10,2473,30.0,9,0.0,,,ARC-noGraph,flash,206
50.0,0.903445816092141,0.0,404.24305555555554,301.0,0.12997186475150113,0.007135041100834254,3377,15.0,8,0.0,,,ARC-noGraph,flash,207
2470.0,55.01477093898628,0.0,424.8722222222222,301.0,11.55462939751894,1.2957665448617853e-09,2372,55.0,6,0.0,,,ARC-noGraph,flash,208
1570.0,27.975943457061092,0.0,429.0263888888889,301.0,10.862768569922245,3.8985884349398685e-12,3030,10.0,8,25.0,,,ARC-noGraph,flash,209
70.0,2.503555301081173,0.0,409.73055555555555,301.0,0.12997186475150113,0.00230142487922764,3479,15.0,9,0.0,,,ARC-noGraph,flash,210
5.0,0.06977570057833393,0.0,412.5888888888889,301.0,0.12997186475150113,0.7850728601939818,3256,5.0,8,0.0,,,ARC-noGraph,flash,211
1880.0,50.839595261385085,0.0,384.1611111111111,301.0,10.912920981957605,1.8250069475265041e-10,2134,1085.0,7,0.0,,,ARC-noGraph,flash,212
70.0,0.9054471837778411,0.0,418.5361111111111,301.0,0.12997186475150113,0.04062196023196779,3538,40.0,9,0.0,,,ARC-noGraph,flash,213
940.0,35.66244074349751,0.0,418.7083333333333,301.0,12.689819350607992,2.692256793827051e-12,2971,885.0,8,0.0,,,ARC-noGraph,flash,214
875.0,33.30647319438938,0.0,399.50694444444446,301.0,9.107695081446147,5.133478203398913e-09,3237,875.0,9,0.0,,,ARC-noGraph,flash,215
105.0,4.437825744692425,0.0,416.5597222222222,301.0,0.12997186475150113,7.578357258160197e-05,3782,35.0,8,0.0,,,ARC-noGraph,flash,216
1010.0,31.685228150661658,0.0,428.68194444444447,301.0,10.917793977428374,2.2113027784913178e-10,3062,1010.0,8,0.0,,,ARC-noGraph,flash,217
1210.0,38.818371691693876,0.0,357.35555555555555,301.0,8.79917651520022,6.187659838135357e-08,2470,325.0,9,35.0,,,ARC-noGraph,flash,218
15.0,0.14803987150330267,0.0,400.0541666666667,301.0,0.12997186475150113,0.3112056693339735,3311,0.0,9,0.0,,,ARC-noGraph,flash,219
980.0,37.610527144851766,0.0,405.05,301.0,9.705813203159792,4.6641266053167485e-12,3106,885.0,8,0.0,,,ARC-noGraph,flash,220
865.0,31.834353920839508,0.0,400.06388888888887,301.0,8.370112525984442,2.2788423173975243e-09,3230,730.0,9,0.0,,,ARC-noGraph,flash,221
100.0,2.846950506933199,0.0,413.78333333333336,301.0,0.12997186475150113,0.0002889716564598687,3773,30.0,9,0.0,,,ARC-noGraph,flash,222
865.0,28.75580218405196,0.0,400.68888888888887,301.0,7.078696217192632,2.9249731610036447e-07,3050,865.0,8,0.0,,,ARC-noGraph,flash,223
785.0,36.84621795269549,0.0,344.2527777777778,301.0,8.925587358316674,5.118776960533497e-08,2436,10.0,9,0.0,,,ARC-noGraph,flash,224
25.0,0.2245127728571994,0.0,407.0138888888889,301.0,0.12997186475150113,0.7794389873205035,3255,20.0,8,0.0,,,ARC-noGraph,flash,225
750.0,27.292070588987382,0.0,392.8611111111111,301.0,7.477593565160217,1.2751183451209785e-07,3233,70.0,9,0.0,,,ARC-noGraph,flash,226
865.0,33.38094819938567,0.0,387.04583333333335,301.0,10.268212205885552,3.0685429114590966e-08,3139,860.0,9,0.0,,,ARC-noGraph,flash,227
115.0,4.802379095999565,0.0,401.74583333333334,301.0,0.12997186475150113,1.9238439204947725e-06,3679,10.0,8,0.0,,,ARC-noGraph,flash,228
725.0,25.017615352724277,0.0,413.8986111111111,301.0,6.942573564540028,2.684956124787833e-07,3217,725.0,8,0.0,,,ARC-noGraph,flash,229
2550.0,54.969788013150264,0.0,406.21944444444443,301.0,12.098185557594544,2.1270689457411933e-11,2046,280.0,7,0.0,,,ARC-bf,flash,200
10.0,0.10074182050821001,0.0,403.08194444444445,301.0,0.12997186475150113,0.4155003683889271,3344,0.0,8,0.0,,,ARC-bf,flash,201
895.0,33.950752304580746,0.0,401.375,301.0,10.973780449474251,6.536950271377708e-11,3084,820.0,9,0.0,,,ARC-bf,flash,202
795.0,29.71131709248346,0.0,396.59027777777777,301.0,8.6010983405865,7.439369386179449e-10,3245,430.0,9,0.0,,,ARC-bf,flash,203
4210.0,72.37538167985917,0.0,485.93888888888887,301.0,12.661481141294502,8.944259051658649e-13,1711,115.0,3,0.0,,,ARC-bf,flash,204
0.0,0.0,0.0,406.9736111111111,301.0,0.12997186475150113,1.0,3370,0.0,9,0.0,,,ARC-bf,flash,205
1100.0,40.726627855087315,0.0,354.40833333333336,301.0,11.146577078057424,1.0340557861960974e-08,2423,5.0,9,0.0,,,ARC-bf,flash,206
45.0,0.8689314593053887,0.0,402.9875,301.0,0.12997186475150113,0.011718491045205198,3249,25.0,8,0.0,,,ARC-bf,flash,207
1170.0,36.47890790185112,0.0,390.44305555555553,301.0,9.109300281648927,4.4788325611506795e-09,2762,60.0,8,0.0,,,ARC-bf,flash,208
10.0,0.14489389671598074,0.0,393.05555555555554,301.0,0.12997186475150113,0.7764967675420341,3613,10.0,10,0.0,,,ARC-bf,flash,209
545.0,19.358730830533176,0.0,409.0361111111111,301.0,7.953159800154881,1.9209884549936648e-08,3379,15.0,9,15.0,,,ARC-bf,flash,210
5.0,0.08026789877342289,0.0,413.3638888888889,301.0,0.12997186475150113,0.7531984633466754,3247,5.0,8,0.0,,,ARC-bf,flash,211
795.0,38.026655441302616,0.0,343.27777777777777,301.0,10.69570112856115,1.8693357475768436e-08,2429,795.0,9,0.0,,,ARC-bf,flash,212
65.0,1.00572273790841,0.0,419.2125,301.0,0.12997186475150113,0.0325646399311172,3450,30.0,9,0.0,,,ARC-bf,flash,213
600.0,19.857294740876895,0.0,415.2125,301.0,9.02549657787884,1.1015162314688385e-11,3188,5.0,8,0.0,,,ARC-bf,flash,214
120.0,4.429062531106675,0.0,395.30555555555554,301.0,0.12997186475150113,0.00019201786885294432,3427,100.0,9,0.0,,,ARC-bf,flash,215
100.0,4.509914297121497,0.0,414.7763888888889,301.0,0.12997186475150113,4.33250288500316e-05,3623,30.0,8,0.0,,,ARC-bf,flash,216
1000.0,31.615616666896017,0.0,422.10277777777776,301.0,10.489649585003194,2.1179163731024405e-10,3057,1000.0,8,0.0,,,ARC-bf,flash,217
2605.0,55.642280360097615,0.0,411.05833333333334,301.0,11.980975504341682,1.3928692609800095e-12,2097,330.0,7,35.0,,,ARC-bf,flash,218
15.0,0.14803987150330267,0.0,399.79027777777776,301.0,0.12997186475150113,0.3112056693339735,3257,0.0,9,0.0,,,ARC-bf,flash,219
1015.0,38.09668210362048,0.0,400.29305555555555,301.0,9.942552937858308,1.281737912057111e-09,3000,875.0,9,0.0,,,ARC-bf,flash,220
430.0,13.829406508884556,0.0,396.95416666666665,301.0,4.947629158657098,1.0462844542403288e-09,3355,235.0,9,0.0,,,ARC-bf,flash,221
95.0,2.863625218368804,0.0,413.8541666666667,301.0,0.12997186475150124,0.0003030287387540298,3659,35.0,8,0.0,,,ARC-bf,flash,222
850.0,28.687655316105943,0.0,397.3861111111111,301.0,6.893693182754073,7.989821538283863e-06,2994,850.0,8,0.0,,,ARC-bf,flash,223
810.0,37.714895962784034,0.0,344.8097222222222,301.0,8.883921900107248,9.822409000774326e-08,2458,35.0,9,0.0,,,ARC-bf,flash,224
40.0,0.37946269244506503,0.0,408.0416666666667,301.0,0.12997186475150113,0.03689053582637632,3168,5.0,8,0.0,,,ARC-bf,flash,225
800.0,27.047405675667235,0.0,387.7236111111111,301.0,10.283899301364706,1.06557364295597e-10,2876,30.0,9,0.0,,,ARC-bf,flash,226
865.0,33.349423190911075,0.0,387.4291666666667,301.0,10.54202919969163,2.5275852857713828e-08,3131,860.0,9,0.0,,,ARC-bf,flash,227
95.0,4.141631532701606,0.0,401.93055555555554,301.0,0.12997186475150113,2.1026001740999118e-06,3665,25.0,9,0.0,,,ARC-bf,flash,228
710.0,24.423524960504416,0.0,413.31944444444446,301.0,6.856008679897709,1.0565892716041756e-06,3168,705.0,7,0.0,,,ARC-bf,flash,229
3625.0,71.41626700880524,0.0,484.90972222222223,301.0,15.129971864751502,4.233305262038836e-14,574,1200.0,0,0.0,,,HPA,flash_step,200
6600.0,99.99999964401353,0.0,551.8333333333334,301.0,17.674883720211685,1.9977156278996725e-15,230,1200.0,0,0.0,,,HPA,flash_step,201
2835.0,57.02854261856132,0.0,453.56111111111113,301.0,15.129971864751502,6.110121313298675e-16,591,1200.0,0,0.0,,,HPA,flash_step,202
4455.0,75.33227543999045,0.0,447.1694444444444,301.0,13.91067679533515,1.9344641666084046e-14,381,1180.0,0,0.0,,,HPA,flash_step,203
6575.0,99.99999949767198,0.0,551.8333333333334,301.0,18.123151669107152,2.3558368040068776e-15,248,1200.0,0,0.0,,,HPA,flash_step,204
6600.0,99.999999691274,0.0,551.8333333333334,301.0,15.129971864751502,5.389833842821423e-13,272,1200.0,0,0.0,,,HPA,flash_step,205
2430.0,57.841675927814215,0.0,396.69166666666666,301.0,15.129971864751502,1.0688171450477955e-15,368,1200.0,0,0.0,,,HPA,flash_step,206
6600.0,99.99999998802987,0.0,551.8333333333334,301.0,18.1299718647515,2.2747543021513473e-15,188,1200.0,0,0.0,,,HPA,flash_step,207
2790.0,56.317596848005394,0.0,452.0111111111111,301.0,15.129971864751502,4.3545308781665236e-16,592,1200.0,0,0.0,,,HPA,flash_step,208
1035.0,36.658244589572575,0.0,340.3333333333333,301.0,15.119330886181194,6.355171580698544e-16,489,1030.0,0,0.0,,,HPA,flash_step,209
2505.0,45.742775475838485,0.0,421.85277777777776,301.0,18.1299718647515,6.753877355299767e-15,414,920.0,0,0.0,,,HPA,flash_step,210
6600.0,99.99999956114038,0.0,551.8333333333334,301.0,18.1299718647515,7.801594862994733e-15,257,1200.0,0,0.0,,,HPA,flash_step,211
2340.0,56.512398220877216,0.0,395.11944444444447,301.0,15.129971864751502,1.2068384798617594e-14,371,35.0,0,0.0,,,HPA,flash_step,212
6600.0,99.9999998971415,0.0,551.8333333333334,301.0,18.1299718647515,2.1843169158257596e-15,240,1200.0,0,0.0,,,HPA,flash_step,213
2835.0,56.91744040914448,0.0,410.90277777777777,301.0,15.129971864751502,9.258794819179697e-15,422,20.0,0,0.0,,,HPA,flash_step,214
975.0,35.96476840710624,0.0,338.5833333333333,301.0,15.129971864751502,7.029713500629568e-16,480,975.0,0,0.0,,,HPA,flash_step,215
6575.0,99.99999902575868,0.0,551.8333333333334,301.0,15.129971864751502,6.30204678022268e-13,279,1200.0,0,0.0,,,HPA,flash_step,216
6600.0,99.99999970186614,0.0,551.8333333333334,301.0,18.1299718647515,1.8383113046621217e-15,253,1200.0,0,0.0,,,HPA,flash_step,217
2900.0,62.44925857623711,0.0,416.3305555555556,301.0,15.129971864751502,6.299134593190816e-16,356,1200.0,0,0.0,,,HPA,flash_step,218
6600.0,99.99999997019412,0.0,551.8333333333334,301.0,18.1299718647515,1.9344578409121617e-15,203,1200.0,0,0.0,,,HPA,flash_step,219
2815.0,57.42654578034543,0.0,410.3486111111111,301.0,15.129971864751502,5.883005483408107e-16,405,1175.0,0,0.0,,,HPA,flash_step,220
6595.0,99.99999929598842,0.0,551.8333333333334,301.0,18.1299718647515,2.0767717476110958e-15,265,1200.0,0,0.0,,,HPA,flash_step,221
6575.0,99.99999976161921,0.0,551.8333333333334,301.0,18.1299718647515,1.7693059816363037e-15,278,1200.0,0,0.0,,,HPA,flash_step,222
6600.0,99.99999971820564,0.0,551.8333333333334,301.0,18.1299718647515,6.606532345678631e-15,269,1200.0,0,0.0,,,HPA,flash_step,223
2355.0,56.53433602697211,0.0,397.14722222222224,301.0,15.123151669107152,5.343559526114988e-14,378,55.0,0,0.0,,,HPA,flash_step,224
6600.0,99.99999965193041,0.0,551.8333333333334,301.0,18.111626188937812,9.875725872529188e-15,249,1200.0,0,0.0,,,HPA,flash_step,225
3040.0,59.52290544173624,0.0,434.8125,301.0,15.129971864751502,6.092828950458681e-16,473,1200.0,0,0.0,,,HPA,flash_step,226
3245.0,61.17802198995859,0.0,432.6333333333333,301.0,15.129971864751502,4.361699104343676e-16,567,945.0,0,0.0,,,HPA,flash_step,227
6575.0,99.99999949513277,0.0,551.8333333333334,301.0,15.129971864751502,4.658444415514473e-13,272,1200.0,0,0.0,,,HPA,flash_step,228
6600.0,99.9999997946099,0.0,551.8333333333334,301.0,18.1299718647515,1.6257734961481501e-15,284,1200.0,0,0.0,,,HPA,flash_step,229
2680.0,56.91290910422453,0.0,446.40833333333336,301.0,15.129971864751502,7.595849768380606e-14,330,400.0,0,0.0,,,HPA-45,flash_step,200
4535.0,76.33424721086591,0.0,479.34444444444443,301.0,15.129971864751502,7.415403514772805e-15,260,1195.0,0,0.0,,,HPA-45,flash_step,201
2735.0,56.09419005149551,0.0,434.29583333333335,301.0,15.129971864751502,1.0652628798568322e-15,351,1200.0,0,0.0,,,HPA-45,flash_step,202
6595.0,99.99999871257691,0.0,551.8333333333334,301.0,17.529254713685273,2.1250078768552066e-15,236,1200.0,0,0.0,,,HPA-45,flash_step,203
6575.0,99.99999963455394,0.0,551.8333333333334,301.0,16.057614142253875,1.4711258783381362e-15,230,1200.0,0,0.0,,,HPA-45,flash_step,204
4780.0,80.44608545885137,0.0,483.85833333333335,301.0,15.129971864751502,2.0751402739185365e-14,293,1200.0,0,0.0,,,HPA-45,flash_step,205
2405.0,56.78151456935871,0.0,433.2736111111111,301.0,15.129971864751502,1.892337721273137e-14,347,1175.0,0,0.0,,,HPA-45,flash_step,206
6600.0,99.99999999708375,0.0,551.8333333333334,301.0,18.1299718647515,3.808597623643804e-15,159,1200.0,0,0.0,,,HPA-45,flash_step,207
2705.0,55.438189875906076,0.0,430.2236111111111,301.0,15.123151669107152,3.0483043978571074e-14,345,1200.0,0,0.0,,,HPA-45,flash_step,208
1030.0,36.52360061280604,0.0,398.0486111111111,301.0,15.123151669107152,1.0679122582925648e-15,441,1030.0,0,0.0,,,HPA-45,flash_step,209
2505.0,45.74123052490353,0.0,462.06111111111113,301.0,15.754517901104592,1.5927952656408087e-15,366,920.0,0,0.0,,,HPA-45,flash_step,210
6600.0,99.99999939845388,0.0,551.8333333333334,301.0,15.129971864751502,2.1918873435522784e-15,258,1200.0,0,0.0,,,HPA-45,flash_step,211
2400.0,57.46308291017515,0.0,434.6513888888889,301.0,15.129971864751502,2.110508329876585e-14,318,1195.0,0,0.0,,,HPA-45,flash_step,212
4995.0,81.74172570206302,0.0,498.08472222222224,301.0,15.129971864751502,7.153578796021966e-14,270,1170.0,0,0.0,,,HPA-45,flash_step,213
2775.0,54.91703933306642,0.0,441.7944444444444,301.0,15.129971864751502,3.004274541191184e-14,380,5.0,0,0.0,,,HPA-45,flash_step,214
975.0,35.8975502334862,0.0,396.37638888888887,301.0,15.119330886181194,1.8431338936976535e-15,466,975.0,0,0.0,,,HPA-45,flash_step,215
6575.0,99.99999906070703,0.0,551.8333333333334,301.0,15.263215104898487,1.867435564574963e-15,240,1200.0,0,0.0,,,HPA-45,flash_step,216
4785.0,79.92834344413622,0.0,485.4902777777778,301.0,15.129971864751502,7.863713952661659e-14,284,1170.0,0,0.0,,,HPA-45,flash_step,217
2690.0,56.50941104867009,0.0,446.7291666666667,301.0,12.19938775203131,7.289917132024796e-14,379,425.0,0,0.0,,,HPA-45,flash_step,218
5090.0,83.28042229942037,0.0,501.09444444444443,301.0,15.129971864751502,8.237093232165943e-14,273,1200.0,0,0.0,,,HPA-45,flash_step,219
2810.0,57.24032629929627,0.0,440.69444444444446,301.0,15.129971864751502,1.998758039316179e-15,329,1175.0,0,0.0,,,HPA-45,flash_step,220
6595.0,99.99999859231693,0.0,551.8333333333334,301.0,18.119330886181192,2.210799661848651e-15,235,1200.0,0,0.0,,,HPA-45,flash_step,221
4840.0,82.19281003199639,0.0,483.40277777777777,301.0,15.129971864751502,1.0943057132734434e-14,257,1200.0,0,0.0,,,HPA-45,flash_step,222
6600.0,99.99999975053288,0.0,551.8333333333334,301.0,15.512130132699385,1.5436313111086357e-15,250,1200.0,0,0.0,,,HPA-45,flash_step,223
2435.0,57.69733490930437,0.0,436.97083333333336,301.0,15.129971864751502,1.1372021658691644e-15,343,1200.0,0,0.0,,,HPA-45,flash_step,224
4615.0,77.04706971052549,0.0,481.28472222222223,301.0,15.129971864751502,8.211357556361843e-14,246,1195.0,0,0.0,,,HPA-45,flash_step,225
2940.0,58.15486659615239,0.0,444.72777777777776,301.0,12.129971864751502,1.4403536866012989e-12,373,1200.0,0,0.0,,,HPA-45,flash_step,226
935.0,34.70741121399523,0.0,396.82916666666665,301.0,15.123151669107152,5.853916061577935e-14,480,935.0,0,0.0,,,HPA-45,flash_step,227
4370.0,75.51520891758317,0.0,460.18055555555554,301.0,15.129971864751502,1.437503138232493e-14,280,1185.0,0,0.0,,,HPA-45,flash_step,228
6600.0,99.99999972978387,0.0,551.8333333333334,301.0,15.470267152904652,1.1993431290298785e-15,262,1200.0,0,0.0,,,HPA-45,flash_step,229
2160.0,35.49817416977685,0.0,476.3333333333333,301.0,9.129971864751502,1.4483138470702589e-12,407,10.0,0,0.0,,,PredHPA,flash_step,200
4530.0,76.19256886686364,0.0,508.48055555555555,301.0,15.129971864751502,8.588091015080645e-14,230,1190.0,0,0.0,,,PredHPA,flash_step,201
2745.0,56.01565674128916,0.0,507.69305555555553,301.0,15.129971864751502,1.142687103625155e-13,485,1200.0,0,0.0,,,PredHPA,flash_step,202
3555.0,64.58033753073369,0.0,503.6361111111111,301.0,15.129971864751502,6.151426212627547e-14,406,1150.0,0,0.0,,,PredHPA,flash_step,203
6575.0,99.99999924625337,0.0,551.8333333333334,301.0,15.129971864751502,2.3207839294841957e-15,178,1200.0,0,0.0,,,PredHPA,flash_step,204
6600.0,99.99999887113033,0.0,551.8333333333334,301.0,15.840616649434457,2.7452899181813475e-15,190,1200.0,0,0.0,,,PredHPA,flash_step,205
2160.0,48.084194139472125,0.0,464.59166666666664,301.0,15.129971864751502,1.6192730846927235e-13,366,10.0,0,0.0,,,PredHPA,flash_step,206
0.0,0.0,0.0,476.7611111111111,301.0,0.12997186475150113,1.0,301,0.0,0,0.0,,,PredHPA,flash_step,207
2715.0,55.4133149272344,0.0,508.0361111111111,301.0,15.129971864751502,7.500990875849281e-16,461,1200.0,0,0.0,,,PredHPA,flash_step,208
1000.0,35.4983755712481,0.0,477.5097222222222,301.0,15.129971864751502,7.4156956303846e-14,545,1000.0,0,0.0,,,PredHPA,flash_step,209
6575.0,99.99996821420292,0.0,551.8333333333334,301.0,15.754517901104592,7.402223876579983e-15,173,1200.0,0,0.0,,,PredHPA,flash_step,210
6600.0,99.99999942526995,0.0,551.8333333333334,301.0,15.123151669107152,2.1552274214894678e-15,181,1200.0,0,0.0,,,PredHPA,flash_step,211
2290.0,54.65432732883364,0.0,467.6625,301.0,15.123151669107152,1.9643706418172134e-14,345,1085.0,0,0.0,,,PredHPA,flash_step,212
6600.0,99.99999999178635,0.0,551.8333333333334,301.0,18.1299718647515,7.812999315604191e-15,249,1200.0,0,0.0,,,PredHPA,flash_step,213
2650.0,49.67889144058759,0.0,512.9736111111112,301.0,15.129971864751502,1.836622172291995e-13,448,985.0,0,0.0,,,PredHPA,flash_step,214
960.0,34.68722809690795,0.0,478.71527777777777,301.0,15.129971864751502,8.208764685434039e-14,519,960.0,0,0.0,,,PredHPA,flash_step,215
6575.0,99.99999776277406,0.0,551.8333333333334,301.0,12.627684217827891,3.6248947755870714e-15,222,1200.0,0,0.0,,,PredHPA,flash_step,216
6600.0,99.99999905808295,0.0,551.8333333333334,301.0,15.519989446033826,2.6737834245000945e-15,184,1200.0,0,0.0,,,PredHPA,flash_step,217
2280.0,40.453350015216884,0.0,479.6347222222222,301.0,12.129971864751502,2.0533488786630725e-14,337,590.0,0,0.0,,,PredHPA,flash_step,218
5090.0,83.1498811638651,0.0,521.9097222222222,301.0,15.123151669107152,8.152146150763096e-14,216,1200.0,0,0.0,,,PredHPA,flash_step,219
2770.0,55.92909263582455,0.0,510.5652777777778,301.0,15.123151669107152,4.1904153801226224e-14,430,1135.0,0,0.0,,,PredHPA,flash_step,220
6595.0,99.99999929444775,0.0,551.8333333333334,301.0,16.219110821780554,2.325660406383387e-15,176,1200.0,0,0.0,,,PredHPA,flash_step,221
6575.0,99.99999929660916,0.0,551.8333333333334,301.0,15.129971864751502,2.0778145849503413e-15,185,1200.0,0,0.0,,,PredHPA,flash_step,222
6600.0,99.99999890491877,0.0,551.8333333333334,301.0,15.512130132699385,2.968359228358831e-15,184,1200.0,0,0.0,,,PredHPA,flash_step,223
2275.0,53.69133350616788,0.0,467.50694444444446,301.0,12.129971864751502,1.6529286948342982e-12,382,1060.0,0,0.0,,,PredHPA,flash_step,224
5.0,0.024164980106455847,0.0,483.33472222222224,301.0,0.12997186475150113,0.9127717656611758,313,5.0,0,0.0,,,PredHPA,flash_step,225
2945.0,58.54590777652271,0.0,513.8597222222222,301.0,15.123151669107152,5.59741305146942e-14,416,1200.0,0,0.0,,,PredHPA,flash_step,226
45.0,1.8349965235375243,0.0,474.15,301.0,0.12997186475150121,0.025593228641333357,532,45.0,0,0.0,,,PredHPA,flash_step,227
6575.0,99.99999924767474,0.0,551.8333333333334,301.0,15.129971864751502,2.4250634503097586e-15,182,1200.0,0,0.0,,,PredHPA,flash_step,228
6600.0,99.99999942459357,0.0,551.8333333333334,301.0,15.56533517482376,2.191948961305215e-15,186,1200.0,0,0.0,,,PredHPA,flash_step,229
2590.0,56.81187055754721,0.0,413.99444444444447,301.0,10.49112625165151,7.06721379775323e-11,1942,330.0,6,35.0,,,ARC,flash_step,200
935.0,30.23512433618555,0.0,405.2736111111111,301.0,11.950278001366101,5.839489284326776e-10,2849,930.0,9,0.0,,,ARC,flash_step,201
1115.0,38.58517925810846,0.0,408.22777777777776,301.0,12.559384830702587,4.288205915938568e-12,2887,1085.0,8,0.0,,,ARC,flash_step,202
585.0,24.669058296313118,0.0,397.0444444444444,301.0,6.762049142365922,2.1546704628721327e-07,3322,445.0,10,0.0,,,ARC,flash_step,203
270.0,9.352832924094812,0.0,408.94444444444446,301.0,0.1299718647515012,1.0057650019007802e-11,3548,190.0,8,0.0,,,ARC,flash_step,204
4335.0,75.46560129893982,0.0,489.66805555555555,301.0,12.125944620679478,6.489095754611538e-12,1470,1200.0,3,0.0,,,ARC,flash_step,205
2340.0,56.75737522370674,0.0,402.6013888888889,301.0,13.877031672187245,7.1442087305249804e-12,1970,65.0,7,0.0,,,ARC,flash_step,206
15.0,0.20989851382571256,0.0,404.97083333333336,301.0,0.12997186475150113,0.11693036128328145,3308,0.0,8,0.0,,,ARC,flash_step,207
1120.0,35.019098426486515,0.0,397.59722222222223,301.0,12.194660844846075,3.6541618758083386e-11,2692,95.0,8,0.0,,,ARC,flash_step,208
965.0,35.901023839786596,0.0,397.78194444444443,301.0,11.043664793737676,1.2906973125021098e-09,3185,965.0,9,0.0,,,ARC,flash_step,209
505.0,18.46039233764728,0.0,410.3208333333333,301.0,7.1415188576337485,2.305494090826466e-09,3361,10.0,8,0.0,,,ARC,flash_step,210
10.0,0.10216073778032131,0.0,415.4,301.0,0.12997186475150113,0.7850728601939818,3422,5.0,8,5.0,,,ARC,flash_step,211
2315.0,56.668980648801394,0.0,400.9916666666667,301.0,11.573351219389936,4.928313328418521e-12,1948,45.0,6,0.0,,,ARC,flash_step,212
80.0,1.7999223719378565,0.0,421.1097222222222,301.0,0.12997186475150113,0.0009238020253978885,3468,45.0,9,0.0,,,ARC,flash_step,213
1090.0,38.712108385755506,0.0,417.99861111111113,301.0,13.243246912783391,2.071381900409407e-12,2932,1010.0,8,0.0,,,ARC,flash_step,214
920.0,35.469199161508435,0.0,397.2375,301.0,10.55699235822885,1.6982379213013465e-10,3141,920.0,9,0.0,,,ARC,flash_step,215
105.0,4.471283914686907,0.0,418.88055555555553,301.0,0.12997186475150113,0.00010257738391075856,3618,30.0,8,0.0,,,ARC,flash_step,216
960.0,31.879219146682438,0.0,422.3611111111111,301.0,10.144867662616928,1.078236991890981e-07,3045,960.0,9,0.0,,,ARC,flash_step,217
2640.0,57.3454351043091,0.0,416.74583333333334,301.0,13.144740372007446,2.156642450629981e-12,1941,360.0,5,0.0,,,ARC,flash_step,218
1060.0,33.22002139610938,0.0,412.6138888888889,301.0,12.733590690231761,1.1851277962722837e-11,2719,1045.0,9,0.0,,,ARC,flash_step,219
1025.0,38.83165962506507,0.0,401.05833333333334,301.0,9.140373552287022,7.362434440785517e-10,3031,895.0,8,0.0,,,ARC,flash_step,220
140.0,4.4369549338153735,0.0,398.52222222222224,301.0,0.12997186475150113,9.309070481179651e-10,3427,5.0,9,0.0,,,ARC,flash_step,221
595.0,21.256842468166738,0.0,411.8986111111111,301.0,11.522276711514477,1.0333950427232326e-11,3611,590.0,8,0.0,,,ARC,flash_step,222
4095.0,72.32514860800013,0.0,477.9222222222222,301.0,12.85274320788121,2.1429063938730463e-12,1553,1200.0,4,0.0,,,ARC,flash_step,223
2255.0,50.93883023160004,0.0,402.54305555555555,301.0,13.628050807032901,1.4989550332945739e-12,1869,100.0,7,0.0,,,ARC,flash_step,224
570.0,19.474339087847113,0.0,411.1361111111111,301.0,6.123151669107154,3.568527307035323e-08,3060,570.0,8,0.0,,,ARC,flash_step,225
2565.0,53.09058502017581,0.0,431.22222222222223,301.0,11.979763107775199,1.1376394313032709e-10,2277,20.0,6,0.0,,,ARC,flash_step,226
895.0,34.64802636069977,0.0,387.7944444444444,301.0,10.581553026161911,2.697658752544967e-08,3136,890.0,9,0.0,,,ARC,flash_step,227
170.0,6.334213651297249,0.0,408.78194444444443,301.0,0.12997186475150116,3.75883966011966e-07,3643,80.0,8,0.0,,,ARC,flash_step,228
900.0,30.19117486068771,0.0,417.1138888888889,301.0,7.053315191846357,7.853600279545643e-07,2996,900.0,8,0.0,,,ARC,flash_step,229
2590.0,56.82668625490107,0.0,414.7361111111111,301.0,10.80341688664198,1.0419126660868208e-10,1991,330.0,6,35.0,,,ARC-noGraph,flash_step,200
115.0,3.797523050290219,0.0,406.96805555555557,301.0,0.12997186475150113,0.00012881025451692547,3410,90.0,9,40.0,,,ARC-noGraph,flash_step,201
1130.0,38.99710063391596,0.0,411.54305555555555,301.0,13.750409504075156,1.840264474001897e-12,3043,1070.0,8,0.0,,,ARC-noGraph,flash_step,202
815.0,30.260645863923095,0.0,403.5083333333333,301.0,10.320333757821748,1.8673848017306856e-10,3251,455.0,9,0.0,,,ARC-noGraph,flash_step,203
4210.0,70.31448086554828,0.0,487.14722222222224,301.0,12.113098556922191,1.1638501392659509e-12,1680,150.0,3,0.0,,,ARC-noGraph,flash_step,204
480.0,16.039883711709578,0.0,410.60277777777776,301.0,5.686649548043603,5.206024620179288e-07,3342,475.0,9,0.0,,,ARC-noGraph,flash_step,205
1195.0,43.33783454474979,0.0,359.0180555555556,301.0,11.487311006888243,2.4766092176221167e-09,2325,90.0,8,0.0,,,ARC-noGraph,flash_step,206
20.0,0.2923363890600106,0.0,405.15694444444443,301.0,0.12997186475150113,0.012117889760286063,3321,0.0,8,0.0,,,ARC-noGraph,flash_step,207
880.0,34.98164408595714,0.0,389.33194444444445,301.0,8.476579198849933,3.9026331552679884e-08,2912,810.0,8,0.0,,,ARC-noGraph,flash_step,208
2725.0,57.649711767669686,0.0,441.9486111111111,301.0,11.77623936205444,5.0937061459294475e-11,2557,895.0,6,0.0,,,ARC-noGraph,flash_step,209
535.0,18.98828067418974,0.0,409.0472222222222,301.0,7.834088700888747,1.8796420336946126e-08,3451,10.0,9,0.0,,,ARC-noGraph,flash_step,210
10.0,0.09375226918778568,0.0,415.27222222222224,301.0,0.12997186475150113,0.7850728601939818,3395,5.0,8,5.0,,,ARC-noGraph,flash_step,211
2315.0,56.45609075434479,0.0,399.92083333333335,301.0,12.901219275395363,3.9567690740312804e-12,1936,50.0,6,0.0,,,ARC-noGraph,flash_step,212
75.0,1.621400642413362,0.0,421.3902777777778,301.0,0.12997186475150113,0.00411646386569219,3523,45.0,9,0.0,,,ARC-noGraph,flash_step,213
1340.0,40.920388901174675,0.0,426.11944444444447,301.0,13.652776345503225,6.684325434423011e-13,2787,1185.0,8,0.0,,,ARC-noGraph,flash_step,214
920.0,35.273165715445806,0.0,401.39722222222224,301.0,10.299182849084389,2.862261850025305e-10,3228,920.0,9,0.0,,,ARC-noGraph,flash_step,215
215.0,7.507019608675192,0.0,419.40972222222223,301.0,0.12997186475150116,1.9240712630463068e-07,3658,30.0,8,0.0,,,ARC-noGraph,flash_step,216
1305.0,35.42587621710987,0.0,437.81111111111113,301.0,10.463837148431443,3.386307081582341e-10,2946,1180.0,8,0.0,,,ARC-noGraph,flash_step,217
2635.0,57.28072753104774,0.0,416.63055555555553,301.0,13.424640894015017,3.4309666168534862e-12,1974,360.0,5,0.0,,,ARC-noGraph,flash_step,218
85.0,2.2203579331669387,0.0,403.7083333333333,301.0,0.12997186475150113,8.007332834453398e-06,3343,60.0,9,0.0,,,ARC-noGraph,flash_step,219
955.0,37.32094847715278,0.0,408.3,301.0,8.260887755754652,4.380716760540859e-08,3070,885.0,8,0.0,,,ARC-noGraph,flash_step,220
140.0,4.483360633643752,0.0,399.4736111111111,301.0,0.12997186475150113,6.319940062110989e-10,3510,5.0,9,0.0,,,ARC-noGraph,flash_step,221
685.0,24.954862514065155,0.0,413.925,301.0,11.92684273369229,2.8450577494954683e-11,3589,565.0,8,0.0,,,ARC-noGraph,flash_step,222
160.0,5.887566336831929,0.0,400.4625,301.0,0.12997186475150113,3.053399851460398e-06,3541,160.0,8,0.0,,,ARC-noGraph,flash_step,223
865.0,39.9015211879726,0.0,340.2583333333333,301.0,10.140561275340913,1.8567199202305873e-08,2326,65.0,9,0.0,,,ARC-noGraph,flash_step,224
1050.0,31.110253938548325,0.0,417.76944444444445,301.0,8.915529927492821,1.1253564344554291e-08,2915,1045.0,8,0.0,,,ARC-noGraph,flash_step,225
1175.0,40.01843561047409,0.0,399.2861111111111,301.0,13.99728357734592,1.0766284293042677e-11,2997,1055.0,8,0.0,,,ARC-noGraph,flash_step,226
895.0,34.71768980149218,0.0,387.22222222222223,301.0,10.709655948723036,3.68717063428535e-08,3126,890.0,9,0.0,,,ARC-noGraph,flash_step,227
95.0,3.633849993024163,0.0,405.46527777777777,301.0,0.12997186475150116,1.441471180639422e-08,3556,20.0,8,0.0,,,ARC-noGraph,flash_step,228
170.0,5.822096539658938,0.0,415.89166666666665,301.0,0.12997186475150113,9.210661265104995e-08,3626,165.0,8,0.0,,,ARC-noGraph,flash_step,229
2595.0,57.00707776649916,0.0,410.3666666666667,301.0,10.729357307033428,4.2857168412233964e-11,1997,330.0,6,35.0,,,ARC-bf,flash_step,200
940.0,30.29940275488946,0.0,404.71944444444443,301.0,11.950278001366101,5.839489284326776e-10,2788,930.0,8,0.0,,,ARC-bf,flash_step,201
980.0,37.05354429363814,0.0,401.1875,301.0,10.101133376139837,1.740587971192613e-10,2992,905.0,9,5.0,,,ARC-bf,flash_step,202
585.0,24.669058296313118,0.0,397.0722222222222,301.0,6.762049142365922,2.1546704628721327e-07,3330,445.0,10,0.0,,,ARC-bf,flash_step,203
270.0,9.352832924094812,0.0,408.25138888888887,301.0,0.1299718647515012,1.0057650019007802e-11,3492,190.0,8,0.0,,,ARC-bf,flash_step,204
4340.0,75.47164505118316,0.0,487.175,301.0,13.149803180009748,4.4581203484394e-12,1522,1200.0,4,0.0,,,ARC-bf,flash_step,205
2340.0,56.75737522370674,0.0,398.4236111111111,301.0,13.877031672187245,7.1442087305249804e-12,2036,65.0,7,0.0,,,ARC-bf,flash_step,206
15.0,0.20989851382571256,0.0,404.97083333333336,301.0,0.12997186475150113,0.11693036128328145,3308,0.0,8,0.0,,,ARC-bf,flash_step,207
1130.0,35.113821338380525,0.0,391.09444444444443,301.0,12.194660844846075,3.6541618758083386e-11,2668,95.0,8,0.0,,,ARC-bf,flash_step,208
1270.0,39.36975581834892,0.0,404.23055555555555,301.0,11.05603275141809,1.2906973125021098e-09,3179,965.0,9,50.0,,,ARC-bf,flash_step,209
505.0,18.46039233764728,0.0,410.3208333333333,301.0,7.1415188576337485,2.305494090826466e-09,3361,10.0,8,0.0,,,ARC-bf,flash_step,210
10.0,0.10216073778032131,0.0,415.4,301.0,0.12997186475150113,0.7850728601939818,3422,5.0,8,5.0,,,ARC-bf,flash_step,211
2315.0,56.668980648801394,0.0,396.5416666666667,301.0,11.573351219389936,4.928313328418521e-12,2017,45.0,7,0.0,,,ARC-bf,flash_step,212
80.0,1.7999223719378565,0.0,421.1097222222222,301.0,0.12997186475150113,0.0009238020253978885,3468,45.0,9,0.0,,,ARC-bf,flash_step,213
1100.0,38.892467563354174,0.0,414.91527777777776,301.0,13.243246912783391,2.071381900409407e-12,3060,1010.0,8,0.0,,,ARC-bf,flash_step,214
920.0,35.469199161508435,0.0,396.79305555555555,301.0,10.55699235822885,1.6982379213013465e-10,3131,920.0,9,0.0,,,ARC-bf,flash_step,215
105.0,4.471283914686907,0.0,418.88055555555553,301.0,0.12997186475150113,0.00010257738391075856,3619,30.0,8,0.0,,,ARC-bf,flash_step,216
960.0,31.879219146682438,0.0,420.7083333333333,301.0,10.144867662616928,1.078236991890981e-07,3018,960.0,9,0.0,,,ARC-bf,flash_step,217
2640.0,57.3454351043091,0.0,411.68055555555554,301.0,13.144740372007446,2.156642450629981e-12,1989,360.0,6,0.0,,,ARC-bf,flash_step,218
1060.0,33.22467408349321,0.0,409.9638888888889,301.0,12.733590690231761,1.1851277962722837e-11,2773,1045.0,9,0.0,,,ARC-bf,flash_step,219
1190.0,40.40954470651923,0.0,399.09305555555557,301.0,9.305660840007643,5.945462665112827e-10,2913,895.0,8,0.0,,,ARC-bf,flash_step,220
140.0,4.4369549338153735,0.0,394.6402777777778,301.0,0.12997186475150113,9.309070481179651e-10,3416,5.0,9,0.0,,,ARC-bf,flash_step,221
4655.0,79.1361597302189,0.0,496.24583333333334,301.0,11.7113954378358,3.846973321358846e-12,1593,550.0,2,0.0,,,ARC-bf,flash_step,222
4095.0,72.32514860800013,0.0,475.09444444444443,301.0,12.85274320788121,2.1429063938730463e-12,1619,1200.0,4,0.0,,,ARC-bf,flash_step,223
2255.0,50.93883023160004,0.0,398.05555555555554,301.0,13.628050807032901,1.4989550332945739e-12,1927,100.0,7,0.0,,,ARC-bf,flash_step,224
570.0,19.474339087847113,0.0,411.1347222222222,301.0,6.123151669107154,3.568527307035323e-08,3069,570.0,8,0.0,,,ARC-bf,flash_step,225
1065.0,32.0020888044266,0.0,389.7319444444444,301.0,10.409260174100027,1.1376394313032709e-10,2827,20.0,9,0.0,,,ARC-bf,flash_step,226
895.0,34.64802636069977,0.0,387.8125,301.0,10.581553026161911,2.697658752544967e-08,3127,890.0,9,0.0,,,ARC-bf,flash_step,227
170.0,6.334213651297249,0.0,408.78194444444443,301.0,0.12997186475150116,3.75883966011966e-07,3638,80.0,8,0.0,,,ARC-bf,flash_step,228
900.0,30.19117486068771,0.0,416.85833333333335,301.0,7.053315191846357,7.853600279545643e-07,2992,900.0,8,0.0,,,ARC-bf,flash_step,229
1090.0,19.184084370225072,0.0,363.45972222222224,301.0,12.129971864751502,1.3643658021441705e-12,550,340.0,0,0.0,,,HPA,kill_cascade,200
6600.0,99.99999941812456,0.0,551.8333333333334,301.0,12.129971864751502,9.874348217695747e-12,231,1200.0,0,0.0,,,HPA,kill_cascade,201
2835.0,43.373939124762764,0.0,453.4472222222222,301.0,12.129971864751502,1.3760386965436448e-13,565,1200.0,0,0.0,,,HPA,kill_cascade,202
555.0,8.567962806858208,0.0,316.59722222222223,301.0,12.129971864751502,9.852828441744935e-13,460,535.0,0,0.0,,,HPA,kill_cascade,203
2325.0,30.920516442385583,0.0,417.2013888888889,301.0,12.123151669107152,4.1542805936835536e-11,362,190.0,0,0.0,,,HPA,kill_cascade,204
6600.0,99.9999995135066,0.0,551.8333333333334,301.0,12.129971864751502,3.153379882424035e-11,264,1200.0,0,0.0,,,HPA,kill_cascade,205
2440.0,42.16205755446069,0.0,397.6625,301.0,13.531272163642942,1.190170275007338e-12,372,1200.0,0,0.0,,,HPA,kill_cascade,206
6600.0,99.9999999562616,0.0,551.8333333333334,301.0,18.1299718647515,5.001250316742783e-15,204,1200.0,0,0.0,,,HPA,kill_cascade,207
2790.0,42.72467644625838,0.0,451.74583333333334,301.0,12.129971864751502,3.1481338397101757e-13,576,1200.0,0,0.0,,,HPA,kill_cascade,208
1070.0,18.192128946520047,0.0,339.9736111111111,301.0,12.129971864751502,4.378080791864239e-13,453,1030.0,0,0.0,,,HPA,kill_cascade,209
2325.0,30.97456705778616,0.0,414.7708333333333,301.0,12.129971864751502,2.134307172119339e-11,406,720.0,0,0.0,,,HPA,kill_cascade,210
6600.0,99.99999939837525,0.0,551.8333333333334,301.0,12.129971864751502,2.280061736592304e-11,261,1200.0,0,0.0,,,HPA,kill_cascade,211
2410.0,41.954700605978566,0.0,397.5083333333333,301.0,12.456042246039548,3.900532480217581e-13,343,1200.0,0,0.0,,,HPA,kill_cascade,212
6600.0,99.99999983392233,0.0,551.8333333333334,301.0,15.111626188937812,8.547037297341555e-13,242,1200.0,0,0.0,,,HPA,kill_cascade,213
2905.0,44.17446047345898,0.0,412.5888888888889,301.0,15.123909735027151,2.1058922440950333e-13,372,1200.0,0,0.0,,,HPA,kill_cascade,214
4900.0,76.76181691339102,0.0,469.22222222222223,301.0,12.129971864751502,4.163778417409082e-13,319,1200.0,0,0.0,,,HPA,kill_cascade,215
2325.0,30.948643088034288,0.0,416.40555555555557,301.0,12.129971864751502,7.316850229099916e-11,412,140.0,0,0.0,,,HPA,kill_cascade,216
6600.0,99.999999676065,0.0,551.8333333333334,301.0,12.129971864751502,1.5802255217636427e-11,237,1200.0,0,0.0,,,HPA,kill_cascade,217
365.0,7.0951899964768135,0.0,292.88194444444446,301.0,11.07777383771254,2.0792779629522315e-13,357,365.0,0,0.0,,,HPA,kill_cascade,218
6600.0,99.99999992369447,0.0,551.8333333333334,301.0,18.1299718647515,4.541462279296541e-15,214,1200.0,0,0.0,,,HPA,kill_cascade,219
2845.0,43.739388548032146,0.0,410.87916666666666,301.0,12.129971864751502,7.471517223051227e-14,328,1185.0,0,0.0,,,HPA,kill_cascade,220
2710.0,40.281177962465065,0.0,420.85277777777776,301.0,12.129971864751502,2.4238153211107533e-12,433,835.0,0,0.0,,,HPA,kill_cascade,221
2325.0,30.958839494988656,0.0,416.6222222222222,301.0,12.129971864751502,2.907752891109265e-11,399,590.0,0,0.0,,,HPA,kill_cascade,222
6600.0,99.99999968763818,0.0,551.8333333333334,301.0,12.129971864751502,2.1331649708203213e-11,255,1200.0,0,0.0,,,HPA,kill_cascade,223
2440.0,42.235997855749275,0.0,398.00694444444446,301.0,12.129971864751502,1.1120793080400414e-11,365,1200.0,0,0.0,,,HPA,kill_cascade,224
6600.0,99.99999946243818,0.0,551.8333333333334,301.0,15.111626188937812,1.1834663103585728e-13,256,1200.0,0,0.0,,,HPA,kill_cascade,225
3050.0,46.269536631158914,0.0,435.725,301.0,12.129971864751502,7.819662372989493e-13,448,1200.0,0,0.0,,,HPA,kill_cascade,226
4870.0,76.16311929810924,0.0,467.3833333333333,301.0,12.129971864751502,3.2457576667303384e-13,316,1200.0,0,0.0,,,HPA,kill_cascade,227
2330.0,31.040169257815855,0.0,417.1069444444444,301.0,12.129971864751502,4.9951798335378e-11,401,135.0,0,0.0,,,HPA,kill_cascade,228
6600.0,99.99999973210338,0.0,551.8333333333334,301.0,12.129971864751502,2.16242720662197e-11,257,1200.0,0,0.0,,,HPA,kill_cascade,229
340.0,6.57816368069909,0.0,351.32916666666665,301.0,1.0117166613318964,9.718195628506793e-12,361,340.0,0,0.0,,,HPA-45,kill_cascade,200
4535.0,70.60222070041183,0.0,478.8236111111111,301.0,14.26755833986501,9.915600098528206e-13,240,1195.0,0,0.0,,,HPA-45,kill_cascade,201
2740.0,42.150090703254925,0.0,433.69166666666666,301.0,12.123151669107152,1.4350606634219283e-12,321,1200.0,0,0.0,,,HPA-45,kill_cascade,202
2670.0,39.340523258426096,0.0,455.7708333333333,301.0,12.129971864751502,7.935193007943553e-11,395,535.0,0,0.0,,,HPA-45,kill_cascade,203
2325.0,30.920516616708916,0.0,461.5416666666667,301.0,12.129971864751502,5.846950451043889e-11,336,190.0,0,0.0,,,HPA-45,kill_cascade,204
4780.0,75.23916735327622,0.0,483.65416666666664,301.0,12.994344686238902,1.4666416492692579e-12,260,1200.0,0,0.0,,,HPA-45,kill_cascade,205
65.0,0.8795559171503764,0.0,342.04583333333335,301.0,0.12997186475150113,4.647473583185702e-06,311,65.0,0,0.0,,,HPA-45,kill_cascade,206
6600.0,99.99999998901214,0.0,551.8333333333334,301.0,15.129971864751502,2.362104283039017e-14,179,1200.0,0,0.0,,,HPA-45,kill_cascade,207
2705.0,41.57557258389998,0.0,429.4347222222222,301.0,12.123151669107152,6.644721151473411e-11,354,1200.0,0,0.0,,,HPA-45,kill_cascade,208
4955.0,77.74633280000299,0.0,492.3569444444444,301.0,12.167523042813757,3.6738476699668353e-13,268,1200.0,0,0.0,,,HPA-45,kill_cascade,209
2325.0,30.972644313085972,0.0,459.14722222222224,301.0,12.129971864751502,9.157340263957052e-12,347,720.0,0,0.0,,,HPA-45,kill_cascade,210
6600.0,99.99999927486559,0.0,551.8333333333334,301.0,12.129971864751502,6.98671373574345e-11,253,1200.0,0,0.0,,,HPA-45,kill_cascade,211
2415.0,41.95498162857913,0.0,435.60833333333335,301.0,13.71930814422557,4.646867415124316e-13,319,1200.0,0,0.0,,,HPA-45,kill_cascade,212
0.0,0.0,0.0,326.1277777777778,205.0,0.12997186475150113,1.0,160,0.0,0,0.0,,,HPA-45,kill_cascade,213
2865.0,43.93453013183573,0.0,441.91527777777776,301.0,15.129971864751502,3.238779019591949e-13,315,1185.0,0,0.0,,,HPA-45,kill_cascade,214
980.0,16.000228757536195,0.0,395.14722222222224,301.0,12.118134897898443,9.235927215636599e-12,455,975.0,0,0.0,,,HPA-45,kill_cascade,215
2325.0,30.946583829647743,0.0,458.90555555555557,301.0,12.129971864751502,7.574954010194656e-11,341,140.0,0,0.0,,,HPA-45,kill_cascade,216
4800.0,75.39589475437516,0.0,484.95694444444445,301.0,15.129971864751502,1.0601945993118328e-12,280,1185.0,0,0.0,,,HPA-45,kill_cascade,217
365.0,7.084199034396843,0.0,351.6041666666667,301.0,9.123151669107152,5.48967170939805e-12,360,365.0,0,0.0,,,HPA-45,kill_cascade,218
5090.0,78.81083810615253,0.0,500.7111111111111,301.0,15.129971864751502,6.459417797443089e-13,259,1200.0,0,0.0,,,HPA-45,kill_cascade,219
2820.0,43.59985246754591,0.0,440.1152777777778,301.0,12.123151669107152,4.029925629198806e-13,324,1185.0,0,0.0,,,HPA-45,kill_cascade,220
2670.0,39.24480481240925,0.0,457.83194444444445,301.0,12.123151669107152,3.3926869459285657e-12,397,835.0,0,0.0,,,HPA-45,kill_cascade,221
590.0,8.798949019572467,0.0,390.1513888888889,301.0,11.996698273457163,3.5936063534945804e-12,345,590.0,0,0.0,,,HPA-45,kill_cascade,222
6600.0,99.99999971231503,0.0,551.8333333333334,301.0,12.129971864751502,1.0368038835583787e-11,231,1200.0,0,0.0,,,HPA-45,kill_cascade,223
2440.0,42.23462355592446,0.0,437.125,301.0,13.58981604438479,3.468896135817885e-13,322,1200.0,0,0.0,,,HPA-45,kill_cascade,224
4615.0,71.6993117074969,0.0,480.9555555555556,301.0,15.129971864751502,3.4047823929681655e-13,244,1195.0,0,0.0,,,HPA-45,kill_cascade,225
2950.0,45.12873732219235,0.0,444.2583333333333,301.0,12.129971864751502,1.4780922414356656e-11,329,1200.0,0,0.0,,,HPA-45,kill_cascade,226
945.0,15.369369508813158,0.0,397.1402777777778,301.0,12.118134897898443,7.972960087642912e-11,461,945.0,0,0.0,,,HPA-45,kill_cascade,227
120.0,1.2389073084760338,0.0,366.2,301.0,0.12997186475150113,2.5376041630580556e-09,367,120.0,0,0.0,,,HPA-45,kill_cascade,228
6600.0,99.9999995994328,0.0,551.8333333333334,301.0,12.129971864751502,4.74741987706082e-11,237,1200.0,0,0.0,,,HPA-45,kill_cascade,229
325.0,6.366065359377182,0.0,388.75416666666666,301.0,0.13081493848612796,3.810223593316273e-11,426,325.0,0,0.0,,,PredHPA,kill_cascade,200
4535.0,70.54189634978796,0.0,508.0722222222222,301.0,9.139971027675404,1.572471396239153e-08,312,1195.0,0,0.0,,,PredHPA,kill_cascade,201
20.0,0.047273414140025505,0.0,445.55694444444447,301.0,0.12997186475150113,0.17733308935737652,445,10.0,0,0.0,,,PredHPA,kill_cascade,202
0.0,0.0,0.0,447.4763888888889,301.0,0.12997186475150113,1.0,464,0.0,0,0.0,,,PredHPA,kill_cascade,203
2325.0,30.920516332359394,0.0,526.525,301.0,12.129971864751502,9.76312980844544e-11,349,190.0,0,0.0,,,PredHPA,kill_cascade,204
6600.0,99.9999983226479,0.0,551.8333333333334,301.0,12.129971864751502,8.933044633039571e-11,185,1200.0,0,0.0,,,PredHPA,kill_cascade,205
0.0,0.0,0.0,374.3041666666667,301.0,0.12997186475150113,1.0,315,0.0,0,0.0,,,PredHPA,kill_cascade,206
0.0,0.0,0.0,437.34305555555557,301.0,0.12997186475150113,1.0,239,0.0,0,0.0,,,PredHPA,kill_cascade,207
2715.0,41.60157131704813,0.0,508.02222222222224,301.0,12.923492922874042,8.455572882127347e-13,470,1200.0,0,0.0,,,PredHPA,kill_cascade,208
5.0,0.00390037180656444,0.0,450.09027777777777,301.0,0.12997186475150113,0.9493421526919846,468,5.0,0,0.0,,,PredHPA,kill_cascade,209
2325.0,30.97264439906705,0.0,525.3694444444444,301.0,12.129971864751502,6.992449305505176e-11,344,720.0,0,0.0,,,PredHPA,kill_cascade,210
6600.0,99.9999993258299,0.0,551.8333333333334,301.0,12.123151669107152,6.544687067663168e-11,176,1200.0,0,0.0,,,PredHPA,kill_cascade,211
2400.0,41.947288656682055,0.0,467.45,301.0,12.113359142194872,3.9470818327266275e-11,341,1200.0,0,0.0,,,PredHPA,kill_cascade,212
6600.0,99.99999995064876,0.0,551.8333333333334,301.0,18.1299718647515,6.274942131510024e-15,205,1200.0,0,0.0,,,PredHPA,kill_cascade,213
0.0,0.0,0.0,450.4736111111111,301.0,0.12997186475150113,1.0,394,0.0,0,0.0,,,PredHPA,kill_cascade,214
975.0,15.882855162593712,0.0,477.2,301.0,12.123151669107152,1.4207386189154923e-12,503,975.0,0,0.0,,,PredHPA,kill_cascade,215
2325.0,30.946583228240954,0.0,529.3194444444445,301.0,11.951314376953086,1.768934797770575e-10,373,140.0,0,0.0,,,PredHPA,kill_cascade,216
6600.0,99.99999878366548,0.0,551.8333333333334,301.0,12.129971864751502,8.2544296713857e-11,178,1200.0,0,0.0,,,PredHPA,kill_cascade,217
0.0,0.0,0.0,381.96666666666664,301.0,0.12997186475150113,1.0,309,0.0,0,0.0,,,PredHPA,kill_cascade,218
5090.0,78.80485620386449,0.0,521.8013888888889,301.0,13.38439865509303,3.0201835795645166e-13,230,1200.0,0,0.0,,,PredHPA,kill_cascade,219
0.0,0.0,0.0,446.59027777777777,301.0,0.12997186475150113,1.0,395,0.0,0,0.0,,,PredHPA,kill_cascade,220
2670.0,39.2396462220622,0.0,508.43055555555554,301.0,12.129971864751502,1.0804410208152315e-10,387,835.0,0,0.0,,,PredHPA,kill_cascade,221
2325.0,30.95883920798652,0.0,528.9013888888888,301.0,12.129971864751502,9.575088745327342e-11,367,590.0,0,0.0,,,PredHPA,kill_cascade,222
6600.0,99.99999853205324,0.0,551.8333333333334,301.0,12.129971864751502,4.9622803113947213e-11,182,1200.0,0,0.0,,,PredHPA,kill_cascade,223
0.0,0.0,0.0,375.55555555555554,301.0,0.12997186475150113,1.0,312,0.0,0,0.0,,,PredHPA,kill_cascade,224
4615.0,71.69931142689867,0.0,516.0277777777778,301.0,12.129971864751502,6.488727356531199e-12,225,1195.0,0,0.0,,,PredHPA,kill_cascade,225
2945.0,45.11595313584378,0.0,513.9944444444444,301.0,12.123151669107152,9.349756971428587e-13,420,1200.0,0,0.0,,,PredHPA,kill_cascade,226
935.0,15.232094929938068,0.0,473.1,301.0,12.123151669107152,1.493548176430537e-12,504,935.0,0,0.0,,,PredHPA,kill_cascade,227
2325.0,31.031554076465117,0.0,527.9458333333333,301.0,12.129971864751502,9.876471942504127e-11,351,135.0,0,0.0,,,PredHPA,kill_cascade,228
6600.0,99.9999991572938,0.0,551.8333333333334,301.0,12.123151669107152,7.141408346506726e-11,188,1200.0,0,0.0,,,PredHPA,kill_cascade,229
330.0,6.647881909148201,0.0,321.3597222222222,301.0,0.2503536896017722,7.326501166055644e-10,2376,330.0,10,35.0,,,ARC,kill_cascade,200
55.0,0.8776632106069826,0.0,378.06805555555553,301.0,0.12997186475150113,1.8084488103081768e-05,3037,45.0,9,0.0,,,ARC,kill_cascade,201
110.0,1.8636668020442726,0.0,382.2708333333333,301.0,0.12997186475150113,2.9590512211057745e-07,3175,45.0,10,5.0,,,ARC,kill_cascade,202
0.0,0.0,0.0,365.1666666666667,301.0,0.12997186475150113,1.0,3387,0.0,10,0.0,,,ARC,kill_cascade,203
60.0,1.064471617687468,0.0,390.7375,301.0,0.12997186475150113,2.6970684726987286e-05,3501,60.0,9,0.0,,,ARC,kill_cascade,204
2255.0,34.44644821376883,0.0,444.15833333333336,301.0,12.12048976944095,2.4219665914448097e-10,2424,1200.0,7,0.0,,,ARC,kill_cascade,205
60.0,0.9162629265752287,0.0,319.30694444444447,301.0,0.12997186475150113,2.9538828701077826e-05,2367,60.0,10,0.0,,,ARC,kill_cascade,206
20.0,0.2816395591144327,0.0,374.08472222222224,301.0,0.12997186475150113,0.09511865548091404,3086,0.0,9,0.0,,,ARC,kill_cascade,207
205.0,3.8372719157393376,0.0,370.5083333333333,301.0,0.12997186475150113,8.779032698723012e-08,3098,65.0,10,0.0,,,ARC,kill_cascade,208
985.0,16.935626815354922,0.0,396.4875,301.0,9.123151669107154,7.260858383528161e-10,3094,985.0,9,0.0,,,ARC,kill_cascade,209
5.0,0.009303248693215416,0.0,388.6388888888889,301.0,0.12997186475150113,0.934608906998566,3636,0.0,9,0.0,,,ARC,kill_cascade,210
5.0,0.01934289345189022,0.0,386.1625,288.0,0.12997186475150113,0.7738914264480364,3223,5.0,9,5.0,,,ARC,kill_cascade,211
0.0,0.0,0.0,313.6166666666667,301.0,0.12997186475150113,1.0,2314,0.0,10,0.0,,,ARC,kill_cascade,212
15.0,0.16350666777963374,0.0,391.5,301.0,0.12997186475150113,0.3030729386769508,3256,0.0,10,0.0,,,ARC,kill_cascade,213
65.0,1.0174662734440565,0.0,391.7416666666667,301.0,0.12997186475150113,0.03208344915609849,3199,20.0,9,0.0,,,ARC,kill_cascade,214
70.0,1.3829605137115952,0.0,373.2680555555556,301.0,0.12997186475150113,5.153335556923464e-05,3443,70.0,10,0.0,,,ARC,kill_cascade,215
0.0,0.0,0.0,393.875,301.0,0.12997186475150113,1.0,3513,0.0,9,0.0,,,ARC,kill_cascade,216
55.0,0.6616269595180468,0.0,391.3958333333333,296.0,0.12997186475150113,6.109401160102923e-06,3335,55.0,10,0.0,,,ARC,kill_cascade,217
0.0,0.0,0.0,312.41527777777776,301.0,0.12997186475150113,1.0,2381,0.0,10,0.0,,,ARC,kill_cascade,218
65.0,0.8397803653507285,0.0,377.61805555555554,301.0,0.12997186475150113,0.00011080868796980333,3052,50.0,9,0.0,,,ARC,kill_cascade,219
175.0,3.0354467082933545,0.0,380.9222222222222,301.0,0.1299718647515012,4.321443697143984e-08,3214,110.0,10,0.0,,,ARC,kill_cascade,220
55.0,0.7766587922403034,0.0,374.70694444444445,301.0,0.12997186475150113,1.4410492565683538e-06,3418,55.0,10,0.0,,,ARC,kill_cascade,221
10.0,0.10753584907484681,0.0,395.30833333333334,301.0,0.12997186475150113,0.19845842495983126,3577,10.0,9,0.0,,,ARC,kill_cascade,222
4095.0,65.25535823363329,0.0,476.8666666666667,301.0,12.352519839951212,1.3297655980285957e-11,1557,1200.0,4,0.0,,,ARC,kill_cascade,223
55.0,0.9649732621557328,0.0,318.0361111111111,301.0,0.12997186475150113,5.0473032038541046e-08,2312,55.0,10,0.0,,,ARC,kill_cascade,224
75.0,0.9582775413907396,0.0,382.96805555555557,301.0,0.12997186475150113,6.462248239245065e-10,3130,70.0,10,0.0,,,ARC,kill_cascade,225
200.0,3.3724171572888317,0.0,373.34166666666664,301.0,0.12997186475150113,3.039750270538555e-09,3189,45.0,10,0.0,,,ARC,kill_cascade,226
60.0,1.0789546220280388,0.0,364.7888888888889,301.0,0.12997186475150113,8.16703846533672e-06,3455,55.0,10,0.0,,,ARC,kill_cascade,227
35.0,0.4124713993019724,0.0,380.75416666666666,301.0,0.12997186475150113,0.0070348688928592,3386,35.0,10,0.0,,,ARC,kill_cascade,228
60.0,1.0072185410269885,0.0,386.80833333333334,301.0,0.12997186475150113,5.720685266520776e-07,3284,60.0,8,0.0,,,ARC,kill_cascade,229
330.0,6.6477898476027475,0.0,322.89722222222224,301.0,0.24737191438525058,1.1362335890742583e-09,2437,330.0,10,35.0,,,ARC-noGraph,kill_cascade,200
75.0,1.0846152392807507,0.0,382.1694444444444,301.0,0.12997186475150113,1.8084488103081768e-05,3180,55.0,10,40.0,,,ARC-noGraph,kill_cascade,201
1745.0,26.216817651158674,0.0,435.12916666666666,301.0,10.253117897237308,4.3863140572606674e-11,2979,240.0,7,0.0,,,ARC-noGraph,kill_cascade,202
0.0,0.0,0.0,366.1125,301.0,0.12997186475150113,1.0,3389,0.0,10,0.0,,,ARC-noGraph,kill_cascade,203
55.0,0.9797718606883166,0.0,391.0180555555556,301.0,0.12997186475150113,3.577410544769284e-05,3576,55.0,9,0.0,,,ARC-noGraph,kill_cascade,204
4340.0,68.87100354713708,0.0,489.8777777777778,301.0,12.10865280258789,7.99856754291433e-10,1579,1200.0,3,0.0,,,ARC-noGraph,kill_cascade,205
55.0,0.8910086555052321,0.0,320.2861111111111,301.0,0.12997186475150113,2.860997599656171e-06,2450,55.0,10,0.0,,,ARC-noGraph,kill_cascade,206
15.0,0.2601483469194532,0.0,374.98333333333335,301.0,0.12997186475150113,0.11693036128328145,3206,0.0,9,0.0,,,ARC-noGraph,kill_cascade,207
200.0,3.7879119484509727,0.0,374.6430555555556,301.0,0.12997186475150113,4.264730969518693e-08,3436,60.0,9,0.0,,,ARC-noGraph,kill_cascade,208
0.0,0.0,0.0,367.0888888888889,301.0,0.12997186475150113,1.0,3284,0.0,10,0.0,,,ARC-noGraph,kill_cascade,209
0.0,0.002508231107301029,0.0,386.68333333333334,301.0,0.12997186475150113,0.9823700323387066,3548,0.0,9,0.0,,,ARC-noGraph,kill_cascade,210
5.0,0.022525158898389908,0.0,385.21666666666664,283.0,0.12997186475150113,0.7738914264480364,3175,5.0,9,5.0,,,ARC-noGraph,kill_cascade,211
35.0,0.5386386230460505,0.0,315.79583333333335,301.0,0.12997186475150113,8.646948766059525e-09,2327,35.0,10,0.0,,,ARC-noGraph,kill_cascade,212
10.0,0.07102175023429025,0.0,390.92083333333335,301.0,0.12997186475150113,0.7260144285229634,3250,0.0,10,0.0,,,ARC-noGraph,kill_cascade,213
70.0,1.0434307943617327,0.0,391.47083333333336,301.0,0.12997186475150113,0.03208344915609849,3253,25.0,9,0.0,,,ARC-noGraph,kill_cascade,214
925.0,15.723221696475886,0.0,396.25,301.0,9.116835434733883,2.293467604362276e-09,3199,925.0,9,0.0,,,ARC-noGraph,kill_cascade,215
0.0,0.0,0.0,392.98055555555555,301.0,0.12997186475150113,1.0,3523,0.0,10,0.0,,,ARC-noGraph,kill_cascade,216
55.0,0.6824902396260546,0.0,397.31388888888887,301.0,0.12997186475150113,3.6123273636672523e-06,3443,55.0,10,0.0,,,ARC-noGraph,kill_cascade,217
0.0,0.0,0.0,311.87361111111113,301.0,0.12997186475150113,1.0,2350,0.0,10,0.0,,,ARC-noGraph,kill_cascade,218
60.0,0.7663845072640729,0.0,382.12916666666666,301.0,0.12997186475150113,0.00011080868796980333,3162,45.0,9,0.0,,,ARC-noGraph,kill_cascade,219
205.0,3.417918187767577,0.0,384.59444444444443,301.0,0.12997186475150116,1.4279307464607268e-08,3443,135.0,9,15.0,,,ARC-noGraph,kill_cascade,220
790.0,12.992092407873512,0.0,393.50555555555553,301.0,9.119330886181194,8.750901516763143e-10,3138,790.0,9,0.0,,,ARC-noGraph,kill_cascade,221
5.0,0.07673254769714477,0.0,396.725,301.0,0.12997186475150113,0.19845842495983126,3495,5.0,9,0.0,,,ARC-noGraph,kill_cascade,222
45.0,0.5338115767971607,0.0,372.35277777777776,301.0,0.12997186475150113,0.00023191341883642606,3262,45.0,10,0.0,,,ARC-noGraph,kill_cascade,223
50.0,0.9220029980560263,0.0,318.0777777777778,301.0,0.12997186475150113,5.238007065859352e-07,2417,50.0,10,0.0,,,ARC-noGraph,kill_cascade,224
85.0,1.0279933275644138,0.0,386.35,301.0,0.12997186475150113,1.6143932224114634e-09,3252,50.0,10,0.0,,,ARC-noGraph,kill_cascade,225
190.0,3.0122706182821313,0.0,376.475,301.0,0.1299718647515012,1.9024605177897355e-07,3537,40.0,9,0.0,,,ARC-noGraph,kill_cascade,226
60.0,1.1125717646981892,0.0,363.1847222222222,301.0,0.12997186475150113,6.477146910770759e-07,3488,55.0,10,0.0,,,ARC-noGraph,kill_cascade,227
40.0,0.45502431428321444,0.0,383.5375,301.0,0.12997186475150113,0.0070348688928592,3414,40.0,9,0.0,,,ARC-noGraph,kill_cascade,228
55.0,0.8388729090188618,0.0,387.15277777777777,301.0,0.12997186475150113,6.015858339015751e-07,3457,55.0,9,0.0,,,ARC-noGraph,kill_cascade,229
320.0,6.619412811904568,0.0,313.60555555555555,301.0,0.12997186475150113,1.4653553555683132e-05,2320,320.0,10,35.0,,,ARC-bf,kill_cascade,200
70.0,1.0945003259843378,0.0,377.43194444444447,301.0,0.12997186475150113,1.8084488103081768e-05,3069,60.0,9,0.0,,,ARC-bf,kill_cascade,201
195.0,3.3071487249368037,0.0,381.49444444444447,301.0,0.12997186475150113,2.2941469432319288e-10,3172,80.0,9,0.0,,,ARC-bf,kill_cascade,202
0.0,0.0,0.0,365.1666666666667,301.0,0.12997186475150113,1.0,3386,0.0,10,0.0,,,ARC-bf,kill_cascade,203
90.0,1.4760060453256174,0.0,386.15416666666664,301.0,0.12997186475150113,2.9144770888759542e-05,3425,90.0,9,0.0,,,ARC-bf,kill_cascade,204
4340.0,68.86702280534807,0.0,476.4625,301.0,11.675488218989582,2.692739830339776e-10,1490,1200.0,4,0.0,,,ARC-bf,kill_cascade,205
55.0,0.9036736058095629,0.0,317.5416666666667,301.0,0.12997186475150113,2.9538828701077826e-05,2404,55.0,10,0.0,,,ARC-bf,kill_cascade,206
20.0,0.2816395591144327,0.0,374.08472222222224,301.0,0.12997186475150113,0.09511865548091404,3086,0.0,9,0.0,,,ARC-bf,kill_cascade,207
1840.0,33.162566288062514,0.0,399.5180555555556,301.0,12.123151669107152,3.0518601789936704e-10,2391,60.0,7,0.0,,,ARC-bf,kill_cascade,208
980.0,16.928958583804754,0.0,389.5513888888889,301.0,9.734184562738328,2.2206722540891664e-09,3032,980.0,9,0.0,,,ARC-bf,kill_cascade,209
5.0,0.009303248693215416,0.0,388.63055555555553,301.0,0.12997186475150113,0.934608906998566,3635,0.0,9,0.0,,,ARC-bf,kill_cascade,210
5.0,0.01934289345189022,0.0,386.1625,288.0,0.12997186475150113,0.7738914264480364,3223,5.0,9,5.0,,,ARC-bf,kill_cascade,211
0.0,0.0,0.0,313.6166666666667,301.0,0.12997186475150113,1.0,2314,0.0,10,0.0,,,ARC-bf,kill_cascade,212
15.0,0.16350666777963374,0.0,391.5,301.0,0.12997186475150113,0.3030729386769508,3256,0.0,10,0.0,,,ARC-bf,kill_cascade,213
65.0,1.0174662734440565,0.0,391.7416666666667,301.0,0.12997186475150113,0.03208344915609849,3199,20.0,9,0.0,,,ARC-bf,kill_cascade,214
75.0,1.3916154704249006,0.0,369.3611111111111,301.0,0.12997186475150113,5.153335556923464e-05,3421,75.0,10,0.0,,,ARC-bf,kill_cascade,215
0.0,0.0,0.0,393.875,301.0,0.12997186475150113,1.0,3513,0.0,9,0.0,,,ARC-bf,kill_cascade,216
55.0,0.6459533683366492,0.0,390.5097222222222,298.0,0.12997186475150113,6.109401160102923e-06,3260,55.0,9,0.0,,,ARC-bf,kill_cascade,217
0.0,0.0,0.0,312.41527777777776,301.0,0.12997186475150113,1.0,2381,0.0,10,0.0,,,ARC-bf,kill_cascade,218
65.0,0.8365850024611099,0.0,375.18611111111113,301.0,0.12997186475150113,0.00011080868796980333,3004,50.0,9,0.0,,,ARC-bf,kill_cascade,219
190.0,3.16509005615776,0.0,373.825,301.0,0.12997186475150116,4.321443697143984e-08,3103,120.0,10,0.0,,,ARC-bf,kill_cascade,220
785.0,12.986326833651097,0.0,385.3041666666667,301.0,9.116960207306247,3.125067455661193e-10,3058,785.0,9,0.0,,,ARC-bf,kill_cascade,221
10.0,0.10753584907484681,0.0,394.7083333333333,301.0,0.12997186475150116,0.19845842495983126,3434,10.0,9,0.0,,,ARC-bf,kill_cascade,222
120.0,2.040781670696068,0.0,365.64444444444445,264.0,0.12997186475150113,3.7851490009581136e-05,3129,120.0,10,0.0,,,ARC-bf,kill_cascade,223
55.0,0.9412472063430433,0.0,317.8861111111111,301.0,0.12997186475150113,1.0399906386466245e-07,2294,55.0,10,0.0,,,ARC-bf,kill_cascade,224
140.0,2.0802238368607506,0.0,381.0777777777778,301.0,0.12997186475150113,6.462248239245065e-10,3082,135.0,9,0.0,,,ARC-bf,kill_cascade,225
335.0,4.664379447291267,0.0,363.3986111111111,301.0,0.2025284806564231,1.7027069037641035e-08,2969,50.0,10,0.0,,,ARC-bf,kill_cascade,226
130.0,2.448213580741032,0.0,360.8361111111111,301.0,0.12997186475150113,7.903939412416065e-06,3484,125.0,10,0.0,,,ARC-bf,kill_cascade,227
40.0,0.4442237003741578,0.0,380.43611111111113,301.0,0.12997186475150113,0.0070348688928592,3454,40.0,9,0.0,,,ARC-bf,kill_cascade,228
1965.0,30.36940762321433,0.0,428.47777777777776,301.0,10.70708385788354,1.3028643912341128e-09,2348,1195.0,7,0.0,,,ARC-bf,kill_cascade,229
750.0,12.532589874372723,0.0,315.00694444444446,301.0,12.129971864751502,6.726645795673317e-11,368,0.0,0,0.0,,,HPA,node_failure,200
6600.0,99.99999947022945,0.0,551.8333333333334,301.0,12.129971864751502,8.38122388369602e-12,231,1200.0,0,0.0,,,HPA,node_failure,201
2835.0,43.3741811698239,0.0,453.61805555555554,301.0,12.129971864751502,5.507947312765237e-14,541,1200.0,0,0.0,,,HPA,node_failure,202
3925.0,60.38349046082142,0.0,420.94444444444446,301.0,12.129971864751502,3.1061810758293493e-12,306,645.0,0,0.0,,,HPA,node_failure,203
2510.0,33.49764650230874,0.0,412.06805555555553,301.0,12.123151669107152,2.3474938792138306e-11,367,190.0,0,0.0,,,HPA,node_failure,204
6600.0,99.99999953649986,0.0,551.8333333333334,301.0,15.123909735027151,1.9133335740504305e-12,254,1200.0,0,0.0,,,HPA,node_failure,205
2425.0,42.10834213940793,0.0,396.20416666666665,301.0,13.52988694067053,6.732882380244161e-13,359,1200.0,0,0.0,,,HPA,node_failure,206
6600.0,99.99999993024312,0.0,551.8333333333334,301.0,18.1299718647515,5.165576710466118e-15,197,1200.0,0,0.0,,,HPA,node_failure,207
2790.0,42.72322908049407,0.0,451.68888888888887,301.0,12.129971864751502,3.919416003133364e-14,542,1200.0,0,0.0,,,HPA,node_failure,208
1050.0,17.777447932056944,0.0,338.55833333333334,301.0,12.129971864751502,1.5133083550298607e-13,450,1005.0,0,0.0,,,HPA,node_failure,209
2325.0,30.974567049575086,0.0,413.7472222222222,301.0,12.129971864751502,2.4823165198778102e-11,411,720.0,0,0.0,,,HPA,node_failure,210
6600.0,99.9999992645855,0.0,551.8333333333334,301.0,12.129971864751502,2.2738534833860665e-11,261,1200.0,0,0.0,,,HPA,node_failure,211
2410.0,41.97843131368221,0.0,396.7111111111111,301.0,13.816056001104803,1.3369625237657908e-12,343,1200.0,0,0.0,,,HPA,node_failure,212
6600.0,99.99999983407142,0.0,551.8333333333334,301.0,15.111626188937812,8.542016899001165e-13,239,1200.0,0,0.0,,,HPA,node_failure,213
15.0,0.06779865953817632,0.0,240.4611111111111,158.0,0.12997186475150113,0.558385065005292,203,10.0,0,0.0,,,HPA,node_failure,214
980.0,15.94809736788122,0.0,337.34027777777777,301.0,12.129971864751502,2.547445757940892e-13,467,975.0,0,0.0,,,HPA,node_failure,215
2325.0,30.948643187456305,0.0,417.14444444444445,301.0,12.129971864751502,7.316850229099916e-11,409,140.0,0,0.0,,,HPA,node_failure,216
6600.0,99.99999952787981,0.0,551.8333333333334,301.0,12.129971864751502,1.7230921170043086e-11,252,1200.0,0,0.0,,,HPA,node_failure,217
0.0,0.0,0.0,242.6513888888889,167.0,0.12997186475150113,1.0,188,0.0,0,0.0,,,HPA,node_failure,218
6600.0,99.99999992743581,0.0,551.8333333333334,301.0,18.1299718647515,4.468214763835329e-15,202,1200.0,0,0.0,,,HPA,node_failure,219
2815.0,43.55637476413873,0.0,410.2402777777778,301.0,12.129971864751502,9.685128577916748e-14,349,1175.0,0,0.0,,,HPA,node_failure,220
2710.0,40.258077808251414,0.0,421.3638888888889,301.0,12.204363330659882,2.4238153211107533e-12,429,835.0,0,0.0,,,HPA,node_failure,221
2525.0,33.60315116752245,0.0,411.16527777777776,301.0,12.129971864751502,1.1922520948683415e-13,391,590.0,0,0.0,,,HPA,node_failure,222
6600.0,99.99999962735114,0.0,551.8333333333334,301.0,12.129971864751502,2.5052143563826526e-11,255,1200.0,0,0.0,,,HPA,node_failure,223
0.0,0.0,0.0,244.53055555555557,165.0,0.12997186475150113,1.0,183,0.0,0,0.0,,,HPA,node_failure,224
6600.0,99.99999950208117,0.0,551.8333333333334,301.0,15.111626188937812,1.0222633463199522e-13,253,1200.0,0,0.0,,,HPA,node_failure,225
3050.0,46.26144217948337,0.0,434.54583333333335,301.0,12.129971864751502,4.020882079641306e-13,419,1200.0,0,0.0,,,HPA,node_failure,226
3235.0,49.1483535998023,0.0,431.6375,301.0,12.129971864751502,1.2359930215995187e-13,554,935.0,0,0.0,,,HPA,node_failure,227
2515.0,33.486688241762394,0.0,409.72083333333336,301.0,12.129971864751502,1.4174764748179135e-11,380,135.0,0,0.0,,,HPA,node_failure,228
6600.0,99.99999968118412,0.0,551.8333333333334,301.0,15.111626188937812,7.779500839742816e-13,278,1200.0,0,0.0,,,HPA,node_failure,229
0.0,0.0,0.0,320.0513888888889,225.0,0.12997186475150113,1.0,223,0.0,0,0.0,,,HPA-45,node_failure,200
4525.0,70.37155243025748,0.0,478.50694444444446,301.0,13.299159494627503,3.066537339930148e-13,233,1185.0,0,0.0,,,HPA-45,node_failure,201
2730.0,41.872996122388614,0.0,433.5236111111111,301.0,12.129971864751502,1.6040023524784328e-13,304,1195.0,0,0.0,,,HPA-45,node_failure,202
2670.0,39.34052330181259,0.0,457.01666666666665,301.0,12.129971864751502,1.67288982327013e-12,391,535.0,0,0.0,,,HPA-45,node_failure,203
2325.0,30.920516581470515,0.0,461.5138888888889,301.0,12.129971864751502,5.846950451043889e-11,343,190.0,0,0.0,,,HPA-45,node_failure,204
0.0,0.0,0.0,319.8777777777778,195.0,0.12997186475150113,1.0,176,0.0,0,0.0,,,HPA-45,node_failure,205
0.0,0.0,0.0,317.9222222222222,216.0,0.12997186475150113,1.0,219,0.0,0,0.0,,,HPA-45,node_failure,206
6600.0,99.99999994028009,0.0,551.8333333333334,301.0,15.129971864751502,1.3420191748657884e-14,191,1200.0,0,0.0,,,HPA-45,node_failure,207
2705.0,41.534261770516615,0.0,429.91805555555555,301.0,12.129971864751502,3.7974512726841125e-13,325,1200.0,0,0.0,,,HPA-45,node_failure,208
1005.0,16.653031130554098,0.0,395.73055555555555,301.0,15.111626188937812,1.0379548275857803e-12,437,1005.0,0,0.0,,,HPA-45,node_failure,209
2325.0,30.97264434275032,0.0,458.0027777777778,301.0,12.129971864751502,7.762128533131834e-12,344,720.0,0,0.0,,,HPA-45,node_failure,210
6600.0,99.99999941943642,0.0,551.8333333333334,301.0,12.129971864751502,4.79538448850963e-11,252,1200.0,0,0.0,,,HPA-45,node_failure,211
0.0,0.0,0.0,322.0444444444444,225.0,0.12997186475150113,1.0,209,0.0,0,0.0,,,HPA-45,node_failure,212
0.0,0.0,0.0,325.87638888888887,205.0,0.12997186475150113,1.0,157,0.0,0,0.0,,,HPA-45,node_failure,213
10.0,0.04428863055792043,0.0,318.2888888888889,214.0,0.12997186475150113,0.558385065005292,235,10.0,0,0.0,,,HPA-45,node_failure,214
960.0,15.542640799001095,0.0,395.06388888888887,301.0,12.129971864751502,1.0213705359202956e-11,452,955.0,0,0.0,,,HPA-45,node_failure,215
2325.0,30.946583849624986,0.0,457.98333333333335,301.0,12.129971864751502,7.574954010194656e-11,330,140.0,0,0.0,,,HPA-45,node_failure,216
0.0,0.0,0.0,321.8277777777778,199.0,0.12997186475150113,1.0,177,0.0,0,0.0,,,HPA-45,node_failure,217
0.0,0.0,0.0,320.59305555555557,227.0,0.12997186475150113,1.0,220,0.0,0,0.0,,,HPA-45,node_failure,218
0.0,0.0,0.0,325.8666666666667,210.0,0.12997186475150113,1.0,171,0.0,0,0.0,,,HPA-45,node_failure,219
0.0,0.0,0.0,311.8305555555556,202.0,0.12997186475150113,1.0,206,0.0,0,0.0,,,HPA-45,node_failure,220
2670.0,39.244804903163796,0.0,458.22777777777776,301.0,12.123151669107152,3.3926869459285657e-12,395,835.0,0,0.0,,,HPA-45,node_failure,221
0.0,0.0,0.0,335.8902777777778,220.0,0.12997186475150113,1.0,227,0.0,0,0.0,,,HPA-45,node_failure,222
6600.0,99.99999962747147,0.0,551.8333333333334,301.0,12.129971864751502,1.2161695539289873e-11,239,1200.0,0,0.0,,,HPA-45,node_failure,223
0.0,0.0,0.0,322.3222222222222,219.0,0.12997186475150113,1.0,211,0.0,0,0.0,,,HPA-45,node_failure,224
0.0,0.0,0.0,324.22222222222223,201.0,0.12997186475150113,1.0,162,0.0,0,0.0,,,HPA-45,node_failure,225
2950.0,45.114900878830845,0.0,444.175,301.0,12.454948068984734,1.0049529295906914e-12,334,1200.0,0,0.0,,,HPA-45,node_failure,226
935.0,15.256073912336799,0.0,395.97083333333336,301.0,12.123151669107152,9.22676003495789e-13,442,935.0,0,0.0,,,HPA-45,node_failure,227
0.0,0.0,0.0,327.7597222222222,221.0,0.12997186475150113,1.0,225,0.0,0,0.0,,,HPA-45,node_failure,228
6600.0,99.99999963930838,0.0,551.8333333333334,301.0,12.129971864751502,1.0645061389893589e-11,252,1200.0,0,0.0,,,HPA-45,node_failure,229
0.0,0.0,0.0,379.25416666666666,301.0,0.12997186475150113,1.0,315,0.0,0,0.0,,,PredHPA,node_failure,200
0.0,0.0,0.0,438.24444444444447,301.0,0.12997186475150113,1.0,240,0.0,0,0.0,,,PredHPA,node_failure,201
10.0,0.023805780466479298,0.0,446.2402777777778,301.0,0.12997186475150113,0.17733308935737652,445,0.0,0,0.0,,,PredHPA,node_failure,202
0.0,0.0,0.0,447.7291666666667,301.0,0.12997186475150113,1.0,459,0.0,0,0.0,,,PredHPA,node_failure,203
2325.0,30.920516281967135,0.0,526.1833333333333,301.0,12.129971864751502,9.76312980844544e-11,354,190.0,0,0.0,,,PredHPA,node_failure,204
6600.0,99.99999847631557,0.0,551.8333333333334,301.0,12.129971864751502,2.1024413688187748e-11,191,1200.0,0,0.0,,,PredHPA,node_failure,205
0.0,0.0,0.0,374.3041666666667,301.0,0.12997186475150113,1.0,315,0.0,0,0.0,,,PredHPA,node_failure,206
0.0,0.0,0.0,436.7125,301.0,0.12997186475150113,1.0,233,0.0,0,0.0,,,PredHPA,node_failure,207
10.0,0.02684315878199728,0.0,449.5527777777778,301.0,0.12997186475150113,0.0059180694707329905,449,0.0,0,0.0,,,PredHPA,node_failure,208
0.0,0.0,0.0,449.95972222222224,301.0,0.12997186475150113,1.0,471,0.0,0,0.0,,,PredHPA,node_failure,209
2325.0,30.972644411065886,0.0,525.4361111111111,301.0,12.129971864751502,4.5766737150292466e-11,342,720.0,0,0.0,,,PredHPA,node_failure,210
6600.0,99.99999946711372,0.0,551.8333333333334,301.0,12.123151669107152,4.373475322562557e-11,174,1200.0,0,0.0,,,PredHPA,node_failure,211
0.0,0.0,0.0,376.84583333333336,301.0,0.12997186475150113,1.0,301,0.0,0,0.0,,,PredHPA,node_failure,212
6600.0,99.9999999196346,0.0,551.8333333333334,301.0,15.129971864751502,1.9348843419121948e-14,205,1200.0,0,0.0,,,PredHPA,node_failure,213
0.0,0.0,0.0,449.7875,301.0,0.12997186475150113,1.0,396,0.0,0,0.0,,,PredHPA,node_failure,214
0.0,0.0,0.0,451.3041666666667,301.0,0.12997186475150113,1.0,457,0.0,0,0.0,,,PredHPA,node_failure,215
2325.0,30.94658325943166,0.0,527.5986111111112,301.0,12.074856342126456,1.768934797770575e-10,373,140.0,0,0.0,,,PredHPA,node_failure,216
6600.0,99.99999871906947,0.0,551.8333333333334,301.0,12.129971864751502,8.242094974485829e-11,176,1200.0,0,0.0,,,PredHPA,node_failure,217
0.0,0.0,0.0,382.3236111111111,301.0,0.12997186475150113,1.0,303,0.0,0,0.0,,,PredHPA,node_failure,218
0.0,0.0,0.0,437.09583333333336,301.0,0.12997186475150113,1.0,252,0.0,0,0.0,,,PredHPA,node_failure,219
0.0,0.0,0.0,447.3152777777778,301.0,0.12997186475150113,1.0,390,0.0,0,0.0,,,PredHPA,node_failure,220
2670.0,39.23964621241714,0.0,508.23055555555555,301.0,12.129971864751502,1.0804410208152315e-10,389,835.0,0,0.0,,,PredHPA,node_failure,221
2325.0,30.958839208529497,0.0,529.2597222222222,301.0,12.129971864751502,1.9778166637108288e-11,367,590.0,0,0.0,,,PredHPA,node_failure,222
6600.0,99.99999911957437,0.0,551.8333333333334,301.0,12.129971864751502,4.9581485458716876e-11,181,1200.0,0,0.0,,,PredHPA,node_failure,223
0.0,0.0,0.0,376.0736111111111,301.0,0.12997186475150113,1.0,314,0.0,0,0.0,,,PredHPA,node_failure,224
0.0,0.0,0.0,446.28333333333336,301.0,0.12997186475150113,1.0,270,0.0,0,0.0,,,PredHPA,node_failure,225
0.0,0.0,0.0,445.4347222222222,301.0,0.12997186475150113,1.0,407,0.0,0,0.0,,,PredHPA,node_failure,226
0.0,0.0,0.0,446.37916666666666,301.0,0.12997186475150113,1.0,463,0.0,0,0.0,,,PredHPA,node_failure,227
2330.0,31.040169081812895,0.0,528.3597222222222,301.0,12.129971864751502,9.876471942504127e-11,354,135.0,0,0.0,,,PredHPA,node_failure,228
6600.0,99.99999928458124,0.0,551.8333333333334,301.0,12.123151669107152,1.3406875137933145e-11,177,1200.0,0,0.0,,,PredHPA,node_failure,229
0.0,0.0,0.0,307.2625,301.0,0.12997186475150113,1.0,2363,0.0,10,0.0,,,ARC,node_failure,200
10.0,0.12388895876779271,0.0,373.8125,301.0,0.12997186475150113,0.4155003683889271,3085,0.0,10,0.0,,,ARC,node_failure,201
125.0,2.1203381304431557,0.0,382.6666666666667,301.0,0.12997186475150113,3.8434437831605396e-08,3200,65.0,10,5.0,,,ARC,node_failure,202
0.0,0.0,0.0,365.94166666666666,301.0,0.12997186475150113,1.0,3328,0.0,10,0.0,,,ARC,node_failure,203
0.0,0.0,0.0,384.3958333333333,301.0,0.12997186475150113,1.0,3459,0.0,9,0.0,,,ARC,node_failure,204
4340.0,68.8673802525998,0.0,489.325,301.0,12.866145407188235,1.2611558970640068e-11,1537,1200.0,3,0.0,,,ARC,node_failure,205
10.0,0.13089160686293733,0.0,316.1486111111111,301.0,0.12997186475150113,0.03536915673983056,2377,10.0,10,0.0,,,ARC,node_failure,206
35.0,0.477369621723156,0.0,372.80555555555554,301.0,0.12997186475150113,0.007135041100834254,3081,0.0,10,0.0,,,ARC,node_failure,207
150.0,2.5701226468661353,0.0,363.35555555555555,301.0,0.12997186475150113,4.2433131799270174e-08,3010,45.0,9,0.0,,,ARC,node_failure,208
0.0,0.0,0.0,367.0888888888889,301.0,0.12997186475150113,1.0,3345,0.0,10,0.0,,,ARC,node_failure,209
5.0,0.009303248693215416,0.0,387.5097222222222,301.0,0.12997186475150113,0.934608906998566,3524,0.0,9,0.0,,,ARC,node_failure,210
0.0,0.0,0.0,386.04027777777776,288.0,0.12997186475150113,1.0,3224,0.0,9,0.0,,,ARC,node_failure,211
0.0,0.0,0.0,313.73055555555555,301.0,0.12997186475150113,1.0,2401,0.0,10,0.0,,,ARC,node_failure,212
15.0,0.10104431518388468,0.0,392.4013888888889,301.0,0.12997186475150113,0.6463985425598846,3226,0.0,10,0.0,,,ARC,node_failure,213
70.0,1.058198646275832,0.0,391.7680555555556,301.0,0.12997186475150113,0.02277917865761944,3214,25.0,9,0.0,,,ARC,node_failure,214
0.0,0.0,0.0,368.22222222222223,301.0,0.12997186475150113,1.0,3347,0.0,10,0.0,,,ARC,node_failure,215
0.0,0.0,0.0,392.68333333333334,301.0,0.12997186475150113,1.0,3473,0.0,10,0.0,,,ARC,node_failure,216
10.0,0.014512499092611542,0.0,389.8638888888889,300.0,0.12997186475150113,0.8962861765217873,3333,10.0,10,0.0,,,ARC,node_failure,217
0.0,0.0,0.0,311.9638888888889,301.0,0.12997186475150113,1.0,2349,0.0,10,0.0,,,ARC,node_failure,218
0.0,0.0,0.0,369.23333333333335,301.0,0.12997186475150113,1.0,2972,0.0,9,0.0,,,ARC,node_failure,219
250.0,4.150967790472427,0.0,385.55833333333334,301.0,0.12997186475150116,6.161424069177313e-09,3257,135.0,9,15.0,,,ARC,node_failure,220
0.0,0.0,0.0,365.90416666666664,301.0,0.12997186475150113,1.0,3290,0.0,10,0.0,,,ARC,node_failure,221
0.0,0.0039666456826847885,0.0,393.7361111111111,301.0,0.12997186475150113,0.9724392531865511,3529,0.0,9,0.0,,,ARC,node_failure,222
0.0,0.0,0.0,362.4347222222222,254.0,0.12997186475150113,1.0,3114,0.0,10,0.0,,,ARC,node_failure,223
0.0,0.007272619344345088,0.0,315.2111111111111,301.0,0.12997186475150113,0.9508925619754314,2296,0.0,10,0.0,,,ARC,node_failure,224
35.0,0.4160336120683894,0.0,379.1222222222222,301.0,0.12997186475150113,0.035745892895795744,3087,0.0,10,0.0,,,ARC,node_failure,225
130.0,2.192750435584734,0.0,362.09027777777777,301.0,0.12997186475150113,2.589221145407548e-06,3107,25.0,9,0.0,,,ARC,node_failure,226
5.0,0.020733106889736508,0.0,357.95972222222224,301.0,0.12997186475150113,0.8635597744561421,3358,0.0,10,0.0,,,ARC,node_failure,227
0.0,0.0,0.0,377.2083333333333,301.0,0.12997186475150113,1.0,3446,0.0,10,0.0,,,ARC,node_failure,228
0.0,0.0,0.0,380.8027777777778,279.0,0.12997186475150113,1.0,3221,0.0,10,0.0,,,ARC,node_failure,229
0.0,0.0,0.0,306.7708333333333,301.0,0.12997186475150113,1.0,2321,0.0,10,0.0,,,ARC-noGraph,node_failure,200
20.0,0.20938458508608093,0.0,376.625,301.0,0.12997186475150113,0.3483045785404682,3109,0.0,10,0.0,,,ARC-noGraph,node_failure,201
105.0,1.8191493671174341,0.0,388.40277777777777,301.0,0.12997186475150113,1.254302845612869e-09,3406,45.0,9,0.0,,,ARC-noGraph,node_failure,202
0.0,0.0,0.0,366.4513888888889,301.0,0.12997186475150113,1.0,3404,0.0,10,0.0,,,ARC-noGraph,node_failure,203
0.0,0.0,0.0,384.10833333333335,301.0,0.12997186475150113,1.0,3435,0.0,9,0.0,,,ARC-noGraph,node_failure,204
4340.0,68.8710939173663,0.0,489.96527777777777,301.0,11.021917468917987,1.360612544201359e-10,1577,1200.0,3,0.0,,,ARC-noGraph,node_failure,205
10.0,0.13089160686293733,0.0,316.09444444444443,301.0,0.12997186475150113,0.03536915673983056,2340,10.0,10,0.0,,,ARC-noGraph,node_failure,206
20.0,0.3572809139980815,0.0,374.66527777777776,301.0,0.12997186475150113,0.01988120674282544,3203,0.0,9,0.0,,,ARC-noGraph,node_failure,207
160.0,2.81887744474566,0.0,372.7583333333333,301.0,0.12997186475150113,3.09065141774684e-07,3267,95.0,9,0.0,,,ARC-noGraph,node_failure,208
0.0,0.0,0.0,366.8541666666667,301.0,0.12997186475150113,1.0,3295,0.0,10,0.0,,,ARC-noGraph,node_failure,209
0.0,0.002508231107301029,0.0,386.6722222222222,301.0,0.12997186475150113,0.9823700323387066,3578,0.0,9,0.0,,,ARC-noGraph,node_failure,210
0.0,0.0,0.0,385.3027777777778,286.0,0.12997186475150113,1.0,3224,0.0,9,0.0,,,ARC-noGraph,node_failure,211
0.0,0.0,0.0,312.575,301.0,0.12997186475150113,1.0,2326,0.0,10,0.0,,,ARC-noGraph,node_failure,212
10.0,0.0938414081923411,0.0,390.9763888888889,301.0,0.12997186475150113,0.6463985425598846,3240,0.0,10,0.0,,,ARC-noGraph,node_failure,213
70.0,1.0434307943617327,0.0,391.34722222222223,301.0,0.12997186475150113,0.03208344915609849,3257,25.0,9,0.0,,,ARC-noGraph,node_failure,214
0.0,0.0,0.0,366.0986111111111,301.0,0.12997186475150113,1.0,3465,0.0,10,0.0,,,ARC-noGraph,node_failure,215
0.0,0.0,0.0,392.7583333333333,301.0,0.12997186475150113,1.0,3537,0.0,9,0.0,,,ARC-noGraph,node_failure,216
5.0,0.007607282062227494,0.0,389.46805555555557,300.0,0.12997186475150113,0.8962861765217873,3286,5.0,10,0.0,,,ARC-noGraph,node_failure,217
0.0,0.0,0.0,311.90833333333336,301.0,0.12997186475150113,1.0,2362,0.0,10,0.0,,,ARC-noGraph,node_failure,218
15.0,0.24694784448486828,0.0,370.98055555555555,301.0,0.12997186475150113,0.17303570540287422,3059,0.0,10,0.0,,,ARC-noGraph,node_failure,219
225.0,3.6390672581871453,0.0,384.68055555555554,301.0,0.12997186475150116,1.0707216106478949e-08,3436,160.0,9,15.0,,,ARC-noGraph,node_failure,220
0.0,0.0,0.0,366.35833333333335,301.0,0.12997186475150113,1.0,3299,0.0,10,0.0,,,ARC-noGraph,node_failure,221
0.0,0.0039666456826847885,0.0,394.2597222222222,301.0,0.12997186475150113,0.9724392531865511,3477,0.0,9,0.0,,,ARC-noGraph,node_failure,222
0.0,0.0,0.0,365.35555555555555,262.0,0.12997186475150113,1.0,3118,0.0,10,0.0,,,ARC-noGraph,node_failure,223
0.0,0.007272619344345088,0.0,313.8625,301.0,0.12997186475150113,0.9508925619754314,2331,0.0,10,0.0,,,ARC-noGraph,node_failure,224
5.0,0.026387298739027898,0.0,378.4486111111111,301.0,0.12997186475150113,0.8823765535225673,3123,0.0,9,0.0,,,ARC-noGraph,node_failure,225
125.0,2.0560034458905085,0.0,365.22222222222223,301.0,0.12997186475150113,1.9024605177897355e-07,3342,25.0,9,0.0,,,ARC-noGraph,node_failure,226
5.0,0.020733106889736508,0.0,356.87638888888887,301.0,0.12997186475150113,0.8635597744561421,3352,0.0,10,0.0,,,ARC-noGraph,node_failure,227
0.0,0.0,0.0,377.61944444444447,301.0,0.12997186475150113,1.0,3391,0.0,10,0.0,,,ARC-noGraph,node_failure,228
0.0,0.0,0.0,381.7027777777778,273.0,0.12997186475150113,1.0,3310,0.0,10,0.0,,,ARC-noGraph,node_failure,229
0.0,0.0,0.0,307.2625,301.0,0.12997186475150113,1.0,2363,0.0,10,0.0,,,ARC-bf,node_failure,200
10.0,0.12388895876779271,0.0,373.8125,301.0,0.12997186475150113,0.4155003683889271,3085,0.0,10,0.0,,,ARC-bf,node_failure,201
80.0,1.2497030223250327,0.0,380.53055555555557,301.0,0.12997186475150113,2.3920371908474813e-09,3170,45.0,10,0.0,,,ARC-bf,node_failure,202
0.0,0.0,0.0,365.94166666666666,301.0,0.12997186475150113,1.0,3327,0.0,10,0.0,,,ARC-bf,node_failure,203
0.0,0.0,0.0,384.3958333333333,301.0,0.12997186475150113,1.0,3459,0.0,9,0.0,,,ARC-bf,node_failure,204
4340.0,68.86871202873786,0.0,476.05694444444447,301.0,11.792461086686863,1.3281964186148538e-10,1498,1200.0,4,0.0,,,ARC-bf,node_failure,205
10.0,0.13089160686293733,0.0,316.1486111111111,301.0,0.12997186475150113,0.03536915673983056,2377,10.0,10,0.0,,,ARC-bf,node_failure,206
35.0,0.477369621723156,0.0,372.72222222222223,301.0,0.12997186475150113,0.007135041100834254,3079,0.0,10,0.0,,,ARC-bf,node_failure,207
155.0,2.651135295300633,0.0,359.62083333333334,301.0,0.12997186475150113,4.450238558665316e-08,2940,45.0,10,0.0,,,ARC-bf,node_failure,208
0.0,0.0,0.0,367.0888888888889,301.0,0.12997186475150113,1.0,3345,0.0,10,0.0,,,ARC-bf,node_failure,209
5.0,0.009303248693215416,0.0,387.5097222222222,301.0,0.12997186475150113,0.934608906998566,3524,0.0,9,0.0,,,ARC-bf,node_failure,210
0.0,0.0,0.0,386.04027777777776,288.0,0.12997186475150113,1.0,3224,0.0,9,0.0,,,ARC-bf,node_failure,211
0.0,0.0,0.0,313.73055555555555,301.0,0.12997186475150113,1.0,2401,0.0,10,0.0,,,ARC-bf,node_failure,212
15.0,0.10104431518388468,0.0,392.4013888888889,301.0,0.12997186475150113,0.6463985425598846,3226,0.0,10,0.0,,,ARC-bf,node_failure,213
70.0,1.058198646275832,0.0,391.75416666666666,301.0,0.12997186475150113,0.02277917865761944,3215,25.0,9,0.0,,,ARC-bf,node_failure,214
0.0,0.0,0.0,367.77777777777777,301.0,0.12997186475150113,1.0,3334,0.0,10,0.0,,,ARC-bf,node_failure,215
0.0,0.0,0.0,392.68333333333334,301.0,0.12997186475150113,1.0,3473,0.0,10,0.0,,,ARC-bf,node_failure,216
10.0,0.014512499092611542,0.0,389.8638888888889,300.0,0.12997186475150113,0.8962861765217873,3333,10.0,10,0.0,,,ARC-bf,node_failure,217
0.0,0.0,0.0,311.9638888888889,301.0,0.12997186475150113,1.0,2349,0.0,10,0.0,,,ARC-bf,node_failure,218
0.0,0.0,0.0,369.23333333333335,301.0,0.12997186475150113,1.0,2972,0.0,9,0.0,,,ARC-bf,node_failure,219
255.0,4.215458085314694,0.0,376.27916666666664,301.0,0.1299718647515012,9.051131945693052e-09,3135,140.0,10,15.0,,,ARC-bf,node_failure,220
0.0,0.0,0.0,365.90416666666664,301.0,0.12997186475150113,1.0,3290,0.0,10,0.0,,,ARC-bf,node_failure,221
0.0,0.0039666456826847885,0.0,393.21527777777777,301.0,0.12997186475150116,0.9724392531865511,3409,0.0,9,0.0,,,ARC-bf,node_failure,222
0.0,0.0,0.0,362.4347222222222,254.0,0.12997186475150113,1.0,3114,0.0,10,0.0,,,ARC-bf,node_failure,223
0.0,0.007272619344345088,0.0,315.2111111111111,301.0,0.12997186475150113,0.9508925619754314,2296,0.0,10,0.0,,,ARC-bf,node_failure,224
35.0,0.4160336120683894,0.0,379.09583333333336,301.0,0.12997186475150113,0.035745892895795744,3087,0.0,10,0.0,,,ARC-bf,node_failure,225
300.0,4.858754932167752,0.0,359.3875,301.0,0.12997186475150113,2.589221145407548e-06,2955,25.0,9,0.0,,,ARC-bf,node_failure,226
5.0,0.020733106889736508,0.0,357.97777777777776,301.0,0.12997186475150113,0.8635597744561421,3352,0.0,10,0.0,,,ARC-bf,node_failure,227
0.0,0.0,0.0,377.2083333333333,301.0,0.12997186475150113,1.0,3446,0.0,10,0.0,,,ARC-bf,node_failure,228
0.0,0.0,0.0,380.8027777777778,279.0,0.12997186475150113,1.0,3221,0.0,10,0.0,,,ARC-bf,node_failure,229
1090.0,19.08583449946918,0.0,366.72777777777776,301.0,12.129971864751502,2.0469318612964828e-14,569,340.0,0,0.0,,,HPA,gray,200
6600.0,99.9999995570972,0.0,551.8333333333334,301.0,19.116835434733883,6.372051920201388e-14,217,1200.0,0,0.0,,,HPA,gray,201
2835.0,43.373902678680395,0.0,453.6361111111111,301.0,19.123151669107155,4.847197806147814e-16,544,1200.0,0,0.0,,,HPA,gray,202
4450.0,68.8874090393448,0.0,445.61944444444447,301.0,16.123151669107155,3.5809553745519725e-14,336,1175.0,0,0.0,,,HPA,gray,203
2325.0,30.920516546245146,0.0,423.06944444444446,301.0,12.123151669107152,2.2657503927545384e-12,368,190.0,0,0.0,,,HPA,gray,204
6600.0,99.99999962312933,0.0,551.8333333333334,301.0,19.112036945052772,8.155364574347776e-14,256,1200.0,0,0.0,,,HPA,gray,205
2430.0,42.113492503818584,0.0,394.9402777777778,301.0,19.116835434733883,1.5866487235519357e-16,369,1200.0,0,0.0,,,HPA,gray,206
6600.0,99.99999998523343,0.0,551.8333333333334,301.0,22.116835434733883,4.854948212777012e-18,190,1200.0,0,0.0,,,HPA,gray,207
2790.0,42.72547961534261,0.0,452.0888888888889,301.0,19.116835434733883,7.814283626990914e-16,559,1200.0,0,0.0,,,HPA,gray,208
4960.0,77.75510581462201,0.0,470.93888888888887,301.0,18.84801963982175,5.286552887842123e-16,309,1200.0,0,0.0,,,HPA,gray,209
2325.0,30.97456719543854,0.0,415.70416666666665,301.0,19.123151669107155,3.030843664542834e-14,400,720.0,0,0.0,,,HPA,gray,210
6600.0,99.99999946960469,0.0,551.8333333333334,301.0,19.116835434733883,7.463394378439615e-14,245,1200.0,0,0.0,,,HPA,gray,211
2410.0,41.992591053568916,0.0,397.64166666666665,301.0,19.112036945052772,4.1850352902024003e-16,345,1200.0,0,0.0,,,HPA,gray,212
6600.0,99.99999989173773,0.0,551.8333333333334,301.0,19.123151669107155,1.485261087890991e-15,238,1200.0,0,0.0,,,HPA,gray,213
2890.0,43.974660010515855,0.0,411.90277777777777,301.0,22.108216162126812,1.4182989066807358e-16,374,1185.0,0,0.0,,,HPA,gray,214
4900.0,76.7614391497951,0.0,469.3888888888889,301.0,19.116835434733883,5.890035179144228e-16,317,1200.0,0,0.0,,,HPA,gray,215
2970.0,39.6258813913704,0.0,457.0541666666667,301.0,12.129971864751502,1.2691688913313054e-13,425,285.0,0,0.0,,,HPA,gray,216
6600.0,99.99999963830713,0.0,551.8333333333334,301.0,19.116835434733883,6.768976875033192e-14,229,1200.0,0,0.0,,,HPA,gray,217
365.0,7.057657548003327,0.0,294.04027777777776,301.0,13.123151669107152,1.3770027056878923e-14,383,365.0,0,0.0,,,HPA,gray,218
6600.0,99.99999997509904,0.0,551.8333333333334,301.0,22.116835434733883,4.3661588433680264e-18,206,1200.0,0,0.0,,,HPA,gray,219
2835.0,43.64599325318541,0.0,409.2888888888889,301.0,18.93591265367691,1.633515792482233e-14,365,1175.0,0,0.0,,,HPA,gray,220
6595.0,99.99999748361026,0.0,551.8333333333334,301.0,19.123151669107155,2.290557398358068e-17,255,1200.0,0,0.0,,,HPA,gray,221
2460.0,32.31656537860267,0.0,420.03333333333336,301.0,18.063809150828146,4.47514983046544e-14,428,735.0,0,0.0,,,HPA,gray,222
6600.0,99.99999964727682,0.0,551.8333333333334,301.0,19.116835434733883,5.654995750628823e-14,246,1200.0,0,0.0,,,HPA,gray,223
105.0,1.155960942328893,0.0,267.4902777777778,232.0,0.12997186475150113,2.124707184528936e-07,226,105.0,0,0.0,,,HPA,gray,224
6600.0,99.9999995712343,0.0,551.8333333333334,301.0,19.348786576489164,1.4962247096080208e-15,251,1200.0,0,0.0,,,HPA,gray,225
3050.0,46.26959969547809,0.0,433.7347222222222,301.0,19.123151669107155,2.945766555624574e-15,453,1200.0,0,0.0,,,HPA,gray,226
4870.0,76.13696252443411,0.0,467.5,301.0,19.116835434733883,1.0760636274850388e-15,310,1200.0,0,0.0,,,HPA,gray,227
3420.0,46.26241443143114,0.0,459.7138888888889,301.0,13.555810914466429,9.364251546435791e-14,431,135.0,0,0.0,,,HPA,gray,228
6600.0,99.99999970373305,0.0,551.8333333333334,301.0,19.123151669107155,5.755852298814452e-14,280,1200.0,0,0.0,,,HPA,gray,229
335.0,6.467679358765832,0.0,355.64722222222224,301.0,0.8697654334074274,8.803129459952432e-13,392,335.0,0,0.0,,,HPA-45,gray,200
4535.0,70.59568125592669,0.0,478.75694444444446,301.0,15.129971864751502,3.700117878461891e-13,309,1195.0,0,0.0,,,HPA-45,gray,201
2735.0,42.145244692898245,0.0,433.53333333333336,301.0,18.60031090592746,1.0894381432602872e-14,333,1200.0,0,0.0,,,HPA-45,gray,202
6595.0,99.99999476076081,0.0,551.8333333333334,301.0,17.588259775782113,8.32552449569042e-14,231,1200.0,0,0.0,,,HPA-45,gray,203
2865.0,38.376455274823144,0.0,493.1125,301.0,13.116835434733883,9.160226334721128e-14,341,190.0,0,0.0,,,HPA-45,gray,204
4780.0,75.19714164409112,0.0,483.54583333333335,301.0,19.606821286689417,4.382236915455359e-16,262,1200.0,0,0.0,,,HPA-45,gray,205
2405.0,41.56955091434893,0.0,432.87361111111113,301.0,16.116835434733883,5.043408142287548e-15,330,1170.0,0,0.0,,,HPA-45,gray,206
6600.0,99.99999999639034,0.0,551.8333333333334,301.0,22.116835434733883,5.491801103000344e-16,151,1200.0,0,0.0,,,HPA-45,gray,207
2705.0,41.57642225155389,0.0,429.4847222222222,301.0,16.116835434733883,2.534663338196884e-13,355,1200.0,0,0.0,,,HPA-45,gray,208
4945.0,77.5700748914933,0.0,491.3902777777778,301.0,18.991611247872388,4.2367286946963895e-15,301,1190.0,0,0.0,,,HPA-45,gray,209
2325.0,30.972644419668306,0.0,458.7013888888889,301.0,18.103784528004944,4.9764697255495835e-14,337,720.0,0,0.0,,,HPA-45,gray,210
6600.0,99.9999992774838,0.0,551.8333333333334,301.0,18.97463359761652,9.874658513180015e-14,239,1200.0,0,0.0,,,HPA-45,gray,211
0.0,0.0,0.0,327.4736111111111,236.0,0.12997186475150113,1.0,219,0.0,0,0.0,,,HPA-45,gray,212
1205.0,16.84287039816088,0.0,404.1222222222222,301.0,10.123151669107154,8.6916475961638e-07,319,1175.0,0,0.0,,,HPA-45,gray,213
2865.0,43.893523387314694,0.0,441.9347222222222,301.0,22.108216162126812,2.255994256859348e-16,322,1185.0,0,0.0,,,HPA-45,gray,214
4900.0,76.73244371616634,0.0,489.6222222222222,301.0,15.129971864751502,1.8242863578404122e-13,302,1200.0,0,0.0,,,HPA-45,gray,215
2450.0,32.30250611805554,0.0,464.25138888888887,301.0,12.129971864751502,1.0620825836380636e-13,355,275.0,0,0.0,,,HPA-45,gray,216
4790.0,75.26433685119434,0.0,484.22777777777776,301.0,15.129971864751502,9.386336490938561e-14,288,1175.0,0,0.0,,,HPA-45,gray,217
335.0,6.466763347703653,0.0,354.7944444444444,301.0,0.2741952062382196,5.035934514198182e-14,399,335.0,0,0.0,,,HPA-45,gray,218
1230.0,17.42316247163088,0.0,403.1777777777778,301.0,13.116835434733883,4.4125593089714514e-08,340,1200.0,0,0.0,,,HPA-45,gray,219
2810.0,43.46423582194387,0.0,438.8958333333333,301.0,16.116835434733883,7.05709215599944e-13,359,1175.0,0,0.0,,,HPA-45,gray,220
5635.0,87.20085137880845,0.0,547.9083333333333,301.0,18.124216685830092,9.593087387371358e-14,389,1200.0,0,0.0,,,HPA-45,gray,221
720.0,10.104382999725514,0.0,394.90972222222223,301.0,16.123151669107155,1.9774973090496165e-14,422,735.0,0,0.0,,,HPA-45,gray,222
6600.0,99.99999968797655,0.0,551.8333333333334,301.0,19.116835434733883,6.183508526984157e-14,222,1200.0,0,0.0,,,HPA-45,gray,223
10.0,0.02243451140020447,0.0,332.5888888888889,239.0,0.12997186475150113,0.8824856662784044,225,10.0,0,0.0,,,HPA-45,gray,224
4615.0,71.68538811577693,0.0,480.86805555555554,301.0,19.548558998719123,1.2384211889428577e-15,252,1195.0,0,0.0,,,HPA-45,gray,225
1390.0,22.42020294699538,0.0,386.9972222222222,301.0,14.072184156660468,2.2366359662711655e-08,363,1200.0,0,0.0,,,HPA-45,gray,226
4865.0,76.02749219145346,0.0,488.6333333333333,301.0,15.133744768337817,2.267386698016094e-13,295,1195.0,0,0.0,,,HPA-45,gray,227
120.0,1.227552438273738,0.0,370.625,301.0,0.12997186475150113,6.837580607974357e-09,308,120.0,0,0.0,,,HPA-45,gray,228
6600.0,99.99999966142884,0.0,551.8333333333334,301.0,19.123151669107155,4.738164707596553e-14,243,1200.0,0,0.0,,,HPA-45,gray,229
330.0,6.314835048518708,0.0,391.60833333333335,301.0,0.15014470699686788,1.0341170381018122e-12,444,330.0,0,0.0,,,PredHPA,gray,200
2635.0,38.67048204789949,0.0,498.41805555555555,301.0,16.116835434733883,4.419746719049882e-08,324,1190.0,0,0.0,,,PredHPA,gray,201
2645.0,41.45836394593425,0.0,507.54027777777776,301.0,13.123151669107152,8.207269255399753e-07,494,1200.0,0,0.0,,,PredHPA,gray,202
485.0,7.665993242089586,0.0,460.19444444444446,301.0,10.123151669107154,4.5302285798998204e-08,506,485.0,0,0.0,,,PredHPA,gray,203
6565.0,99.85560692027933,0.0,551.8333333333334,301.0,18.587699660411744,4.103552299729127e-13,177,190.0,0,0.0,,,PredHPA,gray,204
6600.0,99.99999868742037,0.0,551.8333333333334,301.0,19.112036945052772,1.2509315555491484e-13,186,1200.0,0,0.0,,,PredHPA,gray,205
0.0,0.0038482044930510106,0.0,378.3152777777778,301.0,0.12997186475150113,0.9846942040846725,316,0.0,0,0.0,,,PredHPA,gray,206
4615.0,71.51940956441636,0.0,508.4527777777778,301.0,15.03212000741486,2.2998733062425604e-10,299,1135.0,0,0.0,,,PredHPA,gray,207
2715.0,41.561327251349944,0.0,507.8666666666667,301.0,19.116835434733883,7.976166703141815e-15,475,1200.0,0,0.0,,,PredHPA,gray,208
1005.0,16.57366137210442,0.0,478.08194444444445,301.0,14.976487578963473,2.279539621413885e-10,564,1010.0,0,0.0,,,PredHPA,gray,209
2330.0,30.98156943102316,0.0,526.0402777777778,301.0,19.123151669107155,8.454770275725105e-14,345,735.0,0,0.0,,,PredHPA,gray,210
6600.0,99.99999930780675,0.0,551.8333333333334,301.0,16.116835434733883,1.8494628988981212e-12,184,1200.0,0,0.0,,,PredHPA,gray,211
2290.0,40.566545489438155,0.0,465.2861111111111,301.0,19.112036945052772,4.804494348337143e-15,321,1085.0,0,0.0,,,PredHPA,gray,212
6600.0,99.99999999155013,0.0,551.8333333333334,301.0,22.123151669107155,1.8614837955931707e-17,226,1200.0,0,0.0,,,PredHPA,gray,213
2770.0,42.83806150309361,0.0,510.2083333333333,301.0,19.112036945052772,1.5880176474416323e-14,410,1090.0,0,0.0,,,PredHPA,gray,214
1210.0,19.866940090495067,0.0,482.55,301.0,19.116835434733883,1.491645997874197e-14,520,1185.0,0,0.0,,,PredHPA,gray,215
2330.0,30.96118467278377,0.0,531.3444444444444,301.0,12.123151669107152,2.041731911225361e-12,371,155.0,0,0.0,,,PredHPA,gray,216
6600.0,99.99999890422082,0.0,551.8333333333334,301.0,19.116835434733883,1.1330612993328562e-13,175,1200.0,0,0.0,,,PredHPA,gray,217
335.0,6.350547920602301,0.0,395.64444444444445,301.0,0.7084365861921231,4.534276655049514e-14,429,335.0,0,0.0,,,PredHPA,gray,218
1250.0,17.544062279678798,0.0,485.4513888888889,301.0,13.116835434733883,4.43085272072684e-08,298,1200.0,0,0.0,,,PredHPA,gray,219
1220.0,20.225605247900745,0.0,480.76666666666665,301.0,13.123151669107152,8.691647596163799e-07,485,1140.0,0,0.0,,,PredHPA,gray,220
6595.0,99.99999733049695,0.0,551.8333333333334,301.0,19.123151669107155,8.518463659600131e-14,172,1200.0,0,0.0,,,PredHPA,gray,221
2455.0,32.32883030771458,0.0,532.8708333333333,301.0,18.5291357860763,8.773705006986828e-14,378,725.0,0,0.0,,,PredHPA,gray,222
6600.0,99.9999986510948,0.0,551.8333333333334,301.0,19.116835434733883,1.0930268936178308e-13,178,1200.0,0,0.0,,,PredHPA,gray,223
15.0,0.03286038018232018,0.0,379.0263888888889,301.0,0.12997186475150113,0.8716173117506889,323,15.0,0,0.0,,,PredHPA,gray,224
4615.0,71.6093804498063,0.0,516.0277777777778,301.0,19.112036945052772,1.1247706933857425e-15,249,1195.0,0,0.0,,,PredHPA,gray,225
1370.0,22.2356403617891,0.0,485.06805555555553,301.0,11.53418235725324,6.815968326957884e-07,503,1200.0,0,0.0,,,PredHPA,gray,226
1215.0,19.8108826061303,0.0,478.24861111111113,301.0,16.116835434733883,3.243518894553771e-13,527,1190.0,0,0.0,,,PredHPA,gray,227
6565.0,99.86641559225372,0.0,551.8333333333334,301.0,18.68540032303588,4.283775751462525e-13,175,135.0,0,0.0,,,PredHPA,gray,228
6600.0,99.99999928627817,0.0,551.8333333333334,301.0,19.123151669107155,7.876261789751854e-14,187,1200.0,0,0.0,,,PredHPA,gray,229
90.0,1.80450167933901,0.0,314.1375,301.0,0.12997186475150113,3.776172589988242e-08,2399,90.0,10,35.0,,,ARC,gray,200
95.0,1.6028451742059246,0.0,378.10833333333335,301.0,0.12997186475150113,4.545093956035447e-08,3087,85.0,10,0.0,,,ARC,gray,201
175.0,2.7073625630680165,0.0,388.5888888888889,301.0,0.12997186475150113,3.0680472720921544e-09,3259,145.0,9,0.0,,,ARC,gray,202
465.0,7.904206429677362,0.0,381.78472222222223,301.0,13.020154590369808,1.1182344454236098e-11,3258,465.0,10,0.0,,,ARC,gray,203
5.0,0.010069088486786004,0.0,387.65833333333336,301.0,0.12997186475150113,0.9378421627983662,3424,5.0,9,0.0,,,ARC,gray,204
2255.0,34.42660627836312,0.0,444.3597222222222,301.0,10.801083802281585,6.570211678075845e-13,2468,1200.0,6,0.0,,,ARC,gray,205
95.0,1.0354571553461978,0.0,322.58472222222224,301.0,0.12997186475150113,3.978192544160692e-08,2371,95.0,10,0.0,,,ARC,gray,206
30.0,0.3779529412490823,0.0,377.3277777777778,301.0,0.12997186475150113,0.022084088534228365,3059,0.0,9,0.0,,,ARC,gray,207
275.0,5.059378948156857,0.0,371.6791666666667,301.0,0.12997186475150113,1.2212560864232515e-09,3094,85.0,9,0.0,,,ARC,gray,208
955.0,16.4350096490139,0.0,396.4138888888889,301.0,10.123151669107154,3.059919398234156e-07,3065,955.0,9,0.0,,,ARC,gray,209
5.0,0.015145643711456103,0.0,389.1625,301.0,0.12997186475150113,0.934608906998566,3513,0.0,9,0.0,,,ARC,gray,210
0.0,0.0,0.0,388.2472222222222,286.0,0.12997186475150113,1.0,3212,0.0,9,0.0,,,ARC,gray,211
10.0,0.06348860291268688,0.0,315.3013888888889,301.0,0.12997186475150113,0.6616432972369667,2376,10.0,10,0.0,,,ARC,gray,212
80.0,0.7705932050416253,0.0,395.71666666666664,301.0,0.12997186475150113,8.69164759616383e-07,3242,65.0,10,0.0,,,ARC,gray,213
70.0,1.0234525164141473,0.0,392.56666666666666,301.0,0.12997186475150113,0.03208344915609849,3182,5.0,9,0.0,,,ARC,gray,214
95.0,1.911665953391628,0.0,375.1763888888889,301.0,0.12997186475150113,7.514140642440117e-08,3458,95.0,10,0.0,,,ARC,gray,215
5.0,0.008725707985257625,0.0,395.80555555555554,301.0,0.12997186475150113,0.9293678689700875,3534,5.0,9,0.0,,,ARC,gray,216
120.0,1.7151344677683644,0.0,395.6666666666667,295.0,0.12997186475150113,2.2436446041191445e-09,3354,120.0,10,0.0,,,ARC,gray,217
355.0,7.054296846074626,0.0,327.23333333333335,301.0,10.123151669107154,2.124944447843719e-07,2369,355.0,9,0.0,,,ARC,gray,218
140.0,1.8171336476962785,0.0,378.025,301.0,0.12997186475150113,1.1352750575129289e-07,3063,125.0,10,0.0,,,ARC,gray,219
2800.0,43.78133251143208,0.0,450.85277777777776,301.0,16.123151669107155,2.52092904155795e-12,2187,1175.0,6,0.0,,,ARC,gray,220
360.0,5.034820812109864,0.0,382.975,301.0,5.6780671014028,1.2613895203890248e-07,3160,345.0,10,0.0,,,ARC,gray,221
555.0,8.692969594133382,0.0,406.7625,301.0,10.123151669107154,8.184503598815319e-07,3421,555.0,9,0.0,,,ARC,gray,222
0.0,0.0,0.0,367.67083333333335,262.0,0.12997186475150113,1.0,3135,0.0,10,0.0,,,ARC,gray,223
75.0,1.0657456954529465,0.0,319.1347222222222,301.0,0.12997186475150113,4.128316532412914e-07,2324,75.0,10,0.0,,,ARC,gray,224
610.0,8.508016588334844,0.0,401.65833333333336,301.0,9.093759821186206,4.681919851431055e-13,3019,580.0,9,0.0,,,ARC,gray,225
1880.0,27.131624037064995,0.0,425.2319444444444,301.0,11.490162869926417,7.389250814415309e-11,2535,120.0,8,0.0,,,ARC,gray,226
100.0,1.8856441564810922,0.0,365.4263888888889,301.0,0.12997186475150113,5.1789594343567225e-09,3412,95.0,10,0.0,,,ARC,gray,227
0.0,0.0,0.0,381.0777777777778,301.0,0.12997186475150113,1.0,3403,0.0,10,0.0,,,ARC,gray,228
1195.0,17.821226750819864,0.0,420.6041666666667,301.0,10.123151669107154,4.32731653099589e-08,2651,1170.0,7,0.0,,,ARC,gray,229
330.0,6.585998976658026,0.0,322.9638888888889,301.0,0.18238706586842768,1.402401756722706e-10,2454,330.0,10,35.0,,,ARC-noGraph,gray,200
110.0,1.6364430376666572,0.0,382.81944444444446,301.0,0.12997186475150113,4.545093956035447e-08,3206,85.0,10,35.0,,,ARC-noGraph,gray,201
3415.0,56.17280739178556,0.0,468.7083333333333,301.0,11.82277102942414,1.724847433638278e-10,2318,240.0,4,0.0,,,ARC-noGraph,gray,202
465.0,7.9059440257727704,0.0,382.20416666666665,301.0,10.123151669107154,1.0021375226273326e-07,3273,465.0,10,0.0,,,ARC-noGraph,gray,203
0.0,0.00042524297159118873,0.0,388.5180555555556,301.0,0.12997186475150113,0.9966375247452492,3442,0.0,9,0.0,,,ARC-noGraph,gray,204
4340.0,68.86807152755894,0.0,489.9125,301.0,11.12825480526737,6.60626848809174e-13,1603,1200.0,3,0.0,,,ARC-noGraph,gray,205
95.0,1.036978249543219,0.0,323.3611111111111,301.0,0.12997186475150113,4.473172000932723e-08,2375,95.0,10,0.0,,,ARC-noGraph,gray,206
15.0,0.23847249291694128,0.0,379.39444444444445,301.0,0.12997186475150113,0.1849287942816188,3179,0.0,9,0.0,,,ARC-noGraph,gray,207
235.0,4.08567214448915,0.0,376.0513888888889,301.0,0.12997186475150113,1.756732888552126e-08,3461,100.0,9,0.0,,,ARC-noGraph,gray,208
975.0,16.75613067074133,0.0,397.4236111111111,301.0,10.123151669107154,3.334080190592191e-07,3089,975.0,9,0.0,,,ARC-noGraph,gray,209
0.0,0.002508231107301029,0.0,388.50138888888887,301.0,0.12997186475150113,0.9823700323387066,3530,0.0,9,0.0,,,ARC-noGraph,gray,210
0.0,0.0,0.0,388.3875,284.0,0.12997186475150113,1.0,3171,0.0,9,0.0,,,ARC-noGraph,gray,211
10.0,0.06348860291268688,0.0,314.09305555555557,301.0,0.12997186475150113,0.6616432972369667,2303,10.0,10,0.0,,,ARC-noGraph,gray,212
65.0,0.7335071629619994,0.0,400.3847222222222,301.0,0.12997186475150113,8.69164759616383e-07,3297,55.0,9,0.0,,,ARC-noGraph,gray,213
65.0,0.9671939345654468,0.0,392.7291666666667,301.0,0.12997186475150113,0.03208344915609849,3235,20.0,9,0.0,,,ARC-noGraph,gray,214
85.0,1.60835163449482,0.0,374.08472222222224,301.0,0.12997186475150113,1.8906607090936668e-07,3578,85.0,10,0.0,,,ARC-noGraph,gray,215
0.0,0.0,0.0,396.21666666666664,301.0,0.12997186475150113,1.0,3525,0.0,9,0.0,,,ARC-noGraph,gray,216
90.0,1.184918428899162,0.0,397.6486111111111,301.0,0.12997186475150113,2.2436446041191445e-09,3382,90.0,10,0.0,,,ARC-noGraph,gray,217
360.0,7.055257417959537,0.0,329.3305555555556,301.0,10.123151669107154,9.386080603133831e-08,2456,360.0,9,0.0,,,ARC-noGraph,gray,218
140.0,1.817132115529485,0.0,381.7416666666667,301.0,0.12997186475150113,1.1352750575129289e-07,3110,125.0,9,0.0,,,ARC-noGraph,gray,219
1015.0,18.297594442570496,0.0,401.3013888888889,301.0,10.123151669107154,1.2180088621639275e-08,3096,920.0,8,15.0,,,ARC-noGraph,gray,220
0.0,0.004799254928378183,0.0,369.96666666666664,301.0,0.12997186475150113,0.9793979946413344,3332,0.0,10,0.0,,,ARC-noGraph,gray,221
140.0,2.305473701757166,0.0,398.4194444444444,301.0,0.12997186475150113,8.6916475961638e-07,3633,140.0,9,0.0,,,ARC-noGraph,gray,222
0.0,0.0,0.0,369.2916666666667,263.0,0.12997186475150113,1.0,3119,0.0,10,0.0,,,ARC-noGraph,gray,223
80.0,1.093127272333394,0.0,320.2652777777778,301.0,0.12997186475150113,3.0744544884012436e-07,2356,80.0,10,0.0,,,ARC-noGraph,gray,224
575.0,8.065083558054265,0.0,400.0736111111111,301.0,8.360011754525337,5.982692683719693e-13,3124,570.0,9,0.0,,,ARC-noGraph,gray,225
1905.0,28.070762645956226,0.0,432.23333333333335,301.0,9.107695081446147,5.7892167263954604e-11,2973,120.0,7,0.0,,,ARC-noGraph,gray,226
95.0,1.8969690615663226,0.0,364.2319444444444,301.0,0.12997186475150113,1.3007520198071118e-08,3465,90.0,10,0.0,,,ARC-noGraph,gray,227
0.0,0.0,0.0,381.2944444444444,301.0,0.12997186475150113,1.0,3401,0.0,10,0.0,,,ARC-noGraph,gray,228
1200.0,17.90137379900668,0.0,421.5625,301.0,10.123151669107154,5.713797013428344e-07,2825,1170.0,7,0.0,,,ARC-noGraph,gray,229
240.0,4.93482197294004,0.0,311.2583333333333,301.0,0.12997186475150113,1.8224804498510398e-08,2330,240.0,10,35.0,,,ARC-bf,gray,200
90.0,1.5290032978634072,0.0,373.94305555555553,301.0,0.12997186475150113,4.4995463520242136e-08,3085,80.0,9,0.0,,,ARC-bf,gray,201
310.0,4.433683005233058,0.0,384.0,301.0,0.12997186475150116,1.2692860258021087e-11,3138,230.0,10,20.0,,,ARC-bf,gray,202
465.0,7.897538492515965,0.0,374.29027777777776,301.0,7.016803970234035,6.16260654345361e-11,3220,465.0,10,0.0,,,ARC-bf,gray,203
70.0,0.8991100889839676,0.0,385.6611111111111,301.0,0.12997186475150113,4.7030513078765554e-08,3409,70.0,9,0.0,,,ARC-bf,gray,204
4340.0,68.87069310153205,0.0,477.2236111111111,301.0,11.928571326577648,6.570211678075845e-13,1474,1200.0,4,0.0,,,ARC-bf,gray,205
210.0,3.2702467845394323,0.0,318.13194444444446,301.0,0.12997186475150113,3.913029774768352e-08,2402,210.0,10,0.0,,,ARC-bf,gray,206
115.0,1.5584168679961707,0.0,374.1097222222222,301.0,0.12997186475150113,9.999537573734182e-09,3116,95.0,9,0.0,,,ARC-bf,gray,207
1835.0,33.09344994909515,0.0,398.94305555555553,301.0,12.109300281648927,2.7944803031323413e-10,2386,65.0,7,0.0,,,ARC-bf,gray,208
180.0,3.508652140865365,0.0,371.7944444444444,301.0,0.12997186475150113,5.400732481595345e-07,3362,180.0,10,0.0,,,ARC-bf,gray,209
240.0,3.7959398689326407,0.0,387.3361111111111,301.0,0.12997186475150113,7.832621880636384e-07,3480,235.0,9,0.0,,,ARC-bf,gray,210
145.0,2.032766294606736,0.0,386.6111111111111,278.0,0.12997186475150113,2.1143811251198703e-09,3162,145.0,9,0.0,,,ARC-bf,gray,211
2265.0,40.644818729483966,0.0,392.8305555555556,301.0,18.83072127156939,1.711013514378346e-13,1938,10.0,7,0.0,,,ARC-bf,gray,212
200.0,2.6810062734786033,0.0,393.53194444444443,301.0,0.12997186475150113,8.691647596163801e-07,3250,185.0,10,0.0,,,ARC-bf,gray,213
2765.0,43.808571482008205,0.0,455.5597222222222,301.0,11.235234352899075,3.0373792516047095e-12,2265,1095.0,6,0.0,,,ARC-bf,gray,214
125.0,2.404474138970303,0.0,372.2416666666667,301.0,0.12997186475150113,2.987227688238285e-08,3432,125.0,10,0.0,,,ARC-bf,gray,215
235.0,3.55868497159173,0.0,395.76944444444445,301.0,0.12997186475150113,3.489874347118708e-07,3420,45.0,10,45.0,,,ARC-bf,gray,216
195.0,2.7182377348583087,0.0,393.32916666666665,301.0,0.12997186475150113,3.784449570206405e-09,3311,195.0,10,0.0,,,ARC-bf,gray,217
350.0,7.027807635147132,0.0,316.4347222222222,301.0,4.112066004804683,8.691647596163801e-07,2325,350.0,10,0.0,,,ARC-bf,gray,218
75.0,1.0012686457648634,0.0,373.2375,301.0,0.12997186475150113,4.685467540220604e-08,3046,60.0,9,0.0,,,ARC-bf,gray,219
420.0,7.36363590210739,0.0,376.24583333333334,301.0,4.732422480491777,7.854429328279647e-09,3170,200.0,10,15.0,,,ARC-bf,gray,220
220.0,3.575092784255529,0.0,371.70972222222224,301.0,0.12997186475150113,8.291662168804892e-07,3313,220.0,10,0.0,,,ARC-bf,gray,221
70.0,1.2055453426327079,0.0,394.1875,301.0,0.12997186475150116,8.184503598815319e-07,3420,70.0,9,0.0,,,ARC-bf,gray,222
90.0,1.4849527491544667,0.0,366.4861111111111,264.0,0.12997186475150113,5.829328943770942e-09,3116,90.0,10,0.0,,,ARC-bf,gray,223
100.0,1.1475198261451158,0.0,317.78333333333336,301.0,0.12997186475150113,4.128316532412914e-07,2308,100.0,10,0.0,,,ARC-bf,gray,224
4615.0,71.68534211337764,0.0,491.1375,301.0,11.711921491805773,4.681919851431055e-13,1241,1195.0,3,0.0,,,ARC-bf,gray,225
330.0,4.627376477878453,0.0,362.7875,301.0,0.3758580459082574,7.157515872447018e-07,3053,75.0,10,0.0,,,ARC-bf,gray,226
110.0,2.0414124387020616,0.0,359.65555555555557,301.0,0.12997186475150113,5.1789594343567225e-09,3299,105.0,10,0.0,,,ARC-bf,gray,227
160.0,2.594675042821859,0.0,382.06666666666666,301.0,0.12997186475150113,7.689110868248278e-09,3394,45.0,10,45.0,,,ARC-bf,gray,228
145.0,2.1952056466138625,0.0,385.98055555555555,278.0,0.12997186475150113,4.32731653099589e-08,3219,145.0,9,0.0,,,ARC-bf,gray,229
765.0,12.574777382448099,0.0,366.74583333333334,301.0,12.129971864751502,6.726645795673317e-11,500,15.0,0,0.0,,,HPA,ddos,200
6600.0,99.999999554148,0.0,551.8333333333334,301.0,14.923168447608468,2.2522639404409247e-13,227,1200.0,0,0.0,,,HPA,ddos,201
2815.0,42.83807734518692,0.0,452.83194444444445,301.0,13.898380513785456,1.6945811075890565e-14,596,1180.0,0,0.0,,,HPA,ddos,202
4430.0,68.4567550148939,0.0,446.15277777777777,301.0,12.129971864751502,4.915710778802476e-13,376,1155.0,0,0.0,,,HPA,ddos,203
6575.0,99.9999994678882,0.0,551.8333333333334,301.0,15.119330886181194,8.342159684801145e-15,252,1200.0,0,0.0,,,HPA,ddos,204
6600.0,99.99999960811698,0.0,551.8333333333334,301.0,15.129971864751502,8.267702982716087e-13,277,1200.0,0,0.0,,,HPA,ddos,205
0.0,0.0,0.0,291.9263888888889,267.0,0.12997186475150113,1.0,339,0.0,0,0.0,,,HPA,ddos,206
6600.0,99.99999998509162,0.0,551.8333333333334,301.0,18.1299718647515,3.638185911684889e-15,188,1200.0,0,0.0,,,HPA,ddos,207
2770.0,42.19644889724751,0.0,451.54583333333335,301.0,14.041758492927842,1.073508489485721e-15,597,1180.0,0,0.0,,,HPA,ddos,208
1015.0,16.750173350634622,0.0,339.77222222222224,301.0,15.119862935109708,8.689450191275402e-16,474,1010.0,0,0.0,,,HPA,ddos,209
3480.0,46.824958396734196,0.0,456.06944444444446,301.0,18.04103089389937,1.129585792866225e-14,426,1200.0,0,0.0,,,HPA,ddos,210
6600.0,99.99999945149185,0.0,551.8333333333334,301.0,18.1299718647515,1.2002592073161685e-14,258,1200.0,0,0.0,,,HPA,ddos,211
2295.0,40.57076490717775,0.0,393.0208333333333,301.0,15.129971864751502,8.760511605094914e-14,363,1085.0,0,0.0,,,HPA,ddos,212
6600.0,99.99999986959351,0.0,551.8333333333334,301.0,15.129971864751502,3.8643909749409596e-14,248,1200.0,0,0.0,,,HPA,ddos,213
2815.0,43.21816245875149,0.0,409.85555555555555,301.0,15.111626188937812,3.1063707786934495e-13,419,1130.0,0,0.0,,,HPA,ddos,214
965.0,15.687447237254748,0.0,337.06944444444446,301.0,13.782820504554586,1.0145568591447312e-15,478,960.0,0,0.0,,,HPA,ddos,215
6575.0,99.9999988930658,0.0,551.8333333333334,301.0,15.02820516425224,1.038302077276052e-12,277,1200.0,0,0.0,,,HPA,ddos,216
6600.0,99.99999962121763,0.0,551.8333333333334,301.0,15.129971864751502,1.1160294403647842e-13,261,1200.0,0,0.0,,,HPA,ddos,217
2865.0,49.07773923856165,0.0,414.5472222222222,301.0,15.129971864751502,1.374499701933563e-13,403,1165.0,0,0.0,,,HPA,ddos,218
6600.0,99.99999996216485,0.0,551.8333333333334,301.0,18.1299718647515,3.1131023694453136e-15,203,1200.0,0,0.0,,,HPA,ddos,219
2815.0,43.458170959951026,0.0,410.19166666666666,301.0,12.129971864751502,1.0069858224451605e-15,390,1175.0,0,0.0,,,HPA,ddos,220
6595.0,99.99999910737158,0.0,551.8333333333334,301.0,17.75241329136438,3.946323387477792e-15,268,1200.0,0,0.0,,,HPA,ddos,221
6575.0,99.99999975792879,0.0,551.8333333333334,301.0,15.129971864751502,5.058062047060325e-15,274,1200.0,0,0.0,,,HPA,ddos,222
6600.0,99.99999964468893,0.0,551.8333333333334,301.0,18.1299718647515,1.0343988983156207e-14,264,1200.0,0,0.0,,,HPA,ddos,223
0.0,0.0,0.0,291.15972222222223,258.0,0.12997186475150113,1.0,291,0.0,0,0.0,,,HPA,ddos,224
6600.0,99.99999956790055,0.0,551.8333333333334,301.0,17.71159068850596,1.5337622816906005e-14,253,1200.0,0,0.0,,,HPA,ddos,225
3010.0,45.66623647428677,0.0,433.8652777777778,301.0,12.129971864751502,5.592973185995861e-13,469,1170.0,0,0.0,,,HPA,ddos,226
3235.0,49.0934286263655,0.0,431.96666666666664,301.0,12.674284381983158,7.456502679986288e-16,553,935.0,0,0.0,,,HPA,ddos,227
6575.0,99.99999948450115,0.0,551.8333333333334,301.0,14.993620601270335,7.794600146573734e-13,274,1200.0,0,0.0,,,HPA,ddos,228
6600.0,99.99999974098745,0.0,551.8333333333334,301.0,15.129971864751502,8.026153302012657e-14,285,1200.0,0,0.0,,,HPA,ddos,229
0.0,0.0,0.0,363.45,301.0,0.12997186475150113,1.0,369,0.0,0,0.0,,,HPA-45,ddos,200
0.0,0.0,0.0,388.7916666666667,301.0,0.12997186475150113,1.0,294,0.0,0,0.0,,,HPA-45,ddos,201
5.0,0.008409264639142044,0.0,360.00138888888887,301.0,0.12997186475150113,0.9403956756606988,396,5.0,0,0.0,,,HPA-45,ddos,202
6595.0,99.99999838593259,0.0,551.8333333333334,301.0,13.134730979507403,3.526693810910757e-15,244,1200.0,0,0.0,,,HPA-45,ddos,203
6575.0,99.99999965441634,0.0,551.8333333333334,301.0,12.166105674596974,4.58528033860628e-13,235,1200.0,0,0.0,,,HPA-45,ddos,204
0.0,0.0,0.0,386.1972222222222,301.0,0.12997186475150113,1.0,332,0.0,0,0.0,,,HPA-45,ddos,205
0.0,0.0,0.0,363.7638888888889,301.0,0.12997186475150113,1.0,357,0.0,0,0.0,,,HPA-45,ddos,206
6600.0,99.99999999638614,0.0,551.8333333333334,301.0,18.013500584555583,5.869902070262812e-15,157,1200.0,0,0.0,,,HPA-45,ddos,207
2675.0,40.84840064274333,0.0,429.87916666666666,301.0,12.63645326609961,1.369783500507292e-13,370,1170.0,0,0.0,,,HPA-45,ddos,208
1000.0,16.533141895055913,0.0,397.5027777777778,301.0,15.107695081446147,9.032930592777581e-14,448,1000.0,0,0.0,,,HPA-45,ddos,209
6575.0,99.99991569622267,0.0,551.8333333333334,301.0,15.129971864751502,2.630417429374619e-13,235,1200.0,0,0.0,,,HPA-45,ddos,210
6600.0,99.99999924815096,0.0,551.8333333333334,301.0,12.621818547298613,7.626215247344669e-13,261,1200.0,0,0.0,,,HPA-45,ddos,211
0.0,0.0,0.0,365.71944444444443,301.0,0.12997186475150113,1.0,332,0.0,0,0.0,,,HPA-45,ddos,212
0.0,0.0,0.0,391.8388888888889,301.0,0.12997186475150113,1.0,308,0.0,0,0.0,,,HPA-45,ddos,213
0.0,0.0,0.0,366.5513888888889,301.0,0.12997186475150113,1.0,362,0.0,0,0.0,,,HPA-45,ddos,214
10.0,0.025082153218736192,0.0,390.5083333333333,301.0,0.12997186475150113,0.916418331591419,429,10.0,0,0.0,,,HPA-45,ddos,215
6575.0,99.99999893083648,0.0,551.8333333333334,301.0,12.129971864751502,1.231886392008448e-12,237,1200.0,0,0.0,,,HPA-45,ddos,216
0.0,0.0,0.0,391.3263888888889,301.0,0.12997186475150113,1.0,340,0.0,0,0.0,,,HPA-45,ddos,217
0.0,0.0,0.0,361.7861111111111,301.0,0.12997186475150113,1.0,360,0.0,0,0.0,,,HPA-45,ddos,218
0.0,0.0,0.0,387.8930555555556,301.0,0.12997186475150113,1.0,303,0.0,0,0.0,,,HPA-45,ddos,219
2770.0,42.81463426304574,0.0,439.72222222222223,301.0,15.119330886181194,1.8164939284739332e-13,349,1135.0,0,0.0,,,HPA-45,ddos,220
6595.0,99.99999820961139,0.0,551.8333333333334,301.0,15.119330886181194,4.027599371750492e-15,240,1200.0,0,0.0,,,HPA-45,ddos,221
0.0,0.0,0.0,395.5361111111111,301.0,0.12997186475150113,1.0,372,0.0,0,0.0,,,HPA-45,ddos,222
6600.0,99.99999968546817,0.0,551.8333333333334,301.0,15.129971864751502,4.535125516508206e-13,242,1200.0,0,0.0,,,HPA-45,ddos,223
0.0,0.0,0.0,367.775,301.0,0.12997186475150113,1.0,366,0.0,0,0.0,,,HPA-45,ddos,224
0.0,0.0,0.0,382.6430555555556,301.0,0.12997186475150113,1.0,310,0.0,0,0.0,,,HPA-45,ddos,225
5.0,0.011955737294722102,0.0,368.09583333333336,301.0,0.12997186475150113,0.9386277962970108,312,0.0,0,0.0,,,HPA-45,ddos,226
10.0,0.04423763770450284,0.0,393.19166666666666,301.0,0.12997186475150113,0.8263004999842648,418,10.0,0,0.0,,,HPA-45,ddos,227
0.0,0.0,0.0,386.66805555555555,301.0,0.12997186475150113,1.0,387,0.0,0,0.0,,,HPA-45,ddos,228
6600.0,99.99999965914303,0.0,551.8333333333334,301.0,12.194977912423978,4.3617762113569193e-13,258,1200.0,0,0.0,,,HPA-45,ddos,229
0.0,0.0,0.0,394.22083333333336,301.0,0.12997186475150113,1.0,466,0.0,0,0.0,,,PredHPA,ddos,200
0.0,0.0,0.0,474.06388888888887,301.0,0.12997186475150113,1.0,297,0.0,0,0.0,,,PredHPA,ddos,201
10.0,0.023805780466479298,0.0,469.80555555555554,301.0,0.12997186475150113,0.17733308935737652,522,0.0,0,0.0,,,PredHPA,ddos,202
0.0,0.0,0.0,461.5541666666667,301.0,0.12997186475150113,1.0,499,0.0,0,0.0,,,PredHPA,ddos,203
6575.0,99.99999921382727,0.0,551.8333333333334,301.0,12.158089971334494,7.822650233645862e-13,176,1200.0,0,0.0,,,PredHPA,ddos,204
6600.0,99.99999856659021,0.0,551.8333333333334,301.0,12.413190460129117,7.84619116244603e-13,184,1200.0,0,0.0,,,PredHPA,ddos,205
0.0,0.0,0.0,393.7736111111111,301.0,0.12997186475150113,1.0,441,0.0,0,0.0,,,PredHPA,ddos,206
0.0,0.0,0.0,474.49861111111113,301.0,0.12997186475150113,1.0,263,0.0,0,0.0,,,PredHPA,ddos,207
10.0,0.02684315878199728,0.0,469.1666666666667,301.0,0.12997186475150113,0.0059180694707329905,545,0.0,0,0.0,,,PredHPA,ddos,208
0.0,0.0,0.0,477.8722222222222,301.0,0.12997186475150113,1.0,506,0.0,0,0.0,,,PredHPA,ddos,209
6575.0,99.99999321081938,0.0,551.8333333333334,301.0,14.949599137425533,7.526571497807164e-13,174,1200.0,0,0.0,,,PredHPA,ddos,210
6600.0,99.99999928151176,0.0,551.8333333333334,301.0,12.611636223058285,2.434602603061963e-13,172,1200.0,0,0.0,,,PredHPA,ddos,211
0.0,0.0,0.0,396.0527777777778,301.0,0.12997186475150113,1.0,414,0.0,0,0.0,,,PredHPA,ddos,212
6600.0,99.9999999895842,0.0,551.8333333333334,301.0,18.1299718647515,1.311921373438865e-14,254,1200.0,0,0.0,,,PredHPA,ddos,213
0.0,0.0,0.0,473.6277777777778,301.0,0.12997186475150113,1.0,490,0.0,0,0.0,,,PredHPA,ddos,214
0.0,0.0,0.0,478.2027777777778,301.0,0.12997186475150113,1.0,499,0.0,0,0.0,,,PredHPA,ddos,215
6575.0,99.9999973618578,0.0,551.8333333333334,301.0,12.123151669107152,8.23227462918589e-11,205,1200.0,0,0.0,,,PredHPA,ddos,216
6600.0,99.99999880694551,0.0,551.8333333333334,301.0,12.129971864751502,1.0243723577528488e-11,177,1200.0,0,0.0,,,PredHPA,ddos,217
0.0,0.0,0.0,397.55833333333334,301.0,0.12997186475150113,1.0,440,0.0,0,0.0,,,PredHPA,ddos,218
0.0,0.0,0.0,477.9763888888889,301.0,0.12997186475150113,1.0,286,0.0,0,0.0,,,PredHPA,ddos,219
0.0,0.0,0.0,472.4736111111111,301.0,0.12997186475150113,1.0,435,0.0,0,0.0,,,PredHPA,ddos,220
6595.0,99.99999910627359,0.0,551.8333333333334,301.0,14.530128274959807,3.36664761817445e-13,176,1200.0,0,0.0,,,PredHPA,ddos,221
6575.0,99.99999923659806,0.0,551.8333333333334,301.0,12.129971864751502,7.753769592369381e-13,187,1200.0,0,0.0,,,PredHPA,ddos,222
6600.0,99.99999861933053,0.0,551.8333333333334,301.0,15.129971864751502,3.174984877500463e-13,180,1200.0,0,0.0,,,PredHPA,ddos,223
0.0,0.0,0.0,395.9013888888889,301.0,0.12997186475150113,1.0,446,0.0,0,0.0,,,PredHPA,ddos,224
0.0,0.0,0.0,480.55555555555554,301.0,0.12997186475150113,1.0,299,0.0,0,0.0,,,PredHPA,ddos,225
0.0,0.0,0.0,475.43194444444447,301.0,0.12997186475150113,1.0,514,0.0,0,0.0,,,PredHPA,ddos,226
0.0,0.0,0.0,473.6972222222222,301.0,0.12997186475150113,1.0,494,0.0,0,0.0,,,PredHPA,ddos,227
6575.0,99.99999920273765,0.0,551.8333333333334,301.0,12.129971864751502,7.947454109696448e-13,176,1200.0,0,0.0,,,PredHPA,ddos,228
6600.0,99.99999927432599,0.0,551.8333333333334,301.0,14.416248620671947,2.3713748209458013e-13,179,1200.0,0,0.0,,,PredHPA,ddos,229
0.0,0.5074097346776107,0.5074097346776134,307.7125,301.0,0.12997186475150113,0.9699999999999999,2230,0.0,10,0.0,10.0,,ARC,ddos,200
20.0,0.7102625610546642,0.38398499047780793,377.2083333333333,301.0,0.12997186475150113,0.02496486938914883,3123,0.0,8,0.0,5.0,,ARC,ddos,201
285.0,4.450435213167536,0.47612095584423536,394.30833333333334,301.0,0.12997186475150113,7.32947997684156e-10,3277,215.0,8,5.0,5.0,,ARC,ddos,202
0.0,0.4211080844549353,0.42110808445496156,367.11944444444447,301.0,0.12997186475150113,0.9699999999999999,3375,0.0,10,0.0,5.0,,ARC,ddos,203
0.0,0.3663557705506082,0.36635577055062263,387.8777777777778,301.0,0.12997186475150113,0.9699999999999999,3389,0.0,8,0.0,10.0,,ARC,ddos,204
0.0,0.407636076036344,0.4076360760363426,386.7055555555556,283.0,0.12997186475150113,0.9699999999999999,3241,0.0,9,0.0,5.0,,ARC,ddos,205
0.0,0.5693264289951872,0.5693264289951964,318.1347222222222,301.0,0.12997186475150113,0.9699999999999999,2393,0.0,9,0.0,5.0,,ARC,ddos,206
15.0,0.6021365788552391,0.3636640859383075,375.7888888888889,301.0,0.12997186475150113,0.1849287942816188,2990,0.0,8,0.0,5.0,,ARC,ddos,207
1755.0,31.532592316008955,0.4676848777470394,403.5388888888889,301.0,10.465572763743754,6.496224265053112e-10,2418,15.0,6,0.0,10.0,,ARC,ddos,208
0.0,0.47657893753292324,0.47657893753292363,370.5625,301.0,0.12997186475150113,0.9699999999999999,3298,0.0,9,0.0,5.0,,ARC,ddos,209
5.0,0.3730941140902333,0.36379086539702876,388.54027777777776,301.0,0.12997186475150113,0.934608906998566,3484,0.0,8,0.0,5.0,,ARC,ddos,210
0.0,0.37907838106300273,0.37907838106300257,387.65833333333336,276.0,0.12997186475150113,0.9699999999999999,3184,0.0,8,0.0,5.0,,ARC,ddos,211
0.0,0.5674251797368912,0.5674251797368922,316.94166666666666,301.0,0.12997186475150113,0.9699999999999999,2323,0.0,9,0.0,10.0,,ARC,ddos,212
15.0,0.48300182720812934,0.40477716998229146,394.1125,301.0,0.12997186475150113,0.7260144285229634,3179,0.0,9,0.0,5.0,,ARC,ddos,213
135.0,2.8223777635885794,0.5062033243994886,395.66527777777776,301.0,0.12997186475150113,1.6285147007936188e-09,3250,20.0,8,0.0,5.0,,ARC,ddos,214
0.0,0.46663722135432684,0.46663722135432123,370.1625,301.0,0.12997186475150113,0.9699999999999999,3331,0.0,9,0.0,10.0,,ARC,ddos,215
0.0,0.3621420547754939,0.362142054775503,395.75,301.0,0.12997186475150113,0.9699999999999999,3433,0.0,8,0.0,5.0,,ARC,ddos,216
0.0,0.40610700578627146,0.40610700578627074,393.1347222222222,301.0,0.12997186475150113,0.9699999999999999,3286,0.0,8,0.0,5.0,,ARC,ddos,217
0.0,0.5080691193156461,0.5080691193156492,316.0625,301.0,0.12997186475150113,0.9699999999999999,2454,0.0,10,0.0,5.0,,ARC,ddos,218
15.0,0.5887375611754564,0.40313013015751187,373.6333333333333,301.0,0.12997186475150113,0.3112056693339735,2944,0.0,9,0.0,10.0,,ARC,ddos,219
175.0,3.4211669824730007,0.5069114399221284,383.5875,301.0,0.12997186475150116,7.111044966800628e-09,3261,65.0,9,0.0,5.0,,ARC,ddos,220
0.0,0.44949223489511025,0.4494922348951234,369.7125,301.0,0.12997186475150113,0.9699999999999999,3309,0.0,9,0.0,10.0,,ARC,ddos,221
0.0,0.3813681365360866,0.377401490853407,395.1069444444444,301.0,0.12997186475150113,0.9699999999999999,3469,0.0,9,0.0,5.0,,ARC,ddos,222
0.0,0.3998322556024503,0.3998322556024517,366.39722222222224,261.0,0.12997186475150113,0.9699999999999999,3096,0.0,8,0.0,5.0,,ARC,ddos,223
0.0,0.5651528093886582,0.5651528093886464,318.9611111111111,301.0,0.12997186475150113,0.9699999999999999,2297,0.0,9,0.0,10.0,,ARC,ddos,224
5.0,0.3948964313545744,0.3685091326155389,382.49444444444447,301.0,0.12997186475150113,0.8823765535225673,3105,0.0,8,0.0,5.0,,ARC,ddos,225
95.0,2.0750040682765203,0.4987314468821888,364.10833333333335,301.0,0.12997186475150113,6.344462024604023e-07,3116,25.0,9,0.0,10.0,,ARC,ddos,226
5.0,0.47785106956010903,0.45711796267037164,359.4458333333333,301.0,0.12997186475150113,0.8635597744561421,3319,0.0,9,0.0,5.0,,ARC,ddos,227
0.0,0.3603348988865718,0.36033489888658343,380.1041666666667,301.0,0.12997186475150113,0.9699999999999999,3425,0.0,8,0.0,10.0,,ARC,ddos,228
0.0,0.39754216456661107,0.39754216456660596,386.4638888888889,274.0,0.12997186475150113,0.9699999999999999,3203,0.0,8,0.0,5.0,,ARC,ddos,229
0.0,0.5103936309750368,0.5103936309750419,309.6777777777778,301.0,0.12997186475150113,0.9699999999999999,2334,0.0,10,0.0,10.0,,ARC-noGraph,ddos,200
25.0,0.6158907740219433,0.38398499047780793,379.6097222222222,301.0,0.12997186475150113,0.2736809396675764,3145,0.0,9,0.0,5.0,,ARC-noGraph,ddos,201
95.0,1.960971775632392,0.47302241777912674,387.12638888888887,301.0,0.12997186475150113,1.476213288256953e-08,3341,25.0,8,0.0,10.0,,ARC-noGraph,ddos,202
0.0,0.4211080844549353,0.42110808445496156,368.54305555555555,301.0,0.12997186475150113,0.9699999999999999,3360,0.0,10,0.0,5.0,,ARC-noGraph,ddos,203
0.0,0.3644887742336844,0.36448877423369036,387.475,301.0,0.12997186475150113,0.9699999999999999,3405,0.0,8,0.0,10.0,,ARC-noGraph,ddos,204
0.0,0.40742548373179366,0.4074254837317919,383.3027777777778,272.0,0.12997186475150113,0.9699999999999999,3293,0.0,9,0.0,10.0,,ARC-noGraph,ddos,205
0.0,0.5647240182004243,0.564724018200418,319.4736111111111,301.0,0.12997186475150113,0.9699999999999999,2381,0.0,9,0.0,10.0,,ARC-noGraph,ddos,206
15.0,0.6395810689736825,0.3636640859383075,377.3569444444444,301.0,0.12997186475150113,0.09511865548091404,3132,0.0,8,0.0,5.0,,ARC-noGraph,ddos,207
1770.0,26.200242829301466,0.4676848777470394,424.7875,301.0,9.316525396206467,1.3801972239719084e-09,2617,270.0,6,0.0,10.0,,ARC-noGraph,ddos,208
0.0,0.47657893753292324,0.47657893753292363,368.81111111111113,301.0,0.12997186475150113,0.9699999999999999,3267,0.0,9,0.0,5.0,,ARC-noGraph,ddos,209
0.0,0.3662990965043189,0.36379086539702876,388.62638888888887,301.0,0.12997186475150113,0.9699999999999999,3505,0.0,9,0.0,5.0,,ARC-noGraph,ddos,210
0.0,0.37907838106300273,0.37907838106300257,386.7236111111111,283.0,0.12997186475150113,0.9699999999999999,3150,0.0,8,0.0,5.0,,ARC-noGraph,ddos,211
0.0,0.5652885592142054,0.5652885592142087,316.3597222222222,301.0,0.12997186475150113,0.9699999999999999,2303,0.0,9,0.0,10.0,,ARC-noGraph,ddos,212
10.0,0.4986185781746366,0.40477716998229146,394.54305555555555,301.0,0.12997186475150113,0.6463985425598846,3206,0.0,9,0.0,5.0,,ARC-noGraph,ddos,213
90.0,2.087886015852991,0.5031298496594505,396.84027777777777,301.0,0.12997186475150113,1.2884358654346411e-07,3388,20.0,8,0.0,5.0,,ARC-noGraph,ddos,214
0.0,0.46663722135432684,0.46663722135432123,369.3333333333333,301.0,0.12997186475150113,0.9699999999999999,3441,0.0,9,0.0,10.0,,ARC-noGraph,ddos,215
0.0,0.3621420547754939,0.362142054775503,396.09166666666664,301.0,0.12997186475150113,0.9699999999999999,3457,0.0,8,0.0,5.0,,ARC-noGraph,ddos,216
0.0,0.4092152742320665,0.40921527423207155,392.4402777777778,299.0,0.12997186475150113,0.9699999999999999,3290,0.0,9,0.0,5.0,,ARC-noGraph,ddos,217
0.0,0.5054559172835038,0.505455917283498,314.18611111111113,301.0,0.12997186475150113,0.9699999999999999,2366,0.0,10,0.0,10.0,,ARC-noGraph,ddos,218
25.0,0.6987086979580392,0.40313013015751187,375.04583333333335,301.0,0.12997186475150113,0.024856714231551207,2989,0.0,9,0.0,10.0,,ARC-noGraph,ddos,219
185.0,3.63839394930775,0.5069114399221284,385.5416666666667,301.0,0.12997186475150116,5.602365001085337e-09,3426,115.0,9,5.0,5.0,,ARC-noGraph,ddos,220
0.0,0.4468951679692079,0.4468951679692213,368.81944444444446,301.0,0.12997186475150113,0.9699999999999999,3303,0.0,9,0.0,5.0,,ARC-noGraph,ddos,221
0.0,0.3751435261527325,0.37117688047004466,396.2416666666667,301.0,0.12997186475150113,0.9699999999999999,3516,0.0,9,0.0,10.0,,ARC-noGraph,ddos,222
0.0,0.3998322556024503,0.3998322556024517,368.1361111111111,262.0,0.12997186475150113,0.9699999999999999,3113,0.0,8,0.0,5.0,,ARC-noGraph,ddos,223
0.0,0.5651528093886582,0.5651528093886464,318.21944444444443,301.0,0.12997186475150113,0.9699999999999999,2406,0.0,9,0.0,10.0,,ARC-noGraph,ddos,224
30.0,0.7289876429488196,0.3685091326155389,383.9291666666667,301.0,0.12997186475150113,0.035745892895795744,3117,0.0,8,0.0,5.0,,ARC-noGraph,ddos,225
180.0,3.3671534825867933,0.4963629025952412,373.25694444444446,301.0,0.12997186475150113,1.9024605177897355e-07,3460,30.0,9,0.0,10.0,,ARC-noGraph,ddos,226
5.0,0.47785106956010903,0.45711796267037164,359.6430555555556,301.0,0.12997186475150113,0.8635597744561421,3356,0.0,9,0.0,5.0,,ARC-noGraph,ddos,227
0.0,0.3615467204304168,0.3615467204304156,380.1611111111111,301.0,0.12997186475150113,0.9699999999999999,3420,0.0,9,0.0,5.0,,ARC-noGraph,ddos,228
0.0,0.3998794381591564,0.39987943815915616,384.6625,272.0,0.12997186475150113,0.9699999999999999,3301,0.0,8,0.0,5.0,,ARC-noGraph,ddos,229
0.0,0.5074097346776107,0.5074097346776134,307.7125,301.0,0.12997186475150113,0.9699999999999999,2230,0.0,10,0.0,10.0,,ARC-bf,ddos,200
20.0,0.7102625610546642,0.38398499047780793,377.2083333333333,301.0,0.12997186475150113,0.02496486938914883,3123,0.0,8,0.0,5.0,,ARC-bf,ddos,201
275.0,4.363500823555933,0.47302241777912674,383.59305555555557,301.0,0.12997186475150113,1.0187007382858959e-09,3147,200.0,8,0.0,10.0,,ARC-bf,ddos,202
0.0,0.4211080844549353,0.42110808445496156,367.11944444444447,301.0,0.12997186475150113,0.9699999999999999,3374,0.0,10,0.0,5.0,,ARC-bf,ddos,203
0.0,0.3663557705506082,0.36635577055062263,387.8777777777778,301.0,0.12997186475150113,0.9699999999999999,3389,0.0,8,0.0,10.0,,ARC-bf,ddos,204
0.0,0.407636076036344,0.4076360760363426,386.80833333333334,283.0,0.12997186475150113,0.9699999999999999,3240,0.0,9,0.0,5.0,,ARC-bf,ddos,205
0.0,0.5693264289951872,0.5693264289951964,318.1347222222222,301.0,0.12997186475150113,0.9699999999999999,2393,0.0,9,0.0,5.0,,ARC-bf,ddos,206
15.0,0.6021365788552391,0.3636640859383075,375.7888888888889,301.0,0.12997186475150113,0.1849287942816188,2990,0.0,8,0.0,5.0,,ARC-bf,ddos,207
130.0,2.3846810096180504,0.4676848777470394,363.52222222222224,301.0,0.12997186475150113,4.2915878514059266e-08,2911,15.0,9,0.0,10.0,,ARC-bf,ddos,208
0.0,0.47657893753292324,0.47657893753292363,370.5625,301.0,0.12997186475150113,0.9699999999999999,3298,0.0,9,0.0,5.0,,ARC-bf,ddos,209
5.0,0.3730941140902333,0.36379086539702876,388.54027777777776,301.0,0.12997186475150113,0.934608906998566,3484,0.0,8,0.0,5.0,,ARC-bf,ddos,210
0.0,0.37907838106300273,0.37907838106300257,387.65833333333336,276.0,0.12997186475150113,0.9699999999999999,3184,0.0,8,0.0,5.0,,ARC-bf,ddos,211
0.0,0.5674251797368912,0.5674251797368922,316.94166666666666,301.0,0.12997186475150113,0.9699999999999999,2323,0.0,9,0.0,10.0,,ARC-bf,ddos,212
15.0,0.48300182720812934,0.40477716998229146,394.1125,301.0,0.12997186475150113,0.7260144285229634,3179,0.0,9,0.0,5.0,,ARC-bf,ddos,213
135.0,2.8511907444071505,0.5062033243994886,392.8569444444444,301.0,0.12997186475150113,1.6285147007936188e-09,3204,20.0,9,0.0,5.0,,ARC-bf,ddos,214
0.0,0.46663722135432684,0.46663722135432123,369.71805555555557,301.0,0.12997186475150113,0.9699999999999999,3318,0.0,9,0.0,10.0,,ARC-bf,ddos,215
0.0,0.3621420547754939,0.362142054775503,395.75,301.0,0.12997186475150113,0.9699999999999999,3433,0.0,8,0.0,5.0,,ARC-bf,ddos,216
0.0,0.40610700578627146,0.40610700578627074,393.1347222222222,301.0,0.12997186475150113,0.9699999999999999,3286,0.0,8,0.0,5.0,,ARC-bf,ddos,217
0.0,0.5080691193156461,0.5080691193156492,316.0625,301.0,0.12997186475150113,0.9699999999999999,2454,0.0,10,0.0,5.0,,ARC-bf,ddos,218
15.0,0.5887375611754564,0.40313013015751187,373.6333333333333,301.0,0.12997186475150113,0.3112056693339735,2944,0.0,9,0.0,10.0,,ARC-bf,ddos,219
205.0,3.935808881873637,0.5069114399221284,376.51666666666665,301.0,0.12997186475150116,1.1792156467646036e-07,3168,90.0,9,0.0,5.0,,ARC-bf,ddos,220
0.0,0.44949223489511025,0.4494922348951234,369.7125,301.0,0.12997186475150113,0.9699999999999999,3309,0.0,9,0.0,10.0,,ARC-bf,ddos,221
0.0,0.37897404498664633,0.3750073993039657,395.4486111111111,301.0,0.12997186475150116,0.9699999999999999,3430,0.0,8,0.0,10.0,,ARC-bf,ddos,222
0.0,0.3998322556024503,0.3998322556024517,366.39722222222224,261.0,0.12997186475150113,0.9699999999999999,3096,0.0,8,0.0,5.0,,ARC-bf,ddos,223
0.0,0.5651528093886582,0.5651528093886464,318.9611111111111,301.0,0.12997186475150113,0.9699999999999999,2297,0.0,9,0.0,10.0,,ARC-bf,ddos,224
5.0,0.3948964313545744,0.3685091326155389,382.49444444444447,301.0,0.12997186475150113,0.8823765535225673,3105,0.0,8,0.0,5.0,,ARC-bf,ddos,225
95.0,2.0767512986962777,0.4987314468821888,360.20694444444445,301.0,0.12997186475150113,6.344462024604023e-07,3073,25.0,9,0.0,10.0,,ARC-bf,ddos,226
5.0,0.47785106956010903,0.45711796267037164,359.4638888888889,301.0,0.12997186475150113,0.8635597744561421,3313,0.0,9,0.0,5.0,,ARC-bf,ddos,227
0.0,0.3603348988865718,0.36033489888658343,380.1041666666667,301.0,0.12997186475150113,0.9699999999999999,3425,0.0,8,0.0,10.0,,ARC-bf,ddos,228
0.0,0.39754216456661107,0.39754216456660596,386.4638888888889,274.0,0.12997186475150113,0.9699999999999999,3203,0.0,8,0.0,5.0,,ARC-bf,ddos,229
3475.0,58.81946333316769,0.0,482.875,301.0,15.129971864751502,2.2665674431100938e-13,588,607.5,0,0.0,,,HPA,ddos_kill,200
6600.0,99.99999952124618,0.0,551.8333333333334,301.0,14.923172555019365,2.467539011968814e-13,234,1200.0,0,0.0,,,HPA,ddos_kill,201
2815.0,42.83807734334837,0.0,452.43888888888887,301.0,13.898380513785341,1.6945811075890565e-14,600,1190.0,0,0.0,,,HPA,ddos_kill,202
4430.0,68.45675501602815,0.0,446.15277777777777,301.0,12.129971864751502,4.915710778802476e-13,364,1177.5,0,0.0,,,HPA,ddos_kill,203
6575.0,99.99999929332148,0.0,551.8333333333334,301.0,15.119330886181194,8.929510674002962e-15,259,1200.0,0,0.0,,,HPA,ddos_kill,204
6600.0,99.9999995863027,0.0,551.8333333333334,301.0,15.129971864751502,8.278766128515592e-13,285,1200.0,0,0.0,,,HPA,ddos_kill,205
2275.0,40.07439264981863,0.0,392.8013888888889,301.0,15.123151669107152,8.512360620476251e-14,415,1125.0,0,0.0,,,HPA,ddos_kill,206
6600.0,99.99999997660477,0.0,551.8333333333334,301.0,18.1299718647515,3.0358778483208795e-15,212,1200.0,0,0.0,,,HPA,ddos_kill,207
2770.0,42.19644870726798,0.0,451.59166666666664,301.0,14.03995129650775,1.073508489485721e-15,602,1190.0,0,0.0,,,HPA,ddos_kill,208
1015.0,16.7556367631843,0.0,338.43611111111113,301.0,15.119862935109708,8.689450191275402e-16,467,945.0,0,0.0,,,HPA,ddos_kill,209
5190.0,75.18319872760836,0.0,529.2722222222222,301.0,18.04103089389937,1.1305983159310428e-14,427,1200.0,0,0.0,,,HPA,ddos_kill,210
6600.0,99.99999930097434,0.0,551.8333333333334,301.0,18.1299718647515,1.2298530605651907e-14,262,1200.0,0,0.0,,,HPA,ddos_kill,211
2290.0,40.56783623579335,0.0,393.52222222222224,301.0,15.129971864751502,8.282661251339809e-14,366,1142.5,0,0.0,,,HPA,ddos_kill,212
6600.0,99.99999985728519,0.0,551.8333333333334,301.0,15.129971864751502,4.167406326551736e-14,255,1200.0,0,0.0,,,HPA,ddos_kill,213
2815.0,43.21815995877644,0.0,409.6847222222222,301.0,14.27519095143922,3.1063707786934495e-13,419,1165.0,0,0.0,,,HPA,ddos_kill,214
960.0,15.669870829574506,0.0,338.06944444444446,301.0,13.781468713776274,1.0145568591447312e-15,487,892.5,0,0.0,,,HPA,ddos_kill,215
6575.0,99.99999889306578,0.0,551.8333333333334,301.0,15.02820516425224,1.038302077276052e-12,281,1200.0,0,0.0,,,HPA,ddos_kill,216
6600.0,99.99999965630106,0.0,551.8333333333334,301.0,15.129971864751502,1.1141470866191654e-13,279,1200.0,0,0.0,,,HPA,ddos_kill,217
2865.0,49.077681155177764,0.0,414.77777777777777,301.0,15.129971864751502,1.6088191797209006e-13,418,1182.5,0,0.0,,,HPA,ddos_kill,218
6600.0,99.99999993858857,0.0,551.8333333333334,301.0,18.1299718647515,2.754753297407205e-15,232,1200.0,0,0.0,,,HPA,ddos_kill,219
2815.0,43.45817096442529,0.0,410.0111111111111,301.0,12.129971864751502,1.0069858224451605e-15,393,1187.5,0,0.0,,,HPA,ddos_kill,220
6595.0,99.99999896293765,0.0,551.8333333333334,301.0,17.75241329136438,4.275704090217558e-15,301,1200.0,0,0.0,,,HPA,ddos_kill,221
6575.0,99.99999962735771,0.0,551.8333333333334,301.0,15.129971864751502,5.058062047060325e-15,271,1200.0,0,0.0,,,HPA,ddos_kill,222
6600.0,99.99999962620014,0.0,551.8333333333334,301.0,18.1299718647515,1.0553791303998304e-14,273,1200.0,0,0.0,,,HPA,ddos_kill,223
2285.0,40.16428681460024,0.0,395.0708333333333,301.0,15.123151669107152,1.9472787407560462e-13,386,1125.0,0,0.0,,,HPA,ddos_kill,224
6600.0,99.99999953392562,0.0,551.8333333333334,301.0,17.71159068850596,1.5337622816906005e-14,257,1200.0,0,0.0,,,HPA,ddos_kill,225
3010.0,45.66623642573799,0.0,433.9583333333333,301.0,12.129971864751502,5.592973185995861e-13,472,1185.0,0,0.0,,,HPA,ddos_kill,226
3235.0,49.03792690267035,0.0,432.22083333333336,301.0,12.510496349291124,7.456502679986288e-16,577,865.0,0,0.0,,,HPA,ddos_kill,227
6575.0,99.99999940922581,0.0,551.8333333333334,301.0,14.993620601270335,8.422782552860331e-13,281,1200.0,0,0.0,,,HPA,ddos_kill,228
6600.0,99.99999973822521,0.0,551.8333333333334,301.0,15.129971864751502,8.026153302012657e-14,282,1200.0,0,0.0,,,HPA,ddos_kill,229
0.0,0.0,0.0,363.3986111111111,301.0,0.12997186475150113,1.0,367,0.0,0,0.0,,,HPA-45,ddos_kill,200
0.0,0.0,0.0,390.5986111111111,301.0,0.12997186475150113,1.0,299,0.0,0,0.0,,,HPA-45,ddos_kill,201
5.0,0.008409264639142044,0.0,361.1402777777778,301.0,0.12997186475150113,0.9403956756606988,405,2.5,0,0.0,,,HPA-45,ddos_kill,202
6595.0,99.99999831676124,0.0,551.8333333333334,301.0,13.134617409806461,3.529751788117477e-15,238,1200.0,0,0.0,,,HPA-45,ddos_kill,203
6575.0,99.99999959928662,0.0,551.8333333333334,301.0,12.162898429268937,4.968699583839632e-13,243,1200.0,0,0.0,,,HPA-45,ddos_kill,204
0.0,0.0,0.0,385.6486111111111,301.0,0.12997186475150113,1.0,325,0.0,0,0.0,,,HPA-45,ddos_kill,205
2275.0,40.033877923812646,0.0,431.3361111111111,301.0,15.129971864751502,1.4931956792349432e-13,361,1125.0,0,0.0,,,HPA-45,ddos_kill,206
6600.0,99.99999998670278,0.0,551.8333333333334,301.0,18.013500584555583,3.1442661296920264e-15,181,1200.0,0,0.0,,,HPA-45,ddos_kill,207
2675.0,40.84840059105915,0.0,429.28055555555557,301.0,12.636053201060344,1.5303139711338554e-13,369,1185.0,0,0.0,,,HPA-45,ddos_kill,208
1000.0,16.533142011768952,0.0,397.34444444444443,301.0,15.107695081446147,9.032930592777581e-14,466,940.0,0,0.0,,,HPA-45,ddos_kill,209
2505.0,32.47425931100639,0.0,463.05833333333334,301.0,15.129971864751502,2.6335365029033446e-13,363,845.0,0,0.0,,,HPA-45,ddos_kill,210
6600.0,99.99999929133982,0.0,551.8333333333334,301.0,12.62196053924324,7.606163432135141e-13,266,1200.0,0,0.0,,,HPA-45,ddos_kill,211
0.0,0.0011646140977594754,0.0,365.9527777777778,301.0,0.12997186475150113,0.9900715337556257,329,0.0,0,0.0,,,HPA-45,ddos_kill,212
0.0,0.0,0.0,391.50555555555553,301.0,0.12997186475150113,1.0,302,0.0,0,0.0,,,HPA-45,ddos_kill,213
0.0,0.0,0.0,367.3236111111111,301.0,0.12997186475150113,1.0,374,0.0,0,0.0,,,HPA-45,ddos_kill,214
10.0,0.025082153218736192,0.0,392.56805555555553,301.0,0.12997186475150113,0.916418331591419,431,5.0,0,0.0,,,HPA-45,ddos_kill,215
6575.0,99.9999989293552,0.0,551.8333333333334,301.0,12.129971864751502,1.2345811558300528e-12,235,1200.0,0,0.0,,,HPA-45,ddos_kill,216
0.0,0.0,0.0,387.5361111111111,301.0,0.12997186475150113,1.0,332,0.0,0,0.0,,,HPA-45,ddos_kill,217
0.0,0.0,0.0,362.2055555555556,301.0,0.12997186475150113,1.0,361,0.0,0,0.0,,,HPA-45,ddos_kill,218
0.0,0.0,0.0,389.2055555555556,301.0,0.12997186475150113,1.0,316,0.0,0,0.0,,,HPA-45,ddos_kill,219
2770.0,42.81463431237701,0.0,439.8388888888889,301.0,15.119330886181194,1.817952510506078e-13,366,1167.5,0,0.0,,,HPA-45,ddos_kill,220
6595.0,99.9999980634561,0.0,551.8333333333334,301.0,15.119330886181194,4.028700998283443e-15,247,1200.0,0,0.0,,,HPA-45,ddos_kill,221
0.0,0.0,0.0,395.41805555555555,301.0,0.12997186475150113,1.0,373,0.0,0,0.0,,,HPA-45,ddos_kill,222
6600.0,99.99999944694646,0.0,551.8333333333334,301.0,15.129971864751502,4.664014466649834e-13,252,1200.0,0,0.0,,,HPA-45,ddos_kill,223
2280.0,40.070870696434525,0.0,435.2875,301.0,15.129971864751502,1.5705950580688737e-13,360,1125.0,0,0.0,,,HPA-45,ddos_kill,224
0.0,0.0,0.0,383.71805555555557,301.0,0.12997186475150113,1.0,317,0.0,0,0.0,,,HPA-45,ddos_kill,225
5.0,0.011955737294722102,0.0,366.41805555555555,301.0,0.12997186475150113,0.9386277962970108,303,0.0,0,0.0,,,HPA-45,ddos_kill,226
10.0,0.04423763770450284,0.0,392.7583333333333,301.0,0.12997186475150113,0.8263004999842648,405,5.0,0,0.0,,,HPA-45,ddos_kill,227
4240.0,68.75516208105341,0.0,458.89722222222224,301.0,13.855030776670157,1.9937522413330435e-13,302,1120.0,0,0.0,,,HPA-45,ddos_kill,228
6600.0,99.99999961279094,0.0,551.8333333333334,301.0,12.194930488439418,4.3617762113569193e-13,265,1200.0,0,0.0,,,HPA-45,ddos_kill,229
2695.0,46.0129590057876,0.0,475.9458333333333,301.0,12.118735354158028,8.961321019819453e-12,452,1120.0,0,0.0,,,PredHPA,ddos_kill,200
0.0,0.0,0.0,474.575,301.0,0.12997186475150113,1.0,296,0.0,0,0.0,,,PredHPA,ddos_kill,201
10.0,0.023805780466479298,0.0,469.7944444444444,301.0,0.12997186475150113,0.17733308935737652,530,0.0,0,0.0,,,PredHPA,ddos_kill,202
0.0,0.0,0.0,461.27777777777777,301.0,0.12997186475150113,1.0,501,0.0,0,0.0,,,PredHPA,ddos_kill,203
6575.0,99.99999921868763,0.0,551.8333333333334,301.0,12.158405693099118,7.755828695845859e-13,176,1200.0,0,0.0,,,PredHPA,ddos_kill,204
6600.0,99.9999985589673,0.0,551.8333333333334,301.0,12.413181120002136,7.861736024398416e-13,195,1200.0,0,0.0,,,PredHPA,ddos_kill,205
0.0,0.0,0.0,394.0208333333333,301.0,0.12997186475150113,1.0,446,0.0,0,0.0,,,PredHPA,ddos_kill,206
4530.0,70.41788852209007,0.0,510.1152777777778,301.0,12.112036945052772,6.829856725875659e-12,288,1125.0,0,0.0,,,PredHPA,ddos_kill,207
10.0,0.02684315878199728,0.0,469.11944444444447,301.0,0.12997186475150113,0.0059180694707329905,546,0.0,0,0.0,,,PredHPA,ddos_kill,208
0.0,0.0,0.0,478.16805555555555,301.0,0.12997186475150113,1.0,509,0.0,0,0.0,,,PredHPA,ddos_kill,209
6575.0,99.99999951205434,0.0,551.8333333333334,301.0,14.949587191935652,7.541270823207474e-13,197,1200.0,0,0.0,,,PredHPA,ddos_kill,210
6600.0,99.99999928314607,0.0,551.8333333333334,301.0,12.611684308856011,2.432333913791997e-13,170,1200.0,0,0.0,,,PredHPA,ddos_kill,211
5.0,0.010410798875504224,0.0,397.02916666666664,301.0,0.12997186475150113,0.9215766667792671,416,5.0,0,0.0,,,PredHPA,ddos_kill,212
6600.0,99.99999996396897,0.0,551.8333333333334,301.0,18.1299718647515,3.552640508757909e-15,218,1200.0,0,0.0,,,PredHPA,ddos_kill,213
0.0,0.0,0.0,474.18888888888887,301.0,0.12997186475150113,1.0,489,0.0,0,0.0,,,PredHPA,ddos_kill,214
0.0,0.0,0.0,477.8722222222222,301.0,0.12997186475150113,1.0,495,0.0,0,0.0,,,PredHPA,ddos_kill,215
6575.0,99.9999973582518,0.0,551.8333333333334,301.0,12.123151669107152,8.243367215897012e-11,216,1200.0,0,0.0,,,PredHPA,ddos_kill,216
6600.0,99.99999881298257,0.0,551.8333333333334,301.0,12.129971864751502,1.0240516917443174e-11,180,1200.0,0,0.0,,,PredHPA,ddos_kill,217
0.0,0.0,0.0,397.80694444444447,301.0,0.12997186475150113,1.0,435,0.0,0,0.0,,,PredHPA,ddos_kill,218
0.0,0.0,0.0,477.56944444444446,301.0,0.12997186475150113,1.0,279,0.0,0,0.0,,,PredHPA,ddos_kill,219
2675.0,40.81393976373536,0.0,510.4236111111111,301.0,15.123909735027151,1.755378071424579e-13,406,1115.0,0,0.0,,,PredHPA,ddos_kill,220
6595.0,99.99999909954654,0.0,551.8333333333334,301.0,14.530071845179002,3.373609663094246e-13,181,1200.0,0,0.0,,,PredHPA,ddos_kill,221
6575.0,99.99999923555937,0.0,551.8333333333334,301.0,12.129971864751502,7.753769592369381e-13,193,1200.0,0,0.0,,,PredHPA,ddos_kill,222
6600.0,99.99999859138376,0.0,551.8333333333334,301.0,15.129971864751502,3.174984877500463e-13,185,1200.0,0,0.0,,,PredHPA,ddos_kill,223
0.0,0.0,0.0,395.2138888888889,301.0,0.12997186475150113,1.0,443,0.0,0,0.0,,,PredHPA,ddos_kill,224
0.0,0.0,0.0,480.7013888888889,301.0,0.12997186475150113,1.0,304,0.0,0,0.0,,,PredHPA,ddos_kill,225
0.0,0.0,0.0,475.37361111111113,301.0,0.12997186475150113,1.0,502,0.0,0,0.0,,,PredHPA,ddos_kill,226
0.0,0.0,0.0,473.98333333333335,301.0,0.12997186475150113,1.0,497,0.0,0,0.0,,,PredHPA,ddos_kill,227
6575.0,99.99999920665775,0.0,551.8333333333334,301.0,12.129971864751502,7.890187829072839e-13,178,1200.0,0,0.0,,,PredHPA,ddos_kill,228
6600.0,99.99999926825068,0.0,551.8333333333334,301.0,14.41618912392998,2.3713748209458013e-13,186,1200.0,0,0.0,,,PredHPA,ddos_kill,229
5.0,0.5240483101634164,0.5103936309750419,307.5625,301.0,0.12997186475150113,0.8621456281955496,2268,5.0,10,0.0,10.0,,ARC,ddos_kill,200
15.0,0.5375292037426371,0.3826986042371721,374.30833333333334,301.0,0.12997186475150113,0.29998342680853896,3046,0.0,9,0.0,5.0,,ARC,ddos_kill,201
145.0,2.8175622279214885,0.47612095584423536,390.3027777777778,301.0,0.12997186475150113,6.460699923418446e-10,3323,115.0,8,0.0,5.0,,ARC,ddos_kill,202
0.0,0.41913191590920995,0.4191319159092301,367.0736111111111,301.0,0.12997186475150113,0.9699999999999999,3334,0.0,10,0.0,5.0,,ARC,ddos_kill,203
0.0,0.3663557705506082,0.36635577055062263,385.2763888888889,301.0,0.12997186475150113,0.9699999999999999,3370,0.0,8,0.0,10.0,,ARC,ddos_kill,204
0.0,0.407636076036344,0.4076360760363426,382.96527777777777,281.0,0.12997186475150113,0.9699999999999999,3250,0.0,9,0.0,5.0,,ARC,ddos_kill,205
0.0,0.5693264289951872,0.5693264289951964,319.4111111111111,301.0,0.12997186475150113,0.9699999999999999,2395,0.0,9,0.0,5.0,,ARC,ddos_kill,206
15.0,0.6350567240491656,0.3636640859383075,378.11805555555554,301.0,0.12997186475150113,0.09511865548091404,3079,0.0,8,0.0,5.0,,ARC,ddos_kill,207
140.0,2.954334371038747,0.4676848777470394,370.7347222222222,301.0,0.12997186475150113,2.9792392206991224e-07,3079,80.0,9,0.0,10.0,,ARC,ddos_kill,208
0.0,0.47657893753292324,0.47657893753292363,370.75694444444446,301.0,0.12997186475150113,0.9699999999999999,3307,0.0,9,0.0,5.0,,ARC,ddos_kill,209
5.0,0.3730941140902333,0.36379086539702876,388.8236111111111,301.0,0.12997186475150113,0.934608906998566,3555,0.0,8,0.0,5.0,,ARC,ddos_kill,210
0.0,0.37907838106300273,0.37907838106300257,389.4,277.0,0.12997186475150113,0.9699999999999999,3099,0.0,8,0.0,5.0,,ARC,ddos_kill,211
0.0,0.5652885592142054,0.5652885592142087,318.30833333333334,301.0,0.12997186475150113,0.9699999999999999,2372,0.0,9,0.0,10.0,,ARC,ddos_kill,212
15.0,0.5058214851661802,0.40477716998229146,393.71666666666664,301.0,0.12997186475150113,0.6463985425598846,3229,0.0,9,0.0,5.0,,ARC,ddos_kill,213
135.0,2.8223777635885794,0.5062033243994886,396.1625,301.0,0.12997186475150113,1.6285147007936188e-09,3303,20.0,8,0.0,5.0,,ARC,ddos_kill,214
0.0,0.471184507787914,0.4669833004251563,369.8152777777778,301.0,0.12997186475150113,0.9698557538485076,3331,0.0,9,0.0,10.0,,ARC,ddos_kill,215
0.0,0.3621420547754939,0.362142054775503,395.21527777777777,301.0,0.12997186475150113,0.9699999999999999,3526,0.0,8,0.0,5.0,,ARC,ddos_kill,216
0.0,0.4092152742320665,0.40921527423207155,392.1902777777778,301.0,0.12997186475150113,0.9699999999999999,3281,0.0,9,0.0,5.0,,ARC,ddos_kill,217
0.0,0.5112864815667528,0.5112864815667523,314.19444444444446,301.0,0.12997186475150113,0.9699999999999999,2397,0.0,10,0.0,5.0,,ARC,ddos_kill,218
15.0,0.5887375611754564,0.40313013015751187,375.0486111111111,301.0,0.12997186475150113,0.3112056693339735,2933,0.0,9,0.0,10.0,,ARC,ddos_kill,219
100.0,2.0883003540292933,0.5069114399221284,376.77222222222224,301.0,0.12997186475150116,1.0088949957317577e-07,3188,40.0,9,0.0,5.0,,ARC,ddos_kill,220
0.0,0.44949223489511025,0.4494922348951234,370.94305555555553,301.0,0.12997186475150113,0.9699999999999999,3283,0.0,9,0.0,10.0,,ARC,ddos_kill,221
0.0,0.3813681365360866,0.377401490853407,393.7138888888889,301.0,0.12997186475150113,0.9699999999999999,3417,0.0,9,0.0,5.0,,ARC,ddos_kill,222
0.0,0.39701168143143617,0.39701168143143634,365.6986111111111,255.0,0.12997186475150113,0.9699999999999999,3064,0.0,8,0.0,5.0,,ARC,ddos_kill,223
0.0,0.5680110066489497,0.5680110066489422,318.3847222222222,301.0,0.12997186475150113,0.9699999999999999,2313,0.0,9,0.0,10.0,,ARC,ddos_kill,224
30.0,0.7932982402541588,0.3685091326155389,381.8986111111111,301.0,0.12997186475150113,0.02904872264426309,3039,0.0,8,0.0,5.0,,ARC,ddos_kill,225
115.0,2.2565058230782697,0.4963629025952412,363.04305555555555,301.0,0.12997186475150113,6.932216331153709e-05,2969,10.0,9,0.0,10.0,,ARC,ddos_kill,226
5.0,0.47785106956010903,0.45711796267037164,360.4625,301.0,0.12997186475150113,0.8635597744561421,3328,0.0,9,0.0,5.0,,ARC,ddos_kill,227
0.0,0.3603348988865718,0.36033489888658343,380.3861111111111,301.0,0.12997186475150113,0.9699999999999999,3439,0.0,8,0.0,10.0,,ARC,ddos_kill,228
0.0,0.3998794381591564,0.39987943815915616,386.2736111111111,278.0,0.12997186475150113,0.9699999999999999,3214,0.0,8,0.0,5.0,,ARC,ddos_kill,229
0.0,0.5103936309750368,0.5103936309750419,309.9611111111111,301.0,0.12997186475150113,0.9699999999999999,2343,0.0,10,0.0,10.0,,ARC-noGraph,ddos_kill,200
25.0,0.6158907740219433,0.38398499047780793,379.6097222222222,301.0,0.12997186475150113,0.2736809396675764,3135,0.0,9,0.0,5.0,,ARC-noGraph,ddos_kill,201
235.0,3.6443862453874765,0.47302241777912674,393.93888888888887,301.0,0.12997186475150113,2.8131041998877257e-10,3347,205.0,8,0.0,10.0,,ARC-noGraph,ddos_kill,202
0.0,0.4211080844549353,0.42110808445496156,368.9875,301.0,0.12997186475150113,0.9699999999999999,3388,0.0,10,0.0,5.0,,ARC-noGraph,ddos_kill,203
0.0,0.3663557705506082,0.36635577055062263,387.18055555555554,301.0,0.12997186475150113,0.9699999999999999,3402,0.0,8,0.0,10.0,,ARC-noGraph,ddos_kill,204
0.0,0.40597736606262647,0.40597736606262236,382.75,271.0,0.12997186475150113,0.9699999999999999,3296,0.0,9,0.0,10.0,,ARC-noGraph,ddos_kill,205
0.0,0.5671163010747549,0.5671163010747503,319.91527777777776,301.0,0.12997186475150113,0.9699999999999999,2379,0.0,9,0.0,10.0,,ARC-noGraph,ddos_kill,206
20.0,0.8177283829935544,0.3636640859383075,377.5763888888889,301.0,0.12997186475150113,0.002451054926939505,3137,0.0,8,0.0,5.0,,ARC-noGraph,ddos_kill,207
1850.0,33.40098080704356,0.4676848777470394,410.8152777777778,301.0,11.15634921038337,6.295539486386911e-10,2628,105.0,6,0.0,10.0,,ARC-noGraph,ddos_kill,208
0.0,0.47657893753292324,0.47657893753292363,368.96805555555557,301.0,0.12997186475150113,0.9699999999999999,3258,0.0,9,0.0,5.0,,ARC-noGraph,ddos_kill,209
0.0,0.3662990965043189,0.36379086539702876,388.90416666666664,301.0,0.12997186475150113,0.9699999999999999,3536,0.0,9,0.0,5.0,,ARC-noGraph,ddos_kill,210
0.0,0.37907838106300273,0.37907838106300257,387.25138888888887,286.0,0.12997186475150113,0.9699999999999999,3153,0.0,8,0.0,5.0,,ARC-noGraph,ddos_kill,211
0.0,0.5652885592142054,0.5652885592142087,316.4875,301.0,0.12997186475150113,0.9699999999999999,2322,0.0,9,0.0,10.0,,ARC-noGraph,ddos_kill,212
10.0,0.4986185781746366,0.40477716998229146,394.38055555555553,301.0,0.12997186475150113,0.6463985425598846,3207,0.0,9,0.0,5.0,,ARC-noGraph,ddos_kill,213
95.0,2.2149862070274917,0.5031298496594505,396.26944444444445,301.0,0.12997186475150113,5.179917030207055e-09,3384,20.0,8,0.0,5.0,,ARC-noGraph,ddos_kill,214
0.0,0.46663722135432684,0.46663722135432123,369.1958333333333,301.0,0.12997186475150113,0.9699999999999999,3418,0.0,9,0.0,10.0,,ARC-noGraph,ddos_kill,215
0.0,0.36081632533315755,0.3608163253331649,396.18333333333334,301.0,0.12997186475150113,0.9699999999999999,3483,0.0,8,0.0,5.0,,ARC-noGraph,ddos_kill,216
0.0,0.40610700578627146,0.40610700578627074,392.61944444444447,297.0,0.12997186475150113,0.9699999999999999,3281,0.0,8,0.0,5.0,,ARC-noGraph,ddos_kill,217
0.0,0.502461894683881,0.502461894683877,313.93888888888887,301.0,0.12997186475150113,0.9699999999999999,2357,0.0,10,0.0,10.0,,ARC-noGraph,ddos_kill,218
15.0,0.5887375611754564,0.40313013015751187,375.4236111111111,301.0,0.12997186475150113,0.3112056693339735,3000,0.0,9,0.0,10.0,,ARC-noGraph,ddos_kill,219
125.0,2.623874933236603,0.5069114399221284,383.4763888888889,301.0,0.12997186475150116,1.977339323569943e-09,3365,60.0,9,5.0,5.0,,ARC-noGraph,ddos_kill,220
0.0,0.4519827340086824,0.45198273400868155,369.21666666666664,301.0,0.12997186475150113,0.9699999999999999,3325,0.0,9,0.0,5.0,,ARC-noGraph,ddos_kill,221
0.0,0.37897404498664633,0.3750073993039657,396.4625,301.0,0.12997186475150113,0.9699999999999999,3541,0.0,9,0.0,10.0,,ARC-noGraph,ddos_kill,222
0.0,0.3998322556024503,0.3998322556024517,368.03333333333336,262.0,0.12997186475150113,0.9699999999999999,3113,0.0,8,0.0,5.0,,ARC-noGraph,ddos_kill,223
0.0,0.5680110066489497,0.5680110066489422,318.3097222222222,301.0,0.12997186475150113,0.9699999999999999,2391,0.0,9,0.0,10.0,,ARC-noGraph,ddos_kill,224
30.0,0.7928096573486809,0.3661194660135946,383.3638888888889,301.0,0.12997186475150113,0.024136193310010056,3084,0.0,8,0.0,5.0,,ARC-noGraph,ddos_kill,225
160.0,3.1332421691110723,0.4963629025952412,374.4972222222222,301.0,0.12997186475150113,3.62594581097565e-08,3480,42.5,9,0.0,10.0,,ARC-noGraph,ddos_kill,226
5.0,0.47785106956010903,0.45711796267037164,359.20972222222224,301.0,0.12997186475150113,0.8635597744561421,3334,0.0,9,0.0,5.0,,ARC-noGraph,ddos_kill,227
0.0,0.3626438498224971,0.36264384982249603,380.10555555555555,301.0,0.12997186475150113,0.9699999999999999,3417,0.0,9,0.0,5.0,,ARC-noGraph,ddos_kill,228
0.0,0.39754216456661107,0.39754216456660596,385.0263888888889,272.0,0.12997186475150113,0.9699999999999999,3298,0.0,8,0.0,5.0,,ARC-noGraph,ddos_kill,229
5.0,0.5240483101634164,0.5103936309750419,307.5625,301.0,0.12997186475150113,0.8621456281955496,2268,5.0,10,0.0,10.0,,ARC-bf,ddos_kill,200
15.0,0.5375292037426371,0.3826986042371721,374.30833333333334,301.0,0.12997186475150113,0.29998342680853896,3046,0.0,9,0.0,5.0,,ARC-bf,ddos_kill,201
1765.0,26.815996222421447,0.47302241777912674,421.7416666666667,301.0,10.310425553466695,8.729959476526246e-10,2691,315.0,6,0.0,10.0,,ARC-bf,ddos_kill,202
0.0,0.41913191590920995,0.4191319159092301,367.0736111111111,301.0,0.12997186475150113,0.9699999999999999,3333,0.0,10,0.0,5.0,,ARC-bf,ddos_kill,203
0.0,0.3663557705506082,0.36635577055062263,385.2763888888889,301.0,0.12997186475150113,0.9699999999999999,3370,0.0,8,0.0,10.0,,ARC-bf,ddos_kill,204
0.0,0.407636076036344,0.4076360760363426,381.8125,275.0,0.12997186475150113,0.9699999999999999,3218,0.0,9,0.0,5.0,,ARC-bf,ddos_kill,205
0.0,0.5693264289951872,0.5693264289951964,319.4111111111111,301.0,0.12997186475150113,0.9699999999999999,2395,0.0,9,0.0,5.0,,ARC-bf,ddos_kill,206
15.0,0.6350567240491656,0.3636640859383075,378.11805555555554,301.0,0.12997186475150113,0.09511865548091404,3079,0.0,8,0.0,5.0,,ARC-bf,ddos_kill,207
230.0,4.251577554327124,0.4676848777470394,365.8638888888889,301.0,0.12997186475150113,7.121216632836602e-09,2968,120.0,9,0.0,10.0,,ARC-bf,ddos_kill,208
0.0,0.47657893753292324,0.47657893753292363,370.75694444444446,301.0,0.12997186475150113,0.9699999999999999,3307,0.0,9,0.0,5.0,,ARC-bf,ddos_kill,209
5.0,0.3730941140902333,0.36379086539702876,388.8236111111111,301.0,0.12997186475150113,0.934608906998566,3555,0.0,8,0.0,5.0,,ARC-bf,ddos_kill,210
0.0,0.37907838106300273,0.37907838106300257,389.4,277.0,0.12997186475150113,0.9699999999999999,3099,0.0,8,0.0,5.0,,ARC-bf,ddos_kill,211
0.0,0.5652885592142054,0.5652885592142087,318.30833333333334,301.0,0.12997186475150113,0.9699999999999999,2372,0.0,9,0.0,10.0,,ARC-bf,ddos_kill,212
15.0,0.5058214851661802,0.40477716998229146,393.71666666666664,301.0,0.12997186475150113,0.6463985425598846,3229,0.0,9,0.0,5.0,,ARC-bf,ddos_kill,213
135.0,2.8511907444071505,0.5062033243994886,393.3541666666667,301.0,0.12997186475150113,1.6285147007936188e-09,3257,20.0,9,0.0,5.0,,ARC-bf,ddos_kill,214
0.0,0.471184507787914,0.4669833004251563,369.37083333333334,301.0,0.12997186475150113,0.9698557538485076,3318,0.0,9,0.0,10.0,,ARC-bf,ddos_kill,215
0.0,0.3621420547754939,0.362142054775503,395.21527777777777,301.0,0.12997186475150113,0.9699999999999999,3526,0.0,8,0.0,5.0,,ARC-bf,ddos_kill,216
0.0,0.4092152742320665,0.40921527423207155,392.1902777777778,301.0,0.12997186475150113,0.9699999999999999,3281,0.0,9,0.0,5.0,,ARC-bf,ddos_kill,217
0.0,0.5112864815667528,0.5112864815667523,314.19444444444446,301.0,0.12997186475150113,0.9699999999999999,2397,0.0,10,0.0,5.0,,ARC-bf,ddos_kill,218
15.0,0.5887375611754564,0.40313013015751187,375.0486111111111,301.0,0.12997186475150113,0.3112056693339735,2933,0.0,9,0.0,10.0,,ARC-bf,ddos_kill,219
120.0,2.3399011299934713,0.5069114399221284,376.9513888888889,301.0,0.12997186475150116,1.0692581527933819e-08,3216,40.0,9,0.0,5.0,,ARC-bf,ddos_kill,220
0.0,0.44949223489511025,0.4494922348951234,370.94305555555553,301.0,0.12997186475150113,0.9699999999999999,3283,0.0,9,0.0,10.0,,ARC-bf,ddos_kill,221
0.0,0.37897404498664633,0.3750073993039657,396.9194444444444,301.0,0.12997186475150116,0.9699999999999999,3442,0.0,8,0.0,10.0,,ARC-bf,ddos_kill,222
0.0,0.39701168143143617,0.39701168143143634,365.6986111111111,255.0,0.12997186475150113,0.9699999999999999,3064,0.0,8,0.0,5.0,,ARC-bf,ddos_kill,223
0.0,0.5680110066489497,0.5680110066489422,318.3847222222222,301.0,0.12997186475150113,0.9699999999999999,2313,0.0,9,0.0,10.0,,ARC-bf,ddos_kill,224
30.0,0.7932982402541588,0.3685091326155389,381.89166666666665,301.0,0.12997186475150113,0.02904872264426309,3037,0.0,8,0.0,5.0,,ARC-bf,ddos_kill,225
115.0,2.2565058230782697,0.4963629025952412,359.5125,301.0,0.12997186475150113,6.932216331153709e-05,2983,10.0,9,0.0,10.0,,ARC-bf,ddos_kill,226
5.0,0.47785106956010903,0.45711796267037164,360.48055555555555,301.0,0.12997186475150113,0.8635597744561421,3322,0.0,9,0.0,5.0,,ARC-bf,ddos_kill,227
0.0,0.3603348988865718,0.36033489888658343,380.3861111111111,301.0,0.12997186475150113,0.9699999999999999,3439,0.0,8,0.0,10.0,,ARC-bf,ddos_kill,228
0.0,0.3998794381591564,0.39987943815915616,386.2736111111111,278.0,0.12997186475150113,0.9699999999999999,3214,0.0,8,0.0,5.0,,ARC-bf,ddos_kill,229
3540.0,69.20549283746918,0.0,483.0208333333333,301.0,15.129971864751502,2.021322113171161e-14,615,365.0,0,0.0,,,HPA,poison_flash,200
6600.0,99.99999982261458,0.0,551.8333333333334,301.0,17.193867739390743,1.796381458453827e-15,281,1200.0,0,0.0,,,HPA,poison_flash,201
2815.0,55.97712344969472,0.0,452.5625,301.0,15.123151669107152,3.2234093483370226e-16,611,1130.0,0,0.0,,,HPA,poison_flash,202
4440.0,74.9295102852378,0.0,446.18611111111113,301.0,14.197909450638848,1.0620902428931368e-14,369,1115.0,0,0.0,,,HPA,poison_flash,203
6575.0,99.99999954679166,0.0,551.8333333333334,301.0,17.827162610620626,2.0208149679999584e-15,288,1200.0,0,0.0,,,HPA,poison_flash,204
6600.0,99.9999996259652,0.0,551.8333333333334,301.0,15.129971864751502,2.7882288180951813e-14,295,1200.0,0,0.0,,,HPA,poison_flash,205
2400.0,56.29945704213781,0.0,395.3333333333333,301.0,15.129971864751502,6.694449981650774e-16,407,1120.0,0,0.0,,,HPA,poison_flash,206
6600.0,99.99999998746442,0.0,551.8333333333334,301.0,18.1299718647515,2.2747543021513473e-15,224,1200.0,0,0.0,,,HPA,poison_flash,207
4195.0,75.03408626743753,0.0,488.7416666666667,301.0,15.129971864751502,5.111377526605526e-16,545,1130.0,0,0.0,,,HPA,poison_flash,208
4925.0,82.22115075277156,0.0,470.56388888888887,301.0,15.129971864751502,4.151275560946472e-15,374,505.0,0,0.0,,,HPA,poison_flash,209
2505.0,45.41267937276423,0.0,421.3333333333333,301.0,18.1299718647515,6.753877355299767e-15,417,970.0,0,0.0,,,HPA,poison_flash,210
6600.0,99.99999976060413,0.0,551.8333333333334,301.0,18.1299718647515,7.801594862994733e-15,308,1200.0,0,0.0,,,HPA,poison_flash,211
2305.0,55.73203571681231,0.0,391.1347222222222,301.0,15.107695081446147,1.5958846034292503e-13,425,1055.0,0,0.0,,,HPA,poison_flash,212
6600.0,99.99999986514283,0.0,551.8333333333334,301.0,18.094449874580206,2.1843169158257596e-15,273,1200.0,0,0.0,,,HPA,poison_flash,213
2815.0,56.49707505496801,0.0,407.9638888888889,301.0,15.129971864751502,4.8530869184674405e-14,462,1080.0,0,0.0,,,HPA,poison_flash,214
4885.0,81.66315058961244,0.0,468.9638888888889,301.0,15.129971864751502,4.923426642747768e-16,385,1135.0,0,0.0,,,HPA,poison_flash,215
6575.0,99.99999921640753,0.0,551.8333333333334,301.0,15.129971864751502,1.817791489812384e-13,324,1200.0,0,0.0,,,HPA,poison_flash,216
6600.0,99.99999981922899,0.0,551.8333333333334,301.0,18.1299718647515,1.8383113046621217e-15,302,1200.0,0,0.0,,,HPA,poison_flash,217
2870.0,61.02740903330594,0.0,415.28055555555557,301.0,15.129971864751502,8.50225339667859e-16,420,1120.0,0,0.0,,,HPA,poison_flash,218
6600.0,99.9999999772324,0.0,551.8333333333334,301.0,18.1299718647515,1.8905469916977096e-15,233,1200.0,0,0.0,,,HPA,poison_flash,219
4235.0,76.4530711370114,0.0,446.44305555555553,301.0,15.119330886181194,5.4712023798609e-16,339,1120.0,0,0.0,,,HPA,poison_flash,220
6595.0,99.99999933511957,0.0,551.8333333333334,301.0,18.1299718647515,2.232301158178745e-15,307,1200.0,0,0.0,,,HPA,poison_flash,221
6575.0,99.99999964345365,0.0,551.8333333333334,301.0,17.202831242891982,1.7693059816363037e-15,299,1200.0,0,0.0,,,HPA,poison_flash,222
6600.0,99.9999998280052,0.0,551.8333333333334,301.0,18.1299718647515,6.848875349158936e-15,294,1200.0,0,0.0,,,HPA,poison_flash,223
2325.0,55.18505424424879,0.0,395.4125,301.0,12.129971864751502,3.3648875671705514e-13,399,25.0,0,0.0,,,HPA,poison_flash,224
6600.0,99.99999961777583,0.0,551.8333333333334,301.0,18.111626188937812,9.875725872529188e-15,273,1200.0,0,0.0,,,HPA,poison_flash,225
4415.0,77.58069158810143,0.0,471.2,301.0,15.129971864751502,1.121271805985018e-14,424,1105.0,0,0.0,,,HPA,poison_flash,226
4850.0,81.18958651561809,0.0,467.325,301.0,15.129971864751502,3.5761846970338417e-16,408,935.0,0,0.0,,,HPA,poison_flash,227
6575.0,99.99999942370903,0.0,551.8333333333334,301.0,15.129971864751502,4.658444415514473e-13,303,1200.0,0,0.0,,,HPA,poison_flash,228
6600.0,99.99999985834583,0.0,551.8333333333334,301.0,17.5977963371458,1.625773518190214e-15,304,1200.0,0,0.0,,,HPA,poison_flash,229
2735.0,57.44769427014632,0.0,445.5486111111111,301.0,15.107695081446147,1.265467713341703e-14,375,355.0,0,0.0,,,HPA-45,poison_flash,200
4490.0,74.49425614036645,0.0,478.6902777777778,301.0,12.129971864751502,2.12679554281849e-12,294,1100.0,0,0.0,,,HPA-45,poison_flash,201
2710.0,54.79752128005077,0.0,433.7291666666667,301.0,15.107695081446147,8.999144768318706e-14,381,1125.0,0,0.0,,,HPA-45,poison_flash,202
6595.0,99.99999879030152,0.0,551.8333333333334,301.0,17.419212143007073,2.1250078768552066e-15,249,1200.0,0,0.0,,,HPA-45,poison_flash,203
6575.0,99.99999963139594,0.0,551.8333333333334,301.0,15.365753029428708,1.4711258783381362e-15,236,1200.0,0,0.0,,,HPA-45,poison_flash,204
4735.0,79.30551946694516,0.0,482.175,301.0,15.119330886181194,9.430686320234623e-16,283,1105.0,0,0.0,,,HPA-45,poison_flash,205
2290.0,54.8991981521638,0.0,431.4472222222222,301.0,15.129971864751502,1.2348174529288008e-13,360,1025.0,0,0.0,,,HPA-45,poison_flash,206
6600.0,99.99999999549301,0.0,551.8333333333334,301.0,18.1299718647515,1.4929205758545065e-15,192,1200.0,0,0.0,,,HPA-45,poison_flash,207
2640.0,53.963006034134054,0.0,428.5,301.0,12.129971864751502,8.407892227178284e-14,381,1125.0,0,0.0,,,HPA-45,poison_flash,208
4910.0,82.00608255494703,0.0,491.3861111111111,301.0,15.107695081446147,3.610343397504829e-15,303,1000.0,0,0.0,,,HPA-45,poison_flash,209
2505.0,45.41315818986633,0.0,462.9402777777778,301.0,15.754517901104592,1.5927952656408087e-15,367,970.0,0,0.0,,,HPA-45,poison_flash,210
6600.0,99.99999939677406,0.0,551.8333333333334,301.0,15.129971864751502,2.1918873435522784e-15,297,1200.0,0,0.0,,,HPA-45,poison_flash,211
2300.0,55.57138046755961,0.0,432.3888888888889,301.0,15.129971864751502,2.714163426096155e-15,333,1045.0,0,0.0,,,HPA-45,poison_flash,212
4970.0,80.86407642376805,0.0,497.5138888888889,301.0,15.107695081446147,1.51478053134136e-13,280,1095.0,0,0.0,,,HPA-45,poison_flash,213
2750.0,55.52935586651041,0.0,437.7375,301.0,12.116835434733883,3.868334409568689e-11,466,1080.0,0,0.0,,,HPA-45,poison_flash,214
2775.0,57.58235151310511,0.0,447.2625,301.0,15.107695081446147,8.940763901502075e-14,559,940.0,0,0.0,,,HPA-45,poison_flash,215
6575.0,99.99999915764623,0.0,551.8333333333334,301.0,15.135381769299425,1.867435564574963e-15,263,1200.0,0,0.0,,,HPA-45,poison_flash,216
4740.0,78.56468246657016,0.0,484.7236111111111,301.0,12.129971864751502,6.923019562917386e-12,338,1075.0,0,0.0,,,HPA-45,poison_flash,217
2595.0,54.65398744020008,0.0,446.49444444444447,301.0,15.107695081446147,1.394048015762969e-13,349,305.0,0,0.0,,,HPA-45,poison_flash,218
4995.0,80.90279165482639,0.0,499.02777777777777,301.0,15.129971864751502,4.139767616581949e-13,343,1055.0,0,0.0,,,HPA-45,poison_flash,219
2775.0,56.27837458849806,0.0,439.84722222222223,301.0,15.107695081446147,4.0469425968090115e-14,377,1095.0,0,0.0,,,HPA-45,poison_flash,220
6595.0,99.99999867820641,0.0,551.8333333333334,301.0,18.119330886181192,2.7006232502035765e-15,263,1200.0,0,0.0,,,HPA-45,poison_flash,221
4775.0,80.25484092882974,0.0,482.1736111111111,301.0,14.930964494827036,6.290851963046129e-15,301,735.0,0,0.0,,,HPA-45,poison_flash,222
6600.0,99.99999967957717,0.0,551.8333333333334,301.0,15.205753620114283,1.5436313111086357e-15,269,1200.0,0,0.0,,,HPA-45,poison_flash,223
2295.0,54.64035143540437,0.0,435.74305555555554,301.0,15.129971864751502,4.619538124475083e-14,350,1020.0,0,0.0,,,HPA-45,poison_flash,224
4550.0,75.09272740323102,0.0,479.3222222222222,301.0,15.079497483108613,1.6115640893431028e-13,302,1080.0,0,0.0,,,HPA-45,poison_flash,225
2900.0,56.950157835719374,0.0,443.1277777777778,301.0,12.129971864751502,6.302183834705493e-13,387,1100.0,0,0.0,,,HPA-45,poison_flash,226
4840.0,80.82920664429653,0.0,488.68333333333334,301.0,12.129971864751502,1.5469298798741124e-12,379,930.0,0,0.0,,,HPA-45,poison_flash,227
4325.0,74.2792695671059,0.0,458.68055555555554,301.0,14.758486287695565,4.145166019474006e-14,302,1090.0,0,0.0,,,HPA-45,poison_flash,228
6600.0,99.99999976007466,0.0,551.8333333333334,301.0,15.129971864751502,1.1993431290298785e-15,281,1200.0,0,0.0,,,HPA-45,poison_flash,229
2500.0,48.25559684598429,0.0,476.49583333333334,301.0,15.129971864751502,7.293007783145742e-14,401,345.0,0,0.0,,,PredHPA,poison_flash,200
0.0,0.0,0.0,473.8777777777778,301.0,0.12997186475150113,1.0,352,0.0,0,0.0,,,PredHPA,poison_flash,201
2640.0,52.97584871192731,0.0,507.4763888888889,301.0,15.107695081446147,6.27510505988305e-14,545,1090.0,0,0.0,,,PredHPA,poison_flash,202
4410.0,74.1625865659485,0.0,503.21527777777777,301.0,15.129971864751502,5.840122034107862e-15,282,1100.0,0,0.0,,,PredHPA,poison_flash,203
6575.0,99.99999923373392,0.0,551.8333333333334,301.0,15.129971864751502,2.3207839294841957e-15,177,1200.0,0,0.0,,,PredHPA,poison_flash,204
6600.0,99.99999885484965,0.0,551.8333333333334,301.0,15.165150796931995,2.7452899181813475e-15,189,1200.0,0,0.0,,,PredHPA,poison_flash,205
2275.0,53.77001809210149,0.0,464.3958333333333,301.0,12.129971864751502,4.403330443523019e-13,409,1015.0,0,0.0,,,PredHPA,poison_flash,206
0.0,0.002536536436903436,0.0,476.2361111111111,301.0,0.12997186475150113,0.9904633985314313,325,0.0,0,0.0,,,PredHPA,poison_flash,207
2680.0,53.65818873355076,0.0,507.6513888888889,301.0,15.129971864751502,5.142128774669424e-14,484,1115.0,0,0.0,,,PredHPA,poison_flash,208
960.0,33.4310412309913,0.0,477.3569444444444,301.0,15.129971864751502,7.703541754128942e-14,555,960.0,0,0.0,,,PredHPA,poison_flash,209
2505.0,45.41315905886882,0.0,528.4652777777778,301.0,15.754517901104592,7.402223876579983e-15,352,970.0,0,0.0,,,PredHPA,poison_flash,210
6600.0,99.99999941221289,0.0,551.8333333333334,301.0,15.123151669107152,2.1552274214894678e-15,193,1200.0,0,0.0,,,PredHPA,poison_flash,211
2290.0,54.85823028453116,0.0,466.825,301.0,15.123151669107152,5.015203393897622e-14,342,1035.0,0,0.0,,,PredHPA,poison_flash,212
6600.0,99.99999999164504,0.0,551.8333333333334,301.0,18.1299718647515,7.812999315604191e-15,251,1200.0,0,0.0,,,PredHPA,poison_flash,213
2770.0,55.10099372137489,0.0,511.2111111111111,301.0,15.129971864751502,2.4006904655919518e-14,411,1040.0,0,0.0,,,PredHPA,poison_flash,214
895.0,32.76590083319644,0.0,477.93333333333334,301.0,11.370017730761477,2.9448750349178223e-12,587,905.0,0,0.0,,,PredHPA,poison_flash,215
6575.0,99.99999773215887,0.0,551.8333333333334,301.0,12.627684217827891,3.6248947755870714e-15,220,1200.0,0,0.0,,,PredHPA,poison_flash,216
6600.0,99.99999904125139,0.0,551.8333333333334,301.0,15.183947238919524,2.6737834245000945e-15,192,1200.0,0,0.0,,,PredHPA,poison_flash,217
2545.0,51.306831814242614,0.0,478.7763888888889,301.0,12.129971864751502,6.485580349485666e-13,403,270.0,0,0.0,,,PredHPA,poison_flash,218
0.0,0.0,0.0,480.31388888888887,301.0,0.12997186475150113,1.0,412,0.0,0,0.0,,,PredHPA,poison_flash,219
2775.0,55.99041025304695,0.0,510.3611111111111,301.0,15.129971864751502,2.4111956159924874e-14,399,1090.0,0,0.0,,,PredHPA,poison_flash,220
6595.0,99.99999927985009,0.0,551.8333333333334,301.0,15.913390536177912,3.0113859420728115e-15,176,1200.0,0,0.0,,,PredHPA,poison_flash,221
6575.0,99.99999928422963,0.0,551.8333333333334,301.0,15.06010994120032,2.077814606562824e-15,185,1200.0,0,0.0,,,PredHPA,poison_flash,222
6600.0,99.99999888988944,0.0,551.8333333333334,301.0,15.205753620114283,2.968359228358831e-15,191,1200.0,0,0.0,,,PredHPA,poison_flash,223
2280.0,53.68075843480039,0.0,467.0180555555556,301.0,15.129971864751502,3.186179887750504e-14,401,1010.0,0,0.0,,,PredHPA,poison_flash,224
0.0,0.0,0.0,482.5513888888889,301.0,0.12997186475150113,1.0,387,0.0,0,0.0,,,PredHPA,poison_flash,225
2615.0,45.725805249486065,0.0,512.6875,301.0,12.123151669107152,7.850344559043338e-13,479,25.0,0,0.0,,,PredHPA,poison_flash,226
25.0,0.6986347765342682,0.0,473.85833333333335,301.0,0.12997186475150113,0.03588025449236533,512,25.0,0,0.0,,,PredHPA,poison_flash,227
6575.0,99.99999923728896,0.0,551.8333333333334,301.0,15.129971864751502,2.4250634503097586e-15,183,1200.0,0,0.0,,,PredHPA,poison_flash,228
6600.0,99.99999941627753,0.0,551.8333333333334,301.0,15.123151669107152,2.191948961305215e-15,186,1200.0,0,0.0,,,PredHPA,poison_flash,229
1095.0,37.18476541897587,0.0,347.05694444444447,301.0,8.7261418438647,1.8176070151396942e-09,2344,285.0,9,0.0,,0.8785900783289817,ARC,poison_flash,200
10.0,0.10074182050821001,0.0,403.08194444444445,301.0,0.12997186475150113,0.4155003683889271,3344,0.0,8,0.0,,0.7869362363919129,ARC,poison_flash,201
900.0,33.98226081776298,0.0,405.34305555555557,301.0,10.06606591009302,3.767368498022007e-10,3020,830.0,9,5.0,,0.843587842846553,ARC,poison_flash,202
795.0,29.721163826412102,0.0,397.08472222222224,301.0,8.63813898049368,7.428523282656912e-10,3163,430.0,9,0.0,,0.8152580403889305,ARC,poison_flash,203
4225.0,72.4692062556238,0.0,486.04305555555555,301.0,12.82652077197103,1.1569359065054742e-12,1742,120.0,3,0.0,,0.8396156688839616,ARC,poison_flash,204
0.0,0.00037467980348315777,0.0,406.80555555555554,301.0,0.12997186475150113,0.9986788606578252,3345,0.0,9,0.0,,0.8728323699421965,ARC,poison_flash,205
1100.0,40.72882109058007,0.0,355.98055555555555,301.0,11.300921960343251,1.6149052820476166e-09,2428,5.0,8,0.0,,0.9032707028531664,ARC,poison_flash,206
45.0,0.869286531843505,0.0,402.97777777777776,301.0,0.12997186475150113,0.011718491045205198,3249,25.0,8,0.0,,0.7525855210819411,ARC,poison_flash,207
970.0,34.85106165777543,0.0,391.3041666666667,301.0,8.250834097931238,8.616081404168372e-08,2776,865.0,8,0.0,,0.7793618465716226,ARC,poison_flash,208
10.0,0.14489389671598074,0.0,393.0111111111111,301.0,0.12997186475150113,0.7764967675420341,3614,10.0,10,0.0,,0.8259895444361464,ARC,poison_flash,209
550.0,19.348205988037282,0.0,409.3638888888889,301.0,8.987350764598894,1.1791206077743226e-08,3404,15.0,9,15.0,,0.7462211614956245,ARC,poison_flash,210
5.0,0.08026789877342289,0.0,413.3638888888889,301.0,0.12997186475150113,0.7531984633466754,3246,5.0,8,0.0,,0.8033536585365854,ARC,poison_flash,211
930.0,39.60425010145636,0.0,348.5875,301.0,13.619138583778543,2.453116176889706e-10,2363,930.0,9,0.0,,0.8679775280898876,ARC,poison_flash,212
65.0,1.00572273790841,0.0,419.2125,301.0,0.12997186475150113,0.0325646399311172,3450,30.0,9,0.0,,0.7724784988272088,ARC,poison_flash,213
930.0,32.44556532737116,0.0,419.09444444444443,301.0,13.143840782654692,7.736519080502436e-12,2895,5.0,8,0.0,,0.839943342776204,ARC,poison_flash,214
120.0,4.429062531106675,0.0,395.75,301.0,0.12997186475150113,0.00019201786885294432,3440,100.0,9,0.0,,0.8157695223654283,ARC,poison_flash,215
105.0,4.574297011213568,0.0,416.1625,301.0,0.12997186475150113,4.33250288500316e-05,3622,30.0,8,0.0,,0.7148659626320065,ARC,poison_flash,216
1260.0,34.35807948552648,0.0,433.43333333333334,301.0,10.625317222404146,1.522385342209117e-10,2839,1120.0,8,0.0,,0.9224598930481284,ARC,poison_flash,217
2605.0,55.64313332273396,0.0,416.03194444444443,301.0,11.90641407691712,1.2548382934360074e-12,2038,330.0,6,35.0,,0.9175329175329175,ARC,poison_flash,218
15.0,0.14803987150330267,0.0,399.78055555555557,301.0,0.12997186475150113,0.3112056693339735,3256,0.0,9,0.0,,0.7802971071149335,ARC,poison_flash,219
1045.0,38.484437673075625,0.0,404.72083333333336,301.0,9.84855146797238,1.0315480195274961e-09,3019,875.0,8,0.0,,0.8441843452816387,ARC,poison_flash,220
450.0,14.177241362335646,0.0,399.6666666666667,301.0,5.772521144496098,8.230493243210117e-10,3356,250.0,9,0.0,,0.812220566318927,ARC,poison_flash,221
505.0,18.796936740385927,0.0,412.16527777777776,301.0,9.409505816987624,6.423372559646061e-09,3662,470.0,9,0.0,,0.7703125,ARC,poison_flash,222
850.0,28.684546150309444,0.0,397.0027777777778,301.0,6.893693182754073,7.989821538283863e-06,2969,850.0,8,0.0,,0.9052631578947369,ARC,poison_flash,223
830.0,38.007201471037654,0.0,345.3875,301.0,8.842375445807063,8.435325797084256e-08,2354,40.0,9,0.0,,0.8698777857656362,ARC,poison_flash,224
40.0,0.37946269244506503,0.0,408.0416666666667,301.0,0.12997186475150113,0.03689053582637632,3168,5.0,8,0.0,,0.7619047619047619,ARC,poison_flash,225
795.0,26.882571316225,0.0,394.1402777777778,301.0,10.282447398872014,1.3140003652917838e-10,2868,30.0,9,5.0,,0.873015873015873,ARC,poison_flash,226
865.0,33.3588428616469,0.0,387.4111111111111,301.0,10.644606507220258,1.0249296019716521e-08,3138,860.0,9,0.0,,0.843036109064112,ARC,poison_flash,227
345.0,8.17496993643907,0.0,408.9791666666667,301.0,1.6688525784331902,9.597729082642749e-08,3498,25.0,8,0.0,,0.7764705882352941,ARC,poison_flash,228
950.0,29.89471363771755,0.0,415.90416666666664,301.0,7.740462181208295,2.3687170330479815e-07,2861,950.0,8,0.0,,0.8715400993612491,ARC,poison_flash,229
1420.0,41.27249149217514,0.0,365.65277777777777,301.0,11.042438438217594,3.95335209114121e-12,2398,285.0,8,0.0,,0.849714648065948,ARC-noGraph,poison_flash,200
35.0,0.3110652004709391,0.0,405.62361111111113,301.0,0.12997186475150113,0.04662821798523949,3394,5.0,10,5.0,,0.7916343919442292,ARC-noGraph,poison_flash,201
885.0,33.96008926013898,0.0,410.49861111111113,301.0,12.99770833438968,6.135226407942509e-10,3224,830.0,8,0.0,,0.8250728862973761,ARC-noGraph,poison_flash,202
800.0,29.795036869121883,0.0,399.14722222222224,301.0,8.451631176140268,1.919004133464839e-10,3261,435.0,9,0.0,,0.8111782477341389,ARC-noGraph,poison_flash,203
645.0,23.667929159389935,0.0,408.10833333333335,301.0,8.229136502255729,5.588917123898685e-09,3541,120.0,8,0.0,,0.7712724434035909,ARC-noGraph,poison_flash,204
10.0,0.10964100596400073,0.0,408.225,301.0,0.12997186475150113,0.5190083465347004,3465,10.0,9,0.0,,0.8671023965141612,ARC-noGraph,poison_flash,205
835.0,38.083842463364725,0.0,347.675,301.0,11.571936575494105,4.441206786125234e-11,2475,30.0,9,0.0,,0.861271676300578,ARC-noGraph,poison_flash,206
50.0,0.903445816092141,0.0,404.225,301.0,0.12997186475150113,0.007135041100834254,3377,15.0,8,0.0,,0.7484076433121019,ARC-noGraph,poison_flash,207
2610.0,57.491156913644424,0.0,426.12638888888887,301.0,11.422231531174756,1.1589360384392149e-09,2268,865.0,6,0.0,,0.7956698240866035,ARC-noGraph,poison_flash,208
2185.0,35.99578581217776,0.0,440.5833333333333,301.0,11.658911476918234,4.075513134161636e-12,2677,10.0,7,25.0,,0.8879610299234516,ARC-noGraph,poison_flash,209
70.0,2.503555301081173,0.0,409.73055555555555,301.0,0.12997186475150113,0.00230142487922764,3479,15.0,9,0.0,,0.7064676616915423,ARC-noGraph,poison_flash,210
5.0,0.06977570057833393,0.0,412.59027777777777,301.0,0.12997186475150113,0.7850728601939818,3256,5.0,8,0.0,,0.8033536585365854,ARC-noGraph,poison_flash,211
1705.0,48.91406071395065,0.0,377.6361111111111,301.0,12.101160745386368,3.1080621469335094e-11,2191,1035.0,7,0.0,,0.9480782198246797,ARC-noGraph,poison_flash,212
70.0,0.9054471837778411,0.0,418.4138888888889,301.0,0.12997186475150113,0.04062196023196779,3534,40.0,9,0.0,,0.7726920093095423,ARC-noGraph,poison_flash,213
1255.0,38.497404842791006,0.0,425.06944444444446,301.0,13.030203931114668,2.7417871446249753e-12,2735,1045.0,8,0.0,,0.8569500674763832,ARC-noGraph,poison_flash,214
875.0,33.33372243845365,0.0,400.31666666666666,301.0,11.52199275166899,1.56268764763596e-11,3217,875.0,9,0.0,,0.8589835361488904,ARC-noGraph,poison_flash,215
100.0,4.408094330783829,0.0,416.6347222222222,301.0,0.12997186475150113,7.578357258160197e-05,3782,35.0,8,0.0,,0.7096247960848288,ARC-noGraph,poison_flash,216
1255.0,34.31939001404813,0.0,434.0444444444444,301.0,11.09215064562035,3.284706600459367e-11,2950,1120.0,8,0.0,,0.9245156980627922,ARC-noGraph,poison_flash,217
1435.0,41.709213528413834,0.0,365.9555555555556,301.0,9.896075638659386,2.212870084867485e-12,2321,330.0,8,35.0,,0.9152777777777777,ARC-noGraph,poison_flash,218
15.0,0.14803987150330267,0.0,400.0472222222222,301.0,0.12997186475150113,0.3112056693339735,3311,0.0,9,0.0,,0.7658227848101266,ARC-noGraph,poison_flash,219
980.0,37.61052720193878,0.0,405.05,301.0,9.706363947013969,4.14696747522389e-12,3105,885.0,8,0.0,,0.8352601156069365,ARC-noGraph,poison_flash,220
870.0,31.852013317284424,0.0,399.8958333333333,301.0,9.107695081446147,2.70118573829145e-09,3201,735.0,9,0.0,,0.8212983223924143,ARC-noGraph,poison_flash,221
100.0,2.846950506933199,0.0,413.86944444444447,301.0,0.12997186475150113,0.0002889716564598687,3764,30.0,9,0.0,,0.7429492344883158,ARC-noGraph,poison_flash,222
920.0,29.521710578523386,0.0,403.5805555555556,301.0,7.719363279979495,2.2788372546064803e-07,2988,920.0,8,0.0,,0.8620452985586822,ARC-noGraph,poison_flash,223
805.0,37.19022699377328,0.0,344.7083333333333,301.0,9.101743276287506,1.6364411521469543e-08,2437,10.0,9,0.0,,0.8552727272727273,ARC-noGraph,poison_flash,224
55.0,0.5454368371217599,0.0,408.175,301.0,0.12997186475150113,0.03689053582637632,3288,20.0,8,0.0,,0.7715179968701096,ARC-noGraph,poison_flash,225
750.0,27.29206779820941,0.0,392.84166666666664,301.0,7.477593565160217,1.0900405900137858e-07,3231,70.0,9,0.0,,0.8537839823659075,ARC-noGraph,poison_flash,226
865.0,33.38474074967459,0.0,386.8861111111111,301.0,10.353731116053268,9.630067103430683e-09,3134,860.0,9,0.0,,0.8600435097897027,ARC-noGraph,poison_flash,227
115.0,4.803266305255227,0.0,401.9583333333333,301.0,0.12997186475150113,6.881585740849378e-07,3695,10.0,8,0.0,,0.7217675941080196,ARC-noGraph,poison_flash,228
930.0,29.456606802532516,0.0,417.5083333333333,301.0,7.5883082076456585,6.958221382565991e-08,3068,930.0,7,0.0,,0.8793225123500353,ARC-noGraph,poison_flash,229
1155.0,37.87439873913012,0.0,347.9402777777778,301.0,8.7261418438647,2.5883663726089467e-09,2403,285.0,9,0.0,,0.878016960208741,ARC-bf,poison_flash,200
10.0,0.10074182050821001,0.0,403.08194444444445,301.0,0.12997186475150113,0.4155003683889271,3344,0.0,8,0.0,,0.7869362363919129,ARC-bf,poison_flash,201
860.0,33.494633880885196,0.0,401.88055555555553,301.0,11.009181499692039,1.317937533187594e-10,3074,790.0,8,0.0,,0.8512518409425626,ARC-bf,poison_flash,202
795.0,29.721163826412102,0.0,394.35555555555555,301.0,8.63813898049368,7.428523282656912e-10,3232,430.0,9,0.0,,0.8301329394387001,ARC-bf,poison_flash,203
4225.0,72.46920846268924,0.0,485.90277777777777,301.0,12.831975684919408,3.4223813842502577e-13,1705,120.0,3,0.0,,0.837037037037037,ARC-bf,poison_flash,204
0.0,0.0,0.0,406.9736111111111,301.0,0.12997186475150113,1.0,3370,0.0,9,0.0,,0.8712011577424024,ARC-bf,poison_flash,205
1100.0,40.72882109058007,0.0,354.5527777777778,301.0,11.300921960343251,1.6149052820476166e-09,2423,5.0,9,0.0,,0.9032707028531664,ARC-bf,poison_flash,206
45.0,0.869286531843505,0.0,402.97777777777776,301.0,0.12997186475150113,0.011718491045205198,3249,25.0,8,0.0,,0.7525855210819411,ARC-bf,poison_flash,207
2600.0,57.46231330770761,0.0,422.43611111111113,301.0,11.851289588464228,2.884507415079712e-10,2155,865.0,6,0.0,,0.7957133288680509,ARC-bf,poison_flash,208
10.0,0.14489389671598074,0.0,393.0111111111111,301.0,0.12997186475150113,0.7764967675420341,3614,10.0,10,0.0,,0.8259895444361464,ARC-bf,poison_flash,209
550.0,19.372444564077185,0.0,409.0805555555556,301.0,8.987350764598894,1.1791206077743226e-08,3379,15.0,9,15.0,,0.7482128673550437,ARC-bf,poison_flash,210
5.0,0.08026789877342289,0.0,413.3638888888889,301.0,0.12997186475150113,0.7531984633466754,3247,5.0,8,0.0,,0.8033536585365854,ARC-bf,poison_flash,211
930.0,39.60425010145636,0.0,345.8236111111111,301.0,13.619138583778543,2.453116176889706e-10,2340,930.0,9,0.0,,0.8687719298245614,ARC-bf,poison_flash,212
65.0,1.00572273790841,0.0,419.2125,301.0,0.12997186475150113,0.0325646399311172,3450,30.0,9,0.0,,0.7724784988272088,ARC-bf,poison_flash,213
945.0,32.71808424613853,0.0,418.2736111111111,301.0,13.143840782654692,7.736519080502436e-12,3045,5.0,8,0.0,,0.8489107519325368,ARC-bf,poison_flash,214
120.0,4.429062531106675,0.0,395.30555555555554,301.0,0.12997186475150113,0.00019201786885294432,3427,100.0,9,0.0,,0.8157695223654283,ARC-bf,poison_flash,215
105.0,4.574297011213568,0.0,416.15555555555557,301.0,0.12997186475150113,4.33250288500316e-05,3628,30.0,8,0.0,,0.7148659626320065,ARC-bf,poison_flash,216
1260.0,34.35807948552648,0.0,432.04305555555555,301.0,10.625317222404146,1.522385342209117e-10,2932,1120.0,8,0.0,,0.9224598930481284,ARC-bf,poison_flash,217
2605.0,55.64313332273396,0.0,411.05833333333334,301.0,11.90641407691712,1.2548382934360074e-12,2097,330.0,7,35.0,,0.9175329175329175,ARC-bf,poison_flash,218
15.0,0.14803987150330267,0.0,399.78055555555557,301.0,0.12997186475150113,0.3112056693339735,3256,0.0,9,0.0,,0.7802971071149335,ARC-bf,poison_flash,219
1015.0,38.09668254022777,0.0,400.28194444444443,301.0,9.958751913393586,1.0315480195274961e-09,2998,875.0,9,0.0,,0.8428781204111601,ARC-bf,poison_flash,220
450.0,14.177241362335646,0.0,396.725,301.0,5.772521144496098,8.230493243210117e-10,3376,250.0,9,0.0,,0.8288023512123439,ARC-bf,poison_flash,221
95.0,2.863625218368804,0.0,413.85277777777776,301.0,0.12997186475150124,0.0003030287387540298,3659,35.0,8,0.0,,0.7510008006405124,ARC-bf,poison_flash,222
850.0,28.684546150309444,0.0,396.82916666666665,301.0,6.893693182754073,7.989821538283863e-06,3016,850.0,8,0.0,,0.907563025210084,ARC-bf,poison_flash,223
830.0,38.007201471037654,0.0,345.29583333333335,301.0,8.842375445807063,8.435325797084256e-08,2411,40.0,9,0.0,,0.8803418803418803,ARC-bf,poison_flash,224
40.0,0.37946269244506503,0.0,408.02916666666664,301.0,0.12997186475150113,0.03689053582637632,3167,5.0,8,0.0,,0.7619047619047619,ARC-bf,poison_flash,225
810.0,27.031802918673076,0.0,387.06388888888887,301.0,10.201303254655242,1.3140003652917838e-10,2937,30.0,9,0.0,,0.8738284066330209,ARC-bf,poison_flash,226
865.0,33.3588428616469,0.0,387.4291666666667,301.0,10.644606507220258,1.0249296019716521e-08,3132,860.0,9,0.0,,0.843036109064112,ARC-bf,poison_flash,227
345.0,8.17496993643907,0.0,407.0472222222222,301.0,1.6688525784331902,9.597729082642749e-08,3475,25.0,8,0.0,,0.7774294670846394,ARC-bf,poison_flash,228
950.0,29.89471363771755,0.0,414.7027777777778,301.0,7.740462181208295,2.3687170330479815e-07,2970,950.0,7,0.0,,0.8888888888888888,ARC-bf,poison_flash,229
3560.0,61.364035963365446,0.0,493.65555555555557,301.0,17.689563469327013,0.0,594,636.25,0,0.0,,,HPA,storm,200
6600.0,99.99999964245366,0.0,551.8333333333334,301.0,17.694580240535725,2.6798595726077136e-15,271,1200.0,0,0.0,,,HPA,storm,201
2325.0,37.93035294693629,0.0,440.93888888888887,301.0,17.701400436180073,0.0,654,600.0,0,0.0,,,HPA,storm,202
4940.0,78.9469508719076,0.0,469.6486111111111,301.0,17.672589316814936,0.0,354,1191.25,0,0.0,,,HPA,storm,203
3305.0,45.47205189063711,0.0,514.1097222222222,301.0,12.123151669107152,0.0,458,403.75,0,0.0,,,HPA,storm,204
6600.0,99.99999971151094,0.0,551.8333333333334,301.0,17.701400436180077,2.679049111487568e-13,288,1200.0,0,0.0,,,HPA,storm,205
1930.0,36.63644678278061,0.0,397.51666666666665,301.0,17.694580240535725,1.05798768890861e-13,471,523.75,0,0.0,,,HPA,storm,206
6600.0,99.99999998767825,0.0,551.8333333333334,301.0,20.351448408561783,1.5566113216435373e-17,195,1200.0,0,0.0,,,HPA,storm,207
2355.0,38.43524124980786,0.0,444.7611111111111,301.0,17.694580240535725,7.10547055576942e-14,618,568.75,0,0.0,,,HPA,storm,208
4415.0,70.57180695583472,0.0,444.77222222222224,301.0,17.701400436180073,0.0,341,890.0,0,0.0,,,HPA,storm,209
2505.0,36.56109691660701,0.0,443.6013888888889,301.0,12.129971864751502,6.505824440980674e-14,450,361.25,0,0.0,,,HPA,storm,210
6600.0,99.99999953211083,0.0,551.8333333333334,301.0,17.69191834086952,1.2025771492684192e-14,266,1200.0,0,0.0,,,HPA,storm,211
580.0,12.128718608574285,0.0,358.53472222222223,301.0,6.123151669107153,5.002939778923829e-13,545,97.5,0,0.0,,,HPA,storm,212
6600.0,99.99999990618139,0.0,551.8333333333334,301.0,17.701400436180073,0.0,275,1200.0,0,0.0,,,HPA,storm,213
4140.0,66.91396265705032,0.0,426.2125,301.0,17.701400436180077,4.125525924395995e-14,364,891.25,0,0.0,,,HPA,storm,214
4375.0,69.6331784596953,0.0,443.69305555555553,301.0,17.69191834086952,2.0875049268974684e-15,405,893.75,0,0.0,,,HPA,storm,215
2580.0,35.16048538595585,0.0,461.38055555555553,301.0,12.129971864751502,6.851005208464894e-11,477,165.0,0,0.0,,,HPA,storm,216
6600.0,99.99999971464894,0.0,551.8333333333334,301.0,17.701400436180077,9.911081041221934e-15,287,1200.0,0,0.0,,,HPA,storm,217
1255.0,29.484368268758164,0.0,352.1111111111111,301.0,15.129971864751502,1.252955067936629e-13,445,232.5,0,0.0,,,HPA,storm,218
6600.0,99.99999997986208,0.0,551.8333333333334,301.0,20.694580240535725,1.3354284731578757e-17,187,1200.0,0,0.0,,,HPA,storm,219
4070.0,67.26761029569599,0.0,424.1097222222222,301.0,17.694580240535725,1.83870085835728e-15,302,915.0,0,0.0,,,HPA,storm,220
6595.0,99.99999923950398,0.0,551.8333333333334,301.0,17.765879589605074,1.272684520859889e-15,274,1200.0,0,0.0,,,HPA,storm,221
6575.0,99.99924424983806,0.0,551.8333333333334,301.0,17.69191834086952,2.8851715777757373e-15,280,1200.0,0,0.0,,,HPA,storm,222
6600.0,99.9999996662874,0.0,551.8333333333334,301.0,17.69191834086952,1.0983150554840916e-14,283,1200.0,0,0.0,,,HPA,storm,223
600.0,12.295104423698355,0.0,358.4291666666667,301.0,9.116835434733883,7.354701943012154e-13,518,105.0,0,0.0,,,HPA,storm,224
6600.0,99.99999967024588,0.0,551.8333333333334,301.0,18.111626188937812,1.3476853538950291e-14,251,1200.0,0,0.0,,,HPA,storm,225
5340.0,85.49996487717063,0.0,495.95,301.0,20.683054760366385,3.4942140370741067e-15,338,1200.0,0,0.0,,,HPA,storm,226
4325.0,68.98529175008572,0.0,441.5833333333333,301.0,17.69191834086952,2.2050037143628562e-15,337,927.5,0,0.0,,,HPA,storm,227
2565.0,35.03512958727693,0.0,458.20694444444445,301.0,12.129971864751502,4.998147050615009e-11,458,163.75,0,0.0,,,HPA,storm,228
6600.0,99.99999978494955,0.0,551.8333333333334,301.0,17.701400436180073,0.0,302,1200.0,0,0.0,,,HPA,storm,229
2800.0,49.64946284917562,0.0,456.8958333333333,301.0,17.701400436180073,0.0,331,631.25,0,0.0,,,HPA-45,storm,200
0.0,0.0,0.0,414.5597222222222,301.0,0.12997186475150113,1.0,472,0.0,0,0.0,,,HPA-45,storm,201
2180.0,36.26038313204473,0.0,432.9513888888889,301.0,17.689563469327013,0.0,427,593.75,0,0.0,,,HPA-45,storm,202
6595.0,99.99999852751475,0.0,551.8333333333334,301.0,17.701400436180073,0.0,229,1200.0,0,0.0,,,HPA-45,storm,203
2345.0,29.209837288344474,0.0,518.5347222222222,301.0,12.129971864751502,5.846950451043889e-11,460,177.5,0,0.0,,,HPA-45,storm,204
0.0,0.0,0.0,417.5236111111111,301.0,0.12997186475150113,1.0,426,0.0,0,0.0,,,HPA-45,storm,205
0.0,0.0,0.0,403.99444444444447,301.0,0.12997186475150113,1.0,505,0.0,0,0.0,,,HPA-45,storm,206
6600.0,99.99999999670068,0.0,551.8333333333334,301.0,20.694580240535725,9.014031273595181e-17,160,1200.0,0,0.0,,,HPA-45,storm,207
40.0,0.4684600002296979,0.0,397.4138888888889,301.0,0.12997186475150113,0.06570732560468821,440,10.0,0,0.0,,,HPA-45,storm,208
4405.0,70.33295549955143,0.0,471.1694444444444,301.0,17.701400436180073,0.0,295,925.0,0,0.0,,,HPA-45,storm,209
6575.0,99.99999908275181,0.0,551.8333333333334,301.0,17.11709754231443,8.359241614675536e-14,246,1200.0,0,0.0,,,HPA-45,storm,210
6600.0,99.99999957016968,0.0,551.8333333333334,301.0,17.69191834086952,2.824840542270834e-13,281,1200.0,0,0.0,,,HPA-45,storm,211
0.0,0.0,0.0,410.0388888888889,301.0,0.12997186475150113,1.0,516,0.0,0,0.0,,,HPA-45,storm,212
0.0,0.0,0.0,412.9291666666667,291.0,0.12997186475150113,1.0,394,0.0,0,0.0,,,HPA-45,storm,213
0.0,0.0057183775825975225,0.0,392.975,301.0,0.12997186475150113,0.9654752904022296,518,0.0,0,0.0,,,HPA-45,storm,214
10.0,0.1068941038704363,0.0,409.4458333333333,301.0,0.12997186475150113,0.8190558868732635,543,2.5,0,0.0,,,HPA-45,storm,215
2345.0,29.309958446274255,0.0,521.8597222222222,301.0,12.129971864751502,4.779315720518589e-11,474,165.0,0,0.0,,,HPA-45,storm,216
0.0,0.0,0.0,419.65555555555557,301.0,0.12997186475150113,1.0,408,0.0,0,0.0,,,HPA-45,storm,217
2800.0,49.245446621089904,0.0,457.78472222222223,301.0,17.689563469327013,0.0,338,625.0,0,0.0,,,HPA-45,storm,218
4525.0,71.85951510801007,0.0,480.20694444444445,301.0,17.694580240535725,1.9675046518090628e-14,270,917.5,0,0.0,,,HPA-45,storm,219
15.0,0.33261439715559504,0.0,400.31805555555553,301.0,0.12997186475150113,0.38541197323402454,473,7.5,0,0.0,,,HPA-45,storm,220
6595.0,99.99999897807176,0.0,551.8333333333334,301.0,17.694580240535725,2.3023246125475942e-15,267,1200.0,0,0.0,,,HPA-45,storm,221
5.0,0.011411357474666595,0.0,408.31111111111113,301.0,0.12997186475150113,0.9273773387561552,395,1.25,0,0.0,,,HPA-45,storm,222
6600.0,99.99999972728253,0.0,551.8333333333334,301.0,17.69191834086952,2.474042937701993e-13,289,1200.0,0,0.0,,,HPA-45,storm,223
0.0,0.0,0.0,405.6638888888889,301.0,0.12997186475150113,1.0,494,0.0,0,0.0,,,HPA-45,storm,224
0.0,0.0,0.0,414.2986111111111,301.0,0.12997186475150113,1.0,405,0.0,0,0.0,,,HPA-45,storm,225
5.0,0.010915941142630725,0.0,391.15833333333336,301.0,0.12997186475150113,0.9386277962970108,507,0.0,0,0.0,,,HPA-45,storm,226
0.0,0.0,0.0,409.47083333333336,301.0,0.12997186475150113,1.0,548,0.0,0,0.0,,,HPA-45,storm,227
0.0,0.0,0.0,405.9263888888889,301.0,0.12997186475150113,1.0,458,0.0,0,0.0,,,HPA-45,storm,228
6600.0,99.99999970821708,0.0,551.8333333333334,301.0,17.701400436180073,0.0,268,1200.0,0,0.0,,,HPA-45,storm,229
0.0,0.0,0.0,413.67083333333335,301.0,0.12997186475150113,1.0,438,0.0,0,0.0,,,PredHPA,storm,200
0.0,0.0,0.0,484.59305555555557,301.0,0.12997186475150113,1.0,312,0.0,0,0.0,,,PredHPA,storm,201
10.0,0.021930794236435514,0.0,475.20694444444445,301.0,0.12997186475150113,0.17733308935737652,574,0.0,0,0.0,,,PredHPA,storm,202
3910.0,62.417559420329425,0.0,491.2861111111111,301.0,17.701400436180073,0.0,289,922.5,0,0.0,,,PredHPA,storm,203
5995.0,89.00857118903454,0.0,551.8333333333334,301.0,17.701400436180073,0.0,191,998.75,0,0.0,,,PredHPA,storm,204
6600.0,99.99999945420048,0.0,551.8333333333334,301.0,17.701400436180077,1.6008135631604966e-13,195,1200.0,0,0.0,,,PredHPA,storm,205
0.0,0.0,0.0,437.925,301.0,0.12997186475150113,1.0,478,0.0,0,0.0,,,PredHPA,storm,206
3020.0,43.99039941992048,0.0,494.1486111111111,301.0,11.694580240535725,3.62679324288067e-06,310,607.5,0,0.0,,,PredHPA,storm,207
10.0,0.024802095842724192,0.0,478.06666666666666,301.0,0.12997186475150113,0.0059180694707329905,569,0.0,0,0.0,,,PredHPA,storm,208
0.0,0.0,0.0,470.4902777777778,301.0,0.12997186475150113,1.0,509,0.0,0,0.0,,,PredHPA,storm,209
6575.0,99.99999958886302,0.0,551.8333333333334,301.0,17.694580240535725,2.0321472533207285e-13,188,1200.0,0,0.0,,,PredHPA,storm,210
6600.0,99.99999964928945,0.0,551.8333333333334,301.0,17.680081374016464,8.819500597661146e-14,183,1200.0,0,0.0,,,PredHPA,storm,211
0.0,0.0,0.0,438.3027777777778,301.0,0.12997186475150113,1.0,501,0.0,0,0.0,,,PredHPA,storm,212
6600.0,99.99999998547261,0.0,551.8333333333334,301.0,20.701400436180073,0.0,230,1200.0,0,0.0,,,PredHPA,storm,213
2920.0,43.54814929681348,0.0,511.8222222222222,301.0,15.105309954564543,1.964824211018019e-13,513,572.5,0,0.0,,,PredHPA,storm,214
0.0,0.022475348449901844,0.0,471.11944444444447,301.0,0.12997186475150113,0.9510056424889325,580,0.0,0,0.0,,,PredHPA,storm,215
5995.0,89.80597924794309,0.0,551.8333333333334,301.0,17.688264006162456,3.168542857708639e-13,235,998.75,0,0.0,,,PredHPA,storm,216
6600.0,99.99999909541084,0.0,551.8333333333334,301.0,17.691918340869524,4.517182321409791e-13,185,1200.0,0,0.0,,,PredHPA,storm,217
0.0,0.0,0.0,423.74861111111113,301.0,0.12997186475150113,1.0,437,0.0,0,0.0,,,PredHPA,storm,218
0.0,0.0,0.0,484.75694444444446,301.0,0.12997186475150113,1.0,378,0.0,0,0.0,,,PredHPA,storm,219
0.0,0.0,0.0,477.48055555555555,301.0,0.12997186475150113,1.0,541,0.0,0,0.0,,,PredHPA,storm,220
6595.0,99.99999939321673,0.0,551.8333333333334,301.0,17.694580240535725,2.030191394240935e-15,187,1200.0,0,0.0,,,PredHPA,storm,221
6575.0,99.99999938043602,0.0,551.8333333333334,301.0,17.69191834086952,2.733009428929319e-13,193,1200.0,0,0.0,,,PredHPA,storm,222
6600.0,99.99999908395347,0.0,551.8333333333334,301.0,17.69191834086952,2.8540338655881443e-13,204,1200.0,0,0.0,,,PredHPA,storm,223
0.0,0.0,0.0,436.0152777777778,301.0,0.12997186475150113,1.0,514,0.0,0,0.0,,,PredHPA,storm,224
0.0,0.0,0.0,489.6694444444444,301.0,0.12997186475150113,1.0,341,0.0,0,0.0,,,PredHPA,storm,225
10.0,0.023573412310173847,0.0,474.2013888888889,301.0,0.12997186475150113,0.9133613891255989,528,2.5,0,0.0,,,PredHPA,storm,226
0.0,0.0,0.0,466.2972222222222,301.0,0.12997186475150113,1.0,540,0.0,0,0.0,,,PredHPA,storm,227
5995.0,89.72464677125741,0.0,551.8333333333334,301.0,17.69191834086952,3.2517325092592335e-13,196,998.75,0,0.0,,,PredHPA,storm,228
6600.0,99.99999949737936,0.0,551.8333333333334,301.0,17.689563469327013,0.0,190,1200.0,0,0.0,,,PredHPA,storm,229
120.0,1.5747821430351805,0.11335471224612323,324.9791666666667,301.0,0.12997186475150113,0.0,2639,42.5,9,0.0,5.0,,ARC,storm,200
60.0,1.483239649441137,0.317732886847967,393.36805555555554,301.0,0.12997186475150113,1.5798626005415558e-06,3151,27.5,8,0.0,10.0,,ARC,storm,201
195.0,4.812436166220002,0.28793170638944127,398.31388888888887,301.0,0.12997186475150113,7.616953291373274e-08,3528,57.5,9,10.0,5.0,,ARC,storm,202
240.0,6.8319340461090565,0.27432412448462595,389.3277777777778,301.0,0.12997186475150113,0.0,3392,93.75,8,0.0,10.0,,ARC,storm,203
80.0,1.580042469684395,0.2715698050204606,401.10277777777776,301.0,0.12997186475150113,0.0,3380,32.5,9,0.0,5.0,,ARC,storm,204
15.0,0.4733424935758568,0.3074871216535893,397.4347222222222,301.0,0.12997186475150113,0.331001868698104,3266,7.5,9,0.0,10.0,,ARC,storm,205
740.0,10.123900680744901,0.19639527267502188,367.3569444444444,301.0,8.694580240535725,1.6524629100707418e-06,2596,196.25,8,0.0,5.0,,ARC,storm,206
155.0,2.2487631748647985,0.3022140783442732,397.8597222222222,301.0,0.12997186475150113,4.205453769408542e-08,3242,51.25,9,0.0,5.0,,ARC,storm,207
1935.0,33.4379387903271,0.28743723893123097,419.8777777777778,301.0,11.746657227042324,1.560625243811277e-10,2649,367.5,7,40.0,5.0,,ARC,storm,208
290.0,7.157372848670541,0.2578865907433328,384.8847222222222,301.0,0.12997186475150113,0.0,3332,71.25,10,0.0,5.0,,ARC,storm,209
5.0,0.29755209727180265,0.2888356489991938,400.89722222222224,301.0,0.12997186475150113,0.934608906998566,3709,0.0,9,0.0,5.0,,ARC,storm,210
0.0,0.2872336067367587,0.28723360673676546,404.3888888888889,301.0,0.12997186475150113,0.9699999999999999,3502,0.0,7,0.0,10.0,,ARC,storm,211
10.0,0.20642240314391325,0.19829201611699232,339.38055555555553,301.0,0.12997186475150113,0.8607691253800126,2681,2.5,9,0.0,5.0,,ARC,storm,212
180.0,2.7745900501666254,0.24950695260052252,412.80833333333334,301.0,0.12997186475150113,0.0,3278,40.0,8,0.0,10.0,,ARC,storm,213
20.0,0.50003101664855,0.23704675564237918,405.06805555555553,301.0,0.12997186475150113,0.03208344915609849,3273,1.25,9,0.0,5.0,,ARC,storm,214
135.0,4.623569460131471,0.25693132935257385,388.2638888888889,301.0,0.12997186475150113,2.4317718018649007e-10,3417,33.75,10,0.0,10.0,,ARC,storm,215
35.0,1.1158524771033074,0.26541295383029173,411.6666666666667,301.0,0.12997186475150113,0.0010066755459223877,3592,17.5,9,0.0,10.0,,ARC,storm,216
1210.0,24.48754596678967,0.3020925405187078,428.3958333333333,301.0,9.116835434733883,1.2176557463398873e-09,2850,358.75,7,35.0,10.0,,ARC,storm,217
105.0,1.363412484433446,0.1197693464540627,329.5541666666667,301.0,0.12997186475150113,0.0,2632,38.75,9,0.0,5.0,,ARC,storm,218
360.0,6.238105472312694,0.24194475527105042,397.62361111111113,301.0,0.970116622246309,2.5638154839776416e-07,3129,88.75,7,0.0,5.0,,ARC,storm,219
2785.0,44.44461879088705,0.25198467232052885,450.5388888888889,301.0,11.688264006162454,2.921140457329489e-10,2595,533.75,7,40.0,5.0,,ARC,storm,220
545.0,11.671240330399913,0.2740280452696438,393.43611111111113,301.0,8.694580240535725,5.571139565166512e-07,3286,136.25,8,0.0,5.0,,ARC,storm,221
25.0,0.6535727224296184,0.2755771336963235,408.1722222222222,301.0,0.12997186475150113,0.00022463617996949442,3654,6.25,8,0.0,5.0,,ARC,storm,222
0.0,0.30392529999767603,0.3039252999976627,384.53472222222223,301.0,0.12997186475150113,0.9699999999999999,3184,0.0,9,0.0,10.0,,ARC,storm,223
65.0,0.9175886205168626,0.19461487370695688,341.11805555555554,301.0,0.12997186475150113,0.0,2544,17.5,9,0.0,5.0,,ARC,storm,224
40.0,0.694479277075688,0.31555064711464137,399.5861111111111,301.0,0.12997186475150113,0.035745892895795744,3304,10.0,9,0.0,5.0,,ARC,storm,225
1250.0,16.845691297364695,0.21798590497934742,417.32916666666665,301.0,12.978528586613733,2.3009147895639332e-11,2961,322.5,7,0.0,10.0,,ARC,storm,226
10.0,0.32117444601246214,0.26966360958025504,371.9347222222222,301.0,0.12997186475150113,0.8635597744561421,3323,1.25,9,0.0,5.0,,ARC,storm,227
65.0,1.9043901368593463,0.2665138984067491,395.6736111111111,301.0,0.12997186475150113,1.9063146052690612e-05,3600,32.5,9,0.0,5.0,,ARC,storm,228
75.0,1.348816323018076,0.3056637855745996,404.52916666666664,301.0,0.12997186475150113,0.0,3372,17.5,7,25.0,10.0,,ARC,storm,229
0.0,0.11187552688232127,0.11187552688230688,321.22083333333336,301.0,0.12997186475150113,0.9699999999999999,2506,0.0,9,0.0,10.0,,ARC-noGraph,storm,200
55.0,1.3538721540568566,0.31880637198502354,396.47083333333336,301.0,0.12997186475150113,2.3023440205585043e-06,3205,17.5,9,0.0,10.0,,ARC-noGraph,storm,201
275.0,6.0248806632082434,0.28793170638944127,406.3333333333333,301.0,0.12997186475150113,4.8275838381715633e-11,3578,78.75,8,0.0,5.0,,ARC-noGraph,storm,202
255.0,7.0893697519338055,0.27432412448462595,390.96527777777777,301.0,0.12997186475150113,0.0,3474,100.0,8,0.0,10.0,,ARC-noGraph,storm,203
70.0,1.4222723376381974,0.2735624304820851,406.70694444444445,301.0,0.12997186475150113,0.0,3487,30.0,9,0.0,5.0,,ARC-noGraph,storm,204
10.0,0.4404013442936616,0.30534727988267923,398.1430555555556,301.0,0.12997186475150113,0.331001868698104,3304,5.0,9,0.0,10.0,,ARC-noGraph,storm,205
740.0,10.127202201999797,0.19431635474426395,374.225,301.0,8.694580240535725,3.62679324288067e-06,2683,196.25,8,0.0,5.0,,ARC-noGraph,storm,206
315.0,4.002203008767202,0.3022140783442732,402.0111111111111,301.0,0.12997186475150113,4.973121295450521e-08,3357,90.0,8,0.0,5.0,,ARC-noGraph,storm,207
1900.0,33.16044277044718,0.28531536635343957,423.1958333333333,301.0,10.697661274592562,7.228576991975712e-10,2751,357.5,7,60.0,10.0,,ARC-noGraph,storm,208
625.0,16.09882039653243,0.2578865907433328,397.6347222222222,301.0,6.116999521826265,0.0,3317,121.25,10,0.0,5.0,,ARC-noGraph,storm,209
0.0,0.29118567396611006,0.2888356489991938,401.0541666666667,301.0,0.12997186475150113,0.9699999999999999,3673,0.0,9,0.0,5.0,,ARC-noGraph,storm,210
0.0,0.2891480698071658,0.2891480698071679,404.7361111111111,301.0,0.12997186475150113,0.9699999999999999,3413,0.0,7,0.0,5.0,,ARC-noGraph,storm,211
10.0,0.20521647131591658,0.19963878681671832,337.89166666666665,301.0,0.12997186475150113,0.8607691253800126,2591,2.5,9,0.0,5.0,,ARC-noGraph,storm,212
85.0,1.3338780649667648,0.254162691243286,411.81388888888887,301.0,0.12997186475150113,0.0,3348,21.25,8,0.0,5.0,,ARC-noGraph,storm,213
70.0,1.4092309484095011,0.23704675564237918,409.0375,301.0,0.12997186475150113,1.0339490350377918e-08,3439,13.75,8,0.0,5.0,,ARC-noGraph,storm,214
140.0,4.61724597586236,0.2596098973669698,386.5097222222222,301.0,0.12997186475150113,2.675859107675409e-10,3537,35.0,10,0.0,5.0,,ARC-noGraph,storm,215
15.0,0.35306818642392157,0.26717844579452793,411.08194444444445,301.0,0.12997186475150113,0.7559560687043966,3689,7.5,9,0.0,10.0,,ARC-noGraph,storm,216
760.0,17.65223391410926,0.30422560235149054,420.90416666666664,301.0,8.98720578287822,8.861674654956704e-09,3109,233.75,7,35.0,10.0,,ARC-noGraph,storm,217
1095.0,29.460256778946857,0.1197693464540627,351.05833333333334,301.0,9.049841211605216,2.4210564399377515e-06,2295,308.75,7,0.0,5.0,,ARC-noGraph,storm,218
345.0,6.204956990148192,0.24463880141946806,396.29305555555555,301.0,0.6543943264758271,2.5638154839776416e-07,3141,83.75,7,0.0,5.0,,ARC-noGraph,storm,219
1115.0,16.943401715435936,0.25198467232052885,423.7319444444444,301.0,11.688264006162454,7.975113838256258e-07,3322,276.25,9,40.0,5.0,,ARC-noGraph,storm,220
275.0,6.866969676703971,0.27672059367439217,389.4013888888889,301.0,0.12997186475150113,1.5132930195454119e-06,3499,68.75,9,0.0,5.0,,ARC-noGraph,storm,221
5.0,0.29072040482808204,0.2755771336963235,407.19444444444446,301.0,0.12997186475150113,0.9273773387561552,3583,1.25,8,0.0,5.0,,ARC-noGraph,storm,222
0.0,0.30392529999767603,0.3039252999976627,385.2888888888889,301.0,0.12997186475150113,0.9699999999999999,3166,0.0,9,0.0,10.0,,ARC-noGraph,storm,223
5.0,0.19787604688918936,0.19265075493694075,339.06388888888887,301.0,0.12997186475150113,0.9051064700534638,2585,1.25,9,0.0,5.0,,ARC-noGraph,storm,224
35.0,0.658396779539161,0.31555064711464137,399.03333333333336,301.0,0.12997186475150113,0.035745892895795744,3324,8.75,9,0.0,5.0,,ARC-noGraph,storm,225
520.0,7.261730187431992,0.21987120445059125,397.0805555555556,301.0,8.091165928248017,5.609694198286285e-09,3469,118.75,8,0.0,5.0,,ARC-noGraph,storm,226
140.0,4.501758894363084,0.26842009216706514,376.6013888888889,301.0,0.12997186475150113,1.1142404670802187e-08,3430,33.75,9,0.0,5.0,,ARC-noGraph,storm,227
50.0,1.3881879883026582,0.2678960899021192,394.84583333333336,301.0,0.12997186475150113,5.652495849686279e-07,3563,25.0,9,0.0,5.0,,ARC-noGraph,storm,228
25.0,0.4530540713517439,0.3056637855745996,402.9611111111111,301.0,0.12997186475150113,0.3238566469419903,3337,5.0,8,0.0,10.0,,ARC-noGraph,storm,229
905.0,12.876818694215297,0.11335471224612323,326.1333333333333,301.0,8.701400436180075,0.0,2322,238.75,8,0.0,5.0,,ARC-bf,storm,200
60.0,1.483239649441137,0.317732886847967,392.23055555555555,301.0,0.12997186475150113,1.5798626005415558e-06,3142,27.5,9,0.0,10.0,,ARC-bf,storm,201
1905.0,32.70026730778272,0.28793170638944127,429.90972222222223,301.0,11.411190745442413,5.1476338943875115e-12,2787,350.0,7,0.0,5.0,,ARC-bf,storm,202
370.0,8.701048909860642,0.27254501054418095,386.30833333333334,301.0,1.3283847417458656,0.0,3461,71.25,9,5.0,15.0,,ARC-bf,storm,203
560.0,9.044743782480635,0.2715698050204606,403.93055555555554,301.0,8.701400436180073,0.0,3361,150.0,8,0.0,5.0,,ARC-bf,storm,204
595.0,7.779464143599757,0.3061600151267278,405.5652777777778,301.0,9.686569546073956,1.5909174991927916e-07,3006,151.25,9,0.0,5.0,,ARC-bf,storm,205
185.0,2.7473437695521907,0.19431635474426395,343.2875,301.0,0.12997186475150113,1.6524629100707418e-06,2748,57.5,9,0.0,5.0,,ARC-bf,storm,206
155.0,2.251646178563249,0.3050974880022373,396.9861111111111,301.0,0.12997186475150113,4.205453769408542e-08,3372,51.25,9,0.0,5.0,,ARC-bf,storm,207
505.0,9.14252641115415,0.2846579275938293,379.0111111111111,301.0,3.877038735485962,1.0720864179676953e-08,3115,120.0,9,40.0,5.0,,ARC-bf,storm,208
285.0,7.008127681982845,0.25669343712063236,383.37083333333334,301.0,0.12997186475150113,0.0,3281,71.25,10,0.0,10.0,,ARC-bf,storm,209
5.0,0.2932016740544996,0.2844852257819014,400.8152777777778,301.0,0.12997186475150113,0.934608906998566,3687,0.0,9,0.0,10.0,,ARC-bf,storm,210
0.0,0.2859676569181513,0.28503716708574195,404.73055555555555,301.0,0.12997186475150113,0.9699999999999999,3469,0.0,7,0.0,10.0,,ARC-bf,storm,211
10.0,0.20642240314391325,0.19829201611699232,339.13194444444446,301.0,0.12997186475150113,0.8607691253800126,2661,2.5,9,0.0,5.0,,ARC-bf,storm,212
130.0,2.0907722671436035,0.24950695260052252,411.4763888888889,301.0,0.12997186475150113,0.0,3275,41.25,8,0.0,10.0,,ARC-bf,storm,213
75.0,1.4470308765321738,0.23704675564237918,403.1361111111111,301.0,0.12997186475150113,5.105847044766815e-08,3316,15.0,9,0.0,5.0,,ARC-bf,storm,214
135.0,4.629269690398052,0.2596098973669698,384.5388888888889,301.0,0.12997186475150113,2.4317718018649007e-10,3411,33.75,10,0.0,5.0,,ARC-bf,storm,215
455.0,8.080626751734176,0.26541295383029173,418.8486111111111,301.0,8.948486430258976,2.1732619347680452e-06,3514,122.5,9,0.0,10.0,,ARC-bf,storm,216
1210.0,24.48754596678967,0.3020925405187078,428.3333333333333,301.0,9.116835434733883,1.2176557463398873e-09,2936,358.75,7,35.0,10.0,,ARC-bf,storm,217
905.0,12.918730827313063,0.1197693464540627,330.11805555555554,301.0,8.701400436180075,0.0,2387,238.75,8,0.0,5.0,,ARC-bf,storm,218
185.0,3.3862163028352876,0.24329433094103267,388.66805555555555,301.0,0.12997186475150113,2.5638154839776416e-07,3073,46.25,8,0.0,10.0,,ARC-bf,storm,219
265.0,4.8855455305423785,0.2536277584914922,390.6486111111111,301.0,0.12997186475150113,1.3573027170994955e-07,3272,63.75,9,40.0,5.0,,ARC-bf,storm,220
275.0,6.938425376101732,0.27672059367439217,382.72777777777776,301.0,0.12997186475150113,5.571139565166512e-07,3309,68.75,9,0.0,5.0,,ARC-bf,storm,221
30.0,0.6820810755636453,0.27190217552346024,407.7111111111111,301.0,0.12997186475150116,0.00023557995331153803,3513,7.5,7,0.0,10.0,,ARC-bf,storm,222
190.0,3.492517704618159,0.3039252999976627,380.41527777777776,301.0,0.12997186475150113,1.369891433737598e-05,3069,47.5,9,0.0,10.0,,ARC-bf,storm,223
710.0,9.647974613134103,0.19265075493694075,346.7,301.0,8.701400436180075,0.0,2420,178.75,8,5.0,5.0,,ARC-bf,storm,224
215.0,2.651867238186867,0.31555064711464137,401.1166666666667,301.0,0.12997186475150113,3.869716664681074e-08,3350,53.75,9,0.0,5.0,,ARC-bf,storm,225
440.0,6.679682331493842,0.21546199433357194,377.7597222222222,301.0,4.682637153133892,1.266497237998903e-06,3133,107.5,9,0.0,10.0,,ARC-bf,storm,226
10.0,0.31993092859925465,0.26842009216706514,371.0083333333333,301.0,0.12997186475150113,0.8635597744561421,3359,1.25,9,0.0,5.0,,ARC-bf,storm,227
65.0,1.9044525219747754,0.2665762835221837,395.3027777777778,301.0,0.12997186475150113,1.9063146052690612e-05,3612,32.5,9,0.0,10.0,,ARC-bf,storm,228
200.0,3.4454516692456694,0.30393074196045256,402.825,301.0,0.12997186475150113,0.0,3241,48.75,7,35.0,10.0,,ARC-bf,storm,229
