slo_viol_s,loss_pct,shed_pct,replica_hours,peak_pods,p95_lat_s,min_avail,scale_actions,mttr_s,n_chaos,chaos_harm_s,attack_det_delay_s,poison_f1,controller,scenario,seed,magnitude
85.0,2.11249992989726,0.0,90.8,105.0,0.075,0.025398547990943838,99,80.0,0,0.0,,,HPA,flash,100,1.5
10.0,0.054357230302692905,0.0,84.65416666666667,75.0,0.075,0.8633341298234462,92,5.0,0,0.0,,,HPA,flash,101,1.5
10.0,0.04419503624211174,0.0,82.06111111111112,63.0,0.075,0.8533584501552453,72,10.0,0,0.0,,,HPA,flash,102,1.5
0.0,0.0,0.0,77.65833333333333,48.0,0.075,1.0,50,0.0,0,0.0,,,HPA,flash,103,1.5
0.0,0.0,0.0,79.5125,67.0,0.075,1.0,75,0.0,0,0.0,,,HPA,flash,104,1.5
0.0,0.0,0.0,81.6361111111111,59.0,0.075,1.0,53,0.0,0,0.0,,,HPA,flash,105,1.5
5.0,0.029746688868959037,0.0,76.58472222222223,58.0,0.075,0.8705707476129325,53,0.0,0,0.0,,,HPA,flash,106,1.5
10.0,0.03291249540539054,0.0,85.87222222222222,81.0,0.075,0.9286056984711928,90,5.0,0,0.0,,,HPA,flash,107,1.5
5.0,0.011634572425511802,0.0,79.95833333333333,52.0,0.075,0.9469326361037975,65,5.0,0,0.0,,,HPA,flash,108,1.5
30.0,0.13393451438336035,0.0,82.03333333333333,60.0,0.075,0.673344534823833,68,35.0,0,0.0,,,HPA,flash,109,1.5
60.0,1.6492575812759425,0.0,84.64583333333333,89.0,0.075,0.0452196747971172,95,60.0,0,0.0,,,HPA,flash,110,1.5
0.0,0.0,0.0,81.07083333333334,60.0,0.075,1.0,52,0.0,0,0.0,,,HPA,flash,111,1.5
20.0,0.11767532884053855,0.0,78.14166666666667,60.0,0.075,0.7800440702394323,62,15.0,0,0.0,,,HPA,flash,112,1.5
10.0,0.03675303794243856,0.0,78.85,51.0,0.075,0.867615757602861,61,10.0,0,0.0,,,HPA,flash,113,1.5
25.0,0.7064323936996186,0.0,81.50416666666666,57.0,0.075,0.033230634987178875,72,25.0,0,0.0,,,HPA,flash,114,1.5
0.0,0.0,0.0,79.52916666666667,52.0,0.075,1.0,58,0.0,0,0.0,,,HPA,flash,115,1.5
0.0,0.0,0.0,79.50138888888888,69.0,0.075,1.0,74,0.0,0,0.0,,,HPA,flash,116,1.5
5.0,0.0775984385063877,0.0,83.16527777777777,68.0,0.075,0.6405705056635512,58,5.0,0,0.0,,,HPA,flash,117,1.5
10.0,0.022782385203468092,0.0,79.8638888888889,59.0,0.075,0.925071171781181,62,5.0,0,0.0,,,HPA,flash,118,1.5
95.0,1.9651289564809105,0.0,96.70138888888889,109.0,0.075,0.024386760231913027,116,80.0,0,0.0,,,HPA,flash,119,1.5
15.0,0.04460146381934926,0.0,84.475,70.0,0.075,0.9108123060653928,154,15.0,0,0.0,,,HPA-fast,flash,100,1.5
5.0,0.01908514707189557,0.0,81.83333333333333,83.0,0.075,0.9418190507164867,184,5.0,0,0.0,,,HPA-fast,flash,101,1.5
0.0,0.0,0.0,85.91111111111111,64.0,0.075,1.0,212,0.0,0,0.0,,,HPA-fast,flash,102,1.5
0.0,0.0,0.0,82.79444444444445,56.0,0.075,1.0,132,0.0,0,0.0,,,HPA-fast,flash,103,1.5
0.0,0.0,0.0,75.875,72.0,0.075,1.0,135,0.0,0,0.0,,,HPA-fast,flash,104,1.5
0.0,0.0,0.0,84.27777777777777,60.0,0.075,1.0,157,0.0,0,0.0,,,HPA-fast,flash,105,1.5
0.0,0.008483669818437622,0.0,84.01944444444445,68.0,0.075,0.9511847489620845,188,0.0,0,0.0,,,HPA-fast,flash,106,1.5
0.0,0.0,0.0,82.19027777777778,79.0,0.075,1.0,190,0.0,0,0.0,,,HPA-fast,flash,107,1.5
0.0,0.0,0.0,84.92916666666666,62.0,0.075,1.0,172,0.0,0,0.0,,,HPA-fast,flash,108,1.5
10.0,0.04676283150395477,0.0,82.55694444444444,62.0,0.075,0.80929434044031,143,10.0,0,0.0,,,HPA-fast,flash,109,1.5
0.0,0.0,0.0,75.72083333333333,72.0,0.075,1.0,121,0.0,0,0.0,,,HPA-fast,flash,110,1.5
0.0,0.0,0.0,83.93888888888888,57.0,0.075,1.0,139,0.0,0,0.0,,,HPA-fast,flash,111,1.5
0.0,0.002646611174528246,0.0,84.92916666666666,71.0,0.075,0.9844845291763672,187,0.0,0,0.0,,,HPA-fast,flash,112,1.5
5.0,0.014651759936346043,0.0,82.02916666666667,63.0,0.075,0.9127503744631603,180,5.0,0,0.0,,,HPA-fast,flash,113,1.5
15.0,0.24995140807578808,0.0,87.48472222222222,73.0,0.075,0.27840848864702017,200,15.0,0,0.0,,,HPA-fast,flash,114,1.5
0.0,0.0,0.0,81.77361111111111,55.0,0.075,1.0,129,0.0,0,0.0,,,HPA-fast,flash,115,1.5
0.0,0.0,0.0,76.40972222222223,75.0,0.075,1.0,129,0.0,0,0.0,,,HPA-fast,flash,116,1.5
5.0,0.010766909371107136,0.0,84.34305555555555,64.0,0.075,0.9481242523893852,155,5.0,0,0.0,,,HPA-fast,flash,117,1.5
5.0,0.012448026220845954,0.0,84.3013888888889,71.0,0.075,0.925071171781181,191,5.0,0,0.0,,,HPA-fast,flash,118,1.5
0.0,0.0,0.0,83.15416666666667,85.0,0.075,1.0,205,0.0,0,0.0,,,HPA-fast,flash,119,1.5
0.0,0.004756864468646871,0.0,98.98055555555555,78.0,0.075,0.9757954990650944,71,0.0,0,0.0,,,HPA-45,flash,100,1.5
0.0,0.0,0.0,106.7875,99.0,0.075,1.0,95,0.0,0,0.0,,,HPA-45,flash,101,1.5
0.0,0.0,0.0,103.79722222222222,74.0,0.075,1.0,76,0.0,0,0.0,,,HPA-45,flash,102,1.5
0.0,0.0,0.0,97.58055555555555,63.0,0.075,1.0,58,0.0,0,0.0,,,HPA-45,flash,103,1.5
0.0,0.0,0.0,100.04444444444445,88.0,0.075,1.0,81,0.0,0,0.0,,,HPA-45,flash,104,1.5
0.0,0.0,0.0,102.89305555555555,78.0,0.075,1.0,74,0.0,0,0.0,,,HPA-45,flash,105,1.5
0.0,0.0,0.0,98.1625,79.0,0.075,1.0,61,0.0,0,0.0,,,HPA-45,flash,106,1.5
0.0,0.0,0.0,106.60555555555555,98.0,0.075,1.0,91,0.0,0,0.0,,,HPA-45,flash,107,1.5
0.0,0.0,0.0,100.61527777777778,69.0,0.075,1.0,72,0.0,0,0.0,,,HPA-45,flash,108,1.5
0.0,0.0,0.0,101.09166666666667,66.0,0.075,1.0,75,0.0,0,0.0,,,HPA-45,flash,109,1.5
0.0,0.0,0.0,100.36527777777778,87.0,0.075,1.0,83,0.0,0,0.0,,,HPA-45,flash,110,1.5
0.0,0.0,0.0,97.69583333333334,64.0,0.075,1.0,49,0.0,0,0.0,,,HPA-45,flash,111,1.5
0.0,0.0,0.0,98.40138888888889,81.0,0.075,1.0,79,0.0,0,0.0,,,HPA-45,flash,112,1.5
0.0,0.0,0.0,99.85694444444445,64.0,0.075,1.0,75,0.0,0,0.0,,,HPA-45,flash,113,1.5
0.0,0.0,0.0,104.82916666666667,73.0,0.075,1.0,90,0.0,0,0.0,,,HPA-45,flash,114,1.5
0.0,0.0,0.0,99.7,66.0,0.075,1.0,68,0.0,0,0.0,,,HPA-45,flash,115,1.5
0.0,0.0,0.0,100.50416666666666,89.0,0.075,1.0,91,0.0,0,0.0,,,HPA-45,flash,116,1.5
0.0,0.0,0.0,102.54444444444445,84.0,0.075,1.0,71,0.0,0,0.0,,,HPA-45,flash,117,1.5
0.0,0.0,0.0,97.98333333333333,78.0,0.075,1.0,59,0.0,0,0.0,,,HPA-45,flash,118,1.5
0.0,0.0,0.0,107.63055555555556,102.0,0.075,1.0,103,0.0,0,0.0,,,HPA-45,flash,119,1.5
0.0,0.0,0.0,134.88611111111112,99.0,0.075,1.0,139,0.0,0,0.0,,,PredHPA,flash,100,1.5
0.0,0.0,0.0,138.61666666666667,120.0,0.075,1.0,158,0.0,0,0.0,,,PredHPA,flash,101,1.5
0.0,0.0,0.0,143.50694444444446,114.0,0.075,1.0,107,0.0,0,0.0,,,PredHPA,flash,102,1.5
0.0,0.0,0.0,119.41805555555555,78.0,0.075,1.0,79,0.0,0,0.0,,,PredHPA,flash,103,1.5
0.0,0.0,0.0,118.70277777777778,120.0,0.075,1.0,126,0.0,0,0.0,,,PredHPA,flash,104,1.5
0.0,0.0,0.0,129.65555555555557,94.0,0.075,1.0,86,0.0,0,0.0,,,PredHPA,flash,105,1.5
0.0,0.0,0.0,135.01666666666668,101.0,0.075,1.0,120,0.0,0,0.0,,,PredHPA,flash,106,1.5
0.0,0.0,0.0,135.29722222222222,120.0,0.075,1.0,144,0.0,0,0.0,,,PredHPA,flash,107,1.5
0.0,0.0,0.0,140.59583333333333,114.0,0.075,1.0,122,0.0,0,0.0,,,PredHPA,flash,108,1.5
0.0,0.0,0.0,120.90694444444445,78.0,0.075,1.0,74,0.0,0,0.0,,,PredHPA,flash,109,1.5
0.0,0.0,0.0,120.09861111111111,120.0,0.075,1.0,127,0.0,0,0.0,,,PredHPA,flash,110,1.5
0.0,0.0,0.0,129.48055555555555,93.0,0.075,1.0,79,0.0,0,0.0,,,PredHPA,flash,111,1.5
0.0,0.0,0.0,135.45277777777778,100.0,0.075,1.0,130,0.0,0,0.0,,,PredHPA,flash,112,1.5
0.0,0.0,0.0,133.26111111111112,108.0,0.075,1.0,121,0.0,0,0.0,,,PredHPA,flash,113,1.5
0.0,0.0,0.0,145.41944444444445,115.0,0.075,1.0,112,0.0,0,0.0,,,PredHPA,flash,114,1.5
0.0,0.0,0.0,121.02222222222223,78.0,0.075,1.0,82,0.0,0,0.0,,,PredHPA,flash,115,1.5
0.0,0.0,0.0,119.64166666666667,120.0,0.075,1.0,122,0.0,0,0.0,,,PredHPA,flash,116,1.5
0.0,0.0,0.0,133.82916666666668,94.0,0.075,1.0,79,0.0,0,0.0,,,PredHPA,flash,117,1.5
0.0,0.0,0.0,134.06666666666666,99.0,0.075,1.0,125,0.0,0,0.0,,,PredHPA,flash,118,1.5
0.0,0.0,0.0,139.04722222222222,120.0,0.075,1.0,166,0.0,0,0.0,,,PredHPA,flash,119,1.5
195.0,2.6230655534382863,0.6101463419501816,88.41388888888889,97.0,0.075,0.04385695356671319,95,80.0,0,0.0,,,HPA+RL,flash,100,1.5
55.0,0.47128499453901185,0.37049753721409834,81.3375,61.0,0.075,0.6053179370927962,85,15.0,0,0.0,,,HPA+RL,flash,101,1.5
45.0,0.17257194904867212,0.13018738892830556,80.99444444444444,63.0,0.075,0.847899352514367,65,10.0,0,0.0,,,HPA+RL,flash,102,1.5
10.0,0.022057388558827107,0.022057388558822465,77.65833333333333,48.0,0.075,0.9302755528304962,50,5.0,0,0.0,,,HPA+RL,flash,103,1.5
80.0,0.5578088430553851,0.5578088430553853,77.27083333333333,58.0,0.075,0.7415850539889388,61,15.0,0,0.0,,,HPA+RL,flash,104,1.5
15.0,0.0520384978661137,0.052038497866104844,80.73333333333333,57.0,0.075,0.9142001835953617,50,5.0,0,0.0,,,HPA+RL,flash,105,1.5
75.0,0.4287776727829318,0.39903098391397335,75.52638888888889,55.0,0.075,0.7426357769462536,45,20.0,0,0.0,,,HPA+RL,flash,106,1.5
55.0,0.47087592474569506,0.4191152295592182,82.54722222222222,69.0,0.075,0.6124104385052997,78,10.0,0,0.0,,,HPA+RL,flash,107,1.5
20.0,0.0793243896132001,0.06799448680040365,78.75972222222222,49.0,0.075,0.8699667580075989,60,5.0,0,0.0,,,HPA+RL,flash,108,1.5
30.0,0.13807642381740148,0.02582221496321945,81.59444444444445,60.0,0.075,0.673344534823833,66,35.0,0,0.0,,,HPA+RL,flash,109,1.5
105.0,0.6168471423811828,0.6166136276277375,76.30416666666666,57.0,0.075,0.7367421784159051,61,25.0,0,0.0,,,HPA+RL,flash,110,1.5
0.0,0.0061805860822272685,0.0061805860822291645,81.07083333333334,60.0,0.075,0.9751828679911991,52,0.0,0,0.0,,,HPA+RL,flash,111,1.5
130.0,0.6694780958455993,0.5888490609211067,77.43333333333334,59.0,0.075,0.7073950796852257,63,15.0,0,0.0,,,HPA+RL,flash,112,1.5
35.0,0.13809151119762442,0.10011774330664003,78.33611111111111,49.0,0.075,0.8345542167183744,58,10.0,0,0.0,,,HPA+RL,flash,113,1.5
40.0,0.6346151244766118,0.1609846420740719,80.6625,54.0,0.075,0.052866479727357495,62,25.0,0,0.0,,,HPA+RL,flash,114,1.5
5.0,0.01862514125698933,0.0186251412570022,78.975,50.0,0.075,0.9319803270338072,55,5.0,0,0.0,,,HPA+RL,flash,115,1.5
85.0,0.602551799433193,0.6025517994331867,75.88888888888889,55.0,0.075,0.7276899993421724,55,20.0,0,0.0,,,HPA+RL,flash,116,1.5
15.0,0.10940100577200296,0.04482270975026023,82.91388888888889,66.0,0.075,0.6899693957562405,56,10.0,0,0.0,,,HPA+RL,flash,117,1.5
90.0,0.4114575708711543,0.3886751856676891,78.21388888888889,55.0,0.075,0.7322185942307077,60,5.0,0,0.0,,,HPA+RL,flash,118,1.5
85.0,0.6980422325845392,0.44420981531872655,82.22083333333333,62.0,0.075,0.5533325605233106,85,35.0,0,0.0,,,HPA+RL,flash,119,1.5
20.0,0.1016900996246406,0.0,115.43888888888888,120.0,0.075,0.4452491948096209,836,10.0,10,0.0,,,ARC,flash,100,1.5
0.0,0.0,0.0,108.10972222222222,120.0,0.075,1.0,865,0.0,10,0.0,,,ARC,flash,101,1.5
0.0,0.0,0.0,115.37638888888888,120.0,0.075,1.0,927,0.0,11,0.0,,,ARC,flash,102,1.5
0.0,0.0,0.0,107.41944444444445,89.0,0.075,1.0,831,0.0,11,0.0,,,ARC,flash,103,1.5
0.0,0.0,0.0,95.41944444444445,120.0,0.075,1.0,628,0.0,11,0.0,,,ARC,flash,104,1.5
0.0,0.0,0.0,111.76944444444445,101.0,0.075,1.0,836,0.0,11,0.0,,,ARC,flash,105,1.5
35.0,0.3846058254570184,0.0,103.8875,110.0,0.075,0.09250268822342853,809,0.0,11,0.0,,,ARC,flash,106,1.5
0.0,0.0,0.0,112.19722222222222,120.0,0.075,1.0,987,0.0,10,0.0,,,ARC,flash,107,1.5
0.0,0.0,0.0,108.84861111111111,117.0,0.075,1.0,863,0.0,11,0.0,,,ARC,flash,108,1.5
0.0,0.0,0.0,106.49305555555556,92.0,0.075,1.0,858,0.0,11,0.0,,,ARC,flash,109,1.5
0.0,0.0,0.0,97.24444444444444,120.0,0.075,1.0,609,0.0,11,0.0,,,ARC,flash,110,1.5
0.0,0.005424634959572128,0.0,108.97361111111111,98.0,0.075,0.969684950330274,776,0.0,11,0.0,,,ARC,flash,111,1.5
50.0,0.6352717071163916,0.0,104.39722222222223,111.0,0.075,0.038307860749058585,806,15.0,11,0.0,,,ARC,flash,112,1.5
0.0,0.0,0.0,115.10694444444445,120.0,0.075,1.0,859,0.0,11,0.0,,,ARC,flash,113,1.5
0.0,0.0,0.0,122.15555555555555,120.0,0.075,1.0,985,0.0,11,0.0,,,ARC,flash,114,1.5
0.0,0.0,0.0,104.92777777777778,90.0,0.075,1.0,794,0.0,11,0.0,,,ARC,flash,115,1.5
0.0,0.0,0.0,99.85833333333333,120.0,0.075,1.0,597,0.0,11,0.0,,,ARC,flash,116,1.5
0.0,0.0,0.0,113.83888888888889,104.0,0.075,1.0,824,0.0,10,0.0,,,ARC,flash,117,1.5
15.0,0.04151037931345858,0.0,113.10833333333333,119.0,0.075,0.8471333559516868,820,0.0,10,5.0,,,ARC,flash,118,1.5
0.0,0.0,0.0,107.41388888888889,120.0,0.075,1.0,879,0.0,10,0.0,,,ARC,flash,119,1.5
135.0,4.914487581536742,0.0,98.35555555555555,120.0,0.075,0.0004191019668684478,128,130.0,0,0.0,,,HPA,flash,100,2.0
105.0,2.848031225572467,0.0,102.94305555555556,120.0,0.075,0.0006003190545696548,135,95.0,0,0.0,,,HPA,flash,101,2.0
35.0,0.7765726852716481,0.0,89.49444444444444,73.0,0.075,0.0029121414732456623,85,35.0,0,0.0,,,HPA,flash,102,2.0
0.0,0.004325726489484705,0.0,85.56944444444444,65.0,0.075,0.9772807996720433,72,0.0,0,0.0,,,HPA,flash,103,2.0
30.0,0.6657969974174782,0.0,88.86666666666666,92.0,0.075,0.05160688008223505,105,30.0,0,0.0,,,HPA,flash,104,2.0
20.0,0.20717882645822083,0.0,88.3861111111111,75.0,0.075,0.5271975955142226,72,20.0,0,0.0,,,HPA,flash,105,2.0
10.0,0.07014526914663755,0.0,85.80972222222222,80.0,0.075,0.7609493457606668,71,5.0,0,0.0,,,HPA,flash,106,2.0
110.0,3.542642202810742,0.0,102.31111111111112,120.0,0.075,0.00018008932040421052,125,105.0,0,0.0,,,HPA,flash,107,2.0
45.0,0.8025766494915487,0.0,88.09722222222223,74.0,0.075,0.02216727618503383,84,10.0,0,0.0,,,HPA,flash,108,2.0
70.0,1.9620787380874694,0.0,101.47777777777777,120.0,0.075,3.836242855412732e-05,113,70.0,0,0.0,,,HPA,flash,109,2.0
60.0,2.032944470462361,0.0,93.35,110.0,0.075,0.002709248071127518,114,60.0,0,0.0,,,HPA,flash,110,2.0
0.0,0.0,0.0,86.31805555555556,62.0,0.075,1.0,65,0.0,0,0.0,,,HPA,flash,111,2.0
30.0,0.21291282593473015,0.0,87.12222222222222,80.0,0.075,0.539894097441851,80,15.0,0,0.0,,,HPA,flash,112,2.0
115.0,3.354860745749144,0.0,100.2388888888889,120.0,0.075,0.000377270660502714,117,115.0,0,0.0,,,HPA,flash,113,2.0
50.0,1.307374585018517,0.0,92.30694444444444,86.0,0.075,0.00032896403375530964,92,5.0,0,0.0,,,HPA,flash,114,2.0
20.0,0.12362762802224925,0.0,84.87083333333334,66.0,0.075,0.6606936934902111,75,20.0,0,0.0,,,HPA,flash,115,2.0
0.0,0.0,0.0,88.34722222222223,90.0,0.075,1.0,96,0.0,0,0.0,,,HPA,flash,116,2.0
95.0,3.3759964798889097,0.0,99.90416666666667,120.0,0.075,3.0664236081324435e-05,112,95.0,0,0.0,,,HPA,flash,117,2.0
115.0,2.7244218652998753,0.0,100.86666666666666,120.0,0.075,6.921888322554703e-05,106,110.0,0,0.0,,,HPA,flash,118,2.0
80.0,2.7675738556927842,0.0,104.33055555555555,120.0,0.075,0.0004569786315529149,130,80.0,0,0.0,,,HPA,flash,119,2.0
0.0,0.006317888143869688,0.0,92.12638888888888,100.0,0.075,0.9603388248412574,178,0.0,0,0.0,,,HPA-fast,flash,100,2.0
0.0,0.006230055934774992,0.0,87.19444444444444,108.0,0.075,0.9848901772131908,214,0.0,0,0.0,,,HPA-fast,flash,101,2.0
15.0,0.36651798139996083,0.0,91.37916666666666,80.0,0.075,0.10739820115544327,241,15.0,0,0.0,,,HPA-fast,flash,102,2.0
0.0,0.0,0.0,87.25,76.0,0.075,1.0,148,0.0,0,0.0,,,HPA-fast,flash,103,2.0
0.0,0.0,0.0,81.75277777777778,98.0,0.075,1.0,165,0.0,0,0.0,,,HPA-fast,flash,104,2.0
0.0,0.0027002136220311,0.0,88.73611111111111,76.0,0.075,0.9848102288764006,169,0.0,0,0.0,,,HPA-fast,flash,105,2.0
5.0,0.023409556741826876,0.0,90.1875,98.0,0.075,0.9015932466379641,210,5.0,0,0.0,,,HPA-fast,flash,106,2.0
75.0,2.4132768431738283,0.0,91.24305555555556,120.0,0.075,0.0003762153599117864,245,75.0,0,0.0,,,HPA-fast,flash,107,2.0
0.0,0.0,0.0,89.28194444444445,74.0,0.075,1.0,184,0.0,0,0.0,,,HPA-fast,flash,108,2.0
50.0,1.5211640355208056,0.0,91.50694444444444,120.0,0.075,0.0003896885556920629,198,50.0,0,0.0,,,HPA-fast,flash,109,2.0
0.0,0.0,0.0,81.09444444444445,91.0,0.075,1.0,147,0.0,0,0.0,,,HPA-fast,flash,110,2.0
0.0,0.0,0.0,88.18888888888888,72.0,0.075,1.0,162,0.0,0,0.0,,,HPA-fast,flash,111,2.0
5.0,0.020653109611412646,0.0,90.19722222222222,91.0,0.075,0.9054431242217449,202,5.0,0,0.0,,,HPA-fast,flash,112,2.0
15.0,0.24057347767945103,0.0,86.45,82.0,0.075,0.462993254259793,190,15.0,0,0.0,,,HPA-fast,flash,113,2.0
40.0,1.050127751808394,0.0,94.625,120.0,0.07500000000000002,0.0010486851236975454,230,40.0,0,0.0,,,HPA-fast,flash,114,2.0
15.0,0.11777851790928384,0.0,86.5875,74.0,0.075,0.4510259304524441,168,15.0,0,0.0,,,HPA-fast,flash,115,2.0
5.0,0.026839614029205983,0.0,81.69027777777778,90.0,0.075,0.9012598086054457,150,5.0,0,0.0,,,HPA-fast,flash,116,2.0
60.0,2.0218122254386794,0.0,92.91111111111111,120.0,0.075,0.002395918077771158,225,65.0,0,0.0,,,HPA-fast,flash,117,2.0
70.0,1.7149986808532969,0.0,94.41111111111111,120.0,0.075,0.00034948921676754844,235,70.0,0,0.0,,,HPA-fast,flash,118,2.0
55.0,1.870688009245003,0.0,91.875,120.0,0.075,0.002992714204587723,270,55.0,0,0.0,,,HPA-fast,flash,119,2.0
130.0,4.606009142920364,0.0,115.18611111111112,120.0,0.075,0.0005311700065021848,134,130.0,0,0.0,,,HPA-45,flash,100,2.0
0.0,0.0,0.0,115.82916666666667,120.0,0.075,1.0,118,0.0,0,0.0,,,HPA-45,flash,101,2.0
0.0,0.0,0.0,113.68888888888888,99.0,0.075,1.0,93,0.0,0,0.0,,,HPA-45,flash,102,2.0
0.0,0.0,0.0,106.79861111111111,83.0,0.075,1.0,81,0.0,0,0.0,,,HPA-45,flash,103,2.0
0.0,0.0,0.0,112.03055555555555,118.0,0.075,1.0,109,0.0,0,0.0,,,HPA-45,flash,104,2.0
0.0,0.0,0.0,112.06527777777778,100.0,0.075,1.0,82,0.0,0,0.0,,,HPA-45,flash,105,2.0
0.0,0.0,0.0,107.92083333333333,102.0,0.075,1.0,87,0.0,0,0.0,,,HPA-45,flash,106,2.0
0.0,0.0,0.0,119.55277777777778,120.0,0.075,1.0,112,0.0,0,0.0,,,HPA-45,flash,107,2.0
0.0,0.0,0.0,109.58333333333333,87.0,0.075,1.0,84,0.0,0,0.0,,,HPA-45,flash,108,2.0
0.0,0.011092288389469296,0.0,112.99027777777778,100.0,0.075,0.9512874473811719,112,0.0,0,0.0,,,HPA-45,flash,109,2.0
0.0,0.0,0.0,112.02777777777777,115.0,0.075,1.0,109,0.0,0,0.0,,,HPA-45,flash,110,2.0
0.0,0.0,0.0,105.33888888888889,81.0,0.075,1.0,66,0.0,0,0.0,,,HPA-45,flash,111,2.0
0.0,0.0,0.0,108.90277777777777,102.0,0.075,1.0,98,0.0,0,0.0,,,HPA-45,flash,112,2.0
0.0,0.006424412512984201,0.0,109.14027777777778,85.0,0.075,0.9651456804986804,91,0.0,0,0.0,,,HPA-45,flash,113,2.0
25.0,0.7726642153378593,0.0,120.42083333333333,118.0,0.075,0.036327864291825274,118,25.0,0,0.0,,,HPA-45,flash,114,2.0
0.0,0.0,0.0,108.57222222222222,88.0,0.075,1.0,90,0.0,0,0.0,,,HPA-45,flash,115,2.0
0.0,0.0,0.0,112.40277777777777,118.0,0.075,1.0,113,0.0,0,0.0,,,HPA-45,flash,116,2.0
5.0,0.029742722773395958,0.0,113.71527777777777,113.0,0.075,0.8863566095979608,96,5.0,0,0.0,,,HPA-45,flash,117,2.0
5.0,0.016064028988205248,0.0,108.54027777777777,100.0,0.075,0.9225260783097113,74,5.0,0,0.0,,,HPA-45,flash,118,2.0
15.0,0.21253569204252587,0.0,118.62916666666666,120.0,0.075,0.5820780280113127,121,15.0,0,0.0,,,HPA-45,flash,119,2.0
0.0,0.0,0.0,145.61111111111111,120.0,0.075,1.0,154,0.0,0,0.0,,,PredHPA,flash,100,2.0
0.0,0.0,0.0,141.97083333333333,120.0,0.075,1.0,158,0.0,0,0.0,,,PredHPA,flash,101,2.0
0.0,0.0,0.0,149.93472222222223,120.0,0.075,1.0,118,0.0,0,0.0,,,PredHPA,flash,102,2.0
0.0,0.0,0.0,129.3138888888889,102.0,0.075,1.0,103,0.0,0,0.0,,,PredHPA,flash,103,2.0
0.0,0.0,0.0,123.00694444444444,120.0,0.075,1.0,144,0.0,0,0.0,,,PredHPA,flash,104,2.0
0.0,0.0,0.0,140.0402777777778,104.0,0.075,1.0,105,0.0,0,0.0,,,PredHPA,flash,105,2.0
0.0,0.0,0.0,145.31805555555556,120.0,0.075,1.0,142,0.0,0,0.0,,,PredHPA,flash,106,2.0
0.0,0.0,0.0,138.6861111111111,120.0,0.075,1.0,147,0.0,0,0.0,,,PredHPA,flash,107,2.0
0.0,0.0,0.0,147.09027777777777,120.0,0.075,1.0,137,0.0,0,0.0,,,PredHPA,flash,108,2.0
0.0,0.0,0.0,132.7736111111111,109.0,0.075,1.0,89,0.0,0,0.0,,,PredHPA,flash,109,2.0
0.0,0.0,0.0,124.97222222222223,120.0,0.075,1.0,146,0.0,0,0.0,,,PredHPA,flash,110,2.0
0.0,0.0,0.0,139.63333333333333,107.0,0.075,1.0,89,0.0,0,0.0,,,PredHPA,flash,111,2.0
0.0,0.0,0.0,146.19861111111112,120.0,0.075,1.0,143,0.0,0,0.0,,,PredHPA,flash,112,2.0
0.0,0.0,0.0,140.11111111111111,108.0,0.075,1.0,123,0.0,0,0.0,,,PredHPA,flash,113,2.0
0.0,0.0,0.0,149.74305555555554,120.0,0.075,1.0,128,0.0,0,0.0,,,PredHPA,flash,114,2.0
0.0,0.0,0.0,130.32083333333333,101.0,0.075,1.0,90,0.0,0,0.0,,,PredHPA,flash,115,2.0
0.0,0.0,0.0,124.24166666666666,120.0,0.075,1.0,141,0.0,0,0.0,,,PredHPA,flash,116,2.0
0.0,0.0,0.0,144.4125,120.0,0.075,1.0,110,0.0,0,0.0,,,PredHPA,flash,117,2.0
0.0,0.0,0.0,145.54166666666666,120.0,0.075,1.0,140,0.0,0,0.0,,,PredHPA,flash,118,2.0
0.0,0.0,0.0,143.83333333333334,120.0,0.075,1.0,171,0.0,0,0.0,,,PredHPA,flash,119,2.0
350.0,5.9945639880115476,3.1697314581783576,95.55972222222222,120.0,0.075,0.00040354580797385633,107,130.0,0,0.0,,,HPA+RL,flash,100,2.0
150.0,1.6492715394256896,1.4259878416899712,89.72638888888889,87.0,0.075,0.3052074695215453,96,20.0,0,0.0,,,HPA+RL,flash,101,2.0
200.0,2.083896814618491,1.425027168630171,83.86111111111111,63.0,0.075,0.0068684913572625616,70,35.0,0,0.0,,,HPA+RL,flash,102,2.0
140.0,0.7817884976833778,0.7775881655826328,82.23611111111111,56.0,0.075,0.6989474544356918,60,5.0,0,0.0,,,HPA+RL,flash,103,2.0
460.0,4.028664223368006,4.028664223368004,78.3125,60.0,0.075,0.5476016851670795,65,5.0,0,0.0,,,HPA+RL,flash,104,2.0
180.0,1.1726325278850869,1.0529519356273827,82.57083333333334,57.0,0.075,0.6207585187995466,49,20.0,0,0.0,,,HPA+RL,flash,105,2.0
260.0,2.5315745223971398,2.461429253250482,78.41388888888889,60.0,0.075,0.5597359326770329,60,5.0,0,0.0,,,HPA+RL,flash,106,2.0
175.0,3.5464621483341507,1.5769103814786576,97.35972222222222,120.0,0.07500000000000004,0.0020871136164849957,119,65.0,0,0.0,,,HPA+RL,flash,107,2.0
195.0,1.3937763365492017,1.2655870122544273,81.99722222222222,57.0,0.075,0.5411327558912413,66,10.0,0,0.0,,,HPA+RL,flash,108,2.0
160.0,2.401429954978973,0.7364068804478241,98.51527777777778,112.0,0.075,0.0003485210862656219,104,65.0,0,0.0,,,HPA+RL,flash,109,2.0
480.0,4.2954082101454905,4.284397475615357,78.525,61.0,0.075,0.5646982046466726,67,5.0,0,0.0,,,HPA+RL,flash,110,2.0
70.0,0.38810596687264276,0.38810596687266835,84.21527777777777,60.0,0.075,0.7412197238741725,63,5.0,0,0.0,,,HPA+RL,flash,111,2.0
320.0,3.176140349613099,3.0363899318315313,79.7125,62.0,0.075,0.5290154286791283,65,15.0,0,0.0,,,HPA+RL,flash,112,2.0
235.0,4.013761641662716,0.9483172174888945,99.10833333333333,120.0,0.07500000000000008,0.000377271189663289,108,160.0,0,0.0,,,HPA+RL,flash,113,2.0
180.0,2.184459370807701,1.436449890529567,85.7375,71.0,0.075,0.026736622264740852,74,5.0,0,0.0,,,HPA+RL,flash,114,2.0
145.0,0.7734581423611719,0.7062073598978121,82.24583333333334,57.0,0.075,0.7007407145327897,61,20.0,0,0.0,,,HPA+RL,flash,115,2.0
425.0,3.913614113403019,3.9136141134030162,77.83888888888889,59.0,0.075,0.5342153030622339,61,15.0,0,0.0,,,HPA+RL,flash,116,2.0
155.0,3.6100279701048232,0.8809445516943053,98.99583333333334,120.0,0.075,0.00020793920332173884,95,90.0,0,0.0,,,HPA+RL,flash,117,2.0
345.0,4.7470616422451535,2.2951985205934293,97.24166666666666,120.0,0.075,0.00029097871033836946,106,110.0,0,0.0,,,HPA+RL,flash,118,2.0
190.0,4.287553470188499,1.6697079707049134,99.11527777777778,120.0,0.075,0.0009677090256075346,127,100.0,0,0.0,,,HPA+RL,flash,119,2.0
30.0,0.32119855770517125,0.0,119.9486111111111,120.0,0.075,0.060195463937600245,839,15.0,10,0.0,,,ARC,flash,100,2.0
0.0,0.0,0.0,111.60138888888889,120.0,0.075,1.0,894,0.0,10,0.0,,,ARC,flash,101,2.0
0.0,0.0,0.0,120.02916666666667,120.0,0.075,1.0,970,0.0,10,0.0,,,ARC,flash,102,2.0
5.0,0.04477684971135876,0.0,113.68333333333334,118.0,0.075,0.556948331521607,871,5.0,10,5.0,,,ARC,flash,103,2.0
0.0,0.0,0.0,99.7611111111111,120.0,0.075,1.0,658,0.0,10,0.0,,,ARC,flash,104,2.0
0.0,0.0,0.0,118.17083333333333,120.0,0.075,1.0,885,0.0,10,0.0,,,ARC,flash,105,2.0
35.0,0.3410190788870171,0.0,108.98055555555555,120.0,0.075,0.09250268822342853,865,0.0,10,0.0,,,ARC,flash,106,2.0
0.0,0.0,0.0,115.49027777777778,120.0,0.075,1.0,1013,0.0,10,0.0,,,ARC,flash,107,2.0
0.0,0.0,0.0,114.0625,120.0,0.075,1.0,903,0.0,10,0.0,,,ARC,flash,108,2.0
5.0,0.10241796201186926,0.0,112.62916666666666,120.0,0.075,0.5264135098139124,907,5.0,10,5.0,,,ARC,flash,109,2.0
0.0,0.014262754344629425,0.0,101.56805555555556,120.0,0.075,0.9528325754734336,652,0.0,10,0.0,,,ARC,flash,110,2.0
0.0,0.005144913179766508,0.0,115.11111111111111,118.0,0.075,0.969684950330274,829,0.0,11,0.0,,,ARC,flash,111,2.0
50.0,0.5369091385864166,0.0,109.81944444444444,120.0,0.075,0.06056564146709021,837,15.0,10,0.0,,,ARC,flash,112,2.0
0.0,0.0,0.0,120.56111111111112,120.0,0.075,1.0,865,0.0,10,0.0,,,ARC,flash,113,2.0
0.0,0.0,0.0,125.82777777777778,120.0,0.075,1.0,1030,0.0,10,0.0,,,ARC,flash,114,2.0
0.0,0.0,0.0,110.70833333333333,117.0,0.075,1.0,836,0.0,10,0.0,,,ARC,flash,115,2.0
0.0,0.0,0.0,104.25694444444444,120.0,0.075,1.0,653,0.0,11,0.0,,,ARC,flash,116,2.0
0.0,0.0,0.0,119.59444444444445,120.0,0.075,1.0,871,0.0,10,0.0,,,ARC,flash,117,2.0
30.0,0.23032375554541407,0.0,118.88194444444444,120.0,0.075,0.18254171636822036,865,0.0,10,0.0,,,ARC,flash,118,2.0
0.0,0.0,0.0,111.38055555555556,120.0,0.075,1.0,920,0.0,10,0.0,,,ARC,flash,119,2.0
200.0,8.527382630872694,0.0,105.14722222222223,120.0,0.075,7.15013680238805e-06,139,195.0,0,0.0,,,HPA,flash,100,3.0
165.0,6.460652203594841,0.0,107.45555555555555,120.0,0.075,1.7463450915394532e-06,168,155.0,0,0.0,,,HPA,flash,101,3.0
50.0,1.6826529117411226,0.0,107.12361111111112,116.0,0.075,4.5616287882254305e-06,113,50.0,0,0.0,,,HPA,flash,102,3.0
330.0,10.759552678552742,0.0,108.25277777777778,120.0,0.1345576183836539,1.120990439060124e-05,148,330.0,0,0.0,,,HPA,flash,103,3.0
70.0,2.3132909990511763,0.0,103.95416666666667,120.0,0.075,4.782157625281827e-06,124,70.0,0,0.0,,,HPA,flash,104,3.0
60.0,1.7502702343570764,0.0,106.27638888888889,120.0,0.075,4.543441845392745e-06,95,60.0,0,0.0,,,HPA,flash,105,3.0
135.0,3.890236595688945,0.0,106.54861111111111,120.0,0.075,0.0003614699318099957,117,115.0,0,0.0,,,HPA,flash,106,3.0
310.0,12.617098562187723,0.0,108.15138888888889,120.0,0.075,2.0332415815368446e-06,155,170.0,0,0.0,,,HPA,flash,107,3.0
60.0,1.8339674363280434,0.0,106.70277777777778,120.0,0.075,0.0017591532012590945,104,15.0,0,0.0,,,HPA,flash,108,3.0
115.0,3.933939946434295,0.0,107.1125,120.0,0.075,1.960293416227599e-06,146,115.0,0,0.0,,,HPA,flash,109,3.0
75.0,2.4046684764072346,0.0,103.13333333333334,120.0,0.075,0.000532644151553518,114,75.0,0,0.0,,,HPA,flash,110,3.0
85.0,2.2245740956503446,0.0,108.09444444444445,120.0,0.075,0.00039238317398102186,112,85.0,0,0.0,,,HPA,flash,111,3.0
120.0,2.7943866482591173,0.0,107.48333333333333,120.0,0.075,1.1174023501102906e-05,128,100.0,0,0.0,,,HPA,flash,112,3.0
505.0,18.52938759242417,0.0,107.53055555555555,120.0,3.0749999999999997,9.956615491858275e-06,162,505.0,0,0.0,,,HPA,flash,113,3.0
90.0,3.240001854093477,0.0,107.6,120.0,0.075,1.6820525938805793e-06,123,90.0,0,0.0,,,HPA,flash,114,3.0
200.0,7.282415037247036,0.0,105.70833333333333,120.0,0.075,0.0004646853327540903,145,200.0,0,0.0,,,HPA,flash,115,3.0
40.0,1.3095124373950218,0.0,103.36805555555556,120.0,0.075,0.03614430597045033,132,40.0,0,0.0,,,HPA,flash,116,3.0
120.0,5.2740574498850945,0.0,105.61666666666666,120.0,0.075,4.170643944076624e-06,133,130.0,0,0.0,,,HPA,flash,117,3.0
215.0,6.44096931487137,0.0,108.44166666666666,120.0,0.075,1.2431108664171403e-06,140,210.0,0,0.0,,,HPA,flash,118,3.0
595.0,23.067771486341815,0.0,108.71805555555555,120.0,3.0749999999999997,3.82400957048241e-06,173,460.0,0,0.0,,,HPA,flash,119,3.0
0.0,0.013490155474449317,0.0,100.83888888888889,120.0,0.075,0.9603388248412574,236,0.0,0,0.0,,,HPA-fast,flash,100,3.0
155.0,6.163597947688371,0.0,97.45555555555555,120.0,0.075,0.00040790770646337456,310,155.0,0,0.0,,,HPA-fast,flash,101,3.0
20.0,0.6382296689613209,0.0,102.06527777777778,120.0,0.075,0.034233886585605465,270,20.0,0,0.0,,,HPA-fast,flash,102,3.0
85.0,2.4581593356844844,0.0,98.87083333333334,120.0,0.075,0.011647990687529362,228,90.0,0,0.0,,,HPA-fast,flash,103,3.0
10.0,0.04052444606265082,0.0,90.52638888888889,120.0,0.075,0.9049808416919031,201,10.0,0,0.0,,,HPA-fast,flash,104,3.0
15.0,0.10309774945225225,0.0,99.63055555555556,118.0,0.075,0.8529690927490855,199,15.0,0,0.0,,,HPA-fast,flash,105,3.0
65.0,1.629112473297012,0.0,102.06527777777778,120.0,0.075,0.0004756373241212149,267,60.0,0,0.0,,,HPA-fast,flash,106,3.0
130.0,5.6469151026457105,0.0,96.23055555555555,120.0,0.075,5.365524700409666e-06,282,130.0,0,0.0,,,HPA-fast,flash,107,3.0
10.0,0.061633283724282784,0.0,100.11527777777778,117.0,0.075,0.7646863956197198,227,10.0,0,0.0,,,HPA-fast,flash,108,3.0
120.0,3.93478978217614,0.0,99.075,120.0,0.075,6.764101789378512e-06,256,120.0,0,0.0,,,HPA-fast,flash,109,3.0
45.0,1.1785214881192885,0.0,91.32222222222222,120.0,0.075,0.036056270209154646,201,45.0,0,0.0,,,HPA-fast,flash,110,3.0
0.0,0.0,0.0,97.5,108.0,0.075,1.0,207,0.0,0,0.0,,,HPA-fast,flash,111,3.0
5.0,0.03736505176157312,0.0,99.23055555555555,120.0,0.075,0.8851796918084358,248,5.0,0,0.0,,,HPA-fast,flash,112,3.0
85.0,3.1164167284634003,0.0,97.20555555555555,120.0,0.075,0.0019402458933989051,269,85.0,0,0.0,,,HPA-fast,flash,113,3.0
70.0,2.7635067524540258,0.0,102.62777777777778,120.0,0.075,0.00011189144858948188,254,70.0,0,0.0,,,HPA-fast,flash,114,3.0
100.0,3.5465188895674626,0.0,98.33333333333333,120.0,0.075,3.11885577429019e-05,246,100.0,0,0.0,,,HPA-fast,flash,115,3.0
55.0,1.560235096898377,0.0,92.93888888888888,120.0,0.075,0.0007397307585161649,208,45.0,0,0.0,,,HPA-fast,flash,116,3.0
130.0,5.302524094861716,0.0,99.78055555555555,120.0,0.075,5.1520256496913005e-05,265,130.0,0,0.0,,,HPA-fast,flash,117,3.0
75.0,2.537332774130774,0.0,101.525,120.0,0.075,4.028859390326462e-06,268,75.0,0,0.0,,,HPA-fast,flash,118,3.0
190.0,7.584218957856404,0.0,96.19444444444444,120.0,0.075,2.4615491648174108e-05,313,190.0,0,0.0,,,HPA-fast,flash,119,3.0
25.0,0.6703260097644215,0.0,118.60138888888889,120.0,0.075,0.03214115007112251,117,25.0,0,0.0,,,HPA-45,flash,100,3.0
150.0,6.003094164692325,0.0,122.02361111111111,120.0,0.075,0.0005287454995160437,165,150.0,0,0.0,,,HPA-45,flash,101,3.0
30.0,1.0522541990825807,0.0,127.25555555555556,120.0,0.075,0.00025442581248937235,125,30.0,0,0.0,,,HPA-45,flash,102,3.0
20.0,0.17414475640343818,0.0,123.4888888888889,117.0,0.075,0.5521180567415963,98,5.0,0,0.0,,,HPA-45,flash,103,3.0
10.0,0.06846839743702704,0.0,118.59861111111111,120.0,0.075,0.8884026434666444,128,5.0,0,0.0,,,HPA-45,flash,104,3.0
35.0,0.7133288933045101,0.0,125.74722222222222,120.0,0.075,0.16961260729941283,100,35.0,0,0.0,,,HPA-45,flash,105,3.0
5.0,0.02570045241265806,0.0,119.53333333333333,120.0,0.075,0.9098527856029519,103,5.0,0,0.0,,,HPA-45,flash,106,3.0
125.0,5.42455507311842,0.0,121.7388888888889,120.0,0.075,0.0017124908511603433,145,120.0,0,0.0,,,HPA-45,flash,107,3.0
0.0,0.0,0.0,126.59861111111111,120.0,0.075,1.0,111,0.0,0,0.0,,,HPA-45,flash,108,3.0
50.0,2.0691301564088604,0.0,125.975,120.0,0.075,0.0017556374742659522,148,50.0,0,0.0,,,HPA-45,flash,109,3.0
25.0,0.17998643758083688,0.0,119.39444444444445,120.0,0.075,0.6205201711566938,129,15.0,0,0.0,,,HPA-45,flash,110,3.0
0.0,0.0,0.0,121.8375,115.0,0.075,1.0,82,0.0,0,0.0,,,HPA-45,flash,111,3.0
0.0,0.006083761855102399,0.0,119.24722222222222,120.0,0.075,0.9760862189610157,122,0.0,0,0.0,,,HPA-45,flash,112,3.0
245.0,9.562614868888142,0.0,126.22361111111111,120.0,0.075,0.0007965142457778738,171,245.0,0,0.0,,,HPA-45,flash,113,3.0
45.0,1.3727308112742476,0.0,127.71388888888889,120.0,0.075,0.0016833643737577222,137,15.0,0,0.0,,,HPA-45,flash,114,3.0
150.0,5.898418180487431,0.0,124.76944444444445,120.0,0.075,0.0001890564943686252,141,150.0,0,0.0,,,HPA-45,flash,115,3.0
5.0,0.036641019856387125,0.0,120.34583333333333,120.0,0.075,0.9046938219184271,150,5.0,0,0.0,,,HPA-45,flash,116,3.0
115.0,5.174467307163255,0.0,123.15972222222223,120.0,0.075,0.0002774160290940909,142,115.0,0,0.0,,,HPA-45,flash,117,3.0
145.0,4.784973008335602,0.0,120.74722222222222,120.0,0.075,2.2714756880628494e-05,123,145.0,0,0.0,,,HPA-45,flash,118,3.0
35.0,1.1866783458744923,0.0,123.04166666666667,120.0,0.075,0.1253437161595964,147,35.0,0,0.0,,,HPA-45,flash,119,3.0
10.0,0.05880493379734064,0.0,147.15,120.0,0.075,0.884246062752373,175,10.0,0,0.0,,,PredHPA,flash,100,3.0
10.0,0.05522967510673826,0.0,146.25416666666666,120.0,0.075,0.8910780245649623,171,10.0,0,0.0,,,PredHPA,flash,101,3.0
0.0,0.0,0.0,150.6638888888889,120.0,0.075,1.0,143,0.0,0,0.0,,,PredHPA,flash,102,3.0
0.0,0.0,0.0,141.04583333333332,120.0,0.075,1.0,127,0.0,0,0.0,,,PredHPA,flash,103,3.0
0.0,0.0,0.0,128.17777777777778,120.0,0.075,1.0,161,0.0,0,0.0,,,PredHPA,flash,104,3.0
0.0,0.0,0.0,149.53333333333333,120.0,0.075,1.0,121,0.0,0,0.0,,,PredHPA,flash,105,3.0
0.0,0.0,0.0,146.64305555555555,120.0,0.075,1.0,162,0.0,0,0.0,,,PredHPA,flash,106,3.0
25.0,0.9824349913603148,0.0,141.42777777777778,120.0,0.075,0.05738375540662925,149,25.0,0,0.0,,,PredHPA,flash,107,3.0
0.0,0.0,0.0,150.2736111111111,120.0,0.075,1.0,164,0.0,0,0.0,,,PredHPA,flash,108,3.0
0.0,0.015001492587340959,0.0,141.23055555555555,120.0,0.075,0.9505905328017034,118,0.0,0,0.0,,,PredHPA,flash,109,3.0
0.0,0.0,0.0,129.69444444444446,120.0,0.075,1.0,149,0.0,0,0.0,,,PredHPA,flash,110,3.0
0.0,0.0,0.0,148.48472222222222,120.0,0.075,1.0,114,0.0,0,0.0,,,PredHPA,flash,111,3.0
0.0,0.0,0.0,148.24027777777778,120.0,0.075,1.0,166,0.0,0,0.0,,,PredHPA,flash,112,3.0
0.0,0.0,0.0,148.42083333333332,120.0,0.075,1.0,145,0.0,0,0.0,,,PredHPA,flash,113,3.0
0.0,0.0,0.0,149.9375,120.0,0.075,1.0,135,0.0,0,0.0,,,PredHPA,flash,114,3.0
0.0,0.0,0.0,140.38333333333333,120.0,0.075,1.0,118,0.0,0,0.0,,,PredHPA,flash,115,3.0
0.0,0.0,0.0,129.79166666666666,120.0,0.075,1.0,155,0.0,0,0.0,,,PredHPA,flash,116,3.0
0.0,0.0,0.0,149.62083333333334,120.0,0.075,1.0,135,0.0,0,0.0,,,PredHPA,flash,117,3.0
5.0,0.0377704866628914,0.0,147.9152777777778,120.0,0.075,0.8674716953476097,155,5.0,0,0.0,,,PredHPA,flash,118,3.0
5.0,0.048448886112195666,0.0,146.96527777777777,120.0,0.075,0.9377110349260391,180,5.0,0,0.0,,,PredHPA,flash,119,3.0
640.0,14.389746085231037,11.767797261211564,97.28888888888889,120.0,0.075,2.4537933256430437e-05,115,185.0,0,0.0,,,HPA+RL,flash,100,3.0
475.0,11.30426593261491,6.727010806904685,100.4888888888889,120.0,0.075,9.739299733576395e-05,152,150.0,0,0.0,,,HPA+RL,flash,101,3.0
420.0,7.766002529340776,6.605810045067453,93.48472222222222,88.0,0.075,5.045664697655367e-05,98,50.0,0,0.0,,,HPA+RL,flash,102,3.0
575.0,9.105275794804847,6.382621746152426,100.42083333333333,120.0,0.075,0.00023752657846227892,113,105.0,0,0.0,,,HPA+RL,flash,103,3.0
715.0,14.527753614126148,14.521048584714384,80.86666666666666,65.0,0.075,0.3741912984233231,70,5.0,0,0.0,,,HPA+RL,flash,104,3.0
570.0,8.149025356455585,6.896465008750171,97.10833333333333,106.0,0.075,0.00023241615198944682,80,55.0,0,0.0,,,HPA+RL,flash,105,3.0
650.0,12.553812596935177,9.94256583289267,96.74444444444444,120.0,0.075,0.00033053627566956257,96,115.0,0,0.0,,,HPA+RL,flash,106,3.0
460.0,10.646476395673421,7.038584533109166,98.95138888888889,120.0,0.075,0.00011113692758646348,136,155.0,0,0.0,,,HPA+RL,flash,107,3.0
460.0,6.633002915416986,6.481361280191917,90.16805555555555,80.0,0.075,0.45067879658725607,85,15.0,0,0.0,,,HPA+RL,flash,108,3.0
530.0,8.213182459786793,5.598593489530641,103.1986111111111,120.0,0.075,3.130199733483342e-05,126,110.0,0,0.0,,,HPA+RL,flash,109,3.0
735.0,15.339136757615856,15.11652108342749,82.16666666666667,72.0,0.075,0.22602657917859062,73,60.0,0,0.0,,,HPA+RL,flash,110,3.0
440.0,4.55912456703752,4.528749549026217,92.09444444444445,78.0,0.075,0.4934425728160394,80,160.0,0,0.0,,,HPA+RL,flash,111,3.0
680.0,13.30022367593131,10.996100175191529,97.52638888888889,120.0,0.075,0.000131570103450121,99,95.0,0,0.0,,,HPA+RL,flash,112,3.0
620.0,10.930904804420683,7.260225637396457,100.81666666666666,120.0,0.0750000000000001,9.956615491858275e-06,139,245.0,0,0.0,,,HPA+RL,flash,113,3.0
470.0,8.76441327798151,6.633131772210512,99.34722222222223,117.0,0.075,0.00016467052121518146,111,85.0,0,0.0,,,HPA+RL,flash,114,3.0
540.0,8.576625745210276,5.944697875965418,100.09583333333333,118.0,0.075,0.00196786589180461,111,190.0,0,0.0,,,HPA+RL,flash,115,3.0
670.0,13.935491577416048,13.923285721319223,81.20138888888889,66.0,0.075,0.3651578009071661,69,40.0,0,0.0,,,HPA+RL,flash,116,3.0
470.0,7.7897813514718255,5.694669644969738,99.94444444444444,118.0,0.075,0.001080689990534595,89,125.0,0,0.0,,,HPA+RL,flash,117,3.0
630.0,12.2340395292437,9.48669791516153,99.55,120.0,0.075,1.0876040562773947e-06,116,135.0,0,0.0,,,HPA+RL,flash,118,3.0
495.0,10.230383318740744,7.421921824868267,100.7375,120.0,0.075,4.312576308979769e-05,141,180.0,0,0.0,,,HPA+RL,flash,119,3.0
25.0,0.1691776343501039,0.0,122.30833333333334,120.0,0.075,0.06008224566101156,888,15.0,9,0.0,,,ARC,flash,100,3.0
5.0,0.034028015415032975,0.0,116.9,120.0,0.075,0.9097062283728293,925,5.0,10,0.0,,,ARC,flash,101,3.0
0.0,0.0,0.0,122.42916666666666,120.0,0.075,1.0,995,0.0,10,0.0,,,ARC,flash,102,3.0
0.0,0.0,0.0,119.34166666666667,120.0,0.075,1.0,900,0.0,10,0.0,,,ARC,flash,103,3.0
0.0,0.0,0.0,103.67083333333333,120.0,0.075,1.0,677,0.0,9,0.0,,,ARC,flash,104,3.0
0.0,0.0,0.0,122.31527777777778,120.0,0.075,1.0,931,0.0,10,0.0,,,ARC,flash,105,3.0
45.0,0.4734520016922872,0.0,116.57916666666667,120.0,0.075,0.18070781845233783,896,15.0,10,0.0,,,ARC,flash,106,3.0
10.0,0.3069164418268544,0.0,123.3,120.0,0.075,0.3805078583533315,1026,10.0,10,0.0,,,ARC,flash,107,3.0
0.0,0.0,0.0,117.76388888888889,120.0,0.075,1.0,944,0.0,10,0.0,,,ARC,flash,108,3.0
5.0,0.019718626366727054,0.0,117.87777777777778,120.0,0.075,0.9350540076601408,980,5.0,9,0.0,,,ARC,flash,109,3.0
25.0,0.6467273531796547,0.0,105.68194444444444,120.0,0.075,0.023223167748400327,663,25.0,10,0.0,,,ARC,flash,110,3.0
0.0,0.004663922074144011,0.0,120.97083333333333,120.0,0.075,0.969684950330274,876,0.0,10,0.0,,,ARC,flash,111,3.0
50.0,0.42896977732160835,0.0,112.6,120.0,0.075,0.07962596390254154,876,15.0,10,0.0,,,ARC,flash,112,3.0
0.0,0.0,0.0,125.84583333333333,120.0,0.075,1.0,896,0.0,10,0.0,,,ARC,flash,113,3.0
0.0,0.0,0.0,127.55694444444444,120.0,0.075,1.0,1073,0.0,10,0.0,,,ARC,flash,114,3.0
20.0,0.2689431318407598,0.0,117.05,120.0,0.075,0.585002769065566,880,20.0,10,0.0,,,ARC,flash,115,3.0
0.0,0.015428228519032139,0.0,107.14861111111111,120.0,0.075,0.9505638811746498,696,0.0,10,0.0,,,ARC,flash,116,3.0
0.0,0.0,0.0,124.20277777777778,120.0,0.075,1.0,862,0.0,10,0.0,,,ARC,flash,117,3.0
20.0,0.26514406979402105,0.0,123.225,120.0,0.075,0.37988000853646736,878,10.0,9,0.0,,,ARC,flash,118,3.0
0.0,0.0,0.0,115.81944444444444,120.0,0.075,1.0,981,0.0,10,0.0,,,ARC,flash,119,3.0
465.0,21.52242894742026,0.0,107.62361111111112,120.0,2.590702013084675,3.4450659987144113e-06,164,250.0,0,0.0,,,HPA,flash,100,4.0
580.0,28.868870220479792,0.0,110.575,120.0,3.0749999999999997,1.3212615764576622e-06,171,435.0,0,0.0,,,HPA,flash,101,4.0
80.0,2.933638970478225,0.0,113.05694444444444,120.0,0.075,4.283504058197201e-06,139,80.0,0,0.0,,,HPA,flash,102,4.0
860.0,35.333688202404886,0.0,113.15972222222223,120.0,4.379457884613376,1.4076487084721071e-06,147,860.0,0,0.0,,,HPA,flash,103,4.0
615.0,33.96691216329491,0.0,106.83333333333333,120.0,6.074999999999999,1.942343676216892e-06,147,75.0,0,0.0,,,HPA,flash,104,4.0
70.0,2.3077014717183153,0.0,112.33333333333333,120.0,0.075,2.8886914862692178e-06,111,5.0,0,0.0,,,HPA,flash,105,4.0
210.0,7.063314394022191,0.0,107.56388888888888,120.0,0.075,4.673228358492393e-05,132,190.0,0,0.0,,,HPA,flash,106,4.0
590.0,29.574943523105755,0.0,108.59027777777777,120.0,3.0749999999999997,1.5823170050287477e-06,164,445.0,0,0.0,,,HPA,flash,107,4.0
520.0,20.73635697126972,0.0,112.96111111111111,120.0,3.0749999999999997,2.4332685270730176e-05,146,455.0,0,0.0,,,HPA,flash,108,4.0
885.0,33.89280799804561,0.0,114.24166666666666,120.0,3.3685070084721724,1.6120739026971674e-06,172,885.0,0,0.0,,,HPA,flash,109,4.0
770.0,42.08172168156966,0.0,106.59583333333333,120.0,6.074999999999999,4.231855042063996e-06,133,85.0,0,0.0,,,HPA,flash,110,4.0
335.0,13.59245438816753,0.0,113.83055555555555,120.0,0.5202016201101296,1.7459236958808287e-06,137,335.0,0,0.0,,,HPA,flash,111,4.0
180.0,4.911985538025765,0.0,108.92083333333333,120.0,0.075,1.713099082816354e-06,140,105.0,0,0.0,,,HPA,flash,112,4.0
525.0,24.61370284375679,0.0,110.64583333333333,120.0,3.075,1.8190002462483332e-06,171,525.0,0,0.0,,,HPA,flash,113,4.0
520.0,22.63775322937901,0.0,112.23472222222222,120.0,3.0749999999999997,1.2189697021498038e-06,153,500.0,0,0.0,,,HPA,flash,114,4.0
855.0,33.80687709892327,0.0,111.875,120.0,3.4621050029167773,0.00013674697217449068,161,855.0,0,0.0,,,HPA,flash,115,4.0
630.0,35.559697896806085,0.0,108.30555555555556,120.0,6.074999999999999,3.8108560347353175e-05,142,45.0,0,0.0,,,HPA,flash,116,4.0
145.0,7.184709131990685,0.0,109.82777777777778,120.0,0.075,1.260882475038232e-06,150,145.0,0,0.0,,,HPA,flash,117,4.0
225.0,8.314125723843501,0.0,109.73055555555555,120.0,0.07500000000000004,9.751844328309697e-07,147,215.0,0,0.0,,,HPA,flash,118,4.0
610.0,31.17224013271992,0.0,110.65138888888889,120.0,3.0749999999999997,3.880703936663322e-06,165,470.0,0,0.0,,,HPA,flash,119,4.0
780.0,39.258227021283446,0.0,101.14444444444445,120.0,6.074999999999999,0.0055769243351201465,275,780.0,0,0.0,,,HPA-fast,flash,100,4.0
565.0,28.249273416214827,0.0,99.30694444444444,120.0,3.0749999999999997,0.0001103869670162701,317,430.0,0,0.0,,,HPA-fast,flash,101,4.0
30.0,1.0893326263822,0.0,104.2125,120.0,0.075,0.0017785309539536038,312,5.0,0,0.0,,,HPA-fast,flash,102,4.0
860.0,34.20525146466834,0.0,102.71388888888889,120.0,3.0749999999999997,0.00028345614866763513,271,860.0,0,0.0,,,HPA-fast,flash,103,4.0
525.0,29.995227452905937,0.0,93.12083333333334,120.0,6.074999999999999,0.0018517996151325368,261,5.0,0,0.0,,,HPA-fast,flash,104,4.0
55.0,2.08486159633553,0.0,103.68611111111112,120.0,0.075,3.6878815781170068e-06,251,55.0,0,0.0,,,HPA-fast,flash,105,4.0
225.0,7.121035097114692,0.0,102.79444444444445,120.0,0.075,5.0026830822752594e-05,309,190.0,0,0.0,,,HPA-fast,flash,106,4.0
570.0,28.38201972867107,0.0,98.65555555555555,120.0,3.0749999999999997,4.937217809161295e-06,294,435.0,0,0.0,,,HPA-fast,flash,107,4.0
55.0,0.97074580583425,0.0,104.3861111111111,120.0,0.075,0.02256323510025555,261,55.0,0,0.0,,,HPA-fast,flash,108,4.0
155.0,6.049003886105453,0.0,103.23194444444445,120.0,0.075,3.3103455825498767e-06,287,155.0,0,0.0,,,HPA-fast,flash,109,4.0
655.0,34.66393021659601,0.0,92.75,120.0,6.074999999999999,0.0003722171948680321,237,80.0,0,0.0,,,HPA-fast,flash,110,4.0
65.0,2.3461655835061213,0.0,105.15416666666667,120.0,0.075,0.0003886718467344853,254,65.0,0,0.0,,,HPA-fast,flash,111,4.0
120.0,3.2585259981976034,0.0,101.6375,120.0,0.07500000000000002,0.0002081696249620457,287,105.0,0,0.0,,,HPA-fast,flash,112,4.0
520.0,24.345417798859547,0.0,101.0736111111111,120.0,3.0749999999999997,0.0002608251594975161,311,520.0,0,0.0,,,HPA-fast,flash,113,4.0
95.0,4.071311249219223,0.0,104.55972222222222,120.0,0.075,6.638415068970699e-06,288,95.0,0,0.0,,,HPA-fast,flash,114,4.0
830.0,33.150802170932344,0.0,102.7375,120.0,3.5705911474538468,0.00038604946893391195,290,830.0,0,0.0,,,HPA-fast,flash,115,4.0
615.0,35.33632668264508,0.0,94.52083333333333,120.0,6.074999999999999,2.3824550299044808e-05,259,50.0,0,0.0,,,HPA-fast,flash,116,4.0
160.0,7.38270314537205,0.0,102.7875,120.0,0.075,1.4788620359646323e-05,297,160.0,0,0.0,,,HPA-fast,flash,117,4.0
705.0,29.93871817377467,0.0,102.65555555555555,120.0,3.0749999999999997,2.803326407256361e-06,308,215.0,0,0.0,,,HPA-fast,flash,118,4.0
605.0,30.564228935206206,0.0,98.86805555555556,120.0,3.0749999999999997,0.0001256729656246352,321,465.0,0,0.0,,,HPA-fast,flash,119,4.0
780.0,39.25268954422365,0.0,120.65138888888889,120.0,6.074999999999999,0.004841131253253381,138,780.0,0,0.0,,,HPA-45,flash,100,4.0
570.0,29.128680905578562,0.0,124.32083333333334,120.0,6.0649999999999995,0.000338207476997575,150,430.0,0,0.0,,,HPA-45,flash,101,4.0
45.0,1.8037453478129906,0.0,128.42222222222222,120.0,0.075,5.218493752095738e-06,139,45.0,0,0.0,,,HPA-45,flash,102,4.0
860.0,34.13992112021166,0.0,126.38888888888889,120.0,3.0749999999999997,0.00017161924643648477,148,860.0,0,0.0,,,HPA-45,flash,103,4.0
610.0,33.341266298594576,0.0,119.1763888888889,120.0,6.074999999999999,0.0008270981119313936,141,70.0,0,0.0,,,HPA-45,flash,104,4.0
35.0,0.49288051231346497,0.0,126.66805555555555,120.0,0.075,0.4424217171257853,121,35.0,0,0.0,,,HPA-45,flash,105,4.0
695.0,30.308537476940245,0.0,121.33472222222223,120.0,3.0749999999999997,0.00032333582144294796,123,190.0,0,0.0,,,HPA-45,flash,106,4.0
580.0,29.667282184863154,0.0,123.21944444444445,120.0,6.0649999999999995,0.00014868748323059396,149,440.0,0,0.0,,,HPA-45,flash,107,4.0
365.0,16.27885123615096,0.0,127.22083333333333,120.0,3.0650000000000004,0.005698070681380507,139,10.0,0,0.0,,,HPA-45,flash,108,4.0
865.0,33.681488869361196,0.0,128.2125,120.0,4.889707942641065,6.989714741301e-06,162,865.0,0,0.0,,,HPA-45,flash,109,4.0
630.0,34.42094531974257,0.0,120.16805555555555,120.0,6.074999999999999,0.0003142818525219564,127,70.0,0,0.0,,,HPA-45,flash,110,4.0
50.0,1.867570666066376,0.0,125.8375,120.0,0.075,0.002456983501252483,117,50.0,0,0.0,,,HPA-45,flash,111,4.0
80.0,2.302623157449346,0.0,120.58611111111111,120.0,0.075,0.0009819560378846726,139,75.0,0,0.0,,,HPA-45,flash,112,4.0
520.0,24.458393572528546,0.0,127.59583333333333,120.0,3.0749999999999997,3.905079210224763e-06,173,520.0,0,0.0,,,HPA-45,flash,113,4.0
485.0,22.230439230443732,0.0,128.67916666666667,120.0,5.204821053106569,0.00017685299324364227,153,20.0,0,0.0,,,HPA-45,flash,114,4.0
825.0,33.266116354777374,0.0,126.71388888888889,120.0,3.8965792134007105,9.749880873803058e-06,156,825.0,0,0.0,,,HPA-45,flash,115,4.0
495.0,27.56263600414902,0.0,121.3,120.0,6.055,0.00025475476488078495,149,45.0,0,0.0,,,HPA-45,flash,116,4.0
120.0,6.399707839180535,0.0,125.54722222222222,120.0,0.075,0.00023287632447753067,149,130.0,0,0.0,,,HPA-45,flash,117,4.0
230.0,8.439122613799977,0.0,120.91944444444445,120.0,0.07500000000000002,1.7060253309293957e-05,137,210.0,0,0.0,,,HPA-45,flash,118,4.0
605.0,30.890102224754234,0.0,124.60138888888889,120.0,5.424220140540003,2.529921744228512e-05,164,460.0,0,0.0,,,HPA-45,flash,119,4.0
10.0,0.07876981080622292,0.0,147.90833333333333,120.0,0.075,0.8561549355101458,186,10.0,0,0.0,,,PredHPA,flash,100,4.0
100.0,4.71296503467099,0.0,148.0625,120.0,0.075,0.00020130653218955398,189,70.0,0,0.0,,,PredHPA,flash,101,4.0
0.0,0.0314955272329831,0.0,151.2763888888889,120.0,0.075,0.9530516865620138,161,0.0,0,0.0,,,PredHPA,flash,102,4.0
0.0,0.0,0.0,142.15,120.0,0.075,1.0,139,0.0,0,0.0,,,PredHPA,flash,103,4.0
520.0,29.844440967986685,0.0,129.57083333333333,120.0,6.055,0.0008414237966919512,164,520.0,0,0.0,,,PredHPA,flash,104,4.0
0.0,0.004409408516836688,0.0,150.10416666666666,120.0,0.075,0.9848102288764006,130,0.0,0,0.0,,,PredHPA,flash,105,4.0
0.0,0.014610066044562497,0.0,148.9,120.0,0.075,0.9775150355122312,175,0.0,0,0.0,,,PredHPA,flash,106,4.0
570.0,28.882982191506557,0.0,143.30277777777778,120.0,3.0749999999999997,2.3970795175928398e-05,183,430.0,0,0.0,,,PredHPA,flash,107,4.0
0.0,0.0,0.0,150.92777777777778,120.0,0.075,1.0,162,0.0,0,0.0,,,PredHPA,flash,108,4.0
120.0,4.9379785238201634,0.0,142.17638888888888,120.0,0.075,0.0011570181173566365,145,120.0,0,0.0,,,PredHPA,flash,109,4.0
70.0,2.4773089547252325,0.0,130.03055555555557,120.0,0.075,0.0011247191127555962,160,65.0,0,0.0,,,PredHPA,flash,110,4.0
0.0,0.0,0.0,149.16805555555555,120.0,0.075,1.0,129,0.0,0,0.0,,,PredHPA,flash,111,4.0
30.0,0.7390774771424025,0.0,149.36944444444444,120.0,0.075,0.41454917238949185,178,15.0,0,0.0,,,PredHPA,flash,112,4.0
15.0,0.22154224123743793,0.0,149.76111111111112,120.0,0.075,0.59075247702496,162,15.0,0,0.0,,,PredHPA,flash,113,4.0
25.0,1.477860348665816,0.0,150.425,120.0,0.075,0.1163618167401132,154,25.0,0,0.0,,,PredHPA,flash,114,4.0
20.0,0.29508490321927816,0.0,141.6,120.0,0.075,0.49524853739528774,124,20.0,0,0.0,,,PredHPA,flash,115,4.0
485.0,27.243736190817756,0.0,130.65972222222223,120.0,6.055,0.0007902785625186566,168,35.0,0,0.0,,,PredHPA,flash,116,4.0
0.0,0.0,0.0,151.5625,120.0,0.075,1.0,135,0.0,0,0.0,,,PredHPA,flash,117,4.0
30.0,0.8814467807146675,0.0,147.98333333333332,120.0,0.075,0.03313243423828091,156,5.0,0,0.0,,,PredHPA,flash,118,4.0
310.0,15.886098658736792,0.0,148.7277777777778,120.0,0.075,0.0004206105955958591,198,175.0,0,0.0,,,PredHPA,flash,119,4.0
795.0,20.478005198526418,20.137552169996724,87.08333333333333,82.0,0.075,0.27820374218618293,84,30.0,0,0.0,,,HPA+RL,flash,100,4.0
655.0,16.99067061390388,13.822814099582962,101.27222222222223,120.0,0.075,2.4514331274174653e-05,141,430.0,0,0.0,,,HPA+RL,flash,101,4.0
555.0,14.080988041381538,12.576908458124683,98.01527777777778,105.0,0.075,0.00019927858898228165,108,75.0,0,0.0,,,HPA+RL,flash,102,4.0
780.0,18.438278532160812,13.837617114948447,101.77361111111111,120.0,0.075,9.171093649589586e-05,135,325.0,0,0.0,,,HPA+RL,flash,103,4.0
745.0,24.92307837470382,23.607610485705052,94.90416666666667,120.0,0.075,0.0008081121968776269,101,10.0,0,0.0,,,HPA+RL,flash,104,4.0
685.0,14.494083052634787,14.078940172967364,90.875,78.0,0.075,0.12728901062693623,66,5.0,0,0.0,,,HPA+RL,flash,105,4.0
795.0,20.66828414243598,18.039304736195838,97.08472222222223,120.0,0.075,0.00024374432824960827,98,185.0,0,0.0,,,HPA+RL,flash,106,4.0
645.0,17.107518299729918,14.105073388463245,99.58472222222223,120.0,0.075,3.645228546968868e-05,132,445.0,0,0.0,,,HPA+RL,flash,107,4.0
645.0,15.863324115451071,12.794884658971982,100.99861111111112,120.0,0.07500000000000004,0.000304660499365624,115,130.0,0,0.0,,,HPA+RL,flash,108,4.0
730.0,14.704371923166038,12.392789205048178,103.25694444444444,120.0,0.075,8.66660008258745e-06,119,170.0,0,0.0,,,HPA+RL,flash,109,4.0
765.0,25.10729147731422,24.332077300141133,82.40833333333333,72.0,0.075,0.02208875335168503,78,75.0,0,0.0,,,HPA+RL,flash,110,4.0
720.0,13.566149894098867,10.908072237807206,103.78194444444445,120.0,0.075,7.193017146469619e-05,118,325.0,0,0.0,,,HPA+RL,flash,111,4.0
795.0,21.76267613799935,19.261815514124592,98.25138888888888,120.0,0.075,1.7128316219516828e-06,114,100.0,0,0.0,,,HPA+RL,flash,112,4.0
820.0,18.539034316870495,15.634816333510562,101.49583333333334,120.0,0.075,4.766738663035679e-06,131,515.0,0,0.0,,,HPA+RL,flash,113,4.0
590.0,14.709725826852926,12.729915561438803,100.89166666666667,120.0,0.075,5.984041718611187e-05,114,75.0,0,0.0,,,HPA+RL,flash,114,4.0
740.0,15.625921403136267,13.072268832768302,101.48055555555555,120.0,0.075,0.00032225608336665975,114,255.0,0,0.0,,,HPA+RL,flash,115,4.0
700.0,22.543624949464068,22.520206864391504,83.2388888888889,73.0,0.075,0.2741155118005999,72,5.0,0,0.0,,,HPA+RL,flash,116,4.0
690.0,15.343280147249349,12.4598984524381,101.5875,120.0,0.075,7.81888912808608e-05,103,135.0,0,0.0,,,HPA+RL,flash,117,4.0
780.0,20.102536249974634,17.472807464938874,99.54583333333333,120.0,0.075,8.048276409239529e-07,120,205.0,0,0.0,,,HPA+RL,flash,118,4.0
660.0,17.32861071272569,14.713913343405464,101.50138888888888,120.0,0.07500000000000005,8.611704569446529e-05,134,470.0,0,0.0,,,HPA+RL,flash,119,4.0
35.0,0.4870070556710626,0.0,123.71388888888889,120.0,0.075,0.06008224566101156,878,10.0,9,0.0,,,ARC,flash,100,4.0
70.0,3.7142446204384783,0.0,121.82638888888889,120.0,0.075,0.013422705933040787,919,35.0,10,0.0,,,ARC,flash,101,4.0
0.0,0.0,0.0,123.70555555555555,120.0,0.075,1.0,1006,0.0,10,0.0,,,ARC,flash,102,4.0
0.0,0.0020603168487731693,0.0,119.78611111111111,120.0,0.075,0.9903267514146668,921,0.0,10,0.0,,,ARC,flash,103,4.0
65.0,3.1179310951383155,0.0,105.0125,120.0,0.075,0.05736734789185586,697,65.0,9,0.0,,,ARC,flash,104,4.0
0.0,0.0,0.0,123.08611111111111,120.0,0.075,1.0,932,0.0,10,0.0,,,ARC,flash,105,4.0
55.0,1.034594932340438,0.0,118.0875,120.0,0.075,0.029961548239192906,909,15.0,10,0.0,,,ARC,flash,106,4.0
60.0,3.7551165728127445,0.0,124.89305555555555,120.0,0.07500000000000007,0.06752396396041194,1029,25.0,10,0.0,,,ARC,flash,107,4.0
0.0,0.0,0.0,118.375,120.0,0.075,1.0,960,0.0,10,0.0,,,ARC,flash,108,4.0
15.0,0.39038070804537917,0.0,119.68333333333334,120.0,0.075,0.28105717882127124,1008,15.0,9,0.0,,,ARC,flash,109,4.0
55.0,1.5275206291798904,0.0,107.50416666666666,120.0,0.075,0.0010386238158501626,672,35.0,10,0.0,,,ARC,flash,110,4.0
0.0,0.004265176393214443,0.0,122.60277777777777,120.0,0.075,0.969684950330274,902,0.0,10,0.0,,,ARC,flash,111,4.0
55.0,0.5179556337129188,0.0,113.09583333333333,120.0,0.075,0.05829112692265186,874,5.0,9,0.0,,,ARC,flash,112,4.0
30.0,0.6150550148847134,0.0,129.1875,120.0,0.075,0.06417503866091377,931,30.0,10,0.0,,,ARC,flash,113,4.0
0.0,0.0,0.0,127.95833333333333,120.0,0.075,1.0,1039,0.0,9,0.0,,,ARC,flash,114,4.0
30.0,1.2233684753665375,0.0,118.44444444444444,120.0,0.075,0.005341433656445131,910,30.0,9,0.0,,,ARC,flash,115,4.0
20.0,0.5202477738198041,0.0,107.36666666666666,120.0,0.075,0.17859843717504242,674,20.0,10,20.0,,,ARC,flash,116,4.0
0.0,0.0,0.0,124.96388888888889,120.0,0.075,1.0,906,0.0,10,0.0,,,ARC,flash,117,4.0
50.0,1.5073347427982275,0.0,122.68333333333334,120.0,0.075,0.03424768104941821,877,35.0,10,0.0,,,ARC,flash,118,4.0
40.0,3.317968373482183,0.0,118.07222222222222,120.0,0.075,0.017642420904865376,962,40.0,10,0.0,,,ARC,flash,119,4.0
880.0,48.01293263333426,0.0,108.73333333333333,120.0,7.55248240978498,1.8868917036807423e-06,146,875.0,0,0.0,,,HPA,flash,100,5.0
590.0,33.486057560969776,0.0,111.10277777777777,120.0,5.393100119132584,1.432490173904507e-06,170,440.0,0,0.0,,,HPA,flash,101,5.0
550.0,28.330944649317402,0.0,113.46527777777777,120.0,4.312133391338524,3.4182393625250613e-06,156,80.0,0,0.0,,,HPA,flash,102,5.0
875.0,41.989045325152574,0.0,113.8013888888889,120.0,6.074999999999999,1.2784461788531453e-06,152,875.0,0,0.0,,,HPA,flash,103,5.0
790.0,47.835065410152176,0.0,107.16666666666667,120.0,6.074999999999999,1.4115422036611076e-06,136,15.0,0,0.0,,,HPA,flash,104,5.0
775.0,36.68736237950889,0.0,112.58333333333333,120.0,6.03278232379694,2.8561218056068956e-06,131,115.0,0,0.0,,,HPA,flash,105,5.0
855.0,43.65594397683408,0.0,108.425,120.0,6.074999999999999,7.398849136550935e-06,119,220.0,0,0.0,,,HPA,flash,106,5.0
610.0,34.585869678465706,0.0,109.52361111111111,120.0,5.5443317464693225,1.2282198968810736e-06,167,455.0,0,0.0,,,HPA,flash,107,5.0
565.0,27.880037995075146,0.0,112.98472222222222,120.0,3.7206595831766474,5.007283384988628e-06,148,460.0,0,0.0,,,HPA,flash,108,5.0
885.0,40.89201178689752,0.0,115.24166666666666,120.0,6.055,3.1270453801944565e-06,158,885.0,0,0.0,,,HPA,flash,109,5.0
795.0,49.09665803526436,0.0,106.725,120.0,6.074999999999999,3.349552362157953e-06,125,90.0,0,0.0,,,HPA,flash,110,5.0
475.0,21.344406608119705,0.0,116.33611111111111,120.0,3.3498963367008185,1.527792222403293e-06,144,475.0,0,0.0,,,HPA,flash,111,5.0
780.0,40.59212471752838,0.0,109.05416666666666,120.0,6.074999999999999,1.1715019744778618e-06,131,130.0,0,0.0,,,HPA,flash,112,5.0
885.0,46.27460345948864,0.0,112.87916666666666,120.0,6.074999999999999,1.004645111963187e-06,162,880.0,0,0.0,,,HPA,flash,113,5.0
575.0,29.28453503128976,0.0,112.18472222222222,120.0,4.625170924129868,3.215588650360145e-06,149,510.0,0,0.0,,,HPA,flash,114,5.0
865.0,40.704579881265055,0.0,112.8625,120.0,6.055,4.013720268827501e-06,151,865.0,0,0.0,,,HPA,flash,115,5.0
655.0,41.50185364639529,0.0,108.56805555555556,120.0,6.074999999999999,4.980973579769753e-05,133,55.0,0,0.0,,,HPA,flash,116,5.0
815.0,37.63359357279853,0.0,112.75277777777778,120.0,5.419259995234271,1.1743602534286703e-06,149,815.0,0,0.0,,,HPA,flash,117,5.0
355.0,14.96444000952728,0.0,110.23333333333333,120.0,0.5392952012415927,6.432802064457952e-07,142,230.0,0,0.0,,,HPA,flash,118,5.0
625.0,36.12901198738637,0.0,111.37222222222222,120.0,5.891992497890556,3.5451735145049335e-06,173,480.0,0,0.0,,,HPA,flash,119,5.0
825.0,46.66540191929545,0.0,101.60694444444445,120.0,6.074999999999999,4.661961398336651e-06,260,10.0,0,0.0,,,HPA-fast,flash,100,5.0
580.0,33.36885954727295,0.0,100.56527777777778,120.0,5.02736697191999,3.2691709437862856e-05,310,435.0,0,0.0,,,HPA-fast,flash,101,5.0
205.0,9.715848836221031,0.0,105.21805555555555,120.0,0.075,1.1228430174479383e-05,386,80.0,0,0.0,,,HPA-fast,flash,102,5.0
875.0,41.905914588318424,0.0,103.25555555555556,120.0,6.074999999999999,2.3176165497697215e-05,247,875.0,0,0.0,,,HPA-fast,flash,103,5.0
735.0,46.14901314700525,0.0,93.69444444444444,120.0,6.055,1.6060260974374773e-06,222,10.0,0,0.0,,,HPA-fast,flash,104,5.0
115.0,3.204978722822005,0.0,103.41111111111111,120.0,0.075,5.56404879982673e-06,249,15.0,0,0.0,,,HPA-fast,flash,105,5.0
395.0,18.06077136118127,0.0,102.92361111111111,120.0,1.2330892031466645,6.617438367186986e-06,305,210.0,0,0.0,,,HPA-fast,flash,106,5.0
590.0,34.377701614899195,0.0,100.01805555555555,120.0,3.0752937368050093,2.665656584540713e-06,293,445.0,0,0.0,,,HPA-fast,flash,107,5.0
640.0,33.19275941222871,0.0,105.56388888888888,120.0,3.8917570318225363,2.0466171888234987e-06,343,455.0,0,0.0,,,HPA-fast,flash,108,5.0
885.0,40.828485405966795,0.0,103.53472222222223,120.0,5.702622184851786,3.5559679126535134e-06,281,885.0,0,0.0,,,HPA-fast,flash,109,5.0
780.0,48.76006080898829,0.0,93.17777777777778,120.0,6.055,8.296756828211305e-05,218,85.0,0,0.0,,,HPA-fast,flash,110,5.0
475.0,20.791837160414683,0.0,105.43194444444444,120.0,3.0749999999999997,7.782297179737068e-05,296,475.0,0,0.0,,,HPA-fast,flash,111,5.0
245.0,9.423025231876569,0.0,102.30277777777778,120.0,0.075,3.309888953754636e-05,285,115.0,0,0.0,,,HPA-fast,flash,112,5.0
880.0,45.93734594334029,0.0,101.84166666666667,120.0,4.663496319240794,4.882138574134172e-05,304,880.0,0,0.0,,,HPA-fast,flash,113,5.0
530.0,27.351997935912298,0.0,104.62083333333334,120.0,3.0749999999999997,4.499664516675481e-06,297,505.0,0,0.0,,,HPA-fast,flash,114,5.0
860.0,40.631448668695214,0.0,102.97222222222223,120.0,6.055499999999999,9.567087098003593e-05,288,860.0,0,0.0,,,HPA-fast,flash,115,5.0
625.0,41.137326747939426,0.0,94.71666666666667,120.0,6.055,7.68789025905419e-05,231,50.0,0,0.0,,,HPA-fast,flash,116,5.0
185.0,8.964539133681004,0.0,104.25555555555556,120.0,0.075,6.545653070277405e-06,294,170.0,0,0.0,,,HPA-fast,flash,117,5.0
840.0,44.098692308501654,0.0,102.39861111111111,120.0,4.991490591198012,2.914626669374834e-06,293,230.0,0,0.0,,,HPA-fast,flash,118,5.0
615.0,35.81504794931584,0.0,99.44166666666666,120.0,3.4488059805722937,1.6773384672151422e-06,319,475.0,0,0.0,,,HPA-fast,flash,119,5.0
805.0,45.321545684536645,0.0,120.81111111111112,120.0,6.074999999999999,0.0001300120281395943,148,25.0,0,0.0,,,HPA-45,flash,100,5.0
585.0,33.492291109906624,0.0,125.0513888888889,120.0,6.0649999999999995,5.972993973686197e-05,152,435.0,0,0.0,,,HPA-45,flash,101,5.0
130.0,6.452545052554859,0.0,128.3986111111111,120.0,0.075,4.5497641128261e-06,155,50.0,0,0.0,,,HPA-45,flash,102,5.0
865.0,41.98585981681931,0.0,126.45138888888889,120.0,6.074999999999999,2.5046061624212586e-05,134,865.0,0,0.0,,,HPA-45,flash,103,5.0
730.0,46.14228962409867,0.0,119.38194444444444,120.0,6.055,4.63132859582406e-06,121,75.0,0,0.0,,,HPA-45,flash,104,5.0
645.0,31.148737117893642,0.0,127.12083333333334,120.0,6.0649999999999995,0.0017244074875725755,123,50.0,0,0.0,,,HPA-45,flash,105,5.0
830.0,44.04731237011671,0.0,121.12222222222222,120.0,5.639371774338769,1.0080532667364922e-05,121,200.0,0,0.0,,,HPA-45,flash,106,5.0
590.0,34.25430203405237,0.0,123.83194444444445,120.0,6.074999999999999,2.6002231942817576e-06,158,440.0,0,0.0,,,HPA-45,flash,107,5.0
25.0,0.3994786922388638,0.0,127.04027777777777,120.0,0.075,0.3091638819005345,129,15.0,0,0.0,,,HPA-45,flash,108,5.0
885.0,40.77907802463427,0.0,127.9486111111111,120.0,6.074999999999999,5.321140529691851e-06,148,885.0,0,0.0,,,HPA-45,flash,109,5.0
780.0,48.60046875651128,0.0,120.2388888888889,120.0,6.074999999999999,2.513662486690854e-05,118,80.0,0,0.0,,,HPA-45,flash,110,5.0
875.0,38.666554616777915,0.0,125.84027777777777,120.0,6.065,0.0005399651204922533,118,880.0,0,0.0,,,HPA-45,flash,111,5.0
735.0,38.780485405561436,0.0,120.86944444444444,120.0,6.074999999999999,6.673626809054834e-05,130,115.0,0,0.0,,,HPA-45,flash,112,5.0
880.0,46.10214351938215,0.0,128.55694444444444,120.0,4.897921004346653,3.850245402626261e-06,155,880.0,0,0.0,,,HPA-45,flash,113,5.0
625.0,31.735381617295754,0.0,128.60833333333332,120.0,5.311458382790453,9.799413118221437e-06,156,505.0,0,0.0,,,HPA-45,flash,114,5.0
850.0,40.5515389817231,0.0,125.9375,120.0,6.074999999999999,5.7130551540695085e-06,142,850.0,0,0.0,,,HPA-45,flash,115,5.0
615.0,40.61080602941469,0.0,121.525,120.0,6.055,4.7638436907388015e-06,127,45.0,0,0.0,,,HPA-45,flash,116,5.0
145.0,8.251317712789474,0.0,126.9125,120.0,0.075,5.301548365202571e-06,143,145.0,0,0.0,,,HPA-45,flash,117,5.0
745.0,37.118990612570244,0.0,122.26388888888889,120.0,5.937400524729298,5.686765832743602e-06,133,225.0,0,0.0,,,HPA-45,flash,118,5.0
615.0,35.93920672342941,0.0,125.33472222222223,120.0,6.0649999999999995,7.051384544604409e-06,156,470.0,0,0.0,,,HPA-45,flash,119,5.0
760.0,43.28607915794738,0.0,148.71666666666667,120.0,6.055,5.665216281307226e-05,194,770.0,0,0.0,,,PredHPA,flash,100,5.0
570.0,33.11575839026488,0.0,148.28055555555557,120.0,4.775240978365365,3.0630001064525045e-05,203,430.0,0,0.0,,,PredHPA,flash,101,5.0
25.0,0.16024811533369432,0.0,152.11388888888888,120.0,0.075,0.9044328846839131,163,10.0,0,0.0,,,PredHPA,flash,102,5.0
5.0,0.03258798380779693,0.0,142.29166666666666,120.0,0.075,0.9215158647758503,136,5.0,0,0.0,,,PredHPA,flash,103,5.0
110.0,5.718813891629337,0.0,129.7513888888889,120.0,0.075,0.033213365467920704,162,25.0,0,0.0,,,PredHPA,flash,104,5.0
435.0,21.84597366138028,0.0,151.31666666666666,120.0,5.17003862050802,0.0007585930559184213,157,5.0,0,0.0,,,PredHPA,flash,105,5.0
475.0,24.645582184835956,0.0,150.30138888888888,120.0,4.9125929388746945,0.000100574191585304,178,15.0,0,0.0,,,PredHPA,flash,106,5.0
575.0,33.94370792575875,0.0,144.00416666666666,120.0,6.055,4.334563759170779e-06,181,435.0,0,0.0,,,PredHPA,flash,107,5.0
10.0,0.07498135958982077,0.0,151.26944444444445,120.0,0.075,0.9163857141062125,159,10.0,0,0.0,,,PredHPA,flash,108,5.0
855.0,39.75283402046059,0.0,142.4597222222222,120.0,6.0649999999999995,0.0004896704557854707,164,855.0,0,0.0,,,PredHPA,flash,109,5.0
760.0,47.81934667762814,0.0,130.42777777777778,120.0,6.074999999999999,4.4926566264498755e-06,164,70.0,0,0.0,,,PredHPA,flash,110,5.0
5.0,0.02397958659325905,0.0,149.4013888888889,120.0,0.075,0.9100527922059939,140,5.0,0,0.0,,,PredHPA,flash,111,5.0
380.0,21.46282167994954,0.0,150.12222222222223,120.0,2.164781774919753,0.00030109973185422255,194,60.0,0,0.0,,,PredHPA,flash,112,5.0
50.0,1.6622099228333687,0.0,149.60833333333332,120.0,0.075,0.03422336003636185,178,45.0,0,0.0,,,PredHPA,flash,113,5.0
55.0,2.614475739954547,0.0,150.57638888888889,120.0,0.075,0.0036101107873587742,159,20.0,0,0.0,,,PredHPA,flash,114,5.0
765.0,34.53874294659944,0.0,143.0013888888889,120.0,5.57424253412169,0.0008330577336260885,157,50.0,0,0.0,,,PredHPA,flash,115,5.0
210.0,10.441268340713039,0.0,130.55833333333334,120.0,0.07500000000000001,0.0003726030237564343,173,45.0,0,0.0,,,PredHPA,flash,116,5.0
5.0,0.03758959387870631,0.0,152.02916666666667,120.0,0.075,0.9422614225448417,147,5.0,0,0.0,,,PredHPA,flash,117,5.0
665.0,32.19399414476328,0.0,148.7125,120.0,3.327047595926486,1.872506745527107e-05,181,215.0,0,0.0,,,PredHPA,flash,118,5.0
605.0,35.45771776774913,0.0,148.5625,120.0,6.074999999999999,5.026739241148609e-06,222,465.0,0,0.0,,,PredHPA,flash,119,5.0
850.0,29.049721998002987,27.472594676249106,96.9486111111111,118.0,0.075,0.001115555077221648,108,855.0,0,0.0,,,HPA+RL,flash,100,5.0
715.0,23.01264345874482,20.273383960894428,101.81805555555556,120.0,0.075,1.9187173254856314e-05,139,435.0,0,0.0,,,HPA+RL,flash,101,5.0
610.0,20.185053426587118,18.261910658235998,101.28611111111111,117.0,0.075,6.000559068241779e-05,114,75.0,0,0.0,,,HPA+RL,flash,102,5.0
840.0,24.42242662847436,20.77936051967932,101.86111111111111,120.0,0.075,5.3397195603952846e-06,131,860.0,0,0.0,,,HPA+RL,flash,103,5.0
765.0,32.351484953546304,30.928567210472043,95.54166666666667,120.0,0.075,0.000427201567530997,106,15.0,0,0.0,,,HPA+RL,flash,104,5.0
795.0,22.183546010907286,20.71438156016458,100.99444444444444,114.0,0.07500000000000005,0.0012594837594670212,96,20.0,0,0.0,,,HPA+RL,flash,105,5.0
840.0,28.415427204435495,25.25411678905936,97.16944444444445,120.0,0.075,0.00018588895350034408,102,195.0,0,0.0,,,HPA+RL,flash,106,5.0
715.0,23.747351724070832,20.610129923618192,100.72361111111111,120.0,0.075,1.5155851439104784e-06,138,450.0,0,0.0,,,HPA+RL,flash,107,5.0
660.0,21.635761630229133,18.750659897231092,101.66111111111111,120.0,0.07500000000000002,0.00016753602674630084,117,455.0,0,0.0,,,HPA+RL,flash,108,5.0
840.0,21.510688731681427,19.17541021419514,103.10416666666667,120.0,0.075,1.406468342821739e-05,120,745.0,0,0.0,,,HPA+RL,flash,109,5.0
775.0,32.4623312463501,31.74509564514968,81.925,70.0,0.075,0.015992924648433084,76,80.0,0,0.0,,,HPA+RL,flash,110,5.0
815.0,28.254327076929243,17.30154789727434,105.46944444444445,120.0,3.0749999999999997,9.80571210716883e-06,128,475.0,0,0.0,,,HPA+RL,flash,111,5.0
840.0,28.963505814641145,26.61087946942528,97.90833333333333,120.0,0.075,1.0577562232638833e-06,113,105.0,0,0.0,,,HPA+RL,flash,112,5.0
855.0,26.32192578211672,23.21574549173848,101.97222222222223,120.0,0.075,4.733562238028286e-06,138,515.0,0,0.0,,,HPA+RL,flash,113,5.0
650.0,20.699417110781315,18.76639956360555,100.74305555555556,120.0,0.075,0.0001296614906810495,118,505.0,0,0.0,,,HPA+RL,flash,114,5.0
815.0,22.199988020401896,19.815282738114327,101.19166666666666,120.0,0.075,0.0002489230800044309,113,825.0,0,0.0,,,HPA+RL,flash,115,5.0
740.0,29.690407533522347,29.626589678436332,84.58472222222223,77.0,0.075,0.2117979575194946,78,65.0,0,0.0,,,HPA+RL,flash,116,5.0
820.0,21.3798038067726,19.11765605215196,102.45833333333333,120.0,0.075,3.065689219154134e-05,101,805.0,0,0.0,,,HPA+RL,flash,117,5.0
845.0,27.25100686048623,24.729226483264707,99.6,120.0,0.075,5.092066036337368e-07,112,225.0,0,0.0,,,HPA+RL,flash,118,5.0
695.0,24.170820955231896,21.310137241201282,102.45416666666667,120.0,0.075,0.00013932863601474026,141,475.0,0,0.0,,,HPA+RL,flash,119,5.0
255.0,12.657285453685374,0.0,124.925,120.0,0.075,0.0011496906555641209,866,10.0,9,0.0,,,ARC,flash,100,5.0
90.0,6.565301379267618,0.0,120.59305555555555,120.0,0.075,0.00010290649879516742,937,35.0,10,0.0,,,ARC,flash,101,5.0
60.0,1.9963893097191376,0.0,129.16666666666666,120.0,0.075,0.059919352955989484,995,5.0,10,0.0,,,ARC,flash,102,5.0
25.0,0.4721390168300865,0.0,121.84722222222223,120.0,0.075,0.06516127799447444,932,20.0,9,0.0,,,ARC,flash,103,5.0
355.0,19.819901506273208,0.0,106.41388888888889,120.0,0.5588792142633616,0.0005376461008151559,673,10.0,9,0.0,,,ARC,flash,104,5.0
20.0,0.14066892514282836,0.0,123.41388888888889,120.0,0.075,0.9007883619642332,929,5.0,10,0.0,,,ARC,flash,105,5.0
135.0,3.3419856108851898,0.0,118.36805555555556,120.0,0.075,0.012252470980730436,894,25.0,10,0.0,,,ARC,flash,106,5.0
85.0,6.08142860011458,0.0,126.52222222222223,120.0,0.075,0.00991900949551122,1045,30.0,10,0.0,,,ARC,flash,107,5.0
35.0,0.39665368767668463,0.0,118.92777777777778,120.0,0.075,0.8466713320521635,939,10.0,10,0.0,,,ARC,flash,108,5.0
50.0,1.6806647490311577,0.0,120.53194444444445,120.0,0.075,0.004372580930300282,964,45.0,9,0.0,,,ARC,flash,109,5.0
295.0,13.94797692990788,0.0,114.9875,120.0,0.07632710882902369,0.0018616967625126521,682,40.0,10,0.0,,,ARC,flash,110,5.0
5.0,0.01869148362746431,0.0,122.70555555555555,120.0,0.075,0.9370280899219497,889,5.0,10,0.0,,,ARC,flash,111,5.0
270.0,11.460806299451843,0.0,115.95972222222223,120.0,0.075,0.004094597303735247,892,5.0,9,0.0,,,ARC,flash,112,5.0
60.0,1.570414622304006,0.0,129.9361111111111,120.0,0.075,0.005392513370134916,930,35.0,10,0.0,,,ARC,flash,113,5.0
30.0,1.2690774636675006,0.0,130.58055555555555,120.0,0.075,0.10640878204338103,1039,20.0,9,0.0,,,ARC,flash,114,5.0
35.0,1.5473909706558597,0.0,118.86666666666666,120.0,0.075,0.004739943066663869,900,30.0,9,0.0,,,ARC,flash,115,5.0
125.0,6.632160698318323,0.0,111.9486111111111,120.0,0.075,0.02815626790428547,707,25.0,10,25.0,,,ARC,flash,116,5.0
425.0,21.1237145053744,0.0,126.40694444444445,120.0,3.0749999999999997,0.00558536923478921,836,5.0,10,0.0,,,ARC,flash,117,5.0
90.0,2.6773519247946576,0.0,127.11944444444444,120.0,0.075,0.021248354784175236,884,35.0,9,0.0,,,ARC,flash,118,5.0
55.0,4.554738172751227,0.0,120.15833333333333,120.0,0.075,0.0005494788772362424,978,10.0,10,0.0,,,ARC,flash,119,5.0
875.0,52.757993889509834,0.0,109.13333333333334,120.0,9.075,4.498706771069147e-06,138,870.0,0,0.0,,,HPA,flash,100,6.0
595.0,37.274694428758195,0.0,111.38472222222222,120.0,6.074999999999999,1.1561255179764168e-06,168,440.0,0,0.0,,,HPA,flash,101,6.0
605.0,35.127069695470226,0.0,113.61527777777778,120.0,6.074999999999999,3.1293790638258195e-06,151,85.0,0,0.0,,,HPA,flash,102,6.0
880.0,46.669768959774686,0.0,113.56944444444444,120.0,6.074999999999999,1.0730389988157691e-06,136,880.0,0,0.0,,,HPA,flash,103,6.0
800.0,52.77870831771902,0.0,107.31666666666666,120.0,6.074999999999999,6.650670589969536e-06,130,20.0,0,0.0,,,HPA,flash,104,6.0
800.0,42.066621551272775,0.0,113.24305555555556,120.0,6.074999999999999,1.3650084913299037e-06,127,120.0,0,0.0,,,HPA,flash,105,6.0
915.0,51.734190900926095,0.0,108.31944444444444,120.0,6.074999999999999,3.0470518646357917e-06,112,910.0,0,0.0,,,HPA,flash,106,6.0
615.0,38.881611359231464,0.0,109.725,120.0,6.074999999999999,9.460785993836579e-07,169,455.0,0,0.0,,,HPA,flash,107,6.0
595.0,33.70219542143268,0.0,112.4486111111111,120.0,5.544626115752172,1.5894407994122563e-06,142,460.0,0,0.0,,,HPA,flash,108,6.0
885.0,45.58837633778787,0.0,115.79027777777777,120.0,6.074999999999999,3.0816888865561985e-06,154,885.0,0,0.0,,,HPA,flash,109,6.0
800.0,53.79306500541874,0.0,106.9125,120.0,6.074999999999999,1.7423220234838284e-06,127,95.0,0,0.0,,,HPA,flash,110,6.0
855.0,41.81895948580872,0.0,115.89027777777778,120.0,6.074999999999999,1.089637499329486e-06,133,740.0,0,0.0,,,HPA,flash,111,6.0
840.0,49.80818559166352,0.0,109.25416666666666,120.0,6.074999999999999,1.029233651758134e-06,127,125.0,0,0.0,,,HPA,flash,112,6.0
880.0,50.935995167831,0.0,113.35416666666667,120.0,6.074999999999999,1.4764933880601437e-06,145,880.0,0,0.0,,,HPA,flash,113,6.0
685.0,39.195311552039605,0.0,113.16666666666667,120.0,6.074999999999999,3.1893014291436133e-06,140,515.0,0,0.0,,,HPA,flash,114,6.0
865.0,45.490498661271474,0.0,113.10833333333333,120.0,6.074999999999999,3.91061752956384e-06,148,865.0,0,0.0,,,HPA,flash,115,6.0
755.0,49.40157665442501,0.0,108.24305555555556,120.0,6.0649999999999995,1.069838833258508e-06,122,65.0,0,0.0,,,HPA,flash,116,6.0
890.0,45.32373116224636,0.0,113.53888888888889,120.0,6.074999999999999,1.1686007482828413e-06,137,890.0,0,0.0,,,HPA,flash,117,6.0
845.0,48.27620402232212,0.0,110.54305555555555,120.0,6.075,5.502519239500144e-07,135,230.0,0,0.0,,,HPA,flash,118,6.0
785.0,46.104770649563996,0.0,112.3875,120.0,6.074999999999999,1.1880803857583643e-06,169,485.0,0,0.0,,,HPA,flash,119,6.0
855.0,51.87784994457635,0.0,102.51527777777778,120.0,7.804570169483083,9.251019352398095e-06,245,865.0,0,0.0,,,HPA-fast,flash,100,6.0
590.0,37.18053893342802,0.0,101.51805555555555,120.0,6.074999999999999,1.3380408235716931e-06,309,440.0,0,0.0,,,HPA-fast,flash,101,6.0
530.0,30.319958616508515,0.0,105.45972222222223,120.0,3.81980971667239,4.157647653288327e-06,385,80.0,0,0.0,,,HPA-fast,flash,102,6.0
875.0,46.707891497228296,0.0,103.86111111111111,120.0,6.074999999999999,1.775885984559723e-06,254,875.0,0,0.0,,,HPA-fast,flash,103,6.0
480.0,23.713795516687586,0.0,93.70833333333333,120.0,1.36423021186973,5.386963345648831e-05,232,15.0,0,0.0,,,HPA-fast,flash,104,6.0
755.0,40.12207043808779,0.0,103.9486111111111,120.0,6.049999999999999,6.140363835036033e-06,280,115.0,0,0.0,,,HPA-fast,flash,105,6.0
860.0,49.29047341190612,0.0,103.71944444444445,120.0,6.1865294182571295,2.778317131121822e-06,286,225.0,0,0.0,,,HPA-fast,flash,106,6.0
610.0,38.80982499861803,0.0,100.74166666666666,120.0,5.848229144232173,1.1223689074511859e-06,286,455.0,0,0.0,,,HPA-fast,flash,107,6.0
675.0,39.300221111537006,0.0,105.14722222222223,120.0,5.7866523085537525,3.5562630078886823e-06,292,455.0,0,0.0,,,HPA-fast,flash,108,6.0
885.0,45.362192687877624,0.0,103.65694444444445,120.0,5.758416474547157,2.4463407857739787e-06,296,885.0,0,0.0,,,HPA-fast,flash,109,6.0
790.0,53.53505308904138,0.0,93.25555555555556,120.0,6.074999999999999,2.8954326972501112e-06,219,90.0,0,0.0,,,HPA-fast,flash,110,6.0
635.0,30.619743243157373,0.0,105.50416666666666,120.0,4.492695758996819,2.5550766409078625e-06,300,490.0,0,0.0,,,HPA-fast,flash,111,6.0
890.0,51.79157699900067,0.0,102.01944444444445,120.0,6.733231084248264,5.94596341010872e-05,263,890.0,0,0.0,,,HPA-fast,flash,112,6.0
885.0,50.77326404512979,0.0,102.11111111111111,120.0,6.074999999999999,2.855519065364618e-06,276,885.0,0,0.0,,,HPA-fast,flash,113,6.0
655.0,36.763954052309,0.0,105.09722222222223,120.0,6.074999999999999,3.744028095699252e-06,295,510.0,0,0.0,,,HPA-fast,flash,114,6.0
865.0,45.40880629757773,0.0,103.31666666666666,120.0,6.055,9.579531876081886e-05,261,865.0,0,0.0,,,HPA-fast,flash,115,6.0
775.0,49.713119347694914,0.0,95.07916666666667,120.0,6.074999999999999,1.1382225443940524e-05,227,75.0,0,0.0,,,HPA-fast,flash,116,6.0
815.0,42.31330067575419,0.0,104.93194444444444,120.0,5.631502295450134,2.6797123949684867e-06,284,815.0,0,0.0,,,HPA-fast,flash,117,6.0
840.0,48.68580730758981,0.0,102.6361111111111,120.0,6.074999999999999,2.627026384589065e-06,283,230.0,0,0.0,,,HPA-fast,flash,118,6.0
630.0,39.97814429401975,0.0,100.25138888888888,120.0,5.9405361089965805,2.2123892318123213e-06,298,480.0,0,0.0,,,HPA-fast,flash,119,6.0
865.0,52.386237170063765,0.0,121.37638888888888,120.0,8.858191734963743,5.0636678927369435e-06,139,865.0,0,0.0,,,HPA-45,flash,100,6.0
815.0,46.052004790618106,0.0,126.35833333333333,120.0,6.0649999999999995,1.1543980738017847e-06,153,435.0,0,0.0,,,HPA-45,flash,101,6.0
530.0,30.31640348367398,0.0,128.7277777777778,120.0,4.386404808668264,5.159232552232059e-06,159,80.0,0,0.0,,,HPA-45,flash,102,6.0
870.0,46.6244831589523,0.0,126.59722222222223,120.0,6.074999999999999,3.97735472449293e-06,129,870.0,0,0.0,,,HPA-45,flash,103,6.0
760.0,51.83653493800886,0.0,119.77638888888889,120.0,6.221601699371927,3.39206151088266e-06,128,10.0,0,0.0,,,HPA-45,flash,104,6.0
725.0,40.26953945821236,0.0,127.89305555555555,120.0,6.055,3.4045518104222356e-05,123,55.0,0,0.0,,,HPA-45,flash,105,6.0
840.0,48.82208752592147,0.0,121.57222222222222,120.0,6.075,1.3109986647381027e-06,121,210.0,0,0.0,,,HPA-45,flash,106,6.0
815.0,45.99095353793171,0.0,125.52777777777777,120.0,6.0649999999999995,1.069722095949185e-06,143,450.0,0,0.0,,,HPA-45,flash,107,6.0
650.0,37.42182550142218,0.0,127.99583333333334,120.0,6.074999999999999,3.659174659190196e-05,135,15.0,0,0.0,,,HPA-45,flash,108,6.0
890.0,45.53631590304774,0.0,128.69166666666666,120.0,6.0649999999999995,7.672767808922863e-06,137,890.0,0,0.0,,,HPA-45,flash,109,6.0
780.0,53.41814187106303,0.0,120.08888888888889,120.0,6.055,7.023898475632453e-06,107,85.0,0,0.0,,,HPA-45,flash,110,6.0
890.0,43.56607437060824,0.0,125.69444444444444,120.0,6.074999999999999,2.06540039596815e-05,112,890.0,0,0.0,,,HPA-45,flash,111,6.0
890.0,52.46653386111151,0.0,121.03611111111111,120.0,6.075,5.56817262463849e-06,117,890.0,0,0.0,,,HPA-45,flash,112,6.0
880.0,50.85268912534979,0.0,127.89444444444445,120.0,6.055,1.667251455165511e-06,140,880.0,0,0.0,,,HPA-45,flash,113,6.0
680.0,38.92526561399444,0.0,128.7888888888889,120.0,6.0649999999999995,7.373176722352022e-06,147,505.0,0,0.0,,,HPA-45,flash,114,6.0
860.0,45.33909985157734,0.0,126.85694444444445,120.0,6.074999999999999,4.787441768530103e-06,139,860.0,0,0.0,,,HPA-45,flash,115,6.0
635.0,45.18775072162416,0.0,121.59583333333333,120.0,6.074999999999999,1.249123059401158e-06,125,50.0,0,0.0,,,HPA-45,flash,116,6.0
865.0,44.91234202969607,0.0,126.95972222222223,120.0,6.074999999999999,4.769492545396261e-06,133,865.0,0,0.0,,,HPA-45,flash,117,6.0
840.0,48.46025488212475,0.0,121.95833333333333,120.0,6.074999999999999,1.2505293403830743e-06,131,230.0,0,0.0,,,HPA-45,flash,118,6.0
770.0,45.2152376575726,0.0,126.33888888888889,120.0,6.074999999999999,4.322281753253357e-06,152,475.0,0,0.0,,,HPA-45,flash,119,6.0
280.0,16.15048732417329,0.0,148.93333333333334,120.0,0.075,0.029599636988313093,203,15.0,0,0.0,,,PredHPA,flash,100,6.0
475.0,31.260774218979435,0.0,149.50416666666666,120.0,6.074999999999999,1.4323909191633965e-05,200,435.0,0,0.0,,,PredHPA,flash,101,6.0
110.0,4.552280913349172,0.0,152.32222222222222,120.0,0.075,0.033758564049678134,183,10.0,0,0.0,,,PredHPA,flash,102,6.0
870.0,46.05912258013064,0.0,142.49583333333334,120.0,6.074999999999999,7.546312130425677e-05,146,870.0,0,0.0,,,PredHPA,flash,103,6.0
455.0,26.200063008866348,0.0,129.93472222222223,120.0,1.6607734897053352,0.029223921812303096,147,70.0,0,0.0,,,PredHPA,flash,104,6.0
130.0,6.245527258191097,0.0,150.84166666666667,120.0,0.075,0.03475422116945368,131,10.0,0,0.0,,,PredHPA,flash,105,6.0
825.0,48.213927573267576,0.0,150.45138888888889,120.0,6.055,4.191521868063507e-06,189,200.0,0,0.0,,,PredHPA,flash,106,6.0
595.0,38.001416057540894,0.0,144.18333333333334,120.0,6.074999999999999,5.563547317752509e-06,189,450.0,0,0.0,,,PredHPA,flash,107,6.0
105.0,2.408712255739476,0.0,151.40277777777777,120.0,0.075,0.15090099680898553,172,10.0,0,0.0,,,PredHPA,flash,108,6.0
865.0,44.79359230413199,0.0,143.0236111111111,120.0,6.074999999999999,5.2962444448184784e-05,152,870.0,0,0.0,,,PredHPA,flash,109,6.0
770.0,53.12478876897302,0.0,130.6,120.0,7.802919533461524,8.810559566845146e-06,152,80.0,0,0.0,,,PredHPA,flash,110,6.0
80.0,2.496802239559315,0.0,149.50555555555556,120.0,0.075,0.09783749247542468,141,65.0,0,0.0,,,PredHPA,flash,111,6.0
260.0,16.09269811509342,0.0,149.71527777777777,120.0,0.075,0.029052260240579345,192,10.0,0,0.0,,,PredHPA,flash,112,6.0
875.0,50.450908128756424,0.0,149.975,120.0,6.055,0.0002960122560128867,191,875.0,0,0.0,,,PredHPA,flash,113,6.0
635.0,35.84354892408093,0.0,151.1375,120.0,6.074999999999999,7.15872329660219e-06,164,500.0,0,0.0,,,PredHPA,flash,114,6.0
780.0,40.1265812492968,0.0,143.675,120.0,6.055,0.00038898863737954346,156,30.0,0,0.0,,,PredHPA,flash,115,6.0
620.0,44.740372544290565,0.0,131.2486111111111,120.0,6.055000000000001,1.0211412226512844e-05,168,45.0,0,0.0,,,PredHPA,flash,116,6.0
775.0,41.6824999454108,0.0,152.28333333333333,120.0,6.0649999999999995,1.2696878418061588e-05,167,775.0,0,0.0,,,PredHPA,flash,117,6.0
415.0,22.350232253814305,0.0,148.5861111111111,120.0,1.9149946362833163,1.0199406376740374e-05,180,215.0,0,0.0,,,PredHPA,flash,118,6.0
515.0,33.64428101784418,0.0,149.26527777777778,120.0,6.055,1.388000892797074e-05,197,465.0,0,0.0,,,PredHPA,flash,119,6.0
855.0,36.07736773014511,33.66855376186429,98.16944444444445,120.0,0.075,0.00013441273910070258,125,855.0,0,0.0,,,HPA+RL,flash,100,6.0
765.0,28.94091816541072,26.100801940411756,102.22222222222223,120.0,0.075,1.475029694149846e-05,138,435.0,0,0.0,,,HPA+RL,flash,101,6.0
675.0,25.370160342212866,23.517594263973812,103.07777777777778,120.0,0.075,6.593823706673924e-05,117,80.0,0,0.0,,,HPA+RL,flash,102,6.0
860.0,29.13591715083541,26.871211797483433,101.86805555555556,120.0,0.075,8.021476925669962e-06,127,865.0,0,0.0,,,HPA+RL,flash,103,6.0
780.0,38.604789856704315,36.8837989141531,95.50416666666666,120.0,0.075,0.0003027804753350158,109,15.0,0,0.0,,,HPA+RL,flash,104,6.0
830.0,27.214047843363286,26.680372478529435,94.37777777777778,88.0,0.075,0.05894367835990112,78,110.0,0,0.0,,,HPA+RL,flash,105,6.0
880.0,34.44389269119627,31.476544534511955,96.81527777777778,120.0,0.075,0.00015454946395136406,102,215.0,0,0.0,,,HPA+RL,flash,106,6.0
750.0,29.71461612269195,26.370519296532752,100.75277777777778,120.0,0.07500000000000005,1.0955349625071056e-06,134,450.0,0,0.0,,,HPA+RL,flash,107,6.0
690.0,27.075173670971754,24.037727112231032,101.71111111111111,120.0,0.075,2.22213573419082e-05,128,455.0,0,0.0,,,HPA+RL,flash,108,6.0
880.0,27.568677379640793,25.217865021881472,103.59444444444445,120.0,0.075,3.689875783159592e-06,128,880.0,0,0.0,,,HPA+RL,flash,109,6.0
785.0,38.578798657000036,37.87845420142751,82.77083333333333,74.0,0.075,0.013327437207027568,82,85.0,0,0.0,,,HPA+RL,flash,110,6.0
850.0,25.639627090685902,23.082838046672258,104.49027777777778,120.0,0.075,5.2152915823465026e-06,123,475.0,0,0.0,,,HPA+RL,flash,111,6.0
865.0,35.07651460040393,32.878368362690175,97.9125,120.0,0.075,8.883421633683546e-07,113,120.0,0,0.0,,,HPA+RL,flash,112,6.0
875.0,32.44495457401303,29.648213755714824,101.42916666666666,120.0,0.0750000000000001,8.26811243654551e-06,129,875.0,0,0.0,,,HPA+RL,flash,113,6.0
675.0,26.06704934123979,24.0967930741818,101.28055555555555,120.0,0.075,6.17475125235472e-05,113,510.0,0,0.0,,,HPA+RL,flash,114,6.0
840.0,26.624714346420753,25.769882564161566,94.9125,96.0,0.075,0.0130796940257095,93,830.0,0,0.0,,,HPA+RL,flash,115,6.0
755.0,35.67703161590613,35.558174890955776,84.74305555555556,77.0,0.075,0.17649829793291227,77,65.0,0,0.0,,,HPA+RL,flash,116,6.0
850.0,27.800482488963606,24.999874815592822,102.40972222222223,120.0,0.075,1.7693264759066255e-05,106,810.0,0,0.0,,,HPA+RL,flash,117,6.0
865.0,33.87601304218634,30.975058743381183,99.67916666666666,120.0,0.075,4.2499618929809736e-07,122,225.0,0,0.0,,,HPA+RL,flash,118,6.0
740.0,30.63111317832785,27.12008007321976,103.51666666666667,120.0,0.075,0.001086834725671013,127,480.0,0,0.0,,,HPA+RL,flash,119,6.0
350.0,20.487999124335133,0.0,132.70277777777778,120.0,0.42808978943642295,0.0002674570501762866,872,5.0,9,0.0,,,ARC,flash,100,6.0
160.0,12.070308180466672,0.0,121.60972222222222,120.0,0.075,9.644618437912417e-05,909,65.0,10,0.0,,,ARC,flash,101,6.0
190.0,9.792283563290749,0.0,130.55277777777778,120.0,0.075,0.03202327645203252,962,15.0,10,0.0,,,ARC,flash,102,6.0
75.0,1.5543533672484178,0.0,122.1763888888889,120.0,0.075,0.014701796215841473,938,35.0,10,0.0,,,ARC,flash,103,6.0
165.0,10.45279402012036,0.0,106.25416666666666,120.0,0.075,0.0002496433258647955,690,15.0,9,0.0,,,ARC,flash,104,6.0
140.0,5.041910144167872,0.0,129.73055555555555,120.0,0.075,0.038678721584710904,926,15.0,10,0.0,,,ARC,flash,105,6.0
320.0,15.923144152366708,0.0,123.31111111111112,120.0,0.264987220254688,0.0015997990957744557,902,40.0,9,5.0,,,ARC,flash,106,6.0
485.0,31.187428775872995,0.0,126.19166666666666,120.0,3.4214725997499347,7.410249532764753e-05,968,435.0,10,0.0,,,ARC,flash,107,6.0
130.0,3.9367355242736046,0.0,128.99583333333334,120.0,0.075,0.05727116749273721,928,15.0,9,0.0,,,ARC,flash,108,6.0
145.0,5.250329846702972,0.0,121.87361111111112,120.0,0.075,0.0007050360816660773,968,85.0,9,0.0,,,ARC,flash,109,6.0
625.0,37.32845497723475,0.0,118.94166666666666,120.0,2.71448805559835,8.86952171958013e-05,667,45.0,9,0.0,,,ARC,flash,110,6.0
85.0,2.710812112383665,0.0,124.88333333333334,120.0,0.075,0.006410911415515034,874,20.0,10,0.0,,,ARC,flash,111,6.0
435.0,25.126247642662904,0.0,121.47361111111111,120.0,1.572256668628034,0.00035269626510169765,879,15.0,9,0.0,,,ARC,flash,112,6.0
90.0,2.723051812899413,0.0,133.7902777777778,120.0,0.075,0.0009658840320898751,931,30.0,10,0.0,,,ARC,flash,113,6.0
350.0,20.554793121178015,0.0,130.60972222222222,120.0,0.8368900981907943,0.0006170209705272609,1016,20.0,9,0.0,,,ARC,flash,114,6.0
75.0,2.882722020091355,0.0,121.93194444444444,120.0,0.075,0.00024904601956883635,905,40.0,9,0.0,,,ARC,flash,115,6.0
295.0,16.335988574057737,0.0,114.73194444444445,120.0,0.19845195935463075,0.00015468831239528962,686,40.0,10,35.0,,,ARC,flash,116,6.0
165.0,7.4689719764437505,0.0,128.95416666666668,120.0,0.075,0.009876389776542033,879,20.0,10,0.0,,,ARC,flash,117,6.0
170.0,6.13534431130125,0.0,122.37916666666666,120.0,0.075,0.004476129104101534,895,40.0,10,0.0,,,ARC,flash,118,6.0
110.0,8.010372408288656,0.0,122.15972222222223,120.0,0.075,0.0005883711630749614,990,10.0,10,0.0,,,ARC,flash,119,6.0
30.0,0.11072822274432736,0.0,78.67083333333333,64.0,0.075,0.67209731240912,70,25.0,0,0.0,,,HPA,ddos,100,1.0
5.0,0.010142987242001134,0.0,81.0625,60.0,0.075,0.9390729728708777,78,0.0,0,0.0,,,HPA,ddos,101,1.0
0.0,0.0,0.0,79.97361111111111,63.0,0.075,1.0,67,0.0,0,0.0,,,HPA,ddos,102,1.0
0.0,0.0,0.0,77.06527777777778,47.0,0.075,1.0,50,0.0,0,0.0,,,HPA,ddos,103,1.0
0.0,0.0,0.0,75.55416666666666,56.0,0.075,1.0,62,0.0,0,0.0,,,HPA,ddos,104,1.0
0.0,0.0,0.0,78.69166666666666,52.0,0.075,1.0,48,0.0,0,0.0,,,HPA,ddos,105,1.0
5.0,0.029109356009571208,0.0,73.84305555555555,51.0,0.075,0.8705707476129325,42,0.0,0,0.0,,,HPA,ddos,106,1.0
5.0,0.00837722669394525,0.0,79.59722222222223,61.0,0.075,0.9491375434716486,73,0.0,0,0.0,,,HPA,ddos,107,1.0
0.0,0.009845087598869817,0.0,77.02777777777777,47.0,0.075,0.9550762086036059,53,0.0,0,0.0,,,HPA,ddos,108,1.0
0.0,0.003416517503906924,0.0,80.59027777777777,60.0,0.075,0.9743679941643112,64,0.0,0,0.0,,,HPA,ddos,109,1.0
0.0,0.0,0.0,75.05,56.0,0.075,1.0,61,0.0,0,0.0,,,HPA,ddos,110,1.0
0.0,0.0,0.0,80.17361111111111,60.0,0.075,1.0,48,0.0,0,0.0,,,HPA,ddos,111,1.0
5.0,0.018212094020797487,0.0,74.96805555555555,51.0,0.075,0.9008912446007667,50,0.0,0,0.0,,,HPA,ddos,112,1.0
25.0,0.08467874798364639,0.0,77.7625,49.0,0.075,0.6743387934456073,64,25.0,0,0.0,,,HPA,ddos,113,1.0
0.0,0.0,0.0,78.23472222222222,51.0,0.075,1.0,56,0.0,0,0.0,,,HPA,ddos,114,1.0
0.0,0.0,0.0,77.20833333333333,45.0,0.075,1.0,47,0.0,0,0.0,,,HPA,ddos,115,1.0
0.0,0.0,0.0,75.86805555555556,57.0,0.075,1.0,58,0.0,0,0.0,,,HPA,ddos,116,1.0
0.0,0.0007218274575504502,0.0,80.05694444444444,58.0,0.075,0.9950825823612427,48,0.0,0,0.0,,,HPA,ddos,117,1.0
5.0,0.0110918834034468,0.0,75.9625,51.0,0.075,0.9369062564880258,54,0.0,0,0.0,,,HPA,ddos,118,1.0
0.0,0.006798480296676956,0.0,81.97916666666667,63.0,0.075,0.9721767438980233,80,0.0,0,0.0,,,HPA,ddos,119,1.0
0.0,0.007312604795850497,0.0,81.83472222222223,59.0,0.075,0.9603388248412574,148,0.0,0,0.0,,,HPA-fast,ddos,100,1.0
0.0,0.0,0.0,80.76527777777778,66.0,0.075,1.0,190,0.0,0,0.0,,,HPA-fast,ddos,101,1.0
0.0,0.0,0.0,83.78611111111111,58.0,0.075,1.0,196,0.0,0,0.0,,,HPA-fast,ddos,102,1.0
0.0,0.0,0.0,80.68055555555556,49.0,0.075,1.0,117,0.0,0,0.0,,,HPA-fast,ddos,103,1.0
0.0,0.0,0.0,73.17361111111111,59.0,0.075,1.0,110,0.0,0,0.0,,,HPA-fast,ddos,104,1.0
0.0,0.0,0.0,81.90277777777777,59.0,0.075,1.0,137,0.0,0,0.0,,,HPA-fast,ddos,105,1.0
0.0,0.009116184928714688,0.0,81.14444444444445,59.0,0.075,0.9511847489620845,157,0.0,0,0.0,,,HPA-fast,ddos,106,1.0
0.0,0.0,0.0,79.36527777777778,65.0,0.075,1.0,155,0.0,0,0.0,,,HPA-fast,ddos,107,1.0
0.0,0.0,0.0,83.09305555555555,57.0,0.075,1.0,152,0.0,0,0.0,,,HPA-fast,ddos,108,1.0
0.0,0.003494995474007112,0.0,80.88888888888889,53.0,0.075,0.9737792227661213,130,0.0,0,0.0,,,HPA-fast,ddos,109,1.0
10.0,0.03250304190960396,0.0,72.85694444444445,61.0,0.075,0.715229408266278,112,0.0,0,0.0,,,HPA-fast,ddos,110,1.0
0.0,0.0,0.0,81.98472222222222,56.0,0.075,1.0,124,0.0,0,0.0,,,HPA-fast,ddos,111,1.0
0.0,0.002851102430645458,0.0,80.9486111111111,59.0,0.075,0.9844845291763672,157,0.0,0,0.0,,,HPA-fast,ddos,112,1.0
5.0,0.01329816018751373,0.0,79.44444444444444,56.0,0.075,0.9108337919915591,154,5.0,0,0.0,,,HPA-fast,ddos,113,1.0
0.0,0.0,0.0,83.80694444444444,60.0,0.075,1.0,168,0.0,0,0.0,,,HPA-fast,ddos,114,1.0
0.0,0.0,0.0,79.5625,49.0,0.075,1.0,118,0.0,0,0.0,,,HPA-fast,ddos,115,1.0
0.0,0.0,0.0,73.84027777777777,61.0,0.075,1.0,110,0.0,0,0.0,,,HPA-fast,ddos,116,1.0
0.0,0.0,0.0,83.04583333333333,57.0,0.075,1.0,152,0.0,0,0.0,,,HPA-fast,ddos,117,1.0
0.0,0.0,0.0,81.175,57.0,0.075,1.0,160,0.0,0,0.0,,,HPA-fast,ddos,118,1.0
0.0,0.0,0.0,80.04444444444445,68.0,0.075,1.0,178,0.0,0,0.0,,,HPA-fast,ddos,119,1.0
0.0,0.0,0.0,94.15416666666667,67.0,0.075,1.0,65,0.0,0,0.0,,,HPA-45,ddos,100,1.0
0.0,0.0,0.0,100.78055555555555,80.0,0.075,1.0,85,0.0,0,0.0,,,HPA-45,ddos,101,1.0
0.0,0.0,0.0,99.76666666666667,74.0,0.075,1.0,64,0.0,0,0.0,,,HPA-45,ddos,102,1.0
0.0,0.0,0.0,96.0125,59.0,0.075,1.0,55,0.0,0,0.0,,,HPA-45,ddos,103,1.0
0.0,0.0,0.0,95.88888888888889,75.0,0.075,1.0,69,0.0,0,0.0,,,HPA-45,ddos,104,1.0
0.0,0.0,0.0,98.00138888888888,63.0,0.075,1.0,58,0.0,0,0.0,,,HPA-45,ddos,105,1.0
0.0,0.0,0.0,93.57638888888889,68.0,0.075,1.0,56,0.0,0,0.0,,,HPA-45,ddos,106,1.0
0.0,0.0,0.0,100.78611111111111,79.0,0.075,1.0,75,0.0,0,0.0,,,HPA-45,ddos,107,1.0
0.0,0.0,0.0,97.9125,60.0,0.075,1.0,61,0.0,0,0.0,,,HPA-45,ddos,108,1.0
0.0,0.0,0.0,98.70555555555555,62.0,0.075,1.0,65,0.0,0,0.0,,,HPA-45,ddos,109,1.0
0.0,0.0,0.0,95.25694444444444,71.0,0.075,1.0,65,0.0,0,0.0,,,HPA-45,ddos,110,1.0
0.0,0.0,0.0,95.08055555555555,62.0,0.075,1.0,45,0.0,0,0.0,,,HPA-45,ddos,111,1.0
0.0,0.0,0.0,93.36527777777778,66.0,0.075,1.0,61,0.0,0,0.0,,,HPA-45,ddos,112,1.0
0.0,0.0,0.0,99.11944444444444,66.0,0.075,1.0,75,0.0,0,0.0,,,HPA-45,ddos,113,1.0
0.0,0.0,0.0,99.85694444444445,62.0,0.075,1.0,74,0.0,0,0.0,,,HPA-45,ddos,114,1.0
0.0,0.0,0.0,96.22083333333333,57.0,0.075,1.0,54,0.0,0,0.0,,,HPA-45,ddos,115,1.0
0.0,0.0,0.0,95.0125,72.0,0.075,1.0,72,0.0,0,0.0,,,HPA-45,ddos,116,1.0
0.0,0.0,0.0,98.36805555555556,70.0,0.075,1.0,55,0.0,0,0.0,,,HPA-45,ddos,117,1.0
0.0,0.0,0.0,93.33888888888889,67.0,0.075,1.0,54,0.0,0,0.0,,,HPA-45,ddos,118,1.0
0.0,0.0,0.0,102.25416666666666,81.0,0.075,1.0,89,0.0,0,0.0,,,HPA-45,ddos,119,1.0
0.0,0.0,0.0,126.30833333333334,85.0,0.075,1.0,124,0.0,0,0.0,,,PredHPA,ddos,100,1.0
0.0,0.0,0.0,136.86388888888888,117.0,0.075,1.0,149,0.0,0,0.0,,,PredHPA,ddos,101,1.0
0.0,0.0,0.0,133.53194444444443,89.0,0.075,1.0,94,0.0,0,0.0,,,PredHPA,ddos,102,1.0
0.0,0.0,0.0,114.74583333333334,66.0,0.075,1.0,65,0.0,0,0.0,,,PredHPA,ddos,103,1.0
0.0,0.0,0.0,109.61111111111111,94.0,0.075,1.0,105,0.0,0,0.0,,,PredHPA,ddos,104,1.0
0.0,0.0,0.0,124.02777777777777,94.0,0.075,1.0,70,0.0,0,0.0,,,PredHPA,ddos,105,1.0
0.0,0.0,0.0,127.14722222222223,84.0,0.075,1.0,110,0.0,0,0.0,,,PredHPA,ddos,106,1.0
0.0,0.0,0.0,133.96805555555557,120.0,0.075,1.0,142,0.0,0,0.0,,,PredHPA,ddos,107,1.0
0.0,0.0,0.0,132.13333333333333,88.0,0.075,1.0,107,0.0,0,0.0,,,PredHPA,ddos,108,1.0
0.0,0.0,0.0,116.62638888888888,70.0,0.075,1.0,74,0.0,0,0.0,,,PredHPA,ddos,109,1.0
0.0,0.0,0.0,112.45277777777778,100.0,0.075,1.0,107,0.0,0,0.0,,,PredHPA,ddos,110,1.0
0.0,0.0,0.0,124.54583333333333,91.0,0.075,1.0,72,0.0,0,0.0,,,PredHPA,ddos,111,1.0
0.0,0.0,0.0,127.29861111111111,87.0,0.075,1.0,113,0.0,0,0.0,,,PredHPA,ddos,112,1.0
0.0,0.0,0.0,132.15972222222223,107.0,0.075,1.0,118,0.0,0,0.0,,,PredHPA,ddos,113,1.0
0.0,0.0,0.0,133.56666666666666,90.0,0.075,1.0,102,0.0,0,0.0,,,PredHPA,ddos,114,1.0
0.0,0.0,0.0,116.80277777777778,70.0,0.075,1.0,68,0.0,0,0.0,,,PredHPA,ddos,115,1.0
0.0,0.0,0.0,112.6125,99.0,0.075,1.0,101,0.0,0,0.0,,,PredHPA,ddos,116,1.0
0.0,0.0,0.0,128.00416666666666,94.0,0.075,1.0,74,0.0,0,0.0,,,PredHPA,ddos,117,1.0
0.0,0.0,0.0,127.28333333333333,83.0,0.075,1.0,110,0.0,0,0.0,,,PredHPA,ddos,118,1.0
0.0,0.0,0.0,136.3763888888889,120.0,0.075,1.0,161,0.0,0,0.0,,,PredHPA,ddos,119,1.0
35.0,0.1343491040190048,0.023620881274667264,78.54166666666667,64.0,0.075,0.67209731240912,69,25.0,0,0.0,,,HPA+RL,ddos,100,1.0
20.0,0.0963774400321471,0.08623445279014512,80.12638888888888,58.0,0.075,0.7498561317634636,79,5.0,0,0.0,,,HPA+RL,ddos,101,1.0
0.0,0.0017795909911688668,0.0017795909911723338,79.97361111111111,63.0,0.075,0.990184698689886,67,0.0,0,0.0,,,HPA+RL,ddos,102,1.0
0.0,0.0,0.0,77.06527777777778,47.0,0.075,1.0,50,0.0,0,0.0,,,HPA+RL,ddos,103,1.0
30.0,0.0697478777012428,0.06974787770125492,74.88333333333334,53.0,0.075,0.9238395575979813,58,15.0,0,0.0,,,HPA+RL,ddos,104,1.0
0.0,0.000954987551915476,0.0009549875519127736,78.69166666666666,52.0,0.075,0.990454642277278,48,0.0,0,0.0,,,HPA+RL,ddos,105,1.0
15.0,0.057148974822140985,0.0280396188125594,73.84305555555555,51.0,0.075,0.8705707476129325,42,10.0,0,0.0,,,HPA+RL,ddos,106,1.0
20.0,0.07224961297285226,0.06387238627891052,79.17222222222222,60.0,0.075,0.7838530809417531,73,30.0,0,0.0,,,HPA+RL,ddos,107,1.0
5.0,0.024669680600619692,0.014824593001745153,77.02777777777777,47.0,0.075,0.9203733050565008,53,0.0,0,0.0,,,HPA+RL,ddos,108,1.0
0.0,0.003416517503906924,0.0,80.59027777777777,60.0,0.075,0.9743679941643112,64,0.0,0,0.0,,,HPA+RL,ddos,109,1.0
20.0,0.05277860749549612,0.05277860749549649,74.45833333333333,54.0,0.075,0.913109012151984,56,5.0,0,0.0,,,HPA+RL,ddos,110,1.0
0.0,0.006092524939282917,0.006092524939276597,80.17361111111111,60.0,0.075,0.9706747909317138,48,0.0,0,0.0,,,HPA+RL,ddos,111,1.0
15.0,0.05722482661667527,0.039012732595876384,75.28888888888889,52.0,0.075,0.8495054795645121,53,5.0,0,0.0,,,HPA+RL,ddos,112,1.0
30.0,0.10596247799997682,0.021283730016334483,77.7625,49.0,0.075,0.6743387934456073,64,25.0,0,0.0,,,HPA+RL,ddos,113,1.0
5.0,0.015121529199702,0.015121529199696606,77.53055555555555,49.0,0.075,0.9317489781020696,58,5.0,0,0.0,,,HPA+RL,ddos,114,1.0
0.0,0.0,0.0,77.20833333333333,45.0,0.075,1.0,47,0.0,0,0.0,,,HPA+RL,ddos,115,1.0
35.0,0.07894493753215492,0.0789449375321631,75.22222222222223,55.0,0.075,0.9057423851639965,55,40.0,0,0.0,,,HPA+RL,ddos,116,1.0
0.0,0.003809068791826853,0.003087241334276816,79.58055555555555,56.0,0.075,0.9797499961130464,44,0.0,0,0.0,,,HPA+RL,ddos,117,1.0
10.0,0.027165685598162792,0.01607380219471373,75.9625,51.0,0.075,0.9265518660482521,54,5.0,0,0.0,,,HPA+RL,ddos,118,1.0
20.0,0.11289181961156025,0.10609333931488045,80.3625,57.0,0.075,0.7242212535512075,85,25.0,0,0.0,,,HPA+RL,ddos,119,1.0
20.0,0.7988112550508908,0.49437774269260876,109.1,104.0,0.075,0.03503424543233812,768,5.0,9,0.0,15.0,,ARC,ddos,100,1.0
0.0,0.4013179816347079,0.4013179816347117,103.60277777777777,109.0,0.075,0.9699999999999999,830,0.0,10,0.0,20.0,,ARC,ddos,101,1.0
0.0,0.355206581562828,0.3552065815628361,108.47222222222223,92.0,0.075,0.9699999999999999,862,0.0,10,0.0,10.0,,ARC,ddos,102,1.0
0.0,0.4053395805403315,0.4053395805403391,101.92361111111111,72.0,0.075,0.9699999999999999,775,0.0,9,0.0,15.0,,ARC,ddos,103,1.0
0.0,0.5266461107553466,0.52664611075535,89.78611111111111,93.0,0.075,0.9699999999999999,610,0.0,9,0.0,5.0,,ARC,ddos,104,1.0
0.0,0.4011750580911855,0.4011750580911843,106.0111111111111,103.0,0.075,0.9699999999999999,800,0.0,10,0.0,10.0,,ARC,ddos,105,1.0
40.0,0.981021456631026,0.4745679488042833,99.51805555555555,85.0,0.075,0.03714861525461605,785,0.0,10,0.0,20.0,,ARC,ddos,106,1.0
0.0,0.4109192338553447,0.4109192338553628,107.50833333333334,120.0,0.075,0.9699999999999999,917,0.0,10,0.0,15.0,,ARC,ddos,107,1.0
0.0,0.350878324547943,0.35087832454794127,103.4888888888889,89.0,0.075,0.9699999999999999,825,0.0,10,0.0,20.0,,ARC,ddos,108,1.0
0.0,0.3918646489317279,0.39186464893172823,101.01388888888889,71.0,0.075,0.9699999999999999,813,0.0,9,0.0,15.0,,ARC,ddos,109,1.0
0.0,0.5360476660452362,0.5360476660452465,90.74861111111112,96.0,0.075,0.9699999999999999,559,0.0,10,0.0,10.0,,ARC,ddos,110,1.0
0.0,0.3750196557102403,0.36928313403933344,104.8875,100.0,0.075,0.969684950330274,736,0.0,10,0.0,20.0,,ARC,ddos,111,1.0
50.0,1.1919802725499418,0.488146225668377,96.86666666666666,90.0,0.075,0.05892608616192733,747,15.0,10,0.0,20.0,,ARC,ddos,112,1.0
0.0,0.4714478557498514,0.4714478557498489,109.75,120.0,0.075,0.9699999999999999,848,0.0,10,0.0,10.0,,ARC,ddos,113,1.0
0.0,0.3692763982091618,0.3692763982091624,114.97638888888889,95.0,0.075,0.9699999999999999,944,0.0,10,0.0,15.0,,ARC,ddos,114,1.0
0.0,0.39305330020686924,0.3930533002068652,99.87361111111112,73.0,0.075,0.9699999999999999,750,0.0,9,0.0,10.0,,ARC,ddos,115,1.0
0.0,0.5028140552789329,0.5028140552789364,93.06527777777778,94.0,0.075,0.9699999999999999,567,0.0,11,0.0,15.0,,ARC,ddos,116,1.0
0.0,0.3827820846467156,0.38278208464671626,108.25555555555556,103.0,0.075,0.9699999999999999,743,0.0,10,0.0,20.0,,ARC,ddos,117,1.0
20.0,0.6602952131654072,0.4753138550919998,106.90277777777777,93.0,0.075,0.08249227399765922,782,0.0,10,0.0,5.0,,ARC,ddos,118,1.0
0.0,0.4163109569732426,0.4163109569732374,102.96388888888889,116.0,0.075,0.9699999999999999,810,0.0,10,0.0,10.0,,ARC,ddos,119,1.0
5.0,0.024279456720366355,0.0,80.14583333333333,62.0,0.075,0.8980224323640598,70,0.0,0,0.0,,,HPA,ddos,100,2.0
55.0,0.8554203039413899,0.0,94.64444444444445,100.0,0.075,0.044945795675776785,110,50.0,0,0.0,,,HPA,ddos,101,2.0
10.0,0.02320267858422209,0.0,84.68194444444444,63.0,0.075,0.909189443376261,79,10.0,0,0.0,,,HPA,ddos,102,2.0
10.0,0.02241085394454334,0.0,81.67361111111111,55.0,0.075,0.8908203531407509,57,10.0,0,0.0,,,HPA,ddos,103,2.0
0.0,0.0,0.0,80.77083333333333,66.0,0.075,1.0,74,0.0,0,0.0,,,HPA,ddos,104,2.0
0.0,0.0,0.0,83.20694444444445,58.0,0.075,1.0,58,0.0,0,0.0,,,HPA,ddos,105,2.0
40.0,0.23195500810456737,0.0,78.16666666666667,58.0,0.075,0.2729419427513038,51,35.0,0,0.0,,,HPA,ddos,106,2.0
10.0,0.015437285025343694,0.0,88.34861111111111,84.0,0.075,0.9491375434716486,91,5.0,0,0.0,,,HPA,ddos,107,2.0
10.0,0.032094104080115926,0.0,81.2625,54.0,0.075,0.8934423872007514,66,10.0,0,0.0,,,HPA,ddos,108,2.0
70.0,1.057359538911229,0.0,98.30277777777778,110.0,0.075,0.0010781512725071538,107,70.0,0,0.0,,,HPA,ddos,109,2.0
0.0,0.0,0.0,79.75,66.0,0.075,1.0,72,0.0,0,0.0,,,HPA,ddos,110,2.0
0.0,0.0,0.0,84.74861111111112,60.0,0.075,1.0,61,0.0,0,0.0,,,HPA,ddos,111,2.0
5.0,0.018212094020797487,0.0,80.36111111111111,61.0,0.075,0.9008912446007667,65,0.0,0,0.0,,,HPA,ddos,112,2.0
100.0,1.7518310363370815,0.0,98.70972222222223,120.0,0.075,0.0006726254382142911,112,100.0,0,0.0,,,HPA,ddos,113,2.0
30.0,0.12510152710623057,0.0,87.74166666666666,77.0,0.075,0.531018192192434,84,30.0,0,0.0,,,HPA,ddos,114,2.0
15.0,0.04277195501534159,0.0,82.65,58.0,0.075,0.8549443370726142,69,15.0,0,0.0,,,HPA,ddos,115,2.0
0.0,0.0,0.0,80.45138888888889,68.0,0.075,1.0,73,0.0,0,0.0,,,HPA,ddos,116,2.0
0.0,0.0,0.0,84.79305555555555,67.0,0.075,1.0,60,0.0,0,0.0,,,HPA,ddos,117,2.0
85.0,1.1515651298051766,0.0,96.70555555555555,117.0,0.075,0.0005765268071023072,101,80.0,0,0.0,,,HPA,ddos,118,2.0
0.0,0.0,0.0,85.975,69.0,0.075,1.0,97,0.0,0,0.0,,,HPA,ddos,119,2.0
0.0,0.007312604795850497,0.0,84.75555555555556,71.0,0.075,0.9603388248412574,158,0.0,0,0.0,,,HPA-fast,ddos,100,2.0
0.0,0.0,0.0,83.49583333333334,73.0,0.075,1.0,195,0.0,0,0.0,,,HPA-fast,ddos,101,2.0
0.0,0.0,0.0,86.39861111111111,61.0,0.075,1.0,211,0.0,0,0.0,,,HPA-fast,ddos,102,2.0
15.0,0.03853093265944185,0.0,83.96944444444445,60.0,0.075,0.8542768074850907,138,15.0,0,0.0,,,HPA-fast,ddos,103,2.0
0.0,0.0,0.0,76.7375,71.0,0.075,1.0,124,0.0,0,0.0,,,HPA-fast,ddos,104,2.0
0.0,0.0,0.0,85.79027777777777,65.0,0.075,1.0,160,0.0,0,0.0,,,HPA-fast,ddos,105,2.0
15.0,0.14449842876911312,0.0,85.05277777777778,66.0,0.075,0.2816446384971844,179,15.0,0,0.0,,,HPA-fast,ddos,106,2.0
0.0,0.0,0.0,82.52083333333333,76.0,0.075,1.0,177,0.0,0,0.0,,,HPA-fast,ddos,107,2.0
0.0,0.0,0.0,85.52638888888889,62.0,0.075,1.0,173,0.0,0,0.0,,,HPA-fast,ddos,108,2.0
0.0,0.009371821661119384,0.0,85.1986111111111,74.0,0.075,0.9627272280086796,162,0.0,0,0.0,,,HPA-fast,ddos,109,2.0
0.0,0.0,0.0,76.1763888888889,72.0,0.075,1.0,121,0.0,0,0.0,,,HPA-fast,ddos,110,2.0
0.0,0.0,0.0,84.85416666666667,57.0,0.075,1.0,139,0.0,0,0.0,,,HPA-fast,ddos,111,2.0
0.0,0.002851102430645458,0.0,84.6,68.0,0.075,0.9844845291763672,174,0.0,0,0.0,,,HPA-fast,ddos,112,2.0
30.0,0.3725955565312078,0.0,82.19305555555556,60.0,0.075,0.10993549249357577,156,30.0,0,0.0,,,HPA-fast,ddos,113,2.0
0.0,0.0,0.0,87.02777777777777,71.0,0.075,1.0,187,0.0,0,0.0,,,HPA-fast,ddos,114,2.0
5.0,0.008616122485960442,0.0,83.59027777777777,60.0,0.075,0.9499137275386307,148,5.0,0,0.0,,,HPA-fast,ddos,115,2.0
0.0,0.0,0.0,77.275,73.0,0.075,1.0,128,0.0,0,0.0,,,HPA-fast,ddos,116,2.0
0.0,0.0,0.0,85.71666666666667,65.0,0.075,1.0,158,0.0,0,0.0,,,HPA-fast,ddos,117,2.0
70.0,1.0093976140047034,0.0,89.62083333333334,117.0,0.075,0.0008853402835179539,210,70.0,0,0.0,,,HPA-fast,ddos,118,2.0
0.0,0.0,0.0,82.65972222222223,77.0,0.075,1.0,193,0.0,0,0.0,,,HPA-fast,ddos,119,2.0
0.0,0.0,0.0,99.45833333333333,78.0,0.075,1.0,75,0.0,0,0.0,,,HPA-45,ddos,100,2.0
0.0,0.0,0.0,107.82777777777778,92.0,0.075,1.0,97,0.0,0,0.0,,,HPA-45,ddos,101,2.0
0.0,0.0,0.0,106.13194444444444,76.0,0.075,1.0,86,0.0,0,0.0,,,HPA-45,ddos,102,2.0
0.0,0.0,0.0,102.96805555555555,74.0,0.075,1.0,70,0.0,0,0.0,,,HPA-45,ddos,103,2.0
0.0,0.0,0.0,101.52361111111111,86.0,0.075,1.0,78,0.0,0,0.0,,,HPA-45,ddos,104,2.0
0.0,0.0,0.0,105.2,79.0,0.075,1.0,73,0.0,0,0.0,,,HPA-45,ddos,105,2.0
0.0,0.0,0.0,100.73333333333333,81.0,0.075,1.0,61,0.0,0,0.0,,,HPA-45,ddos,106,2.0
0.0,0.0,0.0,106.21527777777777,86.0,0.075,1.0,85,0.0,0,0.0,,,HPA-45,ddos,107,2.0
0.0,0.0,0.0,103.1375,73.0,0.075,1.0,79,0.0,0,0.0,,,HPA-45,ddos,108,2.0
0.0,0.0,0.0,108.30416666666666,85.0,0.075,1.0,99,0.0,0,0.0,,,HPA-45,ddos,109,2.0
0.0,0.0,0.0,102.15277777777777,87.0,0.075,1.0,80,0.0,0,0.0,,,HPA-45,ddos,110,2.0
0.0,0.0,0.0,102.28472222222223,73.0,0.075,1.0,54,0.0,0,0.0,,,HPA-45,ddos,111,2.0
0.0,0.0,0.0,100.23472222222222,80.0,0.075,1.0,76,0.0,0,0.0,,,HPA-45,ddos,112,2.0
0.0,0.0059427702164494,0.0,105.4,76.0,0.075,0.9620740748173873,78,0.0,0,0.0,,,HPA-45,ddos,113,2.0
0.0,0.0,0.0,108.72638888888889,84.0,0.075,1.0,101,0.0,0,0.0,,,HPA-45,ddos,114,2.0
0.0,0.0,0.0,104.81388888888888,77.0,0.075,1.0,81,0.0,0,0.0,,,HPA-45,ddos,115,2.0
0.0,0.0,0.0,101.4875,84.0,0.075,1.0,79,0.0,0,0.0,,,HPA-45,ddos,116,2.0
0.0,0.0,0.0,106.16111111111111,85.0,0.075,1.0,83,0.0,0,0.0,,,HPA-45,ddos,117,2.0
0.0,0.0,0.0,99.94444444444444,78.0,0.075,1.0,67,0.0,0,0.0,,,HPA-45,ddos,118,2.0
0.0,0.0,0.0,108.50138888888888,94.0,0.075,1.0,104,0.0,0,0.0,,,HPA-45,ddos,119,2.0
0.0,0.0,0.0,130.5125,87.0,0.075,1.0,135,0.0,0,0.0,,,PredHPA,ddos,100,2.0
0.0,0.0,0.0,140.22083333333333,120.0,0.075,1.0,149,0.0,0,0.0,,,PredHPA,ddos,101,2.0
0.0,0.0,0.0,138.81944444444446,98.0,0.075,1.0,95,0.0,0,0.0,,,PredHPA,ddos,102,2.0
0.0,0.0,0.0,121.00972222222222,78.0,0.075,1.0,75,0.0,0,0.0,,,PredHPA,ddos,103,2.0
0.0,0.0,0.0,114.85694444444445,104.0,0.075,1.0,111,0.0,0,0.0,,,PredHPA,ddos,104,2.0
0.0,0.0,0.0,128.7736111111111,95.0,0.075,1.0,86,0.0,0,0.0,,,PredHPA,ddos,105,2.0
0.0,0.0,0.0,132.43055555555554,87.0,0.075,1.0,110,0.0,0,0.0,,,PredHPA,ddos,106,2.0
0.0,0.0,0.0,135.83333333333334,120.0,0.075,1.0,138,0.0,0,0.0,,,PredHPA,ddos,107,2.0
0.0,0.0,0.0,135.77916666666667,98.0,0.075,1.0,109,0.0,0,0.0,,,PredHPA,ddos,108,2.0
0.0,0.0,0.0,123.62083333333334,90.0,0.075,1.0,94,0.0,0,0.0,,,PredHPA,ddos,109,2.0
0.0,0.0,0.0,118.39444444444445,113.0,0.075,1.0,122,0.0,0,0.0,,,PredHPA,ddos,110,2.0
0.0,0.0,0.0,129.275,93.0,0.075,1.0,68,0.0,0,0.0,,,PredHPA,ddos,111,2.0
0.0,0.0,0.0,131.60833333333332,87.0,0.075,1.0,118,0.0,0,0.0,,,PredHPA,ddos,112,2.0
0.0,0.0,0.0,136.8375,108.0,0.075,1.0,119,0.0,0,0.0,,,PredHPA,ddos,113,2.0
0.0,0.0,0.0,139.20694444444445,101.0,0.075,1.0,116,0.0,0,0.0,,,PredHPA,ddos,114,2.0
0.0,0.0,0.0,123.2,88.0,0.075,1.0,80,0.0,0,0.0,,,PredHPA,ddos,115,2.0
0.0,0.0,0.0,119.14027777777778,112.0,0.075,1.0,111,0.0,0,0.0,,,PredHPA,ddos,116,2.0
0.0,0.0,0.0,132.6625,95.0,0.075,1.0,88,0.0,0,0.0,,,PredHPA,ddos,117,2.0
0.0,0.0,0.0,132.69444444444446,93.0,0.075,1.0,107,0.0,0,0.0,,,PredHPA,ddos,118,2.0
0.0,0.0,0.0,139.05972222222223,120.0,0.075,1.0,168,0.0,0,0.0,,,PredHPA,ddos,119,2.0
145.0,0.49085579631482634,0.4665763395944695,79.51944444444445,59.0,0.075,0.7704530541174581,66,5.0,0,0.0,,,HPA+RL,ddos,100,2.0
75.0,0.39983871802899973,0.27186633683996364,85.28472222222223,71.0,0.075,0.4181149735559551,90,20.0,0,0.0,,,HPA+RL,ddos,101,2.0
65.0,0.17463589458068807,0.15582390067488497,84.39444444444445,63.0,0.075,0.8484571246161982,81,15.0,0,0.0,,,HPA+RL,ddos,102,2.0
40.0,0.08991414279637677,0.07640812288923277,82.02222222222223,54.0,0.075,0.8621312453400395,56,10.0,0,0.0,,,HPA+RL,ddos,103,2.0
170.0,0.6250232583846493,0.6250232583846593,77.8,58.0,0.075,0.7791922143830288,64,30.0,0,0.0,,,HPA+RL,ddos,104,2.0
50.0,0.10813184471445414,0.10813184471445263,82.28472222222223,55.0,0.075,0.8814811391996579,51,10.0,0,0.0,,,HPA+RL,ddos,105,2.0
165.0,0.6203128158325688,0.3964842810468271,77.31388888888888,56.0,0.07500000000000007,0.2729419427513038,48,35.0,0,0.0,,,HPA+RL,ddos,106,2.0
60.0,0.2849367310605255,0.26949944603519754,83.92361111111111,71.0,0.075,0.6704545768536996,75,15.0,0,0.0,,,HPA+RL,ddos,107,2.0
55.0,0.14416405870433247,0.1200008635485556,80.82916666666667,53.0,0.075,0.8763148975783287,64,10.0,0,0.0,,,HPA+RL,ddos,108,2.0
95.0,1.0994104587491837,0.07414664432227505,97.20416666666667,108.0,0.075,0.0017283813075983187,104,70.0,0,0.0,,,HPA+RL,ddos,109,2.0
170.0,0.6631193050614437,0.663119305061439,76.8375,58.0,0.075,0.7676052844745512,60,30.0,0,0.0,,,HPA+RL,ddos,110,2.0
5.0,0.032346481404377236,0.032346481404361596,84.74444444444444,60.0,0.075,0.9250508138834552,61,5.0,0,0.0,,,HPA+RL,ddos,111,2.0
130.0,0.462988232501893,0.44477613848110187,78.29583333333333,58.0,0.075,0.7746153742461807,61,5.0,0,0.0,,,HPA+RL,ddos,112,2.0
120.0,1.8131725111106167,0.06656846925838374,98.35972222222222,120.0,0.07500000000000014,0.0006696883248194556,112,100.0,0,0.0,,,HPA+RL,ddos,113,2.0
100.0,0.2990692165007691,0.20171490462528896,85.34722222222223,67.0,0.075,0.5867302323438807,73,55.0,0,0.0,,,HPA+RL,ddos,114,2.0
55.0,0.11208066654729842,0.07470183586272817,82.54166666666667,58.0,0.075,0.8527630704302499,69,15.0,0,0.0,,,HPA+RL,ddos,115,2.0
180.0,0.692212842569162,0.6922128425691688,77.75972222222222,58.0,0.075,0.747939890848619,58,5.0,0,0.0,,,HPA+RL,ddos,116,2.0
40.0,0.09025018506174654,0.09025018506174907,84.89722222222223,66.0,0.075,0.8261528349123942,60,10.0,0,0.0,,,HPA+RL,ddos,117,2.0
170.0,1.3989027549483946,0.29412968030825726,96.53333333333333,119.0,0.075,0.0006332549137946129,100,80.0,0,0.0,,,HPA+RL,ddos,118,2.0
45.0,0.2795158599596226,0.2795158599596318,83.89305555555555,64.0,0.075,0.648169524846208,95,15.0,0,0.0,,,HPA+RL,ddos,119,2.0
20.0,0.7106211465565226,0.5000131216609909,108.38472222222222,97.0,0.075,0.060195463937600245,737,10.0,9,0.0,10.0,,ARC,ddos,100,2.0
0.0,0.41562367656957644,0.4156236765695708,103.43194444444444,106.0,0.075,0.9699999999999999,830,0.0,10,0.0,10.0,,ARC,ddos,101,2.0
0.0,0.3567515737353366,0.3567515737353467,109.11527777777778,96.0,0.075,0.9699999999999999,859,0.0,10,0.0,10.0,,ARC,ddos,102,2.0
0.0,0.40824789081191915,0.40824789081192886,102.56666666666666,72.0,0.075,0.9699999999999999,776,0.0,10,0.0,10.0,,ARC,ddos,103,2.0
0.0,0.5295789941842877,0.529578994184279,89.87777777777778,96.0,0.075,0.9699999999999999,585,0.0,9,0.0,5.0,,ARC,ddos,104,2.0
0.0,0.4033082448582248,0.40330824485822236,106.45972222222223,103.0,0.075,0.9699999999999999,785,0.0,10,0.0,10.0,,ARC,ddos,105,2.0
30.0,0.8156845453574868,0.4902883876278236,99.95972222222223,86.0,0.075,0.26243066272714044,757,0.0,10,0.0,5.0,,ARC,ddos,106,2.0
0.0,0.4193827016035545,0.4193827016035613,107.60694444444445,119.0,0.075,0.9699999999999999,908,0.0,10,0.0,5.0,,ARC,ddos,107,2.0
0.0,0.3533627479790913,0.35336274797910316,104.0125,87.0,0.075,0.9699999999999999,816,0.0,10,0.0,15.0,,ARC,ddos,108,2.0
0.0,0.3961424131843083,0.3961424131843053,101.43472222222222,72.0,0.075,0.9699999999999999,789,0.0,9,0.0,10.0,,ARC,ddos,109,2.0
0.0,0.5360476660452362,0.5360476660452465,91.20277777777778,101.0,0.075,0.9699999999999999,572,0.0,10,0.0,10.0,,ARC,ddos,110,2.0
0.0,0.38056902710337237,0.3748325054324536,104.92777777777778,96.0,0.075,0.969684950330274,735,0.0,10,0.0,10.0,,ARC,ddos,111,2.0
45.0,1.1518744347550292,0.5028011425144994,97.81944444444444,88.0,0.075,0.0758492364743078,764,15.0,10,0.0,5.0,,ARC,ddos,112,2.0
0.0,0.4760906336210735,0.4760906336210649,110.74722222222222,120.0,0.075,0.9699999999999999,844,0.0,10,0.0,5.0,,ARC,ddos,113,2.0
0.0,0.3765967173094853,0.3765967173094732,114.8638888888889,95.0,0.075,0.9699999999999999,916,0.0,10,0.0,5.0,,ARC,ddos,114,2.0
0.0,0.3959004294173507,0.3959004294173502,100.08333333333333,71.0,0.075,0.9699999999999999,747,0.0,9,0.0,10.0,,ARC,ddos,115,2.0
0.0,0.508191409225478,0.5081914092254863,93.45416666666667,102.0,0.075,0.9699999999999999,559,0.0,11,0.0,10.0,,ARC,ddos,116,2.0
0.0,0.3888445948690755,0.38884459486908063,108.92916666666666,103.0,0.075,0.9699999999999999,747,0.0,10,0.0,10.0,,ARC,ddos,117,2.0
10.0,0.5077136092178969,0.48275762354056884,106.79861111111111,90.0,0.075,0.8894527229576236,760,0.0,10,0.0,5.0,,ARC,ddos,118,2.0
0.0,0.4163109569732426,0.4163109569732374,103.65555555555555,119.0,0.075,0.9699999999999999,824,0.0,10,0.0,10.0,,ARC,ddos,119,2.0
90.0,0.7614892661519823,0.0,93.6361111111111,107.0,0.075,0.047048660627624105,95,85.0,0,0.0,,,HPA,ddos,100,3.0
165.0,2.7287144156900367,0.0,102.21388888888889,120.0,0.075,7.1937335852046e-05,154,160.0,0,0.0,,,HPA,ddos,101,3.0
85.0,0.9937036321634563,0.0,102.72361111111111,117.0,0.075,0.0008604882650743969,119,85.0,0,0.0,,,HPA,ddos,102,3.0
110.0,1.493012409122696,0.0,101.7375,120.0,0.075,0.00018213311883357412,124,110.0,0,0.0,,,HPA,ddos,103,3.0
0.0,0.0,0.0,85.7375,78.0,0.075,1.0,87,0.0,0,0.0,,,HPA,ddos,104,3.0
0.0,0.0023075244174664,0.0,87.53333333333333,68.0,0.075,0.9656474111082736,67,0.0,0,0.0,,,HPA,ddos,105,3.0
110.0,1.5325266462857923,0.0,97.5513888888889,120.0,0.075,0.0004717291312936835,92,105.0,0,0.0,,,HPA,ddos,106,3.0
130.0,2.348654202277034,0.0,100.33888888888889,120.0,0.075,0.0006647850473172293,140,125.0,0,0.0,,,HPA,ddos,107,3.0
110.0,1.2891394489934593,0.0,102.1763888888889,120.0,0.075,0.0010820829726733024,112,110.0,0,0.0,,,HPA,ddos,108,3.0
105.0,1.6573525173912973,0.0,103.47361111111111,120.0,0.07500000000000005,1.6913208634764872e-05,125,105.0,0,0.0,,,HPA,ddos,109,3.0
25.0,0.043591634908923815,0.0,85.37916666666666,78.0,0.075,0.8834921636482622,83,30.0,0,0.0,,,HPA,ddos,110,3.0
10.0,0.017062292642444632,0.0,95.7388888888889,86.0,0.075,0.8754615752463264,79,10.0,0,0.0,,,HPA,ddos,111,3.0
100.0,1.2502533104231106,0.0,98.83611111111111,120.0,0.075,0.000123382095412255,107,95.0,0,0.0,,,HPA,ddos,112,3.0
110.0,1.9286213618618375,0.0,100.75416666666666,120.0,0.075,5.022148751727154e-05,119,110.0,0,0.0,,,HPA,ddos,113,3.0
80.0,1.3278392999395372,0.0,101.27638888888889,120.0,0.075,0.0001490303539639438,111,80.0,0,0.0,,,HPA,ddos,114,3.0
100.0,1.495202219412206,0.0,101.525,120.0,0.075,0.00041545457328154967,114,100.0,0,0.0,,,HPA,ddos,115,3.0
0.0,0.0039934276470199315,0.0,88.38472222222222,84.0,0.075,0.972772008996854,79,0.0,0,0.0,,,HPA,ddos,116,3.0
20.0,0.10016820041409691,0.0,95.62361111111112,100.0,0.075,0.27652444560150846,80,30.0,0,0.0,,,HPA,ddos,117,3.0
100.0,1.494953297964352,0.0,99.74166666666666,120.0,0.075,1.3867831797921843e-06,113,95.0,0,0.0,,,HPA,ddos,118,3.0
0.0,0.0027895030122015996,0.0,90.7625,81.0,0.075,0.9657280930658955,113,0.0,0,0.0,,,HPA,ddos,119,3.0
0.0,0.007312604795850497,0.0,87.70277777777778,75.0,0.075,0.9603388248412574,172,0.0,0,0.0,,,HPA-fast,ddos,100,3.0
30.0,0.3264792443422482,0.0,88.29027777777777,89.0,0.075,0.25863640293543705,229,30.0,0,0.0,,,HPA-fast,ddos,101,3.0
0.0,0.0,0.0,89.55416666666666,72.0,0.075,1.0,223,0.0,0,0.0,,,HPA-fast,ddos,102,3.0
45.0,0.4469629737075764,0.0,90.01388888888889,90.0,0.07500000000000011,0.03414285591061736,162,45.0,0,0.0,,,HPA-fast,ddos,103,3.0
0.0,0.0,0.0,79.63888888888889,78.0,0.075,1.0,132,0.0,0,0.0,,,HPA-fast,ddos,104,3.0
0.0,0.0,0.0,88.6875,71.0,0.075,1.0,169,0.0,0,0.0,,,HPA-fast,ddos,105,3.0
60.0,0.838843557059421,0.0,92.82083333333334,120.0,0.075,0.0004280069158417178,239,60.0,0,0.0,,,HPA-fast,ddos,106,3.0
15.0,0.11014026647758746,0.0,87.70694444444445,92.0,0.075,0.540177125533075,198,15.0,0,0.0,,,HPA-fast,ddos,107,3.0
0.0,0.0035374807366039818,0.0,89.05416666666666,73.0,0.075,0.9790407063976301,178,0.0,0,0.0,,,HPA-fast,ddos,108,3.0
80.0,1.319253147985322,0.0,92.0875,120.0,0.075,0.00027603418303540067,219,80.0,0,0.0,,,HPA-fast,ddos,109,3.0
0.0,0.0,0.0,79.45138888888889,84.0,0.075,1.0,137,0.0,0,0.0,,,HPA-fast,ddos,110,3.0
0.0,0.0,0.0,88.04166666666667,67.0,0.075,1.0,155,0.0,0,0.0,,,HPA-fast,ddos,111,3.0
0.0,0.013136448704076376,0.0,87.2875,78.0,0.075,0.9519710225300483,179,0.0,0,0.0,,,HPA-fast,ddos,112,3.0
85.0,1.4077823552869129,0.0,89.56666666666666,114.0,0.075,0.002710298517463498,206,85.0,0,0.0,,,HPA-fast,ddos,113,3.0
70.0,1.1278267559797772,0.0,93.87916666666666,120.0,0.075,0.0005224435622123708,243,70.0,0,0.0,,,HPA-fast,ddos,114,3.0
25.0,0.18520884205738275,0.0,88.85277777777777,87.0,0.075,0.30904337605918747,179,25.0,0,0.0,,,HPA-fast,ddos,115,3.0
10.0,0.02928666850448014,0.0,80.65416666666667,79.0,0.075,0.8875606501902027,142,10.0,0,0.0,,,HPA-fast,ddos,116,3.0
90.0,1.6776108062286799,0.0,94.02916666666667,120.0,0.075,0.0010260000847247164,216,90.0,0,0.0,,,HPA-fast,ddos,117,3.0
75.0,1.1821832198195659,0.0,93.02083333333333,120.0,0.075,6.308951726349298e-06,257,75.0,0,0.0,,,HPA-fast,ddos,118,3.0
0.0,0.0,0.0,85.87083333333334,87.0,0.075,1.0,215,0.0,0,0.0,,,HPA-fast,ddos,119,3.0
0.0,0.0,0.0,106.00138888888888,91.0,0.075,1.0,82,0.0,0,0.0,,,HPA-45,ddos,100,3.0
5.0,0.015328054162588867,0.0,114.86666666666666,103.0,0.075,0.942186649339492,102,5.0,0,0.0,,,HPA-45,ddos,101,3.0
0.0,0.0,0.0,116.0125,97.0,0.075,1.0,100,0.0,0,0.0,,,HPA-45,ddos,102,3.0
0.0,0.002633535380636154,0.0,112.13472222222222,93.0,0.075,0.9808079297977095,91,0.0,0,0.0,,,HPA-45,ddos,103,3.0
0.0,0.0,0.0,108.725,104.0,0.075,1.0,96,0.0,0,0.0,,,HPA-45,ddos,104,3.0
0.0,0.0,0.0,111.40972222222223,88.0,0.075,1.0,87,0.0,0,0.0,,,HPA-45,ddos,105,3.0
5.0,0.008489776969400342,0.0,107.24305555555556,94.0,0.075,0.946811836898268,66,5.0,0,0.0,,,HPA-45,ddos,106,3.0
0.0,0.0,0.0,114.39583333333333,103.0,0.075,1.0,103,0.0,0,0.0,,,HPA-45,ddos,107,3.0
0.0,0.0,0.0,111.55555555555556,90.0,0.075,1.0,90,0.0,0,0.0,,,HPA-45,ddos,108,3.0
0.0,0.0,0.0,119.1625,117.0,0.075,1.0,107,0.0,0,0.0,,,HPA-45,ddos,109,3.0
0.0,0.0,0.0,108.40972222222223,99.0,0.075,1.0,86,0.0,0,0.0,,,HPA-45,ddos,110,3.0
0.0,0.0,0.0,112.36944444444444,96.0,0.075,1.0,73,0.0,0,0.0,,,HPA-45,ddos,111,3.0
0.0,0.0,0.0,107.32916666666667,93.0,0.075,1.0,82,0.0,0,0.0,,,HPA-45,ddos,112,3.0
45.0,0.6201235612043998,0.0,119.38194444444444,120.0,0.075,0.02211985184330976,119,45.0,0,0.0,,,HPA-45,ddos,113,3.0
0.0,0.0,0.0,117.23472222222222,106.0,0.075,1.0,114,0.0,0,0.0,,,HPA-45,ddos,114,3.0
0.0,0.0010196108732540843,0.0,115.13194444444444,106.0,0.075,0.9907945352573739,104,0.0,0,0.0,,,HPA-45,ddos,115,3.0
0.0,0.0,0.0,110.05416666666666,103.0,0.075,1.0,93,0.0,0,0.0,,,HPA-45,ddos,116,3.0
0.0,0.0,0.0,116.51388888888889,111.0,0.075,1.0,98,0.0,0,0.0,,,HPA-45,ddos,117,3.0
60.0,0.709767740381384,0.0,114.96666666666667,120.0,0.075,0.00819620595199318,101,60.0,0,0.0,,,HPA-45,ddos,118,3.0
0.0,0.0,0.0,113.85138888888889,103.0,0.075,1.0,120,0.0,0,0.0,,,HPA-45,ddos,119,3.0
0.0,0.0,0.0,135.70277777777778,97.0,0.075,1.0,129,0.0,0,0.0,,,PredHPA,ddos,100,3.0
0.0,0.0,0.0,144.00833333333333,120.0,0.075,1.0,144,0.0,0,0.0,,,PredHPA,ddos,101,3.0
0.0,0.0,0.0,142.36388888888888,108.0,0.075,1.0,116,0.0,0,0.0,,,PredHPA,ddos,102,3.0
0.0,0.0,0.0,129.1888888888889,101.0,0.075,1.0,90,0.0,0,0.0,,,PredHPA,ddos,103,3.0
0.0,0.0,0.0,121.81527777777778,119.0,0.075,1.0,120,0.0,0,0.0,,,PredHPA,ddos,104,3.0
0.0,0.0,0.0,133.74166666666667,95.0,0.075,1.0,86,0.0,0,0.0,,,PredHPA,ddos,105,3.0
0.0,0.0,0.0,138.18333333333334,100.0,0.075,1.0,119,0.0,0,0.0,,,PredHPA,ddos,106,3.0
0.0,0.0,0.0,139.20833333333334,120.0,0.075,1.0,135,0.0,0,0.0,,,PredHPA,ddos,107,3.0
0.0,0.0,0.0,140.41666666666666,109.0,0.075,1.0,119,0.0,0,0.0,,,PredHPA,ddos,108,3.0
0.0,0.0,0.0,130.69305555555556,110.0,0.075,1.0,108,0.0,0,0.0,,,PredHPA,ddos,109,3.0
0.0,0.0,0.0,122.2611111111111,120.0,0.075,1.0,124,0.0,0,0.0,,,PredHPA,ddos,110,3.0
0.0,0.0,0.0,135.1888888888889,93.0,0.075,1.0,76,0.0,0,0.0,,,PredHPA,ddos,111,3.0
0.0,0.0,0.0,137.24305555555554,97.0,0.075,1.0,118,0.0,0,0.0,,,PredHPA,ddos,112,3.0
0.0,0.0,0.0,140.5875,108.0,0.075,1.0,127,0.0,0,0.0,,,PredHPA,ddos,113,3.0
0.0,0.0,0.0,145.6236111111111,114.0,0.075,1.0,125,0.0,0,0.0,,,PredHPA,ddos,114,3.0
0.0,0.0,0.0,132.29305555555555,115.0,0.075,1.0,103,0.0,0,0.0,,,PredHPA,ddos,115,3.0
0.0,0.0,0.0,124.59166666666667,120.0,0.075,1.0,123,0.0,0,0.0,,,PredHPA,ddos,116,3.0
0.0,0.0,0.0,139.23611111111111,101.0,0.075,1.0,100,0.0,0,0.0,,,PredHPA,ddos,117,3.0
0.0,0.0,0.0,141.01666666666668,115.0,0.075,1.0,133,0.0,0,0.0,,,PredHPA,ddos,118,3.0
0.0,0.0,0.0,140.70833333333334,120.0,0.075,1.0,168,0.0,0,0.0,,,PredHPA,ddos,119,3.0
485.0,2.3679710507726104,1.6064817846206234,91.91666666666667,106.0,0.075,0.047048660627624105,92,115.0,0,0.0,,,HPA+RL,ddos,100,3.0
185.0,1.9102342172807263,0.7492143694203235,99.00416666666666,120.0,0.075,0.0021835396761224176,122,65.0,0,0.0,,,HPA+RL,ddos,101,3.0
330.0,1.7752014280931094,0.8777259834514696,98.59444444444445,111.0,0.075,0.0008847494719627553,110,85.0,0,0.0,,,HPA+RL,ddos,102,3.0
430.0,2.1162250760315637,0.9243923216329398,99.825,120.0,0.07500000000000005,0.0010202912086023912,114,95.0,0,0.0,,,HPA+RL,ddos,103,3.0
650.0,2.560301546791499,2.560301546791517,79.55833333333334,62.0,0.075,0.6668788848431436,68,10.0,0,0.0,,,HPA+RL,ddos,104,3.0
325.0,0.8748356756851483,0.8725281512676851,85.96944444444445,63.0,0.075,0.7486214472912125,66,35.0,0,0.0,,,HPA+RL,ddos,105,3.0
460.0,2.9611334306656745,1.3829446453549696,95.00277777777778,120.0,0.075,0.00044430488496509027,92,110.0,0,0.0,,,HPA+RL,ddos,106,3.0
160.0,0.9070893268968039,0.7485504885482784,90.89861111111111,94.0,0.075,0.21344588016387436,99,60.0,0,0.0,,,HPA+RL,ddos,107,3.0
290.0,0.8926846541217559,0.8391934399394266,85.00138888888888,63.0,0.075,0.7491464531731789,75,15.0,0,0.0,,,HPA+RL,ddos,108,3.0
365.0,2.152568736957128,0.8038488456465297,102.28611111111111,120.0,0.075,8.474047901956458e-05,115,110.0,0,0.0,,,HPA+RL,ddos,109,3.0
665.0,2.7098315408785156,2.704316574276802,79.96666666666667,65.0,0.075,0.6567380362013131,66,45.0,0,0.0,,,HPA+RL,ddos,110,3.0
235.0,0.5576628841929887,0.544291845788843,93.40138888888889,85.0,0.075,0.7680981399309382,83,25.0,0,0.0,,,HPA+RL,ddos,111,3.0
475.0,2.8062255056719,1.5730361783359252,96.33472222222223,120.0,0.075,0.000123382095412255,105,95.0,0,0.0,,,HPA+RL,ddos,112,3.0
305.0,2.297166780685067,0.5993810290614924,99.58333333333333,120.0,0.075,5.022148751727154e-05,119,170.0,0,0.0,,,HPA+RL,ddos,113,3.0
335.0,2.0938026070374427,0.9636709728728899,99.30972222222222,120.0,0.07500000000000005,0.00016472957445975406,105,85.0,0,0.0,,,HPA+RL,ddos,114,3.0
375.0,1.2850684884625596,0.8106865041535971,93.02083333333333,93.0,0.07500000000000007,0.12089934644032278,90,155.0,0,0.0,,,HPA+RL,ddos,115,3.0
605.0,2.511998804865423,2.5119988048654225,79.72638888888889,62.0,0.075,0.651678086269358,64,40.0,0,0.0,,,HPA+RL,ddos,116,3.0
280.0,0.7924179633429285,0.7344898158983719,91.17222222222222,85.0,0.075,0.4785873719034519,71,110.0,0,0.0,,,HPA+RL,ddos,117,3.0
420.0,2.6823237223356,1.2218785829461392,97.78472222222223,120.0,0.075,1.6231952952773863e-06,116,115.0,0,0.0,,,HPA+RL,ddos,118,3.0
175.0,0.7845050530619013,0.7817155500496967,85.75833333333334,67.0,0.075,0.5786914988228121,98,15.0,0,0.0,,,HPA+RL,ddos,119,3.0
30.0,0.8747856296140277,0.5000131216609909,110.33333333333333,97.0,0.075,0.060018900825010255,757,15.0,9,0.0,10.0,,ARC,ddos,100,3.0
0.0,0.41562367656957644,0.4156236765695708,104.13333333333334,115.0,0.075,0.9699999999999999,840,0.0,10,0.0,10.0,,ARC,ddos,101,3.0
0.0,0.3602882800171403,0.3602882800171405,108.76666666666667,96.0,0.075,0.9699999999999999,857,0.0,10,0.0,5.0,,ARC,ddos,102,3.0
0.0,0.4099113936791299,0.4099113936791341,103.32638888888889,72.0,0.075,0.9699999999999999,771,0.0,10,0.0,5.0,,ARC,ddos,103,3.0
0.0,0.5295789941842877,0.529578994184279,90.05694444444444,98.0,0.075,0.9699999999999999,571,0.0,9,0.0,5.0,,ARC,ddos,104,3.0
0.0,0.4053906471325086,0.4053906471325042,106.56111111111112,103.0,0.075,0.9699999999999999,792,0.0,10,0.0,5.0,,ARC,ddos,105,3.0
30.0,0.883266298056018,0.493300922665859,100.68888888888888,85.0,0.075,0.03374773071685053,770,0.0,10,0.0,5.0,,ARC,ddos,106,3.0
0.0,0.4211662202198818,0.4211662202198754,108.01388888888889,120.0,0.075,0.9699999999999999,902,0.0,10,0.0,5.0,,ARC,ddos,107,3.0
0.0,0.3595571754260396,0.35955717542603677,103.93194444444444,89.0,0.075,0.9699999999999999,806,0.0,10,0.0,5.0,,ARC,ddos,108,3.0
0.0,0.4008229307756572,0.40082293077565606,102.00972222222222,72.0,0.075,0.9699999999999999,794,0.0,9,0.0,5.0,,ARC,ddos,109,3.0
0.0,0.5387333506389536,0.5387333506389635,91.52361111111111,93.0,0.075,0.9699999999999999,548,0.0,10,0.0,10.0,,ARC,ddos,110,3.0
0.0,0.38709354708257315,0.38135702541166944,105.80694444444444,98.0,0.075,0.969684950330274,739,0.0,10,0.0,5.0,,ARC,ddos,111,3.0
50.0,1.2066351893960658,0.5028011425144994,97.62777777777778,90.0,0.075,0.05892608616192733,741,15.0,10,0.0,5.0,,ARC,ddos,112,3.0
0.0,0.4760906336210735,0.4760906336210649,110.94166666666666,120.0,0.075,0.9699999999999999,842,0.0,10,0.0,5.0,,ARC,ddos,113,3.0
0.0,0.3765967173094853,0.3765967173094732,116.01805555555555,97.0,0.075,0.9699999999999999,932,0.0,10,0.0,5.0,,ARC,ddos,114,3.0
0.0,0.39754199555551706,0.39754199555551173,101.37916666666666,71.0,0.075,0.9699999999999999,781,0.0,9,0.0,5.0,,ARC,ddos,115,3.0
0.0,0.508191409225478,0.5081914092254863,94.5875,104.0,0.075,0.9699999999999999,580,0.0,10,0.0,10.0,,ARC,ddos,116,3.0
0.0,0.3919431673325202,0.3919431673325246,109.15416666666667,104.0,0.075,0.9699999999999999,768,0.0,10,0.0,5.0,,ARC,ddos,117,3.0
10.0,0.5077136092178969,0.48275762354056884,107.11805555555556,90.0,0.075,0.8894527229576236,756,0.0,10,0.0,5.0,,ARC,ddos,118,3.0
0.0,0.4163109569732426,0.4163109569732374,104.33055555555555,119.0,0.075,0.9699999999999999,811,0.0,10,0.0,10.0,,ARC,ddos,119,3.0
880.0,15.741474326428806,0.0,109.85555555555555,120.0,3.0749999999999997,4.650465158526287e-05,127,875.0,0,0.0,,,HPA,ddos,100,5.0
875.0,12.563359079838609,0.0,110.75972222222222,120.0,3.0749999999999997,2.1189944773579177e-06,163,875.0,0,0.0,,,HPA,ddos,101,5.0
105.0,1.1925483686538563,0.0,107.72777777777777,120.0,0.075,6.807024734010912e-05,136,105.0,0,0.0,,,HPA,ddos,102,5.0
875.0,12.833490879784682,0.0,113.02083333333333,120.0,3.0749999999999997,3.390452487992343e-06,134,875.0,0,0.0,,,HPA,ddos,103,5.0
885.0,16.05300902216569,0.0,108.075,120.0,3.0749999999999997,0.0009687606342407603,143,885.0,0,0.0,,,HPA,ddos,104,5.0
885.0,12.638817344064856,0.0,113.45,120.0,3.0749999999999997,9.756828501545423e-05,125,885.0,0,0.0,,,HPA,ddos,105,5.0
900.0,14.420375739364012,0.0,107.64583333333333,120.0,3.0749999999999997,0.00012154907567516631,119,895.0,0,0.0,,,HPA,ddos,106,5.0
880.0,12.323251285889326,0.0,109.76666666666667,120.0,3.0749999999999997,1.7731186298297744e-06,165,880.0,0,0.0,,,HPA,ddos,107,5.0
870.0,10.829609976326704,0.0,111.64444444444445,120.0,3.0749999999999997,2.001013403664651e-06,152,895.0,0,0.0,,,HPA,ddos,108,5.0
885.0,12.63025800526253,0.0,115.45277777777778,120.0,3.0749999999999997,5.612916385466653e-06,133,885.0,0,0.0,,,HPA,ddos,109,5.0
850.0,15.739755200689498,0.0,107.16666666666667,120.0,3.0749999999999997,0.0004278549160600674,140,850.0,0,0.0,,,HPA,ddos,110,5.0
890.0,11.440463638715192,0.0,115.66944444444445,120.0,3.0749999999999997,1.8892184965148792e-06,133,890.0,0,0.0,,,HPA,ddos,111,5.0
900.0,15.811711299901066,0.0,109.43055555555556,120.0,3.0749999999999997,1.2648990482788925e-06,121,895.0,0,0.0,,,HPA,ddos,112,5.0
885.0,14.98528484260422,0.0,113.00555555555556,120.0,3.0749999999999997,3.5949254030586346e-06,151,885.0,0,0.0,,,HPA,ddos,113,5.0
530.0,7.344963329636622,0.0,108.48333333333333,120.0,3.0749999999999997,5.842324903142944e-05,143,530.0,0,0.0,,,HPA,ddos,114,5.0
880.0,12.369779052566587,0.0,113.41666666666667,120.0,3.0749999999999997,0.0004175959884738777,144,880.0,0,0.0,,,HPA,ddos,115,5.0
890.0,16.143075868140677,0.0,107.39722222222223,120.0,6.075,0.0010941858990295018,136,890.0,0,0.0,,,HPA,ddos,116,5.0
885.0,11.490019966833987,0.0,112.44444444444444,120.0,3.0749999999999997,2.1236609241666997e-06,128,885.0,0,0.0,,,HPA,ddos,117,5.0
895.0,14.204469434031886,0.0,109.84583333333333,120.0,3.0749999999999997,1.1765951999851105e-06,144,890.0,0,0.0,,,HPA,ddos,118,5.0
865.0,12.75315482119832,0.0,111.34305555555555,120.0,3.0749999999999997,8.599829103558521e-05,169,870.0,0,0.0,,,HPA,ddos,119,5.0
90.0,0.7935858087056546,0.0,96.90833333333333,120.0,0.07500000000000005,0.00047500087217022824,246,90.0,0,0.0,,,HPA-fast,ddos,100,5.0
415.0,6.628356963624205,0.0,97.425,120.0,3.0749999999999997,0.00046171033517574604,285,415.0,0,0.0,,,HPA-fast,ddos,101,5.0
120.0,1.168191598798729,0.0,99.34166666666667,120.0,0.075,0.0005081388420125211,314,120.0,0,0.0,,,HPA-fast,ddos,102,5.0
875.0,12.722098275163118,0.0,103.70138888888889,120.0,3.0749999999999997,0.0004454701411165552,240,875.0,0,0.0,,,HPA-fast,ddos,103,5.0
25.0,0.11287734780853764,0.0,86.48472222222222,101.0,0.07500000000000008,0.2447101587158861,157,25.0,0,0.0,,,HPA-fast,ddos,104,5.0
115.0,1.2241578715416646,0.0,99.30416666666666,120.0,0.075,0.00037784477613069195,252,115.0,0,0.0,,,HPA-fast,ddos,105,5.0
90.0,1.3052652474077164,0.0,97.74166666666666,120.0,0.075,6.096077167675405e-06,255,90.0,0,0.0,,,HPA-fast,ddos,106,5.0
435.0,7.063228958160295,0.0,96.97361111111111,120.0,3.0749999999999997,2.0198430509092543e-05,284,435.0,0,0.0,,,HPA-fast,ddos,107,5.0
415.0,5.546608534818088,0.0,101.66111111111111,120.0,3.0749999999999997,0.0007730815194750221,265,415.0,0,0.0,,,HPA-fast,ddos,108,5.0
445.0,5.945983509736541,0.0,100.12916666666666,120.0,3.0749999999999997,4.900356890569097e-06,274,445.0,0,0.0,,,HPA-fast,ddos,109,5.0
0.0,0.0,0.0,86.09305555555555,100.0,0.075,1.0,151,0.0,0,0.0,,,HPA-fast,ddos,110,5.0
405.0,5.154965648084742,0.0,100.57083333333334,120.0,3.065,0.0003690700335577031,247,405.0,0,0.0,,,HPA-fast,ddos,111,5.0
435.0,6.9462873008280805,0.0,99.09305555555555,120.0,3.0749999999999997,0.0003870647709400818,257,435.0,0,0.0,,,HPA-fast,ddos,112,5.0
110.0,1.9444112998377894,0.0,94.80416666666666,120.0,0.075,0.00039110578869734267,238,110.0,0,0.0,,,HPA-fast,ddos,113,5.0
440.0,6.378089742661253,0.0,102.09722222222223,120.0,3.0749999999999997,5.469348174465404e-06,295,440.0,0,0.0,,,HPA-fast,ddos,114,5.0
425.0,5.66501654710626,0.0,99.54166666666667,120.0,3.0749999999999997,0.0009418800005162398,260,425.0,0,0.0,,,HPA-fast,ddos,115,5.0
70.0,0.940329612344526,0.0,90.0875,120.0,0.075,0.00047241191037006704,197,70.0,0,0.0,,,HPA-fast,ddos,116,5.0
510.0,7.254131019269372,0.0,102.24722222222222,120.0,3.0749999999999997,3.406161442916634e-05,277,510.0,0,0.0,,,HPA-fast,ddos,117,5.0
460.0,7.180863649211622,0.0,99.56944444444444,120.0,3.0749999999999997,7.829818739394365e-06,280,460.0,0,0.0,,,HPA-fast,ddos,118,5.0
460.0,7.008783274642482,0.0,97.08194444444445,120.0,3.0749999999999997,0.0010439944967606135,280,460.0,0,0.0,,,HPA-fast,ddos,119,5.0
870.0,15.613224667185143,0.0,122.16388888888889,120.0,3.0749999999999997,0.00023917116518067848,124,870.0,0,0.0,,,HPA-45,ddos,100,5.0
70.0,1.2516307831139106,0.0,123.68333333333334,120.0,0.075,0.021008355338127095,133,70.0,0,0.0,,,HPA-45,ddos,101,5.0
10.0,0.010202744806442343,0.0,128.3347222222222,120.0,0.075,0.924439219506389,121,10.0,0,0.0,,,HPA-45,ddos,102,5.0
870.0,12.92579951258831,0.0,126.84166666666667,120.0,3.0749999999999997,1.7117272773135214e-05,128,870.0,0,0.0,,,HPA-45,ddos,103,5.0
0.0,0.0,0.0,119.60555555555555,120.0,0.075,1.0,100,0.0,0,0.0,,,HPA-45,ddos,104,5.0
0.0,0.0017359350503620696,0.0,125.94444444444444,120.0,0.075,0.9741567791541074,100,0.0,0,0.0,,,HPA-45,ddos,105,5.0
885.0,15.310927870311652,0.0,121.06805555555556,120.0,3.0749999999999997,2.6287133102868843e-05,115,885.0,0,0.0,,,HPA-45,ddos,106,5.0
855.0,11.927149208334386,0.0,125.4125,120.0,3.0749999999999997,0.0028340742704900754,155,860.0,0,0.0,,,HPA-45,ddos,107,5.0
0.0,0.003903661360005195,0.0,126.95,120.0,0.075,0.9815789888388949,116,0.0,0,0.0,,,HPA-45,ddos,108,5.0
890.0,12.683294368020182,0.0,128.0847222222222,120.0,6.0649999999999995,0.0006077660771965879,132,890.0,0,0.0,,,HPA-45,ddos,109,5.0
0.0,0.0,0.0,120.46388888888889,120.0,0.075,1.0,99,0.0,0,0.0,,,HPA-45,ddos,110,5.0
880.0,10.827347317316228,0.0,125.8013888888889,120.0,3.075,0.002555377776570702,113,880.0,0,0.0,,,HPA-45,ddos,111,5.0
100.0,1.2250480656232132,0.0,120.18888888888888,120.0,0.075,0.002411477073461634,116,100.0,0,0.0,,,HPA-45,ddos,112,5.0
880.0,14.873343496084711,0.0,128.39027777777778,120.0,3.0749999999999997,3.602262002504687e-06,142,880.0,0,0.0,,,HPA-45,ddos,113,5.0
30.0,0.41484516297289886,0.0,127.79166666666667,120.0,0.07500000000000007,0.03400896230998986,135,30.0,0,0.0,,,HPA-45,ddos,114,5.0
870.0,12.370605630698584,0.0,127.42361111111111,120.0,3.0749999999999997,1.084789545971197e-05,129,870.0,0,0.0,,,HPA-45,ddos,115,5.0
0.0,0.0046527285881947655,0.0,120.625,120.0,0.075,0.9682767628870935,116,0.0,0,0.0,,,HPA-45,ddos,116,5.0
870.0,12.053713561976053,0.0,126.55,120.0,3.0749999999999997,0.00028047422851071324,127,870.0,0,0.0,,,HPA-45,ddos,117,5.0
890.0,15.345460271123756,0.0,122.2388888888889,120.0,3.0749999999999997,7.219962712568461e-06,129,890.0,0,0.0,,,HPA-45,ddos,118,5.0
0.0,0.0,0.0,124.97638888888889,120.0,0.075,1.0,129,0.0,0,0.0,,,HPA-45,ddos,119,5.0
0.0,0.0,0.0,147.23611111111111,120.0,0.075,1.0,154,0.0,0,0.0,,,PredHPA,ddos,100,5.0
435.0,6.557933521193593,0.0,146.32083333333333,120.0,3.0749999999999997,0.0027220775970924925,193,435.0,0,0.0,,,PredHPA,ddos,101,5.0
0.0,0.0,0.0,150.79305555555555,120.0,0.075,1.0,139,0.0,0,0.0,,,PredHPA,ddos,102,5.0
0.0,0.0,0.0,139.375,120.0,0.075,1.0,122,0.0,0,0.0,,,PredHPA,ddos,103,5.0
0.0,0.0,0.0,126.83888888888889,120.0,0.075,1.0,122,0.0,0,0.0,,,PredHPA,ddos,104,5.0
0.0,0.0,0.0,147.30833333333334,120.0,0.075,1.0,115,0.0,0,0.0,,,PredHPA,ddos,105,5.0
0.0,0.003622780990564234,0.0,147.6,120.0,0.075,0.9699304125248314,142,0.0,0,0.0,,,PredHPA,ddos,106,5.0
5.0,0.04849479592081707,0.0,141.9,120.0,0.075,0.6725197667303168,143,5.0,0,0.0,,,PredHPA,ddos,107,5.0
0.0,0.0,0.0,148.89166666666668,120.0,0.075,1.0,152,0.0,0,0.0,,,PredHPA,ddos,108,5.0
0.0,0.0,0.0,139.1027777777778,120.0,0.075,1.0,128,0.0,0,0.0,,,PredHPA,ddos,109,5.0
0.0,0.0,0.0,127.66111111111111,120.0,0.075,1.0,140,0.0,0,0.0,,,PredHPA,ddos,110,5.0
0.0,0.0,0.0,146.73472222222222,120.0,0.075,1.0,96,0.0,0,0.0,,,PredHPA,ddos,111,5.0
0.0,0.0,0.0,147.92361111111111,120.0,0.075,1.0,143,0.0,0,0.0,,,PredHPA,ddos,112,5.0
20.0,0.11012683358009312,0.0,146.92916666666667,120.0,0.075,0.5265025453179261,147,20.0,0,0.0,,,PredHPA,ddos,113,5.0
0.0,0.0,0.0,150.375,120.0,0.075,1.0,139,0.0,0,0.0,,,PredHPA,ddos,114,5.0
0.0,0.0,0.0,139.00833333333333,120.0,0.075,1.0,132,0.0,0,0.0,,,PredHPA,ddos,115,5.0
0.0,0.0,0.0,127.9375,120.0,0.075,1.0,143,0.0,0,0.0,,,PredHPA,ddos,116,5.0
0.0,0.0,0.0,147.87916666666666,120.0,0.075,1.0,114,0.0,0,0.0,,,PredHPA,ddos,117,5.0
0.0,0.0,0.0,147.01111111111112,120.0,0.075,1.0,153,0.0,0,0.0,,,PredHPA,ddos,118,5.0
0.0,0.0,0.0,145.4763888888889,120.0,0.075,1.0,180,0.0,0,0.0,,,PredHPA,ddos,119,5.0
870.0,6.135015751962792,5.012631389666471,97.22083333333333,120.0,0.07500000000000011,0.00015674711970951443,117,865.0,0,0.0,,,HPA+RL,ddos,100,5.0
790.0,4.833615632003541,3.4032565914027777,100.59305555555555,120.0,0.075,0.00010629280459515299,137,440.0,0,0.0,,,HPA+RL,ddos,101,5.0
790.0,4.193990282508331,3.3360355330139737,102.15277777777777,120.0,0.075,0.00012838937606399342,125,125.0,0,0.0,,,HPA+RL,ddos,102,5.0
870.0,5.627713754502183,4.10849317199311,100.67361111111111,120.0,0.075,0.00011428147165106628,123,870.0,0,0.0,,,HPA+RL,ddos,103,5.0
825.0,6.106010057711653,6.099923665308401,81.54166666666667,68.0,0.075,0.5296582634970471,75,25.0,0,0.0,,,HPA+RL,ddos,104,5.0
865.0,4.789385276989899,3.842141684409627,101.3,120.0,0.075,0.0003577362686538985,107,865.0,0,0.0,,,HPA+RL,ddos,105,5.0
890.0,6.14082947210679,4.688303706714454,95.19027777777778,120.0,0.075,0.0003148452026182011,95,885.0,0,0.0,,,HPA+RL,ddos,106,5.0
770.0,4.779392742397526,3.406792099912681,99.38888888888889,120.0,0.075,0.00010410736447212158,123,455.0,0,0.0,,,HPA+RL,ddos,107,5.0
785.0,4.460166827825363,3.3642656993708897,101.20694444444445,120.0,0.075,2.1634819369379027e-05,122,455.0,0,0.0,,,HPA+RL,ddos,108,5.0
875.0,4.958079051144216,3.893371468871344,102.5111111111111,120.0,0.07500000000000005,7.74295718433635e-05,118,875.0,0,0.0,,,HPA+RL,ddos,109,5.0
820.0,6.34716153947873,6.34716153947872,81.625,71.0,0.075,0.5116115986906459,78,830.0,0,0.0,,,HPA+RL,ddos,110,5.0
885.0,4.439540615379944,3.391424756507889,102.68888888888888,120.0,0.075,9.771211753357984e-05,114,890.0,0,0.0,,,HPA+RL,ddos,111,5.0
880.0,6.050754377900502,4.935999447351154,96.95555555555555,120.0,0.07500000000000005,1.1655690131298864e-06,109,880.0,0,0.0,,,HPA+RL,ddos,112,5.0
885.0,5.460681015232771,3.9491343033958275,100.38333333333334,120.0,0.075,1.7940949683036652e-05,129,880.0,0,0.0,,,HPA+RL,ddos,113,5.0
790.0,4.465779762690003,3.455271843433242,99.95972222222223,120.0,0.07500000000000005,0.00017828890147682553,120,555.0,0,0.0,,,HPA+RL,ddos,114,5.0
870.0,4.310007626833978,3.899743972618087,91.97083333333333,88.0,0.075,0.02313267390540442,89,870.0,0,0.0,,,HPA+RL,ddos,115,5.0
825.0,5.904392833980743,5.904392833980741,81.06805555555556,66.0,0.075,0.517475931214773,71,70.0,0,0.0,,,HPA+RL,ddos,116,5.0
880.0,4.865528776129658,3.6812333861315256,100.34305555555555,120.0,0.075,0.00010790190929379066,93,880.0,0,0.0,,,HPA+RL,ddos,117,5.0
875.0,5.737824488858257,4.5162828366504,98.04305555555555,120.0,0.07500000000000007,1.04445536418599e-06,113,875.0,0,0.0,,,HPA+RL,ddos,118,5.0
790.0,4.445434957257566,3.4513041668319087,100.92916666666666,120.0,0.075,0.00024404210778427066,136,505.0,0,0.0,,,HPA+RL,ddos,119,5.0
15.0,0.7359871668831008,0.5015593731049053,110.14722222222223,98.0,0.075,0.06927137619149112,772,5.0,9,0.0,5.0,,ARC,ddos,100,5.0
0.0,0.41788130429019077,0.41788130429018683,106.35833333333333,120.0,0.075,0.9699999999999999,882,0.0,10,0.0,5.0,,ARC,ddos,101,5.0
0.0,0.3602882800171403,0.3602882800171405,111.09861111111111,93.0,0.075,0.9699999999999999,871,0.0,10,0.0,5.0,,ARC,ddos,102,5.0
0.0,0.4099113936791299,0.4099113936791341,105.49722222222222,72.0,0.075,0.9699999999999999,785,0.0,9,0.0,5.0,,ARC,ddos,103,5.0
0.0,0.5324541827964047,0.5324541827964034,92.32916666666667,103.0,0.075,0.9699999999999999,576,0.0,9,0.0,5.0,,ARC,ddos,104,5.0
0.0,0.4053906471325086,0.4053906471325042,107.81944444444444,104.0,0.075,0.9699999999999999,793,0.0,10,0.0,5.0,,ARC,ddos,105,5.0
30.0,0.944949242330817,0.4902883876278236,101.6375,87.0,0.075,0.05910572525934283,778,0.0,10,0.0,5.0,,ARC,ddos,106,5.0
0.0,0.4211662202198818,0.4211662202198754,109.64027777777778,120.0,0.075,0.9699999999999999,900,0.0,10,0.0,5.0,,ARC,ddos,107,5.0
0.0,0.3595571754260396,0.35955717542603677,104.94722222222222,89.0,0.075,0.9699999999999999,813,0.0,10,0.0,5.0,,ARC,ddos,108,5.0
0.0,0.4008229307756572,0.40082293077565606,104.36944444444444,77.0,0.075,0.9699999999999999,783,0.0,9,0.0,5.0,,ARC,ddos,109,5.0
0.0,0.53900374201864,0.539003742018642,94.82083333333334,103.0,0.075,0.9699999999999999,584,0.0,10,0.0,5.0,,ARC,ddos,110,5.0
0.0,0.38709354708257315,0.38135702541166944,107.29166666666667,98.0,0.075,0.969684950330274,737,0.0,10,0.0,5.0,,ARC,ddos,111,5.0
50.0,1.1731998215318673,0.5028011425144994,99.52916666666667,91.0,0.075,0.0758492364743078,744,15.0,10,0.0,5.0,,ARC,ddos,112,5.0
0.0,0.4760906336210735,0.4760906336210649,112.91944444444445,120.0,0.075,0.9699999999999999,860,0.0,10,0.0,5.0,,ARC,ddos,113,5.0
0.0,0.37903894510588065,0.3790389451058716,117.50138888888888,100.0,0.075,0.9699999999999999,937,0.0,9,0.0,5.0,,ARC,ddos,114,5.0
0.0,0.39754199555551706,0.39754199555551173,103.22361111111111,72.0,0.075,0.9699999999999999,746,0.0,9,0.0,5.0,,ARC,ddos,115,5.0
0.0,0.5142860566330953,0.514286056633103,96.9,103.0,0.075,0.9699999999999999,593,0.0,10,0.0,5.0,,ARC,ddos,116,5.0
0.0,0.3919431673325202,0.3919431673325246,110.70833333333333,103.0,0.075,0.9699999999999999,758,0.0,10,0.0,5.0,,ARC,ddos,117,5.0
15.0,0.6008644309837052,0.4859997211391593,109.58333333333333,94.0,0.075,0.37988000853646736,776,0.0,10,0.0,5.0,,ARC,ddos,118,5.0
0.0,0.4177615145575131,0.4177615145575331,105.27916666666667,120.0,0.075,0.9699999999999999,846,0.0,10,0.0,5.0,,ARC,ddos,119,5.0
900.0,16.327411320584385,0.0,110.32083333333334,120.0,6.074999999999999,1.3853402653776157e-06,123,895.0,0,0.0,,,HPA,ddos,100,8.0
890.0,13.556718460781426,0.0,114.01527777777778,120.0,5.654122758023555,1.3108072672280706e-06,152,890.0,0,0.0,,,HPA,ddos,101,8.0
865.0,11.656605732570146,0.0,114.66111111111111,120.0,6.074999999999999,4.870150964536508e-06,139,890.0,0,0.0,,,HPA,ddos,102,8.0
890.0,13.279411514731198,0.0,113.6986111111111,120.0,6.075,1.395045884590276e-06,136,890.0,0,0.0,,,HPA,ddos,103,8.0
890.0,17.21658365503842,0.0,108.83333333333333,120.0,6.074999999999999,5.536133475435017e-06,126,890.0,0,0.0,,,HPA,ddos,104,8.0
890.0,13.09501436081626,0.0,113.6625,120.0,6.074999999999999,8.123893633355997e-06,120,890.0,0,0.0,,,HPA,ddos,105,8.0
930.0,16.370240862979347,0.0,108.33055555555555,120.0,6.074999999999999,2.428644605270558e-06,106,925.0,0,0.0,,,HPA,ddos,106,8.0
895.0,13.671261237164579,0.0,112.28611111111111,120.0,5.747561135438009,1.3279663876053672e-06,143,895.0,0,0.0,,,HPA,ddos,107,8.0
875.0,11.860257374265803,0.0,114.04027777777777,120.0,6.074999999999999,1.1073652145095096e-06,138,900.0,0,0.0,,,HPA,ddos,108,8.0
900.0,12.9772305395075,0.0,115.97777777777777,120.0,6.074999999999999,3.2480059936768963e-06,135,900.0,0,0.0,,,HPA,ddos,109,8.0
890.0,17.659163954281176,0.0,107.77083333333333,120.0,6.075,9.118730849494042e-06,126,890.0,0,0.0,,,HPA,ddos,110,8.0
895.0,12.394237324112789,0.0,116.12361111111112,120.0,6.074999999999999,1.174343361072746e-06,126,895.0,0,0.0,,,HPA,ddos,111,8.0
900.0,16.32696369391654,0.0,109.68472222222222,120.0,6.074999999999999,9.858032036172924e-07,122,895.0,0,0.0,,,HPA,ddos,112,8.0
890.0,15.434099775605226,0.0,113.51666666666667,120.0,5.966436673895207,9.85533588244141e-07,145,890.0,0,0.0,,,HPA,ddos,113,8.0
880.0,12.250211816763068,0.0,113.53472222222223,120.0,6.074999999999999,4.980729395787193e-06,130,905.0,0,0.0,,,HPA,ddos,114,8.0
895.0,12.792001843763467,0.0,113.74166666666666,120.0,6.074999999999999,1.6878840708330433e-05,136,895.0,0,0.0,,,HPA,ddos,115,8.0
905.0,16.73166287367238,0.0,108.58055555555555,120.0,6.0649999999999995,0.00014566230659122885,123,905.0,0,0.0,,,HPA,ddos,116,8.0
895.0,12.843263118208792,0.0,113.96805555555555,120.0,6.074999999999999,1.4242375325394762e-06,106,895.0,0,0.0,,,HPA,ddos,117,8.0
920.0,16.08623334767414,0.0,110.96666666666667,120.0,6.074999999999999,9.118104709683634e-07,130,915.0,0,0.0,,,HPA,ddos,118,8.0
880.0,13.493219724402861,0.0,113.84305555555555,120.0,5.884516956791098,1.802975973742193e-06,158,885.0,0,0.0,,,HPA,ddos,119,8.0
880.0,16.023067797962387,0.0,103.07916666666667,120.0,3.0749999999999997,4.071222473154861e-06,262,880.0,0,0.0,,,HPA-fast,ddos,100,8.0
875.0,13.427011680209445,0.0,103.07083333333334,120.0,5.573640895832777,3.8487306766449434e-05,298,880.0,0,0.0,,,HPA-fast,ddos,101,8.0
860.0,11.386309137682204,0.0,105.94027777777778,120.0,3.0749999999999997,7.961546009884172e-06,328,885.0,0,0.0,,,HPA-fast,ddos,102,8.0
890.0,13.27896809840733,0.0,103.9888888888889,120.0,6.074999999999999,0.0001309772795775787,217,890.0,0,0.0,,,HPA-fast,ddos,103,8.0
895.0,17.290266746242366,0.0,94.21388888888889,120.0,6.074999999999999,0.0004490322913198691,211,895.0,0,0.0,,,HPA-fast,ddos,104,8.0
890.0,13.03401485609037,0.0,105.04722222222222,120.0,6.074999999999999,0.00011331043051186974,252,890.0,0,0.0,,,HPA-fast,ddos,105,8.0
900.0,15.733035064929823,0.0,103.39583333333333,120.0,3.075,3.573661889896649e-06,260,900.0,0,0.0,,,HPA-fast,ddos,106,8.0
880.0,13.451242347284175,0.0,101.45833333333333,120.0,3.075,3.9287646443232985e-06,278,885.0,0,0.0,,,HPA-fast,ddos,107,8.0
870.0,11.752934824495998,0.0,105.71388888888889,120.0,6.074999999999999,7.2947700805438145e-06,284,895.0,0,0.0,,,HPA-fast,ddos,108,8.0
900.0,13.011178442288628,0.0,104.14027777777778,120.0,6.075,1.210183801575562e-06,269,900.0,0,0.0,,,HPA-fast,ddos,109,8.0
885.0,17.531614177894838,0.0,93.99444444444444,120.0,6.074999999999999,0.000382904327046022,208,885.0,0,0.0,,,HPA-fast,ddos,110,8.0
895.0,12.240428952674032,0.0,105.50833333333334,120.0,3.0749999999999997,3.954656756105259e-06,251,895.0,0,0.0,,,HPA-fast,ddos,111,8.0
895.0,16.111249874007584,0.0,103.10277777777777,120.0,3.0749999999999997,0.0001268897315842149,269,895.0,0,0.0,,,HPA-fast,ddos,112,8.0
890.0,15.39979289682104,0.0,102.26944444444445,120.0,5.955926514683156,5.4168319789725666e-05,268,890.0,0,0.0,,,HPA-fast,ddos,113,8.0
870.0,12.151107156151497,0.0,105.36111111111111,120.0,6.074999999999999,3.3357211328439935e-06,278,895.0,0,0.0,,,HPA-fast,ddos,114,8.0
890.0,12.653091012489837,0.0,103.75833333333334,120.0,3.075,2.240483841886307e-06,261,890.0,0,0.0,,,HPA-fast,ddos,115,8.0
920.0,16.861146431355635,0.0,95.07638888888889,120.0,6.075,1.0040241104429765e-05,224,910.0,0,0.0,,,HPA-fast,ddos,116,8.0
895.0,12.75361688044001,0.0,105.26527777777778,120.0,3.0749999999999997,1.1175211320730922e-05,260,895.0,0,0.0,,,HPA-fast,ddos,117,8.0
900.0,15.620979301958416,0.0,103.04444444444445,120.0,3.0749999999999997,3.5132169531263105e-06,286,900.0,0,0.0,,,HPA-fast,ddos,118,8.0
875.0,13.407100028034325,0.0,102.36111111111111,120.0,5.780962436538839,3.7893871475036426e-05,301,880.0,0,0.0,,,HPA-fast,ddos,119,8.0
885.0,16.203316219464014,0.0,122.49305555555556,120.0,6.074999999999999,3.701218932126046e-06,122,885.0,0,0.0,,,HPA-45,ddos,100,8.0
885.0,13.489623062760604,0.0,126.67916666666666,120.0,6.075,8.315189355929247e-05,133,890.0,0,0.0,,,HPA-45,ddos,101,8.0
860.0,11.526635916306304,0.0,129.65972222222223,120.0,6.075,3.9495432503196525e-06,127,885.0,0,0.0,,,HPA-45,ddos,102,8.0
885.0,13.22102376259826,0.0,126.72638888888889,120.0,6.074999999999999,5.462240556810814e-06,127,885.0,0,0.0,,,HPA-45,ddos,103,8.0
65.0,0.21266310697253266,0.0,121.28888888888889,120.0,0.075,0.0340088345517082,112,65.0,0,0.0,,,HPA-45,ddos,104,8.0
890.0,13.007364899116025,0.0,128.32083333333333,120.0,6.074999999999999,0.0004884734546955757,118,890.0,0,0.0,,,HPA-45,ddos,105,8.0
895.0,15.735735443038411,0.0,121.60138888888889,120.0,3.0749999999999997,5.500689895554132e-06,112,895.0,0,0.0,,,HPA-45,ddos,106,8.0
880.0,13.549370161408536,0.0,125.96527777777777,120.0,6.0649999999999995,0.0003623307594531843,125,885.0,0,0.0,,,HPA-45,ddos,107,8.0
870.0,11.690302410409393,0.0,128.60416666666666,120.0,6.0649999999999995,7.182305455045991e-05,131,895.0,0,0.0,,,HPA-45,ddos,108,8.0
895.0,12.941702727880955,0.0,128.59583333333333,120.0,6.075,0.00020953308290840201,135,895.0,0,0.0,,,HPA-45,ddos,109,8.0
885.0,17.564909438709485,0.0,121.16805555555555,120.0,6.0649999999999995,0.0005606420642208249,119,885.0,0,0.0,,,HPA-45,ddos,110,8.0
890.0,12.21080382547769,0.0,125.75277777777778,120.0,6.065,0.0005167042985372325,101,890.0,0,0.0,,,HPA-45,ddos,111,8.0
895.0,16.247025022639818,0.0,121.02777777777777,120.0,6.074999999999999,0.0001270654187127243,120,895.0,0,0.0,,,HPA-45,ddos,112,8.0
890.0,15.38099084531106,0.0,128.31527777777777,120.0,6.031078960816149,1.4463606485729939e-06,141,890.0,0,0.0,,,HPA-45,ddos,113,8.0
875.0,12.232135919947062,0.0,128.55972222222223,120.0,6.065,0.0003354746053045911,132,900.0,0,0.0,,,HPA-45,ddos,114,8.0
885.0,12.717468752473572,0.0,127.19583333333334,120.0,6.074999999999999,4.112475818354791e-06,126,885.0,0,0.0,,,HPA-45,ddos,115,8.0
880.0,16.3542089874961,0.0,120.98333333333333,120.0,6.0649999999999995,4.4714114954597896e-05,126,880.0,0,0.0,,,HPA-45,ddos,116,8.0
890.0,12.711037069955488,0.0,127.475,120.0,6.074999999999999,5.947704433470481e-06,111,890.0,0,0.0,,,HPA-45,ddos,117,8.0
895.0,15.724782968798646,0.0,122.46388888888889,120.0,3.0749999999999997,4.262460297853624e-06,118,895.0,0,0.0,,,HPA-45,ddos,118,8.0
875.0,13.460499728549225,0.0,126.5875,120.0,6.0649999999999995,0.0004668975659724326,133,880.0,0,0.0,,,HPA-45,ddos,119,8.0
875.0,16.090876485564188,0.0,149.30694444444444,120.0,6.074999999999999,0.0002749072041334202,186,875.0,0,0.0,,,PredHPA,ddos,100,8.0
470.0,7.614958893659973,0.0,149.375,120.0,6.052999999999999,5.627311245731975e-05,202,470.0,0,0.0,,,PredHPA,ddos,101,8.0
0.0,0.0,0.0,152.6263888888889,120.0,0.075,1.0,146,0.0,0,0.0,,,PredHPA,ddos,102,8.0
55.0,0.6603101720835669,0.0,142.25555555555556,120.0,0.075,0.01100961385170704,136,55.0,0,0.0,,,PredHPA,ddos,103,8.0
35.0,0.09078702717142395,0.0,130.2097222222222,120.0,0.075,0.32948162332524367,134,35.0,0,0.0,,,PredHPA,ddos,104,8.0
20.0,0.013438567660661871,0.0,151.52083333333334,120.0,0.075,0.9103420743492431,130,20.0,0,0.0,,,PredHPA,ddos,105,8.0
885.0,15.658743312958268,0.0,150.1125,120.0,6.0649999999999995,0.00044303170969213636,170,885.0,0,0.0,,,PredHPA,ddos,106,8.0
875.0,13.44751587936065,0.0,145.8513888888889,120.0,5.678628944360336,3.0026205453362534e-05,186,880.0,0,0.0,,,PredHPA,ddos,107,8.0
0.0,0.0,0.0,150.88611111111112,120.0,0.075,1.0,164,0.0,0,0.0,,,PredHPA,ddos,108,8.0
885.0,12.670809486847334,0.0,143.17222222222222,120.0,6.074999999999999,0.0004621395780935657,149,885.0,0,0.0,,,PredHPA,ddos,109,8.0
0.0,0.0,0.0,131.0861111111111,120.0,0.075,1.0,131,0.0,0,0.0,,,PredHPA,ddos,110,8.0
880.0,12.034358005233637,0.0,149.43333333333334,120.0,6.074999999999999,5.8271505888157216e-05,138,880.0,0,0.0,,,PredHPA,ddos,111,8.0
885.0,16.054461931229724,0.0,150.1611111111111,120.0,6.074999999999999,2.3276428358415147e-05,175,885.0,0,0.0,,,PredHPA,ddos,112,8.0
885.0,15.239244891551929,0.0,150.275,120.0,6.055,0.0004888045920944661,186,885.0,0,0.0,,,PredHPA,ddos,113,8.0
40.0,0.4370125973524597,0.0,150.87916666666666,120.0,0.075,0.052192649099170124,155,40.0,0,0.0,,,PredHPA,ddos,114,8.0
875.0,12.559513917338606,0.0,143.7763888888889,120.0,6.065,0.0008652873983004579,157,875.0,0,0.0,,,PredHPA,ddos,115,8.0
865.0,15.974449138638281,0.0,131.28194444444443,120.0,6.052999999999999,0.002031508414849288,160,865.0,0,0.0,,,PredHPA,ddos,116,8.0
875.0,12.49426068833227,0.0,152.82916666666668,120.0,6.074999999999999,0.002153849170885041,158,875.0,0,0.0,,,PredHPA,ddos,117,8.0
890.0,15.658442842633658,0.0,148.99583333333334,120.0,6.065,0.00046290089339586437,181,890.0,0,0.0,,,PredHPA,ddos,118,8.0
865.0,13.335166310770797,0.0,150.32638888888889,120.0,6.055,0.0004932492731291778,199,870.0,0,0.0,,,PredHPA,ddos,119,8.0
895.0,9.056834432564397,8.147887635212694,97.22916666666667,120.0,0.07500000000000005,2.877260709831733e-06,123,890.0,0,0.0,,,HPA+RL,ddos,100,8.0
880.0,7.333101640601447,6.318150537977657,100.56805555555556,120.0,0.075,1.9390169931113576e-05,135,880.0,0,0.0,,,HPA+RL,ddos,101,8.0
860.0,6.46655195053868,5.768373110522717,101.08194444444445,120.0,0.075,4.7549428890905506e-05,115,885.0,0,0.0,,,HPA+RL,ddos,102,8.0
885.0,7.5036406307018915,6.8270010072363885,100.34444444444445,120.0,0.07500000000000011,2.4516254313637634e-05,116,885.0,0,0.0,,,HPA+RL,ddos,103,8.0
885.0,9.480730913712343,9.173189684669174,95.87916666666666,120.0,0.07500000000000007,0.000685051029331798,110,885.0,0,0.0,,,HPA+RL,ddos,104,8.0
885.0,7.2647630681296205,6.54283574911284,100.75555555555556,120.0,0.075,0.00025551844747692367,98,885.0,0,0.0,,,HPA+RL,ddos,105,8.0
905.0,8.507600324444653,7.802791294352091,87.32777777777778,91.0,0.075,0.010807690445547137,74,900.0,0,0.0,,,HPA+RL,ddos,106,8.0
885.0,7.4286443436408,6.334932835684045,98.87777777777778,120.0,0.075,1.4710534115299035e-05,122,885.0,0,0.0,,,HPA+RL,ddos,107,8.0
870.0,6.707136946651826,5.819352374923943,100.09861111111111,120.0,0.07500000000000011,2.145294632320349e-05,120,890.0,0,0.0,,,HPA+RL,ddos,108,8.0
895.0,7.571716362728331,6.558885760588302,102.64861111111111,120.0,0.07500000000000004,3.8199220620731344e-05,127,895.0,0,0.0,,,HPA+RL,ddos,109,8.0
880.0,9.412683562798074,9.407671668107943,82.3375,75.0,0.075,0.24088758911977204,75,880.0,0,0.0,,,HPA+RL,ddos,110,8.0
890.0,6.9594067994299795,6.052188838699882,103.23055555555555,120.0,0.07500000000000005,1.380508516953018e-05,109,890.0,0,0.0,,,HPA+RL,ddos,111,8.0
890.0,9.030952067612308,8.085780490622382,96.78888888888889,120.0,0.075,9.396568544938179e-07,118,885.0,0,0.0,,,HPA+RL,ddos,112,8.0
890.0,8.46808405040509,7.21569482954463,100.3013888888889,120.0,0.075,1.387556525971126e-06,130,885.0,0,0.0,,,HPA+RL,ddos,113,8.0
870.0,6.78396668632163,5.943783803525634,99.45555555555555,120.0,0.07500000000000005,7.70048598114844e-05,110,895.0,0,0.0,,,HPA+RL,ddos,114,8.0
885.0,7.397171096279309,6.531863477486076,100.70833333333333,120.0,0.0750000000000001,0.00023435493968110516,120,885.0,0,0.0,,,HPA+RL,ddos,115,8.0
885.0,8.852484258161475,8.852484258161482,82.21805555555555,72.0,0.075,0.391382934223812,65,885.0,0,0.0,,,HPA+RL,ddos,116,8.0
890.0,12.124121885949657,6.362109355432,105.84166666666667,120.0,3.0749999999999997,1.486469611009025e-05,112,890.0,0,0.0,,,HPA+RL,ddos,117,8.0
900.0,8.445060615849542,7.640253041562035,97.86805555555556,120.0,0.075,7.91936912037941e-07,112,895.0,0,0.0,,,HPA+RL,ddos,118,8.0
885.0,12.777050885552221,6.353492673205823,105.54305555555555,120.0,3.0749999999999997,8.341580649599595e-05,150,885.0,0,0.0,,,HPA+RL,ddos,119,8.0
15.0,0.7332604757609773,0.5015593731049053,115.11944444444444,107.0,0.075,0.06008224566101156,785,10.0,9,0.0,5.0,,ARC,ddos,100,8.0
0.0,0.41788130429019077,0.41788130429018683,107.92361111111111,116.0,0.075,0.9699999999999999,849,0.0,10,0.0,5.0,,ARC,ddos,101,8.0
0.0,0.3602882800171403,0.3602882800171405,113.16527777777777,97.0,0.075,0.9699999999999999,842,0.0,10,0.0,5.0,,ARC,ddos,102,8.0
0.0,0.4099113936791299,0.4099113936791341,107.75,90.0,0.075,0.9699999999999999,800,0.0,10,0.0,5.0,,ARC,ddos,103,8.0
0.0,0.5324541827964047,0.5324541827964034,95.15277777777777,113.0,0.075,0.9699999999999999,588,0.0,9,0.0,5.0,,ARC,ddos,104,8.0
0.0,0.4053906471325086,0.4053906471325042,111.58611111111111,103.0,0.075,0.9699999999999999,824,0.0,10,0.0,5.0,,ARC,ddos,105,8.0
35.0,0.8370349285036882,0.493300922665859,105.85555555555555,99.0,0.075,0.07968981207983786,820,5.0,10,0.0,5.0,,ARC,ddos,106,8.0
0.0,0.4211662202198818,0.4211662202198754,111.86111111111111,120.0,0.075,0.9699999999999999,939,0.0,10,0.0,5.0,,ARC,ddos,107,8.0
0.0,0.3595571754260396,0.35955717542603677,109.08055555555555,103.0,0.075,0.9699999999999999,834,0.0,10,0.0,5.0,,ARC,ddos,108,8.0
0.0,0.4008229307756572,0.40082293077565606,106.48333333333333,95.0,0.075,0.9699999999999999,801,0.0,9,0.0,5.0,,ARC,ddos,109,8.0
0.0,0.53900374201864,0.539003742018642,97.52222222222223,117.0,0.075,0.9699999999999999,608,0.0,10,0.0,5.0,,ARC,ddos,110,8.0
0.0,0.38709354708257315,0.38135702541166944,110.27777777777777,100.0,0.075,0.969684950330274,742,0.0,10,0.0,5.0,,ARC,ddos,111,8.0
50.0,1.2201585127888492,0.5028011425144994,102.94444444444444,100.0,0.075,0.05477765979570964,753,15.0,10,0.0,5.0,,ARC,ddos,112,8.0
0.0,0.4760906336210735,0.4760906336210649,116.31111111111112,120.0,0.075,0.9699999999999999,876,0.0,10,0.0,5.0,,ARC,ddos,113,8.0
0.0,0.37903894510588065,0.3790389451058716,120.55416666666666,112.0,0.075,0.9699999999999999,942,0.0,10,0.0,5.0,,ARC,ddos,114,8.0
0.0,0.39754199555551706,0.39754199555551173,107.12083333333334,101.0,0.075,0.9699999999999999,797,0.0,9,0.0,5.0,,ARC,ddos,115,8.0
0.0,0.5142860566330953,0.514286056633103,100.0125,120.0,0.075,0.9699999999999999,603,0.0,9,0.0,5.0,,ARC,ddos,116,8.0
0.0,0.3919431673325202,0.3919431673325246,114.72361111111111,106.0,0.075,0.9699999999999999,748,0.0,10,0.0,5.0,,ARC,ddos,117,8.0
10.0,0.5904835659829466,0.4859997211391593,113.12361111111112,105.0,0.075,0.37988000853646736,786,0.0,10,0.0,5.0,,ARC,ddos,118,8.0
0.0,0.4177615145575131,0.4177615145575331,107.35972222222222,120.0,0.075,0.9699999999999999,843,0.0,10,0.0,5.0,,ARC,ddos,119,8.0
